GEOID_TEXT,GEOID,NAME,borough,total_population,total_households,no_vehicle_households,no_vehicle_rate,total_workers_16_plus,public_transit_workers,public_transit_commute_rate,under_18_population,under_18_rate,age_65_plus_population,age_65_plus_rate,white_non_hispanic_population,white_non_hispanic_rate,black_non_hispanic_population,black_non_hispanic_rate,asian_non_hispanic_population,asian_non_hispanic_rate,hispanic_population,hispanic_rate,limited_english_households,limited_english_rate,TRACT_GEOID,tract_poverty_universe,tract_below_poverty_population,tract_poverty_rate,tract_disability_universe,tract_disabled_population,tract_disability_rate,tract_insurance_universe,tract_uninsured_population,tract_uninsured_rate,ALAND,land_area_sq_km,population_density_per_sq_km,ewm_accessibility_score
360050115021,360050115021,Block Group 1; Census Tract 115.02; Bronx County; New York,Bronx,1538,482,443,0.9190871369294604,506,359,0.7094861660079052,288,0.1872561768530559,159,0.1033810143042913,15,0.0097529258777633,308,0.200260078023407,0,0.0,1179,0.7665799739921977,222,0.4605809128630705,36005011502,3928,1509,0.3841649694501018,3935,866,0.2200762388818297,3935,54,0.0137229987293519,205156,0.205156,7496.734192516914,0.6307968399309728
360050117011,360050117011,Block Group 1; Census Tract 117.01; Bronx County; New York,Bronx,1262,474,450,0.9493670886075948,443,276,0.6230248306997742,369,0.2923930269413629,120,0.0950871632329635,0,0.0,207,0.1640253565768621,0,0.0,1022,0.8098256735340729,16,0.0337552742616033,36005011701,1262,199,0.1576862123613312,1262,295,0.233755942947702,1262,79,0.0625990491283676,86067,0.086067,14662.995108462012,0.5252465089580228
360050118001,360050118001,Block Group 1; Census Tract 118; Bronx County; New York,Bronx,2721,549,217,0.3952641165755919,942,123,0.1305732484076433,429,0.1576626240352811,235,0.0863653068724733,1516,0.5571481073134877,48,0.0176405733186328,115,0.0422638735758912,837,0.3076074972436604,0,0.0,36005011800,3823,460,0.120324352602668,5027,586,0.1165705191963397,5027,210,0.041774418142033,570057,0.570057,4773.206889837332,0.7208196935298825
360050119001,360050119001,Block Group 1; Census Tract 119; Bronx County; New York,Bronx,2198,699,699,1.0,958,591,0.6169102296450939,488,0.2220200181983621,422,0.191992720655141,182,0.0828025477707006,1040,0.4731574158325751,0,0.0,809,0.3680618744313012,146,0.2088698140200286,36005011900,5842,1343,0.2298870249914412,5826,1281,0.2198764160659114,5826,99,0.0169927909371781,56548,0.056548,38869.63287826272,0.7295669775493159
360050121011,360050121011,Block Group 1; Census Tract 121.01; Bronx County; New York,Bronx,1246,377,354,0.9389920424403184,384,333,0.8671875,359,0.2881219903691814,151,0.1211878009630818,9,0.0072231139646869,230,0.1845906902086677,0,0.0,998,0.8009630818619583,81,0.2148541114058355,36005012101,3293,1067,0.3240206498633465,3293,731,0.221986030974795,3293,180,0.0546614029760097,48195,0.048195,25853.304284676833,0.8343776037403405
360050121021,360050121021,Block Group 1; Census Tract 121.02; Bronx County; New York,Bronx,1429,572,558,0.9755244755244756,399,268,0.6716791979949874,320,0.2239328201539538,293,0.2050384884534639,17,0.0118964310706787,342,0.2393282015395381,0,0.0,1027,0.7186843946815955,81,0.1416083916083916,36005012102,1399,557,0.3981415296640457,1429,530,0.370888733379986,1429,80,0.0559832050384884,49643,0.049643,28785.528674737627,0.8392909289445314
360050123001,360050123001,Block Group 1; Census Tract 123; Bronx County; New York,Bronx,2111,857,857,1.0,840,557,0.6630952380952381,466,0.2207484604452866,181,0.0857413548081477,0,0.0,1452,0.6878256750355282,14,0.0066319279962103,645,0.3055423969682614,73,0.0851808634772462,36005012300,4712,1511,0.3206706281833616,4712,1358,0.2882003395585739,4712,249,0.0528438030560271,59777,0.059777,35314.58587751142,0.7787719203938848
360050125001,360050125001,Block Group 1; Census Tract 125; Bronx County; New York,Bronx,2746,997,839,0.8415245737211635,1067,406,0.380506091846298,1030,0.3750910415149308,128,0.0466132556445739,18,0.0065549890750182,574,0.2090313182811362,0,0.0,2116,0.7705753823743627,320,0.320962888665998,36005012500,3989,1188,0.2978190022562045,4001,571,0.1427143214196451,4001,190,0.047488127968008,100794,0.100794,27243.685139988494,0.8272535269312526
360050127011,360050127011,Block Group 1; Census Tract 127.01; Bronx County; New York,Bronx,1263,447,412,0.9217002237136466,380,253,0.6657894736842105,335,0.2652414885193982,166,0.1314330958036421,8,0.0063341250989707,364,0.288202692003167,0,0.0,871,0.6896278701504355,181,0.4049217002237136,36005012701,2102,706,0.3358705994291151,2129,579,0.2719586660403945,2129,151,0.0709253170502583,40890,0.04089,30887.747615553923,0.8387589641326052
360050129011,360050129011,Block Group 1; Census Tract 129.01; Bronx County; New York,Bronx,1985,582,582,1.0,497,133,0.2676056338028169,509,0.2564231738035264,192,0.0967254408060453,32,0.0161209068010075,591,0.2977329974811083,0,0.0,1321,0.6654911838790932,46,0.0790378006872852,36005012901,4754,2143,0.4507782919646613,4921,1654,0.3361105466368624,4921,253,0.0514123145702093,79585,0.079585,24941.88603380034,0.7288954277787006
360050130001,360050130001,Block Group 1; Census Tract 130; Bronx County; New York,Bronx,1388,472,249,0.527542372881356,666,99,0.1486486486486486,40,0.0288184438040345,278,0.2002881844380403,345,0.2485590778097982,0,0.0,16,0.0115273775216138,1027,0.7399135446685879,72,0.1525423728813559,36005013000,1388,325,0.2341498559077809,1388,265,0.1909221902017291,1388,62,0.0446685878962536,116144,0.116144,11950.681912109108,0.8060995445712159
360050131001,360050131001,Block Group 1; Census Tract 131; Bronx County; New York,Bronx,1438,877,877,1.0,427,304,0.711943793911007,328,0.2280945757997218,184,0.1279554937413073,15,0.0104311543810848,582,0.4047287899860918,0,0.0,768,0.5340751043115438,181,0.2063854047890536,36005013100,5277,2083,0.3947318552207693,5288,1725,0.3262102874432678,5288,188,0.0355521936459909,64958,0.064958,22137.381077003603,0.8330260476591157
360050132001,360050132001,Block Group 1; Census Tract 132; Bronx County; New York,Bronx,1210,399,269,0.6741854636591479,609,173,0.2840722495894909,445,0.3677685950413223,137,0.1132231404958677,19,0.0157024793388429,594,0.4909090909090909,99,0.0818181818181818,498,0.4115702479338843,43,0.1077694235588972,36005013200,7083,397,0.0560496964563038,7083,1809,0.2554002541296061,7083,276,0.0389665396018636,74394,0.074394,16264.75253380649,0.4936233337606343
360050133001,360050133001,Block Group 1; Census Tract 133; Bronx County; New York,Bronx,2625,1077,1077,1.0,726,394,0.5426997245179064,622,0.2369523809523809,343,0.1306666666666666,0,0.0,506,0.1927619047619047,0,0.0,1990,0.758095238095238,151,0.1402042711234911,36005013300,6087,2857,0.4693609331361918,6087,1733,0.2847051092492196,6087,101,0.0165927386232955,52079,0.052079,50404.193628909925,0.8242126070535474
360050135001,360050135001,Block Group 1; Census Tract 135; Bronx County; New York,Bronx,515,112,105,0.9375,60,13,0.2166666666666666,282,0.5475728155339806,0,0.0,0,0.0,0,0.0,0,0.0,515,1.0,83,0.7410714285714286,36005013500,4075,1977,0.4851533742331288,4075,925,0.2269938650306748,4075,91,0.0223312883435582,51627,0.051627,9975.400468746971,0.840990065163577
360050138001,360050138001,Block Group 1; Census Tract 138; Bronx County; New York,Bronx,1843,732,224,0.3060109289617486,756,96,0.1269841269841269,467,0.2533912099837221,392,0.2126966901790558,1223,0.6635919696147585,0,0.0,69,0.037438958220293,526,0.2854042322300597,8,0.0109289617486338,36005013800,3062,568,0.1854996734160679,3062,615,0.2008491182233834,3062,75,0.0244937949052906,609051,0.609051,3026.0191675245587,0.7883486275779059
360050141001,360050141001,Block Group 1; Census Tract 141; Bronx County; New York,Bronx,2887,1050,1038,0.9885714285714284,1064,789,0.7415413533834586,992,0.343609282992726,87,0.030135088326983,125,0.0432975406996882,1347,0.4665742985798407,0,0.0,1415,0.490128160720471,93,0.0885714285714285,36005014100,7856,2133,0.2715122199592668,7744,1466,0.1893078512396694,7744,475,0.0613378099173553,55933,0.055933,51615.325478697734,0.7953359507520014
360050143001,360050143001,Block Group 1; Census Tract 143; Bronx County; New York,Bronx,1647,743,743,1.0,485,181,0.3731958762886598,377,0.2289010321797207,197,0.1196114146933819,34,0.0206435944140862,516,0.3132969034608379,116,0.0704310868245294,917,0.5567698846387371,144,0.1938088829071332,36005014300,1617,800,0.494743351886209,1647,487,0.2956891317547055,1647,54,0.0327868852459016,129711,0.129711,12697.45819552698,0.80773459154173
360050144001,360050144001,Block Group 1; Census Tract 144; Bronx County; New York,Bronx,477,419,419,1.0,15,0,0.0,47,0.0985324947589098,430,0.90146750524109,40,0.0838574423480083,48,0.10062893081761,0,0.0,372,0.779874213836478,130,0.3102625298329355,36005014400,6091,1724,0.2830405516335577,6128,1451,0.2367819843342036,6128,648,0.1057441253263707,28497,0.028497,16738.60406358564,0.7428937669469999
360050145001,360050145001,Block Group 1; Census Tract 145; Bronx County; New York,Bronx,1825,846,846,1.0,492,184,0.3739837398373983,336,0.1841095890410959,500,0.273972602739726,29,0.0158904109589041,1137,0.623013698630137,0,0.0,644,0.3528767123287671,69,0.0815602836879432,36005014500,6678,3537,0.5296495956873315,6679,1278,0.1913460098817188,6679,681,0.1019613714627938,47267,0.047267,38610.44703492923,0.9399187972811328
360050147011,360050147011,Block Group 1; Census Tract 147.01; Bronx County; New York,Bronx,2778,988,988,1.0,903,590,0.6533776301218162,973,0.3502519798416126,152,0.0547156227501799,0,0.0,1451,0.5223182145428366,0,0.0,363,0.1306695464362851,39,0.0394736842105263,36005014701,6085,3678,0.6044371405094494,6094,1472,0.2415490646537578,6094,707,0.1160157531998687,41236,0.041236,67368.3189446115,0.8347737669864772
360050147021,360050147021,Block Group 1; Census Tract 147.02; Bronx County; New York,Bronx,1095,497,497,1.0,278,278,1.0,254,0.2319634703196347,327,0.2986301369863013,0,0.0,230,0.2100456621004566,0,0.0,839,0.7662100456621005,67,0.1348088531187122,36005014702,4950,1795,0.3626262626262626,4950,667,0.1347474747474747,4950,159,0.0321212121212121,19172,0.019172,57114.54204047569,0.789924209059265
360050149001,360050149001,Block Group 1; Census Tract 149; Bronx County; New York,Bronx,1838,561,561,1.0,331,315,0.9516616314199396,1005,0.5467899891186072,168,0.0914036996735582,24,0.0130576713819368,754,0.4102285092491839,0,0.0,1060,0.5767138193688792,103,0.1836007130124777,36005014900,4631,2036,0.4396458648240121,4631,802,0.1731807385014035,4631,386,0.0833513280069099,70408,0.070408,26104.98806953755,0.8717560302255424
360050151001,360050151001,Block Group 1; Census Tract 151; Bronx County; New York,Bronx,757,197,197,1.0,247,69,0.2793522267206478,247,0.3262879788639365,43,0.0568031704095112,24,0.0317040951122853,556,0.7344782034346103,0,0.0,177,0.2338177014531043,37,0.1878172588832487,36005015100,5051,1603,0.3173628984359533,5199,1580,0.3039045970378919,5199,576,0.1107905366416618,33848,0.033848,22364.689198770975,0.8369117889540785
360050152001,360050152001,Block Group 1; Census Tract 152; Bronx County; New York,Bronx,1030,336,136,0.4047619047619047,389,65,0.1670951156812339,266,0.258252427184466,152,0.1475728155339805,408,0.3961165048543689,106,0.1029126213592233,0,0.0,392,0.3805825242718446,61,0.181547619047619,36005015200,2474,286,0.1156022635408245,2562,299,0.1167056986729117,2562,47,0.0183450429352068,119828,0.119828,8595.653770404246,0.7059265876255978
360050153001,360050153001,Block Group 1; Census Tract 153; Bronx County; New York,Bronx,2032,1080,986,0.912962962962963,577,233,0.4038128249566724,580,0.2854330708661417,250,0.1230314960629921,0,0.0,822,0.4045275590551181,0,0.0,1162,0.5718503937007874,123,0.1138888888888888,36005015300,3596,896,0.2491657397107897,3603,872,0.2420205384401887,3603,169,0.0469053566472384,150117,0.150117,13536.10850203508,0.818673414280302
360050155001,360050155001,Block Group 1; Census Tract 155; Bronx County; New York,Bronx,2388,828,811,0.9794685990338164,963,667,0.6926272066458983,624,0.2613065326633166,309,0.1293969849246231,3,0.0012562814070351,619,0.259212730318258,0,0.0,1766,0.7395309882747069,172,0.2077294685990338,36005015500,3016,839,0.278183023872679,3016,857,0.2841511936339522,3016,254,0.0842175066312997,31627,0.031627,75505.10639643342,0.8138476517708049
360050158001,360050158001,Block Group 1; Census Tract 158; Bronx County; New York,Bronx,1490,534,281,0.5262172284644194,667,199,0.2983508245877061,220,0.1476510067114094,375,0.2516778523489933,434,0.2912751677852349,111,0.074496644295302,94,0.0630872483221476,851,0.5711409395973155,59,0.1104868913857678,36005015800,1490,285,0.1912751677852349,1490,313,0.2100671140939597,1490,3,0.0020134228187919,162176,0.162176,9187.549329123916,0.8435773055456084
360050159001,360050159001,Block Group 1; Census Tract 159; Bronx County; New York,Bronx,1415,626,600,0.9584664536741214,627,114,0.1818181818181818,325,0.2296819787985865,261,0.1844522968197879,7,0.004946996466431,111,0.0784452296819788,0,0.0,1297,0.91660777385159,194,0.3099041533546325,36005015900,2405,890,0.3700623700623701,2405,751,0.3122661122661123,2405,214,0.0889812889812889,63632,0.063632,22237.23912496857,0.763181874226092
360050160001,360050160001,Block Group 1; Census Tract 160; Bronx County; New York,Bronx,1407,707,352,0.4978783592644978,688,166,0.2412790697674418,87,0.0618336886993603,473,0.3361762615493959,671,0.4769012082444918,15,0.0106609808102345,61,0.0433546552949538,660,0.4690831556503198,36,0.0509193776520509,36005016000,3832,576,0.150313152400835,3848,543,0.1411122661122661,3848,158,0.041060291060291,182805,0.182805,7696.726019529006,0.7335718169548542
360050161001,360050161001,Block Group 1; Census Tract 161; Bronx County; New York,Bronx,1440,670,670,1.0,218,79,0.3623853211009174,508,0.3527777777777778,235,0.1631944444444444,23,0.0159722222222222,837,0.58125,0,0.0,557,0.3868055555555555,142,0.2119402985074626,36005016100,4703,1763,0.3748671061024878,4703,1425,0.3029980863278758,4703,107,0.0227514352540931,137874,0.137874,10444.318725793117,0.6133827333660968
360050162001,360050162001,Block Group 1; Census Tract 162; Bronx County; New York,Bronx,943,232,125,0.5387931034482759,303,79,0.2607260726072607,256,0.271474019088017,226,0.23966065747614,303,0.3213149522799576,76,0.080593849416755,13,0.0137857900318133,542,0.574761399787911,31,0.1336206896551724,36005016200,1697,97,0.0571596935769004,1697,158,0.093105480259281,1697,33,0.0194460813199764,86315,0.086315,10925.099924694432,0.829888054373516
360050164001,360050164001,Block Group 1; Census Tract 164; Bronx County; New York,Bronx,1132,392,217,0.5535714285714286,459,153,0.3333333333333333,281,0.2482332155477031,212,0.1872791519434629,195,0.1722614840989399,181,0.1598939929328622,440,0.3886925795053003,304,0.2685512367491166,31,0.0790816326530612,36005016400,1132,243,0.2146643109540636,1132,156,0.1378091872791519,1132,30,0.0265017667844522,164578,0.164578,6878.197571971952,0.7980261500430985
360050165001,360050165001,Block Group 1; Census Tract 165; Bronx County; New York,Bronx,1311,376,376,1.0,595,210,0.3529411764705882,359,0.2738367658276125,62,0.0472921434019832,4,0.0030511060259344,506,0.3859649122807017,0,0.0,751,0.5728451563691839,0,0.0,36005016500,1311,285,0.217391304347826,1311,158,0.1205186880244088,1311,124,0.0945842868039664,196842,0.196842,6660.1639893925085,0.7619566913739407
360050166001,360050166001,Block Group 1; Census Tract 166; Bronx County; New York,Bronx,1603,523,325,0.621414913957935,591,226,0.3824027072758037,521,0.3250155957579538,140,0.0873362445414847,388,0.2420461634435433,123,0.0767311291328758,29,0.0180910792264504,1061,0.6618839675608235,32,0.0611854684512428,36005016600,2376,319,0.1342592592592592,2395,367,0.1532359081419624,2395,80,0.0334029227557411,153839,0.153839,10419.984529280611,0.8015053179131747
360050167001,360050167001,Block Group 1; Census Tract 167; Bronx County; New York,Bronx,1029,424,404,0.9528301886792452,294,150,0.5102040816326531,350,0.3401360544217687,107,0.1039844509232264,31,0.0301263362487852,430,0.4178814382896015,0,0.0,549,0.5335276967930029,91,0.2146226415094339,36005016700,2961,1095,0.3698074974670719,3015,621,0.2059701492537313,3015,260,0.0862354892205638,32864,0.032864,31310.856864654335,0.7889080247407383
360050169001,360050169001,Block Group 1; Census Tract 169; Bronx County; New York,Bronx,1944,607,562,0.9258649093904447,732,377,0.5150273224043715,542,0.2788065843621399,231,0.1188271604938271,18,0.0092592592592592,1133,0.5828189300411523,0,0.0,628,0.3230452674897119,75,0.1235584843492586,36005016900,1904,990,0.5199579831932774,1944,439,0.2258230452674897,1944,63,0.0324074074074074,92914,0.092914,20922.573562649333,0.8196338116271498
360050016001,360050016001,Block Group 1; Census Tract 16; Bronx County; New York,Bronx,2174,819,819,1.0,1096,414,0.3777372262773723,388,0.1784728610855565,362,0.1665133394664213,0,0.0,952,0.4379024839006439,0,0.0,1059,0.4871205151793928,52,0.0634920634920634,36005001600,5329,808,0.151623193844999,5412,1105,0.2041759053954175,5412,152,0.0280857354028085,77719,0.077719,27972.56784055379,0.6007092950914344
360050173001,360050173001,Block Group 1; Census Tract 173; Bronx County; New York,Bronx,684,293,293,1.0,331,212,0.6404833836858006,123,0.1798245614035087,79,0.1154970760233918,0,0.0,0,0.0,22,0.0321637426900584,662,0.9678362573099416,99,0.3378839590443686,36005017300,5265,1590,0.301994301994302,5265,1784,0.3388414055080722,5265,408,0.0774928774928774,48882,0.048882,13992.880815023937,0.7118929175358415
360050175001,360050175001,Block Group 1; Census Tract 175; Bronx County; New York,Bronx,1491,680,680,1.0,426,217,0.5093896713615024,556,0.3729040912139503,108,0.0724346076458752,0,0.0,1031,0.6914822266934944,0,0.0,460,0.3085177733065057,223,0.3279411764705882,36005017500,6228,2433,0.390655105973025,6228,1498,0.2405266538214515,6228,432,0.0693641618497109,24334,0.024334,61272.29390975589,0.8833147472761406
360050177011,360050177011,Block Group 1; Census Tract 177.01; Bronx County; New York,Bronx,872,306,272,0.8888888888888888,376,138,0.3670212765957447,230,0.2637614678899082,31,0.0355504587155963,17,0.0194954128440367,257,0.2947247706422018,62,0.0711009174311926,536,0.6146788990825688,0,0.0,36005017701,5025,1261,0.2509452736318407,4984,774,0.1552969502407704,4984,606,0.1215890850722311,46090,0.04609,18919.5053156867,0.8391682052697843
360050177021,360050177021,Block Group 1; Census Tract 177.02; Bronx County; New York,Bronx,975,209,101,0.4832535885167464,336,114,0.3392857142857143,432,0.4430769230769231,103,0.1056410256410256,0,0.0,373,0.3825641025641025,161,0.1651282051282051,268,0.2748717948717948,70,0.3349282296650718,36005017702,5232,1818,0.3474770642201835,5232,944,0.1804281345565749,5232,359,0.0686162079510703,22820,0.02282,42725.67922874671,0.8039498545913688
360050179011,360050179011,Block Group 1; Census Tract 179.01; Bronx County; New York,Bronx,2887,1037,954,0.9199614271938285,1129,806,0.7139061116031886,669,0.2317284378247315,218,0.0755109109802563,0,0.0,585,0.202632490474541,47,0.0162798753030827,2205,0.7637686179425008,319,0.3076181292189007,36005017901,4968,1002,0.2016908212560386,4968,731,0.1471417069243156,4968,473,0.0952093397745571,41995,0.041995,68746.27931896655,0.9006354202432338
360050179021,360050179021,Block Group 1; Census Tract 179.02; Bronx County; New York,Bronx,1102,406,406,1.0,629,443,0.7042925278219396,247,0.2241379310344827,140,0.1270417422867513,7,0.0063520871143375,731,0.6633393829401089,0,0.0,364,0.3303085299455535,64,0.1576354679802955,36005017902,3030,483,0.1594059405940594,3030,610,0.2013201320132013,3030,303,0.1,46625,0.046625,23635.388739946386,0.9424289545469238
360050181011,360050181011,Block Group 1; Census Tract 181.01; Bronx County; New York,Bronx,1407,535,494,0.9233644859813084,575,278,0.4834782608695652,410,0.2914001421464108,196,0.1393034825870646,0,0.0,396,0.2814498933901919,2,0.0014214641080312,1009,0.7171286425017769,131,0.2448598130841121,36005018101,2876,665,0.2312239221140473,2876,589,0.204798331015299,2876,497,0.1728094575799721,46691,0.046691,30134.287121715104,0.7466767994159897
360050181021,360050181021,Block Group 1; Census Tract 181.02; Bronx County; New York,Bronx,913,576,576,1.0,318,194,0.610062893081761,16,0.0175246440306681,487,0.5334063526834611,90,0.0985761226725082,278,0.3044906900328587,0,0.0,545,0.5969331872946331,386,0.6701388888888888,36005018102,5066,1583,0.3124753257007501,5107,1084,0.2122576855296651,5107,308,0.0603093792833365,31207,0.031207,29256.256609094115,0.9437154934079818
360050183011,360050183011,Block Group 1; Census Tract 183.01; Bronx County; New York,Bronx,1511,893,893,1.0,480,201,0.41875,114,0.0754467240238252,576,0.3812045003309067,174,0.115155526141628,331,0.2190602250165453,98,0.0648577101257445,829,0.5486432825943084,341,0.3818589025755879,36005018301,3933,1116,0.2837528604118993,3933,964,0.2451055174167302,3933,207,0.0526315789473684,29027,0.029027,52054.983291418335,0.8960852836257457
360050183021,360050183021,Block Group 1; Census Tract 183.02; Bronx County; New York,Bronx,1478,651,651,1.0,694,239,0.3443804034582132,473,0.3200270635994587,126,0.0852503382949932,0,0.0,931,0.6299052774018945,0,0.0,525,0.3552097428958051,0,0.0,36005018302,3295,787,0.2388467374810318,3295,490,0.1487101669195751,3295,202,0.0613050075872534,29514,0.029514,50077.9291183845,0.8227863985916838
360050184001,360050184001,Block Group 1; Census Tract 184; Bronx County; New York,Bronx,806,275,162,0.5890909090909091,402,150,0.373134328358209,168,0.2084367245657568,217,0.2692307692307692,383,0.4751861042183622,0,0.0,63,0.0781637717121588,243,0.3014888337468983,31,0.1127272727272727,36005018400,3886,505,0.1299536798764796,3886,362,0.0931549150797735,3886,148,0.038085434894493,80967,0.080967,9954.672891424902,0.6960790307444344
360050185011,360050185011,Block Group 1; Census Tract 185.01; Bronx County; New York,Bronx,3775,1466,1451,0.9897680763983628,1474,866,0.587516960651289,1245,0.3298013245033112,385,0.1019867549668874,91,0.0241059602649006,1659,0.4394701986754967,0,0.0,1902,0.503841059602649,93,0.06343792633015,36005018501,3761,1162,0.3089603828768944,3775,592,0.1568211920529801,3775,381,0.1009271523178808,184081,0.184081,20507.27668797975,0.8415082465435456
360050185021,360050185021,Block Group 1; Census Tract 185.02; Bronx County; New York,Bronx,941,438,402,0.9178082191780822,287,151,0.5261324041811847,108,0.1147715196599362,106,0.1126461211477152,15,0.0159404888416578,173,0.18384697130712,0,0.0,712,0.7566418703506907,15,0.0342465753424657,36005018502,5479,2784,0.5081219200584048,5520,1178,0.2134057971014492,5520,361,0.0653985507246376,39913,0.039913,23576.278405532034,0.9059869136670032
360050189001,360050189001,Block Group 1; Census Tract 189; Bronx County; New York,Bronx,1567,496,496,1.0,722,499,0.6911357340720221,467,0.2980216975111678,32,0.0204211869814933,139,0.0887045309508615,246,0.1569878749202297,0,0.0,1136,0.7249521378430122,160,0.3225806451612903,36005018900,8034,2079,0.2587752053771471,8163,1420,0.1739556535587406,8163,337,0.041283841724856,210090,0.21009,7458.708172687896,0.769075619338823
360050019011,360050019011,Block Group 1; Census Tract 19.01; Bronx County; New York,Bronx,2260,1149,1149,1.0,1234,582,0.4716369529983792,483,0.213716814159292,73,0.0323008849557522,181,0.0800884955752212,945,0.4181415929203539,69,0.0305309734513274,975,0.4314159292035398,70,0.0609225413402959,36005001901,2258,507,0.2245349867139061,2259,401,0.1775121735281097,2259,255,0.1128818061088977,205007,0.205007,11024.013814162445,0.7536469142964672
360050019021,360050019021,Block Group 1; Census Tract 19.02; Bronx County; New York,Bronx,2079,624,592,0.9487179487179488,958,427,0.4457202505219206,238,0.1144781144781144,66,0.0317460317460317,61,0.0293410293410293,367,0.1765271765271765,0,0.0,1059,0.5093795093795094,93,0.1490384615384615,36005001902,2040,807,0.3955882352941176,2069,253,0.1222812953117448,2069,306,0.1478975350410826,469741,0.469741,4425.84317741053,0.6927569073490811
360050193001,360050193001,Block Group 1; Census Tract 193; Bronx County; New York,Bronx,1985,964,964,1.0,1127,882,0.782608695652174,395,0.198992443324937,171,0.0861460957178841,97,0.0488664987405541,1468,0.7395465994962217,0,0.0,345,0.1738035264483627,133,0.1379668049792531,36005019300,5735,859,0.1497820401046207,5949,1150,0.1933097999663809,5949,84,0.0141200201714573,33157,0.033157,59866.69481557439,0.813621296615636
360050194001,360050194001,Block Group 1; Census Tract 194; Bronx County; New York,Bronx,2117,696,416,0.5977011494252874,1054,466,0.4421252371916508,536,0.2531884742560227,313,0.1478507321681625,308,0.1454888993859234,278,0.1313179026924893,128,0.0604629192253188,1318,0.622579121398205,51,0.0732758620689655,36005019400,2117,166,0.0784128483703353,2117,322,0.1521020311761927,2117,38,0.0179499291450165,840142,0.840142,2519.8121269975786,0.646319537974133
360050195001,360050195001,Block Group 1; Census Tract 195; Bronx County; New York,Bronx,3285,1069,1069,1.0,954,655,0.6865828092243187,1257,0.382648401826484,340,0.1035007610350076,0,0.0,2279,0.6937595129375951,0,0.0,978,0.2977168949771689,144,0.1347053320860617,36005019500,6997,2781,0.3974560525939688,7738,1416,0.1829930214525717,7738,194,0.0250710777978805,50913,0.050913,64521.83135937776,0.9039654909381964
360050197001,360050197001,Block Group 1; Census Tract 197; Bronx County; New York,Bronx,2920,1073,1073,1.0,1145,847,0.7397379912663755,1040,0.3561643835616438,165,0.0565068493150684,175,0.059931506849315,442,0.1513698630136986,77,0.0263698630136986,2226,0.7623287671232877,15,0.0139794967381174,36005019700,7542,4287,0.5684168655529037,7628,1332,0.1746198217094913,7628,591,0.0774777136864184,29094,0.029094,100364.33628926928,0.9624244551259156
360050199001,360050199001,Block Group 1; Census Tract 199; Bronx County; New York,Bronx,377,263,263,1.0,75,75,1.0,66,0.1750663129973474,90,0.2387267904509283,0,0.0,124,0.3289124668435013,0,0.0,253,0.6710875331564987,118,0.4486692015209125,36005019900,6781,2421,0.3570269871700339,6852,1175,0.1714827787507297,6852,388,0.0566258026853473,23240,0.02324,16222.030981067126,0.8732841975272589
360050020011,360050020011,Block Group 1; Census Tract 20.01; Bronx County; New York,Bronx,2610,1027,1027,1.0,786,525,0.6679389312977099,669,0.2563218390804597,303,0.1160919540229885,0,0.0,999,0.3827586206896551,0,0.0,1471,0.5636015325670498,110,0.107108081791626,36005002001,4113,2155,0.523948456114758,4199,1211,0.2884020004763039,4199,225,0.0535841867111216,117921,0.117921,22133.462233190017,0.5609257910457304
360050020021,360050020021,Block Group 1; Census Tract 20.02; Bronx County; New York,Bronx,599,256,144,0.5625,208,102,0.4903846153846153,184,0.3071786310517529,207,0.345575959933222,0,0.0,73,0.1218697829716193,0,0.0,526,0.8781302170283807,88,0.34375,36005002002,3551,1526,0.4297381019431146,3609,1171,0.3244666112496536,3609,322,0.0892213909670268,75955,0.075955,7886.248436574288,0.5700673851356927
360050200001,360050200001,Block Group 1; Census Tract 200; Bronx County; New York,Bronx,1173,375,262,0.6986666666666667,498,272,0.5461847389558233,276,0.2352941176470588,175,0.1491901108269394,71,0.0605285592497868,54,0.0460358056265984,215,0.1832907075873827,714,0.6086956521739131,57,0.152,36005020000,4398,1156,0.2628467485220555,4398,448,0.1018644838562983,4398,359,0.0816280127330604,57532,0.057532,20388.65327122297,0.8625399408110747
360050201001,360050201001,Block Group 1; Census Tract 201; Bronx County; New York,Bronx,1180,370,370,1.0,271,133,0.4907749077490775,266,0.2254237288135593,43,0.0364406779661016,25,0.0211864406779661,183,0.1550847457627118,18,0.0152542372881355,951,0.8059322033898305,188,0.5081081081081081,36005020100,3845,1713,0.4455136540962289,3845,585,0.1521456436931079,3845,175,0.0455136540962288,210824,0.210824,5597.085720790801,0.6783125532400205
360050202001,360050202001,Block Group 1; Census Tract 202; Bronx County; New York,Bronx,1355,474,429,0.9050632911392406,723,435,0.6016597510373444,361,0.266420664206642,119,0.0878228782287822,77,0.0568265682656826,119,0.0878228782287822,77,0.0568265682656826,1073,0.7918819188191882,91,0.1919831223628691,36005020200,2593,668,0.2576166602391053,2602,324,0.1245196003074558,2602,223,0.0857033051498847,56607,0.056607,23936.968926104542,0.8375690115502749
360050204001,360050204001,Block Group 1; Census Tract 204; Bronx County; New York,Bronx,923,338,317,0.9378698224852072,306,173,0.565359477124183,264,0.2860238353196099,93,0.1007583965330444,41,0.0444203683640303,120,0.1300108342361863,89,0.0964247020585048,530,0.5742145178764897,72,0.2130177514792899,36005020400,2823,747,0.2646121147715196,2807,362,0.1289633060206626,2807,208,0.0741004631278945,30989,0.030989,29784.762335022104,0.8499144806439191
360050205021,360050205021,Block Group 1; Census Tract 205.02; Bronx County; New York,Bronx,1240,553,516,0.9330922242314648,408,246,0.6029411764705882,223,0.1798387096774193,296,0.2387096774193548,15,0.0120967741935483,118,0.0951612903225806,23,0.0185483870967741,1050,0.8467741935483871,159,0.2875226039783002,36005020502,2316,554,0.2392055267702936,2321,640,0.2757432141318397,2321,206,0.0887548470486859,36878,0.036878,33624.38310103585,0.7252385903030352
360050206011,360050206011,Block Group 1; Census Tract 206.01; Bronx County; New York,Bronx,1179,476,403,0.8466386554621849,503,323,0.6421471172962226,160,0.1357082273112807,333,0.2824427480916031,65,0.0551314673452078,128,0.1085665818490246,344,0.2917726887192536,597,0.5063613231552163,125,0.2626050420168067,36005020601,2840,553,0.1947183098591549,2849,400,0.1404001404001404,2849,108,0.0379080379080379,66850,0.06685,17636.49962602842,0.8397315273733318
360050209001,360050209001,Block Group 1; Census Tract 209; Bronx County; New York,Bronx,490,245,245,1.0,178,118,0.6629213483146067,55,0.1122448979591836,52,0.1061224489795918,24,0.0489795918367346,169,0.3448979591836735,0,0.0,284,0.5795918367346938,15,0.0612244897959183,36005020900,4796,1281,0.2670975813177648,4809,447,0.0929507174048658,4809,248,0.0515699729673528,55352,0.055352,8852.43532302356,0.8934199460017107
360050210011,360050210011,Block Group 1; Census Tract 210.01; Bronx County; New York,Bronx,534,214,198,0.9252336448598132,118,66,0.559322033898305,208,0.3895131086142322,85,0.1591760299625468,33,0.0617977528089887,68,0.1273408239700374,70,0.1310861423220973,363,0.6797752808988764,118,0.5514018691588785,36005021001,7346,1393,0.1896270078954533,7347,1249,0.1700013610997686,7347,587,0.0798965564175854,36577,0.036577,14599.33838204336,0.7994808110501331
360050210021,360050210021,Block Group 1; Census Tract 210.02; Bronx County; New York,Bronx,2234,771,709,0.9195849546044098,829,478,0.5765983112183354,849,0.3800358102059087,151,0.067591763652641,18,0.0080572963294538,902,0.4037600716204118,295,0.1320501342882721,1010,0.4521038495971352,9,0.0116731517509727,36005021002,7410,1739,0.2346828609986504,7434,837,0.1125907990314769,7434,400,0.0538068334678504,29149,0.029149,76640.70808604069,0.810730019291465
360050211001,360050211001,Block Group 1; Census Tract 211; Bronx County; New York,Bronx,1680,534,419,0.7846441947565543,575,235,0.408695652173913,506,0.3011904761904762,207,0.1232142857142857,178,0.1059523809523809,530,0.3154761904761904,0,0.0,957,0.5696428571428571,95,0.1779026217228464,36005021100,5812,1758,0.3024776324845148,5920,852,0.1439189189189189,5920,263,0.0444256756756756,39958,0.039958,42044.14635367136,0.7574461069789383
360050212001,360050212001,Block Group 1; Census Tract 212; Bronx County; New York,Bronx,772,315,296,0.9396825396825396,220,128,0.5818181818181818,282,0.3652849740932642,161,0.2085492227979274,0,0.0,112,0.1450777202072538,470,0.6088082901554405,159,0.2059585492227979,90,0.2857142857142857,36005021200,5218,1106,0.2119586048294365,5322,746,0.1401728673431041,5322,298,0.0559939872228485,21277,0.021277,36283.31061709827,0.8377977984574155
360050213011,360050213011,Block Group 1; Census Tract 213.01; Bronx County; New York,Bronx,274,102,102,1.0,93,41,0.4408602150537634,97,0.354014598540146,15,0.0547445255474452,0,0.0,0,0.0,0,0.0,274,1.0,16,0.1568627450980392,36005021301,1289,413,0.3204034134988363,1289,172,0.1334367726920093,1289,61,0.0473235065942591,20868,0.020868,13130.151428023768,0.8034853286801705
360050213021,360050213021,Block Group 1; Census Tract 213.02; Bronx County; New York,Bronx,2599,1165,1165,1.0,1016,565,0.5561023622047244,207,0.079646017699115,709,0.2727972297037322,0,0.0,1196,0.4601769911504424,0,0.0,1403,0.5398230088495575,205,0.1759656652360515,36005021302,5898,2441,0.4138691081722618,5898,1394,0.2363513055272973,5898,123,0.0208545269582909,53570,0.05357,48515.96042561135,0.8023471274467667
360050215011,360050215011,Block Group 1; Census Tract 215.01; Bronx County; New York,Bronx,1512,531,531,1.0,596,412,0.6912751677852349,587,0.3882275132275132,127,0.083994708994709,22,0.0145502645502645,339,0.2242063492063492,0,0.0,1127,0.7453703703703703,105,0.1977401129943503,36005021501,4247,1684,0.3965151871909583,4346,568,0.1306948918545789,4346,297,0.068338702254947,38734,0.038734,39035.47271131306,0.8072110921038267
360050215021,360050215021,Block Group 1; Census Tract 215.02; Bronx County; New York,Bronx,1243,486,486,1.0,322,160,0.4968944099378882,309,0.248592115848753,29,0.0233306516492357,0,0.0,43,0.0345937248592115,0,0.0,1084,0.8720836685438456,33,0.0679012345679012,36005021502,6163,2880,0.4673048839850722,6235,1581,0.2535685645549318,6235,444,0.0712109061748195,47872,0.047872,25965.07352941177,0.7965452626800456
360050216011,360050216011,Block Group 1; Census Tract 216.01; Bronx County; New York,Bronx,1739,622,622,1.0,552,342,0.6195652173913043,579,0.3329499712478436,115,0.066129959746981,65,0.0373778033352501,456,0.2622196664749856,12,0.0069005175388154,1186,0.6820011500862565,172,0.2765273311897106,36005021601,4118,1241,0.3013598834385624,4118,370,0.0898494414764448,4118,419,0.1017484215638659,51713,0.051713,33627.907876162666,0.6951254198225889
360050216021,360050216021,Block Group 1; Census Tract 216.02; Bronx County; New York,Bronx,196,76,76,1.0,76,76,1.0,0,0.0,70,0.3571428571428571,0,0.0,17,0.086734693877551,0,0.0,0,0.0,0,0.0,36005021602,6027,1075,0.1783640285382445,6027,515,0.0854488136718101,6027,161,0.0267131242740998,24681,0.024681,7941.331388517483,0.7292925554270561
360050217001,360050217001,Block Group 1; Census Tract 217; Bronx County; New York,Bronx,2524,972,955,0.9825102880658436,896,642,0.7165178571428571,699,0.2769413629160063,279,0.1105388272583201,77,0.0305071315372424,576,0.2282091917591125,0,0.0,1792,0.7099841521394612,304,0.3127572016460905,36005021700,5005,1915,0.3826173826173826,5006,1047,0.2091490211745905,5006,401,0.0801038753495805,69533,0.069533,36299.31111846174,0.8280402000748337
360050218001,360050218001,Block Group 1; Census Tract 218; Bronx County; New York,Bronx,1117,484,484,1.0,442,345,0.7805429864253394,335,0.2999104744852283,45,0.0402864816472694,66,0.0590868397493285,180,0.1611459265890779,0,0.0,825,0.738585496866607,0,0.0,36005021800,6010,1521,0.2530782029950083,6050,974,0.1609917355371901,6050,634,0.104793388429752,16937,0.016937,65950.28635531676,0.7484721774227377
360050219001,360050219001,Block Group 1; Census Tract 219; Bronx County; New York,Bronx,1488,489,489,1.0,673,480,0.7132243684992571,262,0.1760752688172043,137,0.0920698924731182,7,0.0047043010752688,299,0.2009408602150537,7,0.0047043010752688,1163,0.7815860215053764,89,0.1820040899795501,36005021900,1477,207,0.1401489505754908,1488,212,0.1424731182795699,1488,95,0.0638440860215053,142939,0.142939,10410.035049916398,0.9045828201187583
360050220001,360050220001,Block Group 1; Census Tract 220; Bronx County; New York,Bronx,1872,650,634,0.9753846153846154,427,282,0.6604215456674473,612,0.3269230769230769,202,0.1079059829059829,18,0.0096153846153846,481,0.2569444444444444,51,0.0272435897435897,1302,0.6955128205128205,170,0.2615384615384615,36005022000,1777,1091,0.6139561057962859,1872,366,0.1955128205128205,1872,278,0.1485042735042735,228610,0.22861,8188.618170683697,0.7206421675646193
360050221011,360050221011,Block Group 1; Census Tract 221.01; Bronx County; New York,Bronx,945,366,366,1.0,252,217,0.8611111111111112,265,0.2804232804232804,207,0.219047619047619,103,0.1089947089947089,18,0.019047619047619,26,0.0275132275132275,577,0.6105820105820106,36,0.0983606557377049,36005022101,3724,891,0.2392588614393125,3752,574,0.1529850746268656,3752,355,0.0946162046908315,18125,0.018125,52137.93103448276,0.6941117475344185
360050221021,360050221021,Block Group 1; Census Tract 221.02; Bronx County; New York,Bronx,1528,463,463,1.0,575,357,0.6208695652173913,456,0.2984293193717277,163,0.106675392670157,16,0.0104712041884816,112,0.0732984293193717,0,0.0,1400,0.9162303664921466,224,0.4838012958963283,36005022102,5128,1810,0.3529641185647426,5144,986,0.1916796267496112,5144,447,0.0868973561430793,32519,0.032519,46987.91475752637,0.8990531105669788
360050222001,360050222001,Block Group 1; Census Tract 222; Bronx County; New York,Bronx,1031,332,299,0.9006024096385542,268,139,0.5186567164179104,423,0.4102812803103782,82,0.0795344325897187,13,0.0126091173617846,106,0.1028128031037827,450,0.4364694471387003,462,0.4481086323957323,93,0.2801204819277108,36005022200,3271,877,0.2681137266890859,3315,440,0.1327300150829562,3315,251,0.0757164404223227,68907,0.068907,14962.19542281626,0.8363633461924701
360050223001,360050223001,Block Group 1; Census Tract 223; Bronx County; New York,Bronx,414,169,169,1.0,192,127,0.6614583333333334,54,0.1304347826086956,105,0.2536231884057971,0,0.0,215,0.5193236714975845,0,0.0,170,0.4106280193236715,0,0.0,36005022300,4867,1610,0.3307992603246353,4867,950,0.1951921101294431,4867,208,0.0427367988493938,22523,0.022523,18381.21031834125,0.9098878158064804
360050224011,360050224011,Block Group 1; Census Tract 224.01; Bronx County; New York,Bronx,1168,499,461,0.9238476953907816,525,238,0.4533333333333333,234,0.2003424657534246,127,0.1087328767123287,108,0.0924657534246575,61,0.0522260273972602,116,0.0993150684931506,865,0.740582191780822,59,0.1182364729458917,36005022401,2433,561,0.2305795314426633,2433,460,0.1890669954788327,2433,162,0.0665844636251541,35632,0.035632,32779.5240233498,0.5855783607186696
360050224031,360050224031,Block Group 1; Census Tract 224.03; Bronx County; New York,Bronx,582,252,247,0.98015873015873,279,143,0.5125448028673835,96,0.1649484536082474,46,0.0790378006872852,0,0.0,111,0.190721649484536,0,0.0,444,0.7628865979381443,19,0.0753968253968253,36005022403,2782,390,0.1401869158878504,2782,545,0.195902228612509,2782,147,0.0528396836808051,85203,0.085203,6830.745396288863,0.6230273959811402
360050224041,360050224041,Block Group 1; Census Tract 224.04; Bronx County; New York,Bronx,506,268,268,1.0,235,182,0.774468085106383,86,0.1699604743083003,137,0.2707509881422925,76,0.150197628458498,67,0.1324110671936759,0,0.0,331,0.6541501976284585,8,0.0298507462686567,36005022404,4261,692,0.1624031917390284,4292,708,0.1649580615097856,4292,159,0.0370456663560111,19720,0.01972,25659.229208924942,0.8925138224698281
360050225001,360050225001,Block Group 1; Census Tract 225; Bronx County; New York,Bronx,2050,469,469,1.0,796,701,0.8806532663316583,614,0.2995121951219512,181,0.0882926829268292,23,0.0112195121951219,422,0.2058536585365853,67,0.0326829268292682,1538,0.7502439024390244,62,0.1321961620469083,36005022500,7960,2048,0.257286432160804,8040,1852,0.2303482587064676,8040,1000,0.1243781094527363,18635,0.018635,110008.04936946608,0.8774645148872463
360050227011,360050227011,Block Group 1; Census Tract 227.01; Bronx County; New York,Bronx,1383,506,506,1.0,685,516,0.7532846715328467,455,0.3289949385394071,71,0.0513376717281272,0,0.0,1052,0.7606652205350687,20,0.0144613159797541,218,0.1576283441793203,224,0.4426877470355731,36005022701,4939,1419,0.2873051224944321,4939,835,0.1690625632719174,4939,484,0.0979955456570155,23095,0.023095,59883.09157826369,0.8475682097361574
360050227021,360050227021,Block Group 1; Census Tract 227.02; Bronx County; New York,Bronx,1071,545,512,0.9394495412844036,462,314,0.6796536796536796,105,0.0980392156862745,177,0.165266106442577,0,0.0,303,0.2829131652661064,24,0.0224089635854341,691,0.6451914098972923,91,0.1669724770642202,36005022702,1071,509,0.4752567693744164,1071,286,0.2670401493930905,1071,57,0.0532212885154061,47372,0.047372,22608.291817951533,0.8367762114882578
360050227031,360050227031,Block Group 1; Census Tract 227.03; Bronx County; New York,Bronx,1685,695,695,1.0,635,323,0.5086614173228347,448,0.2658753709198813,295,0.1750741839762611,107,0.0635014836795252,290,0.172106824925816,62,0.0367952522255192,1214,0.7204747774480712,171,0.2460431654676259,36005022703,1661,623,0.3750752558699579,1685,447,0.2652818991097923,1685,98,0.058160237388724,38660,0.03866,43585.10087946198,0.9314212797917394
360050228001,360050228001,Block Group 1; Census Tract 228; Bronx County; New York,Bronx,1484,780,526,0.6743589743589744,967,515,0.532574974146846,164,0.1105121293800539,311,0.2095687331536388,424,0.2857142857142857,318,0.2142857142857142,243,0.1637466307277628,499,0.3362533692722372,42,0.0538461538461538,36005022800,5628,551,0.0979033404406538,5687,636,0.1118340073852646,5687,203,0.0356954457534728,92461,0.092461,16050.010274602264,0.869196657039133
360050229011,360050229011,Block Group 1; Census Tract 229.01; Bronx County; New York,Bronx,1162,429,429,1.0,675,532,0.7881481481481482,145,0.1247848537005163,22,0.0189328743545611,21,0.0180722891566265,496,0.4268502581755594,25,0.0215146299483648,452,0.3889845094664372,52,0.1212121212121212,36005022901,5918,1793,0.3029739776951672,5927,924,0.1558967437152016,5927,857,0.1445925426016534,31636,0.031636,36730.307244910866,0.8715119014197721
360050229021,360050229021,Block Group 1; Census Tract 229.02; Bronx County; New York,Bronx,576,364,364,1.0,370,206,0.5567567567567567,0,0.0,256,0.4444444444444444,42,0.0729166666666666,134,0.2326388888888889,0,0.0,373,0.6475694444444444,18,0.0494505494505494,36005022902,3378,1038,0.3072824156305506,3378,945,0.2797513321492007,3378,249,0.0737122557726465,35575,0.035575,16191.145467322556,0.8901837387189183
360050230001,360050230001,Block Group 1; Census Tract 230; Bronx County; New York,Bronx,1612,497,455,0.9154929577464788,672,356,0.5297619047619048,548,0.3399503722084367,41,0.0254342431761786,270,0.1674937965260546,70,0.043424317617866,236,0.1464019851116625,991,0.6147642679900744,179,0.3601609657947686,36005023000,2889,1107,0.3831775700934579,2889,375,0.1298026998961578,2889,286,0.0989961924541363,86724,0.086724,18587.70351921037,0.66882689396177
360050231001,360050231001,Block Group 1; Census Tract 231; Bronx County; New York,Bronx,1420,404,387,0.957920792079208,523,317,0.6061185468451242,429,0.302112676056338,183,0.1288732394366197,77,0.054225352112676,847,0.5964788732394366,57,0.0401408450704225,438,0.3084507042253521,242,0.599009900990099,36005023100,1254,365,0.2910685805422647,1254,267,0.2129186602870813,1254,81,0.0645933014354067,117143,0.117143,12121.936436662882,0.8311197864656389
360050232001,360050232001,Block Group 1; Census Tract 232; Bronx County; New York,Bronx,1402,449,392,0.8730512249443207,519,323,0.6223506743737958,503,0.3587731811697575,94,0.0670470756062767,438,0.3124108416547789,170,0.1212553495007132,91,0.06490727532097,641,0.4572039942938659,118,0.2628062360801781,36005023200,2626,871,0.3316831683168317,2626,344,0.130997715156131,2626,139,0.0529322162985529,82920,0.08292,16907.863000482394,0.6764525726786617
360050233011,360050233011,Block Group 1; Census Tract 233.01; Bronx County; New York,Bronx,1464,605,605,1.0,552,327,0.592391304347826,534,0.3647540983606557,47,0.032103825136612,19,0.0129781420765027,350,0.2390710382513661,0,0.0,970,0.662568306010929,182,0.3008264462809917,36005023301,3814,1189,0.3117461982170949,3841,713,0.18562874251497,3841,316,0.0822702421244467,47040,0.04704,31122.44897959184,0.8755390234990418
360050233021,360050233021,Block Group 1; Census Tract 233.02; Bronx County; New York,Bronx,2212,567,567,1.0,1044,711,0.6810344827586207,630,0.2848101265822785,95,0.0429475587703435,0,0.0,243,0.1098553345388788,47,0.0212477396021699,1826,0.825497287522604,141,0.2486772486772486,36005023302,3955,953,0.240960809102402,3955,777,0.1964601769911504,3955,444,0.1122629582806574,37195,0.037195,59470.358919209575,0.8771370001539212
360050235011,360050235011,Block Group 1; Census Tract 235.01; Bronx County; New York,Bronx,1666,761,761,1.0,730,485,0.6643835616438356,445,0.2671068427370948,158,0.0948379351740696,272,0.1632653061224489,88,0.0528211284513805,0,0.0,1306,0.7839135654261705,172,0.2260183968462549,36005023501,2963,1203,0.4060074249071886,2963,701,0.2365845426932163,2963,237,0.0799865001687478,41383,0.041383,40258.076988135224,0.9219039851965368
360050235021,360050235021,Block Group 1; Census Tract 235.02; Bronx County; New York,Bronx,1585,522,501,0.9597701149425288,539,400,0.7421150278293135,463,0.2921135646687697,253,0.1596214511041009,0,0.0,28,0.0176656151419558,0,0.0,1557,0.982334384858044,176,0.3371647509578544,36005023502,4276,1313,0.3070626753975678,4490,1549,0.344988864142539,4490,376,0.0837416481069042,35685,0.035685,44416.421465601794,0.9234580207096494
360050236001,360050236001,Block Group 1; Census Tract 236; Bronx County; New York,Bronx,1084,340,315,0.9264705882352942,448,214,0.4776785714285714,346,0.3191881918819188,126,0.1162361623616236,237,0.2186346863468634,11,0.0101476014760147,5,0.0046125461254612,828,0.7638376383763837,108,0.3176470588235294,36005023600,1777,470,0.2644907146876759,1777,224,0.1260551491277433,1777,128,0.0720315137872819,46747,0.046747,23188.653817357263,0.6844970627447305
360050237021,360050237021,Block Group 1; Census Tract 237.02; Bronx County; New York,Bronx,1021,317,317,1.0,362,202,0.5580110497237569,284,0.2781586679725759,93,0.0910871694417238,6,0.0058765915768854,429,0.4201762977473066,0,0.0,580,0.5680705190989226,104,0.3280757097791798,36005023702,1021,339,0.3320274240940254,1021,115,0.1126346718903036,1021,54,0.0528893241919686,47892,0.047892,21318.80063476155,0.7588362837139553
360050237031,360050237031,Block Group 1; Census Tract 237.03; Bronx County; New York,Bronx,3360,1338,1321,0.9872944693572496,907,543,0.5986769570011026,1036,0.3083333333333333,277,0.0824404761904761,36,0.0107142857142857,641,0.1907738095238095,48,0.0142857142857142,2635,0.7842261904761905,223,0.1666666666666666,36005023703,4946,1948,0.3938536190861302,4959,863,0.1740270215769308,4959,400,0.0806614236741278,58953,0.058953,56994.55498447916,0.7200331849988626
360050237041,360050237041,Block Group 1; Census Tract 237.04; Bronx County; New York,Bronx,550,306,306,1.0,275,110,0.4,87,0.1581818181818181,16,0.029090909090909,38,0.069090909090909,115,0.209090909090909,0,0.0,373,0.6781818181818182,164,0.5359477124183006,36005023704,3358,1247,0.3713519952352591,3358,528,0.1572364502680166,3358,78,0.0232281119714115,15305,0.015305,35935.9686377001,0.615484247835046
360050239001,360050239001,Block Group 1; Census Tract 239; Bronx County; New York,Bronx,2032,486,486,1.0,789,699,0.8859315589353612,730,0.359251968503937,120,0.0590551181102362,99,0.0487204724409448,36,0.0177165354330708,0,0.0,1897,0.9335629921259844,238,0.4897119341563786,36005023900,8570,3371,0.3933488914819136,8591,1269,0.1477127226166918,8591,1558,0.1813525782795949,42079,0.042079,48290.12096295064,0.7424712825458638
360050023001,360050023001,Block Group 1; Census Tract 23; Bronx County; New York,Bronx,2165,821,821,1.0,509,262,0.5147347740667977,720,0.3325635103926097,268,0.1237875288683602,2,0.0009237875288683,664,0.3066974595842956,0,0.0,1373,0.6341801385681294,179,0.2180267965895249,36005002300,4567,2754,0.6030216772498358,4567,1208,0.2645062404204072,4567,403,0.0882417341799868,51911,0.051911,41705.99680221918,0.8470468784180667
360050240001,360050240001,Block Group 1; Census Tract 240; Bronx County; New York,Bronx,1966,660,333,0.5045454545454545,909,448,0.4928492849284928,458,0.2329603255340793,216,0.1098677517802644,225,0.1144455747711088,721,0.366734486266531,102,0.051881993896236,840,0.427263479145473,71,0.1075757575757575,36005024000,3855,725,0.1880674448767834,3834,515,0.1343244653103808,3834,275,0.0717266562336984,126588,0.126588,15530.698012449837,0.6569545111034485
360050241001,360050241001,Block Group 1; Census Tract 241; Bronx County; New York,Bronx,834,222,222,1.0,281,238,0.8469750889679716,89,0.1067146282973621,89,0.1067146282973621,50,0.0599520383693045,105,0.1258992805755395,0,0.0,672,0.8057553956834532,97,0.4369369369369369,36005024100,6067,2451,0.403988791824625,6078,922,0.1516946363935505,6078,650,0.1069430733794011,30357,0.030357,27473.070461508058,0.8771790276745842
360050243001,360050243001,Block Group 1; Census Tract 243; Bronx County; New York,Bronx,1136,572,572,1.0,484,399,0.8243801652892562,225,0.1980633802816901,67,0.0589788732394366,0,0.0,226,0.198943661971831,0,0.0,910,0.801056338028169,216,0.3776223776223776,36005024300,4133,1190,0.2879264456811033,4134,1032,0.2496371552975326,4134,124,0.0299951620706337,38402,0.038402,29581.79261496797,0.8309916694933169
360050244001,360050244001,Block Group 1; Census Tract 244; Bronx County; New York,Bronx,866,367,317,0.8637602179836512,448,190,0.4241071428571428,162,0.1870669745958429,99,0.1143187066974595,253,0.2921478060046189,0,0.0,124,0.1431870669745958,482,0.5565819861431871,31,0.0844686648501362,36005024400,2241,388,0.1731369924141008,2252,230,0.1021314387211367,2252,246,0.1092362344582593,70564,0.070564,12272.546907771668,0.7804314497829616
360050245011,360050245011,Block Group 1; Census Tract 245.01; Bronx County; New York,Bronx,2182,797,756,0.9485570890840652,1061,524,0.4938737040527804,329,0.1507791017415215,355,0.1626947754353803,0,0.0,310,0.1420714940421631,0,0.0,1872,0.8579285059578369,261,0.3274780426599749,36005024501,4813,1580,0.3282775815499688,4856,1298,0.2672981878088962,4856,1041,0.2143739703459637,39070,0.03907,55848.47709239826,0.7524698775408177
360050245021,360050245021,Block Group 1; Census Tract 245.02; Bronx County; New York,Bronx,2487,760,754,0.9921052631578948,1011,456,0.4510385756676557,777,0.3124246079613992,228,0.09167671893848,69,0.0277442702050663,1015,0.4081222356252513,0,0.0,1403,0.5641334941696824,45,0.0592105263157894,36005024502,4225,1014,0.24,4225,627,0.1484023668639053,4225,175,0.0414201183431952,50721,0.050721,49032.94493405098,0.7526057206984849
360050246001,360050246001,Block Group 1; Census Tract 246; Bronx County; New York,Bronx,1078,432,262,0.6064814814814815,456,158,0.3464912280701754,233,0.2161410018552875,263,0.2439703153988868,294,0.2727272727272727,78,0.072356215213358,145,0.1345083487940631,390,0.3617810760667903,15,0.0347222222222222,36005024600,2026,145,0.0715695952615992,2037,295,0.1448208149239077,2037,126,0.0618556701030927,71811,0.071811,15011.627745052989,0.7565953546372912
360050247001,360050247001,Block Group 1; Census Tract 247; Bronx County; New York,Bronx,690,289,278,0.9619377162629758,359,138,0.3844011142061281,96,0.1391304347826087,83,0.1202898550724637,0,0.0,234,0.3391304347826087,135,0.1956521739130435,321,0.4652173913043478,1,0.0034602076124567,36005024700,1756,281,0.1600227790432802,1756,304,0.1731207289293849,1756,35,0.0199316628701594,28625,0.028625,24104.80349344978,0.6735998157876764
360050248001,360050248001,Block Group 1; Census Tract 248; Bronx County; New York,Bronx,1279,352,307,0.8721590909090909,532,313,0.5883458646616542,104,0.0813135261923377,410,0.3205629397967162,303,0.236903831118061,343,0.2681782642689601,144,0.1125879593432369,476,0.3721657544956998,12,0.034090909090909,36005024800,3410,517,0.1516129032258064,3397,446,0.1312923167500736,3397,407,0.1198115984692375,132209,0.132209,9674.076651362617,0.9150860228371056
360050250001,360050250001,Block Group 1; Census Tract 250; Bronx County; New York,Bronx,2186,636,384,0.6037735849056604,865,320,0.3699421965317919,681,0.3115279048490393,234,0.1070448307410796,1007,0.4606587374199451,33,0.0150960658737419,354,0.161939615736505,772,0.3531564501372369,31,0.0487421383647798,36005025000,2748,296,0.1077147016011644,2763,290,0.1049583785740137,2763,130,0.0470503076366268,102519,0.102519,21322.876735044236,0.8880131214562113
360050251001,360050251001,Block Group 1; Census Tract 251; Bronx County; New York,Bronx,663,290,290,1.0,358,187,0.5223463687150838,167,0.2518853695324283,0,0.0,227,0.3423831070889894,35,0.0527903469079939,0,0.0,288,0.4343891402714932,0,0.0,36005025100,6983,2828,0.4049835314334813,6983,1730,0.2477445224115709,6983,813,0.1164256050408134,21068,0.021068,31469.52724511107,0.6518264716587635
360050252001,360050252001,Block Group 1; Census Tract 252; Bronx County; New York,Bronx,1463,547,440,0.8043875685557587,846,136,0.1607565011820331,224,0.1531100478468899,162,0.1107313738892686,308,0.2105263157894736,207,0.1414900888585099,325,0.2221462747778537,313,0.213943950786056,57,0.1042047531992687,36005025200,2469,123,0.0498177399756986,2582,212,0.0821068938807126,2582,110,0.0426026336173508,100331,0.100331,14581.734458940906,0.9064709832646728
360050253001,360050253001,Block Group 1; Census Tract 253; Bronx County; New York,Bronx,1855,587,576,0.9812606473594548,655,350,0.5343511450381679,409,0.2204851752021563,138,0.0743935309973045,21,0.0113207547169811,45,0.0242587601078167,56,0.030188679245283,1704,0.918598382749326,109,0.1856899488926746,36005025300,5477,1828,0.3337593573123973,5503,917,0.1666363801562783,5503,633,0.115028166454661,46372,0.046372,40002.58776848098,0.6113756074526377
360050254001,360050254001,Block Group 1; Census Tract 254; Bronx County; New York,Bronx,1141,391,289,0.7391304347826086,481,186,0.3866943866943867,248,0.2173531989482909,147,0.1288343558282208,519,0.4548641542506573,0,0.0,15,0.0131463628396143,592,0.5188431200701139,104,0.2659846547314578,36005025400,2582,344,0.1332300542215337,2582,280,0.1084430673896204,2582,131,0.0507358636715724,94688,0.094688,12050.101385603246,0.9039716777292316
360050255001,360050255001,Block Group 1; Census Tract 255; Bronx County; New York,Bronx,2019,761,761,1.0,615,366,0.5951219512195122,544,0.2694403169886082,485,0.2402179296681525,48,0.0237741456166419,62,0.0307082714214957,84,0.0416047548291233,1825,0.903912828132739,415,0.545335085413929,36005025500,6116,1379,0.2254741661216481,6136,1265,0.2061603650586701,6136,411,0.0669817470664928,57358,0.057358,35199.972105024586,0.7269134748382516
360050256001,360050256001,Block Group 1; Census Tract 256; Bronx County; New York,Bronx,778,335,287,0.8567164179104477,404,125,0.3094059405940594,113,0.1452442159383033,78,0.1002570694087403,270,0.3470437017994858,167,0.2146529562982005,30,0.0385604113110539,303,0.3894601542416452,60,0.1791044776119403,36005025600,1528,102,0.0667539267015706,1528,235,0.1537958115183246,1528,76,0.0497382198952879,81763,0.081763,9515.306434450791,0.8947772979552042
360050257001,360050257001,Block Group 1; Census Tract 257; Bronx County; New York,Bronx,1685,656,607,0.9253048780487804,565,297,0.5256637168141592,289,0.171513353115727,172,0.1020771513353115,34,0.0201780415430267,434,0.257566765578635,0,0.0,1199,0.7115727002967359,159,0.2423780487804878,36005025700,1685,673,0.3994065281899109,1685,389,0.2308605341246291,1685,9,0.0053412462908011,158501,0.158501,10630.847754903754,0.5717949469007721
360050025001,360050025001,Block Group 1; Census Tract 25; Bronx County; New York,Bronx,1650,468,468,1.0,634,449,0.7082018927444795,404,0.2448484848484848,100,0.0606060606060606,118,0.0715151515151515,218,0.1321212121212121,0,0.0,1308,0.7927272727272727,55,0.1175213675213675,36005002500,5111,2292,0.4484445314028565,5117,975,0.1905413328121946,5117,555,0.1084619894469415,21713,0.021713,75991.3415925943,0.6698356816680076
360050261001,360050261001,Block Group 1; Census Tract 261; Bronx County; New York,Bronx,2047,1126,704,0.6252220248667851,862,537,0.622969837587007,305,0.1489985344406448,466,0.2276502198339032,110,0.0537371763556424,994,0.4855886663409868,58,0.028334147532975,862,0.4211040547142159,225,0.1998223801065719,36005026100,2025,294,0.1451851851851852,2025,321,0.1585185185185185,2025,14,0.0069135802469135,176999,0.176999,11565.037090605032,0.6597919177859102
360050263001,360050263001,Block Group 1; Census Tract 263; Bronx County; New York,Bronx,1430,486,486,1.0,629,408,0.6486486486486487,336,0.2349650349650349,90,0.0629370629370629,37,0.0258741258741258,92,0.0643356643356643,0,0.0,1301,0.9097902097902096,83,0.1707818930041152,36005026300,5743,1357,0.2362876545359568,5743,951,0.1655928956991119,5743,285,0.0496256312032039,56987,0.056987,25093.44236404794,0.6147148945928036
360050264001,360050264001,Block Group 1; Census Tract 264; Bronx County; New York,Bronx,1612,573,382,0.6666666666666666,871,311,0.357060849598163,465,0.2884615384615384,94,0.0583126550868486,450,0.2791563275434243,155,0.0961538461538461,93,0.0576923076923076,914,0.5669975186104218,66,0.1151832460732984,36005026400,5790,724,0.1250431778929188,5870,399,0.0679727427597955,5870,187,0.0318568994889267,127871,0.127871,12606.454942872111,0.6446289134965595
360050265001,360050265001,Block Group 1; Census Tract 265; Bronx County; New York,Bronx,1339,480,464,0.9666666666666668,638,164,0.2570532915360501,257,0.1919342793129201,114,0.0851381628080657,33,0.0246452576549663,109,0.0814040328603435,217,0.1620612397311426,970,0.7244212098581031,111,0.23125,36005026500,6803,1031,0.1515507864177568,6815,642,0.0942039618488628,6815,752,0.1103448275862069,102151,0.102151,13108.045932002622,0.8143461714618672
360050266011,360050266011,Block Group 1; Census Tract 266.01; Bronx County; New York,Bronx,2192,949,878,0.9251844046364596,930,473,0.5086021505376344,539,0.2458941605839416,314,0.1432481751824817,795,0.3626824817518248,203,0.0926094890510949,9,0.0041058394160583,1185,0.5406021897810219,120,0.1264488935721812,36005026601,3214,988,0.3074051026757934,3214,429,0.1334785314250155,3214,325,0.1011200995644057,66360,0.06636,33031.946955997584,0.7770475597176507
360050266021,360050266021,Block Group 1; Census Tract 266.02; Bronx County; New York,Bronx,1851,1090,1046,0.9596330275229358,735,402,0.5469387755102041,272,0.1469475958941113,460,0.2485143165856294,101,0.0545650999459751,280,0.151269584008644,83,0.0448406266882766,1317,0.7115072933549432,167,0.1532110091743119,36005026602,5900,1002,0.1698305084745762,5900,1137,0.1927118644067796,5900,320,0.0542372881355932,73571,0.073571,25159.36986040695,0.6870385962150858
360050267011,360050267011,Block Group 1; Census Tract 267.01; Bronx County; New York,Bronx,1460,523,507,0.9694072657743786,476,392,0.8235294117647058,411,0.2815068493150685,183,0.1253424657534246,49,0.0335616438356164,532,0.3643835616438356,227,0.1554794520547945,626,0.4287671232876712,190,0.3632887189292543,36005026701,3591,1043,0.290448343079922,3591,430,0.1197438039543302,3591,265,0.0737956001113895,30405,0.030405,48018.41802335142,0.4717419376926109
360050267021,360050267021,Block Group 1; Census Tract 267.02; Bronx County; New York,Bronx,1600,639,613,0.9593114241001564,882,481,0.5453514739229025,129,0.080625,347,0.216875,77,0.048125,78,0.04875,0,0.0,1445,0.903125,192,0.3004694835680751,36005026702,6827,1379,0.2019920902299692,6817,1045,0.153293237494499,6817,692,0.1015109285609505,50195,0.050195,31875.684829166257,0.7535859386178615
360050269001,360050269001,Block Group 1; Census Tract 269; Bronx County; New York,Bronx,1509,944,936,0.9915254237288136,509,342,0.6719056974459725,301,0.1994698475811795,128,0.0848243870112657,32,0.0212060967528164,573,0.3797216699801193,0,0.0,881,0.5838303512259775,378,0.4004237288135593,36005026900,3991,1506,0.3773490353294914,4040,897,0.222029702970297,4040,102,0.0252475247524752,307252,0.307252,4911.278038873627,0.5747369967444685
360050027011,360050027011,Block Group 1; Census Tract 27.01; Bronx County; New York,Bronx,1397,489,489,1.0,309,254,0.8220064724919094,670,0.4795991410164638,206,0.1474588403722262,0,0.0,378,0.2705798138869005,0,0.0,1019,0.7294201861130994,176,0.3599182004089979,36005002701,3083,1441,0.4674018812844632,3111,754,0.2423657987785278,3111,312,0.1002892960462873,38285,0.038285,36489.48674415568,0.7115726157920965
360050027021,360050027021,Block Group 1; Census Tract 27.02; Bronx County; New York,Bronx,1510,352,352,1.0,408,320,0.7843137254901961,297,0.1966887417218543,125,0.0827814569536423,0,0.0,462,0.3059602649006622,23,0.0152317880794701,986,0.6529801324503312,69,0.1960227272727272,36005002702,4788,2206,0.460735171261487,4798,997,0.2077949145477282,4798,756,0.1575656523551479,53858,0.053858,28036.689071261462,0.815003708399311
360050273001,360050273001,Block Group 1; Census Tract 273; Bronx County; New York,Bronx,805,409,392,0.9584352078239609,306,252,0.8235294117647058,211,0.262111801242236,180,0.2236024844720497,97,0.1204968944099378,0,0.0,0,0.0,708,0.8795031055900621,134,0.3276283618581907,36005027300,6218,1662,0.2672885172081055,6218,558,0.0897394660662592,6218,554,0.0890961724027018,58151,0.058151,13843.270107134873,0.7999295061605058
360050274011,360050274011,Block Group 1; Census Tract 274.01; Bronx County; New York,Bronx,768,280,190,0.6785714285714286,276,87,0.3152173913043478,252,0.328125,169,0.2200520833333333,490,0.6380208333333334,0,0.0,74,0.0963541666666666,204,0.265625,14,0.05,36005027401,4973,457,0.0918962396943494,4973,839,0.1687110396139151,4973,213,0.042831288960386,79420,0.07942,9670.108285066734,0.7024798819928721
360050274021,360050274021,Block Group 1; Census Tract 274.02; Bronx County; New York,Bronx,1669,613,148,0.2414355628058727,699,132,0.1888412017167382,303,0.1815458358298382,542,0.3247453565008987,967,0.579388855602157,71,0.042540443379269,122,0.07309766327142,453,0.2714200119832234,10,0.0163132137030995,36005027402,3336,243,0.072841726618705,3308,418,0.1263603385731559,3308,52,0.0157194679564691,255115,0.255115,6542.147658898928,0.7392669354373029
360050276001,360050276001,Block Group 1; Census Tract 276; Bronx County; New York,Bronx,154,31,11,0.3548387096774194,95,3,0.031578947368421,0,0.0,1,0.0064935064935064,36,0.2337662337662337,4,0.0259740259740259,0,0.0,114,0.7402597402597403,0,0.0,36005027600,154,16,0.1038961038961039,154,20,0.1298701298701298,154,25,0.1623376623376623,1837996,1.837996,83.78690704441142,0.6265953229402775
360050277001,360050277001,Block Group 1; Census Tract 277; Bronx County; New York,Bronx,554,258,243,0.9418604651162792,244,118,0.4836065573770491,53,0.095667870036101,97,0.1750902527075812,67,0.1209386281588447,18,0.0324909747292418,0,0.0,452,0.8158844765342961,64,0.2480620155038759,36005027700,4474,1362,0.3044255699597675,4474,787,0.1759052302190433,4474,320,0.0715243629861421,39216,0.039216,14126.88698490412,0.8097219474422664
360050279001,360050279001,Block Group 1; Census Tract 279; Bronx County; New York,Bronx,856,293,257,0.8771331058020477,456,304,0.6666666666666666,285,0.3329439252336448,11,0.0128504672897196,70,0.0817757009345794,11,0.0128504672897196,0,0.0,775,0.905373831775701,26,0.0887372013651877,36005027900,8037,1379,0.1715814358591514,8003,1313,0.1640634761964263,8003,540,0.0674746969886292,85883,0.085883,9967.048193472514,0.7535428825714108
360050281001,360050281001,Block Group 1; Census Tract 281; Bronx County; New York,Bronx,871,383,328,0.856396866840731,390,187,0.4794871794871795,116,0.1331802525832376,278,0.3191733639494833,350,0.4018369690011481,192,0.2204362801377726,9,0.010332950631458,315,0.3616532721010333,15,0.0391644908616188,36005028100,3357,183,0.0545129579982126,3357,549,0.163538873994638,3357,131,0.0390229371462615,46660,0.04666,18666.95242177454,0.870461686273581
360050283001,360050283001,Block Group 1; Census Tract 283; Bronx County; New York,Bronx,1208,492,492,1.0,124,103,0.8306451612903226,435,0.3600993377483443,64,0.0529801324503311,95,0.0786423841059602,274,0.2268211920529801,0,0.0,839,0.6945364238410596,16,0.032520325203252,36005028300,2325,1516,0.6520430107526882,2325,477,0.2051612903225806,2325,117,0.0503225806451612,116827,0.116827,10340.075496246587,0.7861612685749654
360050285001,360050285001,Block Group 1; Census Tract 285; Bronx County; New York,Bronx,1372,732,651,0.889344262295082,695,252,0.3625899280575539,225,0.1639941690962099,193,0.14067055393586,741,0.5400874635568513,156,0.1137026239067055,91,0.0663265306122449,321,0.2339650145772594,92,0.1256830601092896,36005028500,3414,353,0.1033977738722905,3422,586,0.1712448860315605,3422,111,0.032437171244886,61773,0.061773,22210.35080051155,0.6510379173138316
360050286001,360050286001,Block Group 1; Census Tract 286; Bronx County; New York,Bronx,610,251,135,0.5378486055776892,372,100,0.2688172043010752,82,0.1344262295081967,191,0.3131147540983606,267,0.4377049180327869,67,0.1098360655737704,59,0.0967213114754098,211,0.3459016393442622,0,0.0,36005028600,1248,90,0.0721153846153846,1248,169,0.1354166666666666,1248,48,0.0384615384615384,136923,0.136923,4455.0586826172375,0.8994673279940837
360050287001,360050287001,Block Group 1; Census Tract 287; Bronx County; New York,Bronx,1244,449,133,0.2962138084632517,589,257,0.4363327674023769,241,0.1937299035369775,158,0.1270096463022508,501,0.402733118971061,24,0.0192926045016077,198,0.1591639871382636,434,0.3488745980707395,27,0.0601336302895322,36005028700,3529,311,0.0881269481439501,3530,427,0.1209631728045325,3530,436,0.1235127478753541,103355,0.103355,12036.185961008176,0.7847021747272409
360050288001,360050288001,Block Group 1; Census Tract 288; Bronx County; New York,Bronx,1234,394,138,0.350253807106599,558,124,0.2222222222222222,376,0.3047001620745543,149,0.1207455429497568,833,0.6750405186385737,105,0.0850891410048622,130,0.1053484602917342,148,0.119935170178282,16,0.0406091370558375,36005028800,2589,238,0.0919273850907686,2589,297,0.1147161066048667,2589,123,0.0475086906141367,112029,0.112029,11015.005043336992,0.9133662741213686
360050289001,360050289001,Block Group 1; Census Tract 289; Bronx County; New York,Bronx,598,265,265,1.0,240,206,0.8583333333333333,185,0.3093645484949833,29,0.0484949832775919,10,0.0167224080267558,8,0.0133779264214046,0,0.0,572,0.9565217391304348,61,0.230188679245283,36005028900,4314,804,0.1863699582753824,4314,448,0.1038479369494668,4314,424,0.0982846546128882,54080,0.05408,11057.692307692309,0.7907618194339238
360050028001,360050028001,Block Group 1; Census Tract 28; Bronx County; New York,Bronx,1269,706,490,0.6940509915014165,598,338,0.5652173913043478,78,0.0614657210401891,197,0.1552403467297084,14,0.0110323089046493,888,0.6997635933806147,0,0.0,367,0.289204097714736,54,0.0764872521246459,36005002800,5462,449,0.0822043207616257,5462,1376,0.2519223727572318,5462,235,0.0430245331380446,261929,0.261929,4844.824360800064,0.5420177336230163
360050293011,360050293011,Block Group 1; Census Tract 293.01; Bronx County; New York,Bronx,823,509,113,0.2220039292730845,433,125,0.2886836027713625,90,0.1093560145808019,394,0.4787363304981774,620,0.7533414337788579,16,0.0194410692588092,45,0.0546780072904009,93,0.1130012150668286,22,0.043222003929273,36005029301,1710,94,0.0549707602339181,1710,187,0.1093567251461988,1710,37,0.0216374269005847,211275,0.211275,3895.396994438528,0.0844286741704759
360050293021,360050293021,Block Group 1; Census Tract 293.02; Bronx County; New York,Bronx,903,453,101,0.2229580573951435,581,178,0.306368330464716,115,0.1273532668881506,319,0.3532668881506091,580,0.6423034330011074,176,0.1949058693244739,0,0.0,0,0.0,31,0.0684326710816777,36005029302,5319,94,0.0176724948298552,5319,759,0.1426959954878736,5319,94,0.0176724948298552,147121,0.147121,6137.804936073028,0.8017899553140978
360050295001,360050295001,Block Group 1; Census Tract 295; Bronx County; New York,Bronx,1903,785,344,0.4382165605095541,1017,284,0.279252704031465,467,0.2454019968470835,294,0.1544929059379926,763,0.4009458749343142,101,0.0530740935365212,286,0.1502890173410404,586,0.3079348397267472,95,0.1210191082802547,36005029500,4582,740,0.1615015277171541,4582,589,0.1285464862505456,4582,37,0.0080750763858577,75695,0.075695,25140.365942268316,0.6101576579268495
360050296001,360050296001,Block Group 1; Census Tract 296; Bronx County; New York,Bronx,1490,813,745,0.916359163591636,769,329,0.4278283485045513,169,0.1134228187919463,176,0.1181208053691275,279,0.187248322147651,167,0.1120805369127516,251,0.1684563758389261,692,0.4644295302013422,140,0.1722017220172201,36005029600,2018,375,0.1858275520317145,2304,205,0.0889756944444444,2304,71,0.0308159722222222,434191,0.434191,3431.669472651437,0.9268550000543192
360050297001,360050297001,Block Group 1; Census Tract 297; Bronx County; New York,Bronx,1471,702,426,0.6068376068376068,439,211,0.4806378132118451,213,0.1447994561522773,756,0.5139360978925901,980,0.6662134602311353,122,0.0829367777022433,151,0.1026512576478586,132,0.0897348742352141,29,0.0413105413105413,36005029700,3926,133,0.0338767193071828,3926,824,0.2098828323993886,3926,48,0.0122261844116148,83172,0.083172,17686.240561727504,0.615831009708359
360050002001,360050002001,Block Group 1; Census Tract 2; Bronx County; New York,Bronx,1425,279,121,0.4336917562724014,651,142,0.2181259600614439,188,0.1319298245614035,207,0.1452631578947368,4,0.0028070175438596,585,0.4105263157894737,79,0.055438596491228,757,0.5312280701754386,0,0.0,36005000200,5061,652,0.1288282948033985,5061,702,0.1387077652637818,5061,287,0.0567081604426002,89013,0.089013,16008.897576758452,0.3311949301236034
360050300001,360050300001,Block Group 1; Census Tract 300; Bronx County; New York,Bronx,2121,650,577,0.8876923076923077,1064,288,0.2706766917293233,593,0.2795851013672796,229,0.1079679396511079,515,0.2428099952852428,196,0.0924092409240924,565,0.2663837812352664,835,0.3936822253653936,31,0.0476923076923076,36005030000,6860,625,0.0911078717201166,6920,604,0.0872832369942196,6920,295,0.0426300578034682,94330,0.09433,22484.893459132833,0.7496114360865372
360050301001,360050301001,Block Group 1; Census Tract 301; Bronx County; New York,Bronx,814,444,266,0.5990990990990991,468,94,0.2008547008547008,116,0.1425061425061425,162,0.199017199017199,508,0.6240786240786241,18,0.0221130221130221,9,0.011056511056511,226,0.2776412776412776,0,0.0,36005030100,1215,99,0.0814814814814814,1215,130,0.1069958847736625,1215,11,0.0090534979423868,46107,0.046107,17654.58607152927,0.7246394881382588
360050302011,360050302011,Block Group 1; Census Tract 302.01; Bronx County; New York,Bronx,1880,717,557,0.7768479776847977,1049,662,0.6310772163965681,357,0.1898936170212766,284,0.151063829787234,36,0.0191489361702127,846,0.45,0,0.0,906,0.4819148936170213,38,0.0529986052998605,36005030201,3681,377,0.1024178212442271,3681,581,0.1578375441456126,3681,215,0.0584080412931268,102340,0.10234,18370.138753175688,0.5852853017734935
360050302021,360050302021,Block Group 1; Census Tract 302.02; Bronx County; New York,Bronx,2070,863,626,0.7253765932792584,1174,727,0.6192504258943782,280,0.1352657004830917,439,0.2120772946859903,84,0.0405797101449275,1578,0.7623188405797101,0,0.0,341,0.1647342995169082,66,0.0764774044032444,36005030202,6160,513,0.0832792207792207,6160,749,0.1215909090909091,6160,174,0.0282467532467532,30370,0.03037,68159.36779716826,0.5307723881924555
360050307011,360050307011,Block Group 1; Census Tract 307.01; Bronx County; New York,Bronx,1139,453,154,0.3399558498896247,438,37,0.0844748858447488,289,0.2537313432835821,240,0.2107111501316944,737,0.6470588235294118,76,0.0667251975417032,9,0.0079016681299385,306,0.2686567164179104,0,0.0,36005030701,5743,239,0.041615880201985,5743,837,0.1457426432178304,5743,293,0.0510186313773289,208064,0.208064,5474.277145493695,0.5676664013797927
360050309001,360050309001,Block Group 1; Census Tract 309; Bronx County; New York,Bronx,1067,178,162,0.9101123595505618,44,7,0.1590909090909091,0,0.0,845,0.7919400187441424,801,0.7507029053420806,153,0.1433926897844423,14,0.0131208997188378,92,0.0862230552952202,0,0.0,36005030900,2946,92,0.0312287847929395,3072,533,0.1735026041666666,3072,27,0.0087890625,671458,0.671458,1589.0792871631584,0.4966446237914991
360050310001,360050310001,Block Group 1; Census Tract 310; Bronx County; New York,Bronx,1565,454,110,0.2422907488986784,714,102,0.1428571428571428,124,0.0792332268370607,476,0.3041533546325878,544,0.3476038338658146,155,0.0990415335463258,450,0.2875399361022364,406,0.2594249201277955,0,0.0,36005031000,3721,156,0.0419242139209889,3721,309,0.083042192958882,3721,8,0.0021499596882558,154173,0.154173,10150.93433999468,0.9059242371534244
360050312001,360050312001,Block Group 1; Census Tract 312; Bronx County; New York,Bronx,778,255,51,0.2,299,44,0.1471571906354515,239,0.30719794344473,146,0.1876606683804627,122,0.1568123393316195,127,0.1632390745501285,26,0.0334190231362467,494,0.6349614395886889,24,0.0941176470588235,36005031200,1474,171,0.1160108548168249,1432,170,0.1187150837988826,1432,77,0.0537709497206703,82853,0.082853,9390.124678647726,0.7098455349535885
360050314001,360050314001,Block Group 1; Census Tract 314; Bronx County; New York,Bronx,1035,297,93,0.3131313131313131,454,180,0.3964757709251101,221,0.2135265700483092,198,0.1913043478260869,164,0.1584541062801932,303,0.2927536231884058,141,0.136231884057971,384,0.3710144927536232,44,0.1481481481481481,36005031400,2024,105,0.0518774703557312,2052,191,0.0930799220272904,2052,138,0.067251461988304,113762,0.113762,9097.94131608094,0.8008931016306965
360050316001,360050316001,Block Group 1; Census Tract 316; Bronx County; New York,Bronx,1030,414,212,0.5120772946859904,494,161,0.3259109311740891,193,0.187378640776699,179,0.1737864077669902,225,0.2184466019417475,79,0.0766990291262136,98,0.0951456310679611,552,0.5359223300970873,30,0.072463768115942,36005031600,1697,303,0.1785503830288745,1697,327,0.1926929876252209,1697,67,0.0394814378314672,98431,0.098431,10464.183031768447,0.8463893741816775
360050318001,360050318001,Block Group 1; Census Tract 318; Bronx County; New York,Bronx,686,169,47,0.2781065088757396,321,65,0.2024922118380062,139,0.2026239067055393,55,0.0801749271137026,25,0.0364431486880466,305,0.4446064139941691,101,0.1472303206997084,247,0.3600583090379008,0,0.0,36005031800,1663,70,0.042092603728202,1663,177,0.1064341551413108,1663,51,0.0306674684305472,66237,0.066237,10356.74924890922,0.8425889817836429
360050319001,360050319001,Block Group 1; Census Tract 319; Bronx County; New York,Bronx,693,6,6,1.0,136,9,0.0661764705882353,14,0.0202020202020202,71,0.1024531024531024,390,0.5627705627705628,96,0.1385281385281385,53,0.0764790764790764,128,0.1847041847041847,0,0.0,36005031900,100,88,0.88,685,111,0.1620437956204379,685,25,0.0364963503649635,213170,0.21317,3250.9264905943614,0.5170738639606796
360050031001,360050031001,Block Group 1; Census Tract 31; Bronx County; New York,Bronx,2788,1162,1125,0.96815834767642,1252,804,0.6421725239616614,891,0.319583931133429,237,0.0850071736011477,28,0.0100430416068866,827,0.2966284074605452,150,0.0538020086083213,1766,0.633428981348637,229,0.1970740103270223,36005003100,2788,612,0.2195121951219512,2788,282,0.1011477761836441,2788,144,0.0516499282639885,154703,0.154703,18021.62853984732,0.6893290880281318
360050323001,360050323001,Block Group 1; Census Tract 323; Bronx County; New York,Bronx,1215,771,598,0.7756160830090791,512,236,0.4609375,199,0.1637860082304526,460,0.3786008230452675,682,0.5613168724279836,103,0.0847736625514403,68,0.0559670781893004,297,0.2444444444444444,125,0.1621271076523995,36005032300,4923,175,0.0355474304286004,4923,767,0.1557993093642088,4923,64,0.0130002031281738,54337,0.054337,22360.454202477133,0.7010573994440655
360050324001,360050324001,Block Group 1; Census Tract 324; Bronx County; New York,Bronx,1834,814,814,1.0,493,419,0.8498985801217038,483,0.2633587786259542,352,0.1919302071973827,28,0.015267175572519,645,0.351690294438386,51,0.0278080697928026,1036,0.5648854961832062,191,0.2346437346437346,36005032400,2930,959,0.3273037542662116,2930,425,0.1450511945392491,2930,25,0.0085324232081911,202883,0.202883,9039.692827886023,0.869754138218087
360050326001,360050326001,Block Group 1; Census Tract 326; Bronx County; New York,Bronx,1273,363,172,0.4738292011019284,478,177,0.3702928870292887,226,0.1775333857030636,359,0.2820109976433621,256,0.2010997643362136,211,0.1657501963864886,312,0.2450903377847604,490,0.384917517674784,37,0.1019283746556473,36005032600,3388,526,0.1552538370720189,3388,431,0.1272136953955135,3388,160,0.0472255017709563,136096,0.136096,9353.691511873973,0.8611639456088667
360050328001,360050328001,Block Group 1; Census Tract 328; Bronx County; New York,Bronx,983,325,304,0.9353846153846154,313,143,0.4568690095846645,306,0.311291963377416,135,0.1373346897253306,167,0.1698880976602238,49,0.0498474059003051,1,0.0010172939979654,651,0.6622583926754833,9,0.0276923076923076,36005032800,4110,773,0.1880778588807785,4132,613,0.1483543078412391,4132,301,0.0728460793804453,64602,0.064602,15216.24717501006,0.6629182186907749
360050330001,360050330001,Block Group 1; Census Tract 330; Bronx County; New York,Bronx,1738,626,619,0.988817891373802,597,219,0.3668341708542713,485,0.2790563866513234,122,0.0701956271576524,0,0.0,691,0.3975834292289988,0,0.0,1047,0.6024165707710012,112,0.1789137380191693,36005033000,5194,1244,0.2395071236041586,5194,753,0.1449749711205236,5194,161,0.0309973045822102,61538,0.061538,28242.711820338653,0.688160553852459
360050332011,360050332011,Block Group 1; Census Tract 332.01; Bronx County; New York,Bronx,1559,908,902,0.9933920704845814,654,367,0.5611620795107034,297,0.1905067350865939,210,0.1347017318794098,452,0.2899294419499679,151,0.0968569595894804,50,0.032071840923669,864,0.5542014111610006,187,0.2059471365638766,36005033201,4046,1133,0.2800296589223925,4046,996,0.2461690558576371,4046,199,0.0491843796342066,36991,0.036991,42145.38671568759,0.7432673858531663
360050332021,360050332021,Block Group 1; Census Tract 332.02; Bronx County; New York,Bronx,1295,606,454,0.7491749174917491,509,321,0.630648330058939,160,0.1235521235521235,472,0.3644787644787645,32,0.0247104247104247,309,0.2386100386100386,276,0.2131274131274131,673,0.5196911196911197,74,0.1221122112211221,36005033202,3182,806,0.2532998114393463,3182,508,0.1596480201131364,3182,70,0.0219987429289754,34789,0.034789,37224.41001465981,0.6825121826657021
360050334001,360050334001,Block Group 1; Census Tract 334; Bronx County; New York,Bronx,32,8,8,1.0,14,12,0.8571428571428571,4,0.125,0,0.0,5,0.15625,23,0.71875,0,0.0,4,0.125,0,0.0,36005033400,32,2,0.0625,32,13,0.40625,32,4,0.125,3067606,3.067606,10.431587368130064,0.6782082826619777
360050335001,360050335001,Block Group 1; Census Tract 335; Bronx County; New York,Bronx,290,82,22,0.2682926829268293,109,4,0.036697247706422,70,0.2413793103448276,61,0.2103448275862069,215,0.7413793103448276,27,0.093103448275862,5,0.0172413793103448,11,0.0379310344827586,0,0.0,36005033500,1761,237,0.1345826235093696,2122,165,0.0777568331762488,2122,62,0.0292177191328934,359268,0.359268,807.1968558290747,0.4984853595330984
360050336011,360050336011,Block Group 1; Census Tract 336.01; Bronx County; New York,Bronx,1327,525,505,0.961904761904762,610,485,0.7950819672131147,299,0.2253202712886209,90,0.0678221552373775,41,0.0308967596081386,323,0.2434061793519216,180,0.1356443104747551,783,0.5900527505651846,243,0.4628571428571428,36005033601,4403,2005,0.4553713377242789,4414,967,0.2190756683280471,4414,427,0.0967376529225192,34973,0.034973,37943.55645783891,0.6995687682951449
360050336021,360050336021,Block Group 1; Census Tract 336.02; Bronx County; New York,Bronx,1234,589,358,0.6078098471986417,552,300,0.5434782608695652,311,0.2520259319286872,293,0.2374392220421393,70,0.0567260940032414,592,0.479740680713128,0,0.0,556,0.4505672609400324,16,0.0271646859083191,36005033602,1218,171,0.1403940886699507,1234,318,0.2576985413290113,1234,25,0.0202593192868719,56395,0.056395,21881.372462097705,0.6795061032456378
360050337001,360050337001,Block Group 1; Census Tract 337; Bronx County; New York,Bronx,486,189,139,0.7354497354497355,107,61,0.5700934579439252,151,0.3106995884773662,136,0.279835390946502,441,0.9074074074074074,18,0.037037037037037,14,0.0288065843621399,13,0.0267489711934156,26,0.1375661375661375,36005033700,3143,158,0.0502704422526248,3193,517,0.1619166927654243,3193,57,0.0178515502662073,30973,0.030973,15691.08578439286,0.7309228887595095
360050338011,360050338011,Block Group 1; Census Tract 338.01; Bronx County; New York,Bronx,1037,515,494,0.9592233009708738,471,407,0.8641188959660298,206,0.1986499517839922,89,0.085824493731919,13,0.0125361620057859,208,0.2005785920925747,74,0.0713596914175506,473,0.4561234329797493,7,0.0135922330097087,36005033801,2011,461,0.2292391844853306,2011,303,0.1506713078070611,2011,178,0.08851317752362,49211,0.049211,21072.52443559367,0.6842984590871639
360050338021,360050338021,Block Group 1; Census Tract 338.02; Bronx County; New York,Bronx,1579,528,476,0.9015151515151516,705,493,0.699290780141844,402,0.2545915136162128,131,0.0829639012032932,23,0.0145661811272957,614,0.3888537048765041,69,0.0436985433818872,838,0.5307156428119063,77,0.1458333333333333,36005033802,1569,525,0.3346080305927342,1579,142,0.0899303356554781,1579,219,0.1386953768207726,46999,0.046999,33596.459499138284,0.6969646487489417
360050033001,360050033001,Block Group 1; Census Tract 33; Bronx County; New York,Bronx,461,207,181,0.8743961352657005,211,140,0.6635071090047393,48,0.1041214750542299,54,0.1171366594360086,68,0.1475054229934924,200,0.4338394793926247,0,0.0,193,0.4186550976138828,0,0.0,36005003300,3577,1547,0.4324853228962818,3577,607,0.1696952753704221,3577,108,0.0301928990774391,78317,0.078317,5886.333746185375,0.7127972495533071
360050340001,360050340001,Block Group 1; Census Tract 340; Bronx County; New York,Bronx,1405,474,344,0.7257383966244726,663,366,0.5520361990950227,470,0.3345195729537366,136,0.096797153024911,0,0.0,450,0.3202846975088968,111,0.0790035587188612,693,0.493238434163701,183,0.3860759493670886,36005034000,4978,984,0.1976697468862997,5004,415,0.0829336530775379,5004,720,0.1438848920863309,46954,0.046954,29922.9032670273,0.6440446561785955
360050342001,360050342001,Block Group 1; Census Tract 342; Bronx County; New York,Bronx,1013,380,244,0.6421052631578947,444,280,0.6306306306306306,290,0.2862783810463968,149,0.1470878578479763,16,0.0157946692991115,474,0.4679170779861796,0,0.0,474,0.4679170779861796,51,0.1342105263157894,36005034200,1603,302,0.1883967560823456,1625,175,0.1076923076923077,1625,69,0.0424615384615384,46948,0.046948,21577.063985686294,0.6745096366237728
360050343001,360050343001,Block Group 1; Census Tract 343; Bronx County; New York,Bronx,944,315,133,0.4222222222222222,272,41,0.150735294117647,180,0.1906779661016949,338,0.3580508474576271,334,0.3538135593220339,126,0.1334745762711864,26,0.0275423728813559,404,0.4279661016949153,0,0.0,36005034300,1456,71,0.0487637362637362,1472,142,0.0964673913043478,1472,38,0.0258152173913043,60810,0.06081,15523.762539056075,0.5733086940204696
360050344001,360050344001,Block Group 1; Census Tract 344; Bronx County; New York,Bronx,704,264,105,0.3977272727272727,389,108,0.2776349614395887,236,0.3352272727272727,64,0.0909090909090909,71,0.1008522727272727,66,0.09375,173,0.2457386363636363,381,0.5411931818181818,51,0.1931818181818181,36005034400,1708,582,0.3407494145199063,1717,205,0.1193942923704135,1717,240,0.139778683750728,60650,0.06065,11607.584501236604,0.6893811517922606
360050345001,360050345001,Block Group 1; Census Tract 345; Bronx County; New York,Bronx,1360,578,348,0.6020761245674741,812,251,0.3091133004926108,389,0.2860294117647058,134,0.0985294117647058,360,0.2647058823529412,131,0.0963235294117647,13,0.0095588235294117,683,0.5022058823529412,31,0.0536332179930795,36005034500,3950,399,0.1010126582278481,3950,565,0.1430379746835443,3950,168,0.0425316455696202,82123,0.082123,16560.525066059447,0.5676813061945201
360050348001,360050348001,Block Group 1; Census Tract 348; Bronx County; New York,Bronx,686,263,118,0.4486692015209125,472,118,0.25,181,0.2638483965014577,0,0.0,0,0.0,686,1.0,0,0.0,0,0.0,0,0.0,36005034800,6046,1143,0.1890506119748594,6046,632,0.1045319219318557,6046,144,0.0238173999338405,127977,0.127977,5360.338185767755,0.5892988847076879
360050350001,360050350001,Block Group 1; Census Tract 350; Bronx County; New York,Bronx,908,379,219,0.5778364116094987,443,239,0.5395033860045146,185,0.2037444933920704,154,0.1696035242290749,30,0.0330396475770925,550,0.6057268722466961,44,0.0484581497797356,268,0.2951541850220264,17,0.0448548812664907,36005035000,1887,143,0.0757816640169581,1887,170,0.09009009009009,1887,109,0.0577636459989401,111522,0.111522,8141.891286024283,0.5467799724409342
360050351001,360050351001,Block Group 1; Census Tract 351; Bronx County; New York,Bronx,1156,170,66,0.388235294117647,388,112,0.2886597938144329,91,0.078719723183391,73,0.0631487889273356,718,0.6211072664359861,68,0.0588235294117647,47,0.0406574394463667,179,0.1548442906574394,0,0.0,36005035100,2707,198,0.0731437015145918,3461,422,0.1219300780121352,3461,90,0.0260040450736781,126768,0.126768,9119.020573015272,0.6387473463484725
360050356001,360050356001,Block Group 1; Census Tract 356; Bronx County; New York,Bronx,1279,379,191,0.503957783641161,559,192,0.3434704830053667,211,0.1649726348709929,185,0.1446442533229085,3,0.0023455824863174,1114,0.870992963252541,0,0.0,133,0.1039874902267396,0,0.0,36005035600,2201,277,0.1258518855065879,2202,302,0.1371480472297911,2202,98,0.0445049954586739,87135,0.087135,14678.37264015608,0.8419322935419831
360050358001,360050358001,Block Group 1; Census Tract 358; Bronx County; New York,Bronx,1645,645,325,0.5038759689922481,470,252,0.5361702127659574,363,0.2206686930091185,428,0.2601823708206687,0,0.0,942,0.572644376899696,10,0.0060790273556231,693,0.4212765957446808,0,0.0,36005035800,6673,619,0.0927618762175932,6673,688,0.1031020530496028,6673,214,0.0320695339427543,125658,0.125658,13091.088510082924,0.6590128776848418
360050359001,360050359001,Block Group 1; Census Tract 359; Bronx County; New York,Bronx,3873,1693,1576,0.9308919078558772,1308,780,0.5963302752293578,1242,0.3206816421378776,626,0.1616318099664342,89,0.0229796023754195,1306,0.3372063000258198,0,0.0,2328,0.6010844306738962,343,0.2025989367985824,36005035900,3822,1623,0.4246467817896389,3873,713,0.1840950167828556,3873,201,0.0518977536793183,134331,0.134331,28831.76630859593,0.7354463395347522
360050035001,360050035001,Block Group 1; Census Tract 35; Bronx County; New York,Bronx,828,386,386,1.0,267,203,0.7602996254681648,255,0.3079710144927536,76,0.0917874396135265,29,0.0350241545893719,123,0.1485507246376811,0,0.0,583,0.7041062801932367,122,0.3160621761658031,36005003500,3481,780,0.2240735420856076,3481,980,0.2815282964665326,3481,235,0.0675093363975869,84140,0.08414,9840.741621107676,0.9045466749861
360050360001,360050360001,Block Group 1; Census Tract 360; Bronx County; New York,Bronx,776,308,169,0.5487012987012987,287,124,0.4320557491289198,114,0.1469072164948453,129,0.1662371134020618,18,0.0231958762886597,487,0.6275773195876289,83,0.1069587628865979,162,0.2087628865979381,12,0.0389610389610389,36005036000,2571,480,0.1866977829638273,2606,293,0.112432847275518,2606,171,0.065617805065234,66004,0.066004,11756.863220410884,0.8281634544986142
360050361001,360050361001,Block Group 1; Census Tract 361; Bronx County; New York,Bronx,549,211,178,0.8436018957345972,178,129,0.7247191011235955,108,0.1967213114754098,61,0.1111111111111111,2,0.0036429872495446,121,0.2204007285974499,0,0.0,426,0.7759562841530054,11,0.0521327014218009,36005036100,4678,2287,0.4888841385207353,4679,1166,0.2491985466980124,4679,139,0.0297072023936738,34522,0.034522,15902.902496958464,0.7353529334005278
360050363001,360050363001,Block Group 1; Census Tract 363; Bronx County; New York,Bronx,948,332,296,0.891566265060241,278,158,0.5683453237410072,68,0.0717299578059071,227,0.2394514767932489,84,0.0886075949367088,26,0.0274261603375527,0,0.0,838,0.8839662447257384,170,0.5120481927710844,36005036300,6714,2729,0.4064641048555257,6718,1478,0.2200059541530217,6718,348,0.0518011312890741,20287,0.020287,46729.43264159314,0.7284364994916167
360050364001,360050364001,Block Group 1; Census Tract 364; Bronx County; New York,Bronx,929,331,223,0.6737160120845922,359,197,0.5487465181058496,132,0.1420882669537136,149,0.1603875134553283,0,0.0,699,0.7524219590958019,0,0.0,190,0.2045209903121636,0,0.0,36005036400,2304,225,0.09765625,2304,383,0.1662326388888889,2304,222,0.0963541666666666,84660,0.08466,10973.30498464446,0.6193537976346233
360050365011,360050365011,Block Group 1; Census Tract 365.01; Bronx County; New York,Bronx,1437,561,561,1.0,609,252,0.4137931034482758,242,0.1684064022268615,194,0.1350034794711204,14,0.0097425191370911,638,0.4439805149617258,0,0.0,692,0.4815588030619346,122,0.2174688057040998,36005036501,4287,1051,0.245159785397714,4287,837,0.1952414275717285,4287,297,0.0692792162351294,29658,0.029658,48452.3568682986,0.8176025927198478
360050365021,360050365021,Block Group 1; Census Tract 365.02; Bronx County; New York,Bronx,1268,572,560,0.9790209790209792,433,230,0.5311778290993071,410,0.3233438485804416,88,0.0694006309148265,26,0.0205047318611987,487,0.3840694006309148,10,0.0078864353312302,736,0.580441640378549,78,0.1363636363636363,36005036502,2280,857,0.3758771929824561,2280,353,0.1548245614035087,2280,175,0.0767543859649122,45855,0.045855,27652.38251008614,0.7447377652571837
360050367001,360050367001,Block Group 1; Census Tract 367; Bronx County; New York,Bronx,1065,270,211,0.7814814814814814,371,213,0.5741239892183289,383,0.3596244131455399,12,0.0112676056338028,17,0.0159624413145539,287,0.2694835680751173,2,0.0018779342723004,702,0.6591549295774648,32,0.1185185185185185,36005036700,2627,1079,0.4107346783403121,2718,694,0.2553348050036791,2718,107,0.0393671817512877,61059,0.061059,17442.146120964968,0.7232870225236596
360050368001,360050368001,Block Group 1; Census Tract 368; Bronx County; New York,Bronx,1025,314,186,0.5923566878980892,296,100,0.3378378378378378,304,0.2965853658536585,250,0.2439024390243902,23,0.0224390243902439,711,0.6936585365853658,0,0.0,142,0.1385365853658536,6,0.019108280254777,36005036800,1941,545,0.2807831014940752,1927,390,0.2023871302542812,1927,105,0.054488842760768,101240,0.10124,10124.4567364678,0.5736575900811373
360050369011,360050369011,Block Group 1; Census Tract 369.01; Bronx County; New York,Bronx,824,315,299,0.9492063492063492,244,167,0.6844262295081968,306,0.3713592233009709,76,0.0922330097087378,18,0.0218446601941747,308,0.3737864077669903,0,0.0,451,0.5473300970873787,73,0.2317460317460317,36005036901,1780,798,0.448314606741573,1780,626,0.3516853932584269,1780,153,0.0859550561797752,65213,0.065213,12635.517458175518,0.7527428523104469
360050369021,360050369021,Block Group 1; Census Tract 369.02; Bronx County; New York,Bronx,939,296,296,1.0,152,73,0.4802631578947368,435,0.463258785942492,86,0.0915867944621938,0,0.0,544,0.5793397231096912,0,0.0,395,0.4206602768903088,54,0.1824324324324324,36005036902,2504,942,0.3761980830670926,2504,462,0.1845047923322683,2504,179,0.0714856230031948,18855,0.018855,49801.113762927605,0.8333550019900801
360050370001,360050370001,Block Group 1; Census Tract 370; Bronx County; New York,Bronx,827,233,146,0.6266094420600858,373,180,0.4825737265415549,280,0.3385731559854897,135,0.1632406287787182,8,0.0096735187424425,413,0.4993954050785973,114,0.1378476420798065,292,0.3530834340991535,22,0.0944206008583691,36005037000,2362,395,0.1672311600338696,2362,326,0.1380186282811177,2362,308,0.130397967823878,55899,0.055899,14794.540152775542,0.6845826478439703
360050371001,360050371001,Block Group 1; Census Tract 371; Bronx County; New York,Bronx,814,318,313,0.9842767295597484,302,165,0.5463576158940397,94,0.1154791154791154,201,0.2469287469287469,61,0.0749385749385749,79,0.097051597051597,0,0.0,642,0.7886977886977887,82,0.2578616352201258,36005037100,4202,1011,0.2405997144217039,4218,1149,0.2724039829302987,4218,249,0.0590327169274537,64693,0.064693,12582.505062371509,0.8086348923548434
360050372001,360050372001,Block Group 1; Census Tract 372; Bronx County; New York,Bronx,657,268,172,0.6417910447761194,379,207,0.5461741424802111,118,0.1796042617960426,33,0.0502283105022831,6,0.0091324200913242,310,0.471841704718417,40,0.060882800608828,301,0.4581430745814307,0,0.0,36005037200,1969,253,0.1284916201117318,2017,187,0.0927119484382746,2017,115,0.0570153693604362,71979,0.071979,9127.662234818488,0.7760805170045058
360050373001,360050373001,Block Group 1; Census Tract 373; Bronx County; New York,Bronx,965,325,312,0.96,256,108,0.421875,362,0.3751295336787564,179,0.1854922279792746,29,0.0300518134715025,274,0.2839378238341969,0,0.0,627,0.649740932642487,70,0.2153846153846154,36005037300,6185,1415,0.2287793047696038,6197,2260,0.3646925931902533,6197,220,0.0355010488946264,53563,0.053563,18016.16787707933,0.8502745683153146
360050374001,360050374001,Block Group 1; Census Tract 374; Bronx County; New York,Bronx,728,314,291,0.926751592356688,366,158,0.4316939890710382,149,0.2046703296703296,82,0.1126373626373626,0,0.0,485,0.6662087912087912,0,0.0,210,0.2884615384615384,0,0.0,36005037400,3602,1169,0.3245419211549139,3633,673,0.1852463528764106,3633,161,0.0443159922928709,26836,0.026836,27127.73885825011,0.6998195737894422
360050375041,360050375041,Block Group 1; Census Tract 375.04; Bronx County; New York,Bronx,1345,474,454,0.9578059071729956,255,134,0.5254901960784314,521,0.387360594795539,154,0.1144981412639405,58,0.0431226765799256,703,0.5226765799256505,5,0.0037174721189591,531,0.3947955390334572,21,0.0443037974683544,36005037504,3831,1240,0.323675280605586,3831,703,0.1835030018271991,3831,204,0.0532498042286609,112438,0.112438,11962.148028246678,0.920627409565258
360050376001,360050376001,Block Group 1; Census Tract 376; Bronx County; New York,Bronx,1001,385,328,0.8519480519480519,312,172,0.5512820512820513,214,0.2137862137862138,212,0.2117882117882117,66,0.0659340659340659,312,0.3116883116883117,22,0.0219780219780219,593,0.5924075924075924,108,0.2805194805194805,36005037600,2115,503,0.2378250591016548,2115,380,0.1796690307328605,2115,199,0.0940898345153664,37219,0.037219,26894.86552567237,0.691181820436207
360050378001,360050378001,Block Group 1; Census Tract 378; Bronx County; New York,Bronx,2117,645,557,0.8635658914728682,826,270,0.3268765133171913,596,0.2815304676428908,221,0.1043930089749645,109,0.0514879546528105,1328,0.627302786962683,0,0.0,680,0.3212092583845063,23,0.0356589147286821,36005037800,3481,791,0.2272335535765584,3503,638,0.1821296031972595,3503,408,0.1164715957750499,70061,0.070061,30216.525599120767,0.892453730040849
360050379001,360050379001,Block Group 1; Census Tract 379; Bronx County; New York,Bronx,1537,503,503,1.0,246,178,0.7235772357723578,686,0.446324007807417,128,0.0832791151594014,0,0.0,1223,0.7957059206245933,0,0.0,314,0.2042940793754066,52,0.1033797216699801,36005037900,6293,1922,0.3054187192118227,6961,1757,0.2524062634678925,6961,305,0.0438155437437149,29326,0.029326,52410.82998022233,0.8343220478969243
360050037001,360050037001,Block Group 1; Census Tract 37; Bronx County; New York,Bronx,418,149,149,1.0,119,62,0.5210084033613446,131,0.3133971291866029,34,0.0813397129186602,26,0.062200956937799,65,0.1555023923444976,0,0.0,327,0.7822966507177034,32,0.2147651006711409,36005003700,387,116,0.2997416020671835,418,82,0.1961722488038277,418,48,0.1148325358851674,165973,0.165973,2518.481921758358,0.8937010433139987
360050380001,360050380001,Block Group 1; Census Tract 380; Bronx County; New York,Bronx,1385,766,647,0.8446475195822454,592,371,0.6266891891891891,250,0.1805054151624548,344,0.2483754512635379,24,0.0173285198555956,1235,0.8916967509025271,11,0.007942238267148,115,0.0830324909747292,23,0.0300261096605744,36005038000,4925,2213,0.4493401015228426,4925,692,0.1405076142131979,4925,185,0.0375634517766497,45315,0.045315,30563.830961050426,0.7537156320165748
360050381001,360050381001,Block Group 1; Census Tract 381; Bronx County; New York,Bronx,799,197,197,1.0,251,183,0.7290836653386454,260,0.32540675844806,58,0.0725907384230287,22,0.0275344180225281,409,0.5118898623279099,0,0.0,368,0.4605757196495619,108,0.5482233502538071,36005038100,6523,2154,0.3302161582094128,6543,1032,0.1577258138468592,6543,591,0.0903255387436955,12873,0.012873,62067.8940417929,0.7181751885066768
360050382001,360050382001,Block Group 1; Census Tract 382; Bronx County; New York,Bronx,1706,544,328,0.6029411764705882,809,254,0.3139678615574783,396,0.2321219226260258,290,0.1699882766705744,34,0.0199296600234466,1179,0.6910902696365768,35,0.0205158264947245,433,0.2538100820633059,56,0.1029411764705882,36005038200,2937,486,0.1654749744637385,2964,379,0.1278677462887989,2964,184,0.0620782726045884,81414,0.081414,20954.626968334684,0.7586198760758939
360050383011,360050383011,Block Group 1; Census Tract 383.01; Bronx County; New York,Bronx,928,264,264,1.0,347,250,0.7204610951008645,272,0.293103448275862,66,0.0711206896551724,0,0.0,27,0.0290948275862068,20,0.021551724137931,876,0.9439655172413792,148,0.5606060606060606,36005038301,4525,1671,0.3692817679558011,4553,565,0.1240940039534373,4553,728,0.1598945750054909,29306,0.029306,31665.87047021088,0.5978464691768809
360050383031,360050383031,Block Group 1; Census Tract 383.03; Bronx County; New York,Bronx,2249,658,658,1.0,983,650,0.6612410986775178,645,0.2867941307247665,148,0.0658070253445976,0,0.0,553,0.2458870609159626,0,0.0,1696,0.7541129390840373,155,0.2355623100303951,36005038303,3644,940,0.2579582875960483,3662,663,0.1810486073184052,3662,240,0.0655379574003277,38328,0.038328,58677.72907534961,0.6760111491254889
360050383041,360050383041,Block Group 1; Census Tract 383.04; Bronx County; New York,Bronx,2231,844,844,1.0,685,426,0.621897810218978,629,0.2819363514119229,174,0.0779919318691169,33,0.0147915732855221,952,0.42671447781264,8,0.0035858359480053,1105,0.4952935903182429,80,0.0947867298578199,36005038304,2146,1033,0.4813606710158434,2231,562,0.2519049753473779,2231,60,0.0268937696100403,69385,0.069385,32153.923758737477,0.7701267753421798
360050385001,360050385001,Block Group 1; Census Tract 385; Bronx County; New York,Bronx,967,389,389,1.0,200,87,0.435,255,0.2637021716649431,81,0.0837642192347466,0,0.0,401,0.4146845915201654,0,0.0,566,0.5853154084798345,86,0.2210796915167095,36005038500,5197,3759,0.7233019049451607,5218,1275,0.2443464929091606,5218,157,0.0300881563817554,62960,0.06296,15358.958068614991,0.9723655226575364
360050386001,360050386001,Block Group 1; Census Tract 386; Bronx County; New York,Bronx,1215,388,93,0.2396907216494845,359,52,0.1448467966573816,361,0.297119341563786,388,0.3193415637860082,55,0.0452674897119341,799,0.6576131687242799,0,0.0,361,0.297119341563786,0,0.0,36005038600,7985,1631,0.204257983719474,8012,1044,0.1303045431852221,8012,524,0.0654018971542686,83543,0.083543,14543.40878350071,0.5682637789342413
360050387001,360050387001,Block Group 1; Census Tract 387; Bronx County; New York,Bronx,1003,532,511,0.9605263157894736,450,232,0.5155555555555555,132,0.13160518444666,170,0.1694915254237288,207,0.2063808574277168,255,0.2542372881355932,47,0.0468594217347956,325,0.3240279162512463,63,0.1184210526315789,36005038700,3610,1054,0.2919667590027701,3610,631,0.174792243767313,3610,799,0.2213296398891966,107329,0.107329,9345.097783450885,0.8414479886284567
360050388001,360050388001,Block Group 1; Census Tract 388; Bronx County; New York,Bronx,1287,524,290,0.5534351145038168,538,157,0.2918215613382899,391,0.3038073038073038,189,0.1468531468531468,4,0.0031080031080031,1115,0.8663558663558664,0,0.0,119,0.0924630924630924,8,0.015267175572519,36005038800,2752,577,0.2096656976744186,2752,316,0.1148255813953488,2752,148,0.0537790697674418,72552,0.072552,17739.000992391662,0.752267465720023
360050389001,360050389001,Block Group 1; Census Tract 389; Bronx County; New York,Bronx,1158,420,420,1.0,524,237,0.4522900763358778,248,0.2141623488773748,52,0.0449050086355785,147,0.1269430051813471,169,0.1459412780656304,27,0.0233160621761658,720,0.6217616580310881,62,0.1476190476190476,36005038900,5221,1810,0.3466768818234055,5412,505,0.0933111603843311,5412,906,0.1674057649667406,48230,0.04823,24009.952311839104,0.799465382927584
360050038001,360050038001,Block Group 1; Census Tract 38; Bronx County; New York,Bronx,1250,392,254,0.6479591836734694,407,179,0.4398034398034398,291,0.2328,197,0.1576,5,0.004,141,0.1128,89,0.0712,1015,0.812,48,0.1224489795918367,36005003800,1210,391,0.3231404958677686,1250,209,0.1672,1250,60,0.048,63397,0.063397,19717.021310156633,0.5783604632803202
360050390001,360050390001,Block Group 1; Census Tract 390; Bronx County; New York,Bronx,1464,546,458,0.8388278388278388,448,368,0.8214285714285714,264,0.180327868852459,228,0.1557377049180328,35,0.0239071038251366,588,0.4016393442622951,0,0.0,443,0.3025956284153005,89,0.163003663003663,36005039000,3054,572,0.1872953503601833,3054,379,0.1240995415848068,3054,104,0.0340537000654878,89036,0.089036,16442.787187205176,0.8370820764020243
360050391001,360050391001,Block Group 1; Census Tract 391; Bronx County; New York,Bronx,1281,747,630,0.8433734939759037,637,214,0.3359497645211931,0,0.0,380,0.2966432474629196,0,0.0,364,0.2841530054644808,0,0.0,917,0.7158469945355191,286,0.3828647925033467,36005039100,6048,2033,0.3361441798941799,6071,1192,0.1963432712897381,6071,820,0.1350683577664305,34370,0.03437,37270.875763747455,0.7925733337477504
360050392001,360050392001,Block Group 1; Census Tract 392; Bronx County; New York,Bronx,828,299,249,0.8327759197324415,399,144,0.3609022556390977,202,0.2439613526570048,125,0.1509661835748792,13,0.0157004830917874,397,0.4794685990338164,0,0.0,409,0.4939613526570048,54,0.1806020066889632,36005039200,1578,304,0.1926489226869455,1578,296,0.1875792141951837,1578,98,0.0621039290240811,40770,0.04077,20309.05077262693,0.8552405167597118
360050393001,360050393001,Block Group 1; Census Tract 393; Bronx County; New York,Bronx,2706,899,899,1.0,928,676,0.728448275862069,1024,0.3784183296378418,191,0.0705838876570583,16,0.0059127864005912,1067,0.3943089430894309,0,0.0,1623,0.5997782705099778,339,0.3770856507230256,36005039300,8776,3306,0.3767092069279854,8847,1510,0.170679326325308,8847,368,0.0415960212501412,59295,0.059295,45636.225651404,0.7792123947751564
360050394001,360050394001,Block Group 1; Census Tract 394; Bronx County; New York,Bronx,782,308,308,1.0,296,131,0.4425675675675675,280,0.3580562659846547,95,0.1214833759590792,0,0.0,537,0.6867007672634271,0,0.0,245,0.3132992327365729,64,0.2077922077922078,36005039400,4020,1149,0.285820895522388,4119,502,0.1218742413207089,4119,525,0.1274581209031318,13595,0.013595,57521.147480691434,0.8450129463072444
360050395001,360050395001,Block Group 1; Census Tract 395; Bronx County; New York,Bronx,1528,583,583,1.0,449,331,0.7371937639198218,544,0.3560209424083769,134,0.087696335078534,16,0.0104712041884816,308,0.2015706806282722,28,0.0183246073298429,1176,0.7696335078534031,0,0.0,36005039500,4389,1820,0.4146730462519936,4372,1738,0.3975297346752058,4372,284,0.0649588289112534,72469,0.072469,21084.87767183209,0.7817820676420133
360050396001,360050396001,Block Group 1; Census Tract 396; Bronx County; New York,Bronx,672,280,158,0.5642857142857143,312,134,0.4294871794871794,110,0.1636904761904762,149,0.2217261904761904,1,0.0014880952380952,591,0.8794642857142857,0,0.0,79,0.1175595238095238,12,0.0428571428571428,36005039600,3760,989,0.263031914893617,3760,666,0.177127659574468,3760,379,0.1007978723404255,44689,0.044689,15037.257490657656,0.8373070090281962
360050397001,360050397001,Block Group 1; Census Tract 397; Bronx County; New York,Bronx,3647,263,263,1.0,953,155,0.1626442812172088,70,0.019193857965451,202,0.055387990128873,2171,0.5952837948999178,103,0.0282423910063065,382,0.1047436248971757,835,0.2289553057307375,76,0.2889733840304182,36005039700,1052,377,0.3583650190114068,4219,386,0.0914908746148376,4219,118,0.0279687129651576,498978,0.498978,7308.939472281343,0.888218620546847
360050398001,360050398001,Block Group 1; Census Tract 398; Bronx County; New York,Bronx,1806,584,393,0.672945205479452,486,297,0.6111111111111112,704,0.3898117386489479,337,0.1866002214839424,0,0.0,1065,0.5897009966777409,0,0.0,693,0.3837209302325581,0,0.0,36005039800,3514,1675,0.4766647694934547,3540,651,0.1838983050847457,3540,65,0.0183615819209039,100242,0.100242,18016.400311246784,0.7485835798806667
360050399011,360050399011,Block Group 1; Census Tract 399.01; Bronx County; New York,Bronx,679,230,230,1.0,258,215,0.8333333333333334,161,0.2371134020618556,100,0.1472754050073637,1,0.0014727540500736,87,0.1281296023564064,0,0.0,581,0.8556701030927835,107,0.4652173913043478,36005039901,4854,987,0.2033374536464771,4808,459,0.0954658901830282,4808,547,0.1137687188019966,43216,0.043216,15711.77341725287,0.7586374892444712
360050399021,360050399021,Block Group 1; Census Tract 399.02; Bronx County; New York,Bronx,940,303,303,1.0,405,140,0.345679012345679,312,0.3319148936170212,53,0.0563829787234042,0,0.0,82,0.0872340425531914,0,0.0,845,0.898936170212766,131,0.4323432343234323,36005039902,4706,1122,0.2384190395240119,4719,569,0.120576393303666,4719,822,0.1741894469167196,47115,0.047115,19951.18327496551,0.7633608849923239
360050039001,360050039001,Block Group 1; Census Tract 39; Bronx County; New York,Bronx,1410,547,547,1.0,755,363,0.4807947019867549,308,0.2184397163120567,203,0.1439716312056737,0,0.0,16,0.0113475177304964,0,0.0,1394,0.9886524822695036,157,0.2870201096892139,36005003900,5567,2065,0.3709358721034668,5581,1159,0.2076688765454219,5581,488,0.0874395269664934,42693,0.042693,33026.49146230061,0.6692800549430722
360050040011,360050040011,Block Group 1; Census Tract 40.01; Bronx County; New York,Bronx,1294,489,234,0.4785276073619632,495,254,0.5131313131313131,272,0.2102009273570324,373,0.2882534775888717,11,0.008500772797527,185,0.1429675425038639,445,0.3438948995363214,592,0.4574961360123648,72,0.147239263803681,36005004001,1294,111,0.0857805255023183,1294,161,0.124420401854714,1294,93,0.0718701700154559,123145,0.123145,10507.937796906086,0.7398524878953062
360050401001,360050401001,Block Group 1; Census Tract 401; Bronx County; New York,Bronx,932,462,462,1.0,389,214,0.5501285347043702,199,0.213519313304721,76,0.0815450643776824,6,0.0064377682403433,311,0.3336909871244635,33,0.0354077253218884,582,0.6244635193133047,56,0.1212121212121212,36005040100,4566,2040,0.4467805519053876,4622,1135,0.2455646906101254,4622,485,0.1049329294677628,15067,0.015067,61857.03856109378,0.7166914185870572
360050403021,360050403021,Block Group 1; Census Tract 403.02; Bronx County; New York,Bronx,1795,837,829,0.990442054958184,620,324,0.5225806451612903,405,0.2256267409470752,394,0.2194986072423398,31,0.0172701949860724,221,0.1231197771587743,0,0.0,1543,0.8596100278551532,204,0.2437275985663082,36005040302,3968,1755,0.4422883064516129,3984,701,0.1759538152610441,3984,185,0.0464357429718875,37475,0.037475,47898.59906604403,0.6971416883911928
360050403031,360050403031,Block Group 1; Census Tract 403.03; Bronx County; New York,Bronx,1340,335,326,0.9731343283582088,481,308,0.6403326403326404,282,0.2104477611940298,215,0.1604477611940298,6,0.0044776119402985,119,0.0888059701492537,65,0.0485074626865671,1150,0.8582089552238806,159,0.4746268656716418,36005040303,3980,1225,0.307788944723618,3999,585,0.1462865716429107,3999,378,0.0945236309077269,32077,0.032077,41774.48015712192,0.8207922095169873
360050403041,360050403041,Block Group 1; Census Tract 403.04; Bronx County; New York,Bronx,1149,366,366,1.0,299,119,0.3979933110367893,400,0.3481288076588337,63,0.0548302872062663,112,0.0974760661444734,144,0.1253263707571801,71,0.0617928633594429,822,0.7154046997389034,57,0.1557377049180328,36005040304,3502,1321,0.3772130211307824,3492,423,0.1211340206185567,3492,428,0.122565864833906,23445,0.023445,49008.31733845169,0.5569185526202123
360050404001,360050404001,Block Group 1; Census Tract 404; Bronx County; New York,Bronx,2269,673,359,0.5334323922734027,877,404,0.4606613454960091,764,0.3367122080211547,332,0.1463199647421771,0,0.0,1430,0.630233583076245,0,0.0,763,0.3362714852357867,70,0.1040118870728083,36005040400,3408,535,0.1569835680751173,3408,311,0.0912558685446009,3408,324,0.0950704225352112,105068,0.105068,21595.538127688735,0.7169471342979049
360050405011,360050405011,Block Group 1; Census Tract 405.01; Bronx County; New York,Bronx,1523,582,582,1.0,619,435,0.7027463651050081,438,0.2875902823374918,196,0.1286933683519369,12,0.0078791858174655,120,0.0787918581746552,51,0.0334865397242285,1340,0.8798424162836507,218,0.3745704467353952,36005040501,3327,829,0.2491734295160805,3327,376,0.113014727983168,3327,366,0.1100090171325518,38347,0.038347,39716.275067149974,0.7019805767740731
360050405021,360050405021,Block Group 1; Census Tract 405.02; Bronx County; New York,Bronx,789,406,346,0.8522167487684729,466,384,0.8240343347639485,125,0.1584283903675538,71,0.0899873257287705,0,0.0,216,0.2737642585551331,0,0.0,438,0.5551330798479087,92,0.2266009852216748,36005040502,5615,2013,0.3585040071237756,5574,601,0.1078220308575529,5574,444,0.0796555435952637,20329,0.020329,38811.55000245954,0.810176523698671
360050406001,360050406001,Block Group 1; Census Tract 406; Bronx County; New York,Bronx,1470,613,360,0.5872756933115824,877,422,0.4811858608893957,378,0.2571428571428571,83,0.0564625850340136,103,0.0700680272108843,779,0.5299319727891156,39,0.0265306122448979,423,0.2877551020408163,23,0.0375203915171288,36005040600,3239,675,0.2083976535967891,3451,426,0.123442480440452,3451,173,0.0501303969863807,111558,0.111558,13177.002097563598,0.8389464634123567
360050407011,360050407011,Block Group 1; Census Tract 407.01; Bronx County; New York,Bronx,1002,357,351,0.9831932773109244,411,321,0.781021897810219,352,0.3512974051896207,39,0.0389221556886227,80,0.0798403193612774,135,0.1347305389221557,14,0.0139720558882235,759,0.7574850299401198,109,0.3053221288515406,36005040701,2839,947,0.3335681578020429,2839,483,0.1701303275801338,2839,344,0.121169425854174,20048,0.020048,49980.047885075815,0.8466394967873274
360050407021,360050407021,Block Group 1; Census Tract 407.02; Bronx County; New York,Bronx,823,410,410,1.0,374,118,0.3155080213903743,196,0.2381530984204131,148,0.1798298906439854,0,0.0,38,0.0461725394896719,0,0.0,785,0.953827460510328,106,0.2585365853658536,36005040702,6223,1739,0.2794472119556484,6223,1239,0.1991001124859392,6223,341,0.0547967218383416,22763,0.022763,36155.164082063,0.7979226938402671
360050408001,360050408001,Block Group 1; Census Tract 408; Bronx County; New York,Bronx,477,241,241,1.0,133,69,0.518796992481203,28,0.0587002096436058,94,0.1970649895178197,0,0.0,152,0.3186582809224318,0,0.0,316,0.6624737945492662,58,0.2406639004149377,36005040800,4168,865,0.2075335892514395,4374,713,0.1630086877000457,4374,425,0.0971650663008687,14540,0.01454,32806.052269601096,0.8806907991384338
360050409001,360050409001,Block Group 1; Census Tract 409; Bronx County; New York,Bronx,3010,1203,1106,0.9193682460515378,1413,1088,0.7699929228591649,693,0.2302325581395349,578,0.1920265780730897,354,0.1176079734219269,2128,0.7069767441860465,83,0.0275747508305647,423,0.140531561461794,134,0.1113881961762261,36005040900,3323,128,0.0385194101715317,3323,486,0.1462533854950346,3323,105,0.0315979536563346,609355,0.609355,4939.649301310402,0.8652178686021813
360050411001,360050411001,Block Group 1; Census Tract 411; Bronx County; New York,Bronx,946,493,487,0.9878296146044624,460,365,0.7934782608695652,79,0.0835095137420718,200,0.2114164904862579,11,0.0116279069767441,114,0.120507399577167,35,0.0369978858350951,726,0.7674418604651163,66,0.1338742393509127,36005041100,3417,692,0.202516827626573,3418,645,0.1887068461088355,3418,331,0.0968402574605032,45550,0.04555,20768.386388583975,0.8557791787152916
360050413001,360050413001,Block Group 1; Census Tract 413; Bronx County; New York,Bronx,1311,803,754,0.9389788293897884,553,222,0.4014466546112116,170,0.129672006102212,249,0.1899313501144164,176,0.1342486651411136,143,0.1090770404271548,24,0.0183066361556064,952,0.7261632341723875,193,0.2403486924034869,36005041300,7251,2037,0.2809267687215556,7327,889,0.1213320595059369,7327,818,0.1116418725262727,46712,0.046712,28065.593423531427,0.8576334835014604
360050414001,360050414001,Block Group 1; Census Tract 414; Bronx County; New York,Bronx,1873,731,309,0.4227086183310533,863,326,0.3777520278099652,149,0.0795515216230646,625,0.3336892685531233,289,0.1542979177789642,782,0.4175120128136679,123,0.0656700480512546,329,0.1756540309663641,0,0.0,36005041400,5290,727,0.1374291115311909,5478,880,0.1606425702811245,5478,395,0.0721066082511865,120010,0.12001,15607.03274727106,0.7374186292184307
360050415001,360050415001,Block Group 1; Census Tract 415; Bronx County; New York,Bronx,1532,513,455,0.8869395711500975,586,370,0.6313993174061433,469,0.3061357702349869,158,0.1031331592689295,20,0.0130548302872062,48,0.031331592689295,0,0.0,1464,0.9556135770234988,215,0.4191033138401559,36005041500,5555,1288,0.2318631863186318,5555,536,0.0964896489648965,5555,597,0.1074707470747074,25619,0.025619,59799.36765681721,0.7956181738566349
360050418001,360050418001,Block Group 1; Census Tract 418; Bronx County; New York,Bronx,616,271,271,1.0,269,242,0.8996282527881041,25,0.0405844155844155,149,0.2418831168831169,110,0.1785714285714285,273,0.4431818181818182,0,0.0,153,0.2483766233766234,0,0.0,36005041800,3357,530,0.1578790586833482,3396,958,0.2820965842167255,3396,422,0.1242638398115429,140793,0.140793,4375.217517916373,0.8770787727891448
360050419001,360050419001,Block Group 1; Census Tract 419; Bronx County; New York,Bronx,575,243,224,0.9218106995884774,316,143,0.4525316455696203,74,0.128695652173913,19,0.0330434782608695,82,0.1426086956521739,142,0.2469565217391304,0,0.0,277,0.4817391304347826,23,0.0946502057613168,36005041900,6199,1059,0.1708340054847556,6212,885,0.1424661944623309,6212,567,0.0912749517063747,65073,0.065073,8836.230080063928,0.9395096318965146
360050041001,360050041001,Block Group 1; Census Tract 41; Bronx County; New York,Bronx,840,529,529,1.0,294,101,0.3435374149659864,0,0.0,288,0.3428571428571428,53,0.0630952380952381,215,0.2559523809523809,0,0.0,572,0.680952380952381,161,0.3043478260869565,36005004100,6143,3311,0.5389874654077812,6105,1726,0.2827190827190827,6105,330,0.054054054054054,47483,0.047483,17690.541878145865,0.7919249149438204
360050420001,360050420001,Block Group 1; Census Tract 420; Bronx County; New York,Bronx,1443,497,497,1.0,523,322,0.615678776290631,369,0.2557172557172557,119,0.0824670824670824,7,0.0048510048510048,530,0.3672903672903673,18,0.0124740124740124,888,0.6153846153846154,51,0.1026156941649899,36005042000,4621,2057,0.4451417442112097,4614,1295,0.2806675335934113,4614,486,0.1053315994798439,62744,0.062744,22998.214968761957,0.940066031601138
360050421001,360050421001,Block Group 1; Census Tract 421; Bronx County; New York,Bronx,903,475,411,0.8652631578947368,532,124,0.2330827067669172,170,0.1882613510520487,11,0.0121816168327796,287,0.3178294573643411,142,0.1572535991140642,78,0.0863787375415282,396,0.4385382059800664,10,0.0210526315789473,36005042100,5780,1763,0.3050173010380623,5780,527,0.0911764705882352,5780,579,0.1001730103806228,74857,0.074857,12063.000120229235,0.9192462312637156
360050422001,360050422001,Block Group 1; Census Tract 422; Bronx County; New York,Bronx,1818,642,313,0.4875389408099688,859,349,0.4062863795110594,565,0.3107810781078108,205,0.1127612761276127,18,0.0099009900990099,1584,0.8712871287128713,21,0.0115511551155115,130,0.0715071507150715,39,0.0607476635514018,36005042200,3209,256,0.0797756310377064,3209,336,0.1047055157369897,3209,306,0.0953568089747585,107605,0.107605,16895.125691185352,0.869566329290095
360050423001,360050423001,Block Group 1; Census Tract 423; Bronx County; New York,Bronx,1352,433,433,1.0,532,406,0.7631578947368421,385,0.2847633136094674,92,0.0680473372781065,0,0.0,130,0.0961538461538461,17,0.0125739644970414,1105,0.8173076923076923,120,0.277136258660508,36005042300,4189,944,0.2253521126760563,4189,526,0.1255669610885653,4189,491,0.1172117450465504,17730,0.01773,76254.93513818388,0.9498747029086814
360050424001,360050424001,Block Group 1; Census Tract 424; Bronx County; New York,Bronx,1178,341,187,0.5483870967741935,269,98,0.3643122676579926,250,0.2122241086587436,362,0.3073005093378608,26,0.0220713073005093,579,0.4915110356536502,38,0.032258064516129,511,0.4337860780984719,0,0.0,36005042400,2264,238,0.1051236749116607,2264,362,0.1598939929328622,2264,192,0.0848056537102473,86310,0.08631,13648.47642219905,0.8744610265660695
360050425001,360050425001,Block Group 1; Census Tract 425; Bronx County; New York,Bronx,517,187,187,1.0,282,18,0.0638297872340425,130,0.2514506769825919,68,0.1315280464216634,325,0.6286266924564797,0,0.0,0,0.0,192,0.3713733075435203,29,0.1550802139037433,36005042500,6693,2209,0.3300463170476617,6808,1020,0.1498237367802585,6808,522,0.076674500587544,27288,0.027288,18946.056874816768,0.8059311563271445
360050426001,360050426001,Block Group 1; Census Tract 426; Bronx County; New York,Bronx,1616,356,139,0.3904494382022472,673,305,0.4531946508172362,390,0.2413366336633663,507,0.3137376237623762,0,0.0,1254,0.775990099009901,215,0.1330445544554455,147,0.0909653465346534,0,0.0,36005042600,6635,1090,0.1642803315749811,6660,1193,0.1791291291291291,6660,739,0.1109609609609609,118825,0.118825,13599.83168525142,0.6079931834422548
360050428001,360050428001,Block Group 1; Census Tract 428; Bronx County; New York,Bronx,1228,464,99,0.2133620689655172,712,117,0.1643258426966292,193,0.1571661237785016,405,0.3298045602605863,20,0.01628664495114,832,0.6775244299674267,0,0.0,41,0.0333876221498371,34,0.0732758620689655,36005042800,2347,203,0.0864933958244567,2381,385,0.1616967660646787,2381,94,0.0394792104157916,81768,0.081768,15018.099990216222,0.6484137765926629
360050429011,360050429011,Block Group 1; Census Tract 429.01; Bronx County; New York,Bronx,1718,614,607,0.988599348534202,705,437,0.6198581560283688,510,0.2968568102444703,102,0.059371362048894,89,0.0518044237485448,399,0.2322467986030267,255,0.1484284051222351,975,0.5675203725261933,123,0.2003257328990228,36005042901,3397,1140,0.3355902266705917,3361,280,0.0833085391252603,3361,297,0.0883665575721511,72522,0.072522,23689.36322771021,0.7778877383196582
360050429021,360050429021,Block Group 1; Census Tract 429.02; Bronx County; New York,Bronx,2034,896,859,0.9587053571428572,715,352,0.4923076923076923,523,0.2571288102261553,175,0.0860373647984267,71,0.0349065880039331,392,0.1927236971484759,242,0.1189773844641101,1329,0.6533923303834809,180,0.2008928571428571,36005042902,3546,839,0.236604624929498,3568,710,0.1989910313901345,3568,267,0.0748318385650224,59819,0.059819,34002.5744328725,0.7863635926943827
360050042001,360050042001,Block Group 1; Census Tract 42; Bronx County; New York,Bronx,819,325,281,0.8646153846153846,417,267,0.6402877697841727,55,0.0671550671550671,285,0.3479853479853479,0,0.0,91,0.1111111111111111,0,0.0,728,0.8888888888888888,37,0.1138461538461538,36005004200,7755,1214,0.1565441650548033,7724,1165,0.150828586224754,7724,364,0.0471258415328845,45515,0.045515,17994.06788970669,0.6227688118700176
360050430001,360050430001,Block Group 1; Census Tract 430; Bronx County; New York,Bronx,880,282,14,0.0496453900709219,352,152,0.4318181818181818,52,0.059090909090909,444,0.5045454545454545,0,0.0,754,0.8568181818181818,0,0.0,89,0.1011363636363636,18,0.0638297872340425,36005043000,3004,350,0.1165113182423435,3004,356,0.118508655126498,3004,101,0.0336218375499334,95123,0.095123,9251.180051091744,0.8520387509967181
360050431011,360050431011,Block Group 1; Census Tract 431.01; Bronx County; New York,Bronx,2461,759,759,1.0,873,418,0.4788087056128293,478,0.1942299878098334,531,0.2157659488013003,63,0.0255993498577813,254,0.1032100772043884,0,0.0,2144,0.8711905729378302,236,0.310935441370224,36005043101,5051,2025,0.4009107107503464,5051,1030,0.2039200158384478,5051,382,0.0756285883983369,42168,0.042168,58361.79093151205,0.8557972184475041
360050431021,360050431021,Block Group 1; Census Tract 431.02; Bronx County; New York,Bronx,1971,751,528,0.7030625832223701,963,411,0.4267912772585669,311,0.1577879249112125,455,0.2308472856418061,148,0.0750887874175545,384,0.1948249619482496,52,0.0263825469304921,1382,0.7011669203450025,184,0.2450066577896138,36005043102,4059,884,0.2177876324217787,4059,600,0.1478196600147819,4059,462,0.1138211382113821,39842,0.039842,49470.40811204256,0.9495988229767762
360050434001,360050434001,Block Group 1; Census Tract 434; Bronx County; New York,Bronx,1046,413,217,0.5254237288135594,649,316,0.4869029275808937,135,0.1290630975143403,119,0.1137667304015296,0,0.0,565,0.5401529636711281,15,0.01434034416826,428,0.4091778202676864,53,0.1283292978208232,36005043400,3921,1019,0.2598826829890334,3921,391,0.0997194593216016,3921,136,0.0346850293292527,188277,0.188277,5555.644077609055,0.848337222660096
360050435011,360050435011,Block Group 1; Census Tract 435.01; Bronx County; New York,Bronx,1011,446,446,1.0,381,181,0.4750656167979002,338,0.334322453016815,109,0.1078140454995054,6,0.0059347181008902,463,0.4579624134520277,45,0.0445103857566765,497,0.4915924826904055,34,0.0762331838565022,36005043501,1011,363,0.3590504451038576,1011,189,0.1869436201780415,1011,43,0.0425321463897131,398042,0.398042,2539.9329718974377,0.776601389159282
360050436001,360050436001,Block Group 1; Census Tract 436; Bronx County; New York,Bronx,1079,342,144,0.4210526315789473,400,183,0.4575,356,0.329935125115848,142,0.1316033364226135,23,0.0213160333642261,668,0.6190917516218721,10,0.0092678405931417,311,0.2882298424467099,0,0.0,36005043600,2362,306,0.1295512277730736,2362,347,0.1469093988145639,2362,64,0.0270956816257408,73028,0.073028,14775.154735170072,0.8425370546860832
360050043001,360050043001,Block Group 1; Census Tract 43; Bronx County; New York,Bronx,1031,492,473,0.9613821138211384,222,91,0.4099099099099099,227,0.2201745877788554,42,0.040737148399612,0,0.0,197,0.1910766246362754,0,0.0,685,0.6644034917555771,0,0.0,36005004300,5400,2546,0.4714814814814815,5400,1508,0.2792592592592592,5400,131,0.0242592592592592,46629,0.046629,22110.70363936606,0.915265588428977
360050442001,360050442001,Block Group 1; Census Tract 442; Bronx County; New York,Bronx,288,129,129,1.0,43,43,1.0,44,0.1527777777777778,9,0.03125,79,0.2743055555555556,65,0.2256944444444444,0,0.0,126,0.4375,0,0.0,36005044200,3993,1282,0.3210618582519409,4003,829,0.2070946789907569,4003,635,0.1586310267299525,19148,0.019148,15040.735324838104,0.8552484756942207
360050444001,360050444001,Block Group 1; Census Tract 444; Bronx County; New York,Bronx,1208,484,172,0.3553719008264462,702,171,0.2435897435897435,182,0.1506622516556291,322,0.2665562913907284,0,0.0,973,0.8054635761589404,0,0.0,70,0.0579470198675496,0,0.0,36005044400,4293,671,0.1563009550430934,4293,620,0.1444211507104588,4293,374,0.0871185651059864,71117,0.071117,16986.09333914535,0.7027466711925537
360050448001,360050448001,Block Group 1; Census Tract 448; Bronx County; New York,Bronx,1355,336,101,0.3005952380952381,687,277,0.4032023289665211,185,0.1365313653136531,352,0.2597785977859778,31,0.0228782287822878,1078,0.7955719557195572,0,0.0,234,0.1726937269372693,0,0.0,36005044800,2374,451,0.1899747262005054,2374,314,0.1322662173546756,2374,176,0.0741364785172704,101143,0.101143,13396.873733229191,0.7240048616011554
360050449011,360050449011,Block Group 1; Census Tract 449.01; Bronx County; New York,Bronx,903,367,178,0.4850136239782016,506,160,0.3162055335968379,172,0.1904761904761904,169,0.1871539313399778,601,0.6655592469545958,12,0.0132890365448504,10,0.0110741971207087,238,0.2635658914728682,15,0.0408719346049046,36005044901,2043,141,0.0690161527165932,2043,287,0.1404796867351933,2043,161,0.0788056779246206,66163,0.066163,13648.111482248389,0.9087517108827003
360050449021,360050449021,Block Group 1; Census Tract 449.02; Bronx County; New York,Bronx,1164,525,359,0.6838095238095238,688,299,0.4345930232558139,153,0.1314432989690721,273,0.2345360824742268,851,0.7310996563573883,15,0.0128865979381443,18,0.0154639175257731,271,0.2328178694158075,43,0.0819047619047619,36005044902,2164,239,0.1104436229205175,2164,209,0.0965804066543438,2164,184,0.0850277264325323,78796,0.078796,14772.323468196357,0.7934276397707378
360050044001,360050044001,Block Group 1; Census Tract 44; Bronx County; New York,Bronx,1455,542,542,1.0,342,232,0.6783625730994152,493,0.3388316151202749,199,0.1367697594501718,0,0.0,529,0.363573883161512,0,0.0,853,0.5862542955326461,74,0.1365313653136531,36005004400,4118,1573,0.3819815444390481,4118,591,0.143516270033997,4118,201,0.0488101019912578,63362,0.063362,22963.290300179917,0.7501670417524491
360050451011,360050451011,Block Group 1; Census Tract 451.01; Bronx County; New York,Bronx,425,248,210,0.8467741935483871,251,63,0.250996015936255,56,0.1317647058823529,106,0.2494117647058823,348,0.8188235294117647,0,0.0,38,0.0894117647058823,20,0.0470588235294117,0,0.0,36005045101,1691,31,0.0183323477232406,1691,132,0.07806031933767,1691,13,0.0076877587226493,56462,0.056462,7527.186426268995,0.9084449123355798
360050451021,360050451021,Block Group 1; Census Tract 451.02; Bronx County; New York,Bronx,672,217,132,0.6082949308755761,343,78,0.227405247813411,151,0.2247023809523809,90,0.1339285714285714,343,0.5104166666666666,14,0.0208333333333333,0,0.0,239,0.3556547619047619,0,0.0,36005045102,2068,86,0.0415860735009671,2068,173,0.0836557059961315,2068,46,0.0222437137330754,76790,0.07679,8751.139471285323,0.9013767155469236
360050456001,360050456001,Block Group 1; Census Tract 456; Bronx County; New York,Bronx,1356,426,184,0.431924882629108,648,297,0.4583333333333333,342,0.252212389380531,80,0.0589970501474926,63,0.0464601769911504,1175,0.866519174041298,0,0.0,66,0.0486725663716814,22,0.0516431924882629,36005045600,3552,65,0.0182995495495495,3552,546,0.1537162162162162,3552,150,0.0422297297297297,89012,0.089012,15233.901047049838,0.7564823820115792
360050458001,360050458001,Block Group 1; Census Tract 458; Bronx County; New York,Bronx,1219,451,451,1.0,404,95,0.2351485148514851,295,0.2420016406890894,62,0.0508613617719442,0,0.0,512,0.4200164068908942,0,0.0,707,0.5799835931091059,22,0.048780487804878,36005045800,5523,2353,0.4260365743255477,5523,1630,0.2951294586275574,5523,222,0.0401955458989679,82449,0.082449,14784.897330470958,0.6295890074692774
360050460001,360050460001,Block Group 1; Census Tract 460; Bronx County; New York,Bronx,2101,665,589,0.8857142857142857,823,439,0.5334143377885784,361,0.1718229414564493,377,0.1794383626844359,36,0.01713469776297,952,0.453117563065207,11,0.0052356020942408,686,0.3265111851499286,12,0.0180451127819548,36005046000,2572,805,0.3129860031104199,2516,384,0.1526232114467408,2516,177,0.0703497615262321,239742,0.239742,8763.587523254164,0.5926352131706204
360050462031,360050462031,Block Group 1; Census Tract 462.03; Bronx County; New York,Bronx,3667,1786,977,0.5470324748040314,1064,675,0.6343984962406015,899,0.2451595309517316,1645,0.4485955822197982,251,0.0684483228797382,2243,0.6116716662121625,44,0.0119989091900736,1129,0.3078811017180256,0,0.0,36005046203,6105,751,0.123013923013923,6107,1433,0.234648763713771,6107,145,0.023743245456034,50597,0.050597,72474.65264739016,0.5496810116555862
360050462041,360050462041,Block Group 1; Census Tract 462.04; Bronx County; New York,Bronx,1661,719,511,0.7107093184979137,646,289,0.4473684210526316,389,0.2341962673088501,441,0.2655027092113184,15,0.0090307043949428,874,0.5261890427453342,0,0.0,772,0.4647802528597231,0,0.0,36005046204,5257,541,0.1029104051740536,5257,793,0.1508464903937607,5257,348,0.0661974510176907,27357,0.027357,60715.7217531162,0.5649192206730869
360050462051,360050462051,Block Group 1; Census Tract 462.05; Bronx County; New York,Bronx,503,230,187,0.8130434782608695,205,86,0.4195121951219512,85,0.1689860834990059,70,0.1391650099403578,146,0.2902584493041749,230,0.4572564612326044,0,0.0,127,0.2524850894632207,0,0.0,36005046205,3633,606,0.166804293971924,3633,602,0.1657032755298651,3633,21,0.0057803468208092,10434,0.010434,48207.78225033544,0.5359612633172351
360050462061,360050462061,Block Group 1; Census Tract 462.06; Bronx County; New York,Bronx,940,540,249,0.4611111111111111,300,273,0.91,0,0.0,429,0.4563829787234043,2,0.002127659574468,702,0.7468085106382979,0,0.0,188,0.2,71,0.1314814814814814,36005046206,3942,46,0.0116692034500253,3948,493,0.1248733535967578,3948,381,0.0965045592705167,13442,0.013442,69930.06993006992,0.5257781642683675
360050462071,360050462071,Block Group 1; Census Tract 462.07; Bronx County; New York,Bronx,689,305,124,0.4065573770491803,281,27,0.096085409252669,170,0.2467343976777939,229,0.332365747460087,0,0.0,566,0.8214804063860668,0,0.0,123,0.1785195936139332,0,0.0,36005046207,6535,1056,0.1615914307574598,6535,860,0.1315990818668707,6535,300,0.0459066564651874,62096,0.062096,11095.722751868076,0.5499193918240113
360050462081,360050462081,Block Group 1; Census Tract 462.08; Bronx County; New York,Bronx,1102,344,113,0.3284883720930232,598,46,0.0769230769230769,292,0.26497277676951,144,0.1306715063520871,2,0.0018148820326678,1098,0.9963702359346642,0,0.0,0,0.0,0,0.0,36005046208,4416,379,0.0858242753623188,4378,454,0.1037003197807217,4378,239,0.0545911375057103,135685,0.135685,8121.752588716513,0.6754985985213634
360050462091,360050462091,Block Group 1; Census Tract 462.09; Bronx County; New York,Bronx,1389,363,363,1.0,329,189,0.574468085106383,541,0.3894888408927285,120,0.0863930885529157,0,0.0,378,0.2721382289416846,0,0.0,971,0.6990640748740101,0,0.0,36005046209,4436,2302,0.5189359783588818,4436,840,0.1893597835888187,4436,191,0.0430568079350766,262917,0.262917,5283.036091237919,0.5629986765941964
360050046001,360050046001,Block Group 1; Census Tract 46; Bronx County; New York,Bronx,1478,664,549,0.8268072289156626,452,243,0.5376106194690266,411,0.2780784844384303,298,0.2016238159675236,32,0.0216508795669824,458,0.3098782138024357,0,0.0,960,0.6495263870094723,138,0.2078313253012048,36005004600,1403,721,0.5138987883107626,1478,389,0.2631935047361299,1478,40,0.027063599458728,135341,0.135341,10920.56361339136,0.681474421661588
360050484011,360050484011,Block Group 1; Census Tract 484.01; Bronx County; New York,Bronx,1701,551,212,0.3847549909255898,774,321,0.4147286821705426,503,0.2957084068195179,197,0.115814226925338,27,0.0158730158730158,1401,0.8236331569664903,0,0.0,161,0.0946502057613168,12,0.0217785843920145,36005048401,3879,434,0.1118845063160608,3886,420,0.1080802882141019,3886,108,0.0277920741121976,110883,0.110883,15340.49403425232,0.6069741900560086
360050048001,360050048001,Block Group 1; Census Tract 48; Bronx County; New York,Bronx,2233,891,891,1.0,907,745,0.8213891951488423,537,0.2404836542767577,280,0.1253918495297805,61,0.0273175100761307,316,0.141513658755038,14,0.006269592476489,1842,0.8248992386923422,420,0.4713804713804714,36005004800,4204,1072,0.2549952426260704,4204,496,0.1179828734538534,4204,850,0.2021883920076118,65215,0.065215,34240.58882159013,0.6661608362689346
360050004001,360050004001,Block Group 1; Census Tract 4; Bronx County; New York,Bronx,520,217,95,0.4377880184331797,495,0,0.0,0,0.0,25,0.048076923076923,0,0.0,0,0.0,0,0.0,520,1.0,95,0.4377880184331797,36005000400,6649,297,0.0446683711836366,6649,935,0.1406226500225597,6649,137,0.0206046021958189,62874,0.062874,8270.50927251328,0.6168365567822944
360050050011,360050050011,Block Group 1; Census Tract 50.01; Bronx County; New York,Bronx,1092,305,228,0.7475409836065574,421,149,0.3539192399049881,263,0.2408424908424908,73,0.0668498168498168,10,0.0091575091575091,320,0.293040293040293,41,0.0375457875457875,721,0.6602564102564102,27,0.0885245901639344,36005005001,4852,2714,0.5593569661995054,4878,593,0.1215662156621566,4878,621,0.1273062730627306,39012,0.039012,27991.387265456782,0.6560449938374877
360050050021,360050050021,Block Group 1; Census Tract 50.02; Bronx County; New York,Bronx,1813,595,595,1.0,649,363,0.559322033898305,518,0.2857142857142857,92,0.0507446221731936,8,0.0044125758411472,364,0.2007722007722007,0,0.0,1376,0.7589630446773304,197,0.3310924369747899,36005005002,6151,2360,0.3836774508210047,6275,499,0.0795219123505976,6275,1423,0.2267729083665338,45659,0.045659,39707.39613219738,0.6566034751990436
360050516011,360050516011,Block Group 1; Census Tract 516.01; Bronx County; New York,Bronx,853,358,129,0.3603351955307262,342,0,0.0,165,0.1934349355216881,334,0.391559202813599,562,0.6588511137162955,34,0.0398593200468933,0,0.0,257,0.3012895662368112,0,0.0,36005051601,3828,199,0.0519853709508881,3828,1116,0.2915360501567398,3828,60,0.0156739811912225,236775,0.236775,3602.5762855031144,0.4781398397964107
360050051001,360050051001,Block Group 1; Census Tract 51; Bronx County; New York,Bronx,634,412,343,0.8325242718446602,157,118,0.7515923566878981,84,0.1324921135646687,21,0.0331230283911671,39,0.0615141955835962,118,0.1861198738170347,0,0.0,477,0.7523659305993691,0,0.0,36005005100,7261,2772,0.3817655970252031,7261,2208,0.3040903456824129,7261,175,0.0241013634485608,276222,0.276222,2295.255265692088,0.8981438387742753
360050052001,360050052001,Block Group 1; Census Tract 52; Bronx County; New York,Bronx,937,325,257,0.7907692307692308,301,105,0.3488372093023256,309,0.3297758804695838,128,0.1366061899679829,0,0.0,190,0.2027748132337246,0,0.0,738,0.7876200640341515,17,0.0523076923076923,36005005200,1837,696,0.3788786064235166,1837,317,0.1725639629831246,1837,166,0.090364725095264,158791,0.158791,5900.8382087146,0.6649977988546664
360050053001,360050053001,Block Group 1; Census Tract 53; Bronx County; New York,Bronx,2268,781,781,1.0,728,522,0.717032967032967,629,0.277336860670194,229,0.1009700176366843,0,0.0,1081,0.47663139329806,0,0.0,991,0.4369488536155202,84,0.1075544174135723,36005005300,4065,2597,0.6388683886838868,4065,963,0.23690036900369,4065,119,0.0292742927429274,36963,0.036963,61358.65595325054,0.6121599701164713
360050054001,360050054001,Block Group 1; Census Tract 54; Bronx County; New York,Bronx,820,237,224,0.9451476793248944,276,181,0.6557971014492754,323,0.3939024390243902,58,0.0707317073170731,8,0.0097560975609756,63,0.0768292682926829,0,0.0,603,0.7353658536585366,31,0.1308016877637131,36005005400,5482,1362,0.2484494709959868,5482,428,0.0780736957314848,5482,738,0.1346224005837285,46656,0.046656,17575.445816186555,0.719879691581505
360050056001,360050056001,Block Group 1; Census Tract 56; Bronx County; New York,Bronx,795,425,420,0.9882352941176472,360,150,0.4166666666666667,97,0.1220125786163522,213,0.2679245283018868,15,0.0188679245283018,103,0.1295597484276729,0,0.0,624,0.7849056603773585,209,0.4917647058823529,36005005600,2501,1093,0.4370251899240304,2501,321,0.1283486605357857,2501,238,0.0951619352259096,59789,0.059789,13296.760273628928,0.6036627601593344
360050059021,360050059021,Block Group 1; Census Tract 59.02; Bronx County; New York,Bronx,1146,416,358,0.8605769230769231,485,289,0.5958762886597938,277,0.2417102966841186,61,0.0532286212914485,465,0.4057591623036649,208,0.181500872600349,19,0.0165794066317626,437,0.381326352530541,112,0.2692307692307692,36005005902,3019,1030,0.3411725736999006,3019,424,0.1404438555813183,3019,306,0.1013580655846306,22117,0.022117,51815.34566170818,0.8435309914783653
360050060001,360050060001,Block Group 1; Census Tract 60; Bronx County; New York,Bronx,1280,386,350,0.9067357512953368,406,217,0.5344827586206896,352,0.275,203,0.15859375,12,0.009375,187,0.14609375,0,0.0,1073,0.83828125,36,0.0932642487046632,36005006000,1264,183,0.1447784810126582,1280,128,0.1,1280,45,0.03515625,96668,0.096668,13241.196673149336,0.754064417275715
360050062001,360050062001,Block Group 1; Census Tract 62; Bronx County; New York,Bronx,724,296,281,0.9493243243243245,145,130,0.896551724137931,216,0.2983425414364641,222,0.3066298342541436,5,0.0069060773480662,224,0.3093922651933701,0,0.0,495,0.6837016574585635,23,0.0777027027027027,36005006200,6363,2998,0.4711614018544711,6363,1025,0.1610875373251611,6363,697,0.1095395253811095,71873,0.071873,10073.323779444298,0.6356966436309196
360050063011,360050063011,Block Group 1; Census Tract 63.01; Bronx County; New York,Bronx,697,225,225,1.0,355,165,0.4647887323943662,146,0.2094691535150645,102,0.1463414634146341,0,0.0,64,0.0918220946915351,0,0.0,633,0.9081779053084648,18,0.08,36005006301,7038,2425,0.3445581131003126,7053,997,0.1413582872536509,7053,902,0.1278888416276761,46745,0.046745,14910.685634827254,0.851003232169628
360050064001,360050064001,Block Group 1; Census Tract 64; Bronx County; New York,Bronx,2085,825,678,0.8218181818181818,881,577,0.6549375709421112,514,0.2465227817745803,218,0.1045563549160671,36,0.0172661870503597,874,0.4191846522781774,61,0.0292565947242206,922,0.4422062350119904,103,0.1248484848484848,36005006400,4054,1671,0.4121854958066107,4194,420,0.100143061516452,4194,279,0.0665236051502145,78379,0.078379,26601.513160412866,0.6080570411916643
360050065001,360050065001,Block Group 1; Census Tract 65; Bronx County; New York,Bronx,445,252,252,1.0,288,155,0.5381944444444444,3,0.0067415730337078,75,0.1685393258426966,99,0.2224719101123595,63,0.1415730337078651,69,0.1550561797752809,212,0.4764044943820225,0,0.0,36005006500,4980,2702,0.542570281124498,5008,707,0.1411741214057508,5008,93,0.0185702875399361,112953,0.112953,3939.6917301886624,0.9287567891253596
360050068001,360050068001,Block Group 1; Census Tract 68; Bronx County; New York,Bronx,1359,437,389,0.8901601830663616,426,331,0.7769953051643192,371,0.2729948491537896,269,0.1979396615158204,0,0.0,164,0.1206769683590875,323,0.2376747608535688,815,0.5997056659308315,52,0.1189931350114416,36005006800,2542,884,0.3477576711250983,2542,388,0.1526357199055861,2542,303,0.1191974822974036,40245,0.040245,33768.16995900111,0.6345079683655952
360050069001,360050069001,Block Group 1; Census Tract 69; Bronx County; New York,Bronx,2254,1045,992,0.9492822966507176,889,565,0.6355455568053994,309,0.1370896184560781,467,0.207187222715173,15,0.0066548358473824,800,0.354924578527063,52,0.023070097604259,1383,0.6135758651286601,393,0.3760765550239234,36005006900,6077,2378,0.3913115023860457,6077,1202,0.197794964620701,6077,532,0.0875431956557512,76077,0.076077,29627.877019335672,0.7346363626822344
360050070001,360050070001,Block Group 1; Census Tract 70; Bronx County; New York,Bronx,2147,812,681,0.8386699507389163,760,354,0.4657894736842105,458,0.2133209129017233,469,0.2184443409408477,235,0.1094550535631113,649,0.3022822543083372,206,0.095947834187238,866,0.4033535165346996,189,0.2327586206896551,36005007000,4402,1540,0.3498409813721035,4402,543,0.12335302135393,4402,599,0.1360745115856428,114927,0.114927,18681.423860363535,0.6189273346082853
360050071001,360050071001,Block Group 1; Census Tract 71; Bronx County; New York,Bronx,502,254,136,0.5354330708661418,303,208,0.6864686468646864,13,0.0258964143426294,148,0.2948207171314741,7,0.0139442231075697,87,0.1733067729083665,42,0.0836653386454183,366,0.7290836653386454,25,0.0984251968503937,36005007100,2802,1021,0.3643825838686652,2802,630,0.2248394004282655,2802,67,0.0239114917915774,53640,0.05364,9358.68754660701,0.8286518955111198
360050072001,360050072001,Block Group 1; Census Tract 72; Bronx County; New York,Bronx,2007,757,487,0.6433289299867899,768,407,0.5299479166666666,339,0.1689088191330343,404,0.2012954658694569,94,0.0468360737419033,356,0.1773791728948679,637,0.3173891380169407,794,0.395615346287992,184,0.2430647291941876,36005007200,4845,905,0.1867905056759546,4845,510,0.1052631578947368,4845,738,0.1523219814241486,72062,0.072062,27851.017179650855,0.6216180850628211
360050073001,360050073001,Block Group 1; Census Tract 73; Bronx County; New York,Bronx,2164,772,759,0.983160621761658,632,526,0.8322784810126582,794,0.3669131238447319,276,0.1275415896487985,10,0.0046210720887245,820,0.3789279112754159,36,0.0166358595194085,1281,0.5919593345656192,250,0.3238341968911917,36005007300,4325,1720,0.3976878612716763,4325,526,0.1216184971098265,4325,277,0.0640462427745664,51530,0.05153,41994.95439549777,0.7377763417578679
360050074001,360050074001,Block Group 1; Census Tract 74; Bronx County; New York,Bronx,1323,650,394,0.6061538461538462,602,367,0.6096345514950167,264,0.1995464852607709,423,0.3197278911564626,36,0.0272108843537414,658,0.4973544973544973,0,0.0,493,0.3726379440665155,0,0.0,36005007400,3280,632,0.1926829268292683,3280,405,0.1234756097560975,3280,18,0.0054878048780487,62615,0.062615,21129.122414756846,0.5686599527345627
360050075001,360050075001,Block Group 1; Census Tract 75; Bronx County; New York,Bronx,1712,500,474,0.948,444,148,0.3333333333333333,813,0.4748831775700934,157,0.0917056074766355,5,0.0029205607476635,232,0.1355140186915887,0,0.0,1446,0.844626168224299,55,0.11,36005007500,6353,2753,0.4333385801983315,6353,1203,0.1893593577837242,6353,405,0.0637494097276877,58153,0.058153,29439.581792856778,0.8265826940775474
360050076001,360050076001,Block Group 1; Census Tract 76; Bronx County; New York,Bronx,900,369,360,0.975609756097561,408,195,0.4779411764705882,149,0.1655555555555555,89,0.0988888888888888,27,0.03,25,0.0277777777777777,20,0.0222222222222222,797,0.8855555555555555,100,0.2710027100271002,36005007600,5244,1071,0.204233409610984,5252,560,0.1066260472201066,5252,734,0.1397562833206397,16636,0.016636,54099.54315941332,0.6071259002906537
360050077001,360050077001,Block Group 1; Census Tract 77; Bronx County; New York,Bronx,1966,601,498,0.8286189683860233,817,468,0.572827417380661,384,0.1953204476093591,215,0.1093591047812817,19,0.0096642929806714,465,0.2365208545269582,36,0.0183112919633774,1428,0.7263479145473042,72,0.1198003327787021,36005007700,1966,535,0.2721261444557477,1966,602,0.306205493387589,1966,133,0.0676500508646999,112816,0.112816,17426.606155155296,0.7705347760832124
360050078001,360050078001,Block Group 1; Census Tract 78; Bronx County; New York,Bronx,1018,314,136,0.4331210191082802,372,104,0.2795698924731182,138,0.1355599214145383,196,0.1925343811394892,237,0.2328094302554027,17,0.0166994106090373,60,0.0589390962671905,112,0.1100196463654224,18,0.0573248407643312,36005007800,5633,1651,0.2930942659328954,5633,938,0.1665187289188709,5633,760,0.1349192259897035,99723,0.099723,10208.276927088033,0.5877270492765732
360050079001,360050079001,Block Group 1; Census Tract 79; Bronx County; New York,Bronx,903,341,341,1.0,541,171,0.3160813308687615,265,0.2934662236987818,39,0.0431893687707641,22,0.0243632336655592,183,0.2026578073089701,0,0.0,698,0.7729789590254706,88,0.2580645161290322,36005007900,6809,2128,0.3125275370832721,6829,1449,0.2121833357739054,6829,438,0.06413823400205,53848,0.053848,16769.425048284058,0.6757689109801855
360050083001,360050083001,Block Group 1; Census Tract 83; Bronx County; New York,Bronx,873,303,303,1.0,351,197,0.5612535612535613,206,0.2359679266895761,52,0.0595647193585337,0,0.0,117,0.134020618556701,0,0.0,719,0.8235967926689576,49,0.1617161716171617,36005008300,6285,1895,0.3015115354017502,6287,1554,0.2471767138539844,6287,661,0.1051375854938762,36194,0.036194,24120.019892799915,0.7044360368328975
360050084001,360050084001,Block Group 1; Census Tract 84; Bronx County; New York,Bronx,742,227,124,0.5462555066079295,341,174,0.5102639296187683,208,0.2803234501347709,84,0.1132075471698113,0,0.0,298,0.4016172506738544,63,0.0849056603773584,381,0.5134770889487871,0,0.0,36005008400,3036,470,0.1548089591567852,3108,628,0.202059202059202,3108,79,0.0254182754182754,40655,0.040655,18251.13762144878,0.5611413832587345
360050085001,360050085001,Block Group 1; Census Tract 85; Bronx County; New York,Bronx,796,366,366,1.0,278,244,0.8776978417266187,163,0.2047738693467336,24,0.0301507537688442,14,0.0175879396984924,114,0.14321608040201,6,0.007537688442211,657,0.8253768844221105,0,0.0,36005008500,5861,1574,0.2685548541204572,5866,1099,0.1873508353221957,5866,526,0.0896692806000682,49332,0.049332,16135.571231654909,0.596214022075338
360050086001,360050086001,Block Group 1; Census Tract 86; Bronx County; New York,Bronx,574,275,143,0.52,177,87,0.4915254237288136,87,0.151567944250871,183,0.3188153310104529,3,0.0052264808362369,125,0.2177700348432055,122,0.2125435540069686,260,0.4529616724738676,21,0.0763636363636363,36005008600,3813,1832,0.4804615788093365,3849,1172,0.3044946739412834,3849,734,0.1906988828267082,63184,0.063184,9084.578374271969,0.5541084561737809
360050087001,360050087001,Block Group 1; Census Tract 87; Bronx County; New York,Bronx,1839,654,654,1.0,920,636,0.691304347826087,582,0.3164763458401305,49,0.0266449157150625,12,0.0065252854812398,619,0.3365959760739532,0,0.0,1208,0.6568787384448069,178,0.2721712538226299,36005008700,5738,2120,0.3694667131404671,5807,1162,0.2001033235749957,5807,402,0.0692267952471155,108388,0.108388,16966.82289552349,0.6976109637580035
360050089001,360050089001,Block Group 1; Census Tract 89; Bronx County; New York,Bronx,1645,808,808,1.0,264,113,0.428030303030303,305,0.1854103343465045,615,0.3738601823708207,7,0.0042553191489361,82,0.0498480243161094,0,0.0,1412,0.8583586626139817,249,0.3081683168316831,36005008900,2919,754,0.2583076396026036,2947,1093,0.3708856464200882,2947,260,0.0882253138785205,60574,0.060574,27156.865982104533,0.6632943648591735
360050090001,360050090001,Block Group 1; Census Tract 90; Bronx County; New York,Bronx,36,8,0,0.0,19,0,0.0,10,0.2777777777777778,7,0.1944444444444444,11,0.3055555555555556,0,0.0,0,0.0,25,0.6944444444444444,0,0.0,36005009000,3764,1613,0.4285334750265674,3861,965,0.2499352499352499,3861,80,0.0207200207200207,399419,0.399419,90.13091515426156,0.5268527420138186
360050092001,360050092001,Block Group 1; Census Tract 92; Bronx County; New York,Bronx,2186,633,576,0.909952606635071,741,349,0.4709851551956815,705,0.3225068618481244,216,0.0988106129917657,137,0.0626715462031107,378,0.1729185727355901,1091,0.4990850869167429,546,0.2497712717291857,144,0.2274881516587677,36005009200,5888,934,0.1586277173913043,5888,657,0.1115828804347826,5888,595,0.1010529891304347,75350,0.07535,29011.28069011281,0.6035135585149869
360050093011,360050093011,Block Group 1; Census Tract 93.01; Bronx County; New York,Bronx,902,272,272,1.0,404,175,0.4331683168316831,69,0.0764966740576496,79,0.0875831485587583,50,0.0554323725055432,619,0.6862527716186253,0,0.0,205,0.2272727272727272,0,0.0,36005009301,5623,1460,0.2596478747999288,5714,1124,0.1967098354917746,5714,697,0.1219810990549527,71362,0.071362,12639.780275216504,0.6369723261194227
360050096001,360050096001,Block Group 1; Census Tract 96; Bronx County; New York,Bronx,1473,545,454,0.8330275229357799,601,179,0.2978369384359401,274,0.1860149355057705,406,0.2756279701289885,100,0.0678886625933469,248,0.1683638832315003,306,0.2077393075356415,770,0.5227427019687713,124,0.2275229357798165,36005009600,1780,369,0.2073033707865168,1780,196,0.1101123595505618,1780,115,0.0646067415730337,174310,0.17431,8450.46182089381,0.7313942737704154
360050098001,360050098001,Block Group 1; Census Tract 98; Bronx County; New York,Bronx,860,416,98,0.235576923076923,525,42,0.08,93,0.1081395348837209,158,0.1837209302325581,169,0.1965116279069767,187,0.2174418604651162,20,0.0232558139534883,484,0.5627906976744186,0,0.0,36005009800,4071,504,0.1238025055268975,4071,1006,0.2471137312699582,4071,280,0.0687791697371653,107490,0.10749,8000.744255279561,0.6541279361904849
360050115022,360050115022,Block Group 2; Census Tract 115.02; Bronx County; New York,Bronx,1253,526,526,1.0,426,190,0.4460093896713615,343,0.2737430167597765,217,0.1731843575418994,21,0.0167597765363128,310,0.2474062250598563,0,0.0,913,0.7286512370311253,115,0.2186311787072243,36005011502,3928,1509,0.3841649694501018,3935,866,0.2200762388818297,3935,54,0.0137229987293519,43100,0.0431,29071.925754060325,0.6624044968107985
360050118002,360050118002,Block Group 2; Census Tract 118; Bronx County; New York,Bronx,1134,413,48,0.1162227602905569,437,11,0.0251716247139588,333,0.2936507936507936,200,0.1763668430335097,979,0.86331569664903,0,0.0,7,0.0061728395061728,140,0.1234567901234567,0,0.0,36005011800,3823,460,0.120324352602668,5027,586,0.1165705191963397,5027,210,0.041774418142033,223332,0.223332,5077.6422545806245,0.7064266165307062
360050119002,360050119002,Block Group 2; Census Tract 119; Bronx County; New York,Bronx,1558,473,443,0.9365750528541226,444,132,0.2972972972972973,654,0.4197689345314506,238,0.1527599486521181,0,0.0,289,0.1854942233632862,0,0.0,1269,0.8145057766367138,156,0.3298097251585624,36005011900,5842,1343,0.2298870249914412,5826,1281,0.2198764160659114,5826,99,0.0169927909371781,41527,0.041527,37517.75952994437,0.7190359575098761
360050121012,360050121012,Block Group 2; Census Tract 121.01; Bronx County; New York,Bronx,2047,680,617,0.9073529411764706,668,280,0.4191616766467065,401,0.1958964338055691,278,0.1358085002442599,53,0.0258915486077186,510,0.2491450903761602,24,0.011724474841231,1441,0.7039570102589154,185,0.2720588235294117,36005012101,3293,1067,0.3240206498633465,3293,731,0.221986030974795,3293,180,0.0546614029760097,67420,0.06742,30361.910412340556,0.8276996410433521
360050123002,360050123002,Block Group 2; Census Tract 123; Bronx County; New York,Bronx,2208,735,604,0.8217687074829932,850,387,0.4552941176470588,732,0.3315217391304347,157,0.0711050724637681,0,0.0,1034,0.4682971014492754,41,0.0185688405797101,1113,0.5040760869565217,184,0.2503401360544218,36005012300,4712,1511,0.3206706281833616,4712,1358,0.2882003395585739,4712,249,0.0528438030560271,48842,0.048842,45206.99398059047,0.7175429003796062
360050125002,360050125002,Block Group 2; Census Tract 125; Bronx County; New York,Bronx,1255,452,315,0.6969026548672567,714,496,0.6946778711484594,300,0.2390438247011952,131,0.1043824701195219,0,0.0,52,0.0414342629482071,13,0.0103585657370517,1029,0.8199203187250996,87,0.1924778761061946,36005012500,3989,1188,0.2978190022562045,4001,571,0.1427143214196451,4001,190,0.047488127968008,68846,0.068846,18229.091014728525,0.8337833791186534
360050127012,360050127012,Block Group 2; Census Tract 127.01; Bronx County; New York,Bronx,866,298,199,0.6677852348993288,329,172,0.5227963525835866,240,0.277136258660508,50,0.0577367205542725,0,0.0,170,0.1963048498845265,0,0.0,696,0.8036951501154734,95,0.3187919463087248,36005012701,2102,706,0.3358705994291151,2129,579,0.2719586660403945,2129,151,0.0709253170502583,67828,0.067828,12767.5886064752,0.7539606713985355
360050129012,360050129012,Block Group 2; Census Tract 129.01; Bronx County; New York,Bronx,2959,1162,1162,1.0,684,408,0.5964912280701754,1136,0.3839134842852315,274,0.0925988509631632,79,0.0266982088543426,498,0.1683001013856032,8,0.0027036160865157,2337,0.7897938492734031,342,0.2943201376936317,36005012901,4754,2143,0.4507782919646613,4921,1654,0.3361105466368624,4921,253,0.0514123145702093,76789,0.076789,38534.1650496816,0.7218782965323245
360050131002,360050131002,Block Group 2; Census Tract 131; Bronx County; New York,Bronx,855,379,379,1.0,101,0,0.0,249,0.2912280701754386,221,0.2584795321637427,17,0.0198830409356725,172,0.2011695906432748,0,0.0,666,0.7789473684210526,83,0.2189973614775725,36005013100,5277,2083,0.3947318552207693,5288,1725,0.3262102874432678,5288,188,0.0355521936459909,70577,0.070577,12114.42821315726,0.8109962586985865
360050132002,360050132002,Block Group 2; Census Tract 132; Bronx County; New York,Bronx,1271,575,166,0.288695652173913,706,19,0.0269121813031161,84,0.066089693154996,158,0.1243115656963021,145,0.1140833988985051,71,0.055861526357199,171,0.1345397324940991,884,0.6955153422501967,39,0.0678260869565217,36005013200,7083,397,0.0560496964563038,7083,1809,0.2554002541296061,7083,276,0.0389665396018636,108723,0.108723,11690.258730903304,0.4855306837414046
360050133002,360050133002,Block Group 2; Census Tract 133; Bronx County; New York,Bronx,682,256,189,0.73828125,301,137,0.4551495016611295,277,0.4061583577712609,17,0.0249266862170087,12,0.0175953079178885,34,0.0498533724340175,231,0.3387096774193548,405,0.593841642228739,0,0.0,36005013300,6087,2857,0.4693609331361918,6087,1733,0.2847051092492196,6087,101,0.0165927386232955,65519,0.065519,10409.194279521971,0.8059207779043273
360050135002,360050135002,Block Group 2; Census Tract 135; Bronx County; New York,Bronx,2232,952,952,1.0,1024,398,0.388671875,369,0.1653225806451612,208,0.0931899641577061,0,0.0,687,0.3077956989247312,0,0.0,1545,0.6922043010752689,52,0.0546218487394958,36005013500,4075,1977,0.4851533742331288,4075,925,0.2269938650306748,4075,91,0.0223312883435582,61415,0.061415,36342.912969144345,0.8370564042561661
360050138002,360050138002,Block Group 2; Census Tract 138; Bronx County; New York,Bronx,1219,523,254,0.48565965583174,570,89,0.156140350877193,212,0.1739130434782608,103,0.0844954881050041,150,0.1230516817063166,144,0.1181296144380639,247,0.2026251025430681,662,0.5430680885972108,36,0.0688336520076481,36005013800,3062,568,0.1854996734160679,3062,615,0.2008491182233834,3062,75,0.0244937949052906,156303,0.156303,7798.954594601511,0.644636172524931
360050141002,360050141002,Block Group 2; Census Tract 141; Bronx County; New York,Bronx,2317,1041,1041,1.0,844,237,0.2808056872037914,505,0.2179542511868795,105,0.0453172205438066,14,0.0060422960725075,1231,0.5312904618040569,0,0.0,888,0.3832542080276219,165,0.1585014409221902,36005014100,7856,2133,0.2715122199592668,7744,1466,0.1893078512396694,7744,475,0.0613378099173553,47192,0.047192,49097.30462790304,0.8771226076898995
360050144002,360050144002,Block Group 2; Census Tract 144; Bronx County; New York,Bronx,689,268,268,1.0,78,67,0.8589743589743589,292,0.4238026124818577,119,0.1727140783744557,20,0.0290275761973875,96,0.13933236574746,0,0.0,552,0.8011611030478955,22,0.0820895522388059,36005014400,6091,1724,0.2830405516335577,6128,1451,0.2367819843342036,6128,648,0.1057441253263707,68446,0.068446,10066.329661338865,0.7467539877529501
360050145002,360050145002,Block Group 2; Census Tract 145; Bronx County; New York,Bronx,1828,453,453,1.0,305,239,0.7836065573770492,793,0.4338074398249453,134,0.0733041575492341,0,0.0,559,0.3057986870897155,0,0.0,1269,0.6942013129102844,119,0.2626931567328918,36005014500,6678,3537,0.5296495956873315,6679,1278,0.1913460098817188,6679,681,0.1019613714627938,29111,0.029111,62794.13280203359,0.8322501201839729
360050147012,360050147012,Block Group 2; Census Tract 147.01; Bronx County; New York,Bronx,2485,703,703,1.0,755,503,0.6662251655629139,661,0.2659959758551308,446,0.179476861167002,19,0.007645875251509,824,0.33158953722334,0,0.0,1582,0.6366197183098592,132,0.1877667140825035,36005014701,6085,3678,0.6044371405094494,6094,1472,0.2415490646537578,6094,707,0.1160157531998687,67767,0.067767,36669.7655200909,0.8976961606920739
360050147022,360050147022,Block Group 2; Census Tract 147.02; Bronx County; New York,Bronx,1110,506,506,1.0,539,276,0.5120593692022264,140,0.1261261261261261,96,0.0864864864864864,0,0.0,330,0.2972972972972973,0,0.0,780,0.7027027027027027,51,0.1007905138339921,36005014702,4950,1795,0.3626262626262626,4950,667,0.1347474747474747,4950,159,0.0321212121212121,57808,0.057808,19201.49460282314,0.7836909753313821
360050149002,360050149002,Block Group 2; Census Tract 149; Bronx County; New York,Bronx,2423,739,470,0.6359945872801083,1250,250,0.2,614,0.2534048699958728,82,0.0338423442014032,123,0.0507635163021048,1169,0.4824597606273215,0,0.0,1124,0.4638877424680148,47,0.0635994587280108,36005014900,4631,2036,0.4396458648240121,4631,802,0.1731807385014035,4631,386,0.0833513280069099,33506,0.033506,72315.4061959052,0.8371711269832756
360050151002,360050151002,Block Group 2; Census Tract 151; Bronx County; New York,Bronx,1334,684,668,0.9766081871345028,519,117,0.2254335260115607,325,0.2436281859070465,171,0.1281859070464767,0,0.0,611,0.4580209895052474,0,0.0,723,0.5419790104947526,346,0.5058479532163743,36005015100,5051,1603,0.3173628984359533,5199,1580,0.3039045970378919,5199,576,0.1107905366416618,55174,0.055174,24178.054880922173,0.8201855615742838
360050152002,360050152002,Block Group 2; Census Tract 152; Bronx County; New York,Bronx,1532,650,327,0.5030769230769231,718,106,0.1476323119777158,369,0.2408616187989556,256,0.1671018276762402,322,0.2101827676240208,128,0.0835509138381201,15,0.0097911227154047,1067,0.6964751958224543,30,0.0461538461538461,36005015200,2474,286,0.1156022635408245,2562,299,0.1167056986729117,2562,47,0.0183450429352068,164482,0.164482,9314.089079656133,0.8338256638719055
360050153002,360050153002,Block Group 2; Census Tract 153; Bronx County; New York,Bronx,903,421,421,1.0,174,174,1.0,305,0.3377630121816168,0,0.0,14,0.0155038759689922,52,0.0575858250276854,0,0.0,837,0.9269102990033222,75,0.178147268408551,36005015300,3596,896,0.2491657397107897,3603,872,0.2420205384401887,3603,169,0.0469053566472384,24893,0.024893,36275.258104688066,0.844896936897242
360050155002,360050155002,Block Group 2; Census Tract 155; Bronx County; New York,Bronx,628,236,203,0.8601694915254238,64,43,0.671875,25,0.0398089171974522,166,0.2643312101910828,82,0.1305732484076433,108,0.1719745222929936,11,0.0175159235668789,416,0.6624203821656051,93,0.3940677966101695,36005015500,3016,839,0.278183023872679,3016,857,0.2841511936339522,3016,254,0.0842175066312997,83354,0.083354,7534.131535379226,0.7761297699607843
360050157002,360050157002,Block Group 2; Census Tract 157; Bronx County; New York,Bronx,3062,1197,1139,0.9515455304928988,1565,1323,0.8453674121405751,980,0.3200522534291313,474,0.1548007838014369,42,0.0137165251469627,1272,0.4154147615937296,0,0.0,1440,0.4702808621815806,165,0.137844611528822,36005015700,6152,1835,0.2982769830949285,6152,1219,0.1981469440832249,6152,437,0.0710338101430429,70640,0.07064,43346.54586636467,0.7388242292175864
360050159002,360050159002,Block Group 2; Census Tract 159; Bronx County; New York,Bronx,992,397,367,0.924433249370277,440,106,0.2409090909090909,171,0.1723790322580645,195,0.1965725806451612,0,0.0,206,0.2076612903225806,56,0.0564516129032258,730,0.7358870967741935,69,0.1738035264483627,36005015900,2405,890,0.3700623700623701,2405,751,0.3122661122661123,2405,214,0.0889812889812889,39969,0.039969,24819.234907052967,0.7584764074073701
360050160002,360050160002,Block Group 2; Census Tract 160; Bronx County; New York,Bronx,788,297,97,0.3265993265993266,386,80,0.2072538860103626,105,0.133248730964467,151,0.1916243654822335,474,0.6015228426395939,0,0.0,126,0.1598984771573604,188,0.2385786802030456,33,0.1111111111111111,36005016000,3832,576,0.150313152400835,3848,543,0.1411122661122661,3848,158,0.041060291060291,145171,0.145171,5428.081366113067,0.7261936194181008
360050161002,360050161002,Block Group 2; Census Tract 161; Bronx County; New York,Bronx,1413,736,709,0.9633152173913044,657,551,0.8386605783866058,100,0.0707714083510261,569,0.402689313517339,178,0.1259731068648266,346,0.2448690728945506,0,0.0,833,0.5895258315640481,231,0.3138586956521739,36005016100,4703,1763,0.3748671061024878,4703,1425,0.3029980863278758,4703,107,0.0227514352540931,51294,0.051294,27547.08153000351,0.7671491692772174
360050162002,360050162002,Block Group 2; Census Tract 162; Bronx County; New York,Bronx,942,277,92,0.3321299638989169,492,202,0.4105691056910569,211,0.2239915074309978,82,0.0870488322717622,175,0.1857749469214437,84,0.0891719745222929,98,0.1040339702760085,491,0.5212314225053079,0,0.0,36005016200,1697,97,0.0571596935769004,1697,158,0.093105480259281,1697,33,0.0194460813199764,94331,0.094331,9986.112730703586,0.7221339074348218
360050166002,360050166002,Block Group 2; Census Tract 166; Bronx County; New York,Bronx,792,279,88,0.3154121863799283,406,128,0.3152709359605911,206,0.2601010101010101,91,0.1148989898989899,123,0.1553030303030303,76,0.0959595959595959,82,0.1035353535353535,348,0.4393939393939394,6,0.021505376344086,36005016600,2376,319,0.1342592592592592,2395,367,0.1532359081419624,2395,80,0.0334029227557411,131850,0.13185,6006.825938566553,0.5970272401803576
360050167002,360050167002,Block Group 2; Census Tract 167; Bronx County; New York,Bronx,1986,730,728,0.9972602739726028,695,384,0.5525179856115108,490,0.2467270896273917,95,0.0478348439073514,0,0.0,798,0.4018126888217522,0,0.0,1130,0.5689828801611279,125,0.1712328767123287,36005016700,2961,1095,0.3698074974670719,3015,621,0.2059701492537313,3015,260,0.0862354892205638,172973,0.172973,11481.56070600614,0.8010639247075573
360050016002,360050016002,Block Group 2; Census Tract 16; Bronx County; New York,Bronx,1098,299,153,0.5117056856187291,449,48,0.1069042316258351,240,0.2185792349726776,263,0.2395264116575592,4,0.0036429872495446,149,0.1357012750455373,3,0.0027322404371584,942,0.8579234972677595,200,0.6688963210702341,36005001600,5329,808,0.151623193844999,5412,1105,0.2041759053954175,5412,152,0.0280857354028085,75475,0.075475,14547.86353097052,0.4593925467370887
360050173002,360050173002,Block Group 2; Census Tract 173; Bronx County; New York,Bronx,736,412,297,0.720873786407767,214,214,1.0,0,0.0,156,0.2119565217391304,194,0.2635869565217391,112,0.1521739130434782,0,0.0,430,0.5842391304347826,77,0.1868932038834951,36005017300,5265,1590,0.301994301994302,5265,1784,0.3388414055080722,5265,408,0.0774928774928774,26115,0.026115,28183.036569021635,0.6738250869255422
360050175002,360050175002,Block Group 2; Census Tract 175; Bronx County; New York,Bronx,793,500,500,1.0,325,276,0.8492307692307692,244,0.3076923076923077,157,0.1979823455233291,0,0.0,505,0.6368221941992434,0,0.0,288,0.3631778058007566,62,0.124,36005017500,6228,2433,0.390655105973025,6228,1498,0.2405266538214515,6228,432,0.0693641618497109,23694,0.023694,33468.38862159196,0.741936750359266
360050177012,360050177012,Block Group 2; Census Tract 177.01; Bronx County; New York,Bronx,1351,380,380,1.0,542,542,1.0,289,0.2139156180606957,133,0.0984455958549222,0,0.0,544,0.4026646928201332,0,0.0,682,0.5048112509252406,79,0.2078947368421052,36005017701,5025,1261,0.2509452736318407,4984,774,0.1552969502407704,4984,606,0.1215890850722311,15990,0.01599,84490.30644152594,0.8724378780062758
360050177022,360050177022,Block Group 2; Census Tract 177.02; Bronx County; New York,Bronx,1458,517,517,1.0,448,235,0.5245535714285714,390,0.2674897119341564,89,0.0610425240054869,0,0.0,731,0.5013717421124828,0,0.0,512,0.3511659807956104,172,0.3326885880077369,36005017702,5232,1818,0.3474770642201835,5232,944,0.1804281345565749,5232,359,0.0686162079510703,47627,0.047627,30612.887647762826,0.8082686076465754
360050179012,360050179012,Block Group 2; Census Tract 179.01; Bronx County; New York,Bronx,416,169,169,1.0,221,155,0.7013574660633484,74,0.1778846153846154,98,0.235576923076923,28,0.0673076923076923,69,0.1658653846153846,0,0.0,319,0.7668269230769231,23,0.136094674556213,36005017901,4968,1002,0.2016908212560386,4968,731,0.1471417069243156,4968,473,0.0952093397745571,8063,0.008063,51593.69961552771,0.9364738577878828
360050179022,360050179022,Block Group 2; Census Tract 179.02; Bronx County; New York,Bronx,840,365,365,1.0,203,86,0.4236453201970443,324,0.3857142857142857,156,0.1857142857142857,24,0.0285714285714285,56,0.0666666666666666,0,0.0,760,0.9047619047619048,121,0.3315068493150685,36005017902,3030,483,0.1594059405940594,3030,610,0.2013201320132013,3030,303,0.1,15223,0.015223,55179.66235301846,0.9463632476374588
360050181012,360050181012,Block Group 2; Census Tract 181.01; Bronx County; New York,Bronx,899,333,333,1.0,444,243,0.5472972972972973,220,0.2447163515016685,32,0.0355951056729699,17,0.0189098998887652,406,0.4516129032258064,0,0.0,476,0.5294771968854283,95,0.2852852852852853,36005018101,2876,665,0.2312239221140473,2876,589,0.204798331015299,2876,497,0.1728094575799721,15612,0.015612,57583.90981296439,0.7767579229261857
360050181022,360050181022,Block Group 2; Census Tract 181.02; Bronx County; New York,Bronx,2260,584,584,1.0,718,448,0.6239554317548747,1039,0.4597345132743363,248,0.1097345132743362,16,0.0070796460176991,997,0.4411504424778761,6,0.0026548672566371,1241,0.5491150442477876,127,0.2174657534246575,36005018102,5066,1583,0.3124753257007501,5107,1084,0.2122576855296651,5107,308,0.0603093792833365,29110,0.02911,77636.55101339746,0.9035906505134532
360050183012,360050183012,Block Group 2; Census Tract 183.01; Bronx County; New York,Bronx,997,279,265,0.949820788530466,469,298,0.6353944562899787,300,0.3009027081243731,57,0.0571715145436308,0,0.0,152,0.152457372116349,71,0.0712136409227683,735,0.7372116349047142,39,0.1397849462365591,36005018301,3933,1116,0.2837528604118993,3933,964,0.2451055174167302,3933,207,0.0526315789473684,17367,0.017367,57407.72729890021,0.8842360548510303
360050183022,360050183022,Block Group 2; Census Tract 183.02; Bronx County; New York,Bronx,690,243,232,0.9547325102880658,239,239,1.0,301,0.436231884057971,24,0.0347826086956521,33,0.0478260869565217,176,0.2550724637681159,1,0.0014492753623188,480,0.6956521739130435,36,0.1481481481481481,36005018302,3295,787,0.2388467374810318,3295,490,0.1487101669195751,3295,202,0.0613050075872534,57162,0.057162,12070.956229663065,0.8891483496033443
360050184002,360050184002,Block Group 2; Census Tract 184; Bronx County; New York,Bronx,834,265,146,0.5509433962264151,381,60,0.1574803149606299,236,0.2829736211031175,74,0.0887290167865707,384,0.460431654676259,0,0.0,9,0.0107913669064748,441,0.5287769784172662,0,0.0,36005018400,3886,505,0.1299536798764796,3886,362,0.0931549150797735,3886,148,0.038085434894493,143307,0.143307,5819.673847055622,0.7167958465478649
360050185022,360050185022,Block Group 2; Census Tract 185.02; Bronx County; New York,Bronx,2717,816,816,1.0,831,514,0.618531889290012,297,0.1093117408906882,74,0.027235921972764,48,0.0176665439823334,400,0.1472211998527788,0,0.0,2234,0.8222304011777696,264,0.3235294117647059,36005018502,5479,2784,0.5081219200584048,5520,1178,0.2134057971014492,5520,361,0.0653985507246376,76383,0.076383,35570.742180851754,0.9146352627854653
360050189002,360050189002,Block Group 2; Census Tract 189; Bronx County; New York,Bronx,2774,982,963,0.980651731160896,1413,750,0.5307855626326964,853,0.3074981975486662,273,0.0984138428262436,324,0.1167988464311463,287,0.1034607065609228,1,0.0003604902667627,2023,0.7292718096611391,109,0.1109979633401222,36005018900,8034,2079,0.2587752053771471,8163,1420,0.1739556535587406,8163,337,0.041283841724856,45778,0.045778,60596.7932194504,0.7699370310217508
360050193002,360050193002,Block Group 2; Census Tract 193; Bronx County; New York,Bronx,575,365,365,1.0,102,42,0.4117647058823529,138,0.24,142,0.2469565217391304,0,0.0,275,0.4782608695652174,0,0.0,300,0.5217391304347826,29,0.0794520547945205,36005019300,5735,859,0.1497820401046207,5949,1150,0.1933097999663809,5949,84,0.0141200201714573,28990,0.02899,19834.425664022077,0.6971621756321048
360050195002,360050195002,Block Group 2; Census Tract 195; Bronx County; New York,Bronx,2415,867,867,1.0,612,230,0.3758169934640523,501,0.2074534161490683,296,0.122567287784679,376,0.1556935817805383,377,0.1561076604554865,0,0.0,1494,0.6186335403726708,81,0.0934256055363321,36005019500,6997,2781,0.3974560525939688,7738,1416,0.1829930214525717,7738,194,0.0250710777978805,116866,0.116866,20664.692896137454,0.8827860164621559
360050197002,360050197002,Block Group 2; Census Tract 197; Bronx County; New York,Bronx,986,325,325,1.0,48,18,0.375,363,0.3681541582150101,77,0.0780933062880324,11,0.011156186612576,143,0.1450304259634888,0,0.0,832,0.8438133874239351,0,0.0,36005019700,7542,4287,0.5684168655529037,7628,1332,0.1746198217094913,7628,591,0.0774777136864184,45786,0.045786,21534.967020486612,0.8521891131421497
360050199002,360050199002,Block Group 2; Census Tract 199; Bronx County; New York,Bronx,1321,657,657,1.0,728,534,0.7335164835164835,177,0.1339894019682059,223,0.1688115064345193,0,0.0,640,0.4844814534443603,0,0.0,643,0.4867524602573808,179,0.2724505327245053,36005019900,6781,2421,0.3570269871700339,6852,1175,0.1714827787507297,6852,388,0.0566258026853473,18630,0.01863,70907.13902308105,0.8809858686991672
360050020012,360050020012,Block Group 2; Census Tract 20.01; Bronx County; New York,Bronx,1171,513,513,1.0,97,66,0.6804123711340206,345,0.2946199829205807,296,0.2527754056362084,21,0.0179333902647309,228,0.1947053800170794,0,0.0,922,0.7873612297181896,54,0.1052631578947368,36005002001,4113,2155,0.523948456114758,4199,1211,0.2884020004763039,4199,225,0.0535841867111216,62426,0.062426,18758.209720308845,0.4269171548101886
360050020022,360050020022,Block Group 2; Census Tract 20.02; Bronx County; New York,Bronx,1959,1009,887,0.8790882061446977,773,409,0.5291073738680466,259,0.1322103113833588,567,0.2894333843797856,0,0.0,32,0.0163348647269014,98,0.0500255232261357,1829,0.9336396120469628,471,0.466798810703667,36005002002,3551,1526,0.4297381019431146,3609,1171,0.3244666112496536,3609,322,0.0892213909670268,75972,0.075972,25785.81582688359,0.4130176298034922
360050200002,360050200002,Block Group 2; Census Tract 200; Bronx County; New York,Bronx,2053,586,586,1.0,751,356,0.474034620505992,572,0.2786166585484657,133,0.0647832440331222,10,0.0048709206039941,207,0.100828056502679,878,0.4276668290306868,893,0.434973209936678,87,0.1484641638225255,36005020000,4398,1156,0.2628467485220555,4398,448,0.1018644838562983,4398,359,0.0816280127330604,27227,0.027227,75403.09251845595,0.8434223954923199
360050201002,360050201002,Block Group 2; Census Tract 201; Bronx County; New York,Bronx,1120,532,532,1.0,338,302,0.893491124260355,115,0.1026785714285714,190,0.1696428571428571,167,0.1491071428571428,276,0.2464285714285714,0,0.0,670,0.5982142857142857,218,0.4097744360902255,36005020100,3845,1713,0.4455136540962289,3845,585,0.1521456436931079,3845,175,0.0455136540962288,31961,0.031961,35042.70830074153,0.7911234618164545
360050202002,360050202002,Block Group 2; Census Tract 202; Bronx County; New York,Bronx,1247,501,441,0.8802395209580839,414,212,0.5120772946859904,249,0.1996792301523657,408,0.3271852445870088,244,0.1956696070569366,81,0.0649558941459502,215,0.1724137931034483,690,0.5533279871692061,115,0.2295409181636726,36005020200,2593,668,0.2576166602391053,2602,324,0.1245196003074558,2602,223,0.0857033051498847,68206,0.068206,18282.849016215583,0.8478740355637202
360050204002,360050204002,Block Group 2; Census Tract 204; Bronx County; New York,Bronx,657,169,109,0.6449704142011834,217,105,0.4838709677419355,172,0.2617960426179604,61,0.0928462709284627,37,0.0563165905631659,6,0.0091324200913242,224,0.3409436834094368,390,0.593607305936073,0,0.0,36005020400,2823,747,0.2646121147715196,2807,362,0.1289633060206626,2807,208,0.0741004631278945,46275,0.046275,14197.730956239871,0.85075398833387
360050205012,360050205012,Block Group 2; Census Tract 205.01; Bronx County; New York,Bronx,1312,286,286,1.0,438,225,0.5136986301369864,539,0.4108231707317073,275,0.2096036585365853,45,0.0342987804878048,151,0.1150914634146341,0,0.0,1116,0.850609756097561,0,0.0,36005020501,8397,3682,0.4384899368822198,8397,1989,0.2368703108252947,8397,527,0.0627605097058473,101133,0.101133,12973.01573175917,0.5756972644933336
360050205022,360050205022,Block Group 2; Census Tract 205.02; Bronx County; New York,Bronx,194,84,78,0.9285714285714286,70,37,0.5285714285714286,63,0.3247422680412371,0,0.0,0,0.0,49,0.2525773195876288,0,0.0,116,0.5979381443298969,0,0.0,36005020502,2316,554,0.2392055267702936,2321,640,0.2757432141318397,2321,206,0.0887548470486859,30956,0.030956,6266.959555498126,0.7147219579952913
360050206012,360050206012,Block Group 2; Census Tract 206.01; Bronx County; New York,Bronx,1673,461,252,0.5466377440347071,814,533,0.6547911547911548,544,0.3251643753735804,68,0.0406455469216975,63,0.0376569037656903,27,0.0161386730424387,625,0.3735803945008966,800,0.4781829049611476,0,0.0,36005020601,2840,553,0.1947183098591549,2849,400,0.1404001404001404,2849,108,0.0379080379080379,84701,0.084701,19751.832918147367,0.8063822599041109
360050209002,360050209002,Block Group 2; Census Tract 209; Bronx County; New York,Bronx,880,334,334,1.0,335,210,0.6268656716417911,265,0.3011363636363636,98,0.1113636363636363,68,0.0772727272727272,384,0.4363636363636363,10,0.0113636363636363,418,0.475,80,0.2395209580838323,36005020900,4796,1281,0.2670975813177648,4809,447,0.0929507174048658,4809,248,0.0515699729673528,21723,0.021723,40510.05846337983,0.8676107285487579
360050210012,360050210012,Block Group 2; Census Tract 210.01; Bronx County; New York,Bronx,1359,619,467,0.7544426494345718,571,407,0.712784588441331,371,0.2729948491537896,48,0.0353200883002207,44,0.0323767476085356,526,0.3870493009565857,416,0.3061074319352465,303,0.2229580573951435,189,0.3053311793214863,36005021001,7346,1393,0.1896270078954533,7347,1249,0.1700013610997686,7347,587,0.0798965564175854,21305,0.021305,63787.8432292889,0.8033669150572009
360050210022,360050210022,Block Group 2; Census Tract 210.02; Bronx County; New York,Bronx,951,361,217,0.6011080332409973,341,134,0.3929618768328445,242,0.2544689800210305,117,0.1230283911671924,18,0.0189274447949526,213,0.22397476340694,525,0.5520504731861199,113,0.1188222923238696,52,0.1440443213296399,36005021002,7410,1739,0.2346828609986504,7434,837,0.1125907990314769,7434,400,0.0538068334678504,30130,0.03013,31563.2260205775,0.7855985035391999
360050211002,360050211002,Block Group 2; Census Tract 211; Bronx County; New York,Bronx,2345,656,632,0.9634146341463414,796,401,0.5037688442211056,759,0.3236673773987207,349,0.1488272921108742,0,0.0,470,0.2004264392324093,23,0.0098081023454157,1740,0.7420042643923241,104,0.1585365853658536,36005021100,5812,1758,0.3024776324845148,5920,852,0.1439189189189189,5920,263,0.0444256756756756,40871,0.040871,57375.64532308973,0.8037898579027714
360050212002,360050212002,Block Group 2; Census Tract 212; Bronx County; New York,Bronx,875,381,200,0.5249343832020997,439,332,0.7562642369020501,238,0.272,130,0.1485714285714285,0,0.0,157,0.1794285714285714,382,0.4365714285714285,279,0.3188571428571428,16,0.0419947506561679,36005021200,5218,1106,0.2119586048294365,5322,746,0.1401728673431041,5322,298,0.0559939872228485,20062,0.020062,43614.79413817167,0.8413197786053318
360050213012,360050213012,Block Group 2; Census Tract 213.01; Bronx County; New York,Bronx,1015,345,261,0.7565217391304347,272,170,0.625,251,0.2472906403940886,84,0.0827586206896551,34,0.0334975369458128,386,0.380295566502463,0,0.0,595,0.5862068965517241,79,0.2289855072463768,36005021301,1289,413,0.3204034134988363,1289,172,0.1334367726920093,1289,61,0.0473235065942591,41185,0.041185,24644.89498603861,0.7732610578493131
360050213022,360050213022,Block Group 2; Census Tract 213.02; Bronx County; New York,Bronx,1212,468,468,1.0,471,219,0.464968152866242,179,0.1476897689768977,493,0.4067656765676568,0,0.0,193,0.1592409240924092,49,0.0404290429042904,852,0.7029702970297029,189,0.4038461538461538,36005021302,5898,2441,0.4138691081722618,5898,1394,0.2363513055272973,5898,123,0.0208545269582909,62279,0.062279,19460.813436310793,0.7931461648267525
360050215012,360050215012,Block Group 2; Census Tract 215.01; Bronx County; New York,Bronx,1111,353,353,1.0,421,203,0.4821852731591449,318,0.2862286228622862,35,0.0315031503150315,42,0.0378037803780378,191,0.1719171917191719,111,0.0999099909990999,758,0.6822682268226823,119,0.3371104815864023,36005021501,4247,1684,0.3965151871909583,4346,568,0.1306948918545789,4346,297,0.068338702254947,26054,0.026054,42642.20465187687,0.7291223925123429
360050215022,360050215022,Block Group 2; Census Tract 215.02; Bronx County; New York,Bronx,1489,522,475,0.9099616858237548,354,319,0.9011299435028248,449,0.3015446608462055,301,0.2021490933512424,0,0.0,104,0.0698455339153794,0,0.0,1099,0.738079247817327,202,0.3869731800766283,36005021502,6163,2880,0.4673048839850722,6235,1581,0.2535685645549318,6235,444,0.0712109061748195,21664,0.021664,68731.53618906943,0.7878223235651516
360050216012,360050216012,Block Group 2; Census Tract 216.01; Bronx County; New York,Bronx,1244,514,465,0.9046692607003892,765,621,0.8117647058823529,133,0.1069131832797427,222,0.1784565916398713,12,0.0096463022508038,45,0.0361736334405144,309,0.2483922829581993,878,0.7057877813504824,120,0.2334630350194552,36005021601,4118,1241,0.3013598834385624,4118,370,0.0898494414764448,4118,419,0.1017484215638659,80089,0.080089,15532.719849167805,0.8126742160204263
360050216022,360050216022,Block Group 2; Census Tract 216.02; Bronx County; New York,Bronx,468,200,180,0.9,194,115,0.5927835051546392,36,0.0769230769230769,210,0.4487179487179487,0,0.0,256,0.5470085470085471,0,0.0,180,0.3846153846153846,0,0.0,36005021602,6027,1075,0.1783640285382445,6027,515,0.0854488136718101,6027,161,0.0267131242740998,28057,0.028057,16680.32932957907,0.7607725968546953
360050217002,360050217002,Block Group 2; Census Tract 217; Bronx County; New York,Bronx,1001,438,438,1.0,479,259,0.5407098121085595,162,0.1618381618381618,95,0.0949050949050949,27,0.0269730269730269,266,0.2657342657342657,0,0.0,687,0.6863136863136863,130,0.2968036529680365,36005021700,5005,1915,0.3826173826173826,5006,1047,0.2091490211745905,5006,401,0.0801038753495805,20295,0.020295,49322.493224932245,0.8899674010312887
360050218002,360050218002,Block Group 2; Census Tract 218; Bronx County; New York,Bronx,1990,690,681,0.9869565217391304,775,613,0.7909677419354839,416,0.2090452261306532,249,0.1251256281407035,90,0.0452261306532663,524,0.2633165829145729,0,0.0,1180,0.592964824120603,59,0.0855072463768115,36005021800,6010,1521,0.2530782029950083,6050,974,0.1609917355371901,6050,634,0.104793388429752,38623,0.038623,51523.70349273749,0.7360549951325076
360050221012,360050221012,Block Group 2; Census Tract 221.01; Bronx County; New York,Bronx,791,348,348,1.0,373,137,0.3672922252010724,158,0.1997471554993679,46,0.0581542351453855,18,0.02275600505689,117,0.147914032869785,0,0.0,656,0.8293299620733249,72,0.2068965517241379,36005022101,3724,891,0.2392588614393125,3752,574,0.1529850746268656,3752,355,0.0946162046908315,25524,0.025524,30990.440369847984,0.914274757728267
360050221022,360050221022,Block Group 2; Census Tract 221.02; Bronx County; New York,Bronx,1695,533,533,1.0,502,303,0.603585657370518,601,0.3545722713864306,234,0.1380530973451327,0,0.0,18,0.0106194690265486,0,0.0,1590,0.9380530973451328,118,0.2213883677298311,36005022102,5128,1810,0.3529641185647426,5144,986,0.1916796267496112,5144,447,0.0868973561430793,15141,0.015141,111947.69169803844,0.9359244745956043
360050222002,360050222002,Block Group 2; Census Tract 222; Bronx County; New York,Bronx,1090,295,241,0.8169491525423729,401,223,0.5561097256857855,353,0.3238532110091743,83,0.0761467889908256,0,0.0,87,0.0798165137614679,593,0.5440366972477064,388,0.3559633027522936,70,0.2372881355932203,36005022200,3271,877,0.2681137266890859,3315,440,0.1327300150829562,3315,251,0.0757164404223227,39078,0.039078,27892.93208454885,0.8161544021537621
360050223002,360050223002,Block Group 2; Census Tract 223; Bronx County; New York,Bronx,1533,672,672,1.0,727,660,0.907840440165062,409,0.2667971298108284,110,0.0717547292889758,0,0.0,373,0.243313763861709,0,0.0,1053,0.6868884540117417,390,0.5803571428571429,36005022300,4867,1610,0.3307992603246353,4867,950,0.1951921101294431,4867,208,0.0427367988493938,20877,0.020877,73430.0905302486,0.9031733097420658
360050224012,360050224012,Block Group 2; Census Tract 224.01; Bronx County; New York,Bronx,1265,466,466,1.0,363,200,0.5509641873278237,402,0.3177865612648221,303,0.2395256916996047,160,0.1264822134387351,323,0.2553359683794466,73,0.0577075098814229,709,0.5604743083003952,53,0.1137339055793991,36005022401,2433,561,0.2305795314426633,2433,460,0.1890669954788327,2433,162,0.0665844636251541,49421,0.049421,25596.406385949293,0.5837232875985022
360050224032,360050224032,Block Group 2; Census Tract 224.03; Bronx County; New York,Bronx,2200,902,826,0.9157427937915744,1112,440,0.39568345323741,436,0.1981818181818181,172,0.0781818181818181,204,0.0927272727272727,621,0.2822727272727273,100,0.0454545454545454,1261,0.5731818181818182,120,0.1330376940133037,36005022403,2782,390,0.1401869158878504,2782,545,0.195902228612509,2782,147,0.0528396836808051,39647,0.039647,55489.696572250105,0.901228152613891
360050224042,360050224042,Block Group 2; Census Tract 224.04; Bronx County; New York,Bronx,1535,637,531,0.8335949764521193,736,341,0.4633152173913043,392,0.2553745928338762,99,0.0644951140065146,286,0.1863192182410423,369,0.2403908794788273,26,0.0169381107491856,854,0.5563517915309446,96,0.1507064364207221,36005022404,4261,692,0.1624031917390284,4292,708,0.1649580615097856,4292,159,0.0370456663560111,36691,0.036691,41835.87255730288,0.8656029507893926
360050225002,360050225002,Block Group 2; Census Tract 225; Bronx County; New York,Bronx,1083,307,270,0.8794788273615635,431,237,0.5498839907192575,102,0.0941828254847645,103,0.0951061865189289,46,0.0424746075715604,309,0.2853185595567867,0,0.0,707,0.6528162511542013,32,0.1042345276872964,36005022500,7960,2048,0.257286432160804,8040,1852,0.2303482587064676,8040,1000,0.1243781094527363,47014,0.047014,23035.691496150084,0.8595411521947784
360050227012,360050227012,Block Group 2; Census Tract 227.01; Bronx County; New York,Bronx,1981,847,831,0.9811097992916176,857,391,0.456242707117853,513,0.2589601211509338,139,0.0701665825340737,12,0.006057546693589,616,0.3109540636042402,12,0.006057546693589,1324,0.668349318525997,360,0.4250295159386068,36005022701,4939,1419,0.2873051224944321,4939,835,0.1690625632719174,4939,484,0.0979955456570155,28517,0.028517,69467.33527369639,0.8465836041794486
360050228002,360050228002,Block Group 2; Census Tract 228; Bronx County; New York,Bronx,2042,751,751,1.0,1122,691,0.6158645276292335,506,0.2477962781586679,213,0.1043095004897159,243,0.1190009794319294,486,0.2380019588638589,24,0.0117531831537708,1289,0.6312438785504407,136,0.1810918774966711,36005022800,5628,551,0.0979033404406538,5687,636,0.1118340073852646,5687,203,0.0356954457534728,41223,0.041223,49535.45350896344,0.6249341150032749
360050229012,360050229012,Block Group 2; Census Tract 229.01; Bronx County; New York,Bronx,1575,403,403,1.0,560,489,0.8732142857142857,741,0.4704761904761905,0,0.0,54,0.0342857142857142,481,0.3053968253968254,15,0.0095238095238095,1016,0.645079365079365,20,0.0496277915632754,36005022901,5918,1793,0.3029739776951672,5927,924,0.1558967437152016,5927,857,0.1445925426016534,25133,0.025133,62666.6136155652,0.8430322854020051
360050229022,360050229022,Block Group 2; Census Tract 229.02; Bronx County; New York,Bronx,1205,383,383,1.0,807,519,0.6431226765799256,323,0.2680497925311203,0,0.0,0,0.0,346,0.2871369294605809,0,0.0,837,0.6946058091286307,152,0.3968668407310705,36005022902,3378,1038,0.3072824156305506,3378,945,0.2797513321492007,3378,249,0.0737122557726465,31445,0.031445,38320.87772300842,0.8311218873277366
360050230002,360050230002,Block Group 2; Census Tract 230; Bronx County; New York,Bronx,1277,468,351,0.75,485,271,0.5587628865979382,433,0.3390759592795614,130,0.1018010963194988,626,0.490211433046202,124,0.0971025841816758,76,0.0595144870790916,407,0.3187157400156617,110,0.235042735042735,36005023000,2889,1107,0.3831775700934579,2889,375,0.1298026998961578,2889,286,0.0989961924541363,72659,0.072659,17575.248764777934,0.6754514880113499
360050232002,360050232002,Block Group 2; Census Tract 232; Bronx County; New York,Bronx,1224,418,355,0.8492822966507177,496,163,0.3286290322580645,318,0.2598039215686274,180,0.1470588235294117,312,0.2549019607843137,46,0.0375816993464052,137,0.1119281045751634,605,0.494281045751634,101,0.2416267942583732,36005023200,2626,871,0.3316831683168317,2626,344,0.130997715156131,2626,139,0.0529322162985529,59786,0.059786,20473.020439567794,0.6695151390745749
360050233012,360050233012,Block Group 2; Census Tract 233.01; Bronx County; New York,Bronx,778,387,387,1.0,304,196,0.6447368421052632,41,0.0526992287917737,196,0.2519280205655527,0,0.0,209,0.2686375321336761,40,0.0514138817480719,432,0.5552699228791774,113,0.2919896640826873,36005023301,3814,1189,0.3117461982170949,3841,713,0.18562874251497,3841,316,0.0822702421244467,25470,0.02547,30545.74008637613,0.9112797777700214
360050233022,360050233022,Block Group 2; Census Tract 233.02; Bronx County; New York,Bronx,1743,515,476,0.9242718446601942,480,303,0.63125,484,0.2776821572002295,156,0.0895008605851979,8,0.0045897877223178,354,0.2030981067125645,0,0.0,1191,0.6833046471600689,223,0.4330097087378641,36005023302,3955,953,0.240960809102402,3955,777,0.1964601769911504,3955,444,0.1122629582806574,25382,0.025382,68670.7115278544,0.893981523009668
360050235012,360050235012,Block Group 2; Census Tract 235.01; Bronx County; New York,Bronx,987,333,333,1.0,500,405,0.81,110,0.1114488348530901,171,0.1732522796352583,0,0.0,259,0.2624113475177305,1,0.0010131712259371,727,0.7365754812563323,155,0.4654654654654654,36005023501,2963,1203,0.4060074249071886,2963,701,0.2365845426932163,2963,237,0.0799865001687478,12024,0.012024,82085.82834331338,0.7782099982620632
360050235022,360050235022,Block Group 2; Census Tract 235.02; Bronx County; New York,Bronx,1263,352,352,1.0,618,467,0.7556634304207119,420,0.332541567695962,90,0.0712589073634204,0,0.0,873,0.6912114014251781,18,0.014251781472684,337,0.2668250197941409,65,0.1846590909090909,36005023502,4276,1313,0.3070626753975678,4490,1549,0.344988864142539,4490,376,0.0837416481069042,12985,0.012985,97266.07624181749,0.9199006043305572
360050236002,360050236002,Block Group 2; Census Tract 236; Bronx County; New York,Bronx,698,226,219,0.9690265486725664,358,203,0.5670391061452514,176,0.2521489971346705,65,0.0931232091690544,178,0.2550143266475644,176,0.2521489971346705,0,0.0,344,0.492836676217765,73,0.3230088495575221,36005023600,1777,470,0.2644907146876759,1777,224,0.1260551491277433,1777,128,0.0720315137872819,45323,0.045323,15400.56924740198,0.7548125734259611
360050237032,360050237032,Block Group 2; Census Tract 237.03; Bronx County; New York,Bronx,778,203,203,1.0,82,82,1.0,73,0.0938303341902313,140,0.1799485861182519,39,0.0501285347043701,120,0.1542416452442159,14,0.0179948586118251,559,0.718508997429306,0,0.0,36005023703,4946,1948,0.3938536190861302,4959,863,0.1740270215769308,4959,400,0.0806614236741278,21012,0.021012,37026.46106986484,0.7278950125976292
360050237042,360050237042,Block Group 2; Census Tract 237.04; Bronx County; New York,Bronx,1404,589,589,1.0,453,276,0.609271523178808,334,0.2378917378917379,173,0.1232193732193732,33,0.0235042735042735,95,0.0676638176638176,0,0.0,1245,0.8867521367521367,225,0.3820033955857385,36005023704,3358,1247,0.3713519952352591,3358,528,0.1572364502680166,3358,78,0.0232281119714115,34046,0.034046,41238.324619632265,0.6104439715393536
360050238002,360050238002,Block Group 2; Census Tract 238; Bronx County; New York,Bronx,1498,463,368,0.7948164146868251,511,173,0.3385518590998043,439,0.2930574098798398,131,0.0874499332443257,207,0.1381842456608811,196,0.1308411214953271,107,0.0714285714285714,935,0.6241655540720962,118,0.2548596112311015,36005023800,2525,554,0.2194059405940594,2552,357,0.1398902821316614,2552,236,0.0924764890282131,71037,0.071037,21087.60223545476,0.7819809303336369
360050239002,360050239002,Block Group 2; Census Tract 239; Bronx County; New York,Bronx,1490,395,395,1.0,634,560,0.8832807570977917,336,0.2255033557046979,38,0.0255033557046979,0,0.0,155,0.1040268456375839,0,0.0,1335,0.8959731543624161,110,0.2784810126582278,36005023900,8570,3371,0.3933488914819136,8591,1269,0.1477127226166918,8591,1558,0.1813525782795949,27391,0.027391,54397.42981271221,0.7208778021988143
360050023002,360050023002,Block Group 2; Census Tract 23; Bronx County; New York,Bronx,588,280,280,1.0,56,32,0.5714285714285714,207,0.3520408163265306,36,0.0612244897959183,1,0.0017006802721088,175,0.2976190476190476,0,0.0,412,0.7006802721088435,35,0.125,36005002300,4567,2754,0.6030216772498358,4567,1208,0.2645062404204072,4567,403,0.0882417341799868,19503,0.019503,30149.207814182435,0.8386303161173454
360050240002,360050240002,Block Group 2; Census Tract 240; Bronx County; New York,Bronx,839,316,192,0.6075949367088608,460,131,0.2847826086956522,69,0.0822407628128724,182,0.2169249106078665,169,0.201430274135876,429,0.5113230035756854,65,0.0774731823599523,176,0.2097735399284863,47,0.1487341772151898,36005024000,3855,725,0.1880674448767834,3834,515,0.1343244653103808,3834,275,0.0717266562336984,32544,0.032544,25780.481809242872,0.7574924531356763
360050241002,360050241002,Block Group 2; Census Tract 241; Bronx County; New York,Bronx,841,567,567,1.0,162,162,1.0,199,0.2366230677764565,33,0.0392390011890606,84,0.0998810939357907,595,0.7074910820451843,0,0.0,162,0.1926278240190249,26,0.0458553791887125,36005024100,6067,2451,0.403988791824625,6078,922,0.1516946363935505,6078,650,0.1069430733794011,35559,0.035559,23650.833825473157,0.8368176398606528
360050243002,360050243002,Block Group 2; Census Tract 243; Bronx County; New York,Bronx,962,457,457,1.0,343,166,0.4839650145772595,245,0.2546777546777546,67,0.0696465696465696,37,0.0384615384615384,288,0.2993762993762994,0,0.0,637,0.6621621621621622,27,0.0590809628008752,36005024300,4133,1190,0.2879264456811033,4134,1032,0.2496371552975326,4134,124,0.0299951620706337,67879,0.067879,14172.277140205366,0.7454817205950224
360050244002,360050244002,Block Group 2; Census Tract 244; Bronx County; New York,Bronx,1386,463,298,0.6436285097192225,609,78,0.1280788177339901,341,0.246031746031746,130,0.0937950937950937,292,0.2106782106782107,79,0.056998556998557,80,0.0577200577200577,859,0.6197691197691197,116,0.2505399568034557,36005024400,2241,388,0.1731369924141008,2252,230,0.1021314387211367,2252,246,0.1092362344582593,105154,0.105154,13180.668353082146,0.7351720749517647
360050245012,360050245012,Block Group 2; Census Tract 245.01; Bronx County; New York,Bronx,842,264,222,0.8409090909090909,304,85,0.2796052631578947,179,0.2125890736342042,115,0.1365795724465558,24,0.0285035629453681,118,0.1401425178147268,0,0.0,700,0.831353919239905,58,0.2196969696969697,36005024501,4813,1580,0.3282775815499688,4856,1298,0.2672981878088962,4856,1041,0.2143739703459637,28740,0.02874,29297.14683368128,0.6599965559046125
360050245022,360050245022,Block Group 2; Census Tract 245.02; Bronx County; New York,Bronx,48,48,48,1.0,9,9,1.0,0,0.0,15,0.3125,0,0.0,15,0.3125,0,0.0,33,0.6875,33,0.6875,36005024502,4225,1014,0.24,4225,627,0.1484023668639053,4225,175,0.0414201183431952,19782,0.019782,2426.4482863208978,0.7662521014808625
360050246002,360050246002,Block Group 2; Census Tract 246; Bronx County; New York,Bronx,959,342,255,0.7456140350877193,454,125,0.2753303964757709,155,0.1616266944734098,187,0.1949947862356621,159,0.1657977059436913,81,0.0844629822732012,238,0.2481751824817518,476,0.4963503649635036,77,0.2251461988304093,36005024600,2026,145,0.0715695952615992,2037,295,0.1448208149239077,2037,126,0.0618556701030927,80625,0.080625,11894.573643410851,0.8845289159715695
360050247002,360050247002,Block Group 2; Census Tract 247; Bronx County; New York,Bronx,1066,446,446,1.0,490,319,0.6510204081632653,191,0.1791744840525328,169,0.1585365853658536,9,0.0084427767354596,597,0.5600375234521576,1,0.0009380863039399,459,0.4305816135084427,97,0.2174887892376681,36005024700,1756,281,0.1600227790432802,1756,304,0.1731207289293849,1756,35,0.0199316628701594,122849,0.122849,8677.3193106985,0.6716970590319689
360050248002,360050248002,Block Group 2; Census Tract 248; Bronx County; New York,Bronx,1163,474,402,0.8481012658227848,412,248,0.6019417475728155,302,0.2596732588134136,275,0.236457437661221,352,0.3026655202063628,0,0.0,194,0.1668099742046431,579,0.4978503869303525,50,0.1054852320675105,36005024800,3410,517,0.1516129032258064,3397,446,0.1312923167500736,3397,407,0.1198115984692375,61336,0.061336,18961.13212469023,0.9174002842307494
360050250002,360050250002,Block Group 2; Census Tract 250; Bronx County; New York,Bronx,577,269,132,0.4907063197026022,269,30,0.1115241635687732,82,0.1421143847487001,206,0.3570190641247833,195,0.3379549393414211,3,0.0051993067590987,250,0.4332755632582322,120,0.2079722703639514,53,0.1970260223048327,36005025000,2748,296,0.1077147016011644,2763,290,0.1049583785740137,2763,130,0.0470503076366268,79192,0.079192,7286.089503990303,0.909809061763362
360050251002,360050251002,Block Group 2; Census Tract 251; Bronx County; New York,Bronx,806,358,358,1.0,401,184,0.4588528678304239,135,0.1674937965260546,121,0.1501240694789082,0,0.0,99,0.1228287841191067,51,0.0632754342431761,656,0.8138957816377171,101,0.2821229050279329,36005025100,6983,2828,0.4049835314334813,6983,1730,0.2477445224115709,6983,813,0.1164256050408134,26616,0.026616,30282.53681995792,0.8559167088614728
360050252002,360050252002,Block Group 2; Census Tract 252; Bronx County; New York,Bronx,1119,374,261,0.6978609625668449,407,98,0.2407862407862407,304,0.2716711349419124,123,0.1099195710455764,409,0.3655049151027703,61,0.0545129579982126,135,0.1206434316353887,499,0.4459338695263628,12,0.0320855614973262,36005025200,2469,123,0.0498177399756986,2582,212,0.0821068938807126,2582,110,0.0426026336173508,90387,0.090387,12380.098908028813,0.7913518503277894
360050253002,360050253002,Block Group 2; Census Tract 253; Bronx County; New York,Bronx,1599,578,578,1.0,680,527,0.775,327,0.2045028142589118,207,0.1294559099437148,9,0.0056285178236397,530,0.3314571607254534,135,0.0844277673545966,852,0.5328330206378987,119,0.2058823529411764,36005025300,5477,1828,0.3337593573123973,5503,917,0.1666363801562783,5503,633,0.115028166454661,26195,0.026195,61042.18362282879,0.6633116908481368
360050254002,360050254002,Block Group 2; Census Tract 254; Bronx County; New York,Bronx,1441,442,284,0.6425339366515838,639,262,0.4100156494522691,402,0.2789729354614851,266,0.1845940319222762,815,0.5655794587092297,111,0.077029840388619,163,0.1131158917418459,288,0.1998612074947952,43,0.0972850678733031,36005025400,2582,344,0.1332300542215337,2582,280,0.1084430673896204,2582,131,0.0507358636715724,75236,0.075236,19153.065022063907,0.8861855220884888
360050255002,360050255002,Block Group 2; Census Tract 255; Bronx County; New York,Bronx,2779,982,982,1.0,1344,1136,0.8452380952380952,575,0.2069089600575746,430,0.1547319179560993,9,0.0032385750269881,368,0.1324217344368478,0,0.0,2355,0.8474271320618928,144,0.1466395112016293,36005025500,6116,1379,0.2254741661216481,6136,1265,0.2061603650586701,6136,411,0.0669817470664928,49453,0.049453,56194.77079246962,0.7218803266536598
360050256002,360050256002,Block Group 2; Census Tract 256; Bronx County; New York,Bronx,804,291,164,0.563573883161512,362,197,0.5441988950276243,180,0.2238805970149253,196,0.2437810945273631,181,0.2251243781094527,24,0.0298507462686567,88,0.1094527363184079,511,0.6355721393034826,30,0.1030927835051546,36005025600,1528,102,0.0667539267015706,1528,235,0.1537958115183246,1528,76,0.0497382198952879,107520,0.10752,7477.678571428572,0.8903121544475181
360050025002,360050025002,Block Group 2; Census Tract 25; Bronx County; New York,Bronx,1422,652,629,0.964723926380368,446,360,0.8071748878923767,351,0.2468354430379747,166,0.1167369901547116,0,0.0,427,0.30028129395218,0,0.0,892,0.6272855133614628,67,0.102760736196319,36005002500,5111,2292,0.4484445314028565,5117,975,0.1905413328121946,5117,555,0.1084619894469415,26458,0.026458,53745.5589991685,0.6736489631779541
360050263002,360050263002,Block Group 2; Census Tract 263; Bronx County; New York,Bronx,1220,557,557,1.0,493,340,0.6896551724137931,322,0.2639344262295082,175,0.1434426229508196,0,0.0,125,0.1024590163934426,0,0.0,1095,0.8975409836065574,333,0.5978456014362658,36005026300,5743,1357,0.2362876545359568,5743,951,0.1655928956991119,5743,285,0.0496256312032039,14296,0.014296,85338.55623950755,0.6521037016930217
360050264002,360050264002,Block Group 2; Census Tract 264; Bronx County; New York,Bronx,767,328,229,0.698170731707317,360,34,0.0944444444444444,193,0.2516297262059974,73,0.0951760104302477,233,0.3037809647979139,250,0.3259452411994785,84,0.1095176010430247,200,0.2607561929595828,19,0.0579268292682926,36005026400,5790,724,0.1250431778929188,5870,399,0.0679727427597955,5870,187,0.0318568994889267,91267,0.091267,8403.913791403245,0.8516199504437207
360050265002,360050265002,Block Group 2; Census Tract 265; Bronx County; New York,Bronx,1236,475,445,0.936842105263158,459,336,0.7320261437908496,314,0.2540453074433657,307,0.2483818770226537,8,0.0064724919093851,8,0.0064724919093851,0,0.0,1170,0.9466019417475728,248,0.5221052631578947,36005026500,6803,1031,0.1515507864177568,6815,642,0.0942039618488628,6815,752,0.1103448275862069,31914,0.031914,38729.084414363606,0.6476430525739082
360050266012,360050266012,Block Group 2; Census Tract 266.01; Bronx County; New York,Bronx,555,273,273,1.0,292,144,0.4931506849315068,57,0.1027027027027027,22,0.0396396396396396,30,0.054054054054054,10,0.018018018018018,18,0.0324324324324324,423,0.7621621621621621,36,0.1318681318681318,36005026601,3214,988,0.3074051026757934,3214,429,0.1334785314250155,3214,325,0.1011200995644057,44065,0.044065,12595.03006921593,0.7864315257791528
360050266022,360050266022,Block Group 2; Census Tract 266.02; Bronx County; New York,Bronx,1520,511,476,0.9315068493150684,756,557,0.7367724867724867,332,0.2184210526315789,90,0.0592105263157894,281,0.1848684210526315,433,0.2848684210526316,99,0.0651315789473684,699,0.4598684210526316,29,0.0567514677103718,36005026602,5900,1002,0.1698305084745762,5900,1137,0.1927118644067796,5900,320,0.0542372881355932,66713,0.066713,22784.165005321305,0.7800341293376273
360050267012,360050267012,Block Group 2; Census Tract 267.01; Bronx County; New York,Bronx,1258,428,428,1.0,401,226,0.5635910224438903,466,0.3704292527821939,135,0.1073131955484896,39,0.0310015898251192,128,0.1017488076311605,0,0.0,1064,0.8457869634340223,196,0.4579439252336448,36005026701,3591,1043,0.290448343079922,3591,430,0.1197438039543302,3591,265,0.0737956001113895,19433,0.019433,64735.24417228426,0.490053489394004
360050267022,360050267022,Block Group 2; Census Tract 267.02; Bronx County; New York,Bronx,883,280,280,1.0,329,142,0.4316109422492401,295,0.334088335220838,40,0.0453001132502831,0,0.0,0,0.0,0,0.0,883,1.0,154,0.55,36005026702,6827,1379,0.2019920902299692,6817,1045,0.153293237494499,6817,692,0.1015109285609505,16046,0.016046,55029.29078898167,0.4698994589838694
360050269002,360050269002,Block Group 2; Census Tract 269; Bronx County; New York,Bronx,1809,643,592,0.9206842923794712,741,425,0.573549257759784,465,0.2570480928689884,271,0.1498065229408513,37,0.0204532891100055,174,0.0961857379767827,14,0.007739082365948,1574,0.8700939745715865,125,0.1944012441679626,36005026900,3991,1506,0.3773490353294914,4040,897,0.222029702970297,4040,102,0.0252475247524752,53383,0.053383,33887.19255193601,0.5701726980577897
360050027012,360050027012,Block Group 2; Census Tract 27.01; Bronx County; New York,Bronx,1714,708,708,1.0,422,352,0.8341232227488151,486,0.2835472578763127,422,0.2462077012835472,26,0.0151691948658109,222,0.1295215869311552,36,0.0210035005834305,1430,0.8343057176196033,116,0.1638418079096045,36005002701,3083,1441,0.4674018812844632,3111,754,0.2423657987785278,3111,312,0.1002892960462873,43299,0.043299,39585.209820088225,0.6768707462059702
360050027022,360050027022,Block Group 2; Census Tract 27.02; Bronx County; New York,Bronx,896,159,159,1.0,228,125,0.5482456140350878,296,0.3303571428571428,2,0.0022321428571428,8,0.0089285714285714,121,0.1350446428571428,0,0.0,767,0.8560267857142857,99,0.6226415094339622,36005002702,4788,2206,0.460735171261487,4798,997,0.2077949145477282,4798,756,0.1575656523551479,33737,0.033737,26558.37804191244,0.7210287477880816
360050273002,360050273002,Block Group 2; Census Tract 273; Bronx County; New York,Bronx,1390,690,690,1.0,663,442,0.6666666666666666,341,0.2453237410071942,315,0.2266187050359712,61,0.0438848920863309,113,0.0812949640287769,0,0.0,1216,0.874820143884892,143,0.2072463768115942,36005027300,6218,1662,0.2672885172081055,6218,558,0.0897394660662592,6218,554,0.0890961724027018,49193,0.049193,28256.052690423432,0.7855324020072694
360050274012,360050274012,Block Group 2; Census Tract 274.01; Bronx County; New York,Bronx,614,178,75,0.4213483146067415,283,88,0.3109540636042402,258,0.4201954397394137,84,0.1368078175895765,291,0.4739413680781759,0,0.0,27,0.0439739413680781,296,0.4820846905537459,0,0.0,36005027401,4973,457,0.0918962396943494,4973,839,0.1687110396139151,4973,213,0.042831288960386,93751,0.093751,6549.263474522938,0.4868651052571111
360050274022,360050274022,Block Group 2; Census Tract 274.02; Bronx County; New York,Bronx,538,189,84,0.4444444444444444,204,53,0.2598039215686274,204,0.379182156133829,32,0.0594795539033457,378,0.7026022304832714,0,0.0,41,0.0762081784386617,94,0.174721189591078,12,0.0634920634920634,36005027402,3336,243,0.072841726618705,3308,418,0.1263603385731559,3308,52,0.0157194679564691,76280,0.07628,7052.962768746723,0.5945173632486754
360050277002,360050277002,Block Group 2; Census Tract 277; Bronx County; New York,Bronx,1108,507,485,0.9566074950690336,537,297,0.553072625698324,306,0.2761732851985559,93,0.0839350180505415,136,0.1227436823104693,110,0.0992779783393501,63,0.0568592057761732,776,0.7003610108303249,47,0.0927021696252465,36005027700,4474,1362,0.3044255699597675,4474,787,0.1759052302190433,4474,320,0.0715243629861421,63150,0.06315,17545.526524148852,0.8131444556527155
360050279002,360050279002,Block Group 2; Census Tract 279; Bronx County; New York,Bronx,631,391,172,0.4398976982097187,335,196,0.5850746268656717,75,0.1188589540412044,66,0.1045958795562599,103,0.1632329635499207,157,0.2488114104595879,105,0.1664025356576862,266,0.4215530903328051,81,0.2071611253196931,36005027900,8037,1379,0.1715814358591514,8003,1313,0.1640634761964263,8003,540,0.0674746969886292,39150,0.03915,16117.496807151982,0.7858613496724103
360050281002,360050281002,Block Group 2; Census Tract 281; Bronx County; New York,Bronx,1142,543,450,0.8287292817679558,452,297,0.6570796460176991,197,0.1725043782837128,410,0.3590192644483362,308,0.2697022767075306,239,0.2092819614711033,130,0.1138353765323993,446,0.3905429071803853,113,0.2081031307550644,36005028100,3357,183,0.0545129579982126,3357,549,0.163538873994638,3357,131,0.0390229371462615,20688,0.020688,55201.08275328692,0.874499418554961
360050283002,360050283002,Block Group 2; Census Tract 283; Bronx County; New York,Bronx,1117,552,514,0.9311594202898552,369,217,0.5880758807588076,248,0.2220232766338406,87,0.0778871978513876,74,0.0662488809310653,56,0.0501342882721575,124,0.1110116383169203,807,0.7224709042076992,16,0.0289855072463768,36005028300,2325,1516,0.6520430107526882,2325,477,0.2051612903225806,2325,117,0.0503225806451612,110615,0.110615,10098.087962753694,0.741614758058474
360050285002,360050285002,Block Group 2; Census Tract 285; Bronx County; New York,Bronx,488,343,251,0.7317784256559767,171,89,0.52046783625731,54,0.110655737704918,194,0.3975409836065574,330,0.6762295081967213,83,0.1700819672131147,30,0.0614754098360655,45,0.0922131147540983,96,0.2798833819241982,36005028500,3414,353,0.1033977738722905,3422,586,0.1712448860315605,3422,111,0.032437171244886,19615,0.019615,24878.91919449401,0.7606312405418997
360050286002,360050286002,Block Group 2; Census Tract 286; Bronx County; New York,Bronx,638,281,196,0.697508896797153,232,102,0.4396551724137931,191,0.2993730407523511,171,0.2680250783699059,407,0.6379310344827587,27,0.0423197492163009,101,0.1583072100313479,103,0.1614420062695925,14,0.0498220640569395,36005028600,1248,90,0.0721153846153846,1248,169,0.1354166666666666,1248,48,0.0384615384615384,63095,0.063095,10111.736270702908,0.8741455330199633
360050287002,360050287002,Block Group 2; Census Tract 287; Bronx County; New York,Bronx,779,253,222,0.8774703557312253,318,70,0.220125786163522,112,0.1437740693196405,84,0.1078305519897304,95,0.1219512195121951,89,0.1142490372272143,0,0.0,595,0.7637997432605905,16,0.0632411067193675,36005028700,3529,311,0.0881269481439501,3530,427,0.1209631728045325,3530,436,0.1235127478753541,23731,0.023731,32826.26100880705,0.7720692955507493
360050288002,360050288002,Block Group 2; Census Tract 288; Bronx County; New York,Bronx,751,332,132,0.3975903614457831,427,136,0.3185011709601874,67,0.0892143808255659,157,0.2090545938748335,282,0.3754993342210386,77,0.1025299600532623,221,0.2942743009320905,171,0.2276964047936085,9,0.0271084337349397,36005028800,2589,238,0.0919273850907686,2589,297,0.1147161066048667,2589,123,0.0475086906141367,109329,0.109329,6869.174692899414,0.7343481624644536
360050289002,360050289002,Block Group 2; Census Tract 289; Bronx County; New York,Bronx,1657,577,577,1.0,830,705,0.8493975903614458,365,0.220277610138805,103,0.0621605310802655,74,0.0446590223295111,205,0.1237175618587809,0,0.0,1378,0.831623415811708,170,0.2946273830155979,36005028900,4314,804,0.1863699582753824,4314,448,0.1038479369494668,4314,424,0.0982846546128882,20863,0.020863,79422.90178785409,0.7920760025811963
360050028002,360050028002,Block Group 2; Census Tract 28; Bronx County; New York,Bronx,1461,814,688,0.8452088452088452,838,141,0.1682577565632458,217,0.1485284052019164,293,0.2005475701574264,0,0.0,808,0.5530458590006845,0,0.0,653,0.4469541409993155,27,0.0331695331695331,36005002800,5462,449,0.0822043207616257,5462,1376,0.2519223727572318,5462,235,0.0430245331380446,76371,0.076371,19130.29814982127,0.542078739454406
360050293012,360050293012,Block Group 2; Census Tract 293.01; Bronx County; New York,Bronx,1051,430,130,0.3023255813953488,439,159,0.3621867881548975,135,0.1284490960989533,372,0.3539486203615604,366,0.3482397716460513,198,0.1883920076117982,90,0.0856327307326355,340,0.3235014272121789,0,0.0,36005029301,1710,94,0.0549707602339181,1710,187,0.1093567251461988,1710,37,0.0216374269005847,75516,0.075516,13917.580380316756,0.1513302536666568
360050293022,360050293022,Block Group 2; Census Tract 293.02; Bronx County; New York,Bronx,1298,774,364,0.4702842377260982,568,218,0.3838028169014084,106,0.0816640986132511,572,0.4406779661016949,745,0.573959938366718,218,0.1679506933744222,58,0.0446841294298921,277,0.2134052388289676,59,0.0762273901808785,36005029302,5319,94,0.0176724948298552,5319,759,0.1426959954878736,5319,94,0.0176724948298552,69183,0.069183,18761.834554731657,0.3803353213935445
360050295002,360050295002,Block Group 2; Census Tract 295; Bronx County; New York,Bronx,849,456,250,0.5482456140350878,625,350,0.56,107,0.1260306242638398,201,0.2367491166077738,539,0.6348645465253239,18,0.0212014134275618,43,0.0506478209658421,249,0.293286219081272,66,0.1447368421052631,36005029500,4582,740,0.1615015277171541,4582,589,0.1285464862505456,4582,37,0.0080750763858577,44205,0.044205,19205.972175093313,0.6041732979237868
360050296002,360050296002,Block Group 2; Census Tract 296; Bronx County; New York,Bronx,877,285,246,0.8631578947368421,295,51,0.1728813559322033,42,0.0478905359179019,109,0.1242873432155074,542,0.6180159635119726,123,0.1402508551881414,14,0.0159635119726339,46,0.0524515393386545,0,0.0,36005029600,2018,375,0.1858275520317145,2304,205,0.0889756944444444,2304,71,0.0308159722222222,289122,0.289122,3033.321573591771,0.8388507111656192
360050297002,360050297002,Block Group 2; Census Tract 297; Bronx County; New York,Bronx,1542,718,482,0.6713091922005571,545,188,0.344954128440367,337,0.2185473411154345,326,0.2114137483787289,863,0.559662775616083,282,0.1828793774319066,101,0.0654993514915694,190,0.1232166018158236,6,0.0083565459610027,36005029700,3926,133,0.0338767193071828,3926,824,0.2098828323993886,3926,48,0.0122261844116148,98432,0.098432,15665.637191157346,0.6910720638882561
360050002002,360050002002,Block Group 2; Census Tract 2; Bronx County; New York,Bronx,2500,779,488,0.6264441591784339,1332,516,0.3873873873873873,534,0.2136,303,0.1212,66,0.0264,906,0.3624,33,0.0132,1476,0.5904,141,0.1810012836970475,36005000200,5061,652,0.1288282948033985,5061,702,0.1387077652637818,5061,287,0.0567081604426002,195476,0.195476,12789.293826352085,0.3805316295491125
360050300002,360050300002,Block Group 2; Census Tract 300; Bronx County; New York,Bronx,1598,384,255,0.6640625,706,237,0.3356940509915014,270,0.1689612015018773,74,0.04630788485607,564,0.3529411764705882,0,0.0,183,0.1145181476846057,851,0.532540675844806,0,0.0,36005030000,6860,625,0.0911078717201166,6920,604,0.0872832369942196,6920,295,0.0426300578034682,102847,0.102847,15537.643295380518,0.4625752030978578
360050301002,360050301002,Block Group 2; Census Tract 301; Bronx County; New York,Bronx,756,248,209,0.842741935483871,93,21,0.2258064516129032,75,0.0992063492063492,565,0.7473544973544973,255,0.3373015873015873,131,0.1732804232804232,32,0.0423280423280423,273,0.3611111111111111,63,0.2540322580645161,36005030100,1215,99,0.0814814814814814,1215,130,0.1069958847736625,1215,11,0.0090534979423868,99893,0.099893,7568.097864715246,0.720833976708414
360050302012,360050302012,Block Group 2; Census Tract 302.01; Bronx County; New York,Bronx,542,379,284,0.7493403693931399,271,87,0.3210332103321033,0,0.0,131,0.2416974169741697,54,0.0996309963099631,343,0.6328413284132841,0,0.0,110,0.2029520295202952,0,0.0,36005030201,3681,377,0.1024178212442271,3681,581,0.1578375441456126,3681,215,0.0584080412931268,67382,0.067382,8043.691193493812,0.5635800615056644
360050307012,360050307012,Block Group 2; Census Tract 307.01; Bronx County; New York,Bronx,1921,842,460,0.5463182897862233,931,422,0.4532760472610097,548,0.2852680895366996,513,0.2670484122852681,832,0.433107756376887,98,0.0510150963040083,56,0.0291514836022904,635,0.3305570015616866,0,0.0,36005030701,5743,239,0.041615880201985,5743,837,0.1457426432178304,5743,293,0.0510186313773289,111286,0.111286,17261.829879769244,0.549547921909455
360050309002,360050309002,Block Group 2; Census Tract 309; Bronx County; New York,Bronx,531,220,51,0.2318181818181818,156,31,0.1987179487179487,113,0.2128060263653484,244,0.4595103578154426,386,0.7269303201506592,14,0.0263653483992467,51,0.096045197740113,65,0.1224105461393597,30,0.1363636363636363,36005030900,2946,92,0.0312287847929395,3072,533,0.1735026041666666,3072,27,0.0087890625,549886,0.549886,965.6546993376808,0.6799434102807305
360050310002,360050310002,Block Group 2; Census Tract 310; Bronx County; New York,Bronx,1378,351,105,0.2991452991452991,507,33,0.0650887573964497,21,0.0152394775036284,763,0.5537010159651669,343,0.2489114658925979,440,0.3193033381712627,175,0.1269956458635704,412,0.2989840348330914,35,0.0997150997150997,36005031000,3721,156,0.0419242139209889,3721,309,0.083042192958882,3721,8,0.0021499596882558,307422,0.307422,4482.437821626299,0.7732076970890644
360050312002,360050312002,Block Group 2; Census Tract 312; Bronx County; New York,Bronx,711,277,193,0.6967509025270758,334,122,0.3652694610778443,122,0.1715893108298171,162,0.2278481012658227,231,0.3248945147679324,221,0.3108298171589311,113,0.1589310829817159,95,0.1336146272855133,33,0.1191335740072202,36005031200,1474,171,0.1160108548168249,1432,170,0.1187150837988826,1432,77,0.0537709497206703,119208,0.119208,5964.364807731025,0.8522617364433767
360050314002,360050314002,Block Group 2; Census Tract 314; Bronx County; New York,Bronx,1197,299,182,0.6086956521739131,443,164,0.3702031602708803,279,0.2330827067669172,268,0.2238930659983291,323,0.2698412698412698,144,0.1203007518796992,119,0.0994152046783625,605,0.5054302422723476,3,0.0100334448160535,36005031400,2024,105,0.0518774703557312,2052,191,0.0930799220272904,2052,138,0.067251461988304,97432,0.097432,12285.491419656786,0.9160088320786264
360050316002,360050316002,Block Group 2; Census Tract 316; Bronx County; New York,Bronx,667,297,76,0.2558922558922559,146,22,0.1506849315068493,26,0.0389805097451274,366,0.5487256371814093,366,0.5487256371814093,0,0.0,79,0.1184407796101949,222,0.3328335832083958,118,0.3973063973063973,36005031600,1697,303,0.1785503830288745,1697,327,0.1926929876252209,1697,67,0.0394814378314672,78739,0.078739,8471.024524060504,0.7715506570174407
360050318002,360050318002,Block Group 2; Census Tract 318; Bronx County; New York,Bronx,1134,373,157,0.420911528150134,462,129,0.2792207792207792,147,0.1296296296296296,269,0.2372134038800705,479,0.4223985890652557,102,0.0899470899470899,178,0.1569664902998236,366,0.3227513227513227,65,0.1742627345844504,36005031800,1663,70,0.042092603728202,1663,177,0.1064341551413108,1663,51,0.0306674684305472,112129,0.112129,10113.351586119556,0.7873848164352324
360050323002,360050323002,Block Group 2; Census Tract 323; Bronx County; New York,Bronx,1407,759,419,0.5520421607378129,666,154,0.2312312312312312,271,0.1926083866382373,496,0.3525230987917555,585,0.4157782515991471,187,0.1329068941009239,59,0.0419331911869225,510,0.3624733475479744,15,0.0197628458498023,36005032300,4923,175,0.0355474304286004,4923,767,0.1557993093642088,4923,64,0.0130002031281738,27367,0.027367,51412.28486863741,0.7112036084595322
360050324002,360050324002,Block Group 2; Census Tract 324; Bronx County; New York,Bronx,1127,479,370,0.7724425887265136,504,172,0.3412698412698413,238,0.2111801242236025,95,0.0842945874001774,316,0.2803904170363798,37,0.0328305235137533,438,0.3886424134871339,260,0.2307009760425909,211,0.4405010438413361,36005032400,2930,959,0.3273037542662116,2930,425,0.1450511945392491,2930,25,0.0085324232081911,64572,0.064572,17453.385368271076,0.7767867980793413
360050326002,360050326002,Block Group 2; Census Tract 326; Bronx County; New York,Bronx,1739,536,335,0.625,730,152,0.2082191780821917,372,0.2139160437032777,262,0.1506612995974698,725,0.4169062679700978,306,0.1759631972397929,178,0.1023576768257619,530,0.3047728579643473,64,0.1194029850746268,36005032600,3388,526,0.1552538370720189,3388,431,0.1272136953955135,3388,160,0.0472255017709563,120263,0.120263,14459.975220974033,0.8534087968839343
360050328002,360050328002,Block Group 2; Census Tract 328; Bronx County; New York,Bronx,943,464,464,1.0,317,261,0.8233438485804416,242,0.256627783669141,103,0.1092258748674443,60,0.0636267232237539,327,0.3467656415694591,0,0.0,458,0.4856839872746553,41,0.0883620689655172,36005032800,4110,773,0.1880778588807785,4132,613,0.1483543078412391,4132,301,0.0728460793804453,45427,0.045427,20758.579699297778,0.8759611408594291
360050330002,360050330002,Block Group 2; Census Tract 330; Bronx County; New York,Bronx,963,423,403,0.9527186761229316,314,223,0.7101910828025477,194,0.2014537902388369,278,0.288681204569055,297,0.308411214953271,111,0.1152647975077881,117,0.1214953271028037,262,0.2720664589823468,229,0.541371158392435,36005033000,5194,1244,0.2395071236041586,5194,753,0.1449749711205236,5194,161,0.0309973045822102,30536,0.030536,31536.547026460572,0.8772498241376628
360050332012,360050332012,Block Group 2; Census Tract 332.01; Bronx County; New York,Bronx,1713,817,658,0.8053855569155447,718,495,0.6894150417827298,351,0.2049036777583187,247,0.1441914769410391,108,0.063047285464098,280,0.1634559252772913,24,0.0140105078809106,1239,0.723292469352014,116,0.1419828641370869,36005033201,4046,1133,0.2800296589223925,4046,996,0.2461690558576371,4046,199,0.0491843796342066,29570,0.02957,57930.334798782555,0.5626119964938816
360050332022,360050332022,Block Group 2; Census Tract 332.02; Bronx County; New York,Bronx,1059,419,356,0.8496420047732697,477,201,0.4213836477987421,330,0.311614730878187,142,0.1340887629839471,236,0.222851746931067,227,0.2143531633616619,0,0.0,584,0.5514636449480642,33,0.0787589498806682,36005033202,3182,806,0.2532998114393463,3182,508,0.1596480201131364,3182,70,0.0219987429289754,38524,0.038524,27489.35728377115,0.6761654018382917
360050335002,360050335002,Block Group 2; Census Tract 335; Bronx County; New York,Bronx,611,209,78,0.3732057416267942,262,54,0.2061068702290076,168,0.2749590834697217,183,0.2995090016366612,413,0.6759410801963993,45,0.0736497545008183,12,0.0196399345335515,104,0.1702127659574468,7,0.0334928229665071,36005033500,1761,237,0.1345826235093696,2122,165,0.0777568331762488,2122,62,0.0292177191328934,313983,0.313983,1945.9652274167709,0.6003823193620232
360050336012,360050336012,Block Group 2; Census Tract 336.01; Bronx County; New York,Bronx,683,330,293,0.8878787878787879,139,38,0.2733812949640288,186,0.2723279648609077,131,0.191800878477306,60,0.0878477306002928,192,0.281112737920937,0,0.0,421,0.616398243045388,40,0.1212121212121212,36005033601,4403,2005,0.4553713377242789,4414,967,0.2190756683280471,4414,427,0.0967376529225192,23545,0.023545,29008.282013166277,0.6838677474945806
360050337002,360050337002,Block Group 2; Census Tract 337; Bronx County; New York,Bronx,1501,440,113,0.2568181818181818,492,119,0.241869918699187,507,0.3377748167888074,362,0.2411725516322451,1003,0.6682211858760826,185,0.123251165889407,101,0.067288474350433,99,0.0659560293137908,42,0.0954545454545454,36005033700,3143,158,0.0502704422526248,3193,517,0.1619166927654243,3193,57,0.0178515502662073,109031,0.109031,13766.726894186057,0.7233547231220878
360050338012,360050338012,Block Group 2; Census Tract 338.01; Bronx County; New York,Bronx,974,398,350,0.8793969849246231,338,213,0.6301775147928994,248,0.2546201232032854,84,0.0862422997946611,90,0.0924024640657084,224,0.2299794661190965,70,0.0718685831622176,491,0.5041067761806981,126,0.3165829145728643,36005033801,2011,461,0.2292391844853306,2011,303,0.1506713078070611,2011,178,0.08851317752362,65170,0.06517,14945.527083013656,0.6510301541226573
360050033002,360050033002,Block Group 2; Census Tract 33; Bronx County; New York,Bronx,1308,505,403,0.7980198019801981,350,252,0.72,455,0.3478593272171253,251,0.1918960244648318,0,0.0,417,0.3188073394495412,0,0.0,891,0.6811926605504587,200,0.396039603960396,36005003300,3577,1547,0.4324853228962818,3577,607,0.1696952753704221,3577,108,0.0301928990774391,34761,0.034761,37628.37662898075,0.7187435727245952
360050340002,360050340002,Block Group 2; Census Tract 340; Bronx County; New York,Bronx,1741,680,632,0.9294117647058824,734,293,0.3991825613079019,401,0.2303273980470993,299,0.1717403790924755,34,0.0195290063182079,603,0.3463526708788053,10,0.0057438253877082,1086,0.623779437105112,214,0.3147058823529411,36005034000,4978,984,0.1976697468862997,5004,415,0.0829336530775379,5004,720,0.1438848920863309,49203,0.049203,35384.02129951426,0.647552312950555
360050342002,360050342002,Block Group 2; Census Tract 342; Bronx County; New York,Bronx,612,245,159,0.6489795918367347,349,141,0.4040114613180516,81,0.1323529411764706,72,0.1176470588235294,48,0.0784313725490196,387,0.6323529411764706,10,0.0163398692810457,167,0.272875816993464,62,0.2530612244897959,36005034200,1603,302,0.1883967560823456,1625,175,0.1076923076923077,1625,69,0.0424615384615384,109873,0.109873,5570.0672594723,0.685424165619364
360050343002,360050343002,Block Group 2; Census Tract 343; Bronx County; New York,Bronx,703,260,192,0.7384615384615385,325,145,0.4461538461538462,94,0.1337126600284495,119,0.1692745376955903,94,0.1337126600284495,14,0.0199146514935988,27,0.038406827880512,506,0.7197724039829303,11,0.0423076923076923,36005034300,1456,71,0.0487637362637362,1472,142,0.0964673913043478,1472,38,0.0258152173913043,60685,0.060685,11584.41130427618,0.5854248170049206
360050344002,360050344002,Block Group 2; Census Tract 344; Bronx County; New York,Bronx,1013,322,150,0.4658385093167702,426,179,0.42018779342723,315,0.3109575518262586,110,0.1085883514313919,129,0.1273445212240868,633,0.6248766041461007,24,0.0236920039486673,212,0.209279368213228,86,0.2670807453416149,36005034400,1708,582,0.3407494145199063,1717,205,0.1193942923704135,1717,240,0.139778683750728,96362,0.096362,10512.442664120712,0.6679544005074022
360050345002,360050345002,Block Group 2; Census Tract 345; Bronx County; New York,Bronx,1734,723,505,0.6984785615491009,596,139,0.2332214765100671,296,0.1707035755478662,487,0.2808535178777393,814,0.469434832756632,286,0.1649365628604382,30,0.0173010380622837,543,0.3131487889273356,63,0.0871369294605809,36005034500,3950,399,0.1010126582278481,3950,565,0.1430379746835443,3950,168,0.0425316455696202,153671,0.153671,11283.846659421752,0.5624513447644809
360050348002,360050348002,Block Group 2; Census Tract 348; Bronx County; New York,Bronx,2752,1023,1023,1.0,674,521,0.7729970326409495,1049,0.3811773255813953,293,0.1064680232558139,39,0.0141715116279069,1149,0.4175145348837209,10,0.0036337209302325,1554,0.5646802325581395,106,0.1036168132942326,36005034800,6046,1143,0.1890506119748594,6046,632,0.1045319219318557,6046,144,0.0238173999338405,76389,0.076389,36026.12941653903,0.7044776739734913
360050350002,360050350002,Block Group 2; Census Tract 350; Bronx County; New York,Bronx,979,411,333,0.8102189781021898,553,208,0.376130198915009,280,0.2860061287027579,95,0.0970377936670071,0,0.0,779,0.7957099080694586,46,0.0469867211440245,154,0.1573033707865168,21,0.0510948905109489,36005035000,1887,143,0.0757816640169581,1887,170,0.09009009009009,1887,109,0.0577636459989401,80104,0.080104,12221.61190452412,0.6652537287906581
360050351002,360050351002,Block Group 2; Census Tract 351; Bronx County; New York,Bronx,1122,648,467,0.720679012345679,695,333,0.479136690647482,163,0.1452762923351158,160,0.142602495543672,174,0.1550802139037433,79,0.070409982174688,127,0.1131907308377896,667,0.5944741532976827,1,0.0015432098765432,36005035100,2707,198,0.0731437015145918,3461,422,0.1219300780121352,3461,90,0.0260040450736781,149190,0.14919,7520.611301025539,0.5280012326836332
360050356002,360050356002,Block Group 2; Census Tract 356; Bronx County; New York,Bronx,928,299,143,0.4782608695652174,390,72,0.1846153846153846,196,0.2112068965517241,146,0.1573275862068965,5,0.0053879310344827,652,0.7025862068965517,14,0.0150862068965517,238,0.2564655172413793,46,0.1538461538461538,36005035600,2201,277,0.1258518855065879,2202,302,0.1371480472297911,2202,98,0.0445049954586739,317226,0.317226,2925.3592076311525,0.698101677976967
360050358002,360050358002,Block Group 2; Census Tract 358; Bronx County; New York,Bronx,890,284,117,0.4119718309859155,376,93,0.2473404255319149,126,0.1415730337078651,170,0.1910112359550561,22,0.0247191011235955,749,0.8415730337078652,0,0.0,74,0.0831460674157303,0,0.0,36005035800,6673,619,0.0927618762175932,6673,688,0.1031020530496028,6673,214,0.0320695339427543,131462,0.131462,6770.0171912796095,0.6067427286185035
360050035002,360050035002,Block Group 2; Census Tract 35; Bronx County; New York,Bronx,1008,378,362,0.9576719576719576,306,141,0.4607843137254901,245,0.2430555555555555,208,0.2063492063492063,23,0.0228174603174603,331,0.3283730158730158,92,0.0912698412698412,489,0.4851190476190476,55,0.1455026455026455,36005003500,3481,780,0.2240735420856076,3481,980,0.2815282964665326,3481,235,0.0675093363975869,17641,0.017641,57139.61793549119,0.7884729030874589
360050360002,360050360002,Block Group 2; Census Tract 360; Bronx County; New York,Bronx,1305,417,160,0.3836930455635491,566,190,0.3356890459363957,335,0.2567049808429119,208,0.1593869731800766,23,0.0176245210727969,750,0.5747126436781609,70,0.053639846743295,440,0.3371647509578544,38,0.0911270983213429,36005036000,2571,480,0.1866977829638273,2606,293,0.112432847275518,2606,171,0.065617805065234,83969,0.083969,15541.449820767188,0.8174678562185822
360050361002,360050361002,Block Group 2; Census Tract 361; Bronx County; New York,Bronx,1696,615,579,0.9414634146341464,664,353,0.5316265060240963,418,0.2464622641509433,344,0.2028301886792453,0,0.0,575,0.3390330188679245,51,0.0300707547169811,965,0.5689858490566038,311,0.5056910569105691,36005036100,4678,2287,0.4888841385207353,4679,1166,0.2491985466980124,4679,139,0.0297072023936738,37620,0.03762,45082.40297713982,0.7495078594639358
360050363002,360050363002,Block Group 2; Census Tract 363; Bronx County; New York,Bronx,772,342,342,1.0,241,166,0.6887966804979253,192,0.2487046632124352,143,0.1852331606217616,0,0.0,79,0.1023316062176165,6,0.0077720207253886,687,0.8898963730569949,31,0.0906432748538011,36005036300,6714,2729,0.4064641048555257,6718,1478,0.2200059541530217,6718,348,0.0518011312890741,13451,0.013451,57393.50234183332,0.8220615810417227
360050364002,360050364002,Block Group 2; Census Tract 364; Bronx County; New York,Bronx,734,328,257,0.7835365853658537,258,143,0.5542635658914729,113,0.1539509536784741,167,0.2275204359673024,0,0.0,502,0.6839237057220708,41,0.0558583106267029,191,0.2602179836512261,24,0.073170731707317,36005036400,2304,225,0.09765625,2304,383,0.1662326388888889,2304,222,0.0963541666666666,43450,0.04345,16892.980437284234,0.6000345891698603
360050365012,360050365012,Block Group 2; Census Tract 365.01; Bronx County; New York,Bronx,2051,578,545,0.9429065743944636,796,418,0.5251256281407035,506,0.2467089224768405,276,0.1345685031691857,28,0.0136518771331058,1130,0.5509507557289127,0,0.0,893,0.4353973671379815,125,0.2162629757785467,36005036501,4287,1051,0.245159785397714,4287,837,0.1952414275717285,4287,297,0.0692792162351294,32627,0.032627,62862.04677107916,0.8071603783672169
360050365022,360050365022,Block Group 2; Census Tract 365.02; Bronx County; New York,Bronx,1019,196,184,0.9387755102040816,399,140,0.3508771929824561,221,0.2168792934249264,107,0.1050049067713444,36,0.0353287536800785,344,0.3375858684985279,0,0.0,632,0.620215897939156,63,0.3214285714285714,36005036502,2280,857,0.3758771929824561,2280,353,0.1548245614035087,2280,175,0.0767543859649122,51804,0.051804,19670.295730059453,0.7614325500819412
360050367002,360050367002,Block Group 2; Census Tract 367; Bronx County; New York,Bronx,1653,507,507,1.0,557,447,0.8025134649910234,356,0.2153660012099213,157,0.0949788263762855,12,0.0072595281306715,532,0.3218390804597701,0,0.0,1084,0.6557773744706594,116,0.2287968441814595,36005036700,2627,1079,0.4107346783403121,2718,694,0.2553348050036791,2718,107,0.0393671817512877,32004,0.032004,51649.79377577803,0.7718649746740733
360050368002,360050368002,Block Group 2; Census Tract 368; Bronx County; New York,Bronx,933,310,195,0.6290322580645161,305,183,0.6,218,0.2336548767416934,122,0.1307609860664523,23,0.0246516613076098,389,0.4169346195069667,15,0.0160771704180064,368,0.3944265809217577,27,0.0870967741935483,36005036800,1941,545,0.2807831014940752,1927,390,0.2023871302542812,1927,105,0.054488842760768,68290,0.06829,13662.3224483819,0.7687227082460221
360050369012,360050369012,Block Group 2; Census Tract 369.01; Bronx County; New York,Bronx,984,448,448,1.0,245,104,0.4244897959183673,238,0.241869918699187,193,0.1961382113821138,0,0.0,94,0.0955284552845528,0,0.0,890,0.9044715447154472,171,0.3816964285714285,36005036901,1780,798,0.448314606741573,1780,626,0.3516853932584269,1780,153,0.0859550561797752,33519,0.033519,29356.484381992304,0.8409824979442981
360050369022,360050369022,Block Group 2; Census Tract 369.02; Bronx County; New York,Bronx,1565,554,525,0.947653429602888,595,302,0.507563025210084,385,0.2460063897763578,88,0.0562300319488817,103,0.065814696485623,556,0.3552715654952076,0,0.0,901,0.5757188498402556,20,0.0361010830324909,36005036902,2504,942,0.3761980830670926,2504,462,0.1845047923322683,2504,179,0.0714856230031948,43551,0.043551,35934.88094418039,0.759341003754735
360050370002,360050370002,Block Group 2; Census Tract 370; Bronx County; New York,Bronx,785,244,115,0.4713114754098361,389,86,0.2210796915167095,169,0.2152866242038216,119,0.151592356687898,0,0.0,608,0.7745222929936306,21,0.0267515923566879,28,0.0356687898089171,14,0.0573770491803278,36005037000,2362,395,0.1672311600338696,2362,326,0.1380186282811177,2362,308,0.130397967823878,48295,0.048295,16254.270628429444,0.7077109600943859
360050371002,360050371002,Block Group 2; Census Tract 371; Bronx County; New York,Bronx,1222,475,440,0.9263157894736842,443,291,0.6568848758465011,291,0.2381342062193126,203,0.1661211129296235,0,0.0,743,0.6080196399345336,0,0.0,468,0.3829787234042553,40,0.0842105263157894,36005037100,4202,1011,0.2405997144217039,4218,1149,0.2724039829302987,4218,249,0.0590327169274537,66953,0.066953,18251.609337893748,0.7623583477540659
360050372002,360050372002,Block Group 2; Census Tract 372; Bronx County; New York,Bronx,1360,584,467,0.7996575342465754,646,367,0.5681114551083591,260,0.1911764705882352,285,0.2095588235294117,71,0.0522058823529411,493,0.3625,36,0.0264705882352941,645,0.4742647058823529,135,0.2311643835616438,36005037200,1969,253,0.1284916201117318,2017,187,0.0927119484382746,2017,115,0.0570153693604362,114551,0.114551,11872.441096105666,0.8663353878308584
360050373002,360050373002,Block Group 2; Census Tract 373; Bronx County; New York,Bronx,1294,560,516,0.9214285714285714,659,485,0.7359635811836115,382,0.2952086553323029,101,0.0780525502318392,4,0.0030911901081916,102,0.0788253477588871,0,0.0,925,0.7148377125193199,144,0.2571428571428571,36005037300,6185,1415,0.2287793047696038,6197,2260,0.3646925931902533,6197,220,0.0355010488946264,44902,0.044902,28818.315442519262,0.7662945529736102
360050374002,360050374002,Block Group 2; Census Tract 374; Bronx County; New York,Bronx,1448,563,382,0.6785079928952042,380,198,0.5210526315789473,207,0.1429558011049723,113,0.0780386740331491,0,0.0,361,0.2493093922651933,40,0.0276243093922651,1020,0.7044198895027625,173,0.3072824156305506,36005037400,3602,1169,0.3245419211549139,3633,673,0.1852463528764106,3633,161,0.0443159922928709,101042,0.101042,14330.674373032994,0.8215800770521048
360050375042,360050375042,Block Group 2; Census Tract 375.04; Bronx County; New York,Bronx,986,348,348,1.0,374,208,0.5561497326203209,281,0.2849898580121703,44,0.0446247464503042,10,0.0101419878296146,365,0.370182555780933,0,0.0,611,0.6196754563894523,44,0.1264367816091954,36005037504,3831,1240,0.323675280605586,3831,703,0.1835030018271991,3831,204,0.0532498042286609,68816,0.068816,14328.063241106718,0.975489450892603
360050376002,360050376002,Block Group 2; Census Tract 376; Bronx County; New York,Bronx,1114,382,230,0.6020942408376964,444,126,0.2837837837837837,222,0.1992818671454219,202,0.1813285457809695,47,0.0421903052064632,466,0.4183123877917414,111,0.0996409335727109,453,0.4066427289048474,0,0.0,36005037600,2115,503,0.2378250591016548,2115,380,0.1796690307328605,2115,199,0.0940898345153664,87546,0.087546,12724.738994357253,0.8185958886685082
360050378002,360050378002,Block Group 2; Census Tract 378; Bronx County; New York,Bronx,532,266,225,0.8458646616541353,155,97,0.6258064516129033,47,0.0883458646616541,111,0.2086466165413533,0,0.0,155,0.2913533834586466,0,0.0,363,0.6823308270676691,42,0.1578947368421052,36005037800,3481,791,0.2272335535765584,3503,638,0.1821296031972595,3503,408,0.1164715957750499,19734,0.019734,26958.54869767913,0.823993404104068
360050379002,360050379002,Block Group 2; Census Tract 379; Bronx County; New York,Bronx,2154,708,637,0.8997175141242938,841,378,0.4494649227110582,484,0.2246982358402971,107,0.0496750232126276,51,0.0236768802228412,914,0.4243268337975859,6,0.0027855153203342,1150,0.5338904363974002,14,0.019774011299435,36005037900,6293,1922,0.3054187192118227,6961,1757,0.2524062634678925,6961,305,0.0438155437437149,86258,0.086258,24971.59683739479,0.8707822368830865
360050380002,360050380002,Block Group 2; Census Tract 380; Bronx County; New York,Bronx,812,231,211,0.9134199134199136,169,95,0.5621301775147929,363,0.4470443349753694,24,0.0295566502463054,0,0.0,432,0.5320197044334976,21,0.0258620689655172,326,0.4014778325123153,13,0.0562770562770562,36005038000,4925,2213,0.4493401015228426,4925,692,0.1405076142131979,4925,185,0.0375634517766497,34721,0.034721,23386.423202096714,0.6719726226566726
360050381002,360050381002,Block Group 2; Census Tract 381; Bronx County; New York,Bronx,1948,595,595,1.0,825,675,0.8181818181818182,705,0.3619096509240246,245,0.1257700205338809,0,0.0,120,0.0616016427104722,0,0.0,1702,0.8737166324435318,403,0.6773109243697479,36005038100,6523,2154,0.3302161582094128,6543,1032,0.1577258138468592,6543,591,0.0903255387436955,16135,0.016135,120731.329408119,0.5975326071297948
360050382002,360050382002,Block Group 2; Census Tract 382; Bronx County; New York,Bronx,1258,423,255,0.6028368794326241,459,165,0.3594771241830065,334,0.2655007949125596,237,0.1883942766295707,29,0.0230524642289348,922,0.7329093799682035,0,0.0,307,0.2440381558028616,8,0.0189125295508274,36005038200,2937,486,0.1654749744637385,2964,379,0.1278677462887989,2964,184,0.0620782726045884,75754,0.075754,16606.383821316365,0.682637211935547
360050383012,360050383012,Block Group 2; Census Tract 383.01; Bronx County; New York,Bronx,1881,715,715,1.0,999,489,0.4894894894894895,498,0.2647527910685805,102,0.0542264752791068,0,0.0,451,0.239766081871345,0,0.0,1375,0.7309941520467836,184,0.2573426573426573,36005038301,4525,1671,0.3692817679558011,4553,565,0.1240940039534373,4553,728,0.1598945750054909,30933,0.030933,60808.84492289788,0.8408913291260632
360050383032,360050383032,Block Group 2; Census Tract 383.03; Bronx County; New York,Bronx,1413,579,559,0.9654576856649396,551,439,0.7967332123411979,348,0.2462845010615711,177,0.1252653927813163,0,0.0,510,0.3609341825902335,0,0.0,769,0.5442321302193913,140,0.2417962003454231,36005038303,3644,940,0.2579582875960483,3662,663,0.1810486073184052,3662,240,0.0655379574003277,37976,0.037976,37207.710132715394,0.8490708203524853
360050385002,360050385002,Block Group 2; Census Tract 385; Bronx County; New York,Bronx,307,135,135,1.0,150,0,0.0,96,0.3127035830618892,0,0.0,0,0.0,68,0.2214983713355048,0,0.0,239,0.7785016286644951,0,0.0,36005038500,5197,3759,0.7233019049451607,5218,1275,0.2443464929091606,5218,157,0.0300881563817554,30520,0.03052,10058.97771952818,0.827655453152024
360050386002,360050386002,Block Group 2; Census Tract 386; Bronx County; New York,Bronx,586,177,94,0.5310734463276836,271,209,0.7712177121771218,103,0.1757679180887372,110,0.1877133105802047,48,0.0819112627986348,526,0.8976109215017065,0,0.0,0,0.0,0,0.0,36005038600,7985,1631,0.204257983719474,8012,1044,0.1303045431852221,8012,524,0.0654018971542686,91912,0.091912,6375.663678300984,0.5630923944222381
360050387002,360050387002,Block Group 2; Census Tract 387; Bronx County; New York,Bronx,1603,507,507,1.0,1006,738,0.7335984095427436,364,0.2270742358078602,118,0.0736119775421085,19,0.0118527760449157,110,0.0686213349968808,0,0.0,1474,0.9195258889582034,292,0.5759368836291914,36005038700,3610,1054,0.2919667590027701,3610,631,0.174792243767313,3610,799,0.2213296398891966,37906,0.037906,42288.81971191896,0.8864035393788546
360050388002,360050388002,Block Group 2; Census Tract 388; Bronx County; New York,Bronx,1465,466,215,0.4613733905579399,500,335,0.67,502,0.3426621160409556,136,0.0928327645051194,0,0.0,748,0.510580204778157,0,0.0,668,0.4559726962457338,33,0.0708154506437768,36005038800,2752,577,0.2096656976744186,2752,316,0.1148255813953488,2752,148,0.0537790697674418,76107,0.076107,19249.21492109793,0.7712394537996555
360050389002,360050389002,Block Group 2; Census Tract 389; Bronx County; New York,Bronx,967,393,393,1.0,391,177,0.4526854219948849,114,0.1178903826266804,82,0.0847983453981385,206,0.2130299896587383,31,0.0320579110651499,25,0.0258531540847983,688,0.7114788004136504,75,0.1908396946564885,36005038900,5221,1810,0.3466768818234055,5412,505,0.0933111603843311,5412,906,0.1674057649667406,27377,0.027377,35321.62033824013,0.8247705828764
360050390002,360050390002,Block Group 2; Census Tract 390; Bronx County; New York,Bronx,1590,558,454,0.8136200716845878,740,301,0.4067567567567567,402,0.2528301886792453,154,0.0968553459119496,15,0.0094339622641509,1068,0.6716981132075471,39,0.0245283018867924,312,0.1962264150943396,73,0.1308243727598566,36005039000,3054,572,0.1872953503601833,3054,379,0.1240995415848068,3054,104,0.0340537000654878,92610,0.09261,17168.772270813086,0.8583987897728361
360050391002,360050391002,Block Group 2; Census Tract 391; Bronx County; New York,Bronx,1406,1044,1044,1.0,722,124,0.1717451523545706,0,0.0,522,0.3712660028449502,628,0.4466571834992888,391,0.2780938833570412,0,0.0,387,0.27524893314367,172,0.1647509578544061,36005039100,6048,2033,0.3361441798941799,6071,1192,0.1963432712897381,6071,820,0.1350683577664305,57022,0.057022,24657.149871979236,0.754977100741422
360050392002,360050392002,Block Group 2; Census Tract 392; Bronx County; New York,Bronx,762,335,194,0.5791044776119403,286,178,0.6223776223776224,81,0.1062992125984252,166,0.2178477690288714,32,0.0419947506561679,549,0.7204724409448819,28,0.0367454068241469,119,0.1561679790026246,50,0.1492537313432835,36005039200,1578,304,0.1926489226869455,1578,296,0.1875792141951837,1578,98,0.0621039290240811,55364,0.055364,13763.456397659127,0.7622656876712964
360050393002,360050393002,Block Group 2; Census Tract 393; Bronx County; New York,Bronx,1585,430,430,1.0,341,130,0.3812316715542522,598,0.3772870662460568,23,0.0145110410094637,27,0.0170347003154574,303,0.191167192429022,18,0.0113564668769716,1226,0.7735015772870663,0,0.0,36005039300,8776,3306,0.3767092069279854,8847,1510,0.170679326325308,8847,368,0.0415960212501412,43077,0.043077,36794.5771525408,0.7720182993089139
360050394002,360050394002,Block Group 2; Census Tract 394; Bronx County; New York,Bronx,1540,601,589,0.9800332778702164,473,314,0.6638477801268499,538,0.3493506493506493,207,0.1344155844155844,20,0.0129870129870129,859,0.5577922077922078,0,0.0,661,0.4292207792207792,147,0.2445923460898502,36005039400,4020,1149,0.285820895522388,4119,502,0.1218742413207089,4119,525,0.1274581209031318,66835,0.066835,23041.81940599985,0.7458885087847456
360050395002,360050395002,Block Group 2; Census Tract 395; Bronx County; New York,Bronx,629,261,246,0.942528735632184,265,119,0.4490566037735849,74,0.1176470588235294,72,0.1144674085850556,0,0.0,140,0.2225755166931637,0,0.0,470,0.7472178060413355,32,0.1226053639846743,36005039500,4389,1820,0.4146730462519936,4372,1738,0.3975297346752058,4372,284,0.0649588289112534,74238,0.074238,8472.749804682238,0.8513245027025846
360050396002,360050396002,Block Group 2; Census Tract 396; Bronx County; New York,Bronx,774,308,293,0.9512987012987012,317,184,0.580441640378549,228,0.2945736434108527,49,0.0633074935400516,8,0.0103359173126615,484,0.6253229974160207,15,0.0193798449612403,267,0.3449612403100775,140,0.4545454545454545,36005039600,3760,989,0.263031914893617,3760,666,0.177127659574468,3760,379,0.1007978723404255,67195,0.067195,11518.714190043902,0.8407233842439856
360050397002,360050397002,Block Group 2; Census Tract 397; Bronx County; New York,Bronx,572,258,258,1.0,194,105,0.5412371134020618,123,0.215034965034965,99,0.173076923076923,0,0.0,97,0.1695804195804195,0,0.0,426,0.7447552447552448,129,0.5,36005039700,1052,377,0.3583650190114068,4219,386,0.0914908746148376,4219,118,0.0279687129651576,26272,0.026272,21772.22898903776,0.7381004029744591
360050398002,360050398002,Block Group 2; Census Tract 398; Bronx County; New York,Bronx,996,425,326,0.7670588235294118,384,105,0.2734375,167,0.1676706827309237,60,0.0602409638554216,1,0.001004016064257,871,0.8744979919678715,0,0.0,124,0.1244979919678714,0,0.0,36005039800,3514,1675,0.4766647694934547,3540,651,0.1838983050847457,3540,65,0.0183615819209039,59907,0.059907,16625.769943412288,0.754623198338355
360050399012,360050399012,Block Group 2; Census Tract 399.01; Bronx County; New York,Bronx,740,371,371,1.0,387,257,0.6640826873385013,178,0.2405405405405405,47,0.0635135135135135,0,0.0,102,0.1378378378378378,0,0.0,630,0.8513513513513513,144,0.3881401617250674,36005039901,4854,987,0.2033374536464771,4808,459,0.0954658901830282,4808,547,0.1137687188019966,20250,0.02025,36543.20987654321,0.7578207302002968
360050399022,360050399022,Block Group 2; Census Tract 399.02; Bronx County; New York,Bronx,687,320,320,1.0,272,172,0.6323529411764706,200,0.2911208151382823,44,0.0640465793304221,24,0.0349344978165938,204,0.296943231441048,0,0.0,435,0.6331877729257642,35,0.109375,36005039902,4706,1122,0.2384190395240119,4719,569,0.120576393303666,4719,822,0.1741894469167196,9748,0.009748,70475.99507591302,0.7855212829995022
360050039002,360050039002,Block Group 2; Census Tract 39; Bronx County; New York,Bronx,1169,403,403,1.0,433,264,0.6096997690531177,436,0.3729683490162532,3,0.0025662959794696,0,0.0,0,0.0,0,0.0,951,0.8135158254918734,80,0.1985111662531017,36005003900,5567,2065,0.3709358721034668,5581,1159,0.2076688765454219,5581,488,0.0874395269664934,53069,0.053069,22027.92590778044,0.8233433106099408
360050401002,360050401002,Block Group 2; Census Tract 401; Bronx County; New York,Bronx,756,358,358,1.0,379,262,0.6912928759894459,95,0.1256613756613756,59,0.078042328042328,14,0.0185185185185185,44,0.0582010582010582,8,0.0105820105820105,690,0.9126984126984128,182,0.5083798882681564,36005040100,4566,2040,0.4467805519053876,4622,1135,0.2455646906101254,4622,485,0.1049329294677628,94589,0.094589,7992.472697670976,0.702983649488375
360050403022,360050403022,Block Group 2; Census Tract 403.02; Bronx County; New York,Bronx,515,221,221,1.0,250,134,0.536,79,0.1533980582524272,79,0.1533980582524272,0,0.0,50,0.0970873786407767,9,0.0174757281553398,456,0.8854368932038835,83,0.3755656108597285,36005040302,3968,1755,0.4422883064516129,3984,701,0.1759538152610441,3984,185,0.0464357429718875,13514,0.013514,38108.62808938878,0.6901611262681815
360050403032,360050403032,Block Group 2; Census Tract 403.03; Bronx County; New York,Bronx,1227,421,396,0.9406175771971496,536,257,0.4794776119402985,282,0.2298288508557457,112,0.0912795436022819,11,0.0089649551752241,181,0.1475142624286878,0,0.0,1035,0.843520782396088,93,0.2209026128266033,36005040303,3980,1225,0.307788944723618,3999,585,0.1462865716429107,3999,378,0.0945236309077269,30209,0.030209,40617.03465854547,0.7796243119135379
360050403042,360050403042,Block Group 2; Census Tract 403.04; Bronx County; New York,Bronx,1252,456,450,0.986842105263158,584,237,0.4058219178082192,368,0.2939297124600639,56,0.0447284345047923,71,0.0567092651757188,207,0.1653354632587859,90,0.0718849840255591,823,0.6573482428115016,146,0.3201754385964912,36005040304,3502,1321,0.3772130211307824,3492,423,0.1211340206185567,3492,428,0.122565864833906,18679,0.018679,67027.14278066278,0.711680933151702
360050404002,360050404002,Block Group 2; Census Tract 404; Bronx County; New York,Bronx,833,270,95,0.3518518518518518,310,121,0.3903225806451613,58,0.0696278511404561,159,0.1908763505402161,2,0.0024009603841536,721,0.865546218487395,0,0.0,50,0.0600240096038415,0,0.0,36005040400,3408,535,0.1569835680751173,3408,311,0.0912558685446009,3408,324,0.0950704225352112,43226,0.043226,19270.80923518253,0.8298150522589309
360050405012,360050405012,Block Group 2; Census Tract 405.01; Bronx County; New York,Bronx,899,362,362,1.0,382,231,0.6047120418848168,223,0.2480533926585094,159,0.1768631813125695,0,0.0,0,0.0,48,0.0533926585094549,800,0.8898776418242491,197,0.5441988950276243,36005040501,3327,829,0.2491734295160805,3327,376,0.113014727983168,3327,366,0.1100090171325518,14241,0.014241,63127.589354680145,0.7111329720352803
360050405022,360050405022,Block Group 2; Census Tract 405.02; Bronx County; New York,Bronx,1413,530,530,1.0,503,158,0.3141153081510934,511,0.3616418966737438,280,0.1981599433828733,238,0.1684359518754423,416,0.2944090587402689,20,0.0141542816702052,729,0.5159235668789809,56,0.1056603773584905,36005040502,5615,2013,0.3585040071237756,5574,601,0.1078220308575529,5574,444,0.0796555435952637,27015,0.027015,52304.275402554136,0.8058768169118184
360050406002,360050406002,Block Group 2; Census Tract 406; Bronx County; New York,Bronx,827,379,305,0.8047493403693932,381,194,0.5091863517060368,127,0.1535671100362756,69,0.0834340991535671,66,0.0798065296251511,416,0.5030229746070133,0,0.0,237,0.2865779927448609,73,0.1926121372031662,36005040600,3239,675,0.2083976535967891,3451,426,0.123442480440452,3451,173,0.0501303969863807,44691,0.044691,18504.84437582511,0.8036673320737456
360050407012,360050407012,Block Group 2; Census Tract 407.01; Bronx County; New York,Bronx,404,246,246,1.0,156,110,0.7051282051282052,92,0.2277227722772277,47,0.1163366336633663,0,0.0,170,0.4207920792079208,16,0.0396039603960396,191,0.4727722772277227,68,0.2764227642276423,36005040701,2839,947,0.3335681578020429,2839,483,0.1701303275801338,2839,344,0.121169425854174,16295,0.016295,24792.881251917766,0.909791306152444
360050407022,360050407022,Block Group 2; Census Tract 407.02; Bronx County; New York,Bronx,1263,687,630,0.9170305676855895,487,301,0.6180698151950719,198,0.1567695961995249,431,0.3412509897070467,31,0.0245447347585114,176,0.1393507521773555,93,0.0736342042755344,801,0.6342042755344418,275,0.4002911208151383,36005040702,6223,1739,0.2794472119556484,6223,1239,0.1991001124859392,6223,341,0.0547967218383416,66260,0.06626,19061.27376999698,0.8007749353803888
360050408002,360050408002,Block Group 2; Census Tract 408; Bronx County; New York,Bronx,920,216,115,0.5324074074074074,372,263,0.706989247311828,280,0.3043478260869565,98,0.1065217391304347,0,0.0,508,0.5521739130434783,0,0.0,196,0.2130434782608695,10,0.0462962962962962,36005040800,4168,865,0.2075335892514395,4374,713,0.1630086877000457,4374,425,0.0971650663008687,37834,0.037834,24316.752127715812,0.7015421689393339
360050409002,360050409002,Block Group 2; Census Tract 409; Bronx County; New York,Bronx,313,206,49,0.2378640776699029,67,30,0.4477611940298507,32,0.1022364217252396,202,0.645367412140575,128,0.4089456869009584,0,0.0,12,0.0383386581469648,119,0.3801916932907348,26,0.1262135922330097,36005040900,3323,128,0.0385194101715317,3323,486,0.1462533854950346,3323,105,0.0315979536563346,216348,0.216348,1446.7432100134968,0.612691627087201
360050411002,360050411002,Block Group 2; Census Tract 411; Bronx County; New York,Bronx,1250,497,482,0.9698189134808852,481,335,0.6964656964656964,237,0.1896,224,0.1792,0,0.0,138,0.1104,176,0.1408,936,0.7488,296,0.5955734406438632,36005041100,3417,692,0.202516827626573,3418,645,0.1887068461088355,3418,331,0.0968402574605032,28424,0.028424,43976.92091190543,0.9106184693293202
360050413002,360050413002,Block Group 2; Census Tract 413; Bronx County; New York,Bronx,259,149,149,1.0,47,47,1.0,71,0.2741312741312741,96,0.3706563706563706,101,0.3899613899613899,0,0.0,1,0.0038610038610038,157,0.6061776061776062,0,0.0,36005041300,7251,2037,0.2809267687215556,7327,889,0.1213320595059369,7327,818,0.1116418725262727,11785,0.011785,21977.089520577003,0.7805244380868435
360050414002,360050414002,Block Group 2; Census Tract 414; Bronx County; New York,Bronx,830,294,184,0.6258503401360545,455,249,0.5472527472527473,80,0.0963855421686747,93,0.1120481927710843,2,0.0024096385542168,472,0.5686746987951807,0,0.0,356,0.4289156626506024,16,0.0544217687074829,36005041400,5290,727,0.1374291115311909,5478,880,0.1606425702811245,5478,395,0.0721066082511865,67067,0.067067,12375.68401747506,0.8823763978254232
360050415002,360050415002,Block Group 2; Census Tract 415; Bronx County; New York,Bronx,1046,333,223,0.6696696696696697,411,194,0.4720194647201946,250,0.2390057361376673,23,0.0219885277246653,75,0.0717017208413001,312,0.2982791586998088,244,0.2332695984703633,372,0.3556405353728489,79,0.2372372372372372,36005041500,5555,1288,0.2318631863186318,5555,536,0.0964896489648965,5555,597,0.1074707470747074,17730,0.01773,58996.05188945291,0.7856654161639
360050418002,360050418002,Block Group 2; Census Tract 418; Bronx County; New York,Bronx,1645,576,500,0.8680555555555556,1033,396,0.3833494675701839,396,0.2407294832826747,189,0.1148936170212766,22,0.0133738601823708,652,0.3963525835866261,262,0.1592705167173252,551,0.3349544072948328,74,0.1284722222222222,36005041800,3357,530,0.1578790586833482,3396,958,0.2820965842167255,3396,422,0.1242638398115429,69962,0.069962,23512.76407192476,0.8861751333493406
360050419002,360050419002,Block Group 2; Census Tract 419; Bronx County; New York,Bronx,492,150,150,1.0,367,305,0.8310626702997275,100,0.2032520325203252,12,0.024390243902439,34,0.0691056910569105,42,0.0853658536585365,0,0.0,416,0.8455284552845529,0,0.0,36005041900,6199,1059,0.1708340054847556,6212,885,0.1424661944623309,6212,567,0.0912749517063747,13158,0.013158,37391.70086639307,0.8949742798669864
360050041002,360050041002,Block Group 2; Census Tract 41; Bronx County; New York,Bronx,2369,712,669,0.9396067415730336,502,444,0.8844621513944223,880,0.371464753060363,209,0.0882228788518362,20,0.0084423807513718,1,0.0004221190375685,58,0.0244829041789784,1990,0.8400168847615027,264,0.3707865168539326,36005004100,6143,3311,0.5389874654077812,6105,1726,0.2827190827190827,6105,330,0.054054054054054,78284,0.078284,30261.611568136526,0.8468748749838271
360050420002,360050420002,Block Group 2; Census Tract 420; Bronx County; New York,Bronx,2069,875,875,1.0,462,245,0.5303030303030303,645,0.3117448042532624,254,0.1227646205896568,40,0.0193330111164813,1114,0.5384243595940068,19,0.0091831802803286,896,0.4330594490091832,64,0.0731428571428571,36005042000,4621,2057,0.4451417442112097,4614,1295,0.2806675335934113,4614,486,0.1053315994798439,42873,0.042873,48258.81090663121,0.8053188420652712
360050421002,360050421002,Block Group 2; Census Tract 421; Bronx County; New York,Bronx,787,356,356,1.0,392,317,0.8086734693877551,125,0.1588310038119441,96,0.121982210927573,0,0.0,188,0.2388818297331639,25,0.0317662007623888,574,0.7293519695044473,202,0.5674157303370787,36005042100,5780,1763,0.3050173010380623,5780,527,0.0911764705882352,5780,579,0.1001730103806228,26107,0.026107,30145.171793005706,0.8459321296202784
360050422002,360050422002,Block Group 2; Census Tract 422; Bronx County; New York,Bronx,1391,650,521,0.8015384615384615,674,435,0.6454005934718101,143,0.102803738317757,237,0.1703810208483105,22,0.0158159597411933,712,0.511861969805895,0,0.0,511,0.3673616103522645,174,0.2676923076923077,36005042200,3209,256,0.0797756310377064,3209,336,0.1047055157369897,3209,306,0.0953568089747585,67088,0.067088,20733.96136417839,0.8651382952481477
360050423002,360050423002,Block Group 2; Census Tract 423; Bronx County; New York,Bronx,1704,642,620,0.9657320872274144,672,379,0.5639880952380952,628,0.3685446009389671,92,0.0539906103286385,433,0.2541079812206572,400,0.2347417840375587,0,0.0,849,0.4982394366197183,123,0.1915887850467289,36005042300,4189,944,0.2253521126760563,4189,526,0.1255669610885653,4189,491,0.1172117450465504,127523,0.127523,13362.295429059855,0.9346715692174522
360050424002,360050424002,Block Group 2; Census Tract 424; Bronx County; New York,Bronx,1301,419,223,0.5322195704057279,582,196,0.3367697594501718,374,0.2874711760184473,91,0.069946195234435,0,0.0,1046,0.8039969254419678,29,0.0222905457340507,189,0.1452728670253651,8,0.0190930787589498,36005042400,2264,238,0.1051236749116607,2264,362,0.1598939929328622,2264,192,0.0848056537102473,88777,0.088777,14654.696599344426,0.8582497726115736
360050425002,360050425002,Block Group 2; Census Tract 425; Bronx County; New York,Bronx,1583,549,549,1.0,706,497,0.7039660056657224,354,0.2236260265319014,109,0.0688566013897662,20,0.012634238787113,0,0.0,424,0.2678458622867972,1139,0.7195198989260897,142,0.2586520947176685,36005042500,6693,2209,0.3300463170476617,6808,1020,0.1498237367802585,6808,522,0.076674500587544,20422,0.020422,77514.44520615024,0.801270633082506
360050426002,360050426002,Block Group 2; Census Tract 426; Bronx County; New York,Bronx,1526,687,434,0.6317321688500728,678,235,0.3466076696165192,212,0.1389252948885976,324,0.2123197903014416,36,0.0235910878112712,1003,0.6572739187418086,61,0.0399737876802097,426,0.2791612057667103,0,0.0,36005042600,6635,1090,0.1642803315749811,6660,1193,0.1791291291291291,6660,739,0.1109609609609609,127555,0.127555,11963.466739837717,0.8770893103656917
360050428002,360050428002,Block Group 2; Census Tract 428; Bronx County; New York,Bronx,1153,345,68,0.1971014492753623,540,143,0.2648148148148148,166,0.1439722463139635,225,0.1951431049436253,0,0.0,778,0.6747614917606245,49,0.0424978317432784,326,0.2827406764960971,0,0.0,36005042800,2347,203,0.0864933958244567,2381,385,0.1616967660646787,2381,94,0.0394792104157916,87431,0.087431,13187.542176116023,0.6313119287614681
360050429012,360050429012,Block Group 2; Census Tract 429.01; Bronx County; New York,Bronx,779,246,246,1.0,397,214,0.5390428211586902,299,0.3838254172015404,11,0.0141206675224646,18,0.0231065468549422,201,0.2580231065468549,140,0.1797175866495507,341,0.4377406931964056,78,0.3170731707317073,36005042901,3397,1140,0.3355902266705917,3361,280,0.0833085391252603,3361,297,0.0883665575721511,14279,0.014279,54555.64115134113,0.7837635400861979
360050429022,360050429022,Block Group 2; Census Tract 429.02; Bronx County; New York,Bronx,797,338,319,0.9437869822485208,304,212,0.6973684210526315,199,0.2496863237139272,180,0.2258469259723965,58,0.0727728983688833,170,0.2132998745294855,83,0.1041405269761606,486,0.6097867001254705,152,0.4497041420118343,36005042902,3546,839,0.236604624929498,3568,710,0.1989910313901345,3568,267,0.0748318385650224,18657,0.018657,42718.55067802969,0.9254139079121524
360050042002,360050042002,Block Group 2; Census Tract 42; Bronx County; New York,Bronx,2458,793,793,1.0,542,287,0.5295202952029521,496,0.2017900732302685,414,0.1684296175752644,0,0.0,986,0.4011391375101709,27,0.0109845402766476,1445,0.5878763222131814,70,0.0882723833543505,36005004200,7755,1214,0.1565441650548033,7724,1165,0.150828586224754,7724,364,0.0471258415328845,74012,0.074012,33210.83067610658,0.6786954192641365
360050430002,360050430002,Block Group 2; Census Tract 430; Bronx County; New York,Bronx,647,348,210,0.603448275862069,199,30,0.1507537688442211,50,0.0772797527047913,249,0.3848531684698609,39,0.0602782071097372,258,0.3987635239567233,0,0.0,280,0.4327666151468315,111,0.3189655172413793,36005043000,3004,350,0.1165113182423435,3004,356,0.118508655126498,3004,101,0.0336218375499334,57197,0.057197,11311.782086473067,0.8560749353844211
360050431012,360050431012,Block Group 2; Census Tract 431.01; Bronx County; New York,Bronx,343,124,124,1.0,105,63,0.6,156,0.4548104956268221,20,0.0583090379008746,0,0.0,9,0.0262390670553935,54,0.1574344023323615,280,0.8163265306122449,37,0.2983870967741935,36005043101,5051,2025,0.4009107107503464,5051,1030,0.2039200158384478,5051,382,0.0756285883983369,18987,0.018987,18064.991836519723,0.8910005025600761
360050431022,360050431022,Block Group 2; Census Tract 431.02; Bronx County; New York,Bronx,462,199,199,1.0,231,80,0.3463203463203463,61,0.132034632034632,20,0.0432900432900432,7,0.0151515151515151,45,0.0974025974025974,0,0.0,410,0.8874458874458875,0,0.0,36005043102,4059,884,0.2177876324217787,4059,600,0.1478196600147819,4059,462,0.1138211382113821,22655,0.022655,20392.84926064886,0.9464697790783289
360050434002,360050434002,Block Group 2; Census Tract 434; Bronx County; New York,Bronx,1364,473,307,0.6490486257928119,595,406,0.6823529411764706,217,0.1590909090909091,153,0.1121700879765395,45,0.032991202346041,581,0.4259530791788856,141,0.1033724340175953,469,0.343841642228739,0,0.0,36005043400,3921,1019,0.2598826829890334,3921,391,0.0997194593216016,3921,136,0.0346850293292527,40277,0.040277,33865.481540333196,0.8675332093041583
360050436002,360050436002,Block Group 2; Census Tract 436; Bronx County; New York,Bronx,1283,411,279,0.6788321167883211,577,166,0.2876949740034662,236,0.1839438815276695,181,0.1410756040530008,66,0.0514419329696024,606,0.4723304754481683,45,0.0350740452065471,387,0.3016367887763055,37,0.0900243309002433,36005043600,2362,306,0.1295512277730736,2362,347,0.1469093988145639,2362,64,0.0270956816257408,81741,0.081741,15695.917593374195,0.8517045765307751
360050043002,360050043002,Block Group 2; Census Tract 43; Bronx County; New York,Bronx,1342,515,498,0.966990291262136,409,210,0.5134474327628362,552,0.4113263785394933,202,0.1505216095380029,0,0.0,661,0.4925484351713859,0,0.0,611,0.455290611028316,111,0.2155339805825242,36005004300,5400,2546,0.4714814814814815,5400,1508,0.2792592592592592,5400,131,0.0242592592592592,101984,0.101984,13158.926890492625,0.910652447261524
360050442002,360050442002,Block Group 2; Census Tract 442; Bronx County; New York,Bronx,173,90,90,1.0,18,0,0.0,0,0.0,106,0.6127167630057804,0,0.0,56,0.3236994219653179,0,0.0,117,0.6763005780346821,0,0.0,36005044200,3993,1282,0.3210618582519409,4003,829,0.2070946789907569,4003,635,0.1586310267299525,49395,0.049395,3502.3787832776597,0.8646460920917477
360050444002,360050444002,Block Group 2; Census Tract 444; Bronx County; New York,Bronx,402,137,137,1.0,85,26,0.3058823529411765,123,0.3059701492537313,132,0.3283582089552239,0,0.0,402,1.0,0,0.0,0,0.0,0,0.0,36005044400,4293,671,0.1563009550430934,4293,620,0.1444211507104588,4293,374,0.0871185651059864,57785,0.057785,6956.8227048542,0.6169462022513125
360050448002,360050448002,Block Group 2; Census Tract 448; Bronx County; New York,Bronx,1019,377,209,0.5543766578249337,447,49,0.1096196868008948,353,0.3464180569185476,103,0.1010794896957801,3,0.0029440628066732,909,0.8920510304219823,107,0.1050049067713444,0,0.0,0,0.0,36005044800,2374,451,0.1899747262005054,2374,314,0.1322662173546756,2374,176,0.0741364785172704,66946,0.066946,15221.22307531443,0.7386625010881871
360050449012,360050449012,Block Group 2; Census Tract 449.01; Bronx County; New York,Bronx,1142,543,371,0.6832412523020258,613,121,0.197389885807504,187,0.1637478108581436,124,0.1085814360770578,751,0.6576182136602452,68,0.0595446584938704,11,0.009632224168126,271,0.2373029772329247,33,0.0607734806629834,36005044901,2043,141,0.0690161527165932,2043,287,0.1404796867351933,2043,161,0.0788056779246206,91972,0.091972,12416.82251119906,0.7533475034014454
360050449022,360050449022,Block Group 2; Census Tract 449.02; Bronx County; New York,Bronx,1011,448,341,0.7611607142857143,608,203,0.3338815789473684,168,0.1661721068249258,114,0.1127596439169139,642,0.6350148367952523,70,0.069238377843719,0,0.0,285,0.2818991097922849,27,0.0602678571428571,36005044902,2164,239,0.1104436229205175,2164,209,0.0965804066543438,2164,184,0.0850277264325323,77902,0.077902,12977.843957793124,0.8291635299544495
360050044002,360050044002,Block Group 2; Census Tract 44; Bronx County; New York,Bronx,396,186,186,1.0,69,39,0.5652173913043478,33,0.0833333333333333,63,0.1590909090909091,8,0.0202020202020202,70,0.1767676767676767,0,0.0,318,0.803030303030303,72,0.3870967741935484,36005004400,4118,1573,0.3819815444390481,4118,591,0.143516270033997,4118,201,0.0488101019912578,19199,0.019199,20626.074274701805,0.752849285507107
360050451012,360050451012,Block Group 2; Census Tract 451.01; Bronx County; New York,Bronx,1270,782,708,0.90537084398977,576,275,0.4774305555555556,215,0.1692913385826771,155,0.1220472440944882,966,0.7606299212598425,18,0.0141732283464566,16,0.0125984251968503,270,0.2125984251968504,0,0.0,36005045101,1691,31,0.0183323477232406,1691,132,0.07806031933767,1691,13,0.0076877587226493,119541,0.119541,10623.970018654689,0.947442617994823
360050451022,360050451022,Block Group 2; Census Tract 451.02; Bronx County; New York,Bronx,1396,749,402,0.5367156208277704,765,212,0.2771241830065359,268,0.1919770773638968,269,0.1926934097421203,956,0.6848137535816619,48,0.0343839541547277,109,0.078080229226361,268,0.1919770773638968,39,0.0520694259012016,36005045102,2068,86,0.0415860735009671,2068,173,0.0836557059961315,2068,46,0.0222437137330754,129209,0.129209,10804.200945754554,0.8928060713761221
360050456002,360050456002,Block Group 2; Census Tract 456; Bronx County; New York,Bronx,903,336,237,0.7053571428571429,555,301,0.5423423423423424,145,0.1605758582502768,148,0.1638981173864895,27,0.0299003322259136,406,0.4496124031007752,0,0.0,436,0.4828349944629014,20,0.0595238095238095,36005045600,3552,65,0.0182995495495495,3552,546,0.1537162162162162,3552,150,0.0422297297297297,248850,0.24885,3628.691983122363,0.6240267113684032
360050458002,360050458002,Block Group 2; Census Tract 458; Bronx County; New York,Bronx,1149,484,484,1.0,213,179,0.8403755868544601,419,0.3646649260226284,122,0.1061792863359443,0,0.0,326,0.2837249782419495,0,0.0,634,0.5517841601392516,37,0.0764462809917355,36005045800,5523,2353,0.4260365743255477,5523,1630,0.2951294586275574,5523,222,0.0401955458989679,28661,0.028661,40089.31998185688,0.902550794058522
360050460002,360050460002,Block Group 2; Census Tract 460; Bronx County; New York,Bronx,699,274,188,0.6861313868613139,400,90,0.225,190,0.2718168812589413,43,0.0615164520743919,0,0.0,558,0.7982832618025751,0,0.0,141,0.2017167381974249,17,0.0620437956204379,36005046000,2572,805,0.3129860031104199,2516,384,0.1526232114467408,2516,177,0.0703497615262321,48072,0.048072,14540.688966550177,0.7752000548871051
360050462032,360050462032,Block Group 2; Census Tract 462.03; Bronx County; New York,Bronx,190,66,66,1.0,122,73,0.5983606557377049,68,0.3578947368421052,0,0.0,56,0.2947368421052631,17,0.0894736842105263,0,0.0,117,0.6157894736842106,0,0.0,36005046203,6105,751,0.123013923013923,6107,1433,0.234648763713771,6107,145,0.023743245456034,31268,0.031268,6076.499936036843,0.4810802426738185
360050462042,360050462042,Block Group 2; Census Tract 462.04; Bronx County; New York,Bronx,1095,494,315,0.6376518218623481,390,179,0.4589743589743589,366,0.3342465753424657,218,0.1990867579908675,81,0.073972602739726,363,0.3315068493150685,29,0.0264840182648401,510,0.4657534246575342,18,0.0364372469635627,36005046204,5257,541,0.1029104051740536,5257,793,0.1508464903937607,5257,348,0.0661974510176907,31111,0.031111,35196.55427340812,0.5390671517749666
360050462052,360050462052,Block Group 2; Census Tract 462.05; Bronx County; New York,Bronx,590,312,175,0.5608974358974359,273,125,0.4578754578754578,0,0.0,231,0.3915254237288135,7,0.011864406779661,314,0.5322033898305085,32,0.0542372881355932,237,0.4016949152542373,13,0.0416666666666666,36005046205,3633,606,0.166804293971924,3633,602,0.1657032755298651,3633,21,0.0057803468208092,9299,0.009299,63447.682546510376,0.5221011856122605
360050462062,360050462062,Block Group 2; Census Tract 462.06; Bronx County; New York,Bronx,1677,881,692,0.7854710556186152,829,370,0.4463208685162846,168,0.1001788908765653,630,0.3756708407871199,125,0.0745378652355396,839,0.5002981514609421,27,0.0161001788908765,686,0.4090638044126416,40,0.0454029511918274,36005046206,3942,46,0.0116692034500253,3948,493,0.1248733535967578,3948,381,0.0965045592705167,8641,0.008641,194074.7598657563,0.5468423362517093
360050462072,360050462072,Block Group 2; Census Tract 462.07; Bronx County; New York,Bronx,2734,1099,926,0.8425841674249318,1123,444,0.3953695458593054,688,0.2516459400146306,410,0.1499634235552304,61,0.0223116313094367,2050,0.7498171177761521,0,0.0,593,0.2168983174835406,96,0.0873521383075523,36005046207,6535,1056,0.1615914307574598,6535,860,0.1315990818668707,6535,300,0.0459066564651874,41358,0.041358,66105.71110788723,0.5523362826038112
360050462082,360050462082,Block Group 2; Census Tract 462.08; Bronx County; New York,Bronx,1100,329,134,0.4072948328267477,429,288,0.6713286713286714,268,0.2436363636363636,271,0.2463636363636363,20,0.0181818181818181,748,0.68,5,0.0045454545454545,169,0.1536363636363636,40,0.121580547112462,36005046208,4416,379,0.0858242753623188,4378,454,0.1037003197807217,4378,239,0.0545911375057103,142185,0.142185,7736.399760874916,0.6889367212929052
360050462092,360050462092,Block Group 2; Census Tract 462.09; Bronx County; New York,Bronx,832,332,205,0.6174698795180723,442,224,0.5067873303167421,210,0.2524038461538461,86,0.1033653846153846,0,0.0,494,0.59375,4,0.0048076923076923,302,0.3629807692307692,0,0.0,36005046209,4436,2302,0.5189359783588818,4436,840,0.1893597835888187,4436,191,0.0430568079350766,106790,0.10679,7790.991665886319,0.668484597704647
360050484012,360050484012,Block Group 2; Census Tract 484.01; Bronx County; New York,Bronx,335,194,153,0.788659793814433,218,158,0.7247706422018348,42,0.1253731343283582,42,0.1253731343283582,35,0.1044776119402985,159,0.4746268656716418,0,0.0,141,0.4208955223880597,0,0.0,36005048401,3879,434,0.1118845063160608,3886,420,0.1080802882141019,3886,108,0.0277920741121976,258122,0.258122,1297.8359070517042,0.62017763005767
360050048002,360050048002,Block Group 2; Census Tract 48; Bronx County; New York,Bronx,1971,607,595,0.9802306425041186,733,511,0.6971350613915416,666,0.3378995433789954,144,0.0730593607305936,12,0.0060882800608828,335,0.1699644850329781,22,0.0111618467782851,1577,0.8001014713343481,117,0.1927512355848435,36005004800,4204,1072,0.2549952426260704,4204,496,0.1179828734538534,4204,850,0.2021883920076118,85619,0.085619,23020.591223910586,0.5404894848000298
360050004002,360050004002,Block Group 2; Census Tract 4; Bronx County; New York,Bronx,2138,574,330,0.5749128919860628,1028,386,0.3754863813229572,395,0.1847521047708138,124,0.0579981290926099,55,0.0257249766136576,458,0.2142188961646398,87,0.0406922357343311,1481,0.6927034611786717,0,0.0,36005000400,6649,297,0.0446683711836366,6649,935,0.1406226500225597,6649,137,0.0206046021958189,328785,0.328785,6502.7297474033185,0.3354948576545759
360050050012,360050050012,Block Group 2; Census Tract 50.01; Bronx County; New York,Bronx,1858,469,451,0.9616204690831556,519,259,0.4990366088631984,744,0.4004305705059203,168,0.0904198062432723,15,0.0080731969860064,217,0.1167922497308934,0,0.0,1626,0.8751345532831001,153,0.326226012793177,36005005001,4852,2714,0.5593569661995054,4878,593,0.1215662156621566,4878,621,0.1273062730627306,19608,0.019608,94757.24194206446,0.5277585487014224
360050050022,360050050022,Block Group 2; Census Tract 50.02; Bronx County; New York,Bronx,1229,462,462,1.0,507,370,0.7297830374753451,234,0.1903986981285598,176,0.1432058584214808,12,0.0097640358014646,408,0.3319772172497965,0,0.0,809,0.6582587469487388,117,0.2532467532467532,36005005002,6151,2360,0.3836774508210047,6275,499,0.0795219123505976,6275,1423,0.2267729083665338,23491,0.023491,52317.90898642033,0.6616604582793337
360050516012,360050516012,Block Group 2; Census Tract 516.01; Bronx County; New York,Bronx,568,421,139,0.3301662707838479,107,47,0.4392523364485981,13,0.0228873239436619,401,0.7059859154929577,432,0.7605633802816901,0,0.0,0,0.0,136,0.2394366197183098,0,0.0,36005051601,3828,199,0.0519853709508881,3828,1116,0.2915360501567398,3828,60,0.0156739811912225,269284,0.269284,2109.297247515634,0.4346384191943404
360050051002,360050051002,Block Group 2; Census Tract 51; Bronx County; New York,Bronx,5068,1685,1685,1.0,1168,820,0.702054794520548,2015,0.3975927387529597,809,0.159629044988161,0,0.0,1848,0.3646408839779005,88,0.0173638516179952,2980,0.5880031570639306,387,0.229673590504451,36005005100,7261,2772,0.3817655970252031,7261,2208,0.3040903456824129,7261,175,0.0241013634485608,166265,0.166265,30481.46031936968,0.8744916272250209
360050052002,360050052002,Block Group 2; Census Tract 52; Bronx County; New York,Bronx,900,488,488,1.0,285,189,0.6631578947368421,182,0.2022222222222222,161,0.1788888888888888,0,0.0,295,0.3277777777777778,0,0.0,567,0.63,124,0.2540983606557377,36005005200,1837,696,0.3788786064235166,1837,317,0.1725639629831246,1837,166,0.090364725095264,23898,0.023898,37660.05523474768,0.635744279676148
360050053002,360050053002,Block Group 2; Census Tract 53; Bronx County; New York,Bronx,1797,833,833,1.0,484,249,0.5144628099173554,535,0.2977184195882025,130,0.0723427935447968,93,0.0517529215358931,1162,0.6466332776850306,0,0.0,542,0.3016138007790762,98,0.1176470588235294,36005005300,4065,2597,0.6388683886838868,4065,963,0.23690036900369,4065,119,0.0292742927429274,35085,0.035085,51218.46943138094,0.6751788378041204
360050054002,360050054002,Block Group 2; Census Tract 54; Bronx County; New York,Bronx,2816,973,843,0.8663926002055499,1305,1121,0.8590038314176245,820,0.2911931818181818,270,0.0958806818181818,7,0.0024857954545454,771,0.2737926136363636,0,0.0,1896,0.6732954545454546,166,0.1706063720452209,36005005400,5482,1362,0.2484494709959868,5482,428,0.0780736957314848,5482,738,0.1346224005837285,70066,0.070066,40190.67736134501,0.6611855292126351
360050056002,360050056002,Block Group 2; Census Tract 56; Bronx County; New York,Bronx,1132,344,251,0.7296511627906976,449,271,0.6035634743875279,358,0.3162544169611307,157,0.1386925795053003,0,0.0,0,0.0,73,0.0644876325088339,923,0.8153710247349824,7,0.0203488372093023,36005005600,2501,1093,0.4370251899240304,2501,321,0.1283486605357857,2501,238,0.0951619352259096,20552,0.020552,55079.79758660957,0.6057383487518991
360050059022,360050059022,Block Group 2; Census Tract 59.02; Bronx County; New York,Bronx,1873,872,808,0.926605504587156,844,583,0.6907582938388626,168,0.0896956753870795,425,0.2269087026161238,286,0.1526962092899092,458,0.2445274959957288,0,0.0,1129,0.602776294714362,87,0.0997706422018348,36005005902,3019,1030,0.3411725736999006,3019,424,0.1404438555813183,3019,306,0.1013580655846306,48230,0.04823,38834.75015550487,0.8341237509752365
360050061002,360050061002,Block Group 2; Census Tract 61; Bronx County; New York,Bronx,2659,1466,1160,0.791268758526603,1245,584,0.4690763052208835,238,0.0895073335840541,616,0.2316660398646107,47,0.0176758179766829,2000,0.752162467092892,0,0.0,472,0.1775103422339225,80,0.0545702592087312,36005006100,3351,359,0.1071321993434795,3369,947,0.2810923122588305,3369,136,0.0403680617393885,24501,0.024501,108526.18260479164,0.8096340377261376
360050062002,360050062002,Block Group 2; Census Tract 62; Bronx County; New York,Bronx,1780,644,644,1.0,505,250,0.495049504950495,465,0.2612359550561798,310,0.1741573033707865,0,0.0,587,0.3297752808988764,0,0.0,1193,0.6702247191011236,0,0.0,36005006200,6363,2998,0.4711614018544711,6363,1025,0.1610875373251611,6363,697,0.1095395253811095,34650,0.03465,51370.85137085137,0.6257574574100909
360050063012,360050063012,Block Group 2; Census Tract 63.01; Bronx County; New York,Bronx,940,502,479,0.954183266932271,473,215,0.4545454545454545,203,0.2159574468085106,182,0.1936170212765957,460,0.4893617021276595,70,0.0744680851063829,67,0.0712765957446808,280,0.2978723404255319,86,0.1713147410358565,36005006301,7038,2425,0.3445581131003126,7053,997,0.1413582872536509,7053,902,0.1278888416276761,17887,0.017887,52552.13283390171,0.8632716962163587
360050064002,360050064002,Block Group 2; Census Tract 64; Bronx County; New York,Bronx,1104,337,337,1.0,359,160,0.4456824512534819,387,0.3505434782608695,44,0.0398550724637681,275,0.2490942028985507,99,0.0896739130434782,0,0.0,730,0.6612318840579711,57,0.1691394658753709,36005006400,4054,1671,0.4121854958066107,4194,420,0.100143061516452,4194,279,0.0665236051502145,19954,0.019954,55327.25268116668,0.7792632885602883
360050065002,360050065002,Block Group 2; Census Tract 65; Bronx County; New York,Bronx,3716,1704,1704,1.0,1084,749,0.690959409594096,1212,0.3261571582346609,394,0.1060279870828848,79,0.021259418729817,1545,0.4157696447793326,0,0.0,2092,0.5629709364908504,254,0.1490610328638497,36005006500,4980,2702,0.542570281124498,5008,707,0.1411741214057508,5008,93,0.0185702875399361,64919,0.064919,57240.561314869294,0.8782268234255868
360050067002,360050067002,Block Group 2; Census Tract 67; Bronx County; New York,Bronx,1724,561,561,1.0,494,311,0.6295546558704453,590,0.3422273781902552,146,0.0846867749419953,0,0.0,0,0.0,0,0.0,1724,1.0,244,0.4349376114081996,36005006700,7588,4164,0.5487612018977333,7664,2566,0.3348121085594989,7664,704,0.0918580375782881,59716,0.059716,28869.98459374372,0.9253264757702776
360050068002,360050068002,Block Group 2; Census Tract 68; Bronx County; New York,Bronx,367,146,146,1.0,28,28,1.0,48,0.1307901907356948,137,0.3732970027247956,0,0.0,45,0.1226158038147139,0,0.0,186,0.5068119891008175,0,0.0,36005006800,2542,884,0.3477576711250983,2542,388,0.1526357199055861,2542,303,0.1191974822974036,56218,0.056218,6528.158241132734,0.6251821490074952
360050069002,360050069002,Block Group 2; Census Tract 69; Bronx County; New York,Bronx,1243,520,487,0.9365384615384617,192,124,0.6458333333333334,319,0.2566371681415929,288,0.2316975060337892,0,0.0,144,0.1158487530168946,0,0.0,1099,0.8841512469831054,33,0.0634615384615384,36005006900,6077,2378,0.3913115023860457,6077,1202,0.197794964620701,6077,532,0.0875431956557512,71628,0.071628,17353.548891494946,0.8424314876475753
360050070002,360050070002,Block Group 2; Census Tract 70; Bronx County; New York,Bronx,764,250,238,0.952,293,252,0.8600682593856656,204,0.2670157068062827,53,0.0693717277486911,0,0.0,11,0.0143979057591623,251,0.3285340314136126,410,0.5366492146596858,99,0.396,36005007000,4402,1540,0.3498409813721035,4402,543,0.12335302135393,4402,599,0.1360745115856428,32371,0.032371,23601.37159803528,0.7856786065721846
360050071002,360050071002,Block Group 2; Census Tract 71; Bronx County; New York,Bronx,2303,1276,1203,0.9427899686520376,750,347,0.4626666666666666,405,0.1758575770733825,383,0.1663048198002605,18,0.0078158923143725,688,0.2987407729049066,40,0.0173686495874945,1410,0.6122448979591837,64,0.0501567398119122,36005007100,2802,1021,0.3643825838686652,2802,630,0.2248394004282655,2802,67,0.0239114917915774,210623,0.210623,10934.228455581771,0.8750208267832212
360050072002,360050072002,Block Group 2; Census Tract 72; Bronx County; New York,Bronx,1758,446,378,0.8475336322869955,703,467,0.6642958748221907,362,0.2059158134243458,297,0.1689419795221843,9,0.0051194539249146,23,0.0130830489192263,1170,0.6655290102389079,441,0.2508532423208191,173,0.3878923766816143,36005007200,4845,905,0.1867905056759546,4845,510,0.1052631578947368,4845,738,0.1523219814241486,65799,0.065799,26717.73127251174,0.6092882304833876
360050073002,360050073002,Block Group 2; Census Tract 73; Bronx County; New York,Bronx,586,170,170,1.0,359,195,0.5431754874651811,71,0.1211604095563139,0,0.0,0,0.0,190,0.3242320819112628,0,0.0,368,0.6279863481228669,0,0.0,36005007300,4325,1720,0.3976878612716763,4325,526,0.1216184971098265,4325,277,0.0640462427745664,26196,0.026196,22369.827454573217,0.740884784089231
360050074002,360050074002,Block Group 2; Census Tract 74; Bronx County; New York,Bronx,925,253,218,0.8616600790513834,260,68,0.2615384615384615,389,0.4205405405405405,47,0.0508108108108108,0,0.0,351,0.3794594594594594,0,0.0,566,0.6118918918918919,0,0.0,36005007400,3280,632,0.1926829268292683,3280,405,0.1234756097560975,3280,18,0.0054878048780487,63165,0.063165,14644.18586242381,0.5585714581114202
360050075002,360050075002,Block Group 2; Census Tract 75; Bronx County; New York,Bronx,3132,1148,1074,0.9355400696864112,1048,396,0.3778625954198473,1179,0.3764367816091954,179,0.0571519795657726,0,0.0,743,0.237228607918263,25,0.0079821200510855,2338,0.7464878671775224,53,0.0461672473867595,36005007500,6353,2753,0.4333385801983315,6353,1203,0.1893593577837242,6353,405,0.0637494097276877,109062,0.109062,28717.610166694172,0.7931323837715223
360050076002,360050076002,Block Group 2; Census Tract 76; Bronx County; New York,Bronx,865,368,297,0.8070652173913043,325,228,0.7015384615384616,206,0.238150289017341,144,0.1664739884393063,0,0.0,170,0.1965317919075144,53,0.061271676300578,550,0.6358381502890174,82,0.2228260869565217,36005007600,5244,1071,0.204233409610984,5252,560,0.1066260472201066,5252,734,0.1397562833206397,40270,0.04027,21480.00993295257,0.6214600717915713
360050078002,360050078002,Block Group 2; Census Tract 78; Bronx County; New York,Bronx,2029,693,455,0.6565656565656566,776,299,0.3853092783505155,445,0.2193198620009857,185,0.0911779201577131,14,0.0068999507146377,544,0.2681123706259241,0,0.0,1214,0.598324297683588,60,0.0865800865800865,36005007800,5633,1651,0.2930942659328954,5633,938,0.1665187289188709,5633,760,0.1349192259897035,143098,0.143098,14179.094047436023,0.4534181195567163
360050079002,360050079002,Block Group 2; Census Tract 79; Bronx County; New York,Bronx,719,242,242,1.0,220,88,0.4,149,0.2072322670375521,46,0.0639777468706536,34,0.0472878998609179,6,0.0083449235048678,0,0.0,629,0.874826147426982,0,0.0,36005007900,6809,2128,0.3125275370832721,6829,1449,0.2121833357739054,6829,438,0.06413823400205,23000,0.023,31260.869565217392,0.6933734875656344
360050083002,360050083002,Block Group 2; Census Tract 83; Bronx County; New York,Bronx,283,110,110,1.0,184,93,0.5054347826086957,47,0.166077738515901,0,0.0,0,0.0,56,0.1978798586572438,0,0.0,226,0.7985865724381626,39,0.3545454545454545,36005008300,6285,1895,0.3015115354017502,6287,1554,0.2471767138539844,6287,661,0.1051375854938762,27849,0.027849,10161.94477360049,0.6669541141042831
360050084002,360050084002,Block Group 2; Census Tract 84; Bronx County; New York,Bronx,2366,796,539,0.6771356783919598,954,597,0.6257861635220126,496,0.209636517328825,439,0.1855452240067624,62,0.0262045646661031,766,0.3237531699070161,202,0.0853761622992392,1273,0.5380388841927304,135,0.1695979899497487,36005008400,3036,470,0.1548089591567852,3108,628,0.202059202059202,3108,79,0.0254182754182754,116134,0.116134,20373.017376478896,0.5318444303425502
360050085002,360050085002,Block Group 2; Census Tract 85; Bronx County; New York,Bronx,1444,517,464,0.8974854932301741,645,351,0.5441860465116279,310,0.2146814404432133,148,0.1024930747922437,7,0.0048476454293628,316,0.2188365650969529,21,0.0145429362880886,1057,0.731994459833795,149,0.288201160541586,36005008500,5861,1574,0.2685548541204572,5866,1099,0.1873508353221957,5866,526,0.0896692806000682,54320,0.05432,26583.21060382916,0.7126670213226617
360050086002,360050086002,Block Group 2; Census Tract 86; Bronx County; New York,Bronx,933,402,402,1.0,337,84,0.2492581602373887,322,0.345123258306538,123,0.1318327974276527,0,0.0,80,0.0857449088960343,0,0.0,632,0.677384780278671,49,0.1218905472636815,36005008600,3813,1832,0.4804615788093365,3849,1172,0.3044946739412834,3849,734,0.1906988828267082,60095,0.060095,15525.418088027289,0.5911347667800881
360050087002,360050087002,Block Group 2; Census Tract 87; Bronx County; New York,Bronx,1637,533,533,1.0,599,437,0.7295492487479132,424,0.259010384850336,237,0.144777031154551,26,0.0158827122785583,203,0.1240073304825901,0,0.0,1401,0.8558338423946243,106,0.198874296435272,36005008700,5738,2120,0.3694667131404671,5807,1162,0.2001033235749957,5807,402,0.0692267952471155,39038,0.039038,41933.50069163379,0.699818086379401
360050089002,360050089002,Block Group 2; Census Tract 89; Bronx County; New York,Bronx,1304,538,523,0.9721189591078068,613,356,0.5807504078303426,111,0.085122699386503,234,0.1794478527607362,1,0.0007668711656441,406,0.3113496932515337,0,0.0,897,0.6878834355828221,122,0.2267657992565055,36005008900,2919,754,0.2583076396026036,2947,1093,0.3708856464200882,2947,260,0.0882253138785205,49717,0.049717,26228.453044230344,0.7253444682603758
360050090002,360050090002,Block Group 2; Census Tract 90; Bronx County; New York,Bronx,502,68,65,0.9558823529411764,171,92,0.5380116959064327,193,0.3844621513944223,7,0.0139442231075697,3,0.0059760956175298,303,0.603585657370518,0,0.0,188,0.3745019920318725,0,0.0,36005009000,3764,1613,0.4285334750265674,3861,965,0.2499352499352499,3861,80,0.0207200207200207,437584,0.437584,1147.2083074335442,0.6076012310794303
360050092002,360050092002,Block Group 2; Census Tract 92; Bronx County; New York,Bronx,436,103,25,0.2427184466019417,55,0,0.0,140,0.3211009174311927,41,0.0940366972477064,10,0.0229357798165137,0,0.0,100,0.2293577981651376,326,0.7477064220183486,6,0.058252427184466,36005009200,5888,934,0.1586277173913043,5888,657,0.1115828804347826,5888,595,0.1010529891304347,42516,0.042516,10254.962837519994,0.5958876051759361
360050093012,360050093012,Block Group 2; Census Tract 93.01; Bronx County; New York,Bronx,1992,683,612,0.8960468521229868,766,363,0.4738903394255874,687,0.3448795180722891,139,0.0697791164658634,0,0.0,361,0.1812248995983935,0,0.0,1496,0.751004016064257,49,0.0717423133235724,36005009301,5623,1460,0.2596478747999288,5714,1124,0.1967098354917746,5714,697,0.1219810990549527,62407,0.062407,31919.49621036102,0.665327662467695
360050096002,360050096002,Block Group 2; Census Tract 96; Bronx County; New York,Bronx,505,273,245,0.8974358974358975,127,102,0.8031496062992126,93,0.1841584158415841,22,0.0435643564356435,39,0.0772277227722772,26,0.0514851485148514,57,0.1128712871287128,383,0.7584158415841584,34,0.1245421245421245,36005009600,1780,369,0.2073033707865168,1780,196,0.1101123595505618,1780,115,0.0646067415730337,529142,0.529142,954.375196072132,0.783395506393594
360050115023,360050115023,Block Group 3; Census Tract 115.02; Bronx County; New York,Bronx,1144,505,489,0.9683168316831684,508,335,0.6594488188976378,345,0.3015734265734265,146,0.1276223776223776,0,0.0,139,0.1215034965034965,0,0.0,934,0.8164335664335665,153,0.3029702970297029,36005011502,3928,1509,0.3841649694501018,3935,866,0.2200762388818297,3935,54,0.0137229987293519,88039,0.088039,12994.241188564158,0.5256409869465457
360050118003,360050118003,Block Group 3; Census Tract 118; Bronx County; New York,Bronx,1202,555,376,0.6774774774774774,463,156,0.3369330453563715,201,0.1672212978369384,244,0.2029950083194675,538,0.4475873544093178,42,0.0349417637271214,54,0.0449251247920133,568,0.4725457570715474,39,0.0702702702702702,36005011800,3823,460,0.120324352602668,5027,586,0.1165705191963397,5027,210,0.041774418142033,196287,0.196287,6123.686234951882,0.4697878139453247
360050119003,360050119003,Block Group 3; Census Tract 119; Bronx County; New York,Bronx,729,167,147,0.8802395209580839,246,179,0.7276422764227642,327,0.448559670781893,69,0.0946502057613168,3,0.0041152263374485,463,0.635116598079561,0,0.0,160,0.2194787379972565,17,0.1017964071856287,36005011900,5842,1343,0.2298870249914412,5826,1281,0.2198764160659114,5826,99,0.0169927909371781,17103,0.017103,42624.101034906154,0.7238574578875216
360050123003,360050123003,Block Group 3; Census Tract 123; Bronx County; New York,Bronx,393,180,168,0.9333333333333332,121,45,0.371900826446281,59,0.1501272264631043,65,0.1653944020356234,5,0.0127226463104325,30,0.0763358778625954,0,0.0,313,0.7964376590330788,20,0.1111111111111111,36005012300,4712,1511,0.3206706281833616,4712,1358,0.2882003395585739,4712,249,0.0528438030560271,33182,0.033182,11843.770719064552,0.8445652241790463
360050131003,360050131003,Block Group 3; Census Tract 131; Bronx County; New York,Bronx,1659,602,575,0.9551495016611296,553,388,0.701627486437613,481,0.2899336949969861,65,0.0391802290536467,6,0.0036166365280289,773,0.4659433393610608,0,0.0,880,0.5304400241109102,86,0.1428571428571428,36005013100,5277,2083,0.3947318552207693,5288,1725,0.3262102874432678,5288,188,0.0355521936459909,55034,0.055034,30145.001271940982,0.8108139592595385
360050132003,360050132003,Block Group 3; Census Tract 132; Bronx County; New York,Bronx,1099,515,286,0.5553398058252427,409,222,0.5427872860635696,166,0.1510464058234759,309,0.281164695177434,299,0.2720655141037306,116,0.105550500454959,27,0.024567788898999,657,0.5978161965423112,60,0.116504854368932,36005013200,7083,397,0.0560496964563038,7083,1809,0.2554002541296061,7083,276,0.0389665396018636,171849,0.171849,6395.149229847133,0.8179938342194799
360050133003,360050133003,Block Group 3; Census Tract 133; Bronx County; New York,Bronx,1829,579,579,1.0,386,386,1.0,538,0.2941498086386003,40,0.021869874248223,0,0.0,901,0.4926189174412247,0,0.0,928,0.5073810825587752,217,0.3747841105354059,36005013300,6087,2857,0.4693609331361918,6087,1733,0.2847051092492196,6087,101,0.0165927386232955,18479,0.018479,98977.21738189296,0.8138818566080552
360050135003,360050135003,Block Group 3; Census Tract 135; Bronx County; New York,Bronx,1328,470,467,0.9936170212765958,244,79,0.3237704918032787,611,0.4600903614457831,28,0.0210843373493975,78,0.0587349397590361,321,0.2417168674698795,36,0.0271084337349397,856,0.6445783132530121,73,0.1553191489361702,36005013500,4075,1977,0.4851533742331288,4075,925,0.2269938650306748,4075,91,0.0223312883435582,54359,0.054359,24430.177155576817,0.8190407569388581
360050141003,360050141003,Block Group 3; Census Tract 141; Bronx County; New York,Bronx,2652,943,847,0.8981972428419936,1175,699,0.5948936170212766,514,0.193815987933635,225,0.084841628959276,73,0.0275263951734539,1064,0.4012066365007541,0,0.0,1172,0.4419306184012066,182,0.193001060445387,36005014100,7856,2133,0.2715122199592668,7744,1466,0.1893078512396694,7744,475,0.0613378099173553,74040,0.07404,35818.47649918963,0.7545079536174774
360050144003,360050144003,Block Group 3; Census Tract 144; Bronx County; New York,Bronx,1047,317,317,1.0,336,186,0.5535714285714286,361,0.3447946513849093,61,0.0582617000955109,0,0.0,112,0.1069723018147087,0,0.0,935,0.8930276981852913,78,0.2460567823343848,36005014400,6091,1724,0.2830405516335577,6128,1451,0.2367819843342036,6128,648,0.1057441253263707,48682,0.048682,21506.922476480013,0.7453247361584905
360050145003,360050145003,Block Group 3; Census Tract 145; Bronx County; New York,Bronx,972,268,268,1.0,352,64,0.1818181818181818,426,0.4382716049382716,54,0.0555555555555555,25,0.0257201646090535,939,0.9660493827160492,0,0.0,8,0.0082304526748971,25,0.0932835820895522,36005014500,6678,3537,0.5296495956873315,6679,1278,0.1913460098817188,6679,681,0.1019613714627938,38947,0.038947,24956.99283641872,0.8953786697719315
360050147013,360050147013,Block Group 3; Census Tract 147.01; Bronx County; New York,Bronx,831,318,318,1.0,147,110,0.7482993197278912,408,0.4909747292418772,91,0.1095066185318893,0,0.0,60,0.0722021660649819,0,0.0,555,0.6678700361010831,97,0.3050314465408805,36005014701,6085,3678,0.6044371405094494,6094,1472,0.2415490646537578,6094,707,0.1160157531998687,29460,0.02946,28207.73930753564,0.8357663406572827
360050147023,360050147023,Block Group 3; Census Tract 147.02; Bronx County; New York,Bronx,1169,292,292,1.0,269,202,0.7509293680297398,558,0.4773310521813516,43,0.0367835757057313,2,0.001710863986313,593,0.5072711719418306,0,0.0,534,0.4568006843455945,42,0.1438356164383561,36005014702,4950,1795,0.3626262626262626,4950,667,0.1347474747474747,4950,159,0.0321212121212121,13164,0.013164,88802.79550288666,0.8296012036940683
360050149003,360050149003,Block Group 3; Census Tract 149; Bronx County; New York,Bronx,453,246,246,1.0,198,69,0.3484848484848485,0,0.0,69,0.152317880794702,70,0.1545253863134658,116,0.2560706401766004,0,0.0,249,0.5496688741721855,107,0.4349593495934959,36005014900,4631,2036,0.4396458648240121,4631,802,0.1731807385014035,4631,386,0.0833513280069099,52077,0.052077,8698.657756783225,0.8711636709473696
360050151003,360050151003,Block Group 3; Census Tract 151; Bronx County; New York,Bronx,1186,644,644,1.0,366,300,0.819672131147541,277,0.2335581787521079,236,0.1989881956155143,0,0.0,741,0.6247892074198989,115,0.096964586846543,321,0.2706576728499157,128,0.1987577639751552,36005015100,5051,1603,0.3173628984359533,5199,1580,0.3039045970378919,5199,576,0.1107905366416618,59214,0.059214,20029.04718478738,0.9535391820028476
360050153003,360050153003,Block Group 3; Census Tract 153; Bronx County; New York,Bronx,668,280,222,0.7928571428571428,271,154,0.5682656826568265,269,0.4026946107784431,106,0.1586826347305389,0,0.0,223,0.3338323353293413,10,0.0149700598802395,435,0.6511976047904192,46,0.1642857142857142,36005015300,3596,896,0.2491657397107897,3603,872,0.2420205384401887,3603,169,0.0469053566472384,61826,0.061826,10804.515899459777,0.8203048659456422
360050157003,360050157003,Block Group 3; Census Tract 157; Bronx County; New York,Bronx,1854,643,544,0.8460342146189735,682,298,0.436950146627566,552,0.2977346278317152,52,0.0280474649406688,24,0.0129449838187702,814,0.4390507011866235,0,0.0,956,0.5156418554476807,48,0.0746500777604976,36005015700,6152,1835,0.2982769830949285,6152,1219,0.1981469440832249,6152,437,0.0710338101430429,63760,0.06376,29077.79171894605,0.7173132595444431
360050160003,360050160003,Block Group 3; Census Tract 160; Bronx County; New York,Bronx,915,253,33,0.1304347826086956,338,130,0.3846153846153846,323,0.3530054644808743,78,0.0852459016393442,350,0.3825136612021858,27,0.0295081967213114,279,0.3049180327868852,160,0.174863387978142,20,0.0790513833992094,36005016000,3832,576,0.150313152400835,3848,543,0.1411122661122661,3848,158,0.041060291060291,103879,0.103879,8808.325070514733,0.7438289961776214
360050161003,360050161003,Block Group 3; Census Tract 161; Bronx County; New York,Bronx,880,402,402,1.0,173,137,0.791907514450867,266,0.3022727272727272,148,0.1681818181818181,0,0.0,403,0.4579545454545454,0,0.0,472,0.5363636363636364,157,0.390547263681592,36005016100,4703,1763,0.3748671061024878,4703,1425,0.3029980863278758,4703,107,0.0227514352540931,16113,0.016113,54614.28660088128,0.7907896063022124
360050016003,360050016003,Block Group 3; Census Tract 16; Bronx County; New York,Bronx,946,420,420,1.0,232,4,0.0172413793103448,280,0.2959830866807611,180,0.1902748414376321,0,0.0,211,0.2230443974630021,0,0.0,735,0.7769556025369979,0,0.0,36005001600,5329,808,0.151623193844999,5412,1105,0.2041759053954175,5412,152,0.0280857354028085,22972,0.022972,41180.567647570955,0.5449115227595729
360050173003,360050173003,Block Group 3; Census Tract 173; Bronx County; New York,Bronx,1814,649,649,1.0,700,572,0.8171428571428572,304,0.1675854465270121,132,0.0727673649393605,1,0.0005512679162072,1036,0.5711135611907387,0,0.0,777,0.428335170893054,185,0.2850539291217257,36005017300,5265,1590,0.301994301994302,5265,1784,0.3388414055080722,5265,408,0.0774928774928774,44145,0.044145,41091.85638237626,0.7864457042185257
360050175003,360050175003,Block Group 3; Census Tract 175; Bronx County; New York,Bronx,794,522,522,1.0,133,78,0.5864661654135338,50,0.0629722921914357,308,0.3879093198992443,20,0.0251889168765743,476,0.5994962216624685,0,0.0,264,0.3324937027707808,91,0.1743295019157088,36005017500,6228,2433,0.390655105973025,6228,1498,0.2405266538214515,6228,432,0.0693641618497109,37934,0.037934,20931.090841988716,0.8825596313018034
360050177013,360050177013,Block Group 3; Census Tract 177.01; Bronx County; New York,Bronx,3172,776,776,1.0,1539,1094,0.7108512020792722,605,0.1907313997477931,484,0.1525851197982345,97,0.0305800756620428,878,0.2767969735182849,14,0.0044136191677175,2183,0.6882093316519546,202,0.2603092783505155,36005017701,5025,1261,0.2509452736318407,4984,774,0.1552969502407704,4984,606,0.1215890850722311,44550,0.04455,71200.89786756453,0.8735591918129364
360050177023,360050177023,Block Group 3; Census Tract 177.02; Bronx County; New York,Bronx,1622,474,351,0.740506329113924,408,305,0.7475490196078431,263,0.1621454993834772,331,0.2040690505548705,0,0.0,1139,0.7022194821208385,0,0.0,470,0.2897657213316892,22,0.0464135021097046,36005017702,5232,1818,0.3474770642201835,5232,944,0.1804281345565749,5232,359,0.0686162079510703,46553,0.046553,34842.00803385389,0.9035286714584422
360050179013,360050179013,Block Group 3; Census Tract 179.01; Bronx County; New York,Bronx,1665,482,482,1.0,648,444,0.6851851851851852,467,0.2804804804804804,128,0.0768768768768768,0,0.0,157,0.0942942942942943,156,0.0936936936936937,1327,0.796996996996997,160,0.3319502074688796,36005017901,4968,1002,0.2016908212560386,4968,731,0.1471417069243156,4968,473,0.0952093397745571,26665,0.026665,62441.40258766172,0.9645182785818136
360050179023,360050179023,Block Group 3; Census Tract 179.02; Bronx County; New York,Bronx,1088,445,445,1.0,355,276,0.7774647887323943,451,0.4145220588235294,77,0.0707720588235294,0,0.0,301,0.2766544117647059,0,0.0,787,0.7233455882352942,155,0.348314606741573,36005017902,3030,483,0.1594059405940594,3030,610,0.2013201320132013,3030,303,0.1,15696,0.015696,69317.02344546381,0.9594800355219923
360050181013,360050181013,Block Group 3; Census Tract 181.01; Bronx County; New York,Bronx,575,216,216,1.0,270,219,0.8111111111111111,104,0.1808695652173913,32,0.0556521739130434,51,0.088695652173913,276,0.48,0,0.0,248,0.4313043478260869,48,0.2222222222222222,36005018101,2876,665,0.2312239221140473,2876,589,0.204798331015299,2876,497,0.1728094575799721,14923,0.014923,38531.12644910541,0.9347115794045968
360050181023,360050181023,Block Group 3; Census Tract 181.02; Bronx County; New York,Bronx,845,367,367,1.0,424,175,0.4127358490566037,113,0.1337278106508875,158,0.18698224852071,0,0.0,210,0.2485207100591716,0,0.0,635,0.7514792899408284,31,0.0844686648501362,36005018102,5066,1583,0.3124753257007501,5107,1084,0.2122576855296651,5107,308,0.0603093792833365,14292,0.014292,59123.98544640359,0.9343128353176172
360050183013,360050183013,Block Group 3; Census Tract 183.01; Bronx County; New York,Bronx,1425,762,503,0.6601049868766404,693,382,0.5512265512265512,324,0.2273684210526315,337,0.2364912280701754,285,0.2,540,0.3789473684210526,18,0.0126315789473684,496,0.3480701754385965,84,0.1102362204724409,36005018301,3933,1116,0.2837528604118993,3933,964,0.2451055174167302,3933,207,0.0526315789473684,21480,0.02148,66340.78212290503,0.900296880526433
360050183023,360050183023,Block Group 3; Census Tract 183.02; Bronx County; New York,Bronx,1127,558,536,0.9605734767025088,639,454,0.7104851330203443,212,0.1881100266193434,175,0.15527950310559,15,0.0133096716947648,505,0.448092280390417,0,0.0,607,0.5385980479148181,134,0.2401433691756272,36005018302,3295,787,0.2388467374810318,3295,490,0.1487101669195751,3295,202,0.0613050075872534,25610,0.02561,44006.24755954705,0.6981336474767185
360050184003,360050184003,Block Group 3; Census Tract 184; Bronx County; New York,Bronx,714,291,94,0.3230240549828179,336,92,0.2738095238095238,162,0.226890756302521,139,0.1946778711484593,278,0.3893557422969187,0,0.0,207,0.2899159663865546,213,0.2983193277310924,36,0.1237113402061855,36005018400,3886,505,0.1299536798764796,3886,362,0.0931549150797735,3886,148,0.038085434894493,112196,0.112196,6363.86323933117,0.8233498866014779
360050185023,360050185023,Block Group 3; Census Tract 185.02; Bronx County; New York,Bronx,1107,622,603,0.9694533762057878,353,0,0.0,311,0.2809394760614273,312,0.2818428184281842,0,0.0,315,0.2845528455284553,0,0.0,792,0.7154471544715447,387,0.6221864951768489,36005018502,5479,2784,0.5081219200584048,5520,1178,0.2134057971014492,5520,361,0.0653985507246376,41059,0.041059,26961.2021724835,0.8960008350647329
360050189003,360050189003,Block Group 3; Census Tract 189; Bronx County; New York,Bronx,2066,924,924,1.0,953,612,0.6421825813221406,334,0.1616650532429816,189,0.0914811229428848,41,0.0198451113262342,623,0.3015488867376573,0,0.0,1402,0.6786060019361084,255,0.275974025974026,36005018900,8034,2079,0.2587752053771471,8163,1420,0.1739556535587406,8163,337,0.041283841724856,50665,0.050665,40777.65715977499,0.7605567003058171
360050193003,360050193003,Block Group 3; Census Tract 193; Bronx County; New York,Bronx,2026,655,655,1.0,845,474,0.5609467455621302,575,0.2838104639684106,164,0.0809476801579466,118,0.0582428430404738,1030,0.508390918065153,0,0.0,878,0.4333662388943731,0,0.0,36005019300,5735,859,0.1497820401046207,5949,1150,0.1933097999663809,5949,84,0.0141200201714573,134924,0.134924,15015.860780884055,0.6767033614608583
360050195003,360050195003,Block Group 3; Census Tract 195; Bronx County; New York,Bronx,1783,706,706,1.0,886,489,0.5519187358916479,195,0.1093662366797532,177,0.0992708917554683,0,0.0,373,0.2091979809310151,12,0.0067302299495232,1398,0.7840717891194616,230,0.3257790368271954,36005019500,6997,2781,0.3974560525939688,7738,1416,0.1829930214525717,7738,194,0.0250710777978805,21237,0.021237,83957.24443188775,0.8838579977852961
360050197003,360050197003,Block Group 3; Census Tract 197; Bronx County; New York,Bronx,1570,521,521,1.0,608,339,0.5575657894736842,606,0.3859872611464968,152,0.0968152866242038,0,0.0,129,0.0821656050955414,177,0.1127388535031847,1225,0.7802547770700637,132,0.2533589251439539,36005019700,7542,4287,0.5684168655529037,7628,1332,0.1746198217094913,7628,591,0.0774777136864184,46331,0.046331,33886.59860568518,0.902888540318679
360050199003,360050199003,Block Group 3; Census Tract 199; Bronx County; New York,Bronx,788,297,297,1.0,320,103,0.321875,184,0.233502538071066,180,0.2284263959390862,0,0.0,0,0.0,0,0.0,788,1.0,166,0.5589225589225589,36005019900,6781,2421,0.3570269871700339,6852,1175,0.1714827787507297,6852,388,0.0566258026853473,26003,0.026003,30304.19566973042,0.7525436127361241
360050020013,360050020013,Block Group 3; Census Tract 20.01; Bronx County; New York,Bronx,418,189,189,1.0,158,93,0.5886075949367089,164,0.3923444976076555,49,0.1172248803827751,0,0.0,90,0.215311004784689,0,0.0,180,0.430622009569378,25,0.1322751322751322,36005002001,4113,2155,0.523948456114758,4199,1211,0.2884020004763039,4199,225,0.0535841867111216,19051,0.019051,21941.105453781955,0.5779291327415202
360050020023,360050020023,Block Group 3; Census Tract 20.02; Bronx County; New York,Bronx,1051,543,448,0.8250460405156538,260,165,0.6346153846153846,39,0.0371075166508087,389,0.3701236917221693,30,0.0285442435775451,557,0.5299714557564225,0,0.0,448,0.4262607040913416,215,0.3959484346224677,36005002002,3551,1526,0.4297381019431146,3609,1171,0.3244666112496536,3609,322,0.0892213909670268,52965,0.052965,19843.292740489003,0.5895429816898851
360050201003,360050201003,Block Group 3; Census Tract 201; Bronx County; New York,Bronx,1545,504,504,1.0,360,296,0.8222222222222222,571,0.3695792880258899,278,0.1799352750809061,0,0.0,468,0.3029126213592233,0,0.0,1077,0.6970873786407767,181,0.3591269841269841,36005020100,3845,1713,0.4455136540962289,3845,585,0.1521456436931079,3845,175,0.0455136540962288,39024,0.039024,39591.020910209096,0.7886598495882119
360050204003,360050204003,Block Group 3; Census Tract 204; Bronx County; New York,Bronx,1249,481,385,0.8004158004158004,551,352,0.6388384754990926,326,0.2610088070456365,105,0.0840672538030424,29,0.0232185748598879,159,0.1273018414731785,163,0.1305044035228182,836,0.6693354683746997,62,0.1288981288981289,36005020400,2823,747,0.2646121147715196,2807,362,0.1289633060206626,2807,208,0.0741004631278945,57015,0.057015,21906.51582916776,0.8491283371287711
360050205013,360050205013,Block Group 3; Census Tract 205.01; Bronx County; New York,Bronx,1960,640,640,1.0,541,376,0.6950092421441775,568,0.2897959183673469,83,0.0423469387755102,0,0.0,456,0.2326530612244897,0,0.0,1410,0.7193877551020408,137,0.2140625,36005020501,8397,3682,0.4384899368822198,8397,1989,0.2368703108252947,8397,527,0.0627605097058473,33022,0.033022,59354.36981406335,0.7124237622616759
360050205023,360050205023,Block Group 3; Census Tract 205.02; Bronx County; New York,Bronx,897,403,395,0.98014888337469,404,327,0.8094059405940595,159,0.177257525083612,71,0.0791527313266443,32,0.0356744704570791,383,0.4269788182831661,0,0.0,482,0.5373467112597548,40,0.0992555831265508,36005020502,2316,554,0.2392055267702936,2321,640,0.2757432141318397,2321,206,0.0887548470486859,33913,0.033913,26450.033910299888,0.6193954601961223
360050209003,360050209003,Block Group 3; Census Tract 209; Bronx County; New York,Bronx,1401,554,554,1.0,488,253,0.5184426229508197,465,0.3319057815845824,131,0.0935046395431834,0,0.0,635,0.4532476802284083,0,0.0,732,0.5224839400428265,120,0.2166064981949458,36005020900,4796,1281,0.2670975813177648,4809,447,0.0929507174048658,4809,248,0.0515699729673528,20252,0.020252,69178.35275528343,0.896105539529737
360050210013,360050210013,Block Group 3; Census Tract 210.01; Bronx County; New York,Bronx,1091,443,337,0.7607223476297968,236,77,0.326271186440678,58,0.0531622364802933,307,0.2813932172318973,0,0.0,628,0.5756186984417965,0,0.0,444,0.4069660861594867,65,0.146726862302483,36005021001,7346,1393,0.1896270078954533,7347,1249,0.1700013610997686,7347,587,0.0798965564175854,14721,0.014721,74111.81305617825,0.7969795743767061
360050210023,360050210023,Block Group 3; Census Tract 210.02; Bronx County; New York,Bronx,253,127,103,0.8110236220472441,145,60,0.4137931034482758,5,0.0197628458498023,110,0.4347826086956521,7,0.0276679841897233,157,0.6205533596837944,46,0.1818181818181818,32,0.1264822134387351,42,0.3307086614173228,36005021002,7410,1739,0.2346828609986504,7434,837,0.1125907990314769,7434,400,0.0538068334678504,19036,0.019036,13290.607270434964,0.796235223600582
360050211003,360050211003,Block Group 3; Census Tract 211; Bronx County; New York,Bronx,919,366,366,1.0,295,186,0.6305084745762712,235,0.2557127312295973,200,0.2176278563656148,20,0.0217627856365614,140,0.1523394994559303,0,0.0,655,0.7127312295973884,153,0.4180327868852459,36005021100,5812,1758,0.3024776324845148,5920,852,0.1439189189189189,5920,263,0.0444256756756756,42251,0.042251,21750.96447421363,0.7998457803964761
360050212003,360050212003,Block Group 3; Census Tract 212; Bronx County; New York,Bronx,1451,590,577,0.9779661016949152,513,299,0.5828460038986355,331,0.228118538938663,249,0.1716057891109579,16,0.0110268780151619,371,0.2556857339765679,723,0.4982770503101309,341,0.2350103376981392,124,0.2101694915254237,36005021200,5218,1106,0.2119586048294365,5322,746,0.1401728673431041,5322,298,0.0559939872228485,24314,0.024314,59677.5520276384,0.8226905935899146
360050213023,360050213023,Block Group 3; Census Tract 213.02; Bronx County; New York,Bronx,571,176,149,0.8465909090909091,81,57,0.7037037037037037,228,0.3992994746059544,32,0.0560420315236427,0,0.0,73,0.12784588441331,0,0.0,474,0.830122591943958,0,0.0,36005021302,5898,2441,0.4138691081722618,5898,1394,0.2363513055272973,5898,123,0.0208545269582909,25793,0.025793,22137.78932268445,0.8055641491129693
360050215013,360050215013,Block Group 3; Census Tract 215.01; Bronx County; New York,Bronx,1723,464,464,1.0,855,625,0.7309941520467836,541,0.3139872315728381,91,0.052814857806152,0,0.0,180,0.1044689495066744,0,0.0,1543,0.8955310504933256,46,0.0991379310344827,36005021501,4247,1684,0.3965151871909583,4346,568,0.1306948918545789,4346,297,0.068338702254947,27166,0.027166,63424.86932194655,0.7139220206955058
360050215023,360050215023,Block Group 3; Census Tract 215.02; Bronx County; New York,Bronx,1140,523,523,1.0,384,280,0.7291666666666666,325,0.2850877192982456,41,0.0359649122807017,7,0.0061403508771929,493,0.4324561403508772,0,0.0,640,0.5614035087719298,108,0.2065009560229445,36005021502,6163,2880,0.4673048839850722,6235,1581,0.2535685645549318,6235,444,0.0712109061748195,36066,0.036066,31608.71735152221,0.8068490507279047
360050216013,360050216013,Block Group 3; Census Tract 216.01; Bronx County; New York,Bronx,418,237,237,1.0,216,133,0.6157407407407407,70,0.1674641148325359,39,0.0933014354066985,17,0.0406698564593301,98,0.2344497607655502,5,0.0119617224880382,291,0.6961722488038278,69,0.2911392405063291,36005021601,4118,1241,0.3013598834385624,4118,370,0.0898494414764448,4118,419,0.1017484215638659,10492,0.010492,39839.878002287456,0.7382018747207572
360050216023,360050216023,Block Group 3; Census Tract 216.02; Bronx County; New York,Bronx,855,263,263,1.0,361,325,0.9002770083102493,235,0.2748538011695906,84,0.0982456140350877,0,0.0,175,0.2046783625730994,253,0.295906432748538,427,0.4994152046783626,15,0.0570342205323193,36005021602,6027,1075,0.1783640285382445,6027,515,0.0854488136718101,6027,161,0.0267131242740998,33458,0.033458,25554.42644509534,0.8446657052909077
360050217003,360050217003,Block Group 3; Census Tract 217; Bronx County; New York,Bronx,749,312,312,1.0,264,189,0.7159090909090909,123,0.1642189586114819,38,0.0507343124165554,24,0.0320427236315086,188,0.2510013351134846,0,0.0,511,0.6822429906542056,63,0.2019230769230769,36005021700,5005,1915,0.3826173826173826,5006,1047,0.2091490211745905,5006,401,0.0801038753495805,51932,0.051932,14422.70661634445,0.884786273652694
360050218003,360050218003,Block Group 3; Census Tract 218; Bronx County; New York,Bronx,1734,578,346,0.5986159169550173,877,381,0.4344355758266818,208,0.1199538638985005,86,0.04959630911188,10,0.0057670126874279,63,0.0363321799307958,0,0.0,1645,0.9486735870818916,23,0.0397923875432525,36005021800,6010,1521,0.2530782029950083,6050,974,0.1609917355371901,6050,634,0.104793388429752,74117,0.074117,23395.442341163296,0.7556452395915448
360050221013,360050221013,Block Group 3; Census Tract 221.01; Bronx County; New York,Bronx,2016,625,625,1.0,666,403,0.6051051051051051,697,0.345734126984127,20,0.0099206349206349,0,0.0,555,0.275297619047619,0,0.0,1412,0.7003968253968254,134,0.2144,36005022101,3724,891,0.2392588614393125,3752,574,0.1529850746268656,3752,355,0.0946162046908315,24470,0.02447,82386.59583163058,0.901863419947076
360050221023,360050221023,Block Group 3; Census Tract 221.02; Bronx County; New York,Bronx,1921,685,685,1.0,805,536,0.6658385093167701,387,0.2014575741801145,239,0.1244143675169182,30,0.0156168662155127,804,0.4185320145757418,0,0.0,991,0.5158771473191046,215,0.3138686131386861,36005022102,5128,1810,0.3529641185647426,5144,986,0.1916796267496112,5144,447,0.0868973561430793,30633,0.030633,62710.14918551889,0.8792819032473804
360050222003,360050222003,Block Group 3; Census Tract 222; Bronx County; New York,Bronx,664,255,199,0.7803921568627451,425,237,0.5576470588235294,29,0.0436746987951807,106,0.1596385542168674,51,0.0768072289156626,34,0.0512048192771084,44,0.0662650602409638,399,0.6009036144578314,60,0.2352941176470588,36005022200,3271,877,0.2681137266890859,3315,440,0.1327300150829562,3315,251,0.0757164404223227,71789,0.071789,9249.327891459694,0.8203558354662379
360050223003,360050223003,Block Group 3; Census Tract 223; Bronx County; New York,Bronx,1051,374,374,1.0,478,312,0.6527196652719666,292,0.2778306374881065,76,0.0723120837297811,48,0.0456707897240723,13,0.0123691722169362,0,0.0,926,0.8810656517602283,44,0.1176470588235294,36005022300,4867,1610,0.3307992603246353,4867,950,0.1951921101294431,4867,208,0.0427367988493938,20675,0.020675,50834.340991535675,0.8002437136328394
360050224043,360050224043,Block Group 3; Census Tract 224.04; Bronx County; New York,Bronx,2251,970,833,0.8587628865979381,1078,609,0.564935064935065,463,0.205686361617059,356,0.1581519324744558,153,0.0679697912039093,644,0.2860950688582852,224,0.0995113282985339,1087,0.4828964904486895,238,0.245360824742268,36005022404,4261,692,0.1624031917390284,4292,708,0.1649580615097856,4292,159,0.0370456663560111,36309,0.036309,61995.64846181387,0.8072933747539633
360050225003,360050225003,Block Group 3; Census Tract 225; Bronx County; New York,Bronx,538,223,193,0.8654708520179372,177,95,0.536723163841808,0,0.0,104,0.1933085501858736,122,0.2267657992565055,229,0.4256505576208178,0,0.0,127,0.2360594795539033,24,0.1076233183856502,36005022500,7960,2048,0.257286432160804,8040,1852,0.2303482587064676,8040,1000,0.1243781094527363,25832,0.025832,20826.88138742645,0.8758113618209206
360050227013,360050227013,Block Group 3; Census Tract 227.01; Bronx County; New York,Bronx,1578,672,672,1.0,557,504,0.9048473967684022,169,0.1070975918884664,109,0.0690747782002534,0,0.0,634,0.4017743979721166,0,0.0,943,0.5975918884664132,62,0.0922619047619047,36005022701,4939,1419,0.2873051224944321,4939,835,0.1690625632719174,4939,484,0.0979955456570155,65581,0.065581,24061.847181348257,0.8449024935810541
360050228003,360050228003,Block Group 3; Census Tract 228; Bronx County; New York,Bronx,1227,450,450,1.0,560,342,0.6107142857142858,474,0.3863080684596577,32,0.0260798696006519,282,0.2298288508557457,110,0.0896495517522412,0,0.0,835,0.680521597392013,106,0.2355555555555555,36005022800,5628,551,0.0979033404406538,5687,636,0.1118340073852646,5687,203,0.0356954457534728,19999,0.019999,61353.06765338267,0.6152176680275555
360050229013,360050229013,Block Group 3; Census Tract 229.01; Bronx County; New York,Bronx,1149,320,320,1.0,299,265,0.8862876254180602,327,0.2845953002610966,69,0.0600522193211488,0,0.0,402,0.3498694516971279,0,0.0,621,0.5404699738903395,126,0.39375,36005022901,5918,1793,0.3029739776951672,5927,924,0.1558967437152016,5927,857,0.1445925426016534,15191,0.015191,75636.89026397209,0.8794084116912896
360050229023,360050229023,Block Group 3; Census Tract 229.02; Bronx County; New York,Bronx,1597,439,439,1.0,655,496,0.7572519083969466,607,0.3800876643706951,116,0.0726361928616155,0,0.0,515,0.3224796493425172,0,0.0,1082,0.6775203506574827,104,0.2369020501138952,36005022902,3378,1038,0.3072824156305506,3378,945,0.2797513321492007,3378,249,0.0737122557726465,24581,0.024581,64968.87840201782,0.8874267030099421
360050233013,360050233013,Block Group 3; Census Tract 233.01; Bronx County; New York,Bronx,737,305,305,1.0,171,145,0.847953216374269,147,0.1994572591587517,68,0.0922659430122116,6,0.0081411126187245,200,0.2713704206241519,0,0.0,514,0.6974219810040706,55,0.180327868852459,36005023301,3814,1189,0.3117461982170949,3841,713,0.18562874251497,3841,316,0.0822702421244467,27565,0.027565,26736.803918011978,0.8950444896914025
360050235013,360050235013,Block Group 3; Census Tract 235.01; Bronx County; New York,Bronx,310,117,117,1.0,126,53,0.4206349206349206,67,0.2161290322580645,27,0.0870967741935483,0,0.0,13,0.0419354838709677,0,0.0,297,0.9580645161290322,59,0.5042735042735043,36005023501,2963,1203,0.4060074249071886,2963,701,0.2365845426932163,2963,237,0.0799865001687478,14793,0.014793,20955.857500168997,0.8783902880825684
360050235023,360050235023,Block Group 3; Census Tract 235.02; Bronx County; New York,Bronx,1096,478,442,0.9246861924686192,412,248,0.6019417475728155,188,0.1715328467153284,209,0.1906934306569343,0,0.0,271,0.2472627737226277,0,0.0,799,0.7290145985401459,108,0.2259414225941422,36005023502,4276,1313,0.3070626753975678,4490,1549,0.344988864142539,4490,376,0.0837416481069042,16950,0.01695,64660.76696165192,0.9185329981071032
360050237033,360050237033,Block Group 3; Census Tract 237.03; Bronx County; New York,Bronx,821,294,294,1.0,283,161,0.568904593639576,317,0.3861144945188794,21,0.02557856272838,0,0.0,211,0.2570036540803898,0,0.0,589,0.7174177831912302,67,0.227891156462585,36005023703,4946,1948,0.3938536190861302,4959,863,0.1740270215769308,4959,400,0.0806614236741278,20628,0.020628,39800.27147566414,0.7581310067115726
360050237043,360050237043,Block Group 3; Census Tract 237.04; Bronx County; New York,Bronx,1404,497,497,1.0,512,289,0.564453125,318,0.2264957264957265,106,0.0754985754985755,0,0.0,215,0.1531339031339031,0,0.0,1112,0.792022792022792,108,0.2173038229376257,36005023704,3358,1247,0.3713519952352591,3358,528,0.1572364502680166,3358,78,0.0232281119714115,18115,0.018115,77504.83025117306,0.7551986347695869
360050238003,360050238003,Block Group 3; Census Tract 238; Bronx County; New York,Bronx,1054,339,280,0.8259587020648967,564,198,0.351063829787234,255,0.2419354838709677,41,0.0388994307400379,335,0.3178368121442125,132,0.1252371916508539,83,0.0787476280834914,497,0.4715370018975332,34,0.1002949852507374,36005023800,2525,554,0.2194059405940594,2552,357,0.1398902821316614,2552,236,0.0924764890282131,65541,0.065541,16081.536747989809,0.7545244865066676
360050239003,360050239003,Block Group 3; Census Tract 239; Bronx County; New York,Bronx,1159,407,407,1.0,401,308,0.7680798004987531,261,0.2251941328731665,58,0.0500431406384814,0,0.0,136,0.1173425366695427,0,0.0,1023,0.8826574633304572,75,0.1842751842751842,36005023900,8570,3371,0.3933488914819136,8591,1269,0.1477127226166918,8591,1558,0.1813525782795949,32832,0.032832,35300.92592592593,0.7268576919484051
360050023003,360050023003,Block Group 3; Census Tract 23; Bronx County; New York,Bronx,1814,803,803,1.0,413,365,0.8837772397094431,465,0.2563395810363836,257,0.1416758544652701,5,0.0027563395810363,655,0.3610804851157662,0,0.0,1154,0.6361631753031973,210,0.261519302615193,36005002300,4567,2754,0.6030216772498358,4567,1208,0.2645062404204072,4567,403,0.0882417341799868,33231,0.033231,54587.58388251934,0.7619917733975154
360050240003,360050240003,Block Group 3; Census Tract 240; Bronx County; New York,Bronx,1050,343,291,0.8483965014577259,525,298,0.5676190476190476,89,0.0847619047619047,121,0.1152380952380952,50,0.0476190476190476,156,0.1485714285714285,90,0.0857142857142857,682,0.6495238095238095,44,0.1282798833819242,36005024000,3855,725,0.1880674448767834,3834,515,0.1343244653103808,3834,275,0.0717266562336984,80647,0.080647,13019.703150768162,0.7861197527327112
360050241003,360050241003,Block Group 3; Census Tract 241; Bronx County; New York,Bronx,2417,791,791,1.0,822,429,0.5218978102189781,795,0.3289201489449731,512,0.2118328506412908,0,0.0,641,0.2652047993380223,0,0.0,1595,0.6599089780719901,355,0.4487989886219974,36005024100,6067,2451,0.403988791824625,6078,922,0.1516946363935505,6078,650,0.1069430733794011,33746,0.033746,71623.30350263735,0.8674170160865036
360050243003,360050243003,Block Group 3; Census Tract 243; Bronx County; New York,Bronx,1193,641,641,1.0,248,120,0.4838709677419355,235,0.1969823973176865,162,0.1357921207041073,0,0.0,438,0.3671416596814753,0,0.0,654,0.548197820620285,178,0.2776911076443057,36005024300,4133,1190,0.2879264456811033,4134,1032,0.2496371552975326,4134,124,0.0299951620706337,20770,0.02077,57438.61338468945,0.7825183533851683
360050245013,360050245013,Block Group 3; Census Tract 245.01; Bronx County; New York,Bronx,882,261,261,1.0,349,198,0.5673352435530086,228,0.2585034013605442,379,0.4297052154195011,0,0.0,595,0.6746031746031746,0,0.0,287,0.3253968253968254,17,0.0651340996168582,36005024501,4813,1580,0.3282775815499688,4856,1298,0.2672981878088962,4856,1041,0.2143739703459637,22737,0.022737,38791.39728196332,0.7491543634299137
360050245023,360050245023,Block Group 3; Census Tract 245.02; Bronx County; New York,Bronx,1691,448,403,0.8995535714285714,916,420,0.4585152838427948,243,0.1437019515079834,184,0.1088113542282672,0,0.0,126,0.0745121230041395,0,0.0,1565,0.9254878769958604,133,0.296875,36005024502,4225,1014,0.24,4225,627,0.1484023668639053,4225,175,0.0414201183431952,29651,0.029651,57030.11702809349,0.742578301619226
360050248003,360050248003,Block Group 3; Census Tract 248; Bronx County; New York,Bronx,1257,424,301,0.7099056603773585,737,264,0.3582089552238806,270,0.2147971360381861,162,0.1288782816229117,381,0.3031026252983294,18,0.0143198090692124,223,0.1774065234685759,635,0.5051710421638823,102,0.240566037735849,36005024800,3410,517,0.1516129032258064,3397,446,0.1312923167500736,3397,407,0.1198115984692375,84366,0.084366,14899.36704359576,0.9068823173398008
360050251003,360050251003,Block Group 3; Census Tract 251; Bronx County; New York,Bronx,801,206,98,0.4757281553398058,434,253,0.5829493087557603,278,0.3470661672908864,75,0.0936329588014981,0,0.0,346,0.431960049937578,27,0.0337078651685393,403,0.5031210986267166,32,0.1553398058252427,36005025100,6983,2828,0.4049835314334813,6983,1730,0.2477445224115709,6983,813,0.1164256050408134,36083,0.036083,22198.819388631768,0.7863417952302754
360050253003,360050253003,Block Group 3; Census Tract 253; Bronx County; New York,Bronx,1429,445,445,1.0,585,391,0.6683760683760683,352,0.2463261021693492,79,0.0552834149755073,0,0.0,45,0.0314905528341497,29,0.020293911826452,1355,0.9482155353393982,109,0.2449438202247191,36005025300,5477,1828,0.3337593573123973,5503,917,0.1666363801562783,5503,633,0.115028166454661,28121,0.028121,50816.116069841046,0.615003187936636
360050255003,360050255003,Block Group 3; Census Tract 255; Bronx County; New York,Bronx,1341,568,567,0.9982394366197184,641,579,0.9032761310452418,212,0.1580909768829232,218,0.1625652498135719,110,0.0820283370618941,192,0.1431767337807606,1,0.0007457121551081,1038,0.7740492170022372,203,0.3573943661971831,36005025500,6116,1379,0.2254741661216481,6136,1265,0.2061603650586701,6136,411,0.0669817470664928,61825,0.061825,21690.25475131419,0.7146648684218693
360050025003,360050025003,Block Group 3; Census Tract 25; Bronx County; New York,Bronx,581,209,209,1.0,211,191,0.90521327014218,153,0.2633390705679862,91,0.1566265060240964,13,0.0223752151462994,35,0.0602409638554216,0,0.0,533,0.9173838209982788,64,0.3062200956937799,36005002500,5111,2292,0.4484445314028565,5117,975,0.1905413328121946,5117,555,0.1084619894469415,23409,0.023409,24819.513862189757,0.7816715397111679
360050263003,360050263003,Block Group 3; Census Tract 263; Bronx County; New York,Bronx,1349,438,438,1.0,494,366,0.7408906882591093,560,0.4151223128243143,115,0.0852483320978502,0,0.0,18,0.0133432171979243,0,0.0,1331,0.9866567828020756,120,0.273972602739726,36005026300,5743,1357,0.2362876545359568,5743,951,0.1655928956991119,5743,285,0.0496256312032039,31371,0.031371,43001.49819897357,0.6508855735993023
360050264003,360050264003,Block Group 3; Census Tract 264; Bronx County; New York,Bronx,1235,441,275,0.6235827664399093,509,269,0.5284872298624754,300,0.242914979757085,217,0.1757085020242915,447,0.3619433198380566,0,0.0,113,0.091497975708502,640,0.5182186234817814,57,0.1292517006802721,36005026400,5790,724,0.1250431778929188,5870,399,0.0679727427597955,5870,187,0.0318568994889267,116503,0.116503,10600.585392650832,0.6427449179579209
360050265003,360050265003,Block Group 3; Census Tract 265; Bronx County; New York,Bronx,2865,737,737,1.0,1246,685,0.5497592295345104,1028,0.3588132635253054,138,0.0481675392670157,0,0.0,89,0.0310645724258289,0,0.0,2776,0.9689354275741712,203,0.2754409769335142,36005026500,6803,1031,0.1515507864177568,6815,642,0.0942039618488628,6815,752,0.1103448275862069,29665,0.029665,96578.45946401484,0.6152996481105332
360050266013,360050266013,Block Group 3; Census Tract 266.01; Bronx County; New York,Bronx,467,178,101,0.5674157303370787,222,44,0.1981981981981982,80,0.171306209850107,48,0.1027837259100642,305,0.6531049250535332,0,0.0,0,0.0,162,0.3468950749464668,0,0.0,36005026601,3214,988,0.3074051026757934,3214,429,0.1334785314250155,3214,325,0.1011200995644057,59825,0.059825,7806.101128290848,0.8268378497443951
360050266023,360050266023,Block Group 3; Census Tract 266.02; Bronx County; New York,Bronx,1148,379,250,0.6596306068601583,301,81,0.2691029900332226,363,0.3162020905923345,331,0.2883275261324042,256,0.2229965156794425,100,0.0871080139372822,570,0.4965156794425087,222,0.1933797909407665,30,0.079155672823219,36005026602,5900,1002,0.1698305084745762,5900,1137,0.1927118644067796,5900,320,0.0542372881355932,107852,0.107852,10644.216148054742,0.7786851565559859
360050267013,360050267013,Block Group 3; Census Tract 267.01; Bronx County; New York,Bronx,873,339,339,1.0,500,315,0.63,222,0.2542955326460481,76,0.0870561282932416,0,0.0,131,0.1500572737686139,5,0.0057273768613974,735,0.8419243986254296,96,0.2831858407079646,36005026701,3591,1043,0.290448343079922,3591,430,0.1197438039543302,3591,265,0.0737956001113895,19287,0.019287,45263.649090060666,0.8191304735474274
360050267023,360050267023,Block Group 3; Census Tract 267.02; Bronx County; New York,Bronx,692,313,313,1.0,250,181,0.724,164,0.2369942196531791,113,0.1632947976878612,48,0.0693641618497109,161,0.2326589595375722,0,0.0,459,0.6632947976878613,78,0.2492012779552715,36005026702,6827,1379,0.2019920902299692,6817,1045,0.153293237494499,6817,692,0.1015109285609505,33790,0.03379,20479.43178455164,0.6074583012597246
360050269003,360050269003,Block Group 3; Census Tract 269; Bronx County; New York,Bronx,722,339,339,1.0,327,143,0.437308868501529,137,0.1897506925207756,87,0.1204986149584487,8,0.0110803324099723,16,0.0221606648199446,0,0.0,676,0.9362880886426592,131,0.3864306784660767,36005026900,3991,1506,0.3773490353294914,4040,897,0.222029702970297,4040,102,0.0252475247524752,21366,0.021366,33792.00599082655,0.7215316996834371
360050027023,360050027023,Block Group 3; Census Tract 27.02; Bronx County; New York,Bronx,931,485,461,0.9505154639175256,283,200,0.7067137809187279,173,0.1858216970998926,263,0.2824919441460795,0,0.0,192,0.2062298603651987,0,0.0,715,0.7679914070891515,161,0.3319587628865979,36005002702,4788,2206,0.460735171261487,4798,997,0.2077949145477282,4798,756,0.1575656523551479,46205,0.046205,20149.334487609565,0.690182052860474
360050273003,360050273003,Block Group 3; Census Tract 273; Bronx County; New York,Bronx,3257,1345,1320,0.9814126394052044,1676,1174,0.7004773269689738,631,0.1937365673933067,292,0.0896530549585508,33,0.0101320233343567,809,0.2483880871968068,6,0.0018421860607921,2409,0.7396377034080442,212,0.1576208178438661,36005027300,6218,1662,0.2672885172081055,6218,558,0.0897394660662592,6218,554,0.0890961724027018,44491,0.044491,73205.81690679013,0.5658570557128383
360050274013,360050274013,Block Group 3; Census Tract 274.01; Bronx County; New York,Bronx,2178,826,155,0.1876513317191283,1188,340,0.2861952861952861,429,0.1969696969696969,325,0.1492194674012855,1221,0.5606060606060606,188,0.086317722681359,229,0.1051423324150596,522,0.2396694214876033,114,0.1380145278450363,36005027401,4973,457,0.0918962396943494,4973,839,0.1687110396139151,4973,213,0.042831288960386,266331,0.266331,8177.793797943162,0.5964807256945422
360050274023,360050274023,Block Group 3; Census Tract 274.02; Bronx County; New York,Bronx,1285,514,221,0.4299610894941634,807,227,0.2812887236679058,196,0.1525291828793774,221,0.1719844357976653,488,0.3797665369649805,0,0.0,26,0.0202334630350194,348,0.2708171206225681,55,0.1070038910505836,36005027402,3336,243,0.072841726618705,3308,418,0.1263603385731559,3308,52,0.0157194679564691,179874,0.179874,7143.889611617021,0.5988532896904963
360050277003,360050277003,Block Group 3; Census Tract 277; Bronx County; New York,Bronx,655,178,173,0.9719101123595506,222,123,0.5540540540540541,260,0.3969465648854962,32,0.048854961832061,8,0.0122137404580152,0,0.0,63,0.0961832061068702,584,0.8916030534351145,44,0.247191011235955,36005027700,4474,1362,0.3044255699597675,4474,787,0.1759052302190433,4474,320,0.0715243629861421,34628,0.034628,18915.32863578607,0.8047245274085562
360050279003,360050279003,Block Group 3; Census Tract 279; Bronx County; New York,Bronx,2652,752,740,0.9840425531914894,1129,718,0.6359610274579274,804,0.3031674208144796,498,0.1877828054298642,420,0.1583710407239819,1137,0.4287330316742081,0,0.0,1087,0.4098793363499246,0,0.0,36005027900,8037,1379,0.1715814358591514,8003,1313,0.1640634761964263,8003,540,0.0674746969886292,48862,0.048862,54275.305963734594,0.7779455148007987
360050281003,360050281003,Block Group 3; Census Tract 281; Bronx County; New York,Bronx,1552,747,517,0.6921017402945113,511,273,0.5342465753424658,114,0.0734536082474226,829,0.5341494845360825,437,0.2815721649484536,166,0.1069587628865979,1,0.0006443298969072,919,0.592139175257732,121,0.1619812583668005,36005028100,3357,183,0.0545129579982126,3357,549,0.163538873994638,3357,131,0.0390229371462615,61810,0.06181,25109.205630156936,0.8622415878372748
360050285003,360050285003,Block Group 3; Census Tract 285; Bronx County; New York,Bronx,472,224,224,1.0,281,186,0.6619217081850534,85,0.1800847457627118,24,0.0508474576271186,65,0.1377118644067796,0,0.0,5,0.010593220338983,372,0.788135593220339,33,0.1473214285714285,36005028500,3414,353,0.1033977738722905,3422,586,0.1712448860315605,3422,111,0.032437171244886,88863,0.088863,5311.546988060272,0.7573465668580478
360050287003,360050287003,Block Group 3; Census Tract 287; Bronx County; New York,Bronx,1520,542,542,1.0,634,381,0.6009463722397477,299,0.1967105263157894,137,0.0901315789473684,78,0.0513157894736842,42,0.0276315789473684,25,0.0164473684210526,1345,0.8848684210526315,40,0.07380073800738,36005028700,3529,311,0.0881269481439501,3530,427,0.1209631728045325,3530,436,0.1235127478753541,28216,0.028216,53870.14459880918,0.8059603603213982
360050288003,360050288003,Block Group 3; Census Tract 288; Bronx County; New York,Bronx,291,129,119,0.9224806201550388,138,40,0.2898550724637681,35,0.120274914089347,36,0.1237113402061855,164,0.563573883161512,0,0.0,60,0.2061855670103092,67,0.2302405498281786,64,0.4961240310077519,36005028800,2589,238,0.0919273850907686,2589,297,0.1147161066048667,2589,123,0.0475086906141367,29015,0.029015,10029.295192141995,0.912466550595467
360050289003,360050289003,Block Group 3; Census Tract 289; Bronx County; New York,Bronx,1761,629,310,0.492845786963434,794,334,0.4206549118387909,332,0.1885292447473026,499,0.2833617262918796,585,0.3321976149914821,166,0.0942646223736513,317,0.1800113571834185,693,0.393526405451448,68,0.1081081081081081,36005028900,4314,804,0.1863699582753824,4314,448,0.1038479369494668,4314,424,0.0982846546128882,114070,0.11407,15437.889015516786,0.795006617138435
360050028003,360050028003,Block Group 3; Census Tract 28; Bronx County; New York,Bronx,1284,592,592,1.0,469,102,0.2174840085287846,362,0.2819314641744548,126,0.0981308411214953,0,0.0,343,0.2671339563862928,0,0.0,941,0.7328660436137072,0,0.0,36005002800,5462,449,0.0822043207616257,5462,1376,0.2519223727572318,5462,235,0.0430245331380446,38424,0.038424,33416.61461586508,0.5315694278433373
360050293023,360050293023,Block Group 3; Census Tract 293.02; Bronx County; New York,Bronx,1462,807,659,0.8166047087980174,593,335,0.5649241146711635,316,0.2161422708618331,455,0.3112175102599179,825,0.5642954856361149,289,0.1976744186046511,132,0.0902872777017783,45,0.0307797537619699,44,0.0545229244114002,36005029302,5319,94,0.0176724948298552,5319,759,0.1426959954878736,5319,94,0.0176724948298552,53612,0.053612,27270.014175930763,0.6973339524111635
360050295003,360050295003,Block Group 3; Census Tract 295; Bronx County; New York,Bronx,1465,507,292,0.5759368836291914,722,162,0.224376731301939,471,0.3215017064846416,246,0.1679180887372013,517,0.352901023890785,20,0.0136518771331058,14,0.009556313993174,861,0.5877133105802048,21,0.0414201183431952,36005029500,4582,740,0.1615015277171541,4582,589,0.1285464862505456,4582,37,0.0080750763858577,40584,0.040584,36097.969643209144,0.7934279961287407
360050297003,360050297003,Block Group 3; Census Tract 297; Bronx County; New York,Bronx,1144,467,264,0.5653104925053534,451,166,0.368070953436807,228,0.1993006993006993,351,0.3068181818181818,447,0.3907342657342657,112,0.0979020979020979,35,0.0305944055944055,424,0.3706293706293706,14,0.0299785867237687,36005029700,3926,133,0.0338767193071828,3926,824,0.2098828323993886,3926,48,0.0122261844116148,51126,0.051126,22376.090443218716,0.6809973048260438
360050002003,360050002003,Block Group 3; Census Tract 2; Bronx County; New York,Bronx,1136,358,94,0.2625698324022346,450,162,0.36,178,0.1566901408450704,243,0.2139084507042253,0,0.0,0,0.0,250,0.2200704225352112,833,0.733274647887324,145,0.4050279329608938,36005000200,5061,652,0.1288282948033985,5061,702,0.1387077652637818,5061,287,0.0567081604426002,163616,0.163616,6943.086250733424,0.3578883686013909
360050300003,360050300003,Block Group 3; Census Tract 300; Bronx County; New York,Bronx,836,415,353,0.8506024096385543,487,202,0.4147843942505133,156,0.1866028708133971,104,0.124401913875598,362,0.4330143540669856,62,0.0741626794258373,123,0.1471291866028708,206,0.2464114832535885,0,0.0,36005030000,6860,625,0.0911078717201166,6920,604,0.0872832369942196,6920,295,0.0426300578034682,37828,0.037828,22100.03172253357,0.6384570562932096
360050302013,360050302013,Block Group 3; Census Tract 302.01; Bronx County; New York,Bronx,1259,590,431,0.7305084745762712,594,409,0.6885521885521886,216,0.1715647339158062,371,0.2946783161239079,29,0.023034154090548,1079,0.8570293884034949,0,0.0,116,0.0921366163621922,41,0.0694915254237288,36005030201,3681,377,0.1024178212442271,3681,581,0.1578375441456126,3681,215,0.0584080412931268,51874,0.051874,24270.34738019046,0.5305900737874931
360050302023,360050302023,Block Group 3; Census Tract 302.02; Bronx County; New York,Bronx,3545,1550,1347,0.8690322580645161,1523,576,0.3782009192383453,952,0.2685472496473907,568,0.1602256699576869,28,0.0078984485190409,3126,0.8818053596614951,0,0.0,377,0.1063469675599435,97,0.0625806451612903,36005030202,6160,513,0.0832792207792207,6160,749,0.1215909090909091,6160,174,0.0282467532467532,109837,0.109837,32275.098555131695,0.5280762419370096
360050307013,360050307013,Block Group 3; Census Tract 307.01; Bronx County; New York,Bronx,1591,584,197,0.3373287671232877,460,180,0.391304347826087,667,0.4192331866750471,345,0.2168447517284726,1250,0.7856693903205532,14,0.0087994971715901,0,0.0,288,0.1810182275298554,0,0.0,36005030701,5743,239,0.041615880201985,5743,837,0.1457426432178304,5743,293,0.0510186313773289,37125,0.037125,42855.21885521886,0.631874306392908
360050309003,360050309003,Block Group 3; Census Tract 309; Bronx County; New York,Bronx,1144,623,377,0.6051364365971108,450,65,0.1444444444444444,244,0.2132867132867132,484,0.4230769230769231,937,0.8190559440559441,32,0.0279720279720279,33,0.0288461538461538,131,0.1145104895104895,0,0.0,36005030900,2946,92,0.0312287847929395,3072,533,0.1735026041666666,3072,27,0.0087890625,61574,0.061574,18579.270471302825,0.5063291863226463
360050310003,360050310003,Block Group 3; Census Tract 310; Bronx County; New York,Bronx,1675,486,210,0.4320987654320987,863,223,0.2584009269988412,384,0.2292537313432835,234,0.1397014925373134,509,0.3038805970149253,212,0.1265671641791045,146,0.0871641791044776,780,0.4656716417910447,0,0.0,36005031000,3721,156,0.0419242139209889,3721,309,0.083042192958882,3721,8,0.0021499596882558,177849,0.177849,9418.101872937154,0.8104250316387942
360050323003,360050323003,Block Group 3; Census Tract 323; Bronx County; New York,Bronx,422,278,125,0.4496402877697841,277,119,0.4296028880866426,0,0.0,187,0.4431279620853081,231,0.54739336492891,88,0.2085308056872037,0,0.0,103,0.2440758293838862,29,0.1043165467625899,36005032300,4923,175,0.0355474304286004,4923,767,0.1557993093642088,4923,64,0.0130002031281738,20291,0.020291,20797.397861120695,0.5111108177923387
360050326003,360050326003,Block Group 3; Census Tract 326; Bronx County; New York,Bronx,530,166,68,0.4096385542168674,258,110,0.4263565891472868,99,0.1867924528301886,89,0.1679245283018867,280,0.5283018867924528,11,0.020754716981132,38,0.0716981132075471,100,0.1886792452830188,9,0.0542168674698795,36005032600,3388,526,0.1552538370720189,3388,431,0.1272136953955135,3388,160,0.0472255017709563,75737,0.075737,6997.900629811057,0.7268928784036724
360050328003,360050328003,Block Group 3; Census Tract 328; Bronx County; New York,Bronx,1075,268,214,0.7985074626865671,539,199,0.3692022263450835,233,0.2167441860465116,70,0.0651162790697674,0,0.0,261,0.2427906976744186,229,0.2130232558139534,585,0.5441860465116279,0,0.0,36005032800,4110,773,0.1880778588807785,4132,613,0.1483543078412391,4132,301,0.0728460793804453,44156,0.044156,24345.502309991847,0.8786860320880696
360050330003,360050330003,Block Group 3; Census Tract 330; Bronx County; New York,Bronx,1745,522,489,0.9367816091954024,725,281,0.3875862068965517,618,0.3541547277936963,185,0.1060171919770773,901,0.5163323782234956,491,0.2813753581661891,0,0.0,353,0.2022922636103152,78,0.1494252873563218,36005033000,5194,1244,0.2395071236041586,5194,753,0.1449749711205236,5194,161,0.0309973045822102,48471,0.048471,36000.90775927874,0.8918594919474461
360050332013,360050332013,Block Group 3; Census Tract 332.01; Bronx County; New York,Bronx,778,533,473,0.8874296435272045,178,56,0.3146067415730337,54,0.0694087403598971,512,0.6580976863753213,433,0.5565552699228792,17,0.0218508997429305,11,0.0141388174807197,308,0.3958868894601542,285,0.5347091932457786,36005033201,4046,1133,0.2800296589223925,4046,996,0.2461690558576371,4046,199,0.0491843796342066,47473,0.047473,16388.262802013774,0.8921861802555375
360050332023,360050332023,Block Group 3; Census Tract 332.02; Bronx County; New York,Bronx,299,194,194,1.0,86,86,1.0,93,0.3110367892976589,19,0.0635451505016722,0,0.0,0,0.0,31,0.1036789297658862,268,0.8963210702341137,39,0.2010309278350515,36005033202,3182,806,0.2532998114393463,3182,508,0.1596480201131364,3182,70,0.0219987429289754,19504,0.019504,15330.188679245282,0.6334792959642284
360050335003,360050335003,Block Group 3; Census Tract 335; Bronx County; New York,Bronx,1335,510,384,0.7529411764705882,636,159,0.25,172,0.1288389513108614,176,0.1318352059925093,552,0.4134831460674157,211,0.1580524344569288,19,0.0142322097378277,515,0.3857677902621723,46,0.0901960784313725,36005033500,1761,237,0.1345826235093696,2122,165,0.0777568331762488,2122,62,0.0292177191328934,23313,0.023313,57264.18736327371,0.7382770753152741
360050336013,360050336013,Block Group 3; Census Tract 336.01; Bronx County; New York,Bronx,437,263,263,1.0,196,110,0.5612244897959183,15,0.034324942791762,75,0.17162471395881,45,0.102974828375286,213,0.4874141876430206,0,0.0,179,0.4096109839816934,38,0.1444866920152091,36005033601,4403,2005,0.4553713377242789,4414,967,0.2190756683280471,4414,427,0.0967376529225192,15675,0.015675,27878.787878787876,0.6849592121226432
360050337003,360050337003,Block Group 3; Census Tract 337; Bronx County; New York,Bronx,1211,420,125,0.2976190476190476,498,38,0.0763052208835341,333,0.2749793559042114,351,0.2898431048720066,693,0.5722543352601156,7,0.0057803468208092,169,0.1395540875309661,301,0.2485549132947976,0,0.0,36005033700,3143,158,0.0502704422526248,3193,517,0.1619166927654243,3193,57,0.0178515502662073,284262,0.284262,4260.154364635442,0.7105201090796559
360050033003,360050033003,Block Group 3; Census Tract 33; Bronx County; New York,Bronx,1808,531,471,0.8870056497175142,542,347,0.6402214022140221,567,0.3136061946902654,230,0.1272123893805309,0,0.0,431,0.2383849557522123,0,0.0,1377,0.7616150442477876,262,0.4934086629001883,36005003300,3577,1547,0.4324853228962818,3577,607,0.1696952753704221,3577,108,0.0301928990774391,39307,0.039307,45996.89622713511,0.7321479930911591
360050340003,360050340003,Block Group 3; Census Tract 340; Bronx County; New York,Bronx,922,337,309,0.9169139465875372,345,165,0.4782608695652174,255,0.2765726681127983,88,0.0954446854663774,64,0.0694143167028199,157,0.1702819956616052,62,0.0672451193058568,525,0.56941431670282,131,0.3887240356083086,36005034000,4978,984,0.1976697468862997,5004,415,0.0829336530775379,5004,720,0.1438848920863309,20518,0.020518,44936.15362121064,0.6739883717125669
360050345003,360050345003,Block Group 3; Census Tract 345; Bronx County; New York,Bronx,943,379,143,0.3773087071240105,459,38,0.0827886710239651,232,0.2460233297985153,81,0.0858960763520678,608,0.6447507953340403,19,0.0201484623541887,0,0.0,294,0.3117709437963945,28,0.0738786279683377,36005034500,3950,399,0.1010126582278481,3950,565,0.1430379746835443,3950,168,0.0425316455696202,38833,0.038833,24283.47024437978,0.4612534482214098
360050348003,360050348003,Block Group 3; Census Tract 348; Bronx County; New York,Bronx,1181,301,54,0.1794019933554817,578,169,0.2923875432525951,261,0.2209991532599492,290,0.2455546147332769,56,0.0474174428450465,709,0.6003386960203217,177,0.1498729889923793,239,0.2023708721422523,60,0.1993355481727574,36005034800,6046,1143,0.1890506119748594,6046,632,0.1045319219318557,6046,144,0.0238173999338405,113507,0.113507,10404.644647466675,0.6584666971816725
360050351003,360050351003,Block Group 3; Census Tract 351; Bronx County; New York,Bronx,1183,440,297,0.675,629,286,0.4546899841017488,352,0.2975486052409129,209,0.176669484361792,500,0.4226542688081149,53,0.0448013524936601,67,0.0566356720202874,450,0.3803888419273035,66,0.15,36005035100,2707,198,0.0731437015145918,3461,422,0.1219300780121352,3461,90,0.0260040450736781,304510,0.30451,3884.929887360021,0.5387745351471961
360050358003,360050358003,Block Group 3; Census Tract 358; Bronx County; New York,Bronx,584,299,194,0.6488294314381271,395,188,0.4759493670886076,23,0.0393835616438356,144,0.2465753424657534,0,0.0,493,0.8441780821917808,0,0.0,91,0.1558219178082192,0,0.0,36005035800,6673,619,0.0927618762175932,6673,688,0.1031020530496028,6673,214,0.0320695339427543,83512,0.083512,6993.006993006993,0.8558122403684978
360050035003,360050035003,Block Group 3; Census Tract 35; Bronx County; New York,Bronx,1645,664,642,0.966867469879518,419,147,0.350835322195704,507,0.3082066869300912,189,0.1148936170212766,71,0.043161094224924,230,0.1398176291793313,0,0.0,1344,0.8170212765957446,129,0.1942771084337349,36005003500,3481,780,0.2240735420856076,3481,980,0.2815282964665326,3481,235,0.0675093363975869,40224,0.040224,40895.98249801114,0.901174571964676
360050360003,360050360003,Block Group 3; Census Tract 360; Bronx County; New York,Bronx,698,237,72,0.3037974683544304,270,53,0.1962962962962963,68,0.0974212034383954,306,0.4383954154727794,67,0.0959885386819484,223,0.3194842406876791,27,0.0386819484240687,377,0.5401146131805158,25,0.1054852320675105,36005036000,2571,480,0.1866977829638273,2606,293,0.112432847275518,2606,171,0.065617805065234,116203,0.116203,6006.7296025059595,0.8111801536779271
360050361003,360050361003,Block Group 3; Census Tract 361; Bronx County; New York,Bronx,1105,396,396,1.0,217,200,0.9216589861751152,521,0.4714932126696832,103,0.0932126696832579,4,0.0036199095022624,16,0.0144796380090497,0,0.0,1033,0.934841628959276,62,0.1565656565656565,36005036100,4678,2287,0.4888841385207353,4679,1166,0.2491985466980124,4679,139,0.0297072023936738,52537,0.052537,21032.795934293925,0.7793122255649076
360050363003,360050363003,Block Group 3; Census Tract 363; Bronx County; New York,Bronx,398,140,140,1.0,90,36,0.4,153,0.3844221105527638,0,0.0,25,0.0628140703517587,168,0.4221105527638191,0,0.0,205,0.5150753768844221,0,0.0,36005036300,6714,2729,0.4064641048555257,6718,1478,0.2200059541530217,6718,348,0.0518011312890741,37299,0.037299,10670.527359982842,0.8266115983571363
360050364003,360050364003,Block Group 3; Census Tract 364; Bronx County; New York,Bronx,641,198,62,0.3131313131313131,323,100,0.3095975232198142,112,0.1747269890795632,114,0.1778471138845553,9,0.0140405616224648,565,0.8814352574102964,0,0.0,6,0.0093603744149766,0,0.0,36005036400,2304,225,0.09765625,2304,383,0.1662326388888889,2304,222,0.0963541666666666,75573,0.075573,8481.865216413269,0.596312637441229
360050365013,360050365013,Block Group 3; Census Tract 365.01; Bronx County; New York,Bronx,799,306,263,0.8594771241830066,199,77,0.3869346733668342,246,0.3078848560700876,55,0.0688360450563204,0,0.0,248,0.3103879849812265,0,0.0,551,0.6896120150187734,37,0.1209150326797385,36005036501,4287,1051,0.245159785397714,4287,837,0.1952414275717285,4287,297,0.0692792162351294,33542,0.033542,23820.88128316737,0.7307375036881325
360050370003,360050370003,Block Group 3; Census Tract 370; Bronx County; New York,Bronx,750,258,187,0.7248062015503876,286,174,0.6083916083916084,173,0.2306666666666666,53,0.0706666666666666,0,0.0,476,0.6346666666666667,103,0.1373333333333333,45,0.06,57,0.2209302325581395,36005037000,2362,395,0.1672311600338696,2362,326,0.1380186282811177,2362,308,0.130397967823878,54691,0.054691,13713.40805617012,0.7710102941400767
360050371003,360050371003,Block Group 3; Census Tract 371; Bronx County; New York,Bronx,953,565,565,1.0,216,142,0.6574074074074074,249,0.2612801678908709,409,0.4291710388247639,0,0.0,229,0.2402938090241343,0,0.0,707,0.7418677859391396,233,0.4123893805309734,36005037100,4202,1011,0.2405997144217039,4218,1149,0.2724039829302987,4218,249,0.0590327169274537,37882,0.037882,25157.066680745473,0.8242173566618269
360050373003,360050373003,Block Group 3; Census Tract 373; Bronx County; New York,Bronx,1675,666,666,1.0,601,462,0.7687188019966722,299,0.1785074626865671,323,0.1928358208955224,12,0.0071641791044776,216,0.128955223880597,0,0.0,1421,0.8483582089552238,210,0.3153153153153153,36005037300,6185,1415,0.2287793047696038,6197,2260,0.3646925931902533,6197,220,0.0355010488946264,42956,0.042956,38993.38858366701,0.844601924855821
360050374003,360050374003,Block Group 3; Census Tract 374; Bronx County; New York,Bronx,519,234,234,1.0,213,203,0.9530516431924884,107,0.2061657032755298,56,0.1078998073217726,0,0.0,171,0.3294797687861271,0,0.0,348,0.6705202312138728,38,0.1623931623931624,36005037400,3602,1169,0.3245419211549139,3633,673,0.1852463528764106,3633,161,0.0443159922928709,20222,0.020222,25665.1171990901,0.8267298551012467
360050375043,360050375043,Block Group 3; Census Tract 375.04; Bronx County; New York,Bronx,1684,738,727,0.9850948509485096,864,283,0.3275462962962963,424,0.2517814726840855,201,0.1193586698337292,0,0.0,336,0.1995249406175772,0,0.0,1284,0.7624703087885986,267,0.3617886178861789,36005037504,3831,1240,0.323675280605586,3831,703,0.1835030018271991,3831,204,0.0532498042286609,58465,0.058465,28803.557684084495,0.893692509257151
360050378003,360050378003,Block Group 3; Census Tract 378; Bronx County; New York,Bronx,856,275,275,1.0,301,201,0.6677740863787376,166,0.1939252336448598,94,0.1098130841121495,10,0.0116822429906542,428,0.5,0,0.0,379,0.4427570093457944,22,0.08,36005037800,3481,791,0.2272335535765584,3503,638,0.1821296031972595,3503,408,0.1164715957750499,42056,0.042056,20353.81396233593,0.8337237918690839
360050379003,360050379003,Block Group 3; Census Tract 379; Bronx County; New York,Bronx,414,149,149,1.0,221,173,0.7828054298642534,37,0.0893719806763285,125,0.3019323671497584,0,0.0,231,0.5579710144927537,0,0.0,183,0.4420289855072464,123,0.825503355704698,36005037900,6293,1922,0.3054187192118227,6961,1757,0.2524062634678925,6961,305,0.0438155437437149,20322,0.020322,20372.010628875112,0.8597632353871232
360050380003,360050380003,Block Group 3; Census Tract 380; Bronx County; New York,Bronx,698,412,319,0.7742718446601942,275,160,0.5818181818181818,171,0.2449856733524355,48,0.0687679083094555,0,0.0,368,0.5272206303724928,0,0.0,233,0.333810888252149,0,0.0,36005038000,4925,2213,0.4493401015228426,4925,692,0.1405076142131979,4925,185,0.0375634517766497,48970,0.04897,14253.624668164182,0.8534810481085201
360050381003,360050381003,Block Group 3; Census Tract 381; Bronx County; New York,Bronx,636,178,178,1.0,255,226,0.8862745098039215,318,0.5,63,0.0990566037735849,0,0.0,208,0.3270440251572327,0,0.0,428,0.6729559748427673,63,0.3539325842696629,36005038100,6523,2154,0.3302161582094128,6543,1032,0.1577258138468592,6543,591,0.0903255387436955,12614,0.012614,50420.16806722689,0.8520008059241533
360050383013,360050383013,Block Group 3; Census Tract 383.01; Bronx County; New York,Bronx,1744,622,604,0.9710610932475884,650,472,0.7261538461538461,569,0.3262614678899082,116,0.0665137614678899,28,0.0160550458715596,715,0.4099770642201835,21,0.0120412844036697,980,0.5619266055045872,74,0.1189710610932476,36005038301,4525,1671,0.3692817679558011,4553,565,0.1240940039534373,4553,728,0.1598945750054909,34539,0.034539,50493.644865224815,0.8408374931899711
360050385003,360050385003,Block Group 3; Census Tract 385; Bronx County; New York,Bronx,1465,435,435,1.0,183,122,0.6666666666666666,693,0.473037542662116,109,0.0744027303754266,0,0.0,333,0.2273037542662116,9,0.0061433447098976,1119,0.7638225255972696,132,0.3034482758620689,36005038500,5197,3759,0.7233019049451607,5218,1275,0.2443464929091606,5218,157,0.0300881563817554,33983,0.033983,43109.79018921225,0.9661091285126888
360050386003,360050386003,Block Group 3; Census Tract 386; Bronx County; New York,Bronx,985,390,390,1.0,348,136,0.3908045977011494,188,0.1908629441624365,96,0.0974619289340101,0,0.0,901,0.9147208121827411,0,0.0,84,0.0852791878172588,0,0.0,36005038600,7985,1631,0.204257983719474,8012,1044,0.1303045431852221,8012,524,0.0654018971542686,24469,0.024469,40255.016551555025,0.5654043375303719
360050387003,360050387003,Block Group 3; Census Tract 387; Bronx County; New York,Bronx,1004,442,442,1.0,366,293,0.8005464480874317,164,0.1633466135458167,180,0.1792828685258964,180,0.1792828685258964,98,0.097609561752988,70,0.0697211155378486,625,0.6225099601593626,226,0.5113122171945701,36005038700,3610,1054,0.2919667590027701,3610,631,0.174792243767313,3610,799,0.2213296398891966,36263,0.036263,27686.622728400853,0.8128820171762583
360050389003,360050389003,Block Group 3; Census Tract 389; Bronx County; New York,Bronx,845,466,466,1.0,533,81,0.1519699812382739,0,0.0,0,0.0,380,0.4497041420118343,21,0.0248520710059171,0,0.0,367,0.4343195266272189,36,0.0772532188841201,36005038900,5221,1810,0.3466768818234055,5412,505,0.0933111603843311,5412,906,0.1674057649667406,59308,0.059308,14247.656302691035,0.8230610544997994
360050391003,360050391003,Block Group 3; Census Tract 391; Bronx County; New York,Bronx,1284,405,405,1.0,604,134,0.2218543046357615,527,0.4104361370716511,0,0.0,0,0.0,0,0.0,0,0.0,1284,1.0,127,0.3135802469135803,36005039100,6048,2033,0.3361441798941799,6071,1192,0.1963432712897381,6071,820,0.1350683577664305,32394,0.032394,39636.969809223934,0.841390137593279
360050393003,360050393003,Block Group 3; Census Tract 393; Bronx County; New York,Bronx,925,302,302,1.0,270,245,0.9074074074074074,325,0.3513513513513513,64,0.0691891891891891,145,0.1567567567567567,92,0.0994594594594594,0,0.0,621,0.6713513513513514,165,0.5463576158940397,36005039300,8776,3306,0.3767092069279854,8847,1510,0.170679326325308,8847,368,0.0415960212501412,13713,0.013713,67454.2405017137,0.8004145758476265
360050394003,360050394003,Block Group 3; Census Tract 394; Bronx County; New York,Bronx,1237,500,419,0.838,662,448,0.676737160120846,87,0.0703314470493128,282,0.2279708973322554,69,0.0557801131770412,825,0.6669361358124495,62,0.0501212611156022,281,0.227162489894907,83,0.166,36005039400,4020,1149,0.285820895522388,4119,502,0.1218742413207089,4119,525,0.1274581209031318,20302,0.020302,60929.95763964141,0.8463364621090527
360050395003,360050395003,Block Group 3; Census Tract 395; Bronx County; New York,Bronx,1041,451,439,0.9733924611973392,245,118,0.4816326530612245,296,0.2843419788664745,187,0.1796349663784822,0,0.0,134,0.1287223823246878,7,0.0067243035542747,900,0.8645533141210374,167,0.3702882483370288,36005039500,4389,1820,0.4146730462519936,4372,1738,0.3975297346752058,4372,284,0.0649588289112534,81601,0.081601,12757.196602982804,0.8884456557954947
360050396003,360050396003,Block Group 3; Census Tract 396; Bronx County; New York,Bronx,1480,569,497,0.8734622144112478,668,415,0.6212574850299402,329,0.2222972972972973,118,0.0797297297297297,231,0.156081081081081,661,0.4466216216216216,42,0.0283783783783783,509,0.3439189189189189,13,0.0228471001757469,36005039600,3760,989,0.263031914893617,3760,666,0.177127659574468,3760,379,0.1007978723404255,66775,0.066775,22163.983526769,0.8349749995821424
360050398003,360050398003,Block Group 3; Census Tract 398; Bronx County; New York,Bronx,738,242,118,0.4876033057851239,236,53,0.2245762711864407,216,0.2926829268292683,190,0.2574525745257452,0,0.0,654,0.8861788617886179,0,0.0,17,0.0230352303523035,17,0.0702479338842975,36005039800,3514,1675,0.4766647694934547,3540,651,0.1838983050847457,3540,65,0.0183615819209039,41707,0.041707,17694.871364519146,0.7709280259261501
360050399013,360050399013,Block Group 3; Census Tract 399.01; Bronx County; New York,Bronx,1229,317,317,1.0,438,214,0.4885844748858447,314,0.2554922701383238,117,0.0951993490642799,0,0.0,65,0.0528885272579332,7,0.0056956875508543,1111,0.903986981285598,152,0.4794952681388013,36005039901,4854,987,0.2033374536464771,4808,459,0.0954658901830282,4808,547,0.1137687188019966,27081,0.027081,45382.3714043056,0.7207503383574531
360050399023,360050399023,Block Group 3; Census Tract 399.02; Bronx County; New York,Bronx,1697,553,553,1.0,555,372,0.6702702702702703,538,0.3170300530347672,131,0.0771950500883912,0,0.0,284,0.1673541543901001,24,0.0141426045963464,1132,0.6670595167943429,152,0.2748643761301989,36005039902,4706,1122,0.2384190395240119,4719,569,0.120576393303666,4719,822,0.1741894469167196,25729,0.025729,65956.70255353881,0.7739669660945809
360050039003,360050039003,Block Group 3; Census Tract 39; Bronx County; New York,Bronx,784,413,389,0.9418886198547216,180,155,0.8611111111111112,43,0.0548469387755102,282,0.3596938775510204,188,0.2397959183673469,73,0.0931122448979591,12,0.0153061224489795,445,0.5676020408163265,135,0.3268765133171913,36005003900,5567,2065,0.3709358721034668,5581,1159,0.2076688765454219,5581,488,0.0874395269664934,36604,0.036604,21418.42421593269,0.8717833317023373
360050401003,360050401003,Block Group 3; Census Tract 401; Bronx County; New York,Bronx,443,315,315,1.0,172,144,0.8372093023255814,39,0.0880361173814898,202,0.455981941309255,161,0.3634311512415349,96,0.2167042889390519,0,0.0,186,0.4198645598194131,72,0.2285714285714285,36005040100,4566,2040,0.4467805519053876,4622,1135,0.2455646906101254,4622,485,0.1049329294677628,25569,0.025569,17325.667800852592,0.7615822759048888
360050403023,360050403023,Block Group 3; Census Tract 403.02; Bronx County; New York,Bronx,1698,523,523,1.0,544,351,0.6452205882352942,515,0.3032979976442874,252,0.1484098939929328,0,0.0,216,0.127208480565371,0,0.0,1482,0.872791519434629,299,0.5717017208413002,36005040302,3968,1755,0.4422883064516129,3984,701,0.1759538152610441,3984,185,0.0464357429718875,11707,0.011707,145041.4282053472,0.824685755998345
360050403033,360050403033,Block Group 3; Census Tract 403.03; Bronx County; New York,Bronx,1432,619,610,0.9854604200323102,669,489,0.7309417040358744,329,0.2297486033519553,158,0.1103351955307262,28,0.0195530726256983,161,0.1124301675977653,18,0.0125698324022346,1225,0.8554469273743017,140,0.2261712439418416,36005040303,3980,1225,0.307788944723618,3999,585,0.1462865716429107,3999,378,0.0945236309077269,25264,0.025264,56681.44395186827,0.7743765094144849
360050403043,360050403043,Block Group 3; Census Tract 403.04; Bronx County; New York,Bronx,1101,445,404,0.907865168539326,464,300,0.646551724137931,267,0.2425068119891008,139,0.1262488646684832,30,0.0272479564032697,148,0.1344232515894641,0,0.0,923,0.8383287920072662,243,0.5460674157303371,36005040304,3502,1321,0.3772130211307824,3492,423,0.1211340206185567,3492,428,0.122565864833906,25231,0.025231,43636.79600491459,0.6991550880257632
360050404003,360050404003,Block Group 3; Census Tract 404; Bronx County; New York,Bronx,306,180,179,0.9944444444444444,152,99,0.6513157894736842,37,0.1209150326797385,117,0.3823529411764705,0,0.0,305,0.9967320261437908,0,0.0,0,0.0,0,0.0,36005040400,3408,535,0.1569835680751173,3408,311,0.0912558685446009,3408,324,0.0950704225352112,66995,0.066995,4567.50503768938,0.7139659400628863
360050405013,360050405013,Block Group 3; Census Tract 405.01; Bronx County; New York,Bronx,905,381,347,0.910761154855643,242,134,0.5537190082644629,148,0.1635359116022099,235,0.2596685082872928,13,0.0143646408839779,78,0.0861878453038674,0,0.0,803,0.887292817679558,155,0.4068241469816273,36005040501,3327,829,0.2491734295160805,3327,376,0.113014727983168,3327,366,0.1100090171325518,30272,0.030272,29895.61310782241,0.7102570568370187
360050405023,360050405023,Block Group 3; Census Tract 405.02; Bronx County; New York,Bronx,661,411,399,0.9708029197080292,359,203,0.5654596100278552,103,0.1558245083207261,35,0.0529500756429652,0,0.0,153,0.2314674735249622,30,0.0453857791225416,468,0.708018154311649,164,0.3990267639902676,36005040502,5615,2013,0.3585040071237756,5574,601,0.1078220308575529,5574,444,0.0796555435952637,27266,0.027266,24242.646519474805,0.7994360992510362
360050406003,360050406003,Block Group 3; Census Tract 406; Bronx County; New York,Bronx,1154,421,348,0.8266033254156769,432,57,0.1319444444444444,520,0.4506065857885615,100,0.0866551126516464,0,0.0,575,0.4982668977469671,229,0.1984402079722703,224,0.194107452339688,5,0.01187648456057,36005040600,3239,675,0.2083976535967891,3451,426,0.123442480440452,3451,173,0.0501303969863807,67078,0.067078,17203.852231730223,0.7385283642104087
360050407013,360050407013,Block Group 3; Census Tract 407.01; Bronx County; New York,Bronx,1433,602,602,1.0,550,442,0.8036363636363636,329,0.2295882763433356,114,0.0795533845080251,290,0.2023726448011165,146,0.101884159106769,32,0.0223307745987438,965,0.6734124214933705,299,0.4966777408637873,36005040701,2839,947,0.3335681578020429,2839,483,0.1701303275801338,2839,344,0.121169425854174,21894,0.021894,65451.721932949666,0.7931391837280418
360050407023,360050407023,Block Group 3; Census Tract 407.02; Bronx County; New York,Bronx,2145,850,850,1.0,829,398,0.4800965018094089,705,0.3286713286713286,193,0.0899766899766899,125,0.0582750582750582,654,0.3048951048951049,174,0.0811188811188811,986,0.4596736596736597,341,0.4011764705882353,36005040702,6223,1739,0.2794472119556484,6223,1239,0.1991001124859392,6223,341,0.0547967218383416,37580,0.03758,57078.233102714206,0.81372092519496
360050408003,360050408003,Block Group 3; Census Tract 408; Bronx County; New York,Bronx,1360,392,352,0.8979591836734694,669,381,0.5695067264573991,363,0.2669117647058823,292,0.2147058823529411,95,0.0698529411764705,330,0.2426470588235294,195,0.1433823529411764,296,0.2176470588235294,0,0.0,36005040800,4168,865,0.2075335892514395,4374,713,0.1630086877000457,4374,425,0.0971650663008687,20668,0.020668,65802.20630927038,0.8863954271292686
360050411003,360050411003,Block Group 3; Census Tract 411; Bronx County; New York,Bronx,1222,581,581,1.0,534,442,0.8277153558052435,314,0.2569558101472995,157,0.1284779050736497,39,0.0319148936170212,135,0.1104746317512275,14,0.011456628477905,936,0.7659574468085106,145,0.2495697074010327,36005041100,3417,692,0.202516827626573,3418,645,0.1887068461088355,3418,331,0.0968402574605032,47637,0.047637,25652.32907193988,0.8089435233777896
360050413003,360050413003,Block Group 3; Census Tract 413; Bronx County; New York,Bronx,663,339,339,1.0,344,230,0.6686046511627907,186,0.2805429864253393,122,0.1840120663650075,14,0.0211161387631975,82,0.1236802413273001,0,0.0,440,0.6636500754147813,77,0.2271386430678466,36005041300,7251,2037,0.2809267687215556,7327,889,0.1213320595059369,7327,818,0.1116418725262727,19728,0.019728,33607.05596107056,0.8540608884672415
360050414003,360050414003,Block Group 3; Census Tract 414; Bronx County; New York,Bronx,771,260,167,0.6423076923076924,417,125,0.2997601918465228,256,0.3320363164721141,102,0.1322957198443579,2,0.0025940337224383,529,0.6861219195849546,0,0.0,196,0.2542153047989623,0,0.0,36005041400,5290,727,0.1374291115311909,5478,880,0.1606425702811245,5478,395,0.0721066082511865,61000,0.061,12639.344262295082,0.8608456766619458
360050415003,360050415003,Block Group 3; Census Tract 415; Bronx County; New York,Bronx,499,167,118,0.7065868263473054,159,108,0.6792452830188679,189,0.3787575150300601,28,0.0561122244488977,58,0.1162324649298597,53,0.1062124248496994,152,0.3046092184368738,236,0.4729458917835671,16,0.0958083832335329,36005041500,5555,1288,0.2318631863186318,5555,536,0.0964896489648965,5555,597,0.1074707470747074,16737,0.016737,29814.184142916893,0.7880657936750208
360050418003,360050418003,Block Group 3; Census Tract 418; Bronx County; New York,Bronx,603,219,172,0.7853881278538812,184,77,0.4184782608695652,216,0.3582089552238806,70,0.1160862354892205,0,0.0,136,0.2255389718076285,29,0.0480928689883913,293,0.4859038142620232,46,0.2100456621004566,36005041800,3357,530,0.1578790586833482,3396,958,0.2820965842167255,3396,422,0.1242638398115429,35683,0.035683,16898.803351736122,0.8944066032874624
360050419003,360050419003,Block Group 3; Census Tract 419; Bronx County; New York,Bronx,806,512,512,1.0,308,293,0.9512987012987012,62,0.0769230769230769,67,0.0831265508684863,16,0.0198511166253101,108,0.1339950372208436,17,0.021091811414392,665,0.825062034739454,202,0.39453125,36005041900,6199,1059,0.1708340054847556,6212,885,0.1424661944623309,6212,567,0.0912749517063747,30541,0.030541,26390.753413444225,0.9160591505346436
360050420003,360050420003,Block Group 3; Census Tract 420; Bronx County; New York,Bronx,1148,339,249,0.7345132743362832,444,271,0.6103603603603603,182,0.1585365853658536,91,0.0792682926829268,14,0.0121951219512195,741,0.6454703832752613,13,0.0113240418118466,272,0.2369337979094076,38,0.1120943952802359,36005042000,4621,2057,0.4451417442112097,4614,1295,0.2806675335934113,4614,486,0.1053315994798439,44880,0.04488,25579.322638146165,0.8866878980661019
360050421003,360050421003,Block Group 3; Census Tract 421; Bronx County; New York,Bronx,783,300,300,1.0,337,196,0.5816023738872403,159,0.2030651340996168,95,0.1213282247765006,0,0.0,74,0.0945083014048531,27,0.0344827586206896,682,0.8710089399744572,81,0.27,36005042100,5780,1763,0.3050173010380623,5780,527,0.0911764705882352,5780,579,0.1001730103806228,30774,0.030774,25443.55624878144,0.8906891728008701
360050423003,360050423003,Block Group 3; Census Tract 423; Bronx County; New York,Bronx,1133,410,402,0.9804878048780488,416,231,0.5552884615384616,317,0.2797881729920565,148,0.1306266548984995,60,0.0529567519858782,166,0.146513680494263,139,0.1226831421006178,645,0.5692850838481907,62,0.1512195121951219,36005042300,4189,944,0.2253521126760563,4189,526,0.1255669610885653,4189,491,0.1172117450465504,35123,0.035123,32258.06451612903,0.920984090676495
360050425003,360050425003,Block Group 3; Census Tract 425; Bronx County; New York,Bronx,544,372,361,0.9704301075268816,357,196,0.5490196078431373,0,0.0,174,0.3198529411764705,22,0.0404411764705882,92,0.1691176470588235,54,0.0992647058823529,351,0.6452205882352942,99,0.2661290322580645,36005042500,6693,2209,0.3300463170476617,6808,1020,0.1498237367802585,6808,522,0.076674500587544,134506,0.134506,4044.4292447920543,0.7731664848503906
360050426003,360050426003,Block Group 3; Census Tract 426; Bronx County; New York,Bronx,1404,350,254,0.7257142857142858,735,169,0.2299319727891156,218,0.1552706552706552,130,0.0925925925925925,2,0.0014245014245014,723,0.5149572649572649,0,0.0,676,0.4814814814814814,0,0.0,36005042600,6635,1090,0.1642803315749811,6660,1193,0.1791291291291291,6660,739,0.1109609609609609,63499,0.063499,22110.584418652263,0.7334452685037384
360050429013,360050429013,Block Group 3; Census Tract 429.01; Bronx County; New York,Bronx,900,389,389,1.0,465,404,0.8688172043010752,144,0.16,198,0.22,23,0.0255555555555555,188,0.2088888888888889,181,0.2011111111111111,508,0.5644444444444444,96,0.2467866323907455,36005042901,3397,1140,0.3355902266705917,3361,280,0.0833085391252603,3361,297,0.0883665575721511,15455,0.015455,58233.581365253965,0.7764916727441287
360050429023,360050429023,Block Group 3; Census Tract 429.02; Bronx County; New York,Bronx,825,365,343,0.9397260273972604,402,370,0.9203980099502488,147,0.1781818181818182,63,0.0763636363636363,30,0.0363636363636363,154,0.1866666666666666,0,0.0,641,0.776969696969697,213,0.5835616438356165,36005042902,3546,839,0.236604624929498,3568,710,0.1989910313901345,3568,267,0.0748318385650224,16100,0.0161,51242.23602484472,0.8850117814267564
360050042003,360050042003,Block Group 3; Census Tract 42; Bronx County; New York,Bronx,1468,580,580,1.0,556,229,0.4118705035971223,429,0.2922343324250681,223,0.1519073569482288,22,0.0149863760217983,789,0.5374659400544959,0,0.0,657,0.4475476839237057,69,0.1189655172413793,36005004200,7755,1214,0.1565441650548033,7724,1165,0.150828586224754,7724,364,0.0471258415328845,92532,0.092532,15864.781913284052,0.6547212512721376
360050430003,360050430003,Block Group 3; Census Tract 430; Bronx County; New York,Bronx,1477,697,478,0.6857962697274032,748,608,0.8128342245989305,292,0.1976980365605958,122,0.0825998645903859,0,0.0,1084,0.7339201083276913,19,0.0128639133378469,167,0.1130670277589708,0,0.0,36005043000,3004,350,0.1165113182423435,3004,356,0.118508655126498,3004,101,0.0336218375499334,53843,0.053843,27431.60670839292,0.7572008495875966
360050431013,360050431013,Block Group 3; Census Tract 431.01; Bronx County; New York,Bronx,959,377,377,1.0,396,313,0.7904040404040404,189,0.1970802919708029,95,0.0990615224191866,33,0.0344108446298227,204,0.2127215849843587,364,0.3795620437956204,358,0.3733055265901981,23,0.0610079575596817,36005043101,5051,2025,0.4009107107503464,5051,1030,0.2039200158384478,5051,382,0.0756285883983369,20169,0.020169,47548.21756160444,0.9187205290979824
360050431023,360050431023,Block Group 3; Census Tract 431.02; Bronx County; New York,Bronx,2025,742,731,0.9851752021563344,574,181,0.3153310104529617,664,0.3279012345679012,144,0.0711111111111111,13,0.0064197530864197,55,0.0271604938271604,0,0.0,1957,0.9664197530864198,145,0.1954177897574124,36005043102,4059,884,0.2177876324217787,4059,600,0.1478196600147819,4059,462,0.1138211382113821,49091,0.049091,41249.92361125257,0.9595978225604412
360050434003,360050434003,Block Group 3; Census Tract 434; Bronx County; New York,Bronx,415,245,177,0.7224489795918367,253,113,0.4466403162055335,0,0.0,73,0.1759036144578313,21,0.0506024096385542,258,0.6216867469879518,7,0.016867469879518,92,0.2216867469879518,57,0.2326530612244897,36005043400,3921,1019,0.2598826829890334,3921,391,0.0997194593216016,3921,136,0.0346850293292527,40693,0.040693,10198.31420637456,0.8919112817766695
360050043003,360050043003,Block Group 3; Census Tract 43; Bronx County; New York,Bronx,1598,558,411,0.7365591397849462,366,210,0.5737704918032787,317,0.1983729662077597,316,0.1977471839799749,7,0.0043804755944931,239,0.1495619524405506,0,0.0,1343,0.8404255319148937,194,0.3476702508960573,36005004300,5400,2546,0.4714814814814815,5400,1508,0.2792592592592592,5400,131,0.0242592592592592,38688,0.038688,41304.79735318445,0.865741923363231
360050442003,360050442003,Block Group 3; Census Tract 442; Bronx County; New York,Bronx,418,174,77,0.4425287356321839,247,9,0.0364372469635627,13,0.0311004784688995,107,0.2559808612440191,0,0.0,227,0.5430622009569378,0,0.0,60,0.1435406698564593,0,0.0,36005044200,3993,1282,0.3210618582519409,4003,829,0.2070946789907569,4003,635,0.1586310267299525,45748,0.045748,9137.011454052636,0.7942203826790367
360050444003,360050444003,Block Group 3; Census Tract 444; Bronx County; New York,Bronx,1067,346,220,0.6358381502890174,492,202,0.4105691056910569,0,0.0,318,0.2980318650421743,24,0.0224929709465791,964,0.9034676663542645,0,0.0,79,0.0740393626991565,0,0.0,36005044400,4293,671,0.1563009550430934,4293,620,0.1444211507104588,4293,374,0.0871185651059864,68080,0.06808,15672.73795534665,0.6160266619280301
360050044003,360050044003,Block Group 3; Census Tract 44; Bronx County; New York,Bronx,1929,586,526,0.8976109215017065,496,253,0.5100806451612904,429,0.2223950233281493,279,0.1446345256609642,32,0.0165889061689994,509,0.263867288750648,130,0.0673924313115603,1258,0.6521513737687922,45,0.0767918088737201,36005004400,4118,1573,0.3819815444390481,4118,591,0.143516270033997,4118,201,0.0488101019912578,105856,0.105856,18222.868802902056,0.6304910452413607
360050456003,360050456003,Block Group 3; Census Tract 456; Bronx County; New York,Bronx,1293,455,68,0.1494505494505494,607,133,0.2191103789126853,201,0.1554524361948956,169,0.1307037896365042,303,0.2343387470997679,232,0.1794276875483372,0,0.0,730,0.5645784996133024,6,0.0131868131868131,36005045600,3552,65,0.0182995495495495,3552,546,0.1537162162162162,3552,150,0.0422297297297297,472079,0.472079,2738.9483539831253,0.430006795983154
360050458003,360050458003,Block Group 3; Census Tract 458; Bronx County; New York,Bronx,207,88,88,1.0,107,70,0.6542056074766355,0,0.0,0,0.0,0,0.0,100,0.4830917874396135,0,0.0,107,0.5169082125603864,38,0.4318181818181818,36005045800,5523,2353,0.4260365743255477,5523,1630,0.2951294586275574,5523,222,0.0401955458989679,11481,0.011481,18029.788345962897,0.8925611643319619
360050462033,360050462033,Block Group 3; Census Tract 462.03; Bronx County; New York,Bronx,2899,1252,1075,0.8586261980830671,770,449,0.5831168831168831,196,0.0676095205243187,1358,0.4684373922042083,383,0.1321145222490514,1334,0.4601586754053122,52,0.0179372197309417,1060,0.3656433252845809,462,0.3690095846645367,36005046203,6105,751,0.123013923013923,6107,1433,0.234648763713771,6107,145,0.023743245456034,692041,0.692041,4189.058162738913,0.29915060037884
360050462043,360050462043,Block Group 3; Census Tract 462.04; Bronx County; New York,Bronx,71,43,43,1.0,28,4,0.1428571428571428,2,0.028169014084507,26,0.3661971830985915,23,0.323943661971831,33,0.4647887323943662,0,0.0,15,0.2112676056338028,0,0.0,36005046204,5257,541,0.1029104051740536,5257,793,0.1508464903937607,5257,348,0.0661974510176907,54775,0.054775,1296.2117754450023,0.5497874687953768
360050462053,360050462053,Block Group 3; Census Tract 462.05; Bronx County; New York,Bronx,651,397,315,0.7934508816120907,285,96,0.3368421052631579,41,0.0629800307219662,371,0.5698924731182796,31,0.0476190476190476,443,0.6804915514592934,0,0.0,177,0.271889400921659,0,0.0,36005046205,3633,606,0.166804293971924,3633,602,0.1657032755298651,3633,21,0.0057803468208092,231196,0.231196,2815.7926607726777,0.520967967957147
360050462063,360050462063,Block Group 3; Census Tract 462.06; Bronx County; New York,Bronx,98,71,67,0.943661971830986,61,0,0.0,0,0.0,37,0.3775510204081632,0,0.0,98,1.0,0,0.0,0,0.0,0,0.0,36005046206,3942,46,0.0116692034500253,3948,493,0.1248733535967578,3948,381,0.0965045592705167,40043,0.040043,2447.3690782408908,0.543042467092598
360050462073,360050462073,Block Group 3; Census Tract 462.07; Bronx County; New York,Bronx,3112,1509,921,0.610337972166998,1272,285,0.2240566037735849,393,0.1262853470437018,864,0.2776349614395887,77,0.0247429305912596,1645,0.528598971722365,320,0.1028277634961439,848,0.2724935732647814,0,0.0,36005046207,6535,1056,0.1615914307574598,6535,860,0.1315990818668707,6535,300,0.0459066564651874,84715,0.084715,36734.934781325624,0.5593926427271365
360050462083,360050462083,Block Group 3; Census Tract 462.08; Bronx County; New York,Bronx,979,128,1,0.0078125,240,29,0.1208333333333333,137,0.1399387129724208,532,0.54341164453524,105,0.1072522982635342,560,0.5720122574055159,11,0.0112359550561797,172,0.1756894790602655,0,0.0,36005046208,4416,379,0.0858242753623188,4378,454,0.1037003197807217,4378,239,0.0545911375057103,109872,0.109872,8910.368428717053,0.6071213077023868
360050462093,360050462093,Block Group 3; Census Tract 462.09; Bronx County; New York,Bronx,2215,715,715,1.0,654,440,0.672782874617737,910,0.4108352144469526,110,0.0496613995485327,0,0.0,1831,0.8266365688487585,0,0.0,384,0.1733634311512415,13,0.0181818181818181,36005046209,4436,2302,0.5189359783588818,4436,840,0.1893597835888187,4436,191,0.0430568079350766,92477,0.092477,23951.901553899886,0.4035057895838264
360050484013,360050484013,Block Group 3; Census Tract 484.01; Bronx County; New York,Bronx,1856,506,324,0.6403162055335968,781,190,0.2432778489116517,633,0.3410560344827586,97,0.0522629310344827,16,0.0086206896551724,1201,0.6470905172413793,27,0.0145474137931034,386,0.2079741379310344,59,0.116600790513834,36005048401,3879,434,0.1118845063160608,3886,420,0.1080802882141019,3886,108,0.0277920741121976,135786,0.135786,13668.566715272562,0.7693254357625929
360050004003,360050004003,Block Group 3; Census Tract 4; Bronx County; New York,Bronx,3515,1170,357,0.3051282051282051,1288,279,0.2166149068322981,881,0.2506401137980085,733,0.2085348506401138,56,0.015931721194879,1253,0.3564722617354196,17,0.0048364153627311,2152,0.6122332859174965,305,0.2606837606837607,36005000400,6649,297,0.0446683711836366,6649,935,0.1406226500225597,6649,137,0.0206046021958189,299603,0.299603,11732.19226776768,0.3775327770137016
360050050013,360050050013,Block Group 3; Census Tract 50.01; Bronx County; New York,Bronx,931,253,253,1.0,223,171,0.7668161434977578,381,0.4092373791621912,72,0.0773361976369495,12,0.0128893662728249,353,0.3791621911922664,0,0.0,554,0.5950590762620838,42,0.1660079051383399,36005005001,4852,2714,0.5593569661995054,4878,593,0.1215662156621566,4878,621,0.1273062730627306,19649,0.019649,47381.546134663346,0.5280695214790172
360050050023,360050050023,Block Group 3; Census Tract 50.02; Bronx County; New York,Bronx,1966,514,514,1.0,551,246,0.4464609800362976,738,0.375381485249237,77,0.0391658189216683,0,0.0,600,0.3051881993896236,0,0.0,1157,0.5885045778229908,180,0.3501945525291828,36005005002,6151,2360,0.3836774508210047,6275,499,0.0795219123505976,6275,1423,0.2267729083665338,22283,0.022283,88228.69452048646,0.6458160132276884
360050516013,360050516013,Block Group 3; Census Tract 516.01; Bronx County; New York,Bronx,1510,749,96,0.1281708945260347,556,46,0.0827338129496402,59,0.0390728476821192,619,0.4099337748344371,894,0.5920529801324503,0,0.0,76,0.0503311258278145,383,0.2536423841059602,0,0.0,36005051601,3828,199,0.0519853709508881,3828,1116,0.2915360501567398,3828,60,0.0156739811912225,352084,0.352084,4288.749275741016,0.4309344905070303
360050051003,360050051003,Block Group 3; Census Tract 51; Bronx County; New York,Bronx,1559,833,833,1.0,498,233,0.4678714859437751,213,0.13662604233483,410,0.2629890955740859,23,0.0147530468248877,573,0.3675432969852469,0,0.0,933,0.5984605516356639,115,0.1380552220888355,36005005100,7261,2772,0.3817655970252031,7261,2208,0.3040903456824129,7261,175,0.0241013634485608,67958,0.067958,22940.63980693958,0.9132915618966462
360050054003,360050054003,Block Group 3; Census Tract 54; Bronx County; New York,Bronx,650,226,210,0.9292035398230089,281,231,0.8220640569395018,185,0.2846153846153846,57,0.0876923076923077,0,0.0,41,0.063076923076923,0,0.0,552,0.8492307692307692,59,0.2610619469026549,36005005400,5482,1362,0.2484494709959868,5482,428,0.0780736957314848,5482,738,0.1346224005837285,57695,0.057695,11266.14091342404,0.7427423789635047
360050056003,360050056003,Block Group 3; Census Tract 56; Bronx County; New York,Bronx,574,237,220,0.9282700421940928,204,123,0.6029411764705882,97,0.1689895470383275,96,0.1672473867595819,10,0.0174216027874564,237,0.4128919860627177,4,0.0069686411149825,279,0.4860627177700348,73,0.3080168776371308,36005005600,2501,1093,0.4370251899240304,2501,321,0.1283486605357857,2501,238,0.0951619352259096,55847,0.055847,10278.081186097732,0.7100844784446787
360050061003,360050061003,Block Group 3; Census Tract 61; Bronx County; New York,Bronx,710,409,336,0.8215158924205379,160,52,0.325,209,0.2943661971830986,301,0.423943661971831,0,0.0,599,0.8436619718309859,30,0.0422535211267605,66,0.0929577464788732,14,0.0342298288508557,36005006100,3351,359,0.1071321993434795,3369,947,0.2810923122588305,3369,136,0.0403680617393885,19357,0.019357,36679.237485147496,0.7999616493695823
360050062003,360050062003,Block Group 3; Census Tract 62; Bronx County; New York,Bronx,1617,761,761,1.0,435,191,0.4390804597701149,438,0.2708719851576994,325,0.2009894867037724,56,0.0346320346320346,653,0.4038342609771181,0,0.0,863,0.533704390847248,163,0.2141918528252299,36005006200,6363,2998,0.4711614018544711,6363,1025,0.1610875373251611,6363,697,0.1095395253811095,36136,0.036136,44747.6201018375,0.6282359128606038
360050063013,360050063013,Block Group 3; Census Tract 63.01; Bronx County; New York,Bronx,937,426,426,1.0,291,34,0.1168384879725085,120,0.128068303094984,174,0.1856990394877267,0,0.0,649,0.6926360725720384,0,0.0,288,0.3073639274279616,4,0.0093896713615023,36005006301,7038,2425,0.3445581131003126,7053,997,0.1413582872536509,7053,902,0.1278888416276761,33967,0.033967,27585.5977860865,0.8558628307824494
360050064003,360050064003,Block Group 3; Census Tract 64; Bronx County; New York,Bronx,492,234,211,0.9017094017094016,89,14,0.1573033707865168,75,0.1524390243902439,107,0.2174796747967479,20,0.040650406504065,68,0.1382113821138211,0,0.0,374,0.7601626016260162,71,0.3034188034188034,36005006400,4054,1671,0.4121854958066107,4194,420,0.100143061516452,4194,279,0.0665236051502145,29982,0.029982,16409.845907544524,0.6115139453122168
360050065003,360050065003,Block Group 3; Census Tract 65; Bronx County; New York,Bronx,166,23,14,0.6086956521739131,21,9,0.4285714285714285,11,0.0662650602409638,16,0.0963855421686747,29,0.1746987951807229,44,0.2650602409638554,0,0.0,93,0.5602409638554217,0,0.0,36005006500,4980,2702,0.542570281124498,5008,707,0.1411741214057508,5008,93,0.0185702875399361,25211,0.025211,6584.427432469954,0.933296994814582
360050068003,360050068003,Block Group 3; Census Tract 68; Bronx County; New York,Bronx,816,310,296,0.9548387096774194,264,174,0.6590909090909091,309,0.3786764705882353,135,0.1654411764705882,0,0.0,159,0.1948529411764706,0,0.0,594,0.7279411764705882,85,0.2741935483870967,36005006800,2542,884,0.3477576711250983,2542,388,0.1526357199055861,2542,303,0.1191974822974036,57911,0.057911,14090.58728048212,0.611645971737421
360050069003,360050069003,Block Group 3; Census Tract 69; Bronx County; New York,Bronx,1327,682,682,1.0,560,360,0.6428571428571429,157,0.1183119819140919,160,0.1205727204220045,0,0.0,163,0.1228334589299171,0,0.0,1164,0.8771665410700829,238,0.3489736070381232,36005006900,6077,2378,0.3913115023860457,6077,1202,0.197794964620701,6077,532,0.0875431956557512,18450,0.01845,71924.11924119241,0.8450992953265807
360050070003,360050070003,Block Group 3; Census Tract 70; Bronx County; New York,Bronx,1497,385,221,0.574025974025974,387,211,0.5452196382428941,353,0.2358049432197728,187,0.1249164996659986,0,0.0,219,0.1462925851703407,327,0.218436873747495,744,0.4969939879759519,66,0.1714285714285714,36005007000,4402,1540,0.3498409813721035,4402,543,0.12335302135393,4402,599,0.1360745115856428,57593,0.057593,25992.742173528033,0.605893847927104
360050072003,360050072003,Block Group 3; Census Tract 72; Bronx County; New York,Bronx,544,240,194,0.8083333333333333,229,51,0.222707423580786,143,0.2628676470588235,175,0.3216911764705882,0,0.0,104,0.1911764705882352,190,0.3492647058823529,250,0.4595588235294117,97,0.4041666666666667,36005007200,4845,905,0.1867905056759546,4845,510,0.1052631578947368,4845,738,0.1523219814241486,50970,0.05097,10672.944869531097,0.7736154250540062
360050073003,360050073003,Block Group 3; Census Tract 73; Bronx County; New York,Bronx,1575,660,660,1.0,501,389,0.7764471057884231,530,0.3365079365079365,246,0.1561904761904761,0,0.0,559,0.3549206349206349,0,0.0,979,0.6215873015873016,234,0.3545454545454545,36005007300,4325,1720,0.3976878612716763,4325,526,0.1216184971098265,4325,277,0.0640462427745664,62435,0.062435,25226.23528469609,0.8077159598206382
360050074003,360050074003,Block Group 3; Census Tract 74; Bronx County; New York,Bronx,1032,526,459,0.8726235741444867,645,413,0.6403100775193798,87,0.0843023255813953,222,0.2151162790697674,31,0.0300387596899224,349,0.3381782945736434,0,0.0,639,0.6191860465116279,56,0.1064638783269961,36005007400,3280,632,0.1926829268292683,3280,405,0.1234756097560975,3280,18,0.0054878048780487,61382,0.061382,16812.746407741684,0.5533494453597165
360050075003,360050075003,Block Group 3; Census Tract 75; Bronx County; New York,Bronx,804,402,336,0.835820895522388,319,150,0.4702194357366771,54,0.0671641791044776,279,0.3470149253731343,0,0.0,147,0.1828358208955224,0,0.0,589,0.7325870646766169,50,0.1243781094527363,36005007500,6353,2753,0.4333385801983315,6353,1203,0.1893593577837242,6353,405,0.0637494097276877,35972,0.035972,22350.717224507953,0.6832998002501393
360050076003,360050076003,Block Group 3; Census Tract 76; Bronx County; New York,Bronx,935,208,189,0.908653846153846,445,335,0.7528089887640449,148,0.1582887700534759,35,0.0374331550802139,19,0.0203208556149732,559,0.597860962566845,178,0.1903743315508021,171,0.1828877005347593,0,0.0,36005007600,5244,1071,0.204233409610984,5252,560,0.1066260472201066,5252,734,0.1397562833206397,27238,0.027238,34327.04310154931,0.6369214194308545
360050078003,360050078003,Block Group 3; Census Tract 78; Bronx County; New York,Bronx,1570,442,425,0.9615384615384616,420,366,0.8714285714285714,895,0.5700636942675159,30,0.019108280254777,44,0.0280254777070063,55,0.0350318471337579,0,0.0,1471,0.9369426751592356,202,0.4570135746606334,36005007800,5633,1651,0.2930942659328954,5633,938,0.1665187289188709,5633,760,0.1349192259897035,35732,0.035732,43938.20664950184,0.6055431326352979
360050079003,360050079003,Block Group 3; Census Tract 79; Bronx County; New York,Bronx,1581,299,299,1.0,496,292,0.5887096774193549,870,0.5502846299810247,11,0.0069576217583807,0,0.0,424,0.2681846932321315,0,0.0,1157,0.7318153067678684,15,0.0501672240802675,36005007900,6809,2128,0.3125275370832721,6829,1449,0.2121833357739054,6829,438,0.06413823400205,26602,0.026602,59431.621682580255,0.6548232943564893
360050083003,360050083003,Block Group 3; Census Tract 83; Bronx County; New York,Bronx,968,346,311,0.8988439306358381,364,214,0.5879120879120879,161,0.1663223140495867,140,0.1446280991735537,0,0.0,141,0.1456611570247933,0,0.0,827,0.8543388429752066,63,0.1820809248554913,36005008300,6285,1895,0.3015115354017502,6287,1554,0.2471767138539844,6287,661,0.1051375854938762,34868,0.034868,27761.844671331877,0.6621311068338797
360050085003,360050085003,Block Group 3; Census Tract 85; Bronx County; New York,Bronx,1952,613,435,0.7096247960848288,661,241,0.3645990922844175,749,0.3837090163934426,160,0.081967213114754,0,0.0,692,0.3545081967213114,0,0.0,1246,0.6383196721311475,71,0.1158238172920065,36005008500,5861,1574,0.2685548541204572,5866,1099,0.1873508353221957,5866,526,0.0896692806000682,45353,0.045353,43040.15169889534,0.7089402772757664
360050086003,360050086003,Block Group 3; Census Tract 86; Bronx County; New York,Bronx,2342,873,873,1.0,401,241,0.600997506234414,325,0.1387702818104184,451,0.1925704526046114,0,0.0,1022,0.4363791631084543,0,0.0,1274,0.5439795046968403,257,0.2943871706758305,36005008600,3813,1832,0.4804615788093365,3849,1172,0.3044946739412834,3849,734,0.1906988828267082,64379,0.064379,36378.32212367387,0.5664193205511178
360050087003,360050087003,Block Group 3; Census Tract 87; Bronx County; New York,Bronx,388,184,157,0.8532608695652174,103,27,0.2621359223300971,9,0.0231958762886597,132,0.3402061855670103,0,0.0,85,0.2190721649484536,0,0.0,294,0.7577319587628866,70,0.3804347826086957,36005008700,5738,2120,0.3694667131404671,5807,1162,0.2001033235749957,5807,402,0.0692267952471155,26936,0.026936,14404.514404514404,0.6938816230435303
360050090003,360050090003,Block Group 3; Census Tract 90; Bronx County; New York,Bronx,993,382,382,1.0,372,153,0.4112903225806452,380,0.3826787512588117,51,0.0513595166163142,9,0.0090634441087613,422,0.4249748237663645,0,0.0,562,0.5659617321248741,0,0.0,36005009000,3764,1613,0.4285334750265674,3861,965,0.2499352499352499,3861,80,0.0207200207200207,42049,0.042049,23615.305952579132,0.513700878087927
360050092003,360050092003,Block Group 3; Census Tract 92; Bronx County; New York,Bronx,1193,547,409,0.7477148080438757,525,263,0.5009523809523809,183,0.1533948030176027,136,0.1139983235540653,91,0.0762782900251466,0,0.0,104,0.0871751886001676,930,0.779547359597653,113,0.206581352833638,36005009200,5888,934,0.1586277173913043,5888,657,0.1115828804347826,5888,595,0.1010529891304347,98016,0.098016,12171.482206986611,0.7642176168318853
360050093013,360050093013,Block Group 3; Census Tract 93.01; Bronx County; New York,Bronx,1441,520,500,0.9615384615384616,695,509,0.7323741007194244,408,0.2831367106176266,64,0.04441360166551,0,0.0,260,0.1804302567661346,0,0.0,1148,0.7966689798750868,226,0.4346153846153846,36005009301,5623,1460,0.2596478747999288,5714,1124,0.1967098354917746,5714,697,0.1219810990549527,104757,0.104757,13755.644014242484,0.5125816449380292
360050098003,360050098003,Block Group 3; Census Tract 98; Bronx County; New York,Bronx,723,291,81,0.2783505154639175,235,103,0.4382978723404255,33,0.0456431535269709,278,0.3845089903181189,0,0.0,0,0.0,13,0.0179806362378976,698,0.9654218533886584,132,0.4536082474226804,36005009800,4071,504,0.1238025055268975,4071,1006,0.2471137312699582,4071,280,0.0687791697371653,173872,0.173872,4158.231342596853,0.6411561015162519
360050119004,360050119004,Block Group 4; Census Tract 119; Bronx County; New York,Bronx,682,280,280,1.0,198,68,0.3434343434343434,230,0.3372434017595307,202,0.2961876832844575,0,0.0,149,0.218475073313783,0,0.0,533,0.781524926686217,111,0.3964285714285714,36005011900,5842,1343,0.2298870249914412,5826,1281,0.2198764160659114,5826,99,0.0169927909371781,17987,0.017987,37916.27286373492,0.7658046261765084
360050131004,360050131004,Block Group 4; Census Tract 131; Bronx County; New York,Bronx,1336,367,287,0.782016348773842,434,157,0.3617511520737327,325,0.2432634730538922,172,0.1287425149700598,85,0.0636227544910179,39,0.029191616766467,0,0.0,1212,0.907185628742515,152,0.4141689373297003,36005013100,5277,2083,0.3947318552207693,5288,1725,0.3262102874432678,5288,188,0.0355521936459909,40398,0.040398,33070.94410614386,0.8185991499585097
360050132004,360050132004,Block Group 4; Census Tract 132; Bronx County; New York,Bronx,1196,426,200,0.4694835680751174,423,124,0.293144208037825,314,0.2625418060200669,182,0.1521739130434782,427,0.3570234113712374,0,0.0,179,0.1496655518394649,590,0.4933110367892976,67,0.1572769953051643,36005013200,7083,397,0.0560496964563038,7083,1809,0.2554002541296061,7083,276,0.0389665396018636,128646,0.128646,9296.830060786964,0.8031073121182623
360050133004,360050133004,Block Group 4; Census Tract 133; Bronx County; New York,Bronx,951,357,310,0.8683473389355743,352,144,0.4090909090909091,110,0.1156677181913775,92,0.0967402733964248,0,0.0,45,0.0473186119873817,0,0.0,906,0.9526813880126184,238,0.6666666666666666,36005013300,6087,2857,0.4693609331361918,6087,1733,0.2847051092492196,6087,101,0.0165927386232955,25093,0.025093,37899.01566173833,0.8146395184850406
360050144004,360050144004,Block Group 4; Census Tract 144; Bronx County; New York,Bronx,1120,359,359,1.0,213,45,0.2112676056338028,398,0.3553571428571428,96,0.0857142857142857,0,0.0,708,0.6321428571428571,0,0.0,412,0.3678571428571429,30,0.0835654596100278,36005014400,6091,1724,0.2830405516335577,6128,1451,0.2367819843342036,6128,648,0.1057441253263707,48528,0.048528,23079.459281239695,0.7461183887473454
360050145004,360050145004,Block Group 4; Census Tract 145; Bronx County; New York,Bronx,2274,866,866,1.0,479,309,0.6450939457202505,750,0.3298153034300791,281,0.1235708003518029,63,0.0277044854881266,1474,0.6481970096745823,0,0.0,724,0.318381706244503,113,0.1304849884526558,36005014500,6678,3537,0.5296495956873315,6679,1278,0.1913460098817188,6679,681,0.1019613714627938,66578,0.066578,34155.42671753432,0.9215293713954013
360050147024,360050147024,Block Group 4; Census Tract 147.02; Bronx County; New York,Bronx,1576,629,629,1.0,423,321,0.7588652482269503,460,0.2918781725888325,364,0.2309644670050761,0,0.0,819,0.5196700507614214,0,0.0,757,0.4803299492385787,289,0.4594594594594595,36005014702,4950,1795,0.3626262626262626,4950,667,0.1347474747474747,4950,159,0.0321212121212121,26162,0.026162,60240.042810182706,0.7775057950249947
360050151004,360050151004,Block Group 4; Census Tract 151; Bronx County; New York,Bronx,1939,592,366,0.6182432432432432,549,244,0.4444444444444444,286,0.147498710675606,186,0.0959257349149046,22,0.0113460546673543,749,0.3862815884476534,0,0.0,1122,0.5786487880350696,38,0.0641891891891891,36005015100,5051,1603,0.3173628984359533,5199,1580,0.3039045970378919,5199,576,0.1107905366416618,60697,0.060697,31945.565678699113,0.9248183150361412
360050157004,360050157004,Block Group 4; Census Tract 157; Bronx County; New York,Bronx,1236,481,476,0.9896049896049895,477,439,0.920335429769392,282,0.2281553398058252,100,0.0809061488673139,0,0.0,588,0.4757281553398058,17,0.0137540453074433,623,0.5040453074433657,178,0.3700623700623701,36005015700,6152,1835,0.2982769830949285,6152,1219,0.1981469440832249,6152,437,0.0710338101430429,66258,0.066258,18654.35117268858,0.7953532340341387
360050160004,360050160004,Block Group 4; Census Tract 160; Bronx County; New York,Bronx,738,264,107,0.4053030303030303,289,38,0.1314878892733564,133,0.1802168021680217,64,0.086720867208672,363,0.491869918699187,0,0.0,17,0.0230352303523035,358,0.4850948509485094,21,0.0795454545454545,36005016000,3832,576,0.150313152400835,3848,543,0.1411122661122661,3848,158,0.041060291060291,62644,0.062644,11780.85690568929,0.7256945485254727
360050161004,360050161004,Block Group 4; Census Tract 161; Bronx County; New York,Bronx,970,416,416,1.0,391,66,0.1687979539641943,186,0.1917525773195876,273,0.2814432989690721,0,0.0,291,0.3,0,0.0,635,0.654639175257732,87,0.2091346153846154,36005016100,4703,1763,0.3748671061024878,4703,1425,0.3029980863278758,4703,107,0.0227514352540931,33844,0.033844,28660.91478548635,0.8023116930467937
360050016004,360050016004,Block Group 4; Census Tract 16; Bronx County; New York,Bronx,1393,545,232,0.4256880733944954,688,193,0.2805232558139535,149,0.1069633883704235,410,0.2943287867910983,71,0.0509691313711414,575,0.412778176597272,251,0.1801866475233309,477,0.3424264178033022,92,0.1688073394495413,36005001600,5329,808,0.151623193844999,5412,1105,0.2041759053954175,5412,152,0.0280857354028085,308912,0.308912,4509.374838141606,0.37275434190108
360050173004,360050173004,Block Group 4; Census Tract 173; Bronx County; New York,Bronx,2032,922,922,1.0,575,425,0.7391304347826086,296,0.1456692913385826,440,0.2165354330708661,3,0.0014763779527559,1425,0.7012795275590551,0,0.0,604,0.297244094488189,111,0.1203904555314533,36005017300,5265,1590,0.301994301994302,5265,1784,0.3388414055080722,5265,408,0.0774928774928774,46131,0.046131,44048.47065964319,0.681429724966692
360050175004,360050175004,Block Group 4; Census Tract 175; Bronx County; New York,Bronx,858,396,396,1.0,248,159,0.6411290322580645,207,0.2412587412587412,232,0.2703962703962704,103,0.12004662004662,126,0.1468531468531468,0,0.0,615,0.7167832167832168,21,0.053030303030303,36005017500,6228,2433,0.390655105973025,6228,1498,0.2405266538214515,6228,432,0.0693641618497109,40628,0.040628,21118.440484395,0.8395958623779392
360050177024,360050177024,Block Group 4; Census Tract 177.02; Bronx County; New York,Bronx,1177,475,475,1.0,538,361,0.671003717472119,175,0.1486830926083262,149,0.1265930331350892,7,0.005947323704333,851,0.7230246389124894,123,0.1045029736618521,196,0.1665250637213254,116,0.2442105263157894,36005017702,5232,1818,0.3474770642201835,5232,944,0.1804281345565749,5232,359,0.0686162079510703,23906,0.023906,49234.50179871162,0.8497341281876853
360050181024,360050181024,Block Group 4; Census Tract 181.02; Bronx County; New York,Bronx,1306,623,623,1.0,816,524,0.6421568627450981,224,0.1715160796324655,248,0.1898928024502297,0,0.0,711,0.5444104134762634,0,0.0,467,0.3575803981623277,78,0.1252006420545746,36005018102,5066,1583,0.3124753257007501,5107,1084,0.2122576855296651,5107,308,0.0603093792833365,21772,0.021772,59985.302223038765,0.9649819087900382
360050184004,360050184004,Block Group 4; Census Tract 184; Bronx County; New York,Bronx,1532,509,399,0.7838899803536346,725,326,0.4496551724137931,444,0.2898172323759791,181,0.1181462140992167,657,0.4288511749347258,18,0.0117493472584856,247,0.1612271540469974,539,0.3518276762402089,7,0.0137524557956778,36005018400,3886,505,0.1299536798764796,3886,362,0.0931549150797735,3886,148,0.038085434894493,110942,0.110942,13809.017324367687,0.6911023833024058
360050185024,360050185024,Block Group 4; Census Tract 185.02; Bronx County; New York,Bronx,760,230,230,1.0,172,28,0.1627906976744186,372,0.4894736842105263,0,0.0,22,0.0289473684210526,196,0.2578947368421053,0,0.0,240,0.3157894736842105,10,0.0434782608695652,36005018502,5479,2784,0.5081219200584048,5520,1178,0.2134057971014492,5520,361,0.0653985507246376,70247,0.070247,10818.967358036642,0.855141124403155
360050189004,360050189004,Block Group 4; Census Tract 189; Bronx County; New York,Bronx,1837,648,648,1.0,582,313,0.5378006872852233,674,0.3669025585193249,59,0.0321175830157866,113,0.0615133369624387,866,0.4714207947740882,0,0.0,793,0.4316820903647251,61,0.0941358024691358,36005018900,8034,2079,0.2587752053771471,8163,1420,0.1739556535587406,8163,337,0.041283841724856,49037,0.049037,37461.5086567286,0.7944680885782024
360050193004,360050193004,Block Group 4; Census Tract 193; Bronx County; New York,Bronx,1363,535,535,1.0,579,579,1.0,296,0.2171680117388114,136,0.0997798972853998,0,0.0,395,0.2898019075568598,0,0.0,968,0.7101980924431401,106,0.1981308411214953,36005019300,5735,859,0.1497820401046207,5949,1150,0.1933097999663809,5949,84,0.0141200201714573,44216,0.044216,30825.94535914601,0.8075018895995467
360050195004,360050195004,Block Group 4; Census Tract 195; Bronx County; New York,Bronx,255,61,61,1.0,46,46,1.0,121,0.4745098039215686,0,0.0,27,0.1058823529411764,0,0.0,0,0.0,228,0.8941176470588236,0,0.0,36005019500,6997,2781,0.3974560525939688,7738,1416,0.1829930214525717,7738,194,0.0250710777978805,30828,0.030828,8271.701050992604,0.861854921639475
360050197004,360050197004,Block Group 4; Census Tract 197; Bronx County; New York,Bronx,1407,394,394,1.0,379,208,0.5488126649076517,412,0.2928216062544421,138,0.0980810234541577,0,0.0,268,0.1904761904761904,0,0.0,1139,0.8095238095238095,0,0.0,36005019700,7542,4287,0.5684168655529037,7628,1332,0.1746198217094913,7628,591,0.0774777136864184,14372,0.014372,97898.69190091846,0.960952976507216
360050199004,360050199004,Block Group 4; Census Tract 199; Bronx County; New York,Bronx,1436,760,760,1.0,585,307,0.5247863247863248,369,0.2569637883008356,207,0.144150417827298,0,0.0,238,0.1657381615598885,0,0.0,1150,0.8008356545961003,125,0.1644736842105263,36005019900,6781,2421,0.3570269871700339,6852,1175,0.1714827787507297,6852,388,0.0566258026853473,49773,0.049773,28850.98346493079,0.8109765870582606
360050200004,360050200004,Block Group 4; Census Tract 200; Bronx County; New York,Bronx,1193,469,422,0.8997867803837953,408,243,0.5955882352941176,445,0.3730092204526404,140,0.1173512154233026,34,0.0284995808885163,12,0.0100586756077116,65,0.0544844928751047,1082,0.9069572506286672,116,0.2473347547974413,36005020000,4398,1156,0.2628467485220555,4398,448,0.1018644838562983,4398,359,0.0816280127330604,188165,0.188165,6340.180161028884,0.9202826959137896
360050205014,360050205014,Block Group 4; Census Tract 205.01; Bronx County; New York,Bronx,2065,633,500,0.7898894154818326,776,176,0.2268041237113402,680,0.3292978208232445,48,0.0232445520581113,60,0.0290556900726392,722,0.349636803874092,0,0.0,1273,0.6164648910411622,241,0.3807266982622433,36005020501,8397,3682,0.4384899368822198,8397,1989,0.2368703108252947,8397,527,0.0627605097058473,37237,0.037237,55455.59524129226,0.7082301159277082
360050209004,360050209004,Block Group 4; Census Tract 209; Bronx County; New York,Bronx,2038,811,811,1.0,894,515,0.5760626398210291,796,0.3905789990186457,81,0.0397448478900883,33,0.0161923454367026,280,0.1373895976447497,0,0.0,1663,0.8159960745829244,184,0.2268803945745992,36005020900,4796,1281,0.2670975813177648,4809,447,0.0929507174048658,4809,248,0.0515699729673528,35140,0.03514,57996.585088218555,0.898560013893534
360050210014,360050210014,Block Group 4; Census Tract 210.01; Bronx County; New York,Bronx,831,443,443,1.0,423,347,0.8203309692671394,173,0.2081829121540312,147,0.1768953068592057,0,0.0,525,0.631768953068592,216,0.259927797833935,90,0.1083032490974729,24,0.0541760722347629,36005021001,7346,1393,0.1896270078954533,7347,1249,0.1700013610997686,7347,587,0.0798965564175854,19429,0.019429,42771.11534304391,0.8168508776998576
360050210024,360050210024,Block Group 4; Census Tract 210.02; Bronx County; New York,Bronx,1098,651,637,0.978494623655914,564,145,0.2570921985815603,203,0.1848816029143898,179,0.163023679417122,0,0.0,756,0.6885245901639344,42,0.0382513661202185,226,0.2058287795992714,1,0.0015360983102918,36005021002,7410,1739,0.2346828609986504,7434,837,0.1125907990314769,7434,400,0.0538068334678504,23485,0.023485,46753.24675324675,0.8154359587221133
360050211004,360050211004,Block Group 4; Census Tract 211; Bronx County; New York,Bronx,978,446,446,1.0,466,302,0.648068669527897,219,0.2239263803680981,35,0.0357873210633946,0,0.0,189,0.1932515337423312,0,0.0,789,0.8067484662576687,104,0.2331838565022421,36005021100,5812,1758,0.3024776324845148,5920,852,0.1439189189189189,5920,263,0.0444256756756756,28587,0.028587,34211.35481162766,0.7878568213520786
360050212004,360050212004,Block Group 4; Census Tract 212; Bronx County; New York,Bronx,1856,839,782,0.932061978545888,860,500,0.5813953488372093,268,0.1443965517241379,358,0.1928879310344827,80,0.043103448275862,552,0.2974137931034483,435,0.234375,773,0.4164870689655172,208,0.2479141835518474,36005021200,5218,1106,0.2119586048294365,5322,746,0.1401728673431041,5322,298,0.0559939872228485,18428,0.018428,100716.30128065989,0.7837375838789368
360050213024,360050213024,Block Group 4; Census Tract 213.02; Bronx County; New York,Bronx,1516,515,515,1.0,610,342,0.5606557377049181,498,0.3284960422163588,148,0.0976253298153034,0,0.0,678,0.4472295514511873,0,0.0,818,0.5395778364116095,149,0.2893203883495145,36005021302,5898,2441,0.4138691081722618,5898,1394,0.2363513055272973,5898,123,0.0208545269582909,27624,0.027624,54879.81465392413,0.8081912911187702
360050215024,360050215024,Block Group 4; Census Tract 215.02; Bronx County; New York,Bronx,243,98,98,1.0,91,65,0.7142857142857143,0,0.0,71,0.2921810699588477,0,0.0,113,0.4650205761316872,0,0.0,130,0.5349794238683128,24,0.2448979591836734,36005021502,6163,2880,0.4673048839850722,6235,1581,0.2535685645549318,6235,444,0.0712109061748195,20999,0.020999,11571.979618077052,0.8096177447567141
360050216014,360050216014,Block Group 4; Census Tract 216.01; Bronx County; New York,Bronx,717,209,209,1.0,310,272,0.8774193548387097,317,0.4421199442119944,35,0.0488145048814504,0,0.0,0,0.0,0,0.0,717,1.0,146,0.6985645933014354,36005021601,4118,1241,0.3013598834385624,4118,370,0.0898494414764448,4118,419,0.1017484215638659,21753,0.021753,32960.97090056544,0.7740776714220035
360050216024,360050216024,Block Group 4; Census Tract 216.02; Bronx County; New York,Bronx,1960,798,755,0.9461152882205514,734,390,0.5313351498637602,519,0.2647959183673469,242,0.123469387755102,17,0.0086734693877551,323,0.1647959183673469,1048,0.5346938775510204,299,0.1525510204081632,39,0.0488721804511278,36005021602,6027,1075,0.1783640285382445,6027,515,0.0854488136718101,6027,161,0.0267131242740998,34510,0.03451,56795.13184584179,0.7628361848527285
360050217004,360050217004,Block Group 4; Census Tract 217; Bronx County; New York,Bronx,732,217,193,0.8894009216589862,349,169,0.484240687679083,259,0.3538251366120218,29,0.0396174863387978,24,0.0327868852459016,401,0.5478142076502732,94,0.1284153005464481,0,0.0,38,0.1751152073732718,36005021700,5005,1915,0.3826173826173826,5006,1047,0.2091490211745905,5006,401,0.0801038753495805,19750,0.01975,37063.29113924051,0.8840730897993652
360050218004,360050218004,Block Group 4; Census Tract 218; Bronx County; New York,Bronx,511,235,181,0.7702127659574468,357,105,0.2941176470588235,103,0.2015655577299412,42,0.0821917808219178,0,0.0,78,0.1526418786692759,260,0.5088062622309197,173,0.3385518590998043,68,0.2893617021276595,36005021800,6010,1521,0.2530782029950083,6050,974,0.1609917355371901,6050,634,0.104793388429752,62207,0.062207,8214.509621103734,0.7866904211834649
360050222004,360050222004,Block Group 4; Census Tract 222; Bronx County; New York,Bronx,545,207,207,1.0,265,104,0.3924528301886792,129,0.236697247706422,62,0.1137614678899082,24,0.0440366972477064,0,0.0,121,0.2220183486238532,400,0.7339449541284404,54,0.2608695652173913,36005022200,3271,877,0.2681137266890859,3315,440,0.1327300150829562,3315,251,0.0757164404223227,41415,0.041415,13159.483279005191,0.8119880830007874
360050223004,360050223004,Block Group 4; Census Tract 223; Bronx County; New York,Bronx,1869,888,888,1.0,875,456,0.5211428571428571,464,0.2482611021936864,140,0.0749063670411985,0,0.0,76,0.0406634563937934,26,0.0139111824505082,1611,0.8619582664526485,312,0.3513513513513513,36005022300,4867,1610,0.3307992603246353,4867,950,0.1951921101294431,4867,208,0.0427367988493938,28690,0.02869,65144.64970372952,0.97522207043374
360050225004,360050225004,Block Group 4; Census Tract 225; Bronx County; New York,Bronx,344,106,106,1.0,72,72,1.0,101,0.2936046511627907,25,0.0726744186046511,10,0.0290697674418604,75,0.2180232558139535,0,0.0,248,0.7209302325581395,58,0.5471698113207547,36005022500,7960,2048,0.257286432160804,8040,1852,0.2303482587064676,8040,1000,0.1243781094527363,47291,0.047291,7274.111353111586,0.973379797461614
360050228004,360050228004,Block Group 4; Census Tract 228; Bronx County; New York,Bronx,991,400,400,1.0,411,220,0.5352798053527981,211,0.2129162462159435,136,0.1372351160443995,12,0.012108980827447,41,0.0413723511604439,240,0.2421796165489404,550,0.5549949545913219,26,0.065,36005022800,5628,551,0.0979033404406538,5687,636,0.1118340073852646,5687,203,0.0356954457534728,18514,0.018514,53527.06060278708,0.8745926443582173
360050229014,360050229014,Block Group 4; Census Tract 229.01; Bronx County; New York,Bronx,585,303,303,1.0,412,210,0.5097087378640777,34,0.0581196581196581,29,0.0495726495726495,11,0.0188034188034188,218,0.3726495726495726,0,0.0,345,0.5897435897435898,96,0.3168316831683168,36005022901,5918,1793,0.3029739776951672,5927,924,0.1558967437152016,5927,857,0.1445925426016534,20135,0.020135,29053.886267693073,0.8936051817483099
360050233014,360050233014,Block Group 4; Census Tract 233.01; Bronx County; New York,Bronx,862,325,325,1.0,317,237,0.7476340694006309,162,0.1879350348027842,104,0.1206496519721577,0,0.0,54,0.062645011600928,0,0.0,789,0.9153132250580046,138,0.4246153846153846,36005023301,3814,1189,0.3117461982170949,3841,713,0.18562874251497,3841,316,0.0822702421244467,19037,0.019037,45280.24373588276,0.8846457552871505
360050235024,360050235024,Block Group 4; Census Tract 235.02; Bronx County; New York,Bronx,546,351,351,1.0,301,247,0.8205980066445183,5,0.0091575091575091,140,0.2564102564102564,32,0.0586080586080586,120,0.2197802197802197,0,0.0,394,0.7216117216117216,102,0.2905982905982906,36005023502,4276,1313,0.3070626753975678,4490,1549,0.344988864142539,4490,376,0.0837416481069042,30620,0.03062,17831.4826910516,0.7862341195745088
360050239004,360050239004,Block Group 4; Census Tract 239; Bronx County; New York,Bronx,1291,343,343,1.0,714,500,0.7002801120448179,303,0.2347017815646785,45,0.034856700232378,0,0.0,104,0.080557707203718,0,0.0,1187,0.919442292796282,207,0.6034985422740525,36005023900,8570,3371,0.3933488914819136,8591,1269,0.1477127226166918,8591,1558,0.1813525782795949,19403,0.019403,66536.10266453642,0.5709757790876209
360050241004,360050241004,Block Group 4; Census Tract 241; Bronx County; New York,Bronx,729,252,252,1.0,309,309,1.0,282,0.3868312757201646,27,0.037037037037037,69,0.0946502057613168,0,0.0,0,0.0,660,0.9053497942386832,25,0.0992063492063492,36005024100,6067,2451,0.403988791824625,6078,922,0.1516946363935505,6078,650,0.1069430733794011,14808,0.014808,49230.145867098865,0.8808224685757626
360050243004,360050243004,Block Group 4; Census Tract 243; Bronx County; New York,Bronx,843,337,337,1.0,410,367,0.8951219512195122,142,0.1684460260972716,128,0.1518386714116251,0,0.0,248,0.2941874258600237,0,0.0,556,0.6595492289442467,0,0.0,36005024300,4133,1190,0.2879264456811033,4134,1032,0.2496371552975326,4134,124,0.0299951620706337,23381,0.023381,36054.916385099015,0.7799556021991113
360050245014,360050245014,Block Group 4; Census Tract 245.01; Bronx County; New York,Bronx,950,308,275,0.8928571428571429,452,313,0.6924778761061947,304,0.32,49,0.051578947368421,20,0.0210526315789473,52,0.0547368421052631,0,0.0,878,0.9242105263157896,135,0.4383116883116883,36005024501,4813,1580,0.3282775815499688,4856,1298,0.2672981878088962,4856,1041,0.2143739703459637,22517,0.022517,42190.34507261181,0.6622160309524018
360050251004,360050251004,Block Group 4; Census Tract 251; Bronx County; New York,Bronx,665,136,119,0.875,195,116,0.5948717948717949,329,0.4947368421052631,13,0.0195488721804511,0,0.0,364,0.5473684210526316,8,0.0120300751879699,276,0.4150375939849624,8,0.0588235294117647,36005025100,6983,2828,0.4049835314334813,6983,1730,0.2477445224115709,6983,813,0.1164256050408134,22816,0.022816,29146.213183730717,0.7913957454362498
360050253004,360050253004,Block Group 4; Census Tract 253; Bronx County; New York,Bronx,620,252,252,1.0,193,112,0.5803108808290155,152,0.2451612903225806,86,0.1387096774193548,0,0.0,143,0.2306451612903226,0,0.0,477,0.7693548387096775,43,0.1706349206349206,36005025300,5477,1828,0.3337593573123973,5503,917,0.1666363801562783,5503,633,0.115028166454661,23771,0.023771,26082.20100121997,0.615103303838064
360050025004,360050025004,Block Group 4; Census Tract 25; Bronx County; New York,Bronx,437,254,254,1.0,98,77,0.7857142857142857,110,0.2517162471395881,166,0.3798627002288329,0,0.0,165,0.3775743707093821,0,0.0,272,0.6224256292906178,190,0.7480314960629921,36005002500,5111,2292,0.4484445314028565,5117,975,0.1905413328121946,5117,555,0.1084619894469415,21737,0.021737,20103.97018907853,0.7833906875704558
360050263004,360050263004,Block Group 4; Census Tract 263; Bronx County; New York,Bronx,731,259,259,1.0,255,189,0.7411764705882353,142,0.1942544459644322,123,0.1682626538987688,0,0.0,200,0.2735978112175102,36,0.0492476060191518,495,0.6771545827633378,20,0.0772200772200772,36005026300,5743,1357,0.2362876545359568,5743,951,0.1655928956991119,5743,285,0.0496256312032039,15413,0.015413,47427.49626938299,0.6667542038608791
360050264004,360050264004,Block Group 4; Census Tract 264; Bronx County; New York,Bronx,2256,885,846,0.9559322033898304,864,561,0.6493055555555556,734,0.325354609929078,96,0.0425531914893617,398,0.176418439716312,80,0.0354609929078014,90,0.0398936170212766,1688,0.74822695035461,113,0.127683615819209,36005026400,5790,724,0.1250431778929188,5870,399,0.0679727427597955,5870,187,0.0318568994889267,90869,0.090869,24826.948684369807,0.7706910489379158
360050265004,360050265004,Block Group 4; Census Tract 265; Bronx County; New York,Bronx,1466,489,489,1.0,719,511,0.7107093184979137,229,0.1562073669849931,67,0.0457025920873124,8,0.0054570259208731,102,0.0695770804911323,66,0.0450204638472032,1290,0.8799454297407913,47,0.0961145194274028,36005026500,6803,1031,0.1515507864177568,6815,642,0.0942039618488628,6815,752,0.1103448275862069,38407,0.038407,38170.1252375869,0.6027338359798385
360050266024,360050266024,Block Group 4; Census Tract 266.02; Bronx County; New York,Bronx,544,282,282,1.0,301,143,0.4750830564784053,60,0.1102941176470588,150,0.2757352941176471,195,0.3584558823529412,55,0.1011029411764705,0,0.0,294,0.5404411764705882,43,0.1524822695035461,36005026602,5900,1002,0.1698305084745762,5900,1137,0.1927118644067796,5900,320,0.0542372881355932,16974,0.016974,32049.01614233534,0.7135481489071815
360050267024,360050267024,Block Group 4; Census Tract 267.02; Bronx County; New York,Bronx,1199,595,207,0.3478991596638655,353,353,1.0,209,0.1743119266055046,495,0.4128440366972477,188,0.1567973311092577,328,0.2735613010842369,0,0.0,636,0.530442035029191,41,0.06890756302521,36005026702,6827,1379,0.2019920902299692,6817,1045,0.153293237494499,6817,692,0.1015109285609505,20975,0.020975,57163.28963051251,0.5670335809190943
360050027024,360050027024,Block Group 4; Census Tract 27.02; Bronx County; New York,Bronx,1461,532,449,0.8439849624060151,524,311,0.5935114503816794,374,0.2559890485968514,34,0.0232717316906228,0,0.0,409,0.2799452429842574,10,0.0068446269678302,1021,0.6988364134154689,98,0.1842105263157894,36005002702,4788,2206,0.460735171261487,4798,997,0.2077949145477282,4798,756,0.1575656523551479,21661,0.021661,67448.40958404506,0.8076946313414453
360050273004,360050273004,Block Group 4; Census Tract 273; Bronx County; New York,Bronx,979,535,523,0.977570093457944,466,288,0.6180257510729614,19,0.0194075587334014,336,0.3432073544433095,203,0.2073544433094994,499,0.5097037793667007,0,0.0,240,0.2451481103166496,89,0.1663551401869158,36005027300,6218,1662,0.2672885172081055,6218,558,0.0897394660662592,6218,554,0.0890961724027018,51326,0.051326,19074.15345049293,0.6875581252644
360050274014,360050274014,Block Group 4; Census Tract 274.01; Bronx County; New York,Bronx,1413,556,210,0.3776978417266187,839,173,0.2061978545887962,278,0.1967445152158528,247,0.1748053786270346,346,0.2448690728945506,0,0.0,33,0.0233545647558386,998,0.7062986553432413,13,0.0233812949640287,36005027401,4973,457,0.0918962396943494,4973,839,0.1687110396139151,4973,213,0.042831288960386,261614,0.261614,5401.0870977852865,0.7193344370244221
360050277004,360050277004,Block Group 4; Census Tract 277; Bronx County; New York,Bronx,2157,847,830,0.9799291617473436,1016,782,0.7696850393700787,414,0.191933240611961,27,0.0125173852573018,143,0.0662957811775614,184,0.0853036624942049,67,0.0310616597125637,1763,0.8173388966156699,85,0.1003541912632821,36005027700,4474,1362,0.3044255699597675,4474,787,0.1759052302190433,4474,320,0.0715243629861421,39025,0.039025,55272.26137091609,0.7454611899582764
360050279004,360050279004,Block Group 4; Census Tract 279; Bronx County; New York,Bronx,700,295,172,0.5830508474576271,330,89,0.2696969696969697,170,0.2428571428571428,117,0.1671428571428571,171,0.2442857142857142,141,0.2014285714285714,111,0.1585714285714285,263,0.3757142857142857,53,0.1796610169491525,36005027900,8037,1379,0.1715814358591514,8003,1313,0.1640634761964263,8003,540,0.0674746969886292,51808,0.051808,13511.426806670785,0.8722281667315606
360050285004,360050285004,Block Group 4; Census Tract 285; Bronx County; New York,Bronx,1090,500,365,0.73,775,140,0.1806451612903225,122,0.1119266055045871,96,0.0880733944954128,203,0.1862385321100917,0,0.0,13,0.0119266055045871,848,0.7779816513761468,34,0.068,36005028500,3414,353,0.1033977738722905,3422,586,0.1712448860315605,3422,111,0.032437171244886,93407,0.093407,11669.360968664016,0.7653879310840064
360050288004,360050288004,Block Group 4; Census Tract 288; Bronx County; New York,Bronx,313,191,155,0.8115183246073299,211,64,0.3033175355450237,0,0.0,80,0.255591054313099,248,0.792332268370607,3,0.0095846645367412,29,0.0926517571884984,33,0.1054313099041533,63,0.3298429319371728,36005028800,2589,238,0.0919273850907686,2589,297,0.1147161066048667,2589,123,0.0475086906141367,85819,0.085819,3647.2109905731822,0.9295464901374056
360050289004,360050289004,Block Group 4; Census Tract 289; Bronx County; New York,Bronx,445,390,352,0.9025641025641026,396,344,0.8686868686868687,1,0.0022471910112359,61,0.1370786516853932,254,0.5707865168539326,40,0.0898876404494382,0,0.0,100,0.2247191011235955,27,0.0692307692307692,36005028900,4314,804,0.1863699582753824,4314,448,0.1038479369494668,4314,424,0.0982846546128882,12131,0.012131,36682.87857555025,0.7914145893314557
360050028004,360050028004,Block Group 4; Census Tract 28; Bronx County; New York,Bronx,1448,694,694,1.0,725,354,0.4882758620689655,391,0.2700276243093922,237,0.1636740331491712,0,0.0,934,0.6450276243093923,0,0.0,514,0.3549723756906077,0,0.0,36005002800,5462,449,0.0822043207616257,5462,1376,0.2519223727572318,5462,235,0.0430245331380446,37864,0.037864,38242.129727445594,0.5430845800454438
360050293024,360050293024,Block Group 4; Census Tract 293.02; Bronx County; New York,Bronx,1776,618,173,0.2799352750809061,678,249,0.3672566371681416,332,0.1869369369369369,392,0.2207207207207207,773,0.4352477477477477,102,0.0574324324324324,199,0.1120495495495495,338,0.1903153153153153,0,0.0,36005029302,5319,94,0.0176724948298552,5319,759,0.1426959954878736,5319,94,0.0176724948298552,155321,0.155321,11434.38427514631,0.7231948870178386
360050295004,360050295004,Block Group 4; Census Tract 295; Bronx County; New York,Bronx,365,266,221,0.8308270676691729,171,91,0.5321637426900585,0,0.0,94,0.2575342465753424,121,0.3315068493150685,72,0.1972602739726027,18,0.0493150684931506,134,0.3671232876712328,63,0.2368421052631578,36005029500,4582,740,0.1615015277171541,4582,589,0.1285464862505456,4582,37,0.0080750763858577,75984,0.075984,4803.642872183618,0.7588824426676695
360050300004,360050300004,Block Group 4; Census Tract 300; Bronx County; New York,Bronx,690,499,346,0.6933867735470942,322,120,0.3726708074534161,32,0.0463768115942029,195,0.2826086956521739,236,0.3420289855072463,16,0.0231884057971014,29,0.0420289855072463,389,0.563768115942029,22,0.0440881763527054,36005030000,6860,625,0.0911078717201166,6920,604,0.0872832369942196,6920,295,0.0426300578034682,55545,0.055545,12422.360248447205,0.6259961629684059
360050302024,360050302024,Block Group 4; Census Tract 302.02; Bronx County; New York,Bronx,550,270,249,0.9222222222222224,141,58,0.4113475177304964,204,0.3709090909090909,207,0.3763636363636363,9,0.0163636363636363,486,0.8836363636363637,1,0.0018181818181818,54,0.0981818181818181,58,0.2148148148148148,36005030202,6160,513,0.0832792207792207,6160,749,0.1215909090909091,6160,174,0.0282467532467532,32432,0.032432,16958.559447459298,0.52171509380311
360050307014,360050307014,Block Group 4; Census Tract 307.01; Bronx County; New York,Bronx,1092,532,442,0.8308270676691729,554,137,0.2472924187725631,179,0.1639194139194139,370,0.3388278388278388,665,0.6089743589743589,39,0.0357142857142857,82,0.075091575091575,210,0.1923076923076923,68,0.1278195488721804,36005030701,5743,239,0.041615880201985,5743,837,0.1457426432178304,5743,293,0.0510186313773289,40259,0.040259,27124.36970615266,0.762209299190826
360050309004,360050309004,Block Group 4; Census Tract 309; Bronx County; New York,Bronx,1070,421,130,0.3087885985748218,477,166,0.3480083857442348,375,0.3504672897196261,159,0.1485981308411215,867,0.8102803738317756,15,0.014018691588785,24,0.022429906542056,164,0.1532710280373831,0,0.0,36005030900,2946,92,0.0312287847929395,3072,533,0.1735026041666666,3072,27,0.0087890625,82935,0.082935,12901.669982516429,0.7599829974784792
360050323004,360050323004,Block Group 4; Census Tract 323; Bronx County; New York,Bronx,1652,846,488,0.5768321513002365,517,95,0.1837524177949709,188,0.1138014527845036,829,0.5018159806295399,1238,0.7493946731234867,44,0.0266343825665859,19,0.011501210653753,351,0.2124697336561743,68,0.0803782505910165,36005032300,4923,175,0.0355474304286004,4923,767,0.1557993093642088,4923,64,0.0130002031281738,359726,0.359726,4592.384203532689,0.7176816612689867
360050328004,360050328004,Block Group 4; Census Tract 328; Bronx County; New York,Bronx,1131,350,251,0.7171428571428572,493,294,0.5963488843813387,416,0.367816091954023,97,0.0857648099027409,128,0.1131741821396993,309,0.273209549071618,177,0.156498673740053,517,0.4571175950486295,77,0.22,36005032800,4110,773,0.1880778588807785,4132,613,0.1483543078412391,4132,301,0.0728460793804453,50490,0.05049,22400.47534165181,0.8628225687727072
360050330004,360050330004,Block Group 4; Census Tract 330; Bronx County; New York,Bronx,751,516,444,0.8604651162790697,171,46,0.2690058479532163,89,0.118508655126498,383,0.5099866844207723,41,0.0545938748335552,97,0.1291611185086551,0,0.0,613,0.8162450066577897,244,0.4728682170542636,36005033000,5194,1244,0.2395071236041586,5194,753,0.1449749711205236,5194,161,0.0309973045822102,65584,0.065584,11450.963649670652,0.8114953553944069
360050332024,360050332024,Block Group 4; Census Tract 332.02; Bronx County; New York,Bronx,975,259,259,1.0,211,73,0.3459715639810427,121,0.1241025641025641,466,0.4779487179487179,136,0.1394871794871794,199,0.2041025641025641,0,0.0,640,0.6564102564102564,105,0.4054054054054054,36005033202,3182,806,0.2532998114393463,3182,508,0.1596480201131364,3182,70,0.0219987429289754,22387,0.022387,43552.06146424264,0.6917378474222201
360050336014,360050336014,Block Group 4; Census Tract 336.01; Bronx County; New York,Bronx,1967,1070,1070,1.0,469,330,0.7036247334754797,420,0.2135231316725978,380,0.1931875953228266,61,0.0310116929334011,862,0.4382308083375699,0,0.0,957,0.4865277071682766,105,0.0981308411214953,36005033601,4403,2005,0.4553713377242789,4414,967,0.2190756683280471,4414,427,0.0967376529225192,53807,0.053807,36556.58185737915,0.6714651483010252
360050340004,360050340004,Block Group 4; Census Tract 340; Bronx County; New York,Bronx,981,271,212,0.7822878228782287,445,179,0.4022471910112359,382,0.3893985728848114,0,0.0,102,0.1039755351681957,350,0.3567787971457696,1,0.001019367991845,388,0.3955147808358817,90,0.3321033210332103,36005034000,4978,984,0.1976697468862997,5004,415,0.0829336530775379,5004,720,0.1438848920863309,41669,0.041669,23542.68160982985,0.6775956250931419
360050348004,360050348004,Block Group 4; Census Tract 348; Bronx County; New York,Bronx,1432,519,85,0.163776493256262,638,185,0.2899686520376175,176,0.1229050279329608,259,0.1808659217877095,43,0.0300279329608938,337,0.2353351955307262,302,0.2108938547486033,503,0.3512569832402235,0,0.0,36005034800,6046,1143,0.1890506119748594,6046,632,0.1045319219318557,6046,144,0.0238173999338405,119595,0.119595,11973.744721769304,0.6647395112263614
360050358004,360050358004,Block Group 4; Census Tract 358; Bronx County; New York,Bronx,655,331,196,0.5921450151057401,249,94,0.3775100401606425,83,0.1267175572519084,248,0.3786259541984733,0,0.0,293,0.4473282442748091,0,0.0,149,0.2274809160305343,82,0.2477341389728096,36005035800,6673,619,0.0927618762175932,6673,688,0.1031020530496028,6673,214,0.0320695339427543,76968,0.076968,8510.030142396841,0.8464018359224555
360050361004,360050361004,Block Group 4; Census Tract 361; Bronx County; New York,Bronx,574,309,309,1.0,193,54,0.2797927461139896,155,0.2700348432055749,57,0.0993031358885017,0,0.0,0,0.0,0,0.0,574,1.0,109,0.3527508090614886,36005036100,4678,2287,0.4888841385207353,4679,1166,0.2491985466980124,4679,139,0.0297072023936738,10223,0.010223,56147.9017900812,0.7305049459755012
360050363004,360050363004,Block Group 4; Census Tract 363; Bronx County; New York,Bronx,1577,705,705,1.0,473,322,0.6807610993657506,586,0.3715916296766011,55,0.0348763474952441,31,0.0196575776791376,228,0.144578313253012,0,0.0,1318,0.8357641090678504,189,0.2680851063829787,36005036300,6714,2729,0.4064641048555257,6718,1478,0.2200059541530217,6718,348,0.0518011312890741,70945,0.070945,22228.486856015224,0.7343236818733335
360050371004,360050371004,Block Group 4; Census Tract 371; Bronx County; New York,Bronx,1229,411,337,0.8199513381995134,440,313,0.7113636363636363,340,0.2766476810414972,90,0.0732302685109845,15,0.0122050447518307,375,0.3051261187957689,0,0.0,839,0.6826688364524003,78,0.1897810218978102,36005037100,4202,1011,0.2405997144217039,4218,1149,0.2724039829302987,4218,249,0.0590327169274537,28651,0.028651,42895.53593242819,0.8438016477580359
360050373004,360050373004,Block Group 4; Census Tract 373; Bronx County; New York,Bronx,2268,831,831,1.0,400,165,0.4125,788,0.3474426807760141,282,0.1243386243386243,0,0.0,769,0.3390652557319224,0,0.0,1435,0.6327160493827161,171,0.2057761732851985,36005037300,6185,1415,0.2287793047696038,6197,2260,0.3646925931902533,6197,220,0.0355010488946264,32032,0.032032,70804.19580419581,0.8270813986940011
360050374004,360050374004,Block Group 4; Census Tract 374; Bronx County; New York,Bronx,938,395,395,1.0,349,222,0.6361031518624641,289,0.3081023454157782,165,0.1759061833688699,47,0.0501066098081023,305,0.3251599147121535,0,0.0,578,0.6162046908315565,80,0.2025316455696202,36005037400,3602,1169,0.3245419211549139,3633,673,0.1852463528764106,3633,161,0.0443159922928709,18970,0.01897,49446.49446494465,0.8263910980961815
360050379004,360050379004,Block Group 4; Census Tract 379; Bronx County; New York,Bronx,1039,411,325,0.7907542579075426,509,395,0.7760314341846758,250,0.2406159769008662,5,0.0048123195380173,0,0.0,225,0.2165543792107796,0,0.0,814,0.7834456207892204,139,0.3381995133819951,36005037900,6293,1922,0.3054187192118227,6961,1757,0.2524062634678925,6961,305,0.0438155437437149,20526,0.020526,50618.72746760207,0.8529651682412921
360050380004,360050380004,Block Group 4; Census Tract 380; Bronx County; New York,Bronx,2128,705,594,0.8425531914893617,922,480,0.5206073752711496,618,0.2904135338345864,251,0.1179511278195488,48,0.0225563909774436,1356,0.6372180451127819,0,0.0,686,0.3223684210526316,51,0.0723404255319148,36005038000,4925,2213,0.4493401015228426,4925,692,0.1405076142131979,4925,185,0.0375634517766497,84579,0.084579,25159.909670249115,0.821776414728305
360050381004,360050381004,Block Group 4; Census Tract 381; Bronx County; New York,Bronx,1372,611,611,1.0,733,497,0.6780354706684857,372,0.271137026239067,72,0.0524781341107871,0,0.0,748,0.5451895043731778,0,0.0,624,0.4548104956268221,216,0.353518821603928,36005038100,6523,2154,0.3302161582094128,6543,1032,0.1577258138468592,6543,591,0.0903255387436955,33733,0.033733,40672.33865947292,0.8640789602083687
360050385004,360050385004,Block Group 4; Census Tract 385; Bronx County; New York,Bronx,2479,925,925,1.0,446,273,0.6121076233183856,632,0.254941508672852,351,0.1415893505445744,16,0.0064542154094392,1021,0.4118596208148447,0,0.0,1442,0.581686163775716,94,0.1016216216216216,36005038500,5197,3759,0.7233019049451607,5218,1275,0.2443464929091606,5218,157,0.0300881563817554,61483,0.061483,40320.08847974237,0.9220053506343404
360050386004,360050386004,Block Group 4; Census Tract 386; Bronx County; New York,Bronx,1048,415,257,0.619277108433735,147,27,0.1836734693877551,91,0.0868320610687023,613,0.5849236641221374,0,0.0,977,0.9322519083969466,0,0.0,30,0.0286259541984732,38,0.0915662650602409,36005038600,7985,1631,0.204257983719474,8012,1044,0.1303045431852221,8012,524,0.0654018971542686,61075,0.061075,17159.230454359396,0.5713971018883375
360050389004,360050389004,Block Group 4; Census Tract 389; Bronx County; New York,Bronx,1011,304,304,1.0,561,175,0.3119429590017825,194,0.19188921859545,108,0.1068249258160237,0,0.0,234,0.2314540059347181,0,0.0,777,0.7685459940652819,20,0.0657894736842105,36005038900,5221,1810,0.3466768818234055,5412,505,0.0933111603843311,5412,906,0.1674057649667406,17708,0.017708,57092.839394623894,0.776915160725369
360050391004,360050391004,Block Group 4; Census Tract 391; Bronx County; New York,Bronx,1437,530,499,0.9415094339622642,808,419,0.5185643564356436,315,0.2192066805845511,393,0.2734864300626304,127,0.0883785664578984,93,0.0647181628392484,0,0.0,1217,0.8469032707028532,155,0.2924528301886792,36005039100,6048,2033,0.3361441798941799,6071,1192,0.1963432712897381,6071,820,0.1350683577664305,36897,0.036897,38946.25579315391,0.8349827934843278
360050393004,360050393004,Block Group 4; Census Tract 393; Bronx County; New York,Bronx,1894,612,589,0.9624183006535948,1161,776,0.6683893195521102,402,0.2122492080253432,74,0.0390707497360084,468,0.2470960929250264,704,0.3717001055966209,0,0.0,556,0.293558606124604,132,0.2156862745098039,36005039300,8776,3306,0.3767092069279854,8847,1510,0.170679326325308,8847,368,0.0415960212501412,20673,0.020673,91617.08508682824,0.7788173390760533
360050394004,360050394004,Block Group 4; Census Tract 394; Bronx County; New York,Bronx,764,292,242,0.8287671232876712,291,234,0.8041237113402062,124,0.1623036649214659,191,0.25,112,0.1465968586387434,443,0.5798429319371727,0,0.0,209,0.2735602094240837,93,0.3184931506849315,36005039400,4020,1149,0.285820895522388,4119,502,0.1218742413207089,4119,525,0.1274581209031318,44487,0.044487,17173.55631982377,0.7550236695371632
360050395004,360050395004,Block Group 4; Census Tract 395; Bronx County; New York,Bronx,1191,526,467,0.8878326996197718,557,345,0.6193895870736086,116,0.0973971452560873,149,0.125104953820319,13,0.0109151973131822,476,0.399664147774979,0,0.0,566,0.4752308984047019,20,0.0380228136882129,36005039500,4389,1820,0.4146730462519936,4372,1738,0.3975297346752058,4372,284,0.0649588289112534,181094,0.181094,6576.694976089765,0.8911830707812444
360050396004,360050396004,Block Group 4; Census Tract 396; Bronx County; New York,Bronx,837,279,226,0.8100358422939068,210,148,0.7047619047619048,211,0.2520908004778972,199,0.2377538829151732,137,0.1636798088410991,289,0.3452807646356033,0,0.0,379,0.4528076463560334,11,0.039426523297491,36005039600,3760,989,0.263031914893617,3760,666,0.177127659574468,3760,379,0.1007978723404255,44566,0.044566,18781.13359960508,0.7450958507777435
360050399014,360050399014,Block Group 4; Census Tract 399.01; Bronx County; New York,Bronx,1831,593,593,1.0,791,572,0.7231352718078382,384,0.2097214636810486,281,0.1534680502457673,0,0.0,119,0.0649918077553249,156,0.085199344620426,1388,0.7580557072637902,223,0.3760539629005059,36005039901,4854,987,0.2033374536464771,4808,459,0.0954658901830282,4808,547,0.1137687188019966,36951,0.036951,49552.10955048578,0.7420364008354727
360050399024,360050399024,Block Group 4; Census Tract 399.02; Bronx County; New York,Bronx,758,335,335,1.0,408,299,0.7328431372549019,143,0.1886543535620052,120,0.158311345646438,0,0.0,87,0.1147757255936675,0,0.0,671,0.8852242744063324,167,0.4985074626865671,36005039902,4706,1122,0.2384190395240119,4719,569,0.120576393303666,4719,822,0.1741894469167196,13880,0.01388,54610.951008645534,0.8124734673231241
360050039004,360050039004,Block Group 4; Census Tract 39; Bronx County; New York,Bronx,333,189,189,1.0,225,189,0.84,43,0.1291291291291291,65,0.1951951951951951,36,0.1081081081081081,65,0.1951951951951951,0,0.0,232,0.6966966966966966,0,0.0,36005003900,5567,2065,0.3709358721034668,5581,1159,0.2076688765454219,5581,488,0.0874395269664934,26702,0.026702,12470.975956857164,0.7979161904593066
360050401004,360050401004,Block Group 4; Census Tract 401; Bronx County; New York,Bronx,1236,510,510,1.0,464,236,0.5086206896551724,392,0.3171521035598705,54,0.0436893203883495,137,0.11084142394822,106,0.0857605177993527,0,0.0,984,0.7961165048543689,33,0.0647058823529411,36005040100,4566,2040,0.4467805519053876,4622,1135,0.2455646906101254,4622,485,0.1049329294677628,11324,0.011324,109148.7107029318,0.7195455906444417
360050405024,360050405024,Block Group 4; Census Tract 405.02; Bronx County; New York,Bronx,566,291,291,1.0,240,122,0.5083333333333333,44,0.07773851590106,0,0.0,82,0.1448763250883392,48,0.0848056537102473,8,0.0141342756183745,428,0.7561837455830389,149,0.5120274914089347,36005040502,5615,2013,0.3585040071237756,5574,601,0.1078220308575529,5574,444,0.0796555435952637,24085,0.024085,23500.10379904505,0.799707245047642
360050407024,360050407024,Block Group 4; Census Tract 407.02; Bronx County; New York,Bronx,1358,402,402,1.0,438,173,0.3949771689497717,467,0.3438880706921944,61,0.0449189985272459,262,0.1929307805596465,69,0.0508100147275405,124,0.0913107511045655,862,0.6347569955817378,124,0.308457711442786,36005040702,6223,1739,0.2794472119556484,6223,1239,0.1991001124859392,6223,341,0.0547967218383416,35160,0.03516,38623.43572241184,0.8032190325236379
360050408004,360050408004,Block Group 4; Census Tract 408; Bronx County; New York,Bronx,1624,618,576,0.9320388349514565,547,379,0.6928702010968921,382,0.2352216748768472,121,0.0745073891625615,0,0.0,501,0.3084975369458128,0,0.0,1123,0.6915024630541872,48,0.0776699029126213,36005040800,4168,865,0.2075335892514395,4374,713,0.1630086877000457,4374,425,0.0971650663008687,50972,0.050972,31860.629365141645,0.7332325063958157
360050413004,360050413004,Block Group 4; Census Tract 413; Bronx County; New York,Bronx,842,477,477,1.0,443,235,0.5304740406320542,96,0.1140142517814726,72,0.0855106888361045,102,0.1211401425178147,46,0.0546318289786223,0,0.0,681,0.8087885985748219,64,0.1341719077568134,36005041300,7251,2037,0.2809267687215556,7327,889,0.1213320595059369,7327,818,0.1116418725262727,31157,0.031157,27024.424687871106,0.8497622370361921
360050414004,360050414004,Block Group 4; Census Tract 414; Bronx County; New York,Bronx,2009,494,219,0.4433198380566802,878,350,0.398633257403189,260,0.1294176207068193,250,0.1244400199104031,91,0.0452961672473867,668,0.3325037332005973,208,0.1035340965654554,756,0.3763066202090592,0,0.0,36005041400,5290,727,0.1374291115311909,5478,880,0.1606425702811245,5478,395,0.0721066082511865,276290,0.27629,7271.34532556372,0.7058653250623899
360050415004,360050415004,Block Group 4; Census Tract 415; Bronx County; New York,Bronx,691,493,415,0.8417849898580122,134,18,0.1343283582089552,0,0.0,144,0.2083936324167872,70,0.1013024602026049,148,0.2141823444283647,0,0.0,473,0.6845151953690304,185,0.3752535496957404,36005041500,5555,1288,0.2318631863186318,5555,536,0.0964896489648965,5555,597,0.1074707470747074,27056,0.027056,25539.621525724426,0.8045441554750159
360050418004,360050418004,Block Group 4; Census Tract 418; Bronx County; New York,Bronx,532,223,206,0.9237668161434978,281,118,0.4199288256227758,194,0.3646616541353383,57,0.1071428571428571,40,0.075187969924812,423,0.7951127819548872,0,0.0,69,0.1296992481203007,0,0.0,36005041800,3357,530,0.1578790586833482,3396,958,0.2820965842167255,3396,422,0.1242638398115429,22433,0.022433,23715.06263094548,0.9429706225239132
360050419004,360050419004,Block Group 4; Census Tract 419; Bronx County; New York,Bronx,1323,440,440,1.0,670,467,0.6970149253731344,293,0.2214663643235072,174,0.1315192743764172,56,0.0423280423280423,128,0.0967498110355253,65,0.0491307634164777,943,0.7127739984882842,147,0.3340909090909091,36005041900,6199,1059,0.1708340054847556,6212,885,0.1424661944623309,6212,567,0.0912749517063747,159174,0.159174,8311.658939274,0.845619202948122
360050041004,360050041004,Block Group 4; Census Tract 41; Bronx County; New York,Bronx,2878,1227,1227,1.0,638,394,0.6175548589341693,881,0.3061153578874218,251,0.0872133425990271,0,0.0,1138,0.3954134815844336,0,0.0,1655,0.5750521195274496,302,0.2461287693561532,36005004100,6143,3311,0.5389874654077812,6105,1726,0.2827190827190827,6105,330,0.054054054054054,50659,0.050659,56811.22801476539,0.868902892889422
360050421004,360050421004,Block Group 4; Census Tract 421; Bronx County; New York,Bronx,1813,779,737,0.9460847240051348,902,635,0.7039911308203991,342,0.1886376172090458,145,0.0799779371207942,0,0.0,338,0.1864313292884721,144,0.0794263651406508,1331,0.734142305570877,260,0.3337612323491656,36005042100,5780,1763,0.3050173010380623,5780,527,0.0911764705882352,5780,579,0.1001730103806228,19835,0.019835,91404.0836904462,0.8404670997573938
360050425004,360050425004,Block Group 4; Census Tract 425; Bronx County; New York,Bronx,1563,361,361,1.0,234,77,0.329059829059829,708,0.4529750479846449,107,0.0684580934101087,513,0.328214971209213,0,0.0,0,0.0,1050,0.6717850287907869,125,0.3462603878116344,36005042500,6693,2209,0.3300463170476617,6808,1020,0.1498237367802585,6808,522,0.076674500587544,16311,0.016311,95824.90343939672,0.806239981748016
360050426004,360050426004,Block Group 4; Census Tract 426; Bronx County; New York,Bronx,1086,401,147,0.3665835411471321,528,272,0.5151515151515151,221,0.2034990791896869,181,0.1666666666666666,100,0.0920810313075506,475,0.4373848987108655,67,0.0616942909760589,358,0.3296500920810313,60,0.1496259351620947,36005042600,6635,1090,0.1642803315749811,6660,1193,0.1791291291291291,6660,739,0.1109609609609609,71445,0.071445,15200.503884106656,0.7384491452723824
360050042004,360050042004,Block Group 4; Census Tract 42; Bronx County; New York,Bronx,896,223,223,1.0,315,153,0.4857142857142857,269,0.3002232142857143,152,0.1696428571428571,1,0.0011160714285714,210,0.234375,0,0.0,685,0.7645089285714286,0,0.0,36005004200,7755,1214,0.1565441650548033,7724,1165,0.150828586224754,7724,364,0.0471258415328845,39725,0.039725,22555.066079295153,0.5385103970732819
360050431014,360050431014,Block Group 4; Census Tract 431.01; Bronx County; New York,Bronx,1288,573,573,1.0,532,215,0.4041353383458647,378,0.2934782608695652,159,0.1234472049689441,71,0.0551242236024844,305,0.2368012422360248,358,0.2779503105590062,548,0.4254658385093168,106,0.1849912739965096,36005043101,5051,2025,0.4009107107503464,5051,1030,0.2039200158384478,5051,382,0.0756285883983369,21665,0.021665,59450.726978998384,0.9575790050063436
360050434004,360050434004,Block Group 4; Census Tract 434; Bronx County; New York,Bronx,1096,466,400,0.8583690987124464,590,227,0.3847457627118644,108,0.0985401459854014,119,0.1085766423357664,3,0.0027372262773722,806,0.7354014598540146,5,0.0045620437956204,282,0.2572992700729927,0,0.0,36005043400,3921,1019,0.2598826829890334,3921,391,0.0997194593216016,3921,136,0.0346850293292527,81596,0.081596,13432.030981910875,0.8957270070714755
360050043004,360050043004,Block Group 4; Census Tract 43; Bronx County; New York,Bronx,1429,665,637,0.9578947368421052,498,327,0.6566265060240963,516,0.3610916724982505,236,0.1651504548635409,0,0.0,430,0.3009097270818754,0,0.0,999,0.6990902729181245,252,0.3789473684210526,36005004300,5400,2546,0.4714814814814815,5400,1508,0.2792592592592592,5400,131,0.0242592592592592,38094,0.038094,37512.46915524754,0.7794635024396612
360050442004,360050442004,Block Group 4; Census Tract 442; Bronx County; New York,Bronx,1872,430,73,0.1697674418604651,542,126,0.2324723247232472,713,0.3808760683760683,120,0.0641025641025641,0,0.0,1578,0.842948717948718,17,0.0090811965811965,36,0.0192307692307692,17,0.0395348837209302,36005044200,3993,1282,0.3210618582519409,4003,829,0.2070946789907569,4003,635,0.1586310267299525,62334,0.062334,30031.764366156513,0.7879261440353675
360050444004,360050444004,Block Group 4; Census Tract 444; Bronx County; New York,Bronx,1616,457,160,0.350109409190372,448,199,0.4441964285714285,365,0.2258663366336633,384,0.2376237623762376,65,0.0402227722772277,647,0.4003712871287129,96,0.0594059405940594,464,0.2871287128712871,0,0.0,36005044400,4293,671,0.1563009550430934,4293,620,0.1444211507104588,4293,374,0.0871185651059864,168083,0.168083,9614.297698161026,0.6187653915937286
360050044004,360050044004,Block Group 4; Census Tract 44; Bronx County; New York,Bronx,523,225,225,1.0,239,203,0.8493723849372385,66,0.1261950286806883,57,0.1089866156787763,15,0.02868068833652,193,0.3690248565965583,0,0.0,301,0.5755258126195029,27,0.12,36005004400,4118,1573,0.3819815444390481,4118,591,0.143516270033997,4118,201,0.0488101019912578,77162,0.077162,6777.947694461004,0.7549938499720497
360050458004,360050458004,Block Group 4; Census Tract 458; Bronx County; New York,Bronx,2948,1048,1048,1.0,916,281,0.3067685589519651,798,0.2706919945725916,537,0.182157394843962,0,0.0,1238,0.4199457259158751,0,0.0,1590,0.5393487109905021,73,0.0696564885496183,36005045800,5523,2353,0.4260365743255477,5523,1630,0.2951294586275574,5523,222,0.0401955458989679,117091,0.117091,25176.999086180833,0.6942998156696267
360050462044,360050462044,Block Group 4; Census Tract 462.04; Bronx County; New York,Bronx,2432,1194,996,0.8341708542713567,1217,502,0.4124897288414133,219,0.0900493421052631,460,0.1891447368421052,0,0.0,1537,0.6319901315789473,0,0.0,787,0.3236019736842105,156,0.1306532663316583,36005046204,5257,541,0.1029104051740536,5257,793,0.1508464903937607,5257,348,0.0661974510176907,23470,0.02347,103621.6446527482,0.5431368848441207
360050462054,360050462054,Block Group 4; Census Tract 462.05; Bronx County; New York,Bronx,1486,603,487,0.8076285240464345,683,254,0.3718887262079063,448,0.3014804845222072,153,0.1029609690444145,0,0.0,998,0.6716016150740243,0,0.0,488,0.3283983849259758,0,0.0,36005046205,3633,606,0.166804293971924,3633,602,0.1657032755298651,3633,21,0.0057803468208092,33860,0.03386,43886.59184878913,0.5461685173598453
360050462064,360050462064,Block Group 4; Census Tract 462.06; Bronx County; New York,Bronx,1256,548,419,0.7645985401459854,683,257,0.3762811127379209,321,0.2555732484076433,97,0.0772292993630573,11,0.0087579617834394,1206,0.9601910828025476,0,0.0,39,0.0310509554140127,68,0.1240875912408759,36005046206,3942,46,0.0116692034500253,3948,493,0.1248733535967578,3948,381,0.0965045592705167,7235,0.007235,173600.55286800276,0.5480833211192581
360050462084,360050462084,Block Group 4; Census Tract 462.08; Bronx County; New York,Bronx,1964,602,481,0.7990033222591362,959,380,0.3962460896767466,499,0.2540733197556008,129,0.0656822810590631,0,0.0,1615,0.8223014256619144,0,0.0,142,0.0723014256619144,0,0.0,36005046208,4416,379,0.0858242753623188,4378,454,0.1037003197807217,4378,239,0.0545911375057103,97330,0.09733,20178.773245659097,0.7075520856062524
360050004004,360050004004,Block Group 4; Census Tract 4; Bronx County; New York,Bronx,476,257,163,0.6342412451361867,233,0,0.0,130,0.2731092436974789,53,0.111344537815126,0,0.0,345,0.7247899159663865,19,0.0399159663865546,112,0.2352941176470588,68,0.2645914396887159,36005000400,6649,297,0.0446683711836366,6649,935,0.1406226500225597,6649,137,0.0206046021958189,84154,0.084154,5656.296789219763,0.5276038555922411
360050050014,360050050014,Block Group 4; Census Tract 50.01; Bronx County; New York,Bronx,997,379,352,0.9287598944591028,330,236,0.7151515151515152,145,0.1454363089267803,69,0.0692076228686058,7,0.0070210631895687,562,0.563691073219659,30,0.0300902708124373,393,0.3941825476429287,95,0.2506596306068601,36005005001,4852,2714,0.5593569661995054,4878,593,0.1215662156621566,4878,621,0.1273062730627306,19620,0.01962,50815.49439347605,0.5223502862608254
360050050024,360050050024,Block Group 4; Census Tract 50.02; Bronx County; New York,Bronx,1267,309,283,0.9158576051779936,378,254,0.671957671957672,448,0.3535911602209944,129,0.1018153117600631,12,0.0094711917916337,106,0.0836621941594317,0,0.0,1149,0.9068666140489344,119,0.3851132686084142,36005005002,6151,2360,0.3836774508210047,6275,499,0.0795219123505976,6275,1423,0.2267729083665338,22468,0.022468,56391.31208830337,0.6552590790251703
360050516014,360050516014,Block Group 4; Census Tract 516.01; Bronx County; New York,Bronx,897,421,197,0.4679334916864608,333,91,0.2732732732732733,119,0.1326644370122631,331,0.3690078037904125,681,0.7591973244147158,0,0.0,14,0.0156075808249721,115,0.1282051282051282,21,0.0498812351543943,36005051601,3828,199,0.0519853709508881,3828,1116,0.2915360501567398,3828,60,0.0156739811912225,240083,0.240083,3736.2078947697255,0.459055016016823
360050054004,360050054004,Block Group 4; Census Tract 54; Bronx County; New York,Bronx,1196,320,320,1.0,346,207,0.5982658959537572,391,0.3269230769230769,99,0.0827759197324414,0,0.0,440,0.3678929765886287,0,0.0,756,0.6321070234113713,131,0.409375,36005005400,5482,1362,0.2484494709959868,5482,428,0.0780736957314848,5482,738,0.1346224005837285,22099,0.022099,54120.09593194262,0.514174380289364
360050062004,360050062004,Block Group 4; Census Tract 62; Bronx County; New York,Bronx,1689,625,625,1.0,741,455,0.6140350877192983,630,0.3730017761989342,72,0.0426287744227353,0,0.0,202,0.1195973949082297,0,0.0,1487,0.8804026050917703,422,0.6752,36005006200,6363,2998,0.4711614018544711,6363,1025,0.1610875373251611,6363,697,0.1095395253811095,21619,0.021619,78125.7227438827,0.5517619410760466
360050063014,360050063014,Block Group 4; Census Tract 63.01; Bronx County; New York,Bronx,2835,1070,922,0.8616822429906542,1475,940,0.6372881355932203,315,0.1111111111111111,395,0.1393298059964726,494,0.1742504409171076,354,0.1248677248677248,0,0.0,1968,0.6941798941798942,113,0.105607476635514,36005006301,7038,2425,0.3445581131003126,7053,997,0.1413582872536509,7053,902,0.1278888416276761,121201,0.121201,23390.896114718525,0.922946999835767
360050064004,360050064004,Block Group 4; Census Tract 64; Bronx County; New York,Bronx,513,178,151,0.848314606741573,154,97,0.6298701298701299,172,0.3352826510721247,72,0.1403508771929824,81,0.1578947368421052,0,0.0,17,0.0331384015594541,415,0.8089668615984406,0,0.0,36005006400,4054,1671,0.4121854958066107,4194,420,0.100143061516452,4194,279,0.0665236051502145,38870,0.03887,13197.838950347312,0.6898565854616556
360050065004,360050065004,Block Group 4; Census Tract 65; Bronx County; New York,Bronx,697,266,266,1.0,85,14,0.1647058823529411,164,0.2352941176470588,28,0.0401721664275466,90,0.1291248206599713,380,0.5451936872309899,0,0.0,227,0.3256814921090387,0,0.0,36005006500,4980,2702,0.542570281124498,5008,707,0.1411741214057508,5008,93,0.0185702875399361,58728,0.058728,11868.274077101212,0.9471165765077644
360050067004,360050067004,Block Group 4; Census Tract 67; Bronx County; New York,Bronx,1500,510,510,1.0,510,182,0.3568627450980392,194,0.1293333333333333,187,0.1246666666666666,0,0.0,1006,0.6706666666666666,0,0.0,494,0.3293333333333333,64,0.1254901960784313,36005006700,7588,4164,0.5487612018977333,7664,2566,0.3348121085594989,7664,704,0.0918580375782881,39183,0.039183,38281.90797029323,0.86051781703861
360050069004,360050069004,Block Group 4; Census Tract 69; Bronx County; New York,Bronx,1253,458,458,1.0,378,378,1.0,401,0.3200319233838787,79,0.063048683160415,0,0.0,551,0.4397446129289705,0,0.0,702,0.5602553870710295,162,0.3537117903930131,36005006900,6077,2378,0.3913115023860457,6077,1202,0.197794964620701,6077,532,0.0875431956557512,21823,0.021823,57416.48719241168,0.79515803234338
360050072004,360050072004,Block Group 4; Census Tract 72; Bronx County; New York,Bronx,536,182,164,0.9010989010989012,396,232,0.5858585858585859,36,0.0671641791044776,35,0.0652985074626865,91,0.169776119402985,0,0.0,0,0.0,416,0.7761194029850746,69,0.3791208791208791,36005007200,4845,905,0.1867905056759546,4845,510,0.1052631578947368,4845,738,0.1523219814241486,24219,0.024219,22131.38445022503,0.6085774269767614
360050075004,360050075004,Block Group 4; Census Tract 75; Bronx County; New York,Bronx,705,380,380,1.0,239,116,0.4853556485355648,0,0.0,236,0.3347517730496454,123,0.1744680851063829,39,0.0553191489361702,0,0.0,359,0.5092198581560283,140,0.3684210526315789,36005007500,6353,2753,0.4333385801983315,6353,1203,0.1893593577837242,6353,405,0.0637494097276877,24435,0.024435,28852.05647636587,0.6677431925133084
360050076004,360050076004,Block Group 4; Census Tract 76; Bronx County; New York,Bronx,1342,602,499,0.8289036544850499,482,360,0.7468879668049793,275,0.2049180327868852,393,0.2928464977645305,40,0.029806259314456,484,0.360655737704918,272,0.202682563338301,535,0.3986587183308495,77,0.127906976744186,36005007600,5244,1071,0.204233409610984,5252,560,0.1066260472201066,5252,734,0.1397562833206397,67400,0.0674,19910.979228486645,0.6352026980067662
360050078004,360050078004,Block Group 4; Census Tract 78; Bronx County; New York,Bronx,1016,483,426,0.8819875776397516,518,249,0.4806949806949807,173,0.1702755905511811,104,0.1023622047244094,16,0.0157480314960629,321,0.3159448818897638,42,0.0413385826771653,637,0.6269685039370079,170,0.3519668737060041,36005007800,5633,1651,0.2930942659328954,5633,938,0.1665187289188709,5633,760,0.1349192259897035,33326,0.033326,30486.70707555662,0.7041590397507154
360050079004,360050079004,Block Group 4; Census Tract 79; Bronx County; New York,Bronx,1582,467,432,0.925053533190578,566,173,0.3056537102473498,340,0.2149178255372945,441,0.2787610619469026,0,0.0,461,0.2914032869785082,0,0.0,1121,0.7085967130214917,45,0.0963597430406852,36005007900,6809,2128,0.3125275370832721,6829,1449,0.2121833357739054,6829,438,0.06413823400205,51666,0.051666,30619.749932257193,0.6552314236097307
360050083004,360050083004,Block Group 4; Census Tract 83; Bronx County; New York,Bronx,2480,847,717,0.846517119244392,985,562,0.5705583756345177,649,0.2616935483870968,226,0.0911290322580645,0,0.0,0,0.0,0,0.0,2435,0.9818548387096774,295,0.3482880755608028,36005008300,6285,1895,0.3015115354017502,6287,1554,0.2471767138539844,6287,661,0.1051375854938762,41442,0.041442,59842.67168572945,0.6535032346133748
360050085004,360050085004,Block Group 4; Census Tract 85; Bronx County; New York,Bronx,783,331,331,1.0,174,109,0.6264367816091954,217,0.2771392081736909,179,0.2286079182630906,0,0.0,55,0.070242656449553,137,0.1749680715197956,481,0.6143039591315453,47,0.1419939577039275,36005008500,5861,1574,0.2685548541204572,5866,1099,0.1873508353221957,5866,526,0.0896692806000682,15443,0.015443,50702.58369487794,0.7125950895093702
360050087004,360050087004,Block Group 4; Census Tract 87; Bronx County; New York,Bronx,1145,332,332,1.0,396,284,0.7171717171717171,553,0.4829694323144105,140,0.1222707423580786,0,0.0,450,0.3930131004366812,0,0.0,695,0.6069868995633187,110,0.3313253012048193,36005008700,5738,2120,0.3694667131404671,5807,1162,0.2001033235749957,5807,402,0.0692267952471155,18316,0.018316,62513.64926839922,0.6955352032604653
360050090004,360050090004,Block Group 4; Census Tract 90; Bronx County; New York,Bronx,1241,346,189,0.546242774566474,519,295,0.5684007707129094,324,0.2610797743755036,231,0.1861402095084609,2,0.0016116035455278,255,0.2054794520547945,183,0.1474617244157937,767,0.6180499597099114,103,0.2976878612716763,36005009000,3764,1613,0.4285334750265674,3861,965,0.2499352499352499,3861,80,0.0207200207200207,85432,0.085432,14526.172862627587,0.6119259212176517
360050092004,360050092004,Block Group 4; Census Tract 92; Bronx County; New York,Bronx,1082,230,104,0.4521739130434782,608,134,0.2203947368421052,206,0.1903881700554528,141,0.1303142329020332,0,0.0,0,0.0,294,0.2717190388170055,776,0.7171903881700554,1,0.0043478260869565,36005009200,5888,934,0.1586277173913043,5888,657,0.1115828804347826,5888,595,0.1010529891304347,45246,0.045246,23913.716129602617,0.8553373277976669
360050093014,360050093014,Block Group 4; Census Tract 93.01; Bronx County; New York,Bronx,809,322,316,0.9813664596273292,325,135,0.4153846153846154,209,0.2583436341161928,220,0.2719406674907293,0,0.0,100,0.1236093943139678,0,0.0,709,0.8763906056860321,59,0.1832298136645962,36005009301,5623,1460,0.2596478747999288,5714,1124,0.1967098354917746,5714,697,0.1219810990549527,107526,0.107526,7523.761694845898,0.6124154508758787
360050098004,360050098004,Block Group 4; Census Tract 98; Bronx County; New York,Bronx,665,204,20,0.0980392156862745,387,74,0.1912144702842377,31,0.0466165413533834,46,0.069172932330827,0,0.0,101,0.1518796992481203,434,0.6526315789473685,38,0.0571428571428571,20,0.0980392156862745,36005009800,4071,504,0.1238025055268975,4071,1006,0.2471137312699582,4071,280,0.0687791697371653,64962,0.064962,10236.75379452603,0.5946065843220283
360050119005,360050119005,Block Group 5; Census Tract 119; Bronx County; New York,Bronx,712,256,256,1.0,296,239,0.8074324324324325,309,0.4339887640449438,25,0.0351123595505618,0,0.0,252,0.3539325842696629,0,0.0,389,0.5463483146067416,84,0.328125,36005011900,5842,1343,0.2298870249914412,5826,1281,0.2198764160659114,5826,99,0.0169927909371781,33834,0.033834,21043.92031684105,0.7215738825721684
360050132005,360050132005,Block Group 5; Census Tract 132; Bronx County; New York,Bronx,2307,690,101,0.1463768115942029,1246,267,0.2142857142857142,463,0.200693541395752,348,0.1508452535760728,637,0.2761161681837885,358,0.1551798872995232,216,0.0936280884265279,1096,0.4750758560901604,0,0.0,36005013200,7083,397,0.0560496964563038,7083,1809,0.2554002541296061,7083,276,0.0389665396018636,120656,0.120656,19120.474738098397,0.8239934861684057
360050144005,360050144005,Block Group 5; Census Tract 144; Bronx County; New York,Bronx,1715,645,580,0.8992248062015504,667,155,0.232383808095952,292,0.1702623906705539,328,0.1912536443148688,18,0.0104956268221574,296,0.1725947521865889,0,0.0,1383,0.8064139941690962,174,0.2697674418604651,36005014400,6091,1724,0.2830405516335577,6128,1451,0.2367819843342036,6128,648,0.1057441253263707,104434,0.104434,16421.85495145259,0.7931202662485882
360050175005,360050175005,Block Group 5; Census Tract 175; Bronx County; New York,Bronx,1163,450,450,1.0,292,227,0.7773972602739726,491,0.4221840068787618,88,0.0756663800515907,40,0.0343938091143594,733,0.6302665520206363,0,0.0,235,0.2020636285468615,65,0.1444444444444444,36005017500,6228,2433,0.390655105973025,6228,1498,0.2405266538214515,6228,432,0.0693641618497109,11796,0.011796,98592.74330281452,0.8705504324177359
360050197005,360050197005,Block Group 5; Census Tract 197; Bronx County; New York,Bronx,745,215,215,1.0,451,358,0.7937915742793792,123,0.1651006711409396,0,0.0,0,0.0,298,0.4,0,0.0,447,0.6,0,0.0,36005019700,7542,4287,0.5684168655529037,7628,1332,0.1746198217094913,7628,591,0.0774777136864184,12505,0.012505,59576.16953218712,0.8536854737781157
360050199005,360050199005,Block Group 5; Census Tract 199; Bronx County; New York,Bronx,1692,638,638,1.0,784,614,0.7831632653061225,494,0.2919621749408983,74,0.0437352245862884,0,0.0,1213,0.716903073286052,0,0.0,479,0.283096926713948,111,0.1739811912225705,36005019900,6781,2421,0.3570269871700339,6852,1175,0.1714827787507297,6852,388,0.0566258026853473,18153,0.018153,93207.7342588002,0.7867339051443619
360050205015,360050205015,Block Group 5; Census Tract 205.01; Bronx County; New York,Bronx,3060,1122,1122,1.0,654,570,0.8715596330275229,993,0.3245098039215686,544,0.1777777777777777,0,0.0,1558,0.5091503267973856,0,0.0,1403,0.4584967320261437,251,0.2237076648841354,36005020501,8397,3682,0.4384899368822198,8397,1989,0.2368703108252947,8397,527,0.0627605097058473,61492,0.061492,49762.57074090939,0.74219756315789
360050210015,360050210015,Block Group 5; Census Tract 210.01; Bronx County; New York,Bronx,768,429,429,1.0,389,284,0.7300771208226221,143,0.1861979166666666,17,0.0221354166666666,0,0.0,614,0.7994791666666666,0,0.0,154,0.2005208333333333,0,0.0,36005021001,7346,1393,0.1896270078954533,7347,1249,0.1700013610997686,7347,587,0.0798965564175854,37829,0.037829,20301.884797377672,0.800818751199588
360050210025,360050210025,Block Group 5; Census Tract 210.02; Bronx County; New York,Bronx,590,232,228,0.9827586206896552,343,259,0.7551020408163265,55,0.0932203389830508,52,0.0881355932203389,10,0.0169491525423728,0,0.0,204,0.3457627118644067,284,0.4813559322033898,33,0.1422413793103448,36005021002,7410,1739,0.2346828609986504,7434,837,0.1125907990314769,7434,400,0.0538068334678504,23460,0.02346,25149.190110826938,0.79943218119187
360050212005,360050212005,Block Group 5; Census Tract 212; Bronx County; New York,Bronx,368,200,158,0.79,120,21,0.175,75,0.2038043478260869,65,0.1766304347826087,65,0.1766304347826087,128,0.3478260869565217,145,0.3940217391304347,30,0.0815217391304347,30,0.15,36005021200,5218,1106,0.2119586048294365,5322,746,0.1401728673431041,5322,298,0.0559939872228485,16938,0.016938,21726.295902703976,0.7870407948580438
360050215025,360050215025,Block Group 5; Census Tract 215.02; Bronx County; New York,Bronx,2120,693,693,1.0,620,360,0.5806451612903226,663,0.3127358490566038,12,0.0056603773584905,3,0.0014150943396226,476,0.2245283018867924,2,0.000943396226415,1626,0.7669811320754717,81,0.1168831168831168,36005021502,6163,2880,0.4673048839850722,6235,1581,0.2535685645549318,6235,444,0.0712109061748195,29126,0.029126,72787.20043946989,0.776575444916729
360050216025,360050216025,Block Group 5; Census Tract 216.02; Bronx County; New York,Bronx,1254,564,498,0.8829787234042553,502,373,0.7430278884462151,269,0.2145135566188197,203,0.1618819776714513,45,0.0358851674641148,142,0.113237639553429,422,0.3365231259968102,558,0.4449760765550239,54,0.0957446808510638,36005021602,6027,1075,0.1783640285382445,6027,515,0.0854488136718101,6027,161,0.0267131242740998,29214,0.029214,42924.62517970836,0.7375675370464639
360050218005,360050218005,Block Group 5; Census Tract 218; Bronx County; New York,Bronx,698,342,306,0.8947368421052632,373,182,0.4879356568364611,147,0.2106017191977077,209,0.2994269340974212,0,0.0,173,0.2478510028653295,0,0.0,525,0.7521489971346705,91,0.2660818713450292,36005021800,6010,1521,0.2530782029950083,6050,974,0.1609917355371901,6050,634,0.104793388429752,108005,0.108005,6462.663765566409,0.6957930577360701
360050225005,360050225005,Block Group 5; Census Tract 225; Bronx County; New York,Bronx,574,175,175,1.0,324,209,0.6450617283950617,90,0.156794425087108,30,0.0522648083623693,0,0.0,90,0.156794425087108,0,0.0,484,0.8432055749128919,72,0.4114285714285714,36005022500,7960,2048,0.257286432160804,8040,1852,0.2303482587064676,8040,1000,0.1243781094527363,13529,0.013529,42427.37822455466,0.9732254055233536
360050229015,360050229015,Block Group 5; Census Tract 229.01; Bronx County; New York,Bronx,1456,515,515,1.0,364,324,0.8901098901098901,356,0.2445054945054945,123,0.0844780219780219,107,0.0734890109890109,448,0.3076923076923077,0,0.0,901,0.6188186813186813,253,0.4912621359223301,36005022901,5918,1793,0.3029739776951672,5927,924,0.1558967437152016,5927,857,0.1445925426016534,29798,0.029798,48862.33975434593,0.9038597236736348
360050239005,360050239005,Block Group 5; Census Tract 239; Bronx County; New York,Bronx,952,342,342,1.0,385,157,0.4077922077922078,166,0.1743697478991596,41,0.0430672268907563,37,0.0388655462184873,5,0.0052521008403361,0,0.0,910,0.9558823529411764,75,0.219298245614035,36005023900,8570,3371,0.3933488914819136,8591,1269,0.1477127226166918,8591,1558,0.1813525782795949,18184,0.018184,52353.71755389353,0.7220999901783591
360050241005,360050241005,Block Group 5; Census Tract 241; Bronx County; New York,Bronx,1257,477,477,1.0,355,195,0.5492957746478874,183,0.1455847255369928,397,0.3158313444709626,0,0.0,146,0.1161495624502784,0,0.0,1090,0.8671439936356404,145,0.3039832285115304,36005024100,6067,2451,0.403988791824625,6078,922,0.1516946363935505,6078,650,0.1069430733794011,20191,0.020191,62255.4603536229,0.8835067384630704
360050251005,360050251005,Block Group 5; Census Tract 251; Bronx County; New York,Bronx,2491,771,626,0.8119325551232166,862,345,0.4002320185614849,1013,0.4066639903653151,200,0.0802890405459654,0,0.0,285,0.1144118827780008,0,0.0,2206,0.8855881172219991,327,0.424124513618677,36005025100,6983,2828,0.4049835314334813,6983,1730,0.2477445224115709,6983,813,0.1164256050408134,57014,0.057014,43691.02325744554,0.8129965048607778
360050025005,360050025005,Block Group 5; Census Tract 25; Bronx County; New York,Bronx,1027,289,289,1.0,427,281,0.65807962529274,274,0.2667964946445959,0,0.0,21,0.0204479065238558,0,0.0,0,0.0,1006,0.979552093476144,31,0.1072664359861591,36005002500,5111,2292,0.4484445314028565,5117,975,0.1905413328121946,5117,555,0.1084619894469415,34175,0.034175,30051.2070226774,0.6676067215930324
360050263005,360050263005,Block Group 5; Census Tract 263; Bronx County; New York,Bronx,1651,508,508,1.0,390,228,0.5846153846153846,156,0.0944881889763779,856,0.51847365233192,170,0.1029678982434888,374,0.2265293761356753,8,0.0048455481526347,1073,0.6499091459721381,142,0.2795275590551181,36005026300,5743,1357,0.2362876545359568,5743,951,0.1655928956991119,5743,285,0.0496256312032039,40707,0.040707,40558.13496450242,0.6543930488633866
360050266025,360050266025,Block Group 5; Census Tract 266.02; Bronx County; New York,Bronx,837,270,237,0.8777777777777778,460,142,0.308695652173913,212,0.2532855436081243,113,0.1350059737156511,137,0.1636798088410991,33,0.039426523297491,132,0.1577060931899641,535,0.6391875746714456,73,0.2703703703703703,36005026602,5900,1002,0.1698305084745762,5900,1137,0.1927118644067796,5900,320,0.0542372881355932,38287,0.038287,21861.206153524698,0.773917993528489
360050267025,360050267025,Block Group 5; Census Tract 267.02; Bronx County; New York,Bronx,816,266,261,0.981203007518797,321,117,0.3644859813084112,297,0.3639705882352941,140,0.1715686274509804,0,0.0,162,0.1985294117647058,0,0.0,654,0.8014705882352942,98,0.3684210526315789,36005026702,6827,1379,0.2019920902299692,6817,1045,0.153293237494499,6817,692,0.1015109285609505,17148,0.017148,47585.724282715186,0.4959117730143123
360050279005,360050279005,Block Group 5; Census Tract 279; Bronx County; New York,Bronx,933,476,431,0.9054621848739496,523,132,0.2523900573613766,147,0.157556270096463,240,0.2572347266881029,219,0.2347266881028939,175,0.187566988210075,0,0.0,536,0.5744908896034298,0,0.0,36005027900,8037,1379,0.1715814358591514,8003,1313,0.1640634761964263,8003,540,0.0674746969886292,26980,0.02698,34581.17123795404,0.8717495499627453
360050300005,360050300005,Block Group 5; Census Tract 300; Bronx County; New York,Bronx,1264,395,199,0.5037974683544304,590,138,0.2338983050847457,252,0.1993670886075949,109,0.0862341772151898,693,0.5482594936708861,0,0.0,42,0.0332278481012658,529,0.4185126582278481,83,0.210126582278481,36005030000,6860,625,0.0911078717201166,6920,604,0.0872832369942196,6920,295,0.0426300578034682,65729,0.065729,19230.47665414049,0.73578707446555
360050323005,360050323005,Block Group 5; Census Tract 323; Bronx County; New York,Bronx,285,36,0,0.0,70,0,0.0,55,0.1929824561403508,35,0.1228070175438596,239,0.8385964912280702,27,0.0947368421052631,2,0.0070175438596491,17,0.0596491228070175,0,0.0,36005032300,4923,175,0.0355474304286004,4923,767,0.1557993093642088,4923,64,0.0130002031281738,99460,0.09946,2865.473557208928,0.5087943726573587
360050358005,360050358005,Block Group 5; Census Tract 358; Bronx County; New York,Bronx,1005,376,92,0.2446808510638297,461,35,0.0759219088937093,285,0.2835820895522388,75,0.0746268656716417,0,0.0,884,0.8796019900497513,0,0.0,121,0.1203980099502487,0,0.0,36005035800,6673,619,0.0927618762175932,6673,688,0.1031020530496028,6673,214,0.0320695339427543,72305,0.072305,13899.453703063413,0.8428849721106564
360050361005,360050361005,Block Group 5; Census Tract 361; Bronx County; New York,Bronx,766,438,438,1.0,261,179,0.685823754789272,111,0.1449086161879895,247,0.3224543080939948,2,0.0026109660574412,102,0.1331592689295039,0,0.0,617,0.8054830287206266,214,0.4885844748858447,36005036100,4678,2287,0.4888841385207353,4679,1166,0.2491985466980124,4679,139,0.0297072023936738,29932,0.029932,25591.34037150875,0.7259109050671745
360050363005,360050363005,Block Group 5; Census Tract 363; Bronx County; New York,Bronx,1879,679,679,1.0,603,432,0.7164179104477612,561,0.2985630654603513,92,0.048962213943587,9,0.0047897817988291,1147,0.6104310803618946,0,0.0,723,0.3847791378392762,55,0.08100147275405,36005036300,6714,2729,0.4064641048555257,6718,1478,0.2200059541530217,6718,348,0.0518011312890741,30582,0.030582,61441.37074095873,0.8099271737382636
360050379005,360050379005,Block Group 5; Census Tract 379; Bronx County; New York,Bronx,1817,441,441,1.0,733,234,0.3192360163710777,830,0.4567969179966978,4,0.0022014309301045,0,0.0,604,0.3324160704457897,0,0.0,1213,0.6675839295542102,246,0.5578231292517006,36005037900,6293,1922,0.3054187192118227,6961,1757,0.2524062634678925,6961,305,0.0438155437437149,34899,0.034899,52064.52906960085,0.8581763647944048
360050381005,360050381005,Block Group 5; Census Tract 381; Bronx County; New York,Bronx,705,475,475,1.0,102,102,1.0,89,0.126241134751773,325,0.4609929078014184,6,0.0085106382978723,253,0.3588652482269504,0,0.0,413,0.5858156028368794,258,0.5431578947368421,36005038100,6523,2154,0.3302161582094128,6543,1032,0.1577258138468592,6543,591,0.0903255387436955,22156,0.022156,31819.82307275682,0.743499668518668
360050386005,360050386005,Block Group 5; Census Tract 386; Bronx County; New York,Bronx,1783,406,170,0.4187192118226601,766,247,0.3224543080939948,558,0.3129556926528323,136,0.0762759394279304,0,0.0,1272,0.7134043746494672,15,0.008412787436904,409,0.2293886707795849,0,0.0,36005038600,7985,1631,0.204257983719474,8012,1044,0.1303045431852221,8012,524,0.0654018971542686,62898,0.062898,28347.483226811662,0.7072978951271301
360050389005,360050389005,Block Group 5; Census Tract 389; Bronx County; New York,Bronx,1431,371,371,1.0,543,140,0.2578268876611418,506,0.3535988819007687,57,0.0398322851153039,189,0.1320754716981132,59,0.0412299091544374,126,0.0880503144654088,1057,0.7386443046820406,45,0.1212938005390835,36005038900,5221,1810,0.3466768818234055,5412,505,0.0933111603843311,5412,906,0.1674057649667406,17722,0.017722,80747.09400744837,0.7705997148201901
360050391005,360050391005,Block Group 5; Census Tract 391; Bronx County; New York,Bronx,463,241,241,1.0,312,312,1.0,0,0.0,0,0.0,45,0.0971922246220302,150,0.3239740820734341,0,0.0,268,0.5788336933045356,196,0.8132780082987552,36005039100,6048,2033,0.3361441798941799,6071,1192,0.1963432712897381,6071,820,0.1350683577664305,24541,0.024541,18866.386862801028,0.885367314050957
360050393005,360050393005,Block Group 5; Census Tract 393; Bronx County; New York,Bronx,412,243,243,1.0,57,57,1.0,0,0.0,383,0.9296116504854368,47,0.1140776699029126,69,0.1674757281553398,0,0.0,296,0.7184466019417476,189,0.7777777777777778,36005039300,8776,3306,0.3767092069279854,8847,1510,0.170679326325308,8847,368,0.0415960212501412,15885,0.015885,25936.41800440667,0.8251327796119434
360050399015,360050399015,Block Group 5; Census Tract 399.01; Bronx County; New York,Bronx,376,167,142,0.8502994011976048,153,110,0.7189542483660131,87,0.2313829787234042,86,0.2287234042553191,19,0.050531914893617,157,0.4175531914893617,8,0.0212765957446808,192,0.5106382978723404,10,0.059880239520958,36005039901,4854,987,0.2033374536464771,4808,459,0.0954658901830282,4808,547,0.1137687188019966,24156,0.024156,15565.49097532704,0.8922961170428348
360050399025,360050399025,Block Group 5; Census Tract 399.02; Bronx County; New York,Bronx,637,216,216,1.0,240,66,0.275,223,0.3500784929356358,56,0.0879120879120879,0,0.0,77,0.1208791208791208,70,0.1098901098901098,490,0.7692307692307693,30,0.1388888888888889,36005039902,4706,1122,0.2384190395240119,4719,569,0.120576393303666,4719,822,0.1741894469167196,24927,0.024927,25554.61948890761,0.7850416392780597
360050039005,360050039005,Block Group 5; Census Tract 39; Bronx County; New York,Bronx,1885,645,608,0.9426356589147288,338,299,0.8846153846153846,704,0.3734748010610079,323,0.1713527851458886,89,0.0472148541114058,0,0.0,4,0.0021220159151193,1755,0.9310344827586208,140,0.2170542635658914,36005003900,5567,2065,0.3709358721034668,5581,1159,0.2076688765454219,5581,488,0.0874395269664934,57142,0.057142,32987.9948199223,0.7950069069772502
360050401005,360050401005,Block Group 5; Census Tract 401; Bronx County; New York,Bronx,1382,527,527,1.0,253,187,0.7391304347826086,283,0.2047756874095513,72,0.0520984081041968,31,0.0224312590448625,275,0.1989869753979739,23,0.016642547033285,1053,0.7619392185238785,57,0.1081593927893738,36005040100,4566,2040,0.4467805519053876,4622,1135,0.2455646906101254,4622,485,0.1049329294677628,23880,0.02388,57872.69681742044,0.746765154562188
360050405025,360050405025,Block Group 5; Census Tract 405.02; Bronx County; New York,Bronx,605,283,283,1.0,345,182,0.527536231884058,157,0.2595041322314049,0,0.0,59,0.0975206611570247,29,0.0479338842975206,0,0.0,517,0.8545454545454545,100,0.3533568904593639,36005040502,5615,2013,0.3585040071237756,5574,601,0.1078220308575529,5574,444,0.0796555435952637,13175,0.013175,45920.30360531309,0.7312151413069536
360050407025,360050407025,Block Group 5; Census Tract 407.02; Bronx County; New York,Bronx,644,452,452,1.0,180,135,0.75,0,0.0,94,0.1459627329192546,106,0.1645962732919254,204,0.3167701863354037,0,0.0,334,0.5186335403726708,67,0.1482300884955752,36005040702,6223,1739,0.2794472119556484,6223,1239,0.1991001124859392,6223,341,0.0547967218383416,20401,0.020401,31567.08004509583,0.7999895430055332
360050413005,360050413005,Block Group 5; Census Tract 413; Bronx County; New York,Bronx,1450,417,417,1.0,716,284,0.3966480446927374,448,0.3089655172413793,11,0.0075862068965517,167,0.1151724137931034,241,0.1662068965517241,97,0.0668965517241379,945,0.6517241379310345,97,0.2326139088729016,36005041300,7251,2037,0.2809267687215556,7327,889,0.1213320595059369,7327,818,0.1116418725262727,15039,0.015039,96415.98510539264,0.7939050021728504
360050415005,360050415005,Block Group 5; Census Tract 415; Bronx County; New York,Bronx,937,396,396,1.0,459,416,0.906318082788671,228,0.2433297758804695,51,0.0544290288153681,0,0.0,59,0.0629669156883671,107,0.1141942369263607,771,0.8228388473852721,131,0.3308080808080808,36005041500,5555,1288,0.2318631863186318,5555,536,0.0964896489648965,5555,597,0.1074707470747074,17369,0.017369,53946.68662559733,0.7955840777616128
360050419005,360050419005,Block Group 5; Census Tract 419; Bronx County; New York,Bronx,262,159,159,1.0,13,0,0.0,45,0.1717557251908397,10,0.0381679389312977,10,0.0381679389312977,44,0.1679389312977099,0,0.0,208,0.7938931297709924,21,0.1320754716981132,36005041900,6199,1059,0.1708340054847556,6212,885,0.1424661944623309,6212,567,0.0912749517063747,16291,0.016291,16082.499539623104,0.918297388034863
360050421005,360050421005,Block Group 5; Census Tract 421; Bronx County; New York,Bronx,1494,380,380,1.0,620,479,0.7725806451612903,396,0.2650602409638554,143,0.0957161981258366,69,0.0461847389558232,54,0.036144578313253,0,0.0,1371,0.9176706827309236,96,0.2526315789473684,36005042100,5780,1763,0.3050173010380623,5780,527,0.0911764705882352,5780,579,0.1001730103806228,94609,0.094609,15791.309494868354,0.8415894592898129
360050425005,360050425005,Block Group 5; Census Tract 425; Bronx County; New York,Bronx,1061,301,225,0.7475083056478405,382,356,0.9319371727748692,465,0.4382657869934024,1,0.000942507068803,513,0.4835061262959472,17,0.0160226201696512,60,0.0565504241281809,471,0.4439208294062206,33,0.1096345514950166,36005042500,6693,2209,0.3300463170476617,6808,1020,0.1498237367802585,6808,522,0.076674500587544,41082,0.041082,25826.395988510783,0.8140951094971234
360050426005,360050426005,Block Group 5; Census Tract 426; Bronx County; New York,Bronx,413,154,59,0.3831168831168831,155,74,0.4774193548387097,144,0.3486682808716707,47,0.1138014527845036,0,0.0,121,0.2929782082324455,0,0.0,292,0.7070217917675545,0,0.0,36005042600,6635,1090,0.1642803315749811,6660,1193,0.1791291291291291,6660,739,0.1109609609609609,52809,0.052809,7820.636633907099,0.619973447627132
360050042005,360050042005,Block Group 5; Census Tract 42; Bronx County; New York,Bronx,1483,666,501,0.7522522522522522,683,140,0.2049780380673499,555,0.3742414025623736,183,0.1233985165205664,0,0.0,189,0.1274443695212407,0,0.0,1294,0.8725556304787593,131,0.1966966966966967,36005004200,7755,1214,0.1565441650548033,7724,1165,0.150828586224754,7724,364,0.0471258415328845,85177,0.085177,17410.80338589056,0.6579717416532482
360050442005,360050442005,Block Group 5; Census Tract 442; Bronx County; New York,Bronx,1256,438,267,0.6095890410958904,382,137,0.3586387434554974,348,0.2770700636942675,390,0.3105095541401274,0,0.0,942,0.75,0,0.0,314,0.25,0,0.0,36005044200,3993,1282,0.3210618582519409,4003,829,0.2070946789907569,4003,635,0.1586310267299525,65208,0.065208,19261.440314071893,0.8687136394063195
360050462055,360050462055,Block Group 5; Census Tract 462.05; Bronx County; New York,Bronx,403,298,282,0.9463087248322148,166,80,0.4819277108433735,0,0.0,142,0.3523573200992556,26,0.064516129032258,198,0.4913151364764268,0,0.0,179,0.4441687344913151,36,0.1208053691275167,36005046205,3633,606,0.166804293971924,3633,602,0.1657032755298651,3633,21,0.0057803468208092,589758,0.589758,683.3311290393686,0.7115360681886285
360050062005,360050062005,Block Group 5; Census Tract 62; Bronx County; New York,Bronx,553,218,202,0.926605504587156,179,150,0.8379888268156425,264,0.4773960216998191,49,0.0886075949367088,0,0.0,234,0.4231464737793852,22,0.0397830018083182,297,0.5370705244122965,19,0.0871559633027523,36005006200,6363,2998,0.4711614018544711,6363,1025,0.1610875373251611,6363,697,0.1095395253811095,29726,0.029726,18603.242952297653,0.6385843123496556
360050063015,360050063015,Block Group 5; Census Tract 63.01; Bronx County; New York,Bronx,1515,822,822,1.0,792,485,0.6123737373737373,371,0.2448844884488449,36,0.0237623762376237,34,0.0224422442244224,1100,0.7260726072607261,0,0.0,326,0.2151815181518152,0,0.0,36005006301,7038,2425,0.3445581131003126,7053,997,0.1413582872536509,7053,902,0.1278888416276761,202289,0.202289,7489.285131668059,0.859720452397511
360050067005,360050067005,Block Group 5; Census Tract 67; Bronx County; New York,Bronx,559,205,205,1.0,309,213,0.6893203883495146,76,0.1359570661896243,115,0.2057245080500894,0,0.0,6,0.0107334525939177,37,0.0661896243291592,516,0.9230769230769232,46,0.224390243902439,36005006700,7588,4164,0.5487612018977333,7664,2566,0.3348121085594989,7664,704,0.0918580375782881,13427,0.013427,41632.5314664482,0.9309037181711498
360050076005,360050076005,Block Group 5; Census Tract 76; Bronx County; New York,Bronx,1210,275,218,0.7927272727272727,437,306,0.700228832951945,422,0.3487603305785124,89,0.0735537190082644,9,0.0074380165289256,36,0.0297520661157024,440,0.3636363636363636,666,0.5504132231404959,38,0.1381818181818181,36005007600,5244,1071,0.204233409610984,5252,560,0.1066260472201066,5252,734,0.1397562833206397,65673,0.065673,18424.618945380906,0.6065137421992807
360050079005,360050079005,Block Group 5; Census Tract 79; Bronx County; New York,Bronx,933,435,435,1.0,335,34,0.1014925373134328,78,0.0836012861736334,216,0.2315112540192926,0,0.0,166,0.1779206859592711,0,0.0,676,0.7245444801714899,111,0.2551724137931034,36005007900,6809,2128,0.3125275370832721,6829,1449,0.2121833357739054,6829,438,0.06413823400205,11577,0.011577,80590.82663902565,0.7153771199787229
360050083005,360050083005,Block Group 5; Census Tract 83; Bronx County; New York,Bronx,956,241,241,1.0,229,136,0.5938864628820961,250,0.2615062761506276,45,0.0470711297071129,21,0.0219665271966527,288,0.301255230125523,0,0.0,647,0.6767782426778243,65,0.2697095435684647,36005008300,6285,1895,0.3015115354017502,6287,1554,0.2471767138539844,6287,661,0.1051375854938762,19593,0.019593,48792.936252743326,0.5695762886993794
360050085005,360050085005,Block Group 5; Census Tract 85; Bronx County; New York,Bronx,891,362,362,1.0,251,238,0.9482071713147412,72,0.0808080808080808,144,0.1616161616161616,0,0.0,219,0.2457912457912457,16,0.0179573512906846,637,0.7149270482603816,85,0.2348066298342541,36005008500,5861,1574,0.2685548541204572,5866,1099,0.1873508353221957,5866,526,0.0896692806000682,17208,0.017208,51778.242677824266,0.5846011141436203
360050087005,360050087005,Block Group 5; Census Tract 87; Bronx County; New York,Bronx,905,388,388,1.0,204,133,0.6519607843137255,234,0.2585635359116022,139,0.1535911602209944,23,0.0254143646408839,291,0.3215469613259668,0,0.0,583,0.6441988950276243,146,0.3762886597938144,36005008700,5738,2120,0.3694667131404671,5807,1162,0.2001033235749957,5807,402,0.0692267952471155,20896,0.020896,43309.72434915773,0.7839793232356449
360050090005,360050090005,Block Group 5; Census Tract 90; Bronx County; New York,Bronx,1089,477,477,1.0,215,104,0.4837209302325581,178,0.1634527089072543,318,0.2920110192837465,0,0.0,211,0.1937557392102846,0,0.0,878,0.8062442607897153,61,0.1278825995807128,36005009000,3764,1613,0.4285334750265674,3861,965,0.2499352499352499,3861,80,0.0207200207200207,60193,0.060193,18091.804694898077,0.5350084144736039
360050092005,360050092005,Block Group 5; Census Tract 92; Bronx County; New York,Bronx,991,359,304,0.8467966573816156,462,302,0.6536796536796536,137,0.1382441977800201,91,0.0918264379414732,65,0.065590312815338,142,0.1432896064581231,13,0.0131180625630676,771,0.7780020181634713,87,0.2423398328690807,36005009200,5888,934,0.1586277173913043,5888,657,0.1115828804347826,5888,595,0.1010529891304347,49347,0.049347,20082.274505035766,0.4870501436245844
360050093015,360050093015,Block Group 5; Census Tract 93.01; Bronx County; New York,Bronx,374,77,77,1.0,107,107,1.0,226,0.6042780748663101,0,0.0,0,0.0,76,0.2032085561497326,0,0.0,298,0.7967914438502673,0,0.0,36005009301,5623,1460,0.2596478747999288,5714,1124,0.1967098354917746,5714,697,0.1219810990549527,89185,0.089185,4193.53030218086,0.6457516919162144
360050098005,360050098005,Block Group 5; Census Tract 98; Bronx County; New York,Bronx,1197,571,559,0.978984238178634,512,232,0.453125,191,0.1595655806182122,244,0.2038429406850459,0,0.0,331,0.2765246449456975,0,0.0,866,0.7234753550543024,107,0.1873905429071803,36005009800,4071,504,0.1238025055268975,4071,1006,0.2471137312699582,4071,280,0.0687791697371653,84949,0.084949,14090.80742563185,0.563473384270242
360050144006,360050144006,Block Group 6; Census Tract 144; Bronx County; New York,Bronx,1080,420,136,0.3238095238095238,534,215,0.4026217228464419,230,0.2129629629629629,163,0.1509259259259259,56,0.0518518518518518,156,0.1444444444444444,68,0.0629629629629629,540,0.5,17,0.0404761904761904,36005014400,6091,1724,0.2830405516335577,6128,1451,0.2367819843342036,6128,648,0.1057441253263707,102666,0.102666,10519.548828239143,0.7511573849588016
360050175006,360050175006,Block Group 6; Census Tract 175; Bronx County; New York,Bronx,1165,427,427,1.0,407,385,0.945945945945946,484,0.415450643776824,129,0.1107296137339055,4,0.0034334763948497,630,0.5407725321888412,0,0.0,527,0.4523605150214592,138,0.3231850117096019,36005017500,6228,2433,0.390655105973025,6228,1498,0.2405266538214515,6228,432,0.0693641618497109,13207,0.013207,88210.79730445976,0.8742589243142382
360050199006,360050199006,Block Group 6; Census Tract 199; Bronx County; New York,Bronx,1238,570,497,0.8719298245614036,622,328,0.5273311897106109,149,0.1203554119547657,128,0.1033925686591276,0,0.0,276,0.2229402261712439,0,0.0,962,0.777059773828756,220,0.3859649122807017,36005019900,6781,2421,0.3570269871700339,6852,1175,0.1714827787507297,6852,388,0.0566258026853473,41289,0.041289,29983.77291772627,0.7838518008989245
360050210016,360050210016,Block Group 6; Census Tract 210.01; Bronx County; New York,Bronx,529,309,289,0.9352750809061487,240,90,0.375,19,0.0359168241965973,139,0.2627599243856333,38,0.0718336483931947,240,0.4536862003780718,0,0.0,251,0.4744801512287334,75,0.2427184466019417,36005021001,7346,1393,0.1896270078954533,7347,1249,0.1700013610997686,7347,587,0.0798965564175854,19596,0.019596,26995.305164319252,0.8141032979988659
360050210026,360050210026,Block Group 6; Census Tract 210.02; Bronx County; New York,Bronx,626,280,247,0.8821428571428571,269,176,0.654275092936803,102,0.1629392971246006,152,0.242811501597444,9,0.0143769968051118,275,0.4392971246006389,199,0.3178913738019169,128,0.2044728434504792,0,0.0,36005021002,7410,1739,0.2346828609986504,7434,837,0.1125907990314769,7434,400,0.0538068334678504,17721,0.017721,35325.32024152136,0.8053934427175669
360050216026,360050216026,Block Group 6; Census Tract 216.02; Bronx County; New York,Bronx,1294,444,421,0.9481981981981982,672,452,0.6726190476190477,411,0.3176197836166924,171,0.1321483771251932,0,0.0,714,0.5517774343122102,374,0.2890262751159196,206,0.1591962905718701,53,0.1193693693693693,36005021602,6027,1075,0.1783640285382445,6027,515,0.0854488136718101,6027,161,0.0267131242740998,15572,0.015572,83097.86796814796,0.7300849790582284
360050225006,360050225006,Block Group 6; Census Tract 225; Bronx County; New York,Bronx,3451,945,945,1.0,913,692,0.7579408543263965,1155,0.3346855983772819,412,0.1193856853086062,32,0.0092726745870762,302,0.0875108664155317,0,0.0,3117,0.903216458997392,279,0.2952380952380952,36005022500,7960,2048,0.257286432160804,8040,1852,0.2303482587064676,8040,1000,0.1243781094527363,27721,0.027721,124490.45849716822,0.8553817117492333
360050239006,360050239006,Block Group 6; Census Tract 239; Bronx County; New York,Bronx,719,253,253,1.0,194,160,0.8247422680412371,147,0.2044506258692628,111,0.1543810848400556,27,0.0375521557719054,278,0.3866481223922114,0,0.0,414,0.5757997218358831,0,0.0,36005023900,8570,3371,0.3933488914819136,8591,1269,0.1477127226166918,8591,1558,0.1813525782795949,24315,0.024315,29570.224141476458,0.5683685226340414
360050267026,360050267026,Block Group 6; Census Tract 267.02; Bronx County; New York,Bronx,1651,453,423,0.933774834437086,735,436,0.5931972789115646,481,0.2913385826771653,74,0.0448213204118715,83,0.0502725620835857,157,0.0950938824954573,0,0.0,1411,0.854633555420957,184,0.4061810154525386,36005026702,6827,1379,0.2019920902299692,6817,1045,0.153293237494499,6817,692,0.1015109285609505,28214,0.028214,58517.04827390657,0.5025919166026469
360050279006,360050279006,Block Group 6; Census Tract 279; Bronx County; New York,Bronx,2587,810,810,1.0,1024,781,0.7626953125,925,0.3575570158484731,101,0.0390413606494008,482,0.1863161963664476,0,0.0,0,0.0,1882,0.7274835717046773,211,0.2604938271604938,36005027900,8037,1379,0.1715814358591514,8003,1313,0.1640634761964263,8003,540,0.0674746969886292,23648,0.023648,109396.14343707712,0.7481906314713045
360050300006,360050300006,Block Group 6; Census Tract 300; Bronx County; New York,Bronx,435,217,164,0.7557603686635944,142,55,0.3873239436619718,94,0.2160919540229885,80,0.1839080459770115,116,0.2666666666666666,58,0.1333333333333333,2,0.0045977011494252,206,0.4735632183908046,20,0.0921658986175115,36005030000,6860,625,0.0911078717201166,6920,604,0.0872832369942196,6920,295,0.0426300578034682,59419,0.059419,7320.890624211111,0.7562186118056125
360050358006,360050358006,Block Group 6; Census Tract 358; Bronx County; New York,Bronx,1696,641,295,0.4602184087363494,1130,644,0.5699115044247788,249,0.146816037735849,247,0.1456367924528301,38,0.0224056603773584,1189,0.7010613207547169,0,0.0,469,0.2765330188679245,27,0.0421216848673947,36005035800,6673,619,0.0927618762175932,6673,688,0.1031020530496028,6673,214,0.0320695339427543,78492,0.078492,21607.297558986906,0.8466454311598659
360050363006,360050363006,Block Group 6; Census Tract 363; Bronx County; New York,Bronx,1153,260,244,0.9384615384615383,232,22,0.0948275862068965,398,0.3451864700780572,107,0.0928013876843018,41,0.0355594102341717,551,0.4778837814397225,0,0.0,561,0.4865568083261058,28,0.1076923076923077,36005036300,6714,2729,0.4064641048555257,6718,1478,0.2200059541530217,6718,348,0.0518011312890741,48902,0.048902,23577.767780458875,0.8079664948057571
360050381006,360050381006,Block Group 6; Census Tract 381; Bronx County; New York,Bronx,1083,670,670,1.0,380,311,0.8184210526315789,110,0.1015697137580794,65,0.0600184672206832,43,0.0397045244690674,476,0.4395198522622345,0,0.0,564,0.5207756232686981,107,0.1597014925373134,36005038100,6523,2154,0.3302161582094128,6543,1032,0.1577258138468592,6543,591,0.0903255387436955,53997,0.053997,20056.66981498972,0.8840236653546084
360050386006,360050386006,Block Group 6; Census Tract 386; Bronx County; New York,Bronx,889,371,371,1.0,409,317,0.7750611246943765,388,0.4364454443194601,13,0.014623172103487,27,0.03037120359955,702,0.7896512935883014,0,0.0,132,0.1484814398200225,0,0.0,36005038600,7985,1631,0.204257983719474,8012,1044,0.1303045431852221,8012,524,0.0654018971542686,24345,0.024345,36516.73855001027,0.4639924341191384
360050391006,360050391006,Block Group 6; Census Tract 391; Bronx County; New York,Bronx,200,59,59,1.0,134,126,0.9402985074626866,0,0.0,23,0.115,0,0.0,16,0.08,7,0.035,177,0.885,36,0.6101694915254238,36005039100,6048,2033,0.3361441798941799,6071,1192,0.1963432712897381,6071,820,0.1350683577664305,20499,0.020499,9756.573491389823,0.8220746463232248
360050393006,360050393006,Block Group 6; Census Tract 393; Bronx County; New York,Bronx,1325,606,606,1.0,193,134,0.694300518134715,185,0.1396226415094339,201,0.1516981132075471,0,0.0,232,0.1750943396226415,0,0.0,1045,0.7886792452830189,119,0.1963696369636963,36005039300,8776,3306,0.3767092069279854,8847,1510,0.170679326325308,8847,368,0.0415960212501412,29077,0.029077,45568.66251676583,0.8189097022681383
360050405026,360050405026,Block Group 6; Census Tract 405.02; Bronx County; New York,Bronx,1581,540,440,0.8148148148148148,540,266,0.4925925925925926,453,0.286527514231499,225,0.1423149905123339,49,0.0309930423782416,418,0.2643896268184693,0,0.0,1086,0.6869070208728653,137,0.2537037037037037,36005040502,5615,2013,0.3585040071237756,5574,601,0.1078220308575529,5574,444,0.0796555435952637,29347,0.029347,53872.62752581183,0.7295990841910627
360050413006,360050413006,Block Group 6; Census Tract 413; Bronx County; New York,Bronx,1165,436,436,1.0,608,329,0.5411184210526315,268,0.2300429184549356,0,0.0,61,0.0523605150214592,141,0.1210300429184549,0,0.0,963,0.8266094420600858,20,0.0458715596330275,36005041300,7251,2037,0.2809267687215556,7327,889,0.1213320595059369,7327,818,0.1116418725262727,22087,0.022087,52745.95916149772,0.8016307091248923
360050415006,360050415006,Block Group 6; Census Tract 415; Bronx County; New York,Bronx,850,391,391,1.0,355,276,0.7774647887323943,154,0.1811764705882353,171,0.2011764705882353,87,0.1023529411764705,94,0.1105882352941176,40,0.0470588235294117,574,0.6752941176470588,108,0.2762148337595907,36005041500,5555,1288,0.2318631863186318,5555,536,0.0964896489648965,5555,597,0.1074707470747074,31347,0.031347,27115.8324560564,0.7909090167930128
360050419006,360050419006,Block Group 6; Census Tract 419; Bronx County; New York,Bronx,1774,624,624,1.0,848,531,0.6261792452830188,550,0.3100338218714769,101,0.0569334836527621,0,0.0,191,0.1076662908680947,126,0.0710259301014656,1413,0.7965050732807215,55,0.0881410256410256,36005041900,6199,1059,0.1708340054847556,6212,885,0.1424661944623309,6212,567,0.0912749517063747,13865,0.013865,127948.0706815723,0.8421764898102106
360050425006,360050425006,Block Group 6; Census Tract 425; Bronx County; New York,Bronx,706,281,223,0.7935943060498221,240,118,0.4916666666666666,136,0.1926345609065155,73,0.103399433427762,27,0.0382436260623229,34,0.0481586402266288,260,0.3682719546742209,374,0.5297450424929179,110,0.3914590747330961,36005042500,6693,2209,0.3300463170476617,6808,1020,0.1498237367802585,6808,522,0.076674500587544,23274,0.023274,30334.278594139385,0.9158440970335718
360050426006,360050426006,Block Group 6; Census Tract 426; Bronx County; New York,Bronx,624,217,20,0.0921658986175115,180,0,0.0,158,0.2532051282051282,263,0.421474358974359,65,0.1041666666666666,539,0.8637820512820513,0,0.0,0,0.0,0,0.0,36005042600,6635,1090,0.1642803315749811,6660,1193,0.1791291291291291,6660,739,0.1109609609609609,73444,0.073444,8496.269266379828,0.6046256886950772
360050067006,360050067006,Block Group 6; Census Tract 67; Bronx County; New York,Bronx,3410,962,915,0.9511434511434512,1037,805,0.7762777242044359,1716,0.5032258064516129,75,0.0219941348973607,0,0.0,291,0.0853372434017595,0,0.0,3119,0.9146627565982404,120,0.1247401247401247,36005006700,7588,4164,0.5487612018977333,7664,2566,0.3348121085594989,7664,704,0.0918580375782881,24250,0.02425,140618.55670103093,0.8867978757652748
360050079006,360050079006,Block Group 6; Census Tract 79; Bronx County; New York,Bronx,1111,441,441,1.0,206,0,0.0,354,0.3186318631863186,80,0.072007200720072,0,0.0,90,0.081008100810081,0,0.0,1021,0.918991899189919,0,0.0,36005007900,6809,2128,0.3125275370832721,6829,1449,0.2121833357739054,6829,438,0.06413823400205,31241,0.031241,35562.24192567459,0.5408835289846935
360050083006,360050083006,Block Group 6; Census Tract 83; Bronx County; New York,Bronx,727,366,366,1.0,231,129,0.5584415584415584,174,0.2393397524071527,110,0.1513067400275103,25,0.0343878954607978,113,0.155433287482806,0,0.0,534,0.734525447042641,87,0.2377049180327868,36005008300,6285,1895,0.3015115354017502,6287,1554,0.2471767138539844,6287,661,0.1051375854938762,53986,0.053986,13466.454265920796,0.5817531330296385
360050093016,360050093016,Block Group 6; Census Tract 93.01; Bronx County; New York,Bronx,236,38,38,1.0,61,0,0.0,137,0.5805084745762712,0,0.0,0,0.0,0,0.0,0,0.0,236,1.0,38,1.0,36005009301,5623,1460,0.2596478747999288,5714,1124,0.1967098354917746,5714,697,0.1219810990549527,135531,0.135531,1741.2990385963358,0.6468381983781121
360050210017,360050210017,Block Group 7; Census Tract 210.01; Bronx County; New York,Bronx,2235,1106,1106,1.0,844,508,0.6018957345971564,437,0.1955257270693512,398,0.178076062639821,104,0.0465324384787472,752,0.3364653243847875,391,0.1749440715883669,909,0.4067114093959731,183,0.1654611211573237,36005021001,7346,1393,0.1896270078954533,7347,1249,0.1700013610997686,7347,587,0.0798965564175854,42949,0.042949,52038.464225011056,0.8144325112732724
360050210027,360050210027,Block Group 7; Census Tract 210.02; Bronx County; New York,Bronx,823,318,280,0.8805031446540881,317,134,0.4227129337539432,305,0.370595382746051,155,0.1883353584447144,295,0.3584447144592952,41,0.0498177399756986,176,0.2138517618469015,295,0.3584447144592952,62,0.1949685534591195,36005021002,7410,1739,0.2346828609986504,7434,837,0.1125907990314769,7434,400,0.0538068334678504,13654,0.013654,60275.37717884869,0.7980794102978791
360050239007,360050239007,Block Group 7; Census Tract 239; Bronx County; New York,Bronx,948,357,329,0.9215686274509804,433,320,0.7390300230946882,292,0.3080168776371308,63,0.0664556962025316,0,0.0,222,0.2341772151898734,0,0.0,726,0.7658227848101266,84,0.2352941176470588,36005023900,8570,3371,0.3933488914819136,8591,1269,0.1477127226166918,8591,1558,0.1813525782795949,14283,0.014283,66372.61079605125,0.6076421738256435
360050251007,360050251007,Block Group 7; Census Tract 251; Bronx County; New York,Bronx,1181,469,438,0.9339019189765458,461,271,0.5878524945770065,44,0.0372565622353937,292,0.2472480948348857,0,0.0,626,0.5300592718035563,32,0.0270956816257408,523,0.4428450465707028,0,0.0,36005025100,6983,2828,0.4049835314334813,6983,1730,0.2477445224115709,6983,813,0.1164256050408134,22280,0.02228,53007.181328545776,0.7998699557259962
360050386007,360050386007,Block Group 7; Census Tract 386; Bronx County; New York,Bronx,954,407,407,1.0,397,183,0.4609571788413098,337,0.3532494758909853,76,0.0796645702306079,0,0.0,635,0.6656184486373166,68,0.0712788259958071,216,0.2264150943396226,0,0.0,36005038600,7985,1631,0.204257983719474,8012,1044,0.1303045431852221,8012,524,0.0654018971542686,38962,0.038962,24485.396026898004,0.5568576316907066
360050413007,360050413007,Block Group 7; Census Tract 413; Bronx County; New York,Bronx,1639,578,553,0.9567474048442908,653,406,0.6217457886676876,492,0.300183038438072,159,0.0970103721781574,401,0.2446613788895668,14,0.0085417937766931,25,0.0152532031726662,1164,0.7101891397193411,95,0.1643598615916955,36005041300,7251,2037,0.2809267687215556,7327,889,0.1213320595059369,7327,818,0.1116418725262727,26850,0.02685,61042.83054003725,0.7197292392844681
360050419007,360050419007,Block Group 7; Census Tract 419; Bronx County; New York,Bronx,983,464,379,0.8168103448275862,601,248,0.4126455906821963,101,0.1027466937945066,72,0.0732451678535096,55,0.0559511698880976,219,0.2227873855544252,430,0.4374364191251271,137,0.1393692777212614,88,0.1896551724137931,36005041900,6199,1059,0.1708340054847556,6212,885,0.1424661944623309,6212,567,0.0912749517063747,27804,0.027804,35354.62523377931,0.9092429462977264
360050425007,360050425007,Block Group 7; Census Tract 425; Bronx County; New York,Bronx,836,318,318,1.0,417,232,0.5563549160671463,131,0.1566985645933014,71,0.0849282296650717,29,0.034688995215311,133,0.1590909090909091,413,0.4940191387559808,261,0.312200956937799,98,0.3081761006289308,36005042500,6693,2209,0.3300463170476617,6808,1020,0.1498237367802585,6808,522,0.076674500587544,30935,0.030935,27024.40601260708,0.9230193073162604
360050042007,360050042007,Block Group 7; Census Tract 42; Bronx County; New York,Bronx,631,252,175,0.6944444444444444,314,170,0.5414012738853503,202,0.3201267828843106,16,0.0253565768621236,0,0.0,173,0.2741679873217115,0,0.0,399,0.6323296354992076,0,0.0,36005004200,7755,1214,0.1565441650548033,7724,1165,0.150828586224754,7724,364,0.0471258415328845,34829,0.034829,18117.08633609923,0.6461604080899295
360050210028,360050210028,Block Group 8; Census Tract 210.02; Bronx County; New York,Bronx,859,418,376,0.8995215311004785,489,78,0.1595092024539877,118,0.1373690337601862,196,0.2281722933643772,23,0.0267753201396973,547,0.6367869615832363,0,0.0,225,0.2619324796274738,22,0.0526315789473684,36005021002,7410,1739,0.2346828609986504,7434,837,0.1125907990314769,7434,400,0.0538068334678504,15418,0.015418,55714.100402127384,0.8189431035483625
360050386008,360050386008,Block Group 8; Census Tract 386; Bronx County; New York,Bronx,552,315,315,1.0,67,0,0.0,98,0.1775362318840579,0,0.0,0,0.0,454,0.822463768115942,0,0.0,0,0.0,0,0.0,36005038600,7985,1631,0.204257983719474,8012,1044,0.1303045431852221,8012,524,0.0654018971542686,22088,0.022088,24990.94530967041,0.534750976812602
