GEOID_TEXT,GEOID,NAME,borough,total_population,total_households,no_vehicle_households,no_vehicle_rate,total_workers_16_plus,public_transit_workers,public_transit_commute_rate,under_18_population,under_18_rate,age_65_plus_population,age_65_plus_rate,white_non_hispanic_population,white_non_hispanic_rate,black_non_hispanic_population,black_non_hispanic_rate,asian_non_hispanic_population,asian_non_hispanic_rate,hispanic_population,hispanic_rate,limited_english_households,limited_english_rate,TRACT_GEOID,tract_poverty_universe,tract_below_poverty_population,tract_poverty_rate,tract_disability_universe,tract_disabled_population,tract_disability_rate,tract_insurance_universe,tract_uninsured_population,tract_uninsured_rate,ALAND,land_area_sq_km,population_density_per_sq_km,ewm_accessibility_score
360471004001,360471004001,Block Group 1; Census Tract 1004; Kings County; New York,Brooklyn,2423,821,443,0.5395858708891595,1008,424,0.4206349206349206,504,0.2080066033842344,416,0.1716879900949236,91,0.0375567478332645,2085,0.8605035080478746,29,0.0119686339248865,96,0.0396203054065208,90,0.1096224116930572,36047100400,2423,283,0.1167973586463062,2423,336,0.1386710689228229,2423,198,0.0817168799009492,132054,0.132054,18348.554379269088,0.6440040768315525
360471006001,360471006001,Block Group 1; Census Tract 1006; Kings County; New York,Brooklyn,1308,411,210,0.5109489051094891,530,260,0.490566037735849,315,0.2408256880733945,212,0.1620795107033639,30,0.0229357798165137,1091,0.8340978593272171,22,0.0168195718654434,32,0.0244648318042813,13,0.0316301703163017,36047100600,2656,247,0.0929969879518072,2670,292,0.1093632958801498,2670,297,0.1112359550561797,76098,0.076098,17188.362374832453,0.6343804121553158
360471008001,360471008001,Block Group 1; Census Tract 1008; Kings County; New York,Brooklyn,854,268,150,0.5597014925373134,304,114,0.375,89,0.104215456674473,229,0.2681498829039813,77,0.0901639344262295,715,0.8372365339578455,4,0.0046838407494145,56,0.0655737704918032,15,0.0559701492537313,36047100800,2156,163,0.0756029684601113,2145,309,0.144055944055944,2145,90,0.0419580419580419,78288,0.078288,10908.440629470671,0.6307461330987322
360470100001,360470100001,Block Group 1; Census Tract 100; Kings County; New York,Brooklyn,1501,481,438,0.9106029106029108,871,314,0.3605051664753157,410,0.2731512325116589,113,0.0752831445702864,9,0.00599600266489,5,0.0033311125916055,837,0.5576282478347768,620,0.4130579613590939,358,0.7442827442827443,36047010000,5489,1291,0.2351976680633995,5489,365,0.0664966296228821,5489,628,0.1144106394607396,37765,0.037765,39745.79637230239,0.8268358035307518
360471010001,360471010001,Block Group 1; Census Tract 1010; Kings County; New York,Brooklyn,696,232,144,0.6206896551724138,254,141,0.5551181102362205,84,0.1206896551724138,87,0.125,27,0.0387931034482758,392,0.5632183908045977,61,0.0876436781609195,153,0.2198275862068965,7,0.0301724137931034,36047101000,2577,246,0.0954598370197904,2577,219,0.0849825378346915,2577,142,0.0551028327512611,81865,0.081865,8501.801746778234,0.6381191184751986
360471012001,360471012001,Block Group 1; Census Tract 1012; Kings County; New York,Brooklyn,1386,500,282,0.564,689,220,0.3193033381712627,209,0.1507936507936507,316,0.227994227994228,23,0.0165945165945165,1186,0.8556998556998557,72,0.0519480519480519,37,0.0266955266955266,7,0.014,36047101200,2079,66,0.0317460317460317,2119,227,0.1071260028315243,2119,153,0.072203869749882,80394,0.080394,17240.09254421972,0.4914413787686978
360471014001,360471014001,Block Group 1; Census Tract 1014; Kings County; New York,Brooklyn,1196,561,346,0.6167557932263814,431,294,0.6821345707656613,221,0.1847826086956521,418,0.3494983277591973,6,0.0050167224080267,1049,0.8770903010033445,50,0.0418060200668896,29,0.0242474916387959,37,0.0659536541889483,36047101400,1785,222,0.1243697478991596,1796,212,0.1180400890868596,1796,20,0.0111358574610244,77570,0.07757,15418.331829315455,0.5300779001453915
360471016001,360471016001,Block Group 1; Census Tract 1016; Kings County; New York,Brooklyn,1897,527,88,0.1669829222011385,890,285,0.3202247191011236,435,0.2293094359515023,378,0.1992619926199262,47,0.0247759620453347,1581,0.8334211913547707,0,0.0,79,0.0416447021613073,0,0.0,36047101600,1895,24,0.012664907651715,1895,143,0.0754617414248021,1895,40,0.021108179419525,112418,0.112418,16874.52187372129,0.4659744214724001
360471018001,360471018001,Block Group 1; Census Tract 1018; Kings County; New York,Brooklyn,1789,709,141,0.1988716502115655,967,352,0.3640124095139607,228,0.1274455002794857,280,0.1565120178870877,36,0.0201229737283398,1394,0.7792062604807155,2,0.0011179429849077,145,0.0810508664058133,94,0.1325811001410437,36047101800,1789,66,0.0368921185019564,1789,222,0.1240916713247624,1789,74,0.0413638904415874,283765,0.283765,6304.512536782197,0.6283472395199992
360470101001,360470101001,Block Group 1; Census Tract 101; Kings County; New York,Brooklyn,1020,360,237,0.6583333333333333,640,337,0.5265625,169,0.1656862745098039,140,0.1372549019607843,544,0.5333333333333333,46,0.0450980392156862,15,0.0147058823529411,390,0.3823529411764705,57,0.1583333333333333,36047010100,4573,765,0.1672862453531598,4606,433,0.0940078158923143,4606,403,0.0874945722970039,116202,0.116202,8777.817937729127,0.6121033510586722
360471020001,360471020001,Block Group 1; Census Tract 1020; Kings County; New York,Brooklyn,2151,597,182,0.304857621440536,1213,252,0.2077493816982687,379,0.1761971176197117,369,0.1715481171548117,229,0.106462110646211,1488,0.691771269177127,92,0.0427708042770804,75,0.0348675034867503,29,0.0485762144053601,36047102000,2151,19,0.00883310088331,2151,338,0.1571362157136215,2151,86,0.0399814039981404,157042,0.157042,13696.972784350684,0.6619329295353426
360471022001,360471022001,Block Group 1; Census Tract 1022; Kings County; New York,Brooklyn,2067,708,397,0.5607344632768362,936,332,0.3547008547008547,525,0.2539912917271408,331,0.1601354620222544,356,0.1722302854378326,1264,0.6115142718916304,144,0.06966618287373,159,0.0769230769230769,39,0.0550847457627118,36047102200,2067,129,0.0624092888243831,2067,246,0.1190130624092888,2067,53,0.0256410256410256,162849,0.162849,12692.739900152905,0.6557149801479696
360471024001,360471024001,Block Group 1; Census Tract 1024; Kings County; New York,Brooklyn,1834,568,228,0.4014084507042254,790,183,0.2316455696202531,489,0.2666303162486368,259,0.1412213740458015,175,0.0954198473282442,1369,0.7464558342420938,41,0.0223555070883315,27,0.0147219193020719,0,0.0,36047102400,1834,334,0.1821155943293348,1834,251,0.1368593238822246,1834,105,0.0572519083969465,143125,0.143125,12813.973799126636,0.6440645827436192
360471026001,360471026001,Block Group 1; Census Tract 1026; Kings County; New York,Brooklyn,2935,888,439,0.4943693693693693,1105,648,0.5864253393665159,710,0.24190800681431,709,0.2415672913117547,55,0.0187393526405451,2417,0.8235093696763203,56,0.0190800681431005,46,0.0156729131175468,98,0.1103603603603603,36047102600,2925,359,0.1227350427350427,2935,215,0.0732538330494037,2935,192,0.0654173764906303,135920,0.13592,21593.58446144791,0.644623284524198
360471028011,360471028011,Block Group 1; Census Tract 1028.01; Kings County; New York,Brooklyn,1146,495,232,0.4686868686868687,459,98,0.2135076252723311,215,0.18760907504363,324,0.2827225130890052,3,0.0026178010471204,818,0.7137870855148342,151,0.131762652705061,91,0.0794066317626527,16,0.0323232323232323,36047102801,1141,192,0.1682734443470639,1141,150,0.1314636283961437,1141,63,0.0552147239263803,153894,0.153894,7446.684081250731,0.6502306514735355
360470102001,360470102001,Block Group 1; Census Tract 102; Kings County; New York,Brooklyn,2062,473,390,0.8245243128964059,857,284,0.3313885647607935,522,0.2531522793404461,615,0.2982541222114452,82,0.0397672162948593,37,0.0179437439379243,1382,0.6702230843840931,539,0.2613967022308438,298,0.6300211416490487,36047010200,5152,1205,0.233889751552795,5201,412,0.0792155354739473,5201,407,0.0782541818880984,56616,0.056616,36420.7997739155,0.8593641591158896
360471034011,360471034011,Block Group 1; Census Tract 1034.01; Kings County; New York,Brooklyn,2498,1065,1065,1.0,635,334,0.525984251968504,664,0.2658126501200961,383,0.1533226581265012,91,0.0364291433146517,2023,0.8098478783026422,0,0.0,331,0.132506004803843,45,0.0422535211267605,36047103401,3637,1752,0.4817156997525433,3637,772,0.2122628540005499,3637,103,0.0283200439923013,86661,0.086661,28824.961632106715,0.6629827278033129
360470104011,360470104011,Block Group 1; Census Tract 104.01; Kings County; New York,Brooklyn,942,261,234,0.896551724137931,364,181,0.4972527472527472,272,0.2887473460721868,159,0.1687898089171974,80,0.0849256900212314,17,0.0180467091295116,658,0.6985138004246284,137,0.1454352441613588,155,0.5938697318007663,36047010401,2060,616,0.2990291262135922,2060,165,0.0800970873786407,2060,239,0.1160194174757281,37699,0.037699,24987.400196291677,0.8110359626644548
360470104021,360470104021,Block Group 1; Census Tract 104.02; Kings County; New York,Brooklyn,773,300,269,0.8966666666666666,369,132,0.3577235772357723,155,0.2005174644243208,101,0.130659767141009,54,0.0698576972833117,34,0.0439844760672703,653,0.8447606727037517,32,0.0413971539456662,185,0.6166666666666667,36047010402,2145,890,0.4149184149184149,2174,111,0.0510579576816927,2174,112,0.0515179392824287,38417,0.038417,20121.30046593956,0.8252587688594526
360471058011,360471058011,Block Group 1; Census Tract 1058.01; Kings County; New York,Brooklyn,1507,673,673,1.0,423,303,0.7163120567375887,190,0.126078301260783,302,0.2003981420039814,267,0.1771731917717319,1014,0.6728599867285998,0,0.0,109,0.0723291307232913,193,0.2867756315007429,36047105801,5635,1876,0.332919254658385,5589,1865,0.3336911791018071,5589,128,0.0229021291823224,84866,0.084866,17757.40579266137,0.7703001165381336
360471058041,360471058041,Block Group 1; Census Tract 1058.04; Kings County; New York,Brooklyn,518,112,90,0.8035714285714286,126,0,0.0,22,0.0424710424710424,297,0.5733590733590733,72,0.138996138996139,388,0.749034749034749,0,0.0,37,0.0714285714285714,0,0.0,36047105804,5933,1655,0.278948255519973,5933,1908,0.3215911006236305,5933,133,0.0224169897185235,334927,0.334927,1546.605678252276,0.5978036187754046
360470106011,360470106011,Block Group 1; Census Tract 106.01; Kings County; New York,Brooklyn,1058,327,327,1.0,432,138,0.3194444444444444,333,0.3147448015122873,150,0.1417769376181474,8,0.0075614366729678,0,0.0,932,0.8809073724007561,118,0.1115311909262759,243,0.7431192660550459,36047010601,2138,785,0.3671655753040224,2138,122,0.0570626753975678,2138,155,0.0724976613657624,37679,0.037679,28079.301467661033,0.8857407860825137
360470106021,360470106021,Block Group 1; Census Tract 106.02; Kings County; New York,Brooklyn,978,323,282,0.8730650154798761,317,103,0.3249211356466877,161,0.1646216768916155,323,0.3302658486707566,77,0.0787321063394683,0,0.0,774,0.7914110429447853,88,0.0899795501022494,254,0.7863777089783281,36047010602,2088,220,0.1053639846743295,2088,132,0.0632183908045977,2088,45,0.021551724137931,37762,0.037762,25899.051956993804,0.8094796823831962
360471070011,360471070011,Block Group 1; Census Tract 1070.01; Kings County; New York,Brooklyn,4672,2103,1578,0.7503566333808844,2128,1173,0.5512218045112782,1412,0.3022260273972603,452,0.0967465753424657,10,0.0021404109589041,3088,0.660958904109589,0,0.0,1140,0.2440068493150685,94,0.0446980504041845,36047107001,4670,568,0.121627408993576,4672,522,0.1117294520547945,4672,50,0.0107020547945205,1207190,1.20719,3870.144716241851,0.4724009975329402
360471078001,360471078001,Block Group 1; Census Tract 1078; Kings County; New York,Brooklyn,848,351,212,0.603988603988604,391,227,0.5805626598465473,141,0.1662735849056603,232,0.2735849056603773,29,0.0341981132075471,537,0.6332547169811321,6,0.0070754716981132,22,0.025943396226415,0,0.0,36047107800,3687,273,0.0740439381611065,3687,508,0.1377813940873338,3687,74,0.0200705180363439,207892,0.207892,4079.041040540281,0.5941550255679454
360470108011,360470108011,Block Group 1; Census Tract 108.01; Kings County; New York,Brooklyn,863,244,228,0.9344262295081968,400,145,0.3625,257,0.2977983777520278,75,0.0869061413673232,35,0.0405561993047508,0,0.0,704,0.8157589803012746,118,0.1367323290845886,151,0.6188524590163934,36047010801,1878,555,0.2955271565495208,1878,143,0.0761448349307774,1878,175,0.0931842385516506,37782,0.037782,22841.564766290823,0.9409245606864324
360470108021,360470108021,Block Group 1; Census Tract 108.02; Kings County; New York,Brooklyn,1320,432,348,0.8055555555555556,757,221,0.2919418758256275,217,0.1643939393939394,141,0.1068181818181818,45,0.034090909090909,79,0.0598484848484848,1053,0.7977272727272727,106,0.0803030303030303,248,0.5740740740740741,36047010802,2396,656,0.2737896494156928,2419,101,0.04175279040926,2419,107,0.0442331541959487,37734,0.037734,34981.7141039911,0.9291337667611904
360471104001,360471104001,Block Group 1; Census Tract 1104; Kings County; New York,Brooklyn,888,224,198,0.8839285714285714,292,178,0.6095890410958904,372,0.4189189189189189,60,0.0675675675675675,0,0.0,683,0.7691441441441441,0,0.0,179,0.2015765765765765,17,0.0758928571428571,36047110400,5199,1266,0.2435083669936526,5199,734,0.141180996345451,5199,237,0.0455856895556837,328583,0.328583,2702.5135201760286,0.8075470839138225
360471106001,360471106001,Block Group 1; Census Tract 1106; Kings County; New York,Brooklyn,2092,1034,1034,1.0,528,271,0.5132575757575758,605,0.2891969407265774,406,0.1940726577437858,24,0.011472275334608,1620,0.7743785850860421,0,0.0,391,0.1869024856596558,16,0.0154738878143133,36047110600,4117,1607,0.3903327665776051,4117,1056,0.2564974495992227,4117,190,0.0461501093028904,88919,0.088919,23527.03021851348,0.6009992600530303
360470110001,360470110001,Block Group 1; Census Tract 110; Kings County; New York,Brooklyn,1594,318,314,0.9874213836477987,519,293,0.5645472061657033,178,0.1116687578419071,225,0.1411543287327478,255,0.1599749058971142,0,0.0,674,0.4228356336260979,660,0.4140526976160602,180,0.5660377358490566,36047011000,2530,371,0.1466403162055336,2535,195,0.0769230769230769,2535,158,0.06232741617357,100239,0.100239,15901.994233781264,0.9064198927933224
360471110001,360471110001,Block Group 1; Census Tract 1110; Kings County; New York,Brooklyn,1902,951,951,1.0,515,353,0.6854368932038835,481,0.2528916929547844,232,0.1219768664563617,0,0.0,1168,0.6140904311251314,0,0.0,699,0.3675078864353312,27,0.028391167192429,36047111000,2984,1052,0.3525469168900804,2984,785,0.2630697050938337,2984,72,0.0241286863270777,66124,0.066124,28764.140100417397,0.8191521548947706
360471116001,360471116001,Block Group 1; Census Tract 1116; Kings County; New York,Brooklyn,2789,749,581,0.7757009345794392,855,451,0.5274853801169591,795,0.285048404446038,565,0.2025815704553603,39,0.0139835066332018,1450,0.5198996055934026,0,0.0,1054,0.3779132305485837,92,0.1228304405874499,36047111600,3519,783,0.2225063938618925,3535,272,0.0769448373408769,3535,362,0.1024045261669024,147211,0.147211,18945.59509819239,0.9031395373314898
360471118001,360471118001,Block Group 1; Census Tract 1118; Kings County; New York,Brooklyn,2397,797,678,0.8506900878293601,696,219,0.3146551724137931,509,0.212348769294952,372,0.1551939924906132,10,0.0041718815185648,727,0.3032957863996662,331,0.1380892782644973,1117,0.4659991656236963,33,0.041405269761606,36047111800,3872,686,0.1771694214876033,3872,223,0.0575929752066115,3872,214,0.0552685950413223,82723,0.082723,28976.22184882076,0.8453047450049218
360471120001,360471120001,Block Group 1; Census Tract 1120; Kings County; New York,Brooklyn,1331,514,396,0.7704280155642024,511,120,0.2348336594911937,332,0.2494365138993238,124,0.0931630353117956,0,0.0,1025,0.7700976709241172,0,0.0,306,0.2299023290758828,50,0.0972762645914396,36047112000,3249,386,0.1188057863958141,3249,171,0.0526315789473684,3249,212,0.0652508464142813,53448,0.053448,24902.70917527316,0.8675012500976612
360471122001,360471122001,Block Group 1; Census Tract 1122; Kings County; New York,Brooklyn,2190,843,559,0.6631079478054567,911,453,0.4972557628979144,589,0.2689497716894977,314,0.1433789954337899,0,0.0,1714,0.782648401826484,8,0.0036529680365296,452,0.2063926940639269,157,0.1862396204033214,36047112200,3500,818,0.2337142857142857,3500,502,0.1434285714285714,3500,104,0.0297142857142857,120492,0.120492,18175.480529827702,0.8637642849007232
360471124001,360471124001,Block Group 1; Census Tract 1124; Kings County; New York,Brooklyn,1417,474,451,0.9514767932489452,729,306,0.419753086419753,405,0.2858151023288638,145,0.1023288637967537,12,0.0084685956245589,1076,0.7593507410021172,14,0.009880028228652,315,0.2223006351446718,40,0.0843881856540084,36047112400,3319,412,0.124133775233504,3380,349,0.1032544378698224,3380,215,0.0636094674556213,51878,0.051878,27314.083040980764,0.861552725471079
360471126001,360471126001,Block Group 1; Census Tract 1126; Kings County; New York,Brooklyn,1491,707,622,0.8797736916548797,679,351,0.5169366715758469,154,0.1032863849765258,309,0.2072434607645875,0,0.0,1153,0.7733065057008719,0,0.0,300,0.2012072434607646,36,0.0509193776520509,36047112600,4328,1319,0.3047597042513863,4406,622,0.1411711302768951,4406,307,0.0696777122106218,54917,0.054917,27150.06282207695,0.8533579454332739
360471128001,360471128001,Block Group 1; Census Tract 1128; Kings County; New York,Brooklyn,1078,538,423,0.7862453531598513,547,293,0.5356489945155393,162,0.150278293135436,139,0.1289424860853432,0,0.0,898,0.8330241187384044,0,0.0,110,0.1020408163265306,54,0.1003717472118959,36047112800,3933,1119,0.2845156369183829,3933,465,0.118230358504958,3933,156,0.0396643783371472,52241,0.052241,20635.133324400373,0.8985353390129998
360470112001,360470112001,Block Group 1; Census Tract 112; Kings County; New York,Brooklyn,3235,911,878,0.9637760702524698,950,195,0.2052631578947368,1111,0.3434312210200927,614,0.1897990726429675,835,0.2581143740340031,37,0.0114374034003091,495,0.1530139103554868,1534,0.4741885625965997,485,0.5323819978046103,36047011200,6584,1540,0.2339003645200486,6611,637,0.0963545605808501,6611,850,0.1285735894720919,68744,0.068744,47058.65239148144,0.933590598764278
360471130001,360471130001,Block Group 1; Census Tract 1130; Kings County; New York,Brooklyn,687,241,195,0.8091286307053942,234,234,1.0,170,0.24745269286754,139,0.2023289665211062,0,0.0,571,0.8311499272197962,0,0.0,103,0.1499272197962154,0,0.0,36047113000,4448,781,0.1755845323741007,4490,502,0.1118040089086859,4490,221,0.0492204899777282,41569,0.041569,16526.738675455268,0.8543877947907221
360471132001,360471132001,Block Group 1; Census Tract 1132; Kings County; New York,Brooklyn,1521,582,450,0.7731958762886598,727,336,0.4621733149931224,468,0.3076923076923077,131,0.0861275476660092,0,0.0,1015,0.6673241288625904,0,0.0,362,0.2380013149243918,0,0.0,36047113200,2637,565,0.2142586272279105,2637,383,0.1452408039438756,2637,0,0.0,86938,0.086938,17495.22648324093,0.861285911310509
360471134001,360471134001,Block Group 1; Census Tract 1134; Kings County; New York,Brooklyn,827,217,194,0.8940092165898618,212,189,0.8915094339622641,266,0.3216444981862152,66,0.0798065296251511,0,0.0,342,0.4135429262394196,0,0.0,485,0.5864570737605804,12,0.0552995391705069,36047113400,2615,703,0.2688336520076482,2615,506,0.1934990439770554,2615,187,0.07151051625239,85908,0.085908,9626.577268706058,0.5737386881086286
360471142011,360471142011,Block Group 1; Census Tract 1142.01; Kings County; New York,Brooklyn,1175,500,155,0.31,493,158,0.3204868154158215,241,0.2051063829787234,473,0.4025531914893617,130,0.1106382978723404,226,0.1923404255319148,0,0.0,798,0.6791489361702128,36,0.072,36047114201,1548,213,0.1375968992248062,1548,300,0.1937984496124031,1548,51,0.0329457364341085,100895,0.100895,11645.770355319888,0.8264794154179282
360471142021,360471142021,Block Group 1; Census Tract 1142.02; Kings County; New York,Brooklyn,1521,608,586,0.9638157894736842,535,312,0.5831775700934579,549,0.3609467455621302,164,0.1078238001314924,107,0.0703484549638395,312,0.2051282051282051,0,0.0,1047,0.6883629191321499,92,0.1513157894736842,36047114202,2331,837,0.3590733590733591,2331,364,0.1561561561561561,2331,12,0.0051480051480051,75993,0.075993,20015.00138170621,0.2997028352365223
360471144001,360471144001,Block Group 1; Census Tract 1144; Kings County; New York,Brooklyn,379,112,88,0.7857142857142857,150,150,1.0,0,0.0,46,0.1213720316622691,24,0.0633245382585752,301,0.7941952506596306,10,0.0263852242744063,20,0.0527704485488126,0,0.0,36047114400,2423,877,0.3619479983491539,2423,324,0.1337185307470078,2423,114,0.0470491126702435,222625,0.222625,1702.4143739472208,0.6307020153103079
360471146001,360471146001,Block Group 1; Census Tract 1146; Kings County; New York,Brooklyn,1376,392,272,0.6938775510204082,721,417,0.5783633841886269,209,0.1518895348837209,259,0.1882267441860465,37,0.0268895348837209,282,0.2049418604651162,74,0.0537790697674418,900,0.6540697674418605,109,0.2780612244897959,36047114600,3130,273,0.087220447284345,3130,405,0.1293929712460063,3130,78,0.0249201277955271,77379,0.077379,17782.60251489422,0.3210431708735656
360470114001,360470114001,Block Group 1; Census Tract 114; Kings County; New York,Brooklyn,1664,259,182,0.7027027027027027,332,55,0.1656626506024096,588,0.3533653846153846,461,0.2770432692307692,875,0.5258413461538461,72,0.0432692307692307,490,0.2944711538461538,122,0.0733173076923077,103,0.3976833976833976,36047011400,3258,582,0.1786372007366482,3291,215,0.0653296870252203,3291,259,0.0786994834396839,59832,0.059832,27811.20470651157,0.9647840904450852
360471150001,360471150001,Block Group 1; Census Tract 1150; Kings County; New York,Brooklyn,1428,415,326,0.7855421686746988,675,293,0.434074074074074,379,0.265406162464986,63,0.0441176470588235,84,0.0588235294117647,764,0.5350140056022409,0,0.0,580,0.4061624649859944,59,0.1421686746987951,36047115000,2920,536,0.1835616438356164,2962,317,0.1070222822417285,2962,142,0.0479405806887238,51979,0.051979,27472.63317878374,0.7807283896908968
360471156001,360471156001,Block Group 1; Census Tract 1156; Kings County; New York,Brooklyn,1043,277,98,0.3537906137184115,537,268,0.4990689013035381,195,0.186960690316395,136,0.1303930968360498,3,0.0028763183125599,740,0.7094918504314478,287,0.2751677852348993,13,0.012464046021093,29,0.1046931407942238,36047115600,4044,1493,0.369188921859545,4103,657,0.1601267365342432,4103,173,0.0421642700463075,41805,0.041805,24949.168759717737,0.824890025265258
360471158001,360471158001,Block Group 1; Census Tract 1158; Kings County; New York,Brooklyn,980,244,92,0.3770491803278688,405,225,0.5555555555555556,255,0.2602040816326531,109,0.1112244897959183,0,0.0,794,0.810204081632653,39,0.0397959183673469,147,0.15,15,0.0614754098360655,36047115800,2529,587,0.2321075523922499,2529,535,0.2115460656385923,2529,162,0.0640569395017793,44941,0.044941,21806.36834961394,0.8347158618270611
360471160001,360471160001,Block Group 1; Census Tract 1160; Kings County; New York,Brooklyn,685,313,277,0.8849840255591054,329,163,0.4954407294832826,156,0.2277372262773722,67,0.0978102189781021,23,0.0335766423357664,110,0.1605839416058394,0,0.0,519,0.7576642335766424,56,0.1789137380191693,36047116000,2412,590,0.2446102819237147,2420,455,0.1880165289256198,2420,51,0.0210743801652892,57397,0.057397,11934.421659668624,0.8341742746903626
360471162001,360471162001,Block Group 1; Census Tract 1162; Kings County; New York,Brooklyn,256,161,147,0.9130434782608696,103,66,0.6407766990291263,17,0.06640625,39,0.15234375,0,0.0,222,0.8671875,0,0.0,21,0.08203125,8,0.0496894409937888,36047116200,2561,752,0.2936352987114408,2571,232,0.0902372617658498,2571,90,0.0350058343057176,41576,0.041576,6157.398499134116,0.83881852748487
360471164001,360471164001,Block Group 1; Census Tract 1164; Kings County; New York,Brooklyn,1125,252,246,0.9761904761904762,388,317,0.8170103092783505,430,0.3822222222222222,63,0.056,23,0.0204444444444444,340,0.3022222222222222,258,0.2293333333333333,391,0.3475555555555555,0,0.0,36047116400,3899,250,0.0641190048730443,3936,392,0.0995934959349593,3936,166,0.0421747967479674,52741,0.052741,21330.653571225423,0.8105432270307119
360471166001,360471166001,Block Group 1; Census Tract 1166; Kings County; New York,Brooklyn,1260,416,336,0.8076923076923077,551,287,0.5208711433756806,389,0.3087301587301587,46,0.0365079365079365,30,0.0238095238095238,478,0.3793650793650793,0,0.0,635,0.503968253968254,0,0.0,36047116600,2998,595,0.1984656437625083,2998,411,0.1370913942628419,2998,197,0.0657104736490994,52472,0.052472,24012.8068303095,0.7493665616485308
360471168001,360471168001,Block Group 1; Census Tract 1168; Kings County; New York,Brooklyn,1564,403,347,0.8610421836228288,745,284,0.3812080536912752,420,0.268542199488491,105,0.0671355498721227,31,0.0198209718670076,509,0.3254475703324808,42,0.0268542199488491,694,0.4437340153452685,64,0.1588089330024814,36047116800,2585,319,0.1234042553191489,2661,78,0.0293122886133032,2661,44,0.0165351371664787,80007,0.080007,19548.28952466659,0.7595985937261259
360470116001,360470116001,Block Group 1; Census Tract 116; Kings County; New York,Brooklyn,1047,437,395,0.9038901601830664,503,104,0.2067594433399602,230,0.2196752626552053,144,0.1375358166189111,115,0.1098376313276026,12,0.0114613180515759,762,0.7277936962750716,158,0.1509073543457497,361,0.8260869565217391,36047011600,3212,892,0.2777085927770859,3233,161,0.0497989483451902,3233,138,0.0426848128673059,68499,0.068499,15284.89466999518,0.9296617637320482
360471170001,360471170001,Block Group 1; Census Tract 1170; Kings County; New York,Brooklyn,1345,477,477,1.0,478,177,0.3702928870292887,254,0.1888475836431226,129,0.0959107806691449,5,0.0037174721189591,119,0.0884758364312267,0,0.0,1221,0.907806691449814,53,0.1111111111111111,36047117000,1952,653,0.3345286885245901,1952,136,0.0696721311475409,1952,61,0.03125,48200,0.0482,27904.564315352694,0.5360866895272004
360471172011,360471172011,Block Group 1; Census Tract 1172.01; Kings County; New York,Brooklyn,975,308,192,0.6233766233766234,625,435,0.696,146,0.1497435897435897,96,0.0984615384615384,10,0.0102564102564102,295,0.3025641025641025,35,0.0358974358974358,635,0.6512820512820513,25,0.0811688311688311,36047117201,1961,535,0.2728199898011219,1961,242,0.1234064252932177,1961,46,0.0234574196838347,75089,0.075089,12984.591617946702,0.3282122098856949
360471172021,360471172021,Block Group 1; Census Tract 1172.02; Kings County; New York,Brooklyn,1933,648,549,0.8472222222222222,857,593,0.691948658109685,624,0.3228142783238489,294,0.1520951888256596,0,0.0,418,0.2162441800310398,0,0.0,1515,0.7837558199689602,262,0.404320987654321,36047117202,4719,868,0.1839372748463657,4720,379,0.0802966101694915,4720,542,0.1148305084745762,65085,0.065085,29699.62356917877,0.678131610462895
360471174001,360471174001,Block Group 1; Census Tract 1174; Kings County; New York,Brooklyn,2039,606,422,0.6963696369636964,959,513,0.5349322210636079,335,0.1642962236390387,263,0.1289847964688572,27,0.013241785188818,188,0.0922020598332516,0,0.0,1824,0.8945561549779304,172,0.2838283828382838,36047117400,3827,539,0.1408413901228116,3827,96,0.0250849229161222,3827,229,0.0598379932061667,106909,0.106909,19072.29512950266,0.7339924922343769
360471176011,360471176011,Block Group 1; Census Tract 1176.01; Kings County; New York,Brooklyn,887,333,203,0.6096096096096096,487,221,0.4537987679671458,132,0.1488162344983089,162,0.1826381059751973,47,0.0529875986471251,189,0.2130777903043968,29,0.0326944757609921,519,0.5851183765501691,42,0.1261261261261261,36047117601,3019,112,0.0370983769460086,3021,282,0.0933465739821251,3021,155,0.0513075140681893,79960,0.07996,11093.04652326163,0.6385506468919994
360471176021,360471176021,Block Group 1; Census Tract 1176.02; Kings County; New York,Brooklyn,1187,393,330,0.8396946564885496,313,148,0.4728434504792332,131,0.1103622577927548,269,0.2266217354675652,143,0.1204717775905644,43,0.0362257792754844,49,0.0412805391743892,952,0.802021903959562,45,0.1145038167938931,36047117602,3362,420,0.1249256395002974,3393,371,0.1093427645151783,3393,238,0.0701444149720011,82085,0.082085,14460.620088932204,0.6473279960420392
360471178001,360471178001,Block Group 1; Census Tract 1178; Kings County; New York,Brooklyn,1777,609,464,0.7619047619047619,635,86,0.1354330708661417,460,0.2588632526730444,279,0.1570061902082161,20,0.0112549240292628,78,0.0438942037141249,197,0.1108610016882386,1389,0.7816544738323016,202,0.3316912972085385,36047117800,1775,133,0.0749295774647887,1775,227,0.1278873239436619,1775,56,0.0315492957746478,140598,0.140598,12638.871107697125,0.2895967187286623
360470117001,360470117001,Block Group 1; Census Tract 117; Kings County; New York,Brooklyn,861,354,227,0.6412429378531074,422,181,0.428909952606635,204,0.2369337979094076,44,0.0511033681765389,660,0.7665505226480837,6,0.0069686411149825,97,0.1126596980255516,68,0.0789779326364692,0,0.0,36047011700,2729,98,0.0359105899596921,2776,309,0.1113112391930835,2776,201,0.0724063400576368,74067,0.074067,11624.610150269353,0.9174413912055296
360471182011,360471182011,Block Group 1; Census Tract 1182.01; Kings County; New York,Brooklyn,2315,577,501,0.8682842287694974,849,411,0.4840989399293286,702,0.3032397408207343,181,0.0781857451403887,22,0.0095032397408207,249,0.1075593952483801,236,0.1019438444924406,1794,0.7749460043196544,119,0.2062391681109185,36047118201,3638,738,0.2028587135788895,3674,220,0.059880239520958,3674,133,0.0362003266194883,59007,0.059007,39232.63341637433,0.6486710804109481
360471182021,360471182021,Block Group 1; Census Tract 1182.02; Kings County; New York,Brooklyn,1934,676,461,0.6819526627218935,846,519,0.6134751773049646,512,0.2647362978283351,233,0.1204756980351602,473,0.2445708376421923,230,0.1189245087900724,14,0.0072388831437435,1171,0.6054808686659773,149,0.2204142011834319,36047118202,3288,678,0.2062043795620438,3288,206,0.0626520681265206,3288,206,0.0626520681265206,62334,0.062334,31026.406134693745,0.6578919180928032
360471184001,360471184001,Block Group 1; Census Tract 1184; Kings County; New York,Brooklyn,1121,545,484,0.8880733944954129,620,154,0.2483870967741935,82,0.0731489741302408,120,0.1070472792149866,114,0.1016949152542373,16,0.0142729705619982,0,0.0,936,0.8349687778768956,145,0.2660550458715596,36047118400,4826,833,0.1726067136344799,4826,459,0.0951098217985909,4826,905,0.1875259013675922,73425,0.073425,15267.279536942457,0.6386644003261898
360471186001,360471186001,Block Group 1; Census Tract 1186; Kings County; New York,Brooklyn,1697,405,258,0.6370370370370371,724,365,0.5041436464088398,252,0.1484973482616381,432,0.2545668827342369,22,0.0129640542133176,279,0.164407778432528,706,0.4160282852091927,591,0.3482616381850324,76,0.1876543209876543,36047118600,3082,382,0.1239454899415963,3099,532,0.1716682800903517,3099,196,0.0632462084543401,67365,0.067365,25191.12298671417,0.3303109244172039
360471188001,360471188001,Block Group 1; Census Tract 1188; Kings County; New York,Brooklyn,1934,431,312,0.7238979118329466,838,364,0.4343675417661098,539,0.2786970010341261,227,0.1173733195449844,38,0.0196483971044467,460,0.2378490175801448,1167,0.6034126163391934,220,0.1137538779731127,53,0.1229698375870069,36047118800,4760,776,0.1630252100840336,4778,248,0.0519045625784847,4778,185,0.0387191293428212,69634,0.069634,27773.78866645604,0.2815360959871667
360470119011,360470119011,Block Group 1; Census Tract 119.01; Kings County; New York,Brooklyn,402,168,112,0.6666666666666666,210,75,0.3571428571428571,98,0.2437810945273631,16,0.0398009950248756,133,0.3308457711442786,79,0.1965174129353233,106,0.263681592039801,48,0.1194029850746268,0,0.0,36047011901,1343,158,0.1176470588235294,1378,123,0.0892597968069666,1378,136,0.0986937590711175,233444,0.233444,1722.0404036942475,0.8589568884574527
360471190001,360471190001,Block Group 1; Census Tract 1190; Kings County; New York,Brooklyn,1015,382,372,0.9738219895287958,276,110,0.3985507246376811,242,0.238423645320197,152,0.1497536945812808,38,0.0374384236453202,105,0.1034482758620689,177,0.1743842364532019,561,0.5527093596059113,70,0.1832460732984293,36047119000,1783,550,0.3084688726864834,1772,165,0.0931151241534988,1772,91,0.051354401805869,88723,0.088723,11440.100086786966,0.7470912102748071
360471192001,360471192001,Block Group 1; Census Tract 1192; Kings County; New York,Brooklyn,1218,367,317,0.8637602179836512,410,80,0.1951219512195122,412,0.3382594417077175,60,0.0492610837438423,59,0.0484400656814449,262,0.2151067323481116,18,0.0147783251231527,456,0.3743842364532019,68,0.1852861035422343,36047119200,3885,450,0.1158301158301158,3885,435,0.1119691119691119,3885,335,0.0862290862290862,70564,0.070564,17260.926251346296,0.7366013020414401
360471194001,360471194001,Block Group 1; Census Tract 1194; Kings County; New York,Brooklyn,793,267,224,0.8389513108614233,395,184,0.4658227848101265,142,0.1790668348045397,69,0.0870113493064312,0,0.0,445,0.5611601513240857,112,0.1412358133669609,236,0.2976040353089533,65,0.2434456928838951,36047119400,4816,1689,0.3507059800664451,4816,342,0.0710132890365448,4816,616,0.127906976744186,56811,0.056811,13958.564362535424,0.795161057016159
360471196001,360471196001,Block Group 1; Census Tract 1196; Kings County; New York,Brooklyn,1462,504,409,0.8115079365079365,574,368,0.6411149825783972,376,0.2571819425444596,303,0.207250341997264,16,0.0109439124487004,966,0.6607387140902873,230,0.1573187414500684,218,0.1491108071135431,71,0.1408730158730158,36047119600,5952,1185,0.1990927419354838,5972,663,0.1110180843938379,5972,262,0.0438713998660415,114055,0.114055,12818.377098768138,0.2976763573131911
360471198001,360471198001,Block Group 1; Census Tract 1198; Kings County; New York,Brooklyn,1442,453,453,1.0,293,158,0.5392491467576792,471,0.326629680998613,253,0.1754507628294036,207,0.1435506241331484,465,0.3224687933425798,5,0.0034674063800277,765,0.5305131761442441,152,0.3355408388520971,36047119800,3268,1171,0.3583231334149326,3233,227,0.0702134240643365,3233,293,0.0906278997834828,128089,0.128089,11257.797312805938,0.6375660063747319
360470011001,360470011001,Block Group 1; Census Tract 11; Kings County; New York,Brooklyn,1580,859,832,0.9685681024447031,1214,604,0.4975288303130148,150,0.0949367088607595,32,0.020253164556962,890,0.5632911392405063,103,0.0651898734177215,327,0.2069620253164557,211,0.1335443037974683,16,0.0186263096623981,36047001100,1580,166,0.1050632911392405,1580,97,0.0613924050632911,1580,72,0.0455696202531645,168507,0.168507,9376.465072667605,0.9306850748067668
360471200001,360471200001,Block Group 1; Census Tract 1200; Kings County; New York,Brooklyn,1197,531,411,0.7740112994350282,585,215,0.3675213675213675,248,0.2071846282372598,138,0.1152882205513784,14,0.0116959064327485,374,0.3124477861319966,663,0.5538847117794486,99,0.0827067669172932,271,0.5103578154425612,36047120000,2786,531,0.1905958363244795,2922,183,0.0626283367556468,2922,76,0.0260095824777549,72533,0.072533,16502.833193167247,0.2956390373333665
360471202001,360471202001,Block Group 1; Census Tract 1202; Kings County; New York,Brooklyn,1386,331,164,0.4954682779456193,592,102,0.1722972972972972,328,0.2366522366522366,200,0.1443001443001443,154,0.1111111111111111,188,0.1356421356421356,316,0.227994227994228,411,0.2965367965367965,3,0.0090634441087613,36047120200,1978,104,0.0525783619817998,1999,193,0.0965482741370685,1999,80,0.0400200100050025,95187,0.095187,14560.811875571246,0.3005179541747611
360471208011,360471208011,Block Group 1; Census Tract 1208.01; Kings County; New York,Brooklyn,887,223,192,0.8609865470852018,557,523,0.9389587073608616,148,0.1668545659526494,124,0.1397970687711386,0,0.0,427,0.4813979706877114,419,0.4723788049605411,27,0.0304396843291995,61,0.273542600896861,36047120801,4834,639,0.1321886636326024,4834,449,0.0928837401737691,4834,440,0.0910219280099296,27866,0.027866,31830.905045575255,0.8022216139974256
360471208021,360471208021,Block Group 1; Census Tract 1208.02; Kings County; New York,Brooklyn,4039,1296,1296,1.0,1212,922,0.7607260726072608,1623,0.4018321366674919,436,0.1079475117603367,0,0.0,3857,0.954939341421144,59,0.0146075761327061,123,0.03045308244615,58,0.044753086419753,36047120802,5247,2101,0.40041928721174,5247,715,0.1362683438155136,5247,94,0.0179149990470745,77733,0.077733,51959.9140648116,0.7831693412690846
360471208031,360471208031,Block Group 1; Census Tract 1208.03; Kings County; New York,Brooklyn,1350,561,441,0.786096256684492,517,323,0.6247582205029013,114,0.0844444444444444,336,0.2488888888888888,67,0.0496296296296296,691,0.5118518518518519,12,0.0088888888888888,491,0.3637037037037037,84,0.1497326203208556,36047120803,1125,315,0.28,1125,145,0.1288888888888889,1125,41,0.0364444444444444,155241,0.155241,8696.15629891588,0.8541102605758879
360470120001,360470120001,Block Group 1; Census Tract 120; Kings County; New York,Brooklyn,1225,341,236,0.6920821114369502,443,226,0.510158013544018,342,0.2791836734693877,104,0.0848979591836734,93,0.0759183673469387,0,0.0,805,0.6571428571428571,309,0.2522448979591837,151,0.4428152492668621,36047012000,1214,340,0.2800658978583196,1225,73,0.0595918367346938,1225,112,0.0914285714285714,193342,0.193342,6335.92287242296,0.7840206895190985
360471210001,360471210001,Block Group 1; Census Tract 1210; Kings County; New York,Brooklyn,1539,765,765,1.0,436,364,0.8348623853211009,380,0.2469135802469135,255,0.1656920077972709,0,0.0,463,0.3008447043534762,19,0.0123456790123456,1057,0.686809616634178,273,0.3568627450980392,36047121000,3738,1545,0.413322632423756,3738,680,0.1819154628143392,3738,211,0.0564472980203317,97299,0.097299,15817.223198594023,0.8205876392529701
360471214001,360471214001,Block Group 1; Census Tract 1214; Kings County; New York,Brooklyn,3320,1042,1042,1.0,1003,597,0.5952143569292123,1167,0.3515060240963855,274,0.0825301204819277,46,0.0138554216867469,2055,0.6189759036144579,18,0.0054216867469879,1014,0.3054216867469879,136,0.1305182341650671,36047121400,4512,1221,0.2706117021276595,4512,615,0.1363031914893617,4512,12,0.0026595744680851,92269,0.092269,35981.74901646273,0.8398384274833792
360470121001,360470121001,Block Group 1; Census Tract 121; Kings County; New York,Brooklyn,996,534,450,0.8426966292134831,735,304,0.4136054421768707,107,0.107429718875502,74,0.07429718875502,634,0.6365461847389559,14,0.0140562248995983,39,0.0391566265060241,215,0.215863453815261,0,0.0,36047012100,2157,193,0.0894761242466388,2157,114,0.0528511821974965,2157,215,0.0996754751970329,74379,0.074379,13390.876457064494,0.9169360839092726
360471220001,360471220001,Block Group 1; Census Tract 1220; Kings County; New York,Brooklyn,2089,994,975,0.9808853118712274,822,184,0.2238442822384428,539,0.2580181905217807,328,0.1570129248444231,0,0.0,1577,0.7549066539013882,30,0.0143609382479655,430,0.2058401148875059,24,0.0241448692152917,36047122000,6991,350,0.0500643684737519,6955,663,0.0953271028037383,6955,456,0.0655643421998562,593535,0.593535,3519.5902516279575,0.7872967403330337
360470122001,360470122001,Block Group 1; Census Tract 122; Kings County; New York,Brooklyn,1233,436,396,0.908256880733945,715,371,0.5188811188811189,239,0.1938361719383617,92,0.0746147607461476,0,0.0,27,0.0218978102189781,452,0.3665855636658556,754,0.6115166261151662,173,0.3967889908256881,36047012200,4655,1330,0.2857142857142857,4655,213,0.0457572502685284,4655,341,0.0732545649838883,39674,0.039674,31078.28804758784,0.8719708909123463
360471237001,360471237001,Block Group 1; Census Tract 1237; Kings County; New York,Brooklyn,1604,379,310,0.8179419525065963,621,217,0.3494363929146538,690,0.4301745635910224,110,0.0685785536159601,1268,0.7905236907730673,164,0.1022443890274314,0,0.0,172,0.1072319201995012,61,0.1609498680738786,36047123700,9642,3861,0.4004355942750466,9642,234,0.0242688238954573,9642,35,0.0036299522920555,89464,0.089464,17928.999374049898,0.8373682883572261
360470126001,360470126001,Block Group 1; Census Tract 126; Kings County; New York,Brooklyn,1293,394,357,0.9060913705583756,606,329,0.5429042904290429,345,0.2668213457076566,219,0.1693735498839907,653,0.5050270688321732,21,0.0162412993039443,216,0.1670533642691415,369,0.2853828306264501,135,0.3426395939086294,36047012600,3020,569,0.18841059602649,3020,280,0.0927152317880794,3020,390,0.1291390728476821,84358,0.084358,15327.53265843192,0.6211055318892718
360470127001,360470127001,Block Group 1; Census Tract 127; Kings County; New York,Brooklyn,1989,796,668,0.8391959798994975,963,592,0.6147455867082036,220,0.1106083459024635,367,0.1845148315736551,366,0.1840120663650075,605,0.3041729512317747,181,0.0910005027652086,778,0.3911513323278029,8,0.0100502512562814,36047012700,4222,508,0.1203221222169587,4211,969,0.2301116124436001,4211,623,0.1479458560911897,50697,0.050697,39233.09071542695,0.9014942907178484
360470128011,360470128011,Block Group 1; Census Tract 128.01; Kings County; New York,Brooklyn,1987,754,609,0.8076923076923077,857,381,0.4445740956826137,419,0.2108706592853548,266,0.1338701560140916,594,0.2989431303472571,0,0.0,970,0.4881731253145445,411,0.2068444891796678,268,0.3554376657824933,36047012801,1971,446,0.226281075596144,1987,252,0.1268243583291394,1987,131,0.065928535480624,114974,0.114974,17282.16814236262,0.7827723933257243
360470129021,360470129021,Block Group 1; Census Tract 129.02; Kings County; New York,Brooklyn,1191,408,212,0.5196078431372549,776,211,0.2719072164948453,297,0.2493702770780856,99,0.0831234256926952,550,0.4617968094038623,175,0.1469353484466834,78,0.0654911838790932,219,0.1838790931989924,0,0.0,36047012902,3822,241,0.0630559916274202,3822,191,0.0499738356881214,3822,109,0.0285190999476713,37649,0.037649,31634.306356078512,0.8619820134693362
360470130001,360470130001,Block Group 1; Census Tract 130; Kings County; New York,Brooklyn,2153,493,369,0.7484787018255578,531,196,0.3691148775894539,813,0.3776126335346029,139,0.0645610775661867,1178,0.5471435206688342,8,0.0037157454714352,342,0.158848118903855,625,0.2902926149558755,15,0.0304259634888438,36047013000,5586,820,0.1467955603293949,5586,466,0.083422842821339,5586,499,0.0893304690297171,38924,0.038924,55312.91748021786,0.6204842336515604
360470131001,360470131001,Block Group 1; Census Tract 131; Kings County; New York,Brooklyn,835,464,436,0.9396551724137931,484,249,0.5144628099173554,94,0.1125748502994012,138,0.1652694610778443,378,0.4526946107784431,161,0.192814371257485,66,0.0790419161676646,211,0.2526946107784431,18,0.0387931034482758,36047013100,3504,378,0.1078767123287671,3533,391,0.1106708180016982,3533,55,0.0155675063685253,39072,0.039072,21370.80262080262,0.9076938068265744
360470132001,360470132001,Block Group 1; Census Tract 132; Kings County; New York,Brooklyn,551,260,202,0.7769230769230769,186,120,0.6451612903225806,54,0.0980036297640653,240,0.4355716878402904,267,0.484573502722323,5,0.0090744101633393,223,0.4047186932849365,32,0.058076225045372,78,0.3,36047013200,2088,330,0.1580459770114942,2088,399,0.1910919540229885,2088,81,0.0387931034482758,31676,0.031676,17394.87309003662,0.6084769730129884
360470133001,360470133001,Block Group 1; Census Tract 133; Kings County; New York,Brooklyn,686,366,243,0.6639344262295082,507,192,0.378698224852071,97,0.141399416909621,112,0.1632653061224489,471,0.6865889212827988,30,0.0437317784256559,52,0.075801749271137,86,0.1253644314868804,49,0.133879781420765,36047013300,4256,63,0.0148026315789473,4264,218,0.0511257035647279,4264,117,0.0274390243902439,38217,0.038217,17950.126906873902,0.8964248181190246
360470134001,360470134001,Block Group 1; Census Tract 134; Kings County; New York,Brooklyn,1646,485,359,0.7402061855670103,839,353,0.4207389749702026,395,0.2399756986634265,203,0.123329283110571,570,0.3462940461725395,74,0.0449574726609963,699,0.4246658566221142,239,0.1452004860267314,71,0.1463917525773196,36047013400,4137,473,0.114334058496495,4207,371,0.0881863560732113,4207,89,0.0211552174946517,125243,0.125243,13142.451075109986,0.7783836283898959
360470135001,360470135001,Block Group 1; Census Tract 135; Kings County; New York,Brooklyn,1203,419,264,0.630071599045346,651,249,0.3824884792626728,357,0.2967581047381546,105,0.0872817955112219,847,0.7040731504571903,74,0.0615128844555278,78,0.0648379052369077,152,0.1263507896924355,0,0.0,36047013500,4294,79,0.0183977643223102,4294,197,0.0458779692594317,4294,71,0.0165346995808104,37465,0.037465,32109.969304684375,0.8855503958451615
360470136001,360470136001,Block Group 1; Census Tract 136; Kings County; New York,Brooklyn,1293,339,219,0.6460176991150443,523,365,0.6978967495219885,369,0.2853828306264501,259,0.2003093580819799,737,0.5699922660479505,17,0.0131477184841453,106,0.0819798917246713,381,0.2946635730858468,7,0.0206489675516224,36047013600,4015,509,0.1267745952677459,4088,459,0.112279843444227,4088,182,0.0445205479452054,92037,0.092037,14048.697806317026,0.8050760734478367
360470137001,360470137001,Block Group 1; Census Tract 137; Kings County; New York,Brooklyn,934,428,348,0.8130841121495327,676,370,0.5473372781065089,114,0.1220556745182012,30,0.032119914346895,694,0.7430406852248393,24,0.025695931477516,61,0.0653104925053533,123,0.1316916488222698,37,0.0864485981308411,36047013700,3026,150,0.0495703899537343,3094,138,0.0446024563671622,3094,142,0.0458952811893988,37969,0.037969,24599.014985909555,0.9179009658996008
360470138001,360470138001,Block Group 1; Census Tract 138; Kings County; New York,Brooklyn,1961,600,487,0.8116666666666666,861,484,0.562137049941928,628,0.3202447730749617,120,0.0611932687404385,1079,0.5502294747577766,5,0.0025497195308516,102,0.0520142784293727,642,0.3273839877613462,20,0.0333333333333333,36047013800,3792,118,0.0311181434599156,3800,270,0.0710526315789473,3800,53,0.0139473684210526,80695,0.080695,24301.38174608092,0.8067980368922544
360470139001,360470139001,Block Group 1; Census Tract 139; Kings County; New York,Brooklyn,947,338,218,0.6449704142011834,534,239,0.447565543071161,224,0.2365364308342133,109,0.1151003167898627,584,0.6166842661034847,14,0.0147835269271383,45,0.0475184794086589,200,0.2111932418162618,21,0.0621301775147929,36047013900,3560,213,0.0598314606741573,3560,237,0.0665730337078651,3560,172,0.048314606741573,37448,0.037448,25288.399914548172,0.9061912972636594
360470013001,360470013001,Block Group 1; Census Tract 13; Kings County; New York,Brooklyn,2518,1395,986,0.706810035842294,1595,537,0.3366771159874608,116,0.0460683081810961,389,0.1544876886417792,1440,0.5718824463860207,360,0.1429706115965051,468,0.1858617950754567,156,0.0619539316918189,76,0.0544802867383512,36047001300,2249,236,0.1049355269008448,2518,245,0.0972994440031771,2518,9,0.0035742652899126,269708,0.269708,9336.022661545076,0.8497999622336465
360470140001,360470140001,Block Group 1; Census Tract 140; Kings County; New York,Brooklyn,826,344,119,0.3459302325581395,315,90,0.2857142857142857,123,0.148910411622276,262,0.3171912832929782,503,0.6089588377723971,6,0.0072639225181598,179,0.2167070217917675,116,0.1404358353510895,45,0.1308139534883721,36047014000,1787,415,0.2322327923894795,1787,241,0.1348628987129267,1787,114,0.063794068270845,62835,0.062835,13145.539906103286,0.5250971952484469
360470141011,360470141011,Block Group 1; Census Tract 141.01; Kings County; New York,Brooklyn,1483,535,337,0.6299065420560748,787,379,0.4815756035578145,298,0.200944032366824,125,0.0842886041807147,829,0.5590020229265004,102,0.0687795010114632,262,0.1766689143627781,117,0.078894133513149,11,0.0205607476635514,36047014101,1480,197,0.1331081081081081,1483,122,0.0822656776803776,1483,65,0.0438300741739716,75853,0.075853,19550.973593661423,0.9409121263068956
360470141021,360470141021,Block Group 1; Census Tract 141.02; Kings County; New York,Brooklyn,1214,563,335,0.5950266429840142,482,275,0.5705394190871369,200,0.1647446457990115,331,0.2726523887973641,521,0.429159802306425,20,0.0164744645799011,231,0.1902800658978583,380,0.3130148270181219,72,0.127886323268206,36047014102,2032,166,0.0816929133858267,2032,423,0.2081692913385826,2032,103,0.0506889763779527,42193,0.042193,28772.54520892091,0.8753516069335262
360470142001,360470142001,Block Group 1; Census Tract 142; Kings County; New York,Brooklyn,814,348,288,0.8275862068965517,327,131,0.400611620795107,73,0.0896805896805896,281,0.3452088452088452,540,0.6633906633906634,67,0.0823095823095823,26,0.0319410319410319,163,0.2002457002457002,13,0.0373563218390804,36047014200,3517,880,0.2502132499289167,3524,517,0.1467082860385925,3524,207,0.0587400681044267,124155,0.124155,6556.320728122106,0.7956034356797771
360470143001,360470143001,Block Group 1; Census Tract 143; Kings County; New York,Brooklyn,1249,502,385,0.7669322709163346,747,261,0.3493975903614458,204,0.1633306645316253,150,0.1200960768614892,363,0.2906325060048038,23,0.0184147317854283,112,0.0896717373899119,736,0.589271417133707,1,0.0019920318725099,36047014300,3653,347,0.0949904188338352,3675,256,0.0696598639455782,3675,256,0.0696598639455782,90116,0.090116,13859.91388876559,0.6807799379466339
360470145001,360470145001,Block Group 1; Census Tract 145; Kings County; New York,Brooklyn,1255,498,382,0.7670682730923695,796,241,0.3027638190954774,323,0.2573705179282868,60,0.047808764940239,889,0.7083665338645418,12,0.0095617529880478,52,0.0414342629482071,121,0.096414342629482,0,0.0,36047014500,4681,567,0.1211279641102328,4681,406,0.086733603930784,4681,333,0.0711386455885494,75495,0.075495,16623.617458109806,0.8397301623684973
360470147001,360470147001,Block Group 1; Census Tract 147; Kings County; New York,Brooklyn,524,213,100,0.4694835680751174,286,146,0.5104895104895105,137,0.2614503816793893,36,0.0687022900763358,402,0.767175572519084,11,0.0209923664122137,40,0.0763358778625954,12,0.0229007633587786,0,0.0,36047014700,2363,169,0.071519255184088,2373,74,0.0311841550779603,2373,8,0.0033712600084281,49755,0.049755,10531.60486383278,0.9452697981214744
360470148001,360470148001,Block Group 1; Census Tract 148; Kings County; New York,Brooklyn,588,204,72,0.3529411764705882,246,35,0.1422764227642276,132,0.2244897959183673,160,0.272108843537415,377,0.641156462585034,0,0.0,201,0.3418367346938775,10,0.0170068027210884,31,0.1519607843137254,36047014800,1210,94,0.0776859504132231,1233,70,0.056772100567721,1233,0,0.0,56539,0.056539,10399.900953324252,0.7580814124581494
360470149011,360470149011,Block Group 1; Census Tract 149.01; Kings County; New York,Brooklyn,867,358,194,0.5418994413407822,472,158,0.3347457627118644,181,0.2087658592848904,131,0.1510957324106113,561,0.6470588235294118,49,0.0565167243367935,47,0.0542099192618223,149,0.1718569780853517,0,0.0,36047014901,1540,129,0.0837662337662337,1540,143,0.0928571428571428,1540,27,0.0175324675324675,37477,0.037477,23134.188969234463,0.9333719986471978
360470149021,360470149021,Block Group 1; Census Tract 149.02; Kings County; New York,Brooklyn,1709,689,366,0.5312046444121916,962,432,0.4490644490644491,287,0.1679344645991808,160,0.093622001170275,1111,0.6500877706260971,0,0.0,263,0.1538911644236395,242,0.1416032767700409,0,0.0,36047014902,4054,244,0.0601874691662555,4054,280,0.0690675875678342,4054,211,0.052047360631475,59630,0.05963,28660.07043434513,0.9386499435514198
360470015011,360470015011,Block Group 1; Census Tract 15.01; Kings County; New York,Brooklyn,2734,1598,1477,0.9242803504380476,1952,703,0.3601434426229508,236,0.0863204096561814,202,0.0738844184345281,1323,0.4839063643013899,154,0.0563277249451353,637,0.2329919531821506,395,0.1444769568397951,110,0.0688360450563204,36047001501,4565,1113,0.2438116100766703,4565,464,0.1016429353778751,4565,209,0.0457831325301204,81121,0.081121,33702.74035083394,0.8611060080226837
360470015021,360470015021,Block Group 1; Census Tract 15.02; Kings County; New York,Brooklyn,5238,2990,2901,0.9702341137123746,3414,1542,0.4516695957820738,677,0.1292478045055364,280,0.0534555173730431,2120,0.4047346315387553,776,0.1481481481481481,1349,0.25754104620084,684,0.1305841924398625,87,0.0290969899665551,36047001502,5225,854,0.163444976076555,5238,324,0.0618556701030927,5238,169,0.0322642229858724,142146,0.142146,36849.43649487147,0.9138969103038582
360471502001,360471502001,Block Group 1; Census Tract 1502; Kings County; New York,Brooklyn,738,271,68,0.2509225092250922,378,164,0.4338624338624338,240,0.3252032520325203,104,0.1409214092140921,647,0.8766937669376694,11,0.0149051490514905,58,0.078590785907859,22,0.029810298102981,0,0.0,36047150200,2869,112,0.0390379923318229,2884,192,0.0665742024965325,2884,126,0.0436893203883495,85334,0.085334,8648.369934609887,0.944442594460738
360470150001,360470150001,Block Group 1; Census Tract 150; Kings County; New York,Brooklyn,686,320,208,0.65,241,118,0.4896265560165975,47,0.0685131195335276,266,0.3877551020408163,474,0.6909620991253644,0,0.0,105,0.1530612244897959,64,0.0932944606413994,71,0.221875,36047015000,1437,202,0.1405706332637439,1437,249,0.1732776617954071,1437,86,0.0598469032707028,56540,0.05654,12133.00318358684,0.7584027817677352
360470151001,360470151001,Block Group 1; Census Tract 151; Kings County; New York,Brooklyn,1204,445,280,0.6292134831460674,713,289,0.4053295932678822,351,0.2915282392026578,91,0.0755813953488372,995,0.8264119601328903,14,0.0116279069767441,89,0.0739202657807309,32,0.0265780730897009,0,0.0,36047015100,4060,182,0.0448275862068965,4060,252,0.0620689655172413,4060,74,0.0182266009852216,37173,0.037173,32389.099615312192,0.9249032646559978
360471522001,360471522001,Block Group 1; Census Tract 1522; Kings County; New York,Brooklyn,1438,578,286,0.4948096885813148,914,322,0.3522975929978118,352,0.2447844228094575,128,0.0890125173852573,933,0.6488178025034771,49,0.0340751043115438,42,0.0292072322670375,235,0.1634214186369958,0,0.0,36047152200,2912,107,0.0367445054945054,2913,180,0.0617919670442842,2913,13,0.0044627531754205,144696,0.144696,9938.077071930116,0.6171476555211205
360470152001,360470152001,Block Group 1; Census Tract 152; Kings County; New York,Brooklyn,555,181,87,0.4806629834254143,280,31,0.1107142857142857,43,0.0774774774774774,127,0.2288288288288288,362,0.6522522522522523,0,0.0,67,0.1207207207207207,126,0.227027027027027,2,0.011049723756906,36047015200,2123,301,0.1417804992934526,2123,124,0.0584079133301931,2123,51,0.0240226095148374,163555,0.163555,3393.3539176423833,0.5546034016249365
360470155001,360470155001,Block Group 1; Census Tract 155; Kings County; New York,Brooklyn,544,297,263,0.8855218855218855,352,155,0.4403409090909091,87,0.1599264705882352,107,0.1966911764705882,472,0.8676470588235294,23,0.0422794117647058,38,0.0698529411764705,11,0.0202205882352941,0,0.0,36047015500,3413,136,0.0398476413712276,3443,160,0.0464711007841998,3443,28,0.0081324426372349,37474,0.037474,14516.7316005764,0.9764577162097696
360470157001,360470157001,Block Group 1; Census Tract 157; Kings County; New York,Brooklyn,1027,463,431,0.9308855291576674,668,303,0.4535928143712575,125,0.121713729308666,235,0.2288218111002921,789,0.7682570593963,26,0.0253164556962025,84,0.0817916260954235,14,0.0136319376825705,0,0.0,36047015700,5040,119,0.0236111111111111,5071,324,0.063892723328732,5071,0,0.0,37695,0.037695,27244.992704602733,0.8996317621039437
360470159001,360470159001,Block Group 1; Census Tract 159; Kings County; New York,Brooklyn,1351,610,510,0.8360655737704918,783,253,0.3231162196679438,287,0.2124352331606217,150,0.1110288675055514,1283,0.9496669133974832,0,0.0,16,0.0118430792005921,18,0.0133234641006661,0,0.0,36047015900,5358,262,0.0488988428518103,5376,247,0.0459449404761904,5376,27,0.0050223214285714,37730,0.03773,35807.05009276438,0.9004028999339606
360470160001,360470160001,Block Group 1; Census Tract 160; Kings County; New York,Brooklyn,1261,544,494,0.9080882352941176,605,283,0.4677685950413223,218,0.1728786677240285,236,0.1871530531324345,742,0.5884218873909596,17,0.0134813639968279,165,0.1308485329103886,199,0.1578112609040444,48,0.088235294117647,36047016000,4426,738,0.166741979213737,4426,300,0.0677812923633077,4426,214,0.0483506552191595,80105,0.080105,15741.838836527058,0.8060315385980965
360470161001,360470161001,Block Group 1; Census Tract 161; Kings County; New York,Brooklyn,1263,549,439,0.7996357012750456,773,379,0.4902975420439844,225,0.178147268408551,233,0.1844813935075217,737,0.5835312747426762,46,0.0364212193190815,104,0.0823436262866191,284,0.22486144101346,7,0.0127504553734061,36047016100,3432,67,0.0195221445221445,3461,296,0.0855244149089858,3461,55,0.0158913608783588,53493,0.053493,23610.565868431386,0.8620318560787243
360470162001,360470162001,Block Group 1; Census Tract 162; Kings County; New York,Brooklyn,1086,443,369,0.8329571106094809,456,94,0.2061403508771929,247,0.2274401473296501,147,0.1353591160220994,410,0.3775322283609576,33,0.0303867403314917,52,0.0478821362799263,571,0.5257826887661142,64,0.1444695259593679,36047016200,2221,331,0.1490319675821702,2267,268,0.1182179091310101,2267,24,0.0105866784296427,86486,0.086486,12556.945632819186,0.8308839208536837
360470164001,360470164001,Block Group 1; Census Tract 164; Kings County; New York,Brooklyn,980,173,157,0.907514450867052,438,8,0.0182648401826484,329,0.3357142857142857,14,0.0142857142857142,486,0.4959183673469388,209,0.2132653061224489,90,0.0918367346938775,153,0.1561224489795918,12,0.0693641618497109,36047016400,702,0,0.0,634,30,0.0473186119873817,634,0,0.0,802164,0.802164,1221.6953141751562,0.2919939530105706
360470165001,360470165001,Block Group 1; Census Tract 165; Kings County; New York,Brooklyn,889,557,548,0.9838420107719928,642,302,0.470404984423676,88,0.0989876265466816,72,0.0809898762654668,587,0.6602924634420697,0,0.0,72,0.0809898762654668,141,0.1586051743532058,0,0.0,36047016500,5742,119,0.0207244862417276,5742,157,0.0273423894113549,5742,80,0.0139324277255311,38310,0.03831,23205.429391803707,0.89423959614568
360470166001,360470166001,Block Group 1; Census Tract 166; Kings County; New York,Brooklyn,1233,381,33,0.0866141732283464,547,123,0.2248628884826325,240,0.194647201946472,295,0.2392538523925385,883,0.716139497161395,0,0.0,279,0.2262773722627737,61,0.0494728304947283,4,0.0104986876640419,36047016600,2201,167,0.0758746024534302,2201,119,0.0540663334847796,2201,97,0.0440708768741481,133464,0.133464,9238.446322603848,0.5007200274986032
360470167001,360470167001,Block Group 1; Census Tract 167; Kings County; New York,Brooklyn,1063,412,259,0.6286407766990292,510,57,0.1117647058823529,271,0.2549388523047977,135,0.1269990592662276,913,0.8588899341486359,16,0.0150517403574788,44,0.0413922859830667,16,0.0150517403574788,0,0.0,36047016700,4800,273,0.056875,4800,357,0.074375,4800,195,0.040625,37740,0.03774,28166.40169581346,0.9299776911831652
360470168001,360470168001,Block Group 1; Census Tract 168; Kings County; New York,Brooklyn,1763,761,314,0.4126149802890933,937,344,0.3671291355389541,320,0.1815087918321043,319,0.180941576857629,1059,0.6006806579693704,0,0.0,591,0.3352240499149178,72,0.0408394781622234,35,0.0459921156373193,36047016800,1763,111,0.0629608621667612,1763,235,0.1332955190017016,1763,9,0.0051049347702779,168296,0.168296,10475.590626039835,0.5805026597991984
360470169001,360470169001,Block Group 1; Census Tract 169; Kings County; New York,Brooklyn,1468,424,326,0.7688679245283019,644,244,0.3788819875776397,564,0.3841961852861035,70,0.047683923705722,1190,0.8106267029972752,20,0.0136239782016348,106,0.0722070844686648,34,0.0231607629427792,0,0.0,36047016900,4506,667,0.1480248557478917,4714,285,0.0604582095884599,4714,244,0.0517607127704709,36765,0.036765,39929.28056575548,0.9071005279821884
360470170001,360470170001,Block Group 1; Census Tract 170; Kings County; New York,Brooklyn,666,256,145,0.56640625,335,150,0.4477611940298507,103,0.1546546546546546,183,0.2747747747747748,272,0.4084084084084084,0,0.0,122,0.1831831831831832,237,0.3558558558558558,55,0.21484375,36047017000,3495,421,0.1204577968526466,3503,578,0.1650014273479874,3503,297,0.0847844704538966,58427,0.058427,11398.839577592553,0.6096688836348063
360470171001,360470171001,Block Group 1; Census Tract 171; Kings County; New York,Brooklyn,1862,776,607,0.7822164948453608,853,452,0.52989449003517,571,0.3066595059076262,156,0.0837808807733619,1018,0.5467239527389903,2,0.0010741138560687,162,0.0870032223415682,664,0.3566058002148227,35,0.0451030927835051,36047017100,4139,75,0.0181203189176129,4139,147,0.0355158250785213,4139,50,0.0120802126117419,61836,0.061836,30111.90892037001,0.9117981804188844
360470172001,360470172001,Block Group 1; Census Tract 172; Kings County; New York,Brooklyn,1723,598,311,0.520066889632107,726,274,0.3774104683195592,278,0.1613464886825304,544,0.3157283807312826,623,0.3615786419036564,46,0.0266976204294834,662,0.3842135809634359,320,0.1857225769007545,136,0.2274247491638795,36047017200,2745,119,0.043351548269581,2746,276,0.1005098324836125,2746,382,0.1391114348142753,116850,0.11685,14745.400085579804,0.8297351878042787
360470174001,360470174001,Block Group 1; Census Tract 174; Kings County; New York,Brooklyn,890,375,143,0.3813333333333333,473,171,0.361522198731501,168,0.1887640449438202,172,0.1932584269662921,375,0.4213483146067415,0,0.0,473,0.5314606741573034,42,0.047191011235955,75,0.2,36047017400,1925,259,0.1345454545454545,1925,118,0.0612987012987013,1925,107,0.0555844155844155,112118,0.112118,7938.065252680212,0.49310695671395
360470176001,360470176001,Block Group 1; Census Tract 176; Kings County; New York,Brooklyn,766,309,212,0.686084142394822,339,124,0.3657817109144542,97,0.1266318537859007,140,0.1827676240208877,301,0.3929503916449086,0,0.0,374,0.4882506527415143,64,0.0835509138381201,68,0.2200647249190938,36047017600,2228,193,0.0866247755834829,2228,254,0.1140035906642728,2228,134,0.0601436265709156,73282,0.073282,10452.771485494392,0.8323507858662733
360470178001,360470178001,Block Group 1; Census Tract 178; Kings County; New York,Brooklyn,1011,339,297,0.8761061946902655,400,242,0.605,151,0.1493570722057369,304,0.3006923837784372,527,0.5212660731948566,27,0.0267062314540059,360,0.3560830860534125,83,0.0820969337289812,124,0.3657817109144542,36047017800,2333,106,0.0454350621517359,2333,121,0.0518645520788684,2333,124,0.0531504500642949,69556,0.069556,14535.050894243486,0.8232714872943511
360470179001,360470179001,Block Group 1; Census Tract 179; Kings County; New York,Brooklyn,1301,468,450,0.9615384615384616,439,356,0.8109339407744874,307,0.2359723289777094,192,0.1475787855495772,6,0.0046118370484242,905,0.6956187548039969,72,0.0553420445810914,318,0.2444273635664873,41,0.0876068376068376,36047017900,3868,1167,0.3017063081695967,3868,536,0.1385729058945191,3868,80,0.0206825232678386,43328,0.043328,30026.772525849337,0.9178546315448348
360470180001,360470180001,Block Group 1; Census Tract 180; Kings County; New York,Brooklyn,1039,405,183,0.4518518518518518,452,176,0.3893805309734513,105,0.1010587102983638,247,0.2377285851780558,401,0.3859480269489894,0,0.0,542,0.5216554379210779,96,0.0923965351299326,105,0.2592592592592592,36047018000,2936,484,0.164850136239782,2948,256,0.0868385345997286,2948,54,0.0183175033921302,91641,0.091641,11337.720016149977,0.8274745875209493
360470181001,360470181001,Block Group 1; Census Tract 181; Kings County; New York,Brooklyn,1123,743,726,0.9771197846567968,712,237,0.3328651685393258,15,0.0133570792520035,377,0.3357079252003562,503,0.4479073909171861,174,0.1549421193232413,41,0.0365093499554764,352,0.3134461264470169,211,0.2839838492597577,36047018100,3886,307,0.0790015440041173,3886,416,0.1070509521358723,3886,47,0.0120946989191971,33148,0.033148,33878.36370218415,0.963066813383888
360470182001,360470182001,Block Group 1; Census Tract 182; Kings County; New York,Brooklyn,1136,351,293,0.8347578347578347,624,279,0.4471153846153846,214,0.1883802816901408,115,0.1012323943661971,168,0.1478873239436619,39,0.0343309859154929,505,0.4445422535211267,424,0.3732394366197183,114,0.3247863247863248,36047018200,3708,427,0.1151564185544768,3708,429,0.1156957928802589,3708,419,0.1129989212513484,67253,0.067253,16891.439787072697,0.9036998694823108
360470183001,360470183001,Block Group 1; Census Tract 183; Kings County; New York,Brooklyn,1123,600,466,0.7766666666666666,833,156,0.1872749099639856,165,0.1469278717720391,40,0.0356188780053428,479,0.4265360641139804,137,0.1219946571682992,125,0.1113089937666963,9,0.0080142475512021,0,0.0,36047018300,2821,68,0.0241049273307337,2821,147,0.0521091811414392,2821,60,0.021269053527118,69665,0.069665,16120.002870882076,0.9264207581165932
360470184001,360470184001,Block Group 1; Census Tract 184; Kings County; New York,Brooklyn,1299,437,160,0.3661327231121281,572,276,0.4825174825174825,231,0.1778290993071593,326,0.2509622786759045,310,0.2386451116243264,0,0.0,896,0.6897613548883756,24,0.0184757505773672,85,0.1945080091533181,36047018400,2108,123,0.0583491461100569,2108,275,0.1304554079696394,2108,103,0.0488614800759013,73853,0.073853,17588.994353648464,0.8224415905149804
360470185011,360470185011,Block Group 1; Census Tract 185.01; Kings County; New York,Brooklyn,1113,395,367,0.9291139240506328,463,88,0.1900647948164147,183,0.1644204851752021,56,0.050314465408805,252,0.2264150943396226,603,0.5417789757412399,41,0.0368373764600179,143,0.1284815813117699,0,0.0,36047018501,4583,1054,0.2299803622081606,4583,1112,0.2426358280602225,4583,226,0.0493126772856207,29043,0.029043,38322.48734634852,0.8740634999596208
360470186001,360470186001,Block Group 1; Census Tract 186; Kings County; New York,Brooklyn,1003,318,193,0.6069182389937107,547,275,0.5027422303473492,138,0.1375872382851445,215,0.2143569292123629,232,0.2313060817547358,0,0.0,521,0.5194416749750748,250,0.2492522432701894,110,0.3459119496855345,36047018600,1907,101,0.0529627687467226,1907,178,0.0933403251179863,1907,43,0.0225485055060304,56497,0.056497,17753.155034780608,0.8215427526921846
360470187001,360470187001,Block Group 1; Census Tract 187; Kings County; New York,Brooklyn,1356,550,390,0.7090909090909091,737,166,0.2252374491180461,155,0.1143067846607669,194,0.1430678466076696,802,0.5914454277286135,316,0.2330383480825958,27,0.0199115044247787,109,0.0803834808259587,0,0.0,36047018700,1355,126,0.0929889298892989,1356,152,0.1120943952802359,1356,84,0.0619469026548672,85768,0.085768,15810.092342132264,0.8719972405363762
360470188001,360470188001,Block Group 1; Census Tract 188; Kings County; New York,Brooklyn,835,347,258,0.7435158501440923,368,44,0.1195652173913043,194,0.2323353293413173,147,0.1760479041916167,394,0.4718562874251497,93,0.111377245508982,91,0.1089820359281437,218,0.2610778443113772,10,0.0288184438040345,36047018800,2865,504,0.1759162303664921,2865,289,0.1008726003490401,2865,199,0.0694589877835951,87103,0.087103,9586.351790409057,0.6383706353209581
360470190001,360470190001,Block Group 1; Census Tract 190; Kings County; New York,Brooklyn,1156,434,387,0.8917050691244239,632,493,0.7800632911392406,102,0.088235294117647,93,0.0804498269896193,322,0.2785467128027681,20,0.0173010380622837,114,0.0986159169550173,665,0.5752595155709342,112,0.2580645161290322,36047019000,4171,911,0.2184128506353392,4171,486,0.1165188204267561,4171,780,0.1870055142651642,65591,0.065591,17624.36919699349,0.8115205754498024
360470191001,360470191001,Block Group 1; Census Tract 191; Kings County; New York,Brooklyn,1281,554,507,0.9151624548736462,740,293,0.3959459459459459,332,0.2591725214676034,42,0.0327868852459016,650,0.507416081186573,85,0.0663544106167057,114,0.0889929742388758,152,0.1186572989851678,64,0.1155234657039711,36047019100,2974,374,0.1257565568258238,3029,152,0.0501815780785737,3029,158,0.0521624298448332,133073,0.133073,9626.29534165458,0.9087690720338872
360470192001,360470192001,Block Group 1; Census Tract 192; Kings County; New York,Brooklyn,1027,202,169,0.8366336633663366,234,6,0.0256410256410256,508,0.4946445959104187,133,0.1295034079844206,802,0.7809152872444012,0,0.0,60,0.0584225900681596,158,0.1538461538461538,95,0.4702970297029702,36047019200,3116,834,0.2676508344030808,3116,126,0.0404364569961489,3116,505,0.1620667522464698,31117,0.031117,33004.46701160137,0.8858641087033263
360470193001,360470193001,Block Group 1; Census Tract 193; Kings County; New York,Brooklyn,2867,1131,608,0.537577365163572,1302,505,0.3878648233486943,101,0.0352284618067666,492,0.1716079525636553,1246,0.4346006278339728,822,0.2867108475758633,433,0.1510289501220788,190,0.0662713637949075,0,0.0,36047019300,4390,798,0.1817767653758542,6601,799,0.1210422663232843,6601,156,0.02363278291168,72028,0.072028,39803.96512467374,0.8909482014168159
360470194001,360470194001,Block Group 1; Census Tract 194; Kings County; New York,Brooklyn,1557,418,364,0.8708133971291866,773,464,0.6002587322121604,314,0.201669877970456,70,0.0449582530507386,313,0.2010276172125883,0,0.0,686,0.4405908798972383,558,0.3583815028901734,213,0.5095693779904307,36047019400,3288,863,0.2624695863746958,3288,367,0.11161800486618,3288,292,0.0888077858880778,60956,0.060956,25543.014633506133,0.890900877031553
360470195001,360470195001,Block Group 1; Census Tract 195; Kings County; New York,Brooklyn,907,329,199,0.6048632218844985,326,146,0.4478527607361963,72,0.0793825799338478,249,0.2745314222712238,268,0.2954796030871003,81,0.0893054024255788,8,0.0088202866593164,480,0.5292171995589857,0,0.0,36047019500,4104,486,0.1184210526315789,4104,483,0.1176900584795321,4104,89,0.0216861598440545,33814,0.033814,26823.209321582777,0.8869921137462062
360470196001,360470196001,Block Group 1; Census Tract 196; Kings County; New York,Brooklyn,1167,558,346,0.6200716845878136,528,364,0.6893939393939394,244,0.209083119108826,368,0.3153384747215081,234,0.2005141388174807,74,0.0634104541559554,725,0.6212510711225364,99,0.0848329048843187,228,0.4086021505376344,36047019600,3671,1202,0.327431217651866,3671,357,0.097248706074639,3671,147,0.0400435848542631,56452,0.056452,20672.429674767944,0.834380140438302
360470197001,360470197001,Block Group 1; Census Tract 197; Kings County; New York,Brooklyn,680,276,225,0.8152173913043478,356,215,0.6039325842696629,169,0.2485294117647059,75,0.1102941176470588,336,0.4941176470588235,154,0.2264705882352941,42,0.0617647058823529,148,0.2176470588235294,33,0.1195652173913043,36047019700,3587,215,0.0599386674100919,3614,283,0.0783065855008301,3614,27,0.0074709463198671,27762,0.027762,24493.91254232404,0.90395826816273
360470198001,360470198001,Block Group 1; Census Tract 198; Kings County; New York,Brooklyn,730,303,236,0.7788778877887789,384,106,0.2760416666666667,160,0.2191780821917808,131,0.1794520547945205,330,0.4520547945205479,0,0.0,348,0.4767123287671233,48,0.0657534246575342,58,0.1914191419141914,36047019800,1823,249,0.1365880416895227,1823,206,0.1130005485463521,1823,45,0.0246845858475041,57961,0.057961,12594.6757302324,0.8407973297028267
360470199001,360470199001,Block Group 1; Census Tract 199; Kings County; New York,Brooklyn,603,341,269,0.7888563049853372,393,87,0.2213740458015267,0,0.0,128,0.2122719734660033,104,0.1724709784411277,430,0.7131011608623549,0,0.0,69,0.1144278606965174,0,0.0,36047019900,4304,290,0.0673791821561338,4304,280,0.0650557620817843,4304,119,0.0276486988847583,41586,0.041586,14500.072139662389,0.6887656066384802
360470001001,360470001001,Block Group 1; Census Tract 1; Kings County; New York,Brooklyn,878,500,307,0.614,693,185,0.2669552669552669,62,0.0706150341685649,106,0.1207289293849658,759,0.8644646924829157,46,0.0523917995444191,12,0.0136674259681093,28,0.0318906605922551,0,0.0,36047000100,4799,134,0.0279224838508022,4815,511,0.1061266874350986,4815,99,0.0205607476635514,93665,0.093665,9373.832274595634,0.8507660947007494
360470200001,360470200001,Block Group 1; Census Tract 200; Kings County; New York,Brooklyn,1508,399,306,0.7669172932330827,702,333,0.4743589743589743,345,0.2287798408488063,267,0.1770557029177719,503,0.3335543766578249,0,0.0,770,0.5106100795755968,197,0.1306366047745358,107,0.2681704260651629,36047020000,2337,466,0.1994009413778348,2337,242,0.1035515618314077,2337,153,0.0654685494223363,57988,0.057988,26005.380423535906,0.4219293856375637
360470201001,360470201001,Block Group 1; Census Tract 201; Kings County; New York,Brooklyn,527,295,215,0.7288135593220338,344,158,0.4593023255813953,88,0.1669829222011385,72,0.1366223908918406,173,0.3282732447817836,230,0.4364326375711575,0,0.0,88,0.1669829222011385,0,0.0,36047020100,3993,147,0.0368144252441773,3993,255,0.0638617580766341,3993,160,0.0400701227147508,41867,0.041867,12587.47939904937,0.8892620020914309
360470202001,360470202001,Block Group 1; Census Tract 202; Kings County; New York,Brooklyn,713,303,142,0.4686468646864686,258,45,0.1744186046511628,122,0.1711079943899018,221,0.3099579242636746,344,0.4824684431977559,0,0.0,204,0.2861150070126227,165,0.2314165497896213,71,0.2343234323432343,36047020200,1717,169,0.0984274898078043,1717,159,0.0926033779848573,1717,72,0.0419336051252184,58007,0.058007,12291.61997689934,0.4173668276459862
360470203001,360470203001,Block Group 1; Census Tract 203; Kings County; New York,Brooklyn,1149,494,360,0.728744939271255,852,326,0.3826291079812207,208,0.1810269799825935,56,0.0487380330722367,718,0.6248912097476066,59,0.0513489991296779,137,0.1192341166231505,140,0.1218450826805918,11,0.0222672064777327,36047020300,2074,271,0.1306653809064609,2074,199,0.0959498553519768,2074,49,0.023625843780135,72833,0.072833,15775.815907624292,0.6336768241214747
360470204001,360470204001,Block Group 1; Census Tract 204; Kings County; New York,Brooklyn,737,280,138,0.4928571428571429,413,246,0.5956416464891041,81,0.1099050203527815,141,0.1913161465400271,315,0.4274084124830393,17,0.0230664857530529,300,0.4070556309362279,44,0.0597014925373134,78,0.2785714285714286,36047020400,2037,117,0.0574374079528718,2037,253,0.1242022582228767,2037,56,0.0274914089347079,57980,0.05798,12711.279751638496,0.8313873183085181
360470205001,360470205001,Block Group 1; Census Tract 205; Kings County; New York,Brooklyn,647,313,277,0.8849840255591054,425,225,0.5294117647058824,143,0.2210200927357032,12,0.0185471406491499,485,0.749613601236476,50,0.0772797527047913,101,0.1561051004636785,11,0.017001545595054,0,0.0,36047020500,3834,130,0.0339071465832029,3834,151,0.0393844548774126,3834,69,0.0179968701095461,53287,0.053287,12141.798187175107,0.6354443692346567
360470206001,360470206001,Block Group 1; Census Tract 206; Kings County; New York,Brooklyn,1369,399,222,0.556390977443609,401,102,0.2543640897755611,375,0.2739225712198685,248,0.181154127100073,704,0.5142439737034331,17,0.012417823228634,559,0.408327246165084,66,0.0482103725346968,79,0.1979949874686716,36047020600,2589,621,0.2398609501738123,2590,345,0.1332046332046332,2590,94,0.0362934362934362,75998,0.075998,18013.63193768257,0.8223290347680663
360470207001,360470207001,Block Group 1; Census Tract 207; Kings County; New York,Brooklyn,1903,895,866,0.9675977653631284,1334,761,0.5704647676161919,413,0.2170257488176563,87,0.0457172884918549,1138,0.5980031529164477,257,0.1350499211770888,30,0.0157645822385706,139,0.0730425643720441,0,0.0,36047020700,4628,386,0.0834053586862575,4628,296,0.0639585133967156,4628,0,0.0,61879,0.061879,30753.567446144894,0.7598455551095967
360470208001,360470208001,Block Group 1; Census Tract 208; Kings County; New York,Brooklyn,839,285,158,0.5543859649122806,492,185,0.3760162601626016,62,0.0738974970202622,177,0.2109654350417163,322,0.3837902264600715,0,0.0,493,0.5876042908224076,24,0.0286054827175208,22,0.0771929824561403,36047020800,2559,338,0.1320828448612739,2573,407,0.1581811115429459,2573,50,0.0194325689856199,37644,0.037644,22287.74837955584,0.7437348317723886
360470020001,360470020001,Block Group 1; Census Tract 20; Kings County; New York,Brooklyn,908,172,132,0.7674418604651163,306,108,0.3529411764705882,217,0.2389867841409691,191,0.2103524229074889,43,0.0473568281938326,193,0.2125550660792951,51,0.0561674008810572,616,0.6784140969162996,98,0.5697674418604651,36047002000,1733,180,0.1038661281015579,1733,139,0.0802077322562031,1733,358,0.2065781881130986,88226,0.088226,10291.750731077009,0.8999369757676566
360470210001,360470210001,Block Group 1; Census Tract 210; Kings County; New York,Brooklyn,888,279,215,0.7706093189964157,347,132,0.3804034582132565,141,0.1587837837837837,224,0.2522522522522522,259,0.2916666666666667,0,0.0,507,0.5709459459459459,34,0.0382882882882882,75,0.2688172043010752,36047021000,3794,998,0.2630469161834475,3794,482,0.1270426989984185,3794,441,0.1162361623616236,56570,0.05657,15697.36609510341,0.8190136103481209
360470211001,360470211001,Block Group 1; Census Tract 211; Kings County; New York,Brooklyn,506,186,186,1.0,169,22,0.1301775147928994,90,0.1778656126482213,65,0.1284584980237154,36,0.0711462450592885,427,0.8438735177865613,0,0.0,31,0.0612648221343873,0,0.0,36047021100,2778,424,0.1526277897768178,2778,381,0.1371490280777537,2778,275,0.0989920806335493,61366,0.061366,8245.60831730926,0.8655454443857925
360470212001,360470212001,Block Group 1; Census Tract 212; Kings County; New York,Brooklyn,1459,597,544,0.9112227805695142,605,306,0.5057851239669422,230,0.157642220699109,266,0.1823166552433173,539,0.3694311172035641,0,0.0,867,0.5942426319396847,53,0.0363262508567512,343,0.5745393634840871,36047021200,3150,660,0.2095238095238095,3150,413,0.1311111111111111,3150,224,0.0711111111111111,70550,0.07055,20680.368532955352,0.8063486177986745
360470213001,360470213001,Block Group 1; Census Tract 213; Kings County; New York,Brooklyn,784,391,391,1.0,557,462,0.829443447037702,14,0.0178571428571428,47,0.0599489795918367,508,0.6479591836734694,92,0.1173469387755102,28,0.0357142857142857,99,0.1262755102040816,11,0.0281329923273657,36047021300,4523,1088,0.2405483086447048,4523,461,0.1019235021003758,4523,271,0.0599159849657307,72519,0.072519,10810.959886374603,0.6128424327438132
360470214001,360470214001,Block Group 1; Census Tract 214; Kings County; New York,Brooklyn,35,7,7,1.0,30,0,0.0,0,0.0,0,0.0,0,0.0,0,0.0,35,1.0,0,0.0,0,0.0,36047021400,2542,829,0.3261211644374508,2580,175,0.067829457364341,2580,222,0.0860465116279069,23006,0.023006,1521.3422585412502,0.8716341659702306
360470215001,360470215001,Block Group 1; Census Tract 215; Kings County; New York,Brooklyn,623,346,323,0.9335260115606936,477,209,0.4381551362683438,77,0.1235955056179775,0,0.0,296,0.4751203852327448,70,0.1123595505617977,113,0.1813804173354735,44,0.0706260032102728,0,0.0,36047021500,5595,427,0.0763181411974977,5595,510,0.0911528150134048,5595,179,0.0319928507596067,48760,0.04876,12776.866283839214,0.8380544001472537
360470216001,360470216001,Block Group 1; Census Tract 216; Kings County; New York,Brooklyn,1669,387,322,0.8320413436692506,377,55,0.1458885941644562,795,0.4763331336129419,132,0.079089275014979,1532,0.9179149191132414,47,0.0281605751947273,9,0.0053924505692031,55,0.0329538645895746,208,0.537467700258398,36047021600,3885,1885,0.4851994851994852,3885,247,0.0635778635778635,3885,250,0.0643500643500643,56526,0.056526,29526.23571453844,0.9090363459968124
360470217001,360470217001,Block Group 1; Census Tract 217; Kings County; New York,Brooklyn,1626,728,693,0.9519230769230768,905,472,0.5215469613259669,127,0.0781057810578105,275,0.1691266912669126,532,0.3271832718327183,586,0.3603936039360393,55,0.0338253382533825,257,0.1580565805658056,9,0.0123626373626373,36047021700,4192,560,0.1335877862595419,4210,505,0.1199524940617577,4210,301,0.0714964370546318,59746,0.059746,27215.211060154656,0.6194606920728066
360470218001,360470218001,Block Group 1; Census Tract 218; Kings County; New York,Brooklyn,1275,384,384,1.0,460,40,0.0869565217391304,495,0.388235294117647,136,0.1066666666666666,959,0.7521568627450981,0,0.0,0,0.0,208,0.1631372549019608,146,0.3802083333333333,36047021800,2760,456,0.1652173913043478,2760,108,0.0391304347826087,2760,208,0.0753623188405797,56493,0.056493,22569.167861504964,0.8818799701920655
360470219001,360470219001,Block Group 1; Census Tract 219; Kings County; New York,Brooklyn,777,387,344,0.8888888888888888,609,285,0.4679802955665024,113,0.1454311454311454,21,0.027027027027027,333,0.4285714285714285,277,0.3564993564993565,7,0.009009009009009,104,0.1338481338481338,0,0.0,36047021900,4258,426,0.1000469704086425,4258,359,0.0843118835133865,4258,242,0.0568341944574917,33812,0.033812,22980.00709807169,0.8119585668574847
360470021001,360470021001,Block Group 1; Census Tract 21; Kings County; New York,Brooklyn,2138,894,742,0.8299776286353467,1328,622,0.4683734939759036,481,0.2249766136576239,143,0.0668849391955098,1465,0.6852198316183349,236,0.1103835360149672,103,0.0481758652946679,245,0.1145930776426567,0,0.0,36047002100,6452,583,0.0903595784252944,6452,252,0.0390576565406075,6452,144,0.0223186608803471,136576,0.136576,15654.28772258669,0.8251160618806562
360470220001,360470220001,Block Group 1; Census Tract 220; Kings County; New York,Brooklyn,1148,266,190,0.7142857142857143,253,22,0.0869565217391304,656,0.5714285714285714,23,0.0200348432055749,1131,0.985191637630662,4,0.0034843205574912,0,0.0,13,0.0113240418118466,102,0.3834586466165413,36047022000,5854,1989,0.3397676802186539,5854,297,0.0507345404851383,5854,220,0.0375811411001024,37566,0.037566,30559.548527924184,0.9350712764387502
360470221001,360470221001,Block Group 1; Census Tract 221; Kings County; New York,Brooklyn,1636,636,608,0.9559748427672956,874,385,0.4405034324942792,235,0.143643031784841,173,0.1057457212713936,642,0.3924205378973105,580,0.3545232273838631,44,0.0268948655256723,235,0.143643031784841,0,0.0,36047022100,3724,787,0.2113319011815252,3724,697,0.1871643394199785,3724,315,0.0845864661654135,62610,0.06261,26130.011180322632,0.7787841859940283
360470222001,360470222001,Block Group 1; Census Tract 222; Kings County; New York,Brooklyn,1847,434,379,0.8732718894009217,528,103,0.1950757575757575,721,0.3903627504060639,166,0.0898754737412019,1299,0.7033026529507309,0,0.0,62,0.0335679480238224,26,0.0140768814293448,145,0.3341013824884792,36047022200,4031,2052,0.5090548251054329,4050,176,0.0434567901234567,4050,320,0.0790123456790123,56565,0.056565,32652.70043313003,0.8811397378398067
360470224001,360470224001,Block Group 1; Census Tract 224; Kings County; New York,Brooklyn,1146,261,116,0.4444444444444444,284,187,0.6584507042253521,598,0.5218150087260035,57,0.0497382198952879,988,0.8621291448516579,0,0.0,19,0.0165794066317626,0,0.0,85,0.3256704980842911,36047022400,5786,1979,0.3420324922226063,5786,406,0.0701693743518838,5786,215,0.0371586588316626,37781,0.037781,30332.706916174797,0.6319528270890621
360470226001,360470226001,Block Group 1; Census Tract 226; Kings County; New York,Brooklyn,1770,294,210,0.7142857142857143,464,126,0.271551724137931,1102,0.6225988700564972,50,0.0282485875706214,1158,0.6542372881355932,0,0.0,167,0.0943502824858757,336,0.1898305084745762,43,0.1462585034013605,36047022600,2844,316,0.1111111111111111,2844,237,0.0833333333333333,2844,141,0.0495780590717299,110523,0.110523,16014.766157270433,0.6340093091292891
360470227001,360470227001,Block Group 1; Census Tract 227; Kings County; New York,Brooklyn,825,342,331,0.9678362573099416,416,287,0.6899038461538461,73,0.0884848484848484,68,0.0824242424242424,376,0.4557575757575757,173,0.2096969696969697,69,0.0836363636363636,78,0.0945454545454545,0,0.0,36047022700,4823,668,0.1385030064275347,4833,672,0.1390440720049658,4833,422,0.0873163666459755,53204,0.053204,15506.352905796555,0.9142113657325754
360470228001,360470228001,Block Group 1; Census Tract 228; Kings County; New York,Brooklyn,1054,298,225,0.7550335570469798,370,228,0.6162162162162163,318,0.301707779886148,49,0.0464895635673624,138,0.1309297912713472,0,0.0,798,0.7571157495256167,70,0.0664136622390891,84,0.2818791946308724,36047022800,3376,1299,0.3847748815165877,3485,363,0.1041606886657101,3485,54,0.0154949784791965,37063,0.037063,28438.06491649354,0.8513263427673374
360470229001,360470229001,Block Group 1; Census Tract 229; Kings County; New York,Brooklyn,877,386,362,0.9378238341968912,553,270,0.488245931283906,184,0.209806157354618,0,0.0,508,0.5792474344355758,134,0.1527936145952109,42,0.0478905359179019,115,0.1311288483466362,0,0.0,36047022900,3645,401,0.1100137174211248,3645,247,0.0677640603566529,3645,188,0.0515775034293552,30382,0.030382,28865.7757882957,0.669738291305982
360470022001,360470022001,Block Group 1; Census Tract 22; Kings County; New York,Brooklyn,795,319,261,0.8181818181818182,289,127,0.4394463667820069,206,0.2591194968553459,170,0.2138364779874214,129,0.1622641509433962,20,0.0251572327044025,15,0.0188679245283018,631,0.7937106918238994,183,0.5736677115987461,36047002200,4643,1161,0.2500538444970924,4643,825,0.1776868404049106,4643,514,0.1107042860219685,120165,0.120165,6615.903133191861,0.9485909673898636
360470230001,360470230001,Block Group 1; Census Tract 230; Kings County; New York,Brooklyn,1999,416,399,0.9591346153846154,308,38,0.1233766233766233,1150,0.575287643821911,217,0.1085542771385692,1474,0.7373686843421711,0,0.0,254,0.1270635317658829,127,0.0635317658829414,148,0.3557692307692308,36047023000,4202,2197,0.52284626368396,4202,276,0.065683008091385,4202,289,0.0687767729652546,56637,0.056637,35294.94853187846,0.8205515181964556
360470231001,360470231001,Block Group 1; Census Tract 231; Kings County; New York,Brooklyn,1124,575,440,0.7652173913043478,652,235,0.3604294478527607,219,0.1948398576512455,159,0.141459074733096,637,0.5667259786476868,290,0.2580071174377224,59,0.0524911032028469,72,0.0640569395017793,18,0.0313043478260869,36047023100,3530,331,0.0937677053824362,3530,292,0.0827195467422096,3530,180,0.0509915014164305,39857,0.039857,28200.817924078583,0.888138010584971
360470232001,360470232001,Block Group 1; Census Tract 232; Kings County; New York,Brooklyn,2560,388,275,0.7087628865979382,625,48,0.0768,1668,0.6515625,94,0.03671875,2477,0.967578125,0,0.0,0,0.0,72,0.028125,222,0.5721649484536082,36047023200,6610,2475,0.3744326777609682,6610,269,0.0406959152798789,6610,44,0.0066565809379727,56510,0.05651,45301.716510352155,0.8144719430209066
360470233001,360470233001,Block Group 1; Census Tract 233; Kings County; New York,Brooklyn,2069,822,530,0.6447688564476886,1240,522,0.4209677419354838,527,0.2547124214596423,131,0.0633156114064765,958,0.4630256162397293,420,0.2029966167230546,264,0.1275978733687771,74,0.0357660705654905,42,0.0510948905109489,36047023300,5988,2034,0.3396793587174349,5988,484,0.0808283233132932,5988,96,0.0160320641282565,57525,0.057525,35966.97088222512,0.8898319110311713
360470234001,360470234001,Block Group 1; Census Tract 234; Kings County; New York,Brooklyn,1321,348,198,0.5689655172413793,400,77,0.1925,562,0.4254352763058289,184,0.1392884178652536,1159,0.8773656320968963,0,0.0,0,0.0,0,0.0,125,0.3591954022988505,36047023400,5623,2019,0.3590609994664769,5663,360,0.0635705456471834,5663,92,0.0162458061098357,56590,0.05659,23343.34688107439,0.8196723057141083
360470235001,360470235001,Block Group 1; Census Tract 235; Kings County; New York,Brooklyn,3400,1038,944,0.9094412331406552,1458,441,0.3024691358024691,1388,0.4082352941176471,55,0.0161764705882352,2467,0.7255882352941176,133,0.0391176470588235,182,0.0535294117647058,489,0.1438235294117647,44,0.0423892100192678,36047023500,5527,1719,0.3110186357879501,5527,272,0.0492129545865749,5527,74,0.0133888185272299,80377,0.080377,42300.65814847531,0.8485609741738537
360470236001,360470236001,Block Group 1; Census Tract 236; Kings County; New York,Brooklyn,1654,358,316,0.88268156424581,435,55,0.1264367816091954,1025,0.6197097944377267,143,0.0864570737605804,1635,0.9885126964933496,0,0.0,0,0.0,0,0.0,44,0.1229050279329608,36047023600,6444,2163,0.3356610800744879,6444,292,0.0453134698944754,6444,61,0.0094661700806952,56651,0.056651,29196.307214347496,0.8104313267947432
360470238001,360470238001,Block Group 1; Census Tract 238; Kings County; New York,Brooklyn,1661,338,320,0.9467455621301776,309,10,0.0323624595469255,946,0.5695364238410596,130,0.0782661047561709,1524,0.917519566526189,0,0.0,52,0.0313064419024683,75,0.045153521974714,196,0.5798816568047337,36047023800,5584,1579,0.2827722063037249,5584,263,0.0470988538681948,5584,78,0.0139684813753581,56627,0.056627,29332.297314002157,0.815805807540894
360470023001,360470023001,Block Group 1; Census Tract 23; Kings County; New York,Brooklyn,1081,497,469,0.943661971830986,482,291,0.6037344398340249,169,0.156336725254394,320,0.2960222016651249,40,0.0370027752081406,585,0.5411655874190564,241,0.2229417206290471,215,0.1988899167437557,247,0.4969818913480885,36047002300,3385,1132,0.3344165435745937,3385,862,0.2546528803545052,3385,255,0.0753323485967503,41827,0.041827,25844.550170942213,0.662504064833776
360470240001,360470240001,Block Group 1; Census Tract 240; Kings County; New York,Brooklyn,1553,488,436,0.8934426229508197,577,117,0.2027729636048527,633,0.407598197037991,184,0.1184803605924018,1019,0.656149388280747,8,0.0051513200257566,0,0.0,186,0.1197681905988409,209,0.4282786885245901,36047024000,5530,2669,0.4826401446654611,5530,277,0.0500904159132007,5530,90,0.0162748643761302,37748,0.037748,41141.25251668963,0.8186974517225662
360470241001,360470241001,Block Group 1; Census Tract 241; Kings County; New York,Brooklyn,1732,485,421,0.8680412371134021,1040,302,0.2903846153846154,538,0.3106235565819861,0,0.0,1042,0.6016166281755196,119,0.0687066974595843,139,0.0802540415704388,47,0.027136258660508,0,0.0,36047024100,3154,719,0.2279644895370957,3154,390,0.1236525047558655,3154,139,0.0440710209258084,128808,0.128808,13446.36979069623,0.8104074591089082
360470242001,360470242001,Block Group 1; Census Tract 242; Kings County; New York,Brooklyn,1535,324,196,0.6049382716049383,325,33,0.1015384615384615,675,0.4397394136807817,266,0.1732899022801303,1241,0.8084690553745928,15,0.009771986970684,216,0.1407166123778501,63,0.0410423452768729,113,0.3487654320987654,36047024200,3402,941,0.276601998824221,3402,202,0.0593768371546149,3402,36,0.0105820105820105,104434,0.104434,14698.278338472146,0.8352027255285487
360470243001,360470243001,Block Group 1; Census Tract 243; Kings County; New York,Brooklyn,1440,648,568,0.8765432098765432,965,492,0.5098445595854922,92,0.0638888888888888,363,0.2520833333333333,541,0.3756944444444444,268,0.1861111111111111,304,0.2111111111111111,103,0.0715277777777777,0,0.0,36047024300,4419,600,0.1357773251866938,4419,638,0.1443765557818511,4419,109,0.0246662140755827,51447,0.051447,27989.9702606566,0.8449020198294598
360470244001,360470244001,Block Group 1; Census Tract 244; Kings County; New York,Brooklyn,933,232,152,0.6551724137931034,291,155,0.5326460481099656,344,0.3687031082529475,99,0.1061093247588424,422,0.4523043944265809,5,0.0053590568060021,488,0.5230439442658092,18,0.0192926045016077,142,0.6120689655172413,36047024400,3529,1305,0.3697931425332955,3556,77,0.0216535433070866,3556,292,0.0821147356580427,39188,0.039188,23808.30866591814,0.7382475034747532
360470245001,360470245001,Block Group 1; Census Tract 245; Kings County; New York,Brooklyn,1131,509,372,0.730844793713163,640,290,0.453125,402,0.3554376657824933,0,0.0,639,0.5649867374005305,333,0.2944297082228116,22,0.0194518125552608,32,0.0282935455349248,0,0.0,36047024500,4383,459,0.1047227926078028,4383,423,0.0965092402464065,4383,291,0.0663928815879534,51455,0.051455,21980.371198134293,0.8052278987007531
360470246001,360470246001,Block Group 1; Census Tract 246; Kings County; New York,Brooklyn,990,251,148,0.5896414342629482,321,122,0.3800623052959501,351,0.3545454545454545,58,0.0585858585858585,676,0.6828282828282828,0,0.0,229,0.2313131313131313,63,0.0636363636363636,23,0.0916334661354581,36047024600,3234,748,0.2312925170068027,3298,238,0.0721649484536082,3298,420,0.1273499090357792,58079,0.058079,17045.748032851807,0.7478665609751243
360470247001,360470247001,Block Group 1; Census Tract 247; Kings County; New York,Brooklyn,1241,762,762,1.0,696,264,0.3793103448275862,173,0.1394037066881547,176,0.1418211120064464,308,0.2481869460112812,567,0.4568896051571313,45,0.0362610797743755,116,0.0934730056406124,35,0.0459317585301837,36047024700,2508,588,0.2344497607655502,2547,225,0.0883392226148409,2547,49,0.0192383195916764,96536,0.096536,12855.307864423636,0.8918339806779829
360470248001,360470248001,Block Group 1; Census Tract 248; Kings County; New York,Brooklyn,1400,412,256,0.6213592233009708,540,157,0.2907407407407407,375,0.2678571428571428,188,0.1342857142857142,720,0.5142857142857142,0,0.0,476,0.34,152,0.1085714285714285,89,0.2160194174757281,36047024800,2543,674,0.2650412898151789,2543,185,0.0727487219819111,2543,232,0.0912308297286669,74466,0.074466,18800.526414739612,0.8125466648380274
360470249001,360470249001,Block Group 1; Census Tract 249; Kings County; New York,Brooklyn,1419,620,585,0.9435483870967742,884,513,0.580316742081448,184,0.1296687808315715,62,0.0436927413671599,660,0.4651162790697674,461,0.324876673713883,131,0.0923185341789993,38,0.0267794221282593,0,0.0,36047024900,4124,577,0.1399127061105722,4147,583,0.1405835543766578,4147,264,0.0636604774535809,46190,0.04619,30720.93526737389,0.7978287564034886
360470250001,360470250001,Block Group 1; Census Tract 250; Kings County; New York,Brooklyn,696,234,179,0.7649572649572649,273,158,0.5787545787545788,30,0.043103448275862,196,0.2816091954022988,71,0.1020114942528735,6,0.0086206896551724,367,0.5272988505747126,252,0.3620689655172414,78,0.3333333333333333,36047025000,1428,339,0.2373949579831932,1431,289,0.2019566736547868,1431,85,0.0593990216631726,115315,0.115315,6035.641503707237,0.8925364646109573
360470251001,360470251001,Block Group 1; Census Tract 251; Kings County; New York,Brooklyn,773,415,231,0.5566265060240964,353,165,0.4674220963172804,0,0.0,16,0.0206985769728331,311,0.4023285899094437,345,0.4463130659767141,57,0.0737386804657179,38,0.0491591203104786,0,0.0,36047025100,3990,1493,0.3741854636591478,3975,619,0.1557232704402515,3975,232,0.0583647798742138,46138,0.046138,16754.08556937882,0.6373077586657272
360470252001,360470252001,Block Group 1; Census Tract 252; Kings County; New York,Brooklyn,336,170,77,0.4529411764705882,189,109,0.5767195767195767,0,0.0,124,0.369047619047619,184,0.5476190476190477,0,0.0,122,0.3630952380952381,0,0.0,48,0.2823529411764706,36047025200,4460,729,0.1634529147982062,4460,400,0.0896860986547085,4460,245,0.0549327354260089,38997,0.038997,8616.047388260637,0.741136148088326
360470253001,360470253001,Block Group 1; Census Tract 253; Kings County; New York,Brooklyn,1265,463,440,0.9503239740820736,653,384,0.5880551301684533,354,0.2798418972332016,31,0.0245059288537549,605,0.4782608695652174,204,0.1612648221343873,55,0.0434782608695652,106,0.083794466403162,0,0.0,36047025300,3904,1192,0.305327868852459,3904,343,0.087858606557377,3904,220,0.0563524590163934,46465,0.046465,27224.792854836975,0.7014679542145452
360470254001,360470254001,Block Group 1; Census Tract 254; Kings County; New York,Brooklyn,1245,551,324,0.588021778584392,433,169,0.3903002309468822,289,0.2321285140562249,151,0.121285140562249,60,0.0481927710843373,0,0.0,662,0.5317269076305221,523,0.4200803212851405,264,0.4791288566243194,36047025400,3437,870,0.2531277276694792,3437,291,0.084666860634274,3437,235,0.0683735816118708,59457,0.059457,20939.50249760331,0.7535021810246534
360470255001,360470255001,Block Group 1; Census Tract 255; Kings County; New York,Brooklyn,2514,942,911,0.9670912951167728,956,682,0.7133891213389121,481,0.1913285600636436,391,0.1555290373906125,0,0.0,614,0.2442322991249005,14,0.005568814638027,1808,0.7191726332537789,121,0.1284501061571125,36047025500,4940,1591,0.3220647773279352,4940,884,0.1789473684210526,4940,427,0.0864372469635627,69283,0.069283,36285.95759421503,0.8408363678325483
360470256001,360470256001,Block Group 1; Census Tract 256; Kings County; New York,Brooklyn,1319,526,389,0.7395437262357415,432,285,0.6597222222222222,176,0.133434420015163,262,0.1986353297952994,219,0.1660348749052312,0,0.0,976,0.7399545109931767,87,0.0659590598938589,321,0.6102661596958175,36047025600,2815,284,0.1008880994671403,2815,350,0.1243339253996447,2815,115,0.0408525754884547,95091,0.095091,13870.923641564395,0.7562294621816125
360470257001,360470257001,Block Group 1; Census Tract 257; Kings County; New York,Brooklyn,2577,628,626,0.9968152866242038,1283,592,0.4614185502727981,959,0.3721381451299961,121,0.0469538222739619,1487,0.5770275514163756,224,0.0869227784245246,86,0.0333721381451299,725,0.2813348855258052,113,0.179936305732484,36047025700,3370,1317,0.3908011869436202,3370,207,0.0614243323442136,3370,377,0.1118694362017804,80393,0.080393,32055.029666762028,0.9063035907196818
360470258001,360470258001,Block Group 1; Census Tract 258; Kings County; New York,Brooklyn,950,310,271,0.8741935483870967,405,283,0.6987654320987654,217,0.2284210526315789,72,0.0757894736842105,612,0.6442105263157895,0,0.0,338,0.3557894736842105,0,0.0,157,0.5064516129032258,36047025800,4068,1277,0.313913470993117,4068,442,0.1086529006882989,4068,297,0.0730088495575221,57213,0.057213,16604.617831611697,0.5437670829681699
360470259011,360470259011,Block Group 1; Census Tract 259.01; Kings County; New York,Brooklyn,2217,832,761,0.9146634615384616,1216,505,0.4152960526315789,472,0.2129003157419937,110,0.049616599007668,778,0.3509246729815065,638,0.2877762742444745,46,0.0207487595850248,639,0.2882273342354533,8,0.0096153846153846,36047025901,2217,474,0.2138024357239512,2217,115,0.051871898962562,2217,95,0.042850699142986,80219,0.080219,27636.844139169025,0.9081284207986536
360470259021,360470259021,Block Group 1; Census Tract 259.02; Kings County; New York,Brooklyn,3796,1448,1425,0.9841160220994476,1165,762,0.6540772532188841,1335,0.351685985247629,355,0.0935194942044257,283,0.0745521601685985,1659,0.4370389884088514,222,0.0584826132771338,1558,0.4104320337197049,193,0.1332872928176795,36047025902,3796,1843,0.4855110642781876,3796,1022,0.2692307692307692,3796,467,0.1230242360379346,59611,0.059611,63679.52223582896,0.8967757644804473
360470260001,360470260001,Block Group 1; Census Tract 260; Kings County; New York,Brooklyn,1237,370,231,0.6243243243243243,473,205,0.4334038054968288,268,0.2166531932093775,181,0.1463217461600647,369,0.2983023443815683,0,0.0,512,0.4139046079223928,356,0.2877930476960388,172,0.4648648648648649,36047026000,2861,371,0.129674938832576,2909,403,0.1385355792368511,2909,331,0.1137848057751804,53750,0.05375,23013.95348837209,0.8187229033023351
360470261001,360470261001,Block Group 1; Census Tract 261; Kings County; New York,Brooklyn,1069,493,493,1.0,527,189,0.3586337760910816,4,0.0037418147801683,50,0.0467726847521047,433,0.4050514499532273,162,0.1515434985968194,166,0.1552853133769878,180,0.1683816651075771,26,0.0527383367139959,36047026100,5728,1657,0.2892807262569832,5741,730,0.1271555478139697,5741,517,0.0900539975614004,39886,0.039886,26801.38394424109,0.909800879320144
360470262001,360470262001,Block Group 1; Census Tract 262; Kings County; New York,Brooklyn,1497,424,322,0.7594339622641509,596,305,0.511744966442953,342,0.2284569138276553,169,0.1128924515698062,344,0.2297929191716766,60,0.0400801603206412,844,0.5637942551770208,202,0.134936539746159,79,0.1863207547169811,36047026200,2645,419,0.1584120982986767,2642,258,0.0976532929598788,2642,153,0.0579106737320211,74832,0.074832,20004.81077613855,0.9015149084229002
360470263001,360470263001,Block Group 1; Census Tract 263; Kings County; New York,Brooklyn,2216,939,727,0.7742279020234292,1161,447,0.3850129198966408,352,0.1588447653429603,179,0.0807761732851985,614,0.2770758122743682,1156,0.5216606498194946,18,0.0081227436823104,248,0.111913357400722,0,0.0,36047026300,2189,390,0.1781635449977158,2216,306,0.1380866425992779,2216,126,0.0568592057761732,119604,0.119604,18527.80843450052,0.8255764320116961
360470264001,360470264001,Block Group 1; Census Tract 264; Kings County; New York,Brooklyn,783,245,226,0.9224489795918368,255,118,0.4627450980392157,344,0.4393358876117497,68,0.0868454661558109,136,0.1736909323116219,0,0.0,303,0.3869731800766283,306,0.3908045977011494,81,0.3306122448979592,36047026400,4491,904,0.201291471832554,4554,320,0.0702678963548528,4554,658,0.1444883618796662,40396,0.040396,19383.107238340428,0.8093427303809372
360470265001,360470265001,Block Group 1; Census Tract 265; Kings County; New York,Brooklyn,1275,604,575,0.9519867549668874,559,216,0.3864042933810375,301,0.236078431372549,79,0.0619607843137254,460,0.3607843137254902,357,0.28,25,0.0196078431372549,424,0.3325490196078431,0,0.0,36047026500,4099,870,0.2122468894852403,4099,361,0.0880702610392778,4099,343,0.0836789460844108,39924,0.039924,31935.677787796812,0.6815307545798561
360470266001,360470266001,Block Group 1; Census Tract 266; Kings County; New York,Brooklyn,951,373,348,0.9329758713136728,326,246,0.754601226993865,277,0.2912723449001052,153,0.1608832807570978,410,0.4311251314405888,0,0.0,257,0.270241850683491,272,0.2860147213459516,137,0.3672922252010724,36047026600,3399,656,0.1929979405707561,3401,150,0.0441046750955601,3401,187,0.0549838282857982,56956,0.056956,16697.099515415408,0.7364074396057113
360470267001,360470267001,Block Group 1; Census Tract 267; Kings County; New York,Brooklyn,741,278,235,0.8453237410071942,429,120,0.2797202797202797,112,0.1511470985155195,160,0.2159244264507422,382,0.5155195681511471,190,0.2564102564102564,24,0.0323886639676113,45,0.0607287449392712,0,0.0,36047026700,3933,245,0.0622934146961606,3933,164,0.0416984490211034,3933,71,0.0180523773201118,39904,0.039904,18569.56696070569,0.6667846880076095
360470268001,360470268001,Block Group 1; Census Tract 268; Kings County; New York,Brooklyn,945,413,280,0.6779661016949152,524,148,0.2824427480916031,105,0.1111111111111111,254,0.2687830687830688,633,0.6698412698412698,6,0.0063492063492063,216,0.2285714285714285,90,0.0952380952380952,277,0.6707021791767555,36047026800,4414,631,0.1429542365201631,4414,340,0.0770276393294064,4414,334,0.0756683280471227,39610,0.03961,23857.611714213584,0.6251110175244511
360470269001,360470269001,Block Group 1; Census Tract 269; Kings County; New York,Brooklyn,1432,526,399,0.7585551330798479,764,381,0.4986910994764398,361,0.2520949720670391,152,0.106145251396648,206,0.1438547486033519,521,0.3638268156424581,57,0.039804469273743,586,0.4092178770949721,0,0.0,36047026900,3444,630,0.1829268292682926,3444,335,0.0972706155632985,3444,200,0.0580720092915214,39750,0.03975,36025.157232704405,0.8923160449297103
360470270001,360470270001,Block Group 1; Census Tract 270; Kings County; New York,Brooklyn,994,346,235,0.6791907514450867,509,172,0.3379174852652259,192,0.193158953722334,172,0.1730382293762575,538,0.5412474849094567,0,0.0,456,0.4587525150905432,0,0.0,80,0.2312138728323699,36047027000,2582,649,0.2513555383423702,2582,262,0.1014717273431448,2582,82,0.0317583268783888,57827,0.057827,17189.20227575354,0.8282437585774269
360470271001,360470271001,Block Group 1; Census Tract 271; Kings County; New York,Brooklyn,2059,874,814,0.931350114416476,1094,351,0.3208409506398537,325,0.1578436134045653,187,0.0908207867897037,356,0.1728994657600777,1177,0.5716367168528412,70,0.0339970859640602,251,0.1219038368139873,88,0.1006864988558352,36047027100,3637,532,0.1462744019796535,3637,347,0.0954083035468792,3637,254,0.0698377783887819,124290,0.12429,16566.095421996943,0.9372036668594608
360470272001,360470272001,Block Group 1; Census Tract 272; Kings County; New York,Brooklyn,769,300,298,0.9933333333333332,302,155,0.5132450331125827,265,0.3446033810143042,66,0.0858257477243173,167,0.2171651495448634,0,0.0,272,0.35370611183355,330,0.4291287386215864,56,0.1866666666666666,36047027200,3750,977,0.2605333333333333,3750,479,0.1277333333333333,3750,457,0.1218666666666666,37980,0.03798,20247.49868351764,0.6219365253423754
360470273001,360470273001,Block Group 1; Census Tract 273; Kings County; New York,Brooklyn,881,308,191,0.6201298701298701,588,208,0.3537414965986394,128,0.1452894438138479,259,0.2939841089670829,201,0.228149829738933,584,0.662883087400681,46,0.0522133938706015,9,0.0102156640181611,0,0.0,36047027300,4154,347,0.0835339431872893,4175,615,0.1473053892215569,4175,135,0.0323353293413173,40513,0.040513,21746.106188137142,0.9486380573519184
360470274001,360470274001,Block Group 1; Census Tract 274; Kings County; New York,Brooklyn,1147,300,169,0.5633333333333334,573,355,0.6195462478184991,214,0.1865736704446381,136,0.1185701830863121,673,0.5867480383609416,0,0.0,398,0.3469921534437663,0,0.0,50,0.1666666666666666,36047027400,2938,308,0.1048332198774676,2938,541,0.1841388699795779,2938,482,0.1640571817562968,75306,0.075306,15231.190077815843,0.8181640374609969
360470275001,360470275001,Block Group 1; Census Tract 275; Kings County; New York,Brooklyn,1179,347,252,0.7262247838616714,584,212,0.363013698630137,192,0.1628498727735369,58,0.0491942324003392,102,0.0865139949109414,882,0.7480916030534351,0,0.0,96,0.0814249363867684,0,0.0,36047027500,5272,1255,0.2380500758725341,5256,713,0.1356544901065449,5256,455,0.0865677321156773,40469,0.040469,29133.410758852457,0.8430483538274911
360470276001,360470276001,Block Group 1; Census Tract 276; Kings County; New York,Brooklyn,1395,408,368,0.9019607843137256,483,130,0.2691511387163561,482,0.3455197132616487,133,0.0953405017921147,244,0.1749103942652329,0,0.0,624,0.4473118279569892,385,0.2759856630824372,239,0.5857843137254902,36047027600,3665,604,0.1648021828103683,3680,254,0.0690217391304347,3680,212,0.0576086956521739,41324,0.041324,33757.62268899429,0.9051765733345304
360470277001,360470277001,Block Group 1; Census Tract 277; Kings County; New York,Brooklyn,1465,549,518,0.9435336976320584,524,288,0.549618320610687,457,0.3119453924914676,103,0.0703071672354948,174,0.1187713310580204,861,0.5877133105802048,37,0.0252559726962457,331,0.225938566552901,0,0.0,36047027700,4286,1233,0.2876808212785814,4301,753,0.1750755638223669,4301,443,0.1029993024877935,41150,0.04115,35601.45808019441,0.890121611794025
360470278001,360470278001,Block Group 1; Census Tract 278; Kings County; New York,Brooklyn,1299,464,376,0.8103448275862069,570,254,0.4456140350877193,304,0.2340261739799846,178,0.1370284834488067,503,0.3872209391839877,63,0.0484988452655889,612,0.4711316397228637,52,0.0400307929176289,84,0.1810344827586207,36047027800,3134,390,0.1244416081684748,3134,446,0.1423101467772814,3134,158,0.0504148053605615,68591,0.068591,18938.344680789025,0.8248026831364017
360470279001,360470279001,Block Group 1; Census Tract 279; Kings County; New York,Brooklyn,875,312,229,0.7339743589743589,399,190,0.4761904761904761,264,0.3017142857142857,34,0.0388571428571428,208,0.2377142857142857,311,0.3554285714285714,29,0.0331428571428571,193,0.2205714285714285,0,0.0,36047027900,4260,766,0.1798122065727699,4260,432,0.1014084507042253,4260,411,0.0964788732394366,40558,0.040558,21574.042112530205,0.9103306687842468
360470280001,360470280001,Block Group 1; Census Tract 280; Kings County; New York,Brooklyn,734,310,121,0.3903225806451613,298,86,0.2885906040268456,110,0.1498637602179836,208,0.2833787465940054,397,0.5408719346049047,0,0.0,267,0.3637602179836512,57,0.0776566757493188,88,0.2838709677419355,36047028000,1708,187,0.1094847775175644,1708,90,0.0526932084309133,1708,210,0.1229508196721311,58262,0.058262,12598.263018777248,0.7486536831007893
360470281001,360470281001,Block Group 1; Census Tract 281; Kings County; New York,Brooklyn,1170,422,422,1.0,363,286,0.7878787878787878,399,0.341025641025641,79,0.0675213675213675,59,0.0504273504273504,468,0.4,68,0.0581196581196581,552,0.4717948717948718,49,0.1161137440758293,36047028100,5194,1950,0.3754331921447824,5238,711,0.1357388316151202,5238,519,0.0990836197021764,41108,0.041108,28461.61331127761,0.9716271474746452
360470282001,360470282001,Block Group 1; Census Tract 282; Kings County; New York,Brooklyn,1405,639,313,0.4898278560250391,503,180,0.3578528827037773,199,0.1416370106761565,515,0.3665480427046263,833,0.5928825622775801,65,0.0462633451957295,283,0.201423487544484,49,0.0348754448398576,132,0.2065727699530516,36047028200,3239,758,0.2340228465575795,3239,391,0.1207162704538437,3239,574,0.1772151898734177,88191,0.088191,15931.330861425768,0.4909245914172075
360470283001,360470283001,Block Group 1; Census Tract 283; Kings County; New York,Brooklyn,1236,504,504,1.0,491,466,0.9490835030549898,149,0.1205501618122977,72,0.058252427184466,190,0.1537216828478964,442,0.3576051779935275,33,0.0266990291262135,385,0.3114886731391585,37,0.0734126984126984,36047028300,3951,1182,0.29916476841306,3963,722,0.1821852132223063,3963,474,0.1196063588190764,40795,0.040795,30297.83061649712,0.9235117557696748
360470284001,360470284001,Block Group 1; Census Tract 284; Kings County; New York,Brooklyn,745,418,385,0.9210526315789472,291,152,0.5223367697594502,92,0.123489932885906,307,0.4120805369127517,465,0.6241610738255033,0,0.0,226,0.3033557046979865,18,0.0241610738255033,133,0.3181818181818182,36047028400,3675,776,0.211156462585034,3675,498,0.1355102040816326,3675,90,0.0244897959183673,37665,0.037665,19779.636267091464,0.8239438355066246
360470285011,360470285011,Block Group 1; Census Tract 285.01; Kings County; New York,Brooklyn,589,321,315,0.9813084112149532,379,282,0.7440633245382586,22,0.0373514431239388,37,0.0628183361629881,249,0.4227504244482173,133,0.2258064516129032,40,0.0679117147707979,159,0.2699490662139219,9,0.02803738317757,36047028501,565,183,0.3238938053097345,565,117,0.2070796460176991,565,51,0.0902654867256637,83218,0.083218,7077.795669206182,0.9569486833067684
360470285021,360470285021,Block Group 1; Census Tract 285.02; Kings County; New York,Brooklyn,3144,1187,1187,1.0,683,421,0.616398243045388,878,0.2792620865139949,698,0.2220101781170483,0,0.0,1393,0.4430661577608142,0,0.0,1634,0.5197201017811705,184,0.1550126368997472,36047028502,3144,1674,0.5324427480916031,3144,844,0.2684478371501272,3144,125,0.0397582697201017,119859,0.119859,26230.821214927542,0.9190753757827644
360470286001,360470286001,Block Group 1; Census Tract 286; Kings County; New York,Brooklyn,1302,350,350,1.0,188,71,0.3776595744680851,580,0.445468509984639,255,0.195852534562212,615,0.4723502304147465,34,0.0261136712749615,99,0.076036866359447,55,0.0422427035330261,174,0.4971428571428571,36047028600,5092,2224,0.436763550667714,5092,1001,0.1965828750981932,5092,301,0.0591123330714846,39157,0.039157,33250.75976198381,0.5070458357427101
360470287001,360470287001,Block Group 1; Census Tract 287; Kings County; New York,Brooklyn,940,471,424,0.9002123142250531,661,324,0.4901664145234493,169,0.1797872340425532,44,0.0468085106382978,399,0.4244680851063829,178,0.1893617021276595,37,0.0393617021276595,326,0.3468085106382979,118,0.2505307855626327,36047028700,3396,1224,0.3604240282685512,3398,512,0.1506768687463213,3398,100,0.0294290759270158,73469,0.073469,12794.5119710354,0.96262878529493
360470288001,360470288001,Block Group 1; Census Tract 288; Kings County; New York,Brooklyn,530,234,153,0.6538461538461539,264,163,0.6174242424242424,84,0.1584905660377358,155,0.2924528301886792,260,0.490566037735849,0,0.0,225,0.4245283018867924,45,0.0849056603773584,57,0.2435897435897435,36047028800,3556,782,0.2199100112485939,3578,357,0.0997764114030184,3578,395,0.1103968697596422,56446,0.056446,9389.505013641356,0.8281565458537367
360470289001,360470289001,Block Group 1; Census Tract 289; Kings County; New York,Brooklyn,666,370,338,0.9135135135135136,396,251,0.6338383838383839,61,0.0915915915915916,107,0.1606606606606606,254,0.3813813813813814,163,0.2447447447447447,34,0.051051051051051,202,0.3033033033033033,50,0.1351351351351351,36047028900,4137,1401,0.3386511965192168,4147,321,0.0774053532674222,4147,640,0.1543284301904991,42434,0.042434,15694.961587406326,0.9425159393805675
360470029011,360470029011,Block Group 1; Census Tract 29.01; Kings County; New York,Brooklyn,2167,968,968,1.0,280,175,0.625,579,0.2671896631287494,501,0.2311952007383479,13,0.0059990770650669,1094,0.5048454083987078,470,0.216889709275496,256,0.1181356714351638,127,0.131198347107438,36047002901,3177,1367,0.4302801384954359,3177,804,0.2530689329556185,3177,183,0.0576015108593012,53917,0.053917,40191.405308158835,0.878905458228769
360470290001,360470290001,Block Group 1; Census Tract 290; Kings County; New York,Brooklyn,1370,496,427,0.8608870967741935,459,101,0.2200435729847494,403,0.2941605839416058,239,0.1744525547445255,982,0.7167883211678832,10,0.0072992700729927,303,0.2211678832116788,20,0.0145985401459854,193,0.3891129032258064,36047029000,3710,1037,0.2795148247978437,3710,645,0.1738544474393531,3710,81,0.021832884097035,38166,0.038166,35895.8235078342,0.8305412465061911
360470291001,360470291001,Block Group 1; Census Tract 291; Kings County; New York,Brooklyn,957,403,170,0.4218362282878412,676,148,0.2189349112426035,50,0.0522466039707419,125,0.1306165099268547,222,0.231974921630094,463,0.48380355276907,49,0.051201671891327,199,0.2079414838035527,0,0.0,36047029100,3461,665,0.1921409997110661,3461,390,0.1126841953192718,3461,177,0.0511412886449003,82329,0.082329,11624.093575775243,0.9109188772524384
360470292001,360470292001,Block Group 1; Census Tract 292; Kings County; New York,Brooklyn,1281,591,519,0.8781725888324873,437,256,0.585812356979405,152,0.1186572989851678,303,0.2365339578454332,560,0.4371584699453552,53,0.0413739266198282,449,0.3505074160811866,214,0.1670569867291178,313,0.5296108291032149,36047029200,2501,432,0.1727309076369452,2501,423,0.1691323470611755,2501,111,0.0443822471011595,55393,0.055393,23125.665697831857,0.8391178180035103
360470293001,360470293001,Block Group 1; Census Tract 293; Kings County; New York,Brooklyn,1174,396,348,0.8787878787878788,259,127,0.4903474903474903,290,0.2470187393526405,115,0.0979557069846678,22,0.0187393526405451,667,0.5681431005110733,0,0.0,471,0.4011925042589437,0,0.0,36047029300,3181,1127,0.3542911034265954,3181,385,0.1210311222885884,3181,83,0.0260924237661112,41069,0.041069,28586.03813095035,0.6733264420579064
360470294001,360470294001,Block Group 1; Census Tract 294; Kings County; New York,Brooklyn,2072,603,443,0.7346600331674958,689,326,0.4731494920174166,298,0.1438223938223938,638,0.3079150579150579,717,0.346042471042471,277,0.1336872586872587,580,0.2799227799227799,386,0.1862934362934362,251,0.4162520729684908,36047029400,1622,289,0.1781750924784217,1622,268,0.1652281134401972,1622,108,0.0665844636251541,188664,0.188664,10982.487384980706,0.5650967778188155
360470295001,360470295001,Block Group 1; Census Tract 295; Kings County; New York,Brooklyn,1501,663,477,0.7194570135746606,746,308,0.4128686327077748,330,0.2198534310459693,102,0.0679546968687541,275,0.1832111925383077,1053,0.7015323117921386,17,0.011325782811459,126,0.083944037308461,0,0.0,36047029500,4043,959,0.2372000989364333,4043,329,0.0813752164234479,4043,207,0.0511996042542666,41189,0.041189,36441.76843331957,0.833561356877557
360470296001,360470296001,Block Group 1; Census Tract 296; Kings County; New York,Brooklyn,1203,365,334,0.915068493150685,334,171,0.5119760479041916,177,0.1471321695760598,188,0.1562759767248545,846,0.7032418952618454,0,0.0,357,0.2967581047381546,0,0.0,233,0.6383561643835617,36047029600,6463,1860,0.2877920470369797,6463,458,0.070864923410181,6463,843,0.1304347826086956,57287,0.057287,20999.528688882296,0.8783777109737801
360470297001,360470297001,Block Group 1; Census Tract 297; Kings County; New York,Brooklyn,1104,475,214,0.4505263157894736,531,241,0.4538606403013183,251,0.2273550724637681,156,0.1413043478260869,436,0.394927536231884,543,0.4918478260869565,4,0.0036231884057971,121,0.1096014492753623,0,0.0,36047029700,4004,929,0.232017982017982,4004,794,0.1983016983016983,4004,126,0.0314685314685314,61783,0.061783,17868.993088713723,0.8491181467120472
360470298001,360470298001,Block Group 1; Census Tract 298; Kings County; New York,Brooklyn,1675,500,319,0.638,604,252,0.4172185430463576,450,0.2686567164179104,312,0.1862686567164179,954,0.5695522388059702,0,0.0,388,0.2316417910447761,290,0.1731343283582089,144,0.288,36047029800,3868,770,0.1990692864529472,3877,349,0.0900180551973175,3877,266,0.0686097498065514,85238,0.085238,19650.85994509491,0.8714012493428679
360470299001,360470299001,Block Group 1; Census Tract 299; Kings County; New York,Brooklyn,2011,771,626,0.8119325551232166,1015,628,0.6187192118226601,425,0.2113376429636996,78,0.0387866732968672,263,0.13078070611636,1513,0.7523620089507708,17,0.0084535057185479,159,0.079065141720537,12,0.0155642023346303,36047029900,3120,923,0.2958333333333333,3120,300,0.0961538461538461,3120,263,0.0842948717948718,70705,0.070705,28442.11866204653,0.8699874379127887
360470002001,360470002001,Block Group 1; Census Tract 2; Kings County; New York,Brooklyn,1288,383,289,0.7545691906005222,622,319,0.5128617363344051,363,0.2818322981366459,119,0.092391304347826,230,0.1785714285714285,49,0.0380434782608695,48,0.0372670807453416,916,0.7111801242236024,151,0.3942558746736292,36047000200,1288,444,0.3447204968944099,1288,148,0.1149068322981366,1288,293,0.2274844720496894,276929,0.276929,4651.011631140112,0.8555766292025235
360470003011,360470003011,Block Group 1; Census Tract 3.01; Kings County; New York,Brooklyn,773,361,310,0.8587257617728532,343,138,0.4023323615160349,107,0.1384217335058215,192,0.2483829236739974,559,0.723156532988357,25,0.0323415265200517,82,0.1060802069857697,48,0.0620957309184993,0,0.0,36047000301,4384,227,0.0517791970802919,4501,366,0.0813152632748278,4501,86,0.0191068651410797,22832,0.022832,33855.99159074982,0.883825395158122
360470300001,360470300001,Block Group 1; Census Tract 300; Kings County; New York,Brooklyn,1203,360,345,0.9583333333333334,375,241,0.6426666666666667,331,0.2751454696591853,226,0.1878636741479634,479,0.398171238570241,228,0.1895261845386533,131,0.1088944305901911,267,0.2219451371571072,169,0.4694444444444444,36047030000,4165,765,0.1836734693877551,4165,377,0.090516206482593,4165,320,0.0768307322929171,37735,0.037735,31880.217304889364,0.8228218213340578
360470301001,360470301001,Block Group 1; Census Tract 301; Kings County; New York,Brooklyn,1232,358,312,0.8715083798882681,681,468,0.6872246696035242,306,0.2483766233766234,63,0.0511363636363636,286,0.2321428571428571,797,0.6469155844155844,17,0.0137987012987012,132,0.1071428571428571,0,0.0,36047030100,3169,678,0.2139476175449668,3170,293,0.0924290220820189,3170,40,0.0126182965299684,50411,0.050411,24439.110511594692,0.7978029200051755
360470302001,360470302001,Block Group 1; Census Tract 302; Kings County; New York,Brooklyn,1309,477,353,0.740041928721174,544,167,0.3069852941176471,235,0.1795263559969442,300,0.2291825821237585,231,0.1764705882352941,0,0.0,846,0.6462948815889993,220,0.1680672268907563,108,0.2264150943396226,36047030200,3850,692,0.1797402597402597,3850,400,0.1038961038961039,3850,202,0.0524675324675324,83732,0.083732,15633.210719915922,0.8295567436560057
360470303001,360470303001,Block Group 1; Census Tract 303; Kings County; New York,Brooklyn,2815,904,731,0.8086283185840708,1157,732,0.6326707000864304,479,0.1701598579040852,372,0.1321492007104796,267,0.0948490230905861,2018,0.716873889875666,40,0.0142095914742451,350,0.1243339253996447,54,0.0597345132743362,36047030300,5465,1520,0.2781335773101555,5465,864,0.1580969807868252,5465,296,0.0541628545288197,85129,0.085129,33067.46232188796,0.7882773852933879
360470304001,360470304001,Block Group 1; Census Tract 304; Kings County; New York,Brooklyn,2479,674,276,0.4094955489614243,884,281,0.3178733031674208,529,0.2133924969745865,733,0.2956837434449375,305,0.1230334812424364,0,0.0,1700,0.6857603872529245,428,0.172650262202501,184,0.2729970326409495,36047030400,4498,616,0.1369497554468652,4525,484,0.1069613259668508,4525,389,0.0859668508287292,293901,0.293901,8434.81308331717,0.8050693648078133
360470305001,360470305001,Block Group 1; Census Tract 305; Kings County; New York,Brooklyn,1508,620,571,0.920967741935484,719,517,0.7190542420027817,604,0.4005305039787798,48,0.0318302387267904,257,0.1704244031830238,525,0.3481432360742705,91,0.0603448275862069,342,0.2267904509283819,59,0.0951612903225806,36047030500,6688,873,0.1305322966507177,6688,516,0.0771531100478468,6688,283,0.0423145933014354,149967,0.149967,10055.545553355072,0.8965494200223363
360470306001,360470306001,Block Group 1; Census Tract 306; Kings County; New York,Brooklyn,1903,672,321,0.4776785714285714,802,349,0.4351620947630922,238,0.1250656857593274,413,0.2170257488176563,826,0.4340514976353126,11,0.0057803468208092,751,0.394640042038886,295,0.1550183920126116,170,0.2529761904761904,36047030600,1893,260,0.1373481246698362,1897,307,0.161834475487612,1897,133,0.070110701107011,193681,0.193681,9825.434606388855,0.8568092563366223
360470307001,360470307001,Block Group 1; Census Tract 307; Kings County; New York,Brooklyn,2267,1062,1062,1.0,864,704,0.8148148148148148,789,0.3480370533745037,254,0.1120423467137185,0,0.0,1808,0.7975297750330834,40,0.0176444640494045,391,0.1724746360829289,100,0.0941619585687382,36047030700,6279,1754,0.2793438445612358,6299,966,0.153357675821559,6299,572,0.090808064772186,40742,0.040742,55642.825585390994,0.8987040346560988
360470308001,360470308001,Block Group 1; Census Tract 308; Kings County; New York,Brooklyn,1792,710,337,0.4746478873239436,696,233,0.3347701149425287,239,0.1333705357142857,525,0.29296875,960,0.5357142857142857,16,0.0089285714285714,607,0.3387276785714285,202,0.1127232142857142,273,0.3845070422535211,36047030800,1792,216,0.1205357142857142,1792,416,0.2321428571428571,1792,56,0.03125,681579,0.681579,2629.1889861630125,0.7410082758185533
360470309001,360470309001,Block Group 1; Census Tract 309; Kings County; New York,Brooklyn,1334,451,451,1.0,416,329,0.7908653846153846,471,0.3530734632683658,80,0.0599700149925037,87,0.0652173913043478,1062,0.7961019490254873,7,0.005247376311844,178,0.1334332833583208,0,0.0,36047030900,2277,846,0.3715415019762846,2279,410,0.1799034664326459,2279,94,0.0412461605967529,87763,0.087763,15200.027346376037,0.9413365884065804
360470030001,360470030001,Block Group 1; Census Tract 30; Kings County; New York,Brooklyn,1028,482,292,0.6058091286307054,545,269,0.4935779816513762,231,0.2247081712062257,141,0.1371595330739299,513,0.4990272373540856,0,0.0,275,0.2675097276264591,232,0.22568093385214,23,0.0477178423236514,36047003000,1844,87,0.0471800433839479,1811,158,0.0872446162341247,1811,48,0.0265046935394809,65886,0.065886,15602.70770725192,0.8062245006995624
360470031011,360470031011,Block Group 1; Census Tract 31.01; Kings County; New York,Brooklyn,3164,1574,1218,0.7738246505717916,2029,1004,0.4948250369640217,310,0.0979772439949431,576,0.1820480404551201,1375,0.4345764854614412,730,0.2307206068268015,490,0.1548672566371681,288,0.09102402022756,29,0.0184243964421855,36047003101,3073,173,0.0562967783924503,3716,203,0.0546286329386437,3716,447,0.1202906350914962,63310,0.06331,49976.307060495965,0.9137900886321996
360470311001,360470311001,Block Group 1; Census Tract 311; Kings County; New York,Brooklyn,1104,398,315,0.7914572864321608,566,287,0.5070671378091873,221,0.2001811594202898,29,0.0262681159420289,168,0.1521739130434782,414,0.375,206,0.1865942028985507,140,0.1268115942028985,0,0.0,36047031100,3534,776,0.2195812110922467,3534,339,0.0959252971137521,3534,106,0.0299943406904357,64761,0.064761,17047.296984296103,0.9400727067565352
360470313001,360470313001,Block Group 1; Census Tract 313; Kings County; New York,Brooklyn,1077,366,287,0.7841530054644809,452,252,0.5575221238938053,95,0.0882079851439183,301,0.2794800371402042,146,0.1355617455896007,395,0.3667595171773444,18,0.0167130919220055,140,0.1299907149489322,0,0.0,36047031300,4352,760,0.1746323529411764,4398,960,0.2182810368349249,4398,178,0.0404729422464756,43539,0.043539,24736.443188865156,0.9556512422591336
360470314011,360470314011,Block Group 1; Census Tract 314.01; Kings County; New York,Brooklyn,1504,553,395,0.7142857142857143,568,158,0.278169014084507,130,0.0864361702127659,447,0.2972074468085106,688,0.4574468085106383,0,0.0,533,0.3543882978723404,189,0.1256648936170212,224,0.4050632911392405,36047031401,4910,501,0.1020366598778004,4910,766,0.1560081466395112,4910,468,0.095315682281059,67383,0.067383,22320.169775759467,0.6014139007033616
360470315001,360470315001,Block Group 1; Census Tract 315; Kings County; New York,Brooklyn,1081,489,489,1.0,589,223,0.3786078098471986,213,0.1970397779833487,89,0.0823311748381128,336,0.3108233117483811,387,0.3580018501387604,127,0.1174838112858464,121,0.1119333950046253,0,0.0,36047031500,5179,749,0.1446225139988414,5179,452,0.0872755358177254,5179,149,0.0287700328248696,43781,0.043781,24691.076037550534,0.8863331916287278
360470317011,360470317011,Block Group 1; Census Tract 317.01; Kings County; New York,Brooklyn,1463,667,667,1.0,1108,647,0.5839350180505415,50,0.0341763499658236,151,0.1032125768967874,528,0.3609022556390977,666,0.455228981544771,40,0.0273410799726589,99,0.0676691729323308,0,0.0,36047031701,4262,472,0.1107461285781323,4300,366,0.0851162790697674,4300,229,0.0532558139534883,46601,0.046601,31394.176090641835,0.808531138199037
360470317021,360470317021,Block Group 1; Census Tract 317.02; Kings County; New York,Brooklyn,1076,471,355,0.7537154989384289,613,291,0.4747145187601957,159,0.1477695167286245,272,0.2527881040892193,366,0.3401486988847583,518,0.4814126394052044,32,0.0297397769516728,83,0.0771375464684014,13,0.0276008492569002,36047031702,3609,366,0.1014131338320864,3622,297,0.0819988956377691,3622,140,0.0386526780784097,46598,0.046598,23091.11979054895,0.8536853835800383
360470319001,360470319001,Block Group 1; Census Tract 319; Kings County; New York,Brooklyn,1294,487,422,0.86652977412731,689,436,0.6328011611030478,261,0.2017001545595054,323,0.249613601236476,748,0.5780525502318392,535,0.4134466769706337,0,0.0,11,0.008500772797527,0,0.0,36047031900,3412,247,0.0723915592028136,3412,354,0.1037514654161781,3412,7,0.0020515826494724,46613,0.046613,27760.495998970244,0.9017948194478628
360470321001,360470321001,Block Group 1; Census Tract 321; Kings County; New York,Brooklyn,1302,441,392,0.8888888888888888,872,620,0.7110091743119266,127,0.097542242703533,220,0.1689708141321044,166,0.1274961597542242,754,0.5791090629800307,110,0.0844854070660522,167,0.1282642089093702,44,0.0997732426303854,36047032100,4975,771,0.1549748743718593,4989,693,0.1389055923030667,4989,299,0.0599318500701543,46611,0.046611,27933.320460835424,0.9017971741470978
360470323001,360470323001,Block Group 1; Census Tract 323; Kings County; New York,Brooklyn,1305,698,698,1.0,811,362,0.4463625154130702,116,0.0888888888888888,153,0.1172413793103448,207,0.1586206896551724,782,0.5992337164750958,84,0.064367816091954,132,0.1011494252873563,30,0.0429799426934097,36047032300,3589,604,0.1682920033435497,3589,497,0.1384786848704374,3589,164,0.0456951797157982,59456,0.059456,21949.004305705057,0.8506167031839238
360470325001,360470325001,Block Group 1; Census Tract 325; Kings County; New York,Brooklyn,3657,1015,1000,0.9852216748768472,2154,1620,0.7520891364902507,986,0.2696199070276183,347,0.0948865190046486,590,0.1613344271260596,2916,0.7973748974569319,11,0.0030079299972655,76,0.020782061799289,0,0.0,36047032500,7964,738,0.0926670015067805,7926,775,0.0977794600050466,7926,220,0.0277567499369164,47914,0.047914,76324.2476103018,0.8570710568072837
360470326001,360470326001,Block Group 1; Census Tract 326; Kings County; New York,Brooklyn,700,205,205,1.0,321,239,0.7445482866043613,173,0.2471428571428571,1,0.0014285714285714,10,0.0142857142857142,2,0.0028571428571428,42,0.06,646,0.9228571428571428,41,0.2,36047032600,10436,3568,0.3418934457646608,10522,1176,0.111765823987835,10522,376,0.0357346512069948,74399,0.074399,9408.728611943709,0.8397822782424467
360470327001,360470327001,Block Group 1; Census Tract 327; Kings County; New York,Brooklyn,638,284,256,0.9014084507042254,370,210,0.5675675675675675,164,0.2570532915360501,114,0.1786833855799373,210,0.329153605015674,371,0.5815047021943573,0,0.0,57,0.0893416927899686,0,0.0,36047032700,2980,389,0.1305369127516778,2980,227,0.0761744966442953,2980,0,0.0,49081,0.049081,12998.920152401131,0.8289863009674101
360470328001,360470328001,Block Group 1; Census Tract 328; Kings County; New York,Brooklyn,648,255,177,0.6941176470588235,296,143,0.4831081081081081,141,0.2175925925925926,91,0.1404320987654321,105,0.162037037037037,244,0.3765432098765432,225,0.3472222222222222,70,0.1080246913580246,93,0.3647058823529411,36047032800,2847,777,0.2729188619599578,2918,535,0.1833447566826593,2918,141,0.0483207676490747,70442,0.070442,9199.057380540018,0.8238106217152755
360470329001,360470329001,Block Group 1; Census Tract 329; Kings County; New York,Brooklyn,1196,423,380,0.8983451536643026,518,155,0.2992277992277992,365,0.3051839464882943,159,0.132943143812709,605,0.5058528428093646,267,0.2232441471571906,324,0.2709030100334448,0,0.0,5,0.0118203309692671,36047032900,5411,1249,0.2308260949916836,5411,531,0.0981334318979855,5411,392,0.0724450194049159,35696,0.035696,33505.154639175256,0.8498111049903407
360470330001,360470330001,Block Group 1; Census Tract 330; Kings County; New York,Brooklyn,2939,1142,1141,0.999124343257443,625,425,0.68,916,0.3116706362708404,624,0.2123171146648519,684,0.2327322218441646,1084,0.368832936372916,214,0.0728138822728819,769,0.2616536236815243,477,0.4176882661996497,36047033000,4721,1935,0.409870790086846,4721,1094,0.2317305655581444,4721,122,0.0258419826307985,82950,0.08295,35430.982519590114,0.8415957075915196
360470331001,360470331001,Block Group 1; Census Tract 331; Kings County; New York,Brooklyn,1240,625,586,0.9376,406,155,0.3817733990147783,154,0.1241935483870967,378,0.3048387096774193,358,0.2887096774193548,753,0.6072580645161291,0,0.0,29,0.0233870967741935,70,0.112,36047033100,3822,1134,0.2967032967032967,3822,482,0.1261119832548404,3822,458,0.1198325484039769,42021,0.042021,29509.054996311366,0.8769911273491819
360470333001,360470333001,Block Group 1; Census Tract 333; Kings County; New York,Brooklyn,1028,454,374,0.8237885462555066,448,126,0.28125,242,0.235408560311284,144,0.1400778210116731,424,0.4124513618677042,470,0.4571984435797665,0,0.0,42,0.0408560311284046,0,0.0,36047033300,4519,925,0.2046913033857048,4519,301,0.0666076565611861,4519,154,0.0340783359150254,46523,0.046523,22096.597381940115,0.8533227326531712
360470335001,360470335001,Block Group 1; Census Tract 335; Kings County; New York,Brooklyn,1164,265,173,0.6528301886792452,519,247,0.4759152215799614,247,0.2121993127147766,206,0.1769759450171821,368,0.3161512027491409,387,0.3324742268041237,0,0.0,13,0.011168384879725,6,0.0226415094339622,36047033500,3400,593,0.1744117647058823,3743,346,0.0924392198771039,3743,128,0.0341971680470211,44674,0.044674,26055.423736401488,0.8540560654270698
360470336001,360470336001,Block Group 1; Census Tract 336; Kings County; New York,Brooklyn,870,348,143,0.4109195402298851,438,131,0.2990867579908676,121,0.1390804597701149,231,0.2655172413793103,738,0.8482758620689655,0,0.0,14,0.0160919540229885,118,0.135632183908046,127,0.3649425287356322,36047033600,4674,499,0.1067608044501497,4757,500,0.1051082615093546,4757,202,0.0424637376497792,92258,0.092258,9430.076524529037,0.8399985894104055
360470337011,360470337011,Block Group 1; Census Tract 337.01; Kings County; New York,Brooklyn,1824,578,504,0.8719723183391004,742,368,0.4959568733153638,447,0.2450657894736842,265,0.1452850877192982,1041,0.5707236842105263,477,0.2615131578947368,30,0.0164473684210526,148,0.0811403508771929,0,0.0,36047033701,2668,306,0.1146926536731634,2742,354,0.1291028446389496,2742,166,0.0605397520058351,49555,0.049555,36807.587529008175,0.8487152329499577
360470337021,360470337021,Block Group 1; Census Tract 337.02; Kings County; New York,Brooklyn,846,214,116,0.5420560747663551,351,56,0.1595441595441595,396,0.4680851063829787,45,0.0531914893617021,626,0.7399527186761229,127,0.1501182033096926,16,0.0189125295508274,77,0.0910165484633569,0,0.0,36047033702,1815,276,0.1520661157024793,1974,265,0.1342451874366768,1974,88,0.044579533941236,48905,0.048905,17298.844698906043,0.8514776928519977
360470339001,360470339001,Block Group 1; Census Tract 339; Kings County; New York,Brooklyn,1599,401,202,0.5037406483790524,646,295,0.456656346749226,611,0.3821138211382114,182,0.1138211382113821,198,0.123827392120075,557,0.3483427141963727,9,0.0056285178236397,156,0.0975609756097561,0,0.0,36047033900,5010,1267,0.2528942115768463,5010,713,0.142315369261477,5010,203,0.0405189620758483,45308,0.045308,35291.78070097996,0.8848029429397862
360470033001,360470033001,Block Group 1; Census Tract 33; Kings County; New York,Brooklyn,833,389,353,0.9074550128534704,404,100,0.2475247524752475,242,0.290516206482593,31,0.0372148859543817,434,0.5210084033613446,52,0.0624249699879951,113,0.1356542617046818,50,0.0600240096038415,0,0.0,36047003300,4125,398,0.0964848484848484,4125,505,0.1224242424242424,4125,149,0.0361212121212121,49129,0.049129,16955.362413238618,0.9158586792362812
360470340001,360470340001,Block Group 1; Census Tract 340; Kings County; New York,Brooklyn,1521,586,586,1.0,287,149,0.519163763066202,423,0.2781065088757396,329,0.2163050624589086,155,0.1019066403681788,620,0.4076265614727153,37,0.0243261012491781,667,0.4385272846811308,114,0.1945392491467577,36047034000,1662,631,0.3796630565583634,1662,426,0.2563176895306859,1662,73,0.0439229843561973,82046,0.082046,18538.38090827097,0.6968966353165735
360470341001,360470341001,Block Group 1; Census Tract 341; Kings County; New York,Brooklyn,1058,356,330,0.9269662921348316,474,239,0.5042194092827004,159,0.1502835538752363,328,0.3100189035916824,351,0.331758034026465,503,0.4754253308128544,27,0.0255198487712665,153,0.1446124763705104,0,0.0,36047034100,2319,455,0.1962052608883139,2319,186,0.0802069857697283,2319,125,0.0539025442000862,70009,0.070009,15112.342698795868,0.8660845518574857
360470342001,360470342001,Block Group 1; Census Tract 342; Kings County; New York,Brooklyn,2686,836,721,0.8624401913875598,493,384,0.7789046653144016,777,0.2892777364110201,328,0.122114668652271,197,0.0733432613551749,1175,0.4374534623976173,0,0.0,1281,0.4769173492181683,287,0.3433014354066985,36047034200,6608,2245,0.3397397094430993,6608,1601,0.2422820823244552,6608,186,0.0281476997578692,77022,0.077022,34873.153125081146,0.5519197492680369
360470343001,360470343001,Block Group 1; Census Tract 343; Kings County; New York,Brooklyn,766,228,146,0.6403508771929824,161,52,0.3229813664596273,297,0.3877284595300261,115,0.150130548302872,328,0.4281984334203655,267,0.3485639686684073,0,0.0,0,0.0,0,0.0,36047034300,4548,1971,0.433377308707124,4548,981,0.2156992084432717,4548,467,0.1026824978012313,46932,0.046932,16321.486405863803,0.90662881935095
360470345001,360470345001,Block Group 1; Census Tract 345; Kings County; New York,Brooklyn,1073,491,460,0.9368635437881874,523,391,0.7476099426386233,194,0.1808014911463187,146,0.1360671015843429,116,0.1081081081081081,687,0.6402609506057781,39,0.0363466915191053,207,0.1929170549860205,20,0.0407331975560081,36047034500,2698,228,0.0845070422535211,2698,255,0.0945144551519644,2698,182,0.067457375833951,47077,0.047077,22792.446417571213,0.8897780420321761
360470347001,360470347001,Block Group 1; Census Tract 347; Kings County; New York,Brooklyn,1426,683,536,0.7847730600292826,597,360,0.6030150753768844,388,0.2720897615708275,193,0.135343618513324,110,0.0771388499298737,1145,0.802945301542777,0,0.0,149,0.1044880785413744,71,0.1039531478770131,36047034700,3728,808,0.2167381974248927,3728,524,0.1405579399141631,3728,307,0.0823497854077253,46499,0.046499,30667.326179057614,0.8973734023616751
360470348001,360470348001,Block Group 1; Census Tract 348; Kings County; New York,Brooklyn,1782,496,473,0.9536290322580644,798,359,0.449874686716792,597,0.335016835016835,107,0.0600448933782267,217,0.1217732884399551,67,0.0375982042648709,256,0.143658810325477,761,0.4270482603815937,143,0.2883064516129032,36047034800,3011,618,0.2052474261042843,3011,182,0.0604450348721355,3011,449,0.1491198937230156,518166,0.518166,3439.0523500191057,0.8376758860251161
360470349011,360470349011,Block Group 1; Census Tract 349.01; Kings County; New York,Brooklyn,1554,510,510,1.0,491,334,0.6802443991853361,581,0.3738738738738739,80,0.0514800514800514,157,0.101029601029601,676,0.435006435006435,0,0.0,525,0.3378378378378378,0,0.0,36047034901,2324,430,0.185025817555938,2298,130,0.0565709312445604,2298,284,0.1235857267188859,23298,0.023298,66701.0043780582,0.8668756030955229
360470349021,360470349021,Block Group 1; Census Tract 349.02; Kings County; New York,Brooklyn,1322,582,582,1.0,521,383,0.7351247600767754,396,0.2995461422087745,178,0.1346444780635401,137,0.1036308623298033,1078,0.8154311649016641,0,0.0,84,0.0635400907715582,26,0.0446735395189003,36047034902,3396,531,0.1563604240282685,3396,286,0.0842167255594817,3396,115,0.0338633686690223,46584,0.046584,28378.842521037262,0.9020283900536656
360470034001,360470034001,Block Group 1; Census Tract 34; Kings County; New York,Brooklyn,1150,474,298,0.6286919831223629,677,224,0.3308714918759232,163,0.1417391304347826,250,0.217391304347826,779,0.6773913043478261,0,0.0,58,0.0504347826086956,313,0.2721739130434782,150,0.3164556962025316,36047003400,3349,250,0.0746491489997014,3349,544,0.1624365482233502,3349,252,0.075246342191699,348109,0.348109,3303.562964473771,0.7423288221858687
360470350001,360470350001,Block Group 1; Census Tract 350; Kings County; New York,Brooklyn,1846,898,775,0.8630289532293987,520,290,0.5576923076923077,327,0.1771397616468039,834,0.4517876489707476,1846,1.0,0,0.0,0,0.0,0,0.0,511,0.5690423162583519,36047035000,3169,421,0.1328494793310192,3169,1108,0.3496371094982644,3169,107,0.0337645945093089,59581,0.059581,30983.031503331596,0.8280441437138782
360470351011,360470351011,Block Group 1; Census Tract 351.01; Kings County; New York,Brooklyn,1735,762,756,0.9921259842519684,602,402,0.6677740863787376,577,0.3325648414985591,178,0.1025936599423631,88,0.0507204610951008,1262,0.7273775216138328,0,0.0,291,0.1677233429394812,0,0.0,36047035101,1735,454,0.261671469740634,1735,289,0.1665706051873199,1735,100,0.0576368876080691,69889,0.069889,24825.079769348537,0.8948710649656986
360470351021,360470351021,Block Group 1; Census Tract 351.02; Kings County; New York,Brooklyn,2187,678,616,0.9085545722713864,697,492,0.7058823529411765,704,0.3219021490626429,366,0.1673525377229081,197,0.0900777320530406,1201,0.549154092363969,28,0.0128029263831732,552,0.252400548696845,93,0.1371681415929203,36047035102,3400,1066,0.3135294117647059,3400,450,0.1323529411764706,3400,72,0.0211764705882352,46570,0.04657,46961.563238136136,0.90153658408019
360470352001,360470352001,Block Group 1; Census Tract 352; Kings County; New York,Brooklyn,1529,821,821,1.0,245,85,0.3469387755102041,132,0.0863309352517985,786,0.514061478090255,754,0.4931327665140614,579,0.3786788750817528,33,0.0215827338129496,105,0.0686723348593852,430,0.5237515225334958,36047035200,1186,713,0.6011804384485666,1186,801,0.6753794266441822,1186,21,0.0177065767284991,990690,0.99069,1543.3687631852547,0.8459617031953075
360470353011,360470353011,Block Group 1; Census Tract 353.01; Kings County; New York,Brooklyn,2128,902,902,1.0,996,408,0.4096385542168674,201,0.0944548872180451,131,0.0615601503759398,166,0.0780075187969924,1245,0.5850563909774437,232,0.1090225563909774,389,0.1828007518796992,74,0.082039911308204,36047035301,2472,1024,0.4142394822006472,2483,270,0.1087394281111558,2483,227,0.0914216673378977,45329,0.045329,46945.66392375742,0.8852522350525209
360470353021,360470353021,Block Group 1; Census Tract 353.02; Kings County; New York,Brooklyn,1598,534,389,0.7284644194756554,721,201,0.2787794729542302,373,0.2334167709637046,344,0.2152690863579474,751,0.4699624530663329,567,0.3548185231539424,0,0.0,169,0.1057571964956195,8,0.0149812734082397,36047035302,3058,460,0.1504251144538914,3059,367,0.1199738476626348,3059,195,0.063746322327558,46610,0.04661,34284.48830723021,0.9020679063076332
360470354001,360470354001,Block Group 1; Census Tract 354; Kings County; New York,Brooklyn,1618,987,832,0.8429584599797366,466,132,0.2832618025751073,81,0.0500618046971569,924,0.5710754017305315,1518,0.938195302843016,20,0.0123609394313967,0,0.0,51,0.0315203955500618,537,0.5440729483282675,36047035400,6075,587,0.0966255144032921,6075,1374,0.2261728395061728,6075,55,0.0090534979423868,202666,0.202666,7983.578893351622,0.8900006067567487
360470355001,360470355001,Block Group 1; Census Tract 355; Kings County; New York,Brooklyn,1656,623,623,1.0,842,350,0.4156769596199525,424,0.2560386473429952,228,0.1376811594202898,104,0.0628019323671497,1269,0.7663043478260869,0,0.0,0,0.0,22,0.0353130016051364,36047035500,5046,578,0.1145461751882679,5046,811,0.1607213634562029,5046,356,0.0705509314308363,46494,0.046494,35617.49903213318,0.9088744174737244
360470356011,360470356011,Block Group 1; Census Tract 356.01; Kings County; New York,Brooklyn,2326,1397,1143,0.8181818181818182,691,189,0.2735166425470333,175,0.0752364574376612,1283,0.5515907136715391,2085,0.8963886500429923,22,0.0094582975064488,106,0.0455717970765262,54,0.0232158211521926,877,0.6277738010021474,36047035601,2326,441,0.1895958727429063,2326,762,0.3276010318142734,2326,44,0.0189165950128976,67890,0.06789,34261.30505229047,0.8865106674194756
360470356021,360470356021,Block Group 1; Census Tract 356.02; Kings County; New York,Brooklyn,1161,516,278,0.5387596899224806,342,117,0.3421052631578947,191,0.1645133505598622,309,0.2661498708010336,901,0.7760551248923342,84,0.0723514211886304,62,0.053402239448751,63,0.0542635658914728,169,0.3275193798449612,36047035602,6581,1027,0.1560553107430481,6581,1509,0.2292964595046345,6581,270,0.0410271995137517,51902,0.051902,22369.080189588072,0.893016850789945
360470357011,360470357011,Block Group 1; Census Tract 357.01; Kings County; New York,Brooklyn,2398,1105,1091,0.9873303167420816,941,639,0.6790648246546227,589,0.2456213511259382,263,0.1096747289407839,16,0.006672226855713,1576,0.6572143452877398,0,0.0,322,0.134278565471226,81,0.0733031674208144,36047035701,2398,900,0.3753127606338615,2398,496,0.2068390325271059,2398,233,0.0971643035863219,69809,0.069809,34350.87166411208,0.6443397647019045
360470359001,360470359001,Block Group 1; Census Tract 359; Kings County; New York,Brooklyn,1189,590,573,0.971186440677966,658,351,0.5334346504559271,218,0.1833473507148864,93,0.0782169890664424,99,0.0832632464255677,833,0.7005887300252313,165,0.1387720773759461,92,0.0773759461732548,0,0.0,36047035900,6788,1465,0.2158220388921626,6788,902,0.1328815556865056,6788,465,0.0685032410135533,49583,0.049583,23979.993142811043,0.90801634739604
360470035001,360470035001,Block Group 1; Census Tract 35; Kings County; New York,Brooklyn,1346,702,648,0.9230769230769232,845,408,0.4828402366863905,214,0.1589895988112927,183,0.1359583952451708,591,0.4390787518573551,262,0.1946508172362555,192,0.1426448736998514,281,0.2087667161961367,46,0.0655270655270655,36047003500,2153,220,0.1021830004644681,2153,250,0.1161170459823502,2153,88,0.0408732001857872,102246,0.102246,13164.329166911177,0.8989401774742231
360470360011,360470360011,Block Group 1; Census Tract 360.01; Kings County; New York,Brooklyn,760,569,426,0.7486818980667839,399,155,0.3884711779448621,57,0.075,342,0.45,717,0.9434210526315788,10,0.0131578947368421,0,0.0,33,0.0434210526315789,334,0.5869947275922671,36047036001,2844,1005,0.3533755274261603,2844,871,0.3062587904360056,2844,279,0.0981012658227848,27589,0.027589,27547.21084490195,0.9006721510498579
360470360021,360470360021,Block Group 1; Census Tract 360.02; Kings County; New York,Brooklyn,1615,1001,978,0.977022977022977,573,105,0.1832460732984293,105,0.0650154798761609,798,0.4941176470588235,1331,0.8241486068111455,95,0.0588235294117647,112,0.0693498452012384,0,0.0,826,0.8251748251748252,36047036002,3726,918,0.2463768115942029,3726,1570,0.4213633923778851,3726,224,0.0601180891035963,43703,0.043703,36953.98485229847,0.8861515220140368
360470361001,360470361001,Block Group 1; Census Tract 361; Kings County; New York,Brooklyn,599,280,262,0.9357142857142856,153,133,0.869281045751634,0,0.0,226,0.3772954924874791,18,0.030050083472454,398,0.664440734557596,8,0.013355592654424,175,0.2921535893155259,0,0.0,36047036100,3357,1238,0.3687816502829907,3358,786,0.2340678975580702,3358,424,0.1262656343061346,35942,0.035942,16665.739246563906,0.8664408713285635
360470362001,360470362001,Block Group 1; Census Tract 362; Kings County; New York,Brooklyn,1201,536,518,0.9664179104477612,509,146,0.2868369351669941,335,0.2789342214820982,107,0.0890924229808493,426,0.3547044129891757,25,0.0208159866777685,536,0.4462947543713572,208,0.1731890091590341,266,0.4962686567164179,36047036200,3078,1167,0.3791423001949318,3090,330,0.1067961165048543,3090,373,0.1207119741100323,60195,0.060195,19951.823241132985,0.8808706482199431
360470363001,360470363001,Block Group 1; Census Tract 363; Kings County; New York,Brooklyn,763,337,337,1.0,78,78,1.0,44,0.0576671035386631,290,0.3800786369593709,0,0.0,245,0.3211009174311927,0,0.0,518,0.6788990825688074,22,0.0652818991097922,36047036300,5430,1056,0.1944751381215469,5430,808,0.1488029465930018,5430,241,0.0443830570902394,54792,0.054792,13925.390567966126,0.8599920320166493
360470364001,360470364001,Block Group 1; Census Tract 364; Kings County; New York,Brooklyn,1453,537,453,0.8435754189944135,662,357,0.5392749244712991,307,0.2112869924294563,249,0.1713695801789401,560,0.3854094975911906,5,0.0034411562284927,360,0.2477632484514797,273,0.1878871300757054,305,0.5679702048417132,36047036400,2288,356,0.1555944055944056,2288,185,0.0808566433566433,2288,207,0.0904720279720279,79996,0.079996,18163.40817040852,0.8973974522538022
360470365011,360470365011,Block Group 1; Census Tract 365.01; Kings County; New York,Brooklyn,2080,965,925,0.9585492227979274,944,642,0.6800847457627118,365,0.1754807692307692,584,0.2807692307692307,0,0.0,1751,0.8418269230769231,0,0.0,227,0.1091346153846153,0,0.0,36047036501,3139,548,0.1745778910481045,3139,722,0.2300095571838165,3139,83,0.0264415418923223,84325,0.084325,24666.469018677737,0.8714019171076757
360470365021,360470365021,Block Group 1; Census Tract 365.02; Kings County; New York,Brooklyn,2389,745,670,0.8993288590604027,1100,868,0.7890909090909091,743,0.3110087902888238,239,0.1000418585182084,26,0.0108832147341984,1255,0.5253244035161155,19,0.0079531184596065,1018,0.4261197153620761,24,0.0322147651006711,36047036502,2380,647,0.2718487394957983,2388,232,0.0971524288107202,2388,390,0.1633165829145728,122056,0.122056,19572.98289309825,0.7953804439507168
360470366001,360470366001,Block Group 1; Census Tract 366; Kings County; New York,Brooklyn,1418,410,350,0.8536585365853658,574,256,0.445993031358885,394,0.2778561354019746,146,0.1029619181946403,441,0.3110014104372355,37,0.0260930888575458,609,0.4294781382228491,292,0.2059238363892807,222,0.5414634146341464,36047036600,4134,948,0.2293178519593613,4134,361,0.0873246250604741,4134,820,0.1983551040154813,102289,0.102289,13862.683181964823,0.8681327235489815
360470369001,360470369001,Block Group 1; Census Tract 369; Kings County; New York,Brooklyn,1258,596,481,0.8070469798657718,499,284,0.5691382765531062,319,0.2535771065182829,151,0.1200317965023847,0,0.0,789,0.6271860095389508,0,0.0,408,0.3243243243243243,46,0.0771812080536912,36047036900,5616,1442,0.2567663817663818,5616,984,0.1752136752136752,5616,857,0.1525997150997151,56349,0.056349,22325.152176613603,0.8159524450626121
360470036001,360470036001,Block Group 1; Census Tract 36; Kings County; New York,Brooklyn,908,333,231,0.6936936936936937,475,278,0.5852631578947368,214,0.2356828193832599,100,0.1101321585903083,436,0.4801762114537445,12,0.013215859030837,196,0.2158590308370044,216,0.237885462555066,44,0.1321321321321321,36047003600,3841,765,0.1991668836240562,3841,487,0.1267898984639416,3841,183,0.047643842749284,49633,0.049633,18294.280015312394,0.8224901579959318
360470370001,360470370001,Block Group 1; Census Tract 370; Kings County; New York,Brooklyn,897,319,216,0.677115987460815,387,227,0.58656330749354,123,0.1371237458193979,252,0.2809364548494983,449,0.5005574136008919,0,0.0,206,0.229654403567447,242,0.2697881828316611,151,0.4733542319749216,36047037000,3875,524,0.1352258064516129,3904,417,0.1068135245901639,3904,70,0.0179303278688524,97340,0.09734,9215.122251900557,0.8585316030223998
360470371001,360470371001,Block Group 1; Census Tract 371; Kings County; New York,Brooklyn,500,207,168,0.8115942028985508,405,210,0.5185185185185185,126,0.252,0,0.0,238,0.476,185,0.37,0,0.0,39,0.078,0,0.0,36047037100,4244,812,0.1913289349670122,4309,266,0.0617312601531677,4309,258,0.0598746809004409,37372,0.037372,13379.000321096008,0.6258475916882633
360470373001,360470373001,Block Group 1; Census Tract 373; Kings County; New York,Brooklyn,1642,702,652,0.9287749287749288,687,426,0.6200873362445415,336,0.2046285018270402,363,0.2210718635809987,69,0.0420219244823386,865,0.5267965895249695,141,0.0858708891595615,455,0.2771010962241169,230,0.3276353276353276,36047037300,4946,1016,0.2054185200161747,4952,715,0.1443861066235864,4952,494,0.0997576736672051,57854,0.057854,28381.788640370585,0.7565727482893636
360470374011,360470374011,Block Group 1; Census Tract 374.01; Kings County; New York,Brooklyn,676,213,135,0.6338028169014085,214,46,0.2149532710280373,154,0.2278106508875739,175,0.2588757396449704,167,0.2470414201183432,0,0.0,431,0.6375739644970414,53,0.0784023668639053,36,0.1690140845070422,36047037401,4758,758,0.1593106347204707,4758,921,0.1935687263556116,4758,151,0.0317360235393022,37658,0.037658,17951.032981039887,0.9633755309315202
360470374021,360470374021,Block Group 1; Census Tract 374.02; Kings County; New York,Brooklyn,2141,752,565,0.7513297872340425,723,188,0.2600276625172891,604,0.2821111630079402,474,0.2213918729565623,1434,0.6697804764128912,0,0.0,271,0.1265763661840261,436,0.2036431574030826,242,0.3218085106382978,36047037402,5843,1097,0.1877460208796851,5843,935,0.1600205373951737,5843,151,0.0258428889269211,125079,0.125079,17117.18194101328,0.8477354275958463
360470375001,360470375001,Block Group 1; Census Tract 375; Kings County; New York,Brooklyn,767,330,199,0.603030303030303,380,148,0.3894736842105263,132,0.1720990873533246,46,0.059973924380704,262,0.3415906127770534,349,0.455019556714472,0,0.0,138,0.1799217731421121,30,0.0909090909090909,36047037500,3740,772,0.2064171122994652,3746,437,0.1166577682861719,3746,450,0.1201281366791244,38019,0.038019,20174.1234645835,0.8314449528778354
360470377001,360470377001,Block Group 1; Census Tract 377; Kings County; New York,Brooklyn,1059,283,206,0.7279151943462897,562,179,0.3185053380782918,237,0.2237960339943343,117,0.1104815864022662,91,0.0859301227573182,851,0.8035882908404155,26,0.024551463644948,91,0.0859301227573182,0,0.0,36047037700,4985,989,0.19839518555667,5090,641,0.1259332023575638,5090,283,0.0555992141453831,37957,0.037957,27899.99209631952,0.8292285951931462
360470379001,360470379001,Block Group 1; Census Tract 379; Kings County; New York,Brooklyn,674,303,276,0.9108910891089108,205,106,0.5170731707317073,119,0.1765578635014836,103,0.1528189910979228,55,0.0816023738872403,434,0.6439169139465876,0,0.0,31,0.0459940652818991,0,0.0,36047037900,4012,1414,0.3524426719840479,4012,466,0.1161515453639082,4012,206,0.051345962113659,38180,0.03818,17653.221581980095,0.6188670455608138
360470037001,360470037001,Block Group 1; Census Tract 37; Kings County; New York,Brooklyn,4385,2727,2516,0.9226255958929226,2956,1781,0.6025033829499323,554,0.126339794754846,123,0.0280501710376282,1965,0.4481185860889395,367,0.0836944127708095,1227,0.2798175598631699,518,0.1181299885974914,109,0.0399706637330399,36047003700,4269,562,0.1316467556804872,4381,83,0.0189454462451495,4381,50,0.0114129194247888,166448,0.166448,26344.56406805729,0.9104617754056156
360470381001,360470381001,Block Group 1; Census Tract 381; Kings County; New York,Brooklyn,1749,699,598,0.8555078683834049,807,461,0.5712515489467163,336,0.1921097770154373,191,0.1092052601486563,301,0.1720983419096626,664,0.3796455117209834,8,0.0045740423098913,409,0.2338479130931961,0,0.0,36047038100,5138,975,0.1897625535227715,5138,817,0.1590112884390813,5138,276,0.053717399766446,46207,0.046207,37851.40779535568,0.6229848517629657
360470382001,360470382001,Block Group 1; Census Tract 382; Kings County; New York,Brooklyn,609,231,116,0.5021645021645021,230,214,0.9304347826086956,61,0.1001642036124794,182,0.2988505747126437,117,0.1921182266009852,33,0.0541871921182266,380,0.6239737274220033,0,0.0,58,0.2510822510822511,36047038200,5222,2497,0.4781692837993106,5222,1393,0.2667560321715818,5222,147,0.0281501340482573,58158,0.058158,10471.474259775096,0.8540788463560676
360470383001,360470383001,Block Group 1; Census Tract 383; Kings County; New York,Brooklyn,1775,626,500,0.7987220447284346,795,444,0.5584905660377358,148,0.0833802816901408,397,0.2236619718309859,366,0.2061971830985915,548,0.3087323943661972,110,0.0619718309859154,410,0.2309859154929577,0,0.0,36047038300,5465,1199,0.2193961573650503,5394,422,0.0782350760103819,5394,307,0.0569150908416759,43650,0.04365,40664.375715922106,0.6392111237916724
360470385001,360470385001,Block Group 1; Census Tract 385; Kings County; New York,Brooklyn,983,515,413,0.8019417475728156,410,197,0.4804878048780487,113,0.1149542217700915,220,0.2238046795523906,231,0.2349949135300101,536,0.5452695829094608,32,0.0325534079348931,160,0.1627670396744659,0,0.0,36047038500,3823,495,0.1294794663876536,3823,472,0.1234632487575202,3823,194,0.0507454878367774,43649,0.043649,22520.56175399207,0.8583315358280768
360470386001,360470386001,Block Group 1; Census Tract 386; Kings County; New York,Brooklyn,1684,595,386,0.6487394957983194,671,324,0.4828614008941878,280,0.166270783847981,353,0.2096199524940617,774,0.4596199524940617,53,0.0314726840855106,631,0.3747030878859858,21,0.0124703087885985,80,0.134453781512605,36047038600,3042,388,0.1275476660092044,3042,377,0.1239316239316239,3042,84,0.0276134122287968,139821,0.139821,12043.970505145866,0.8492305203826411
360470387001,360470387001,Block Group 1; Census Tract 387; Kings County; New York,Brooklyn,1961,895,575,0.6424581005586593,1013,516,0.5093780848963475,327,0.166751657317695,137,0.069862315145334,371,0.1891891891891892,751,0.3829678735339112,578,0.2947475777664456,240,0.1223865374808771,0,0.0,36047038700,5311,1378,0.2594614950103558,5311,338,0.063641498776125,5311,126,0.0237243456976087,62546,0.062546,31352.92424775365,0.9004864471953008
360470388001,360470388001,Block Group 1; Census Tract 388; Kings County; New York,Brooklyn,1353,436,345,0.7912844036697247,437,98,0.2242562929061785,539,0.3983739837398374,67,0.0495195861049519,885,0.6541019955654102,54,0.0399113082039911,114,0.0842572062084257,59,0.0436067997043606,92,0.2110091743119266,36047038800,5301,1003,0.1892095830975287,5353,380,0.0709882308985615,5353,257,0.0480104614235008,40097,0.040097,33743.17280594558,0.8370198415006336
360470389001,360470389001,Block Group 1; Census Tract 389; Kings County; New York,Brooklyn,1248,488,215,0.4405737704918033,574,208,0.3623693379790941,174,0.1394230769230769,76,0.0608974358974358,345,0.2764423076923077,116,0.0929487179487179,104,0.0833333333333333,651,0.5216346153846154,173,0.3545081967213114,36047038900,3248,415,0.1277709359605911,3277,350,0.1068050045773573,3277,440,0.1342691486115349,80643,0.080643,15475.614746475205,0.9649695251320444
360470038001,360470038001,Block Group 1; Census Tract 38; Kings County; New York,Brooklyn,1539,596,274,0.4597315436241611,729,182,0.2496570644718793,281,0.1825860948667966,295,0.1916829109811565,949,0.6166341780376868,6,0.0038986354775828,346,0.2248213125406107,226,0.1468486029889538,38,0.0637583892617449,36047003800,1539,149,0.096816114359974,1539,186,0.1208576998050682,1539,70,0.0454840805717998,127478,0.127478,12072.671362901834,0.7497746257394928
360470390001,360470390001,Block Group 1; Census Tract 390; Kings County; New York,Brooklyn,1312,403,228,0.56575682382134,401,94,0.2344139650872818,340,0.2591463414634146,299,0.2278963414634146,1038,0.7911585365853658,0,0.0,191,0.1455792682926829,52,0.0396341463414634,105,0.260545905707196,36047039000,2681,760,0.2834763148079074,2681,175,0.0652741514360313,2681,82,0.0305856023871689,83746,0.083746,15666.419888711103,0.840682651290465
360470391001,360470391001,Block Group 1; Census Tract 391; Kings County; New York,Brooklyn,4176,1882,1849,0.9824654622741764,2447,1462,0.5974662852472415,698,0.1671455938697318,104,0.0249042145593869,1100,0.2634099616858237,486,0.1163793103448275,457,0.1094348659003831,2095,0.501676245210728,58,0.0308182784272051,36047039100,5428,1331,0.2452100221075902,5428,950,0.1750184229918938,5428,310,0.057111274871039,97916,0.097916,42648.80101311328,0.9434139608707296
360470392001,360470392001,Block Group 1; Census Tract 392; Kings County; New York,Brooklyn,1330,366,240,0.6557377049180327,457,196,0.4288840262582057,612,0.4601503759398496,83,0.0624060150375939,1065,0.8007518796992481,0,0.0,24,0.0180451127819548,241,0.181203007518797,114,0.3114754098360656,36047039200,3091,511,0.1653186670980265,3091,213,0.0689097379488838,3091,284,0.0918796505985118,84713,0.084713,15700.069646925502,0.8201486107286342
360470393001,360470393001,Block Group 1; Census Tract 393; Kings County; New York,Brooklyn,1390,546,505,0.924908424908425,706,478,0.6770538243626062,314,0.2258992805755395,132,0.0949640287769784,365,0.2625899280575539,414,0.297841726618705,110,0.079136690647482,472,0.339568345323741,101,0.184981684981685,36047039300,3798,620,0.163243812532912,3798,309,0.0813586097946287,3798,450,0.1184834123222748,63226,0.063226,21984.626577673745,0.9561667328379214
360470394001,360470394001,Block Group 1; Census Tract 394; Kings County; New York,Brooklyn,833,224,147,0.65625,215,64,0.2976744186046511,324,0.3889555822328931,41,0.04921968787515,674,0.8091236494597839,9,0.0108043217286914,32,0.0384153661464585,106,0.127250900360144,79,0.3526785714285714,36047039400,2259,683,0.3023461708720673,2259,209,0.0925188136343514,2259,62,0.0274457724656927,42638,0.042638,19536.563628688025,0.821815442956032
360470395001,360470395001,Block Group 1; Census Tract 395; Kings County; New York,Brooklyn,1080,476,424,0.8907563025210085,605,367,0.6066115702479339,115,0.1064814814814814,102,0.0944444444444444,426,0.3944444444444444,255,0.2361111111111111,8,0.0074074074074074,351,0.325,52,0.1092436974789916,36047039500,4083,1108,0.2713690913543963,4083,514,0.1258878275777614,4083,515,0.1261327455302473,41145,0.041145,26248.632883703973,0.8863305776940245
360470396001,360470396001,Block Group 1; Census Tract 396; Kings County; New York,Brooklyn,640,261,124,0.475095785440613,268,72,0.2686567164179104,120,0.1875,164,0.25625,554,0.865625,14,0.021875,0,0.0,6,0.009375,0,0.0,36047039600,1708,287,0.1680327868852459,1708,333,0.1949648711943793,1708,121,0.0708430913348946,77768,0.077768,8229.606007612385,0.6406180888810628
360470397001,360470397001,Block Group 1; Census Tract 397; Kings County; New York,Brooklyn,803,259,223,0.861003861003861,519,372,0.7167630057803468,186,0.2316313823163138,0,0.0,230,0.286425902864259,117,0.1457036114570361,5,0.0062266500622665,442,0.5504358655043586,0,0.0,36047039700,3332,731,0.2193877551020408,3356,251,0.0747914183551847,3356,605,0.1802741358760429,47263,0.047263,16990.034487865774,0.8024390965332702
360470398001,360470398001,Block Group 1; Census Tract 398; Kings County; New York,Brooklyn,1606,470,251,0.5340425531914894,589,244,0.4142614601018676,484,0.3013698630136986,272,0.1693648816936488,688,0.4283935242839352,0,0.0,581,0.3617683686176837,100,0.062266500622665,109,0.2319148936170212,36047039800,2586,284,0.1098221191028615,2586,207,0.0800464037122969,2586,78,0.0301624129930394,144946,0.144946,11079.988409476631,0.8383629081838944
360470399001,360470399001,Block Group 1; Census Tract 399; Kings County; New York,Brooklyn,1116,500,440,0.88,634,402,0.6340694006309149,176,0.1577060931899641,140,0.1254480286738351,164,0.1469534050179211,310,0.2777777777777778,136,0.1218637992831541,462,0.4139784946236559,22,0.044,36047039900,3729,1056,0.2831858407079646,3745,708,0.1890520694259012,3745,334,0.0891855807743658,48685,0.048685,22922.87152100236,0.7990741213246102
360470039001,360470039001,Block Group 1; Census Tract 39; Kings County; New York,Brooklyn,1489,667,592,0.8875562218890555,923,476,0.5157096424702059,350,0.2350570852921423,137,0.0920080591000671,646,0.4338482202820685,224,0.1504365345869711,215,0.1443922095366017,182,0.122229684351914,38,0.0569715142428785,36047003900,2986,356,0.1192230408573342,2986,194,0.0649698593436034,2986,58,0.0194239785666443,58756,0.058756,25342.092722445366,0.9055489443804724
360470400001,360470400001,Block Group 1; Census Tract 400; Kings County; New York,Brooklyn,1176,366,342,0.9344262295081968,524,245,0.4675572519083969,213,0.1811224489795918,151,0.1284013605442177,360,0.3061224489795918,11,0.0093537414965986,245,0.2083333333333333,560,0.4761904761904761,41,0.1120218579234972,36047040000,2549,511,0.2004707728520988,2570,235,0.0914396887159533,2570,205,0.0797665369649805,88685,0.088685,13260.416079382085,0.8459474612121772
360470401001,360470401001,Block Group 1; Census Tract 401; Kings County; New York,Brooklyn,894,214,176,0.822429906542056,485,151,0.311340206185567,4,0.0044742729306487,6,0.0067114093959731,147,0.1644295302013423,403,0.4507829977628635,1,0.0011185682326621,309,0.3456375838926174,0,0.0,36047040100,3349,924,0.2759032547028964,3349,398,0.1188414452075246,3349,145,0.0432965064198268,48202,0.048202,18546.948259408324,0.6980829276032736
360470403001,360470403001,Block Group 1; Census Tract 403; Kings County; New York,Brooklyn,1148,429,343,0.7995337995337995,679,350,0.5154639175257731,80,0.0696864111498257,123,0.1071428571428571,308,0.2682926829268293,553,0.4817073170731707,105,0.0914634146341463,148,0.1289198606271777,9,0.0209790209790209,36047040300,3970,518,0.1304785894206549,3980,486,0.1221105527638191,3980,207,0.0520100502512562,99089,0.099089,11585.54430865182,0.9325977881089828
360470404001,360470404001,Block Group 1; Census Tract 404; Kings County; New York,Brooklyn,1522,464,245,0.5280172413793104,744,377,0.5067204301075269,374,0.2457293035479632,202,0.1327201051248357,412,0.2706964520367937,27,0.0177398160315374,734,0.4822601839684625,281,0.1846254927726675,76,0.1637931034482758,36047040400,2604,264,0.1013824884792626,2604,172,0.0660522273425499,2604,97,0.0372503840245775,68595,0.068595,22188.206137473575,0.8954665459899833
360470405001,360470405001,Block Group 1; Census Tract 405; Kings County; New York,Brooklyn,979,379,313,0.8258575197889182,587,426,0.7257240204429302,79,0.0806945863125638,157,0.1603677221654749,202,0.2063329928498467,154,0.1573033707865168,62,0.0633299284984678,553,0.5648621041879469,61,0.1609498680738786,36047040500,1653,197,0.1191772534785239,1644,176,0.1070559610705596,1644,154,0.0936739659367396,107899,0.107899,9073.300030584158,0.9586199548701716
360470406001,360470406001,Block Group 1; Census Tract 406; Kings County; New York,Brooklyn,1648,525,398,0.758095238095238,604,333,0.5513245033112583,404,0.2451456310679611,294,0.1783980582524272,610,0.3701456310679611,33,0.0200242718446601,655,0.3974514563106796,197,0.1195388349514563,88,0.1676190476190476,36047040600,3706,452,0.1219643820831084,3726,364,0.097691894793344,3726,109,0.0292538915727321,61969,0.061969,26593.9421323565,0.6787725361271291
360470408001,360470408001,Block Group 1; Census Tract 408; Kings County; New York,Brooklyn,881,275,173,0.6290909090909091,345,204,0.591304347826087,127,0.1441543700340522,117,0.1328036322360953,228,0.2587968217934165,75,0.0851305334846765,416,0.4721906923950056,162,0.1838819523269012,45,0.1636363636363636,36047040800,3676,953,0.2592491838955386,3676,448,0.1218715995647442,3676,342,0.0930359085963003,45198,0.045198,19492.012920925703,0.7701387656016179
360470409001,360470409001,Block Group 1; Census Tract 409; Kings County; New York,Brooklyn,1369,575,522,0.9078260869565218,835,475,0.5688622754491018,167,0.1219868517165814,437,0.3192111029948867,416,0.3038714390065741,151,0.110299488677867,44,0.0321402483564645,444,0.3243243243243243,115,0.2,36047040900,3891,781,0.2007196093549216,3891,563,0.1446928810074531,3891,305,0.0783860190182472,90096,0.090096,15194.90321434914,0.9227001169874064
360470410001,360470410001,Block Group 1; Census Tract 410; Kings County; New York,Brooklyn,854,227,108,0.4757709251101321,264,111,0.4204545454545454,273,0.319672131147541,120,0.1405152224824356,611,0.7154566744730679,8,0.009367681498829,228,0.2669789227166276,7,0.0081967213114754,46,0.2026431718061674,36047041000,1899,294,0.1548183254344391,1899,305,0.1606108478146392,1899,56,0.029489204844655,80258,0.080258,10640.683794761891,0.6378633485134744
360470411001,360470411001,Block Group 1; Census Tract 411; Kings County; New York,Brooklyn,1450,498,368,0.7389558232931727,813,394,0.4846248462484624,293,0.2020689655172413,113,0.0779310344827586,269,0.1855172413793103,56,0.0386206896551724,128,0.0882758620689655,736,0.5075862068965518,53,0.1064257028112449,36047041100,2631,695,0.2641581147852527,2631,313,0.1189661725579627,2631,374,0.1421512732801216,53899,0.053899,26902.16887140763,0.9286388449987382
360470412001,360470412001,Block Group 1; Census Tract 412; Kings County; New York,Brooklyn,1167,387,239,0.6175710594315246,581,94,0.1617900172117039,175,0.1499571550985432,386,0.3307626392459297,606,0.519280205655527,0,0.0,508,0.4353041988003427,53,0.0454155955441302,250,0.6459948320413437,36047041200,2789,405,0.1452133381140193,2789,323,0.1158121190390821,2789,155,0.055575475080674,86362,0.086362,13512.887612607396,0.6438539753093561
360470413001,360470413001,Block Group 1; Census Tract 413; Kings County; New York,Brooklyn,1760,637,457,0.717425431711146,1013,383,0.3780848963474827,289,0.1642045454545454,236,0.1340909090909091,285,0.1619318181818181,697,0.3960227272727272,0,0.0,724,0.4113636363636364,123,0.1930926216640502,36047041300,3851,763,0.1981303557517527,3851,352,0.0914048299143079,3851,237,0.0615424565048039,64863,0.064863,27134.113439094705,0.8240216745544426
360470414011,360470414011,Block Group 1; Census Tract 414.01; Kings County; New York,Brooklyn,807,236,171,0.7245762711864406,168,68,0.4047619047619047,328,0.4064436183395291,82,0.1016109045848822,598,0.7410161090458488,0,0.0,25,0.0309789343246592,179,0.2218091697645601,103,0.4364406779661017,36047041401,1237,371,0.2999191592562651,1237,48,0.0388035569927243,1237,71,0.057396928051738,57497,0.057497,14035.514896429378,0.6438351162101137
360470414021,360470414021,Block Group 1; Census Tract 414.02; Kings County; New York,Brooklyn,957,297,238,0.8013468013468014,277,100,0.3610108303249097,300,0.3134796238244514,166,0.1734587251828631,629,0.6572622779519331,34,0.0355276907001044,59,0.0616509926854754,133,0.1389759665621734,147,0.494949494949495,36047041402,2018,515,0.255203171456888,2062,483,0.2342386032977691,2062,121,0.0586808923375363,69867,0.069867,13697.453733522265,0.7880261756645588
360470415001,360470415001,Block Group 1; Census Tract 415; Kings County; New York,Brooklyn,837,386,321,0.8316062176165803,643,197,0.3063763608087091,20,0.02389486260454,138,0.1648745519713261,28,0.033452807646356,368,0.4396654719235364,32,0.038231780167264,340,0.4062126642771804,57,0.1476683937823834,36047041500,4300,631,0.1467441860465116,4300,381,0.0886046511627907,4300,677,0.1574418604651162,48628,0.048628,17212.30566751666,0.8135905913537875
360470416001,360470416001,Block Group 1; Census Tract 416; Kings County; New York,Brooklyn,599,243,160,0.6584362139917695,249,46,0.1847389558232931,104,0.1736227045075125,175,0.2921535893155259,344,0.5742904841402338,20,0.0333889816360601,33,0.0550918196994991,66,0.1101836393989983,83,0.3415637860082304,36047041600,1784,347,0.1945067264573991,1784,282,0.1580717488789237,1784,58,0.0325112107623318,106476,0.106476,5625.680904617003,0.870842362133135
360470417001,360470417001,Block Group 1; Census Tract 417; Kings County; New York,Brooklyn,609,286,286,1.0,257,217,0.8443579766536965,49,0.0804597701149425,218,0.3579638752052545,11,0.0180623973727422,208,0.3415435139573071,8,0.0131362889983579,375,0.6157635467980296,49,0.1713286713286713,36047041700,3402,1169,0.3436213991769547,3402,940,0.2763080540858318,3402,195,0.0573192239858906,32423,0.032423,18782.962711655306,0.8520643332738829
360470418001,360470418001,Block Group 1; Census Tract 418; Kings County; New York,Brooklyn,757,297,250,0.8417508417508418,247,66,0.2672064777327935,178,0.2351387054161162,196,0.2589167767503302,432,0.570673712021136,1,0.0013210039630118,199,0.2628797886393659,89,0.1175693527080581,135,0.4545454545454545,36047041800,2280,450,0.1973684210526315,2350,392,0.1668085106382978,2350,115,0.0489361702127659,83223,0.083223,9096.043161145357,0.9365978602987453
360470419001,360470419001,Block Group 1; Census Tract 419; Kings County; New York,Brooklyn,2221,701,635,0.905848787446505,539,293,0.5435992578849722,623,0.2805042773525439,372,0.1674921206663665,179,0.0805943268797838,346,0.1557856821251688,83,0.0373705538045925,1185,0.5335434488968933,80,0.1141226818830242,36047041900,3479,1129,0.3245185398102903,3479,627,0.1802242023569991,3479,140,0.0402414486921529,76278,0.076278,29117.176643330975,0.8582975963094989
360470041001,360470041001,Block Group 1; Census Tract 41; Kings County; New York,Brooklyn,1453,600,544,0.9066666666666666,848,442,0.5212264150943396,257,0.1768754301445285,72,0.0495526496902959,1030,0.7088781830695113,175,0.120440467997247,86,0.0591878871300757,101,0.069511355815554,0,0.0,36047004100,3114,306,0.0982658959537572,3131,285,0.0910252315554136,3131,47,0.0150111785372085,64013,0.064013,22698.51436426976,0.931108618273958
360470420001,360470420001,Block Group 1; Census Tract 420; Kings County; New York,Brooklyn,483,186,90,0.4838709677419355,268,143,0.5335820895522388,41,0.0848861283643892,119,0.2463768115942029,388,0.8033126293995859,10,0.020703933747412,0,0.0,60,0.124223602484472,26,0.1397849462365591,36047042000,1651,216,0.1308298001211387,1662,206,0.1239470517448856,1662,93,0.055956678700361,47064,0.047064,10262.621111677716,0.6054821038274852
360470421001,360470421001,Block Group 1; Census Tract 421; Kings County; New York,Brooklyn,1354,437,409,0.9359267734553776,1046,590,0.5640535372848948,111,0.0819793205317577,29,0.0214180206794682,555,0.4098966026587888,164,0.121122599704579,93,0.0686853766617429,419,0.3094534711964549,0,0.0,36047042100,4712,1259,0.2671901528013582,4712,626,0.1328522920203735,4712,367,0.0778862478777589,38313,0.038313,35340.48495288805,0.6964755679074411
360470422001,360470422001,Block Group 1; Census Tract 422; Kings County; New York,Brooklyn,883,302,257,0.8509933774834437,263,122,0.4638783269961977,298,0.3374858437146092,143,0.1619479048697621,449,0.5084937712344281,49,0.0554926387315968,51,0.0577576443941109,216,0.2446206115515288,92,0.304635761589404,36047042200,3037,891,0.2933816266052025,3163,278,0.0878912424913057,3163,386,0.1220360417325324,47345,0.047345,18650.332664484107,0.806831688689585
360470423001,360470423001,Block Group 1; Census Tract 423; Kings County; New York,Brooklyn,1674,434,421,0.9700460829493088,950,519,0.5463157894736842,55,0.0328554360812425,245,0.1463560334528076,313,0.1869772998805257,137,0.0818399044205495,81,0.0483870967741935,1143,0.6827956989247311,15,0.0345622119815668,36047042300,4283,395,0.0922250758813915,4283,281,0.0656082185384076,4283,1346,0.3142657016110203,78769,0.078769,21252.015386763826,0.8679725606941603
360470424001,360470424001,Block Group 1; Census Tract 424; Kings County; New York,Brooklyn,1163,416,307,0.7379807692307693,457,257,0.562363238512035,339,0.291487532244196,204,0.175408426483233,677,0.5821152192605331,0,0.0,354,0.3043852106620808,132,0.113499570077386,126,0.3028846153846153,36047042400,3720,786,0.2112903225806451,3720,358,0.0962365591397849,3720,250,0.0672043010752688,60129,0.060129,19341.748573899447,0.6525807268841294
360470425001,360470425001,Block Group 1; Census Tract 425; Kings County; New York,Brooklyn,1708,532,532,1.0,923,677,0.733477789815818,413,0.2418032786885245,62,0.0362997658079625,354,0.2072599531615925,69,0.0403981264637002,17,0.0099531615925058,1267,0.7418032786885246,47,0.0883458646616541,36047042500,2698,391,0.1449221645663454,2699,301,0.1115227862171174,2699,67,0.0248240088921822,32442,0.032442,52647.80223167499,0.9059998176044404
360470426001,360470426001,Block Group 1; Census Tract 426; Kings County; New York,Brooklyn,2349,626,424,0.6773162939297125,677,294,0.4342688330871492,971,0.4133673903788846,396,0.1685823754789272,651,0.2771392081736909,30,0.0127713920817369,730,0.3107705406555981,920,0.3916560238399318,179,0.2859424920127795,36047042600,4478,1004,0.2242072353729343,4528,574,0.1267667844522968,4528,415,0.0916519434628975,60186,0.060186,39029.01006878676,0.7763107013660242
360470427001,360470427001,Block Group 1; Census Tract 427; Kings County; New York,Brooklyn,1202,608,608,1.0,720,518,0.7194444444444444,51,0.0424292845257903,200,0.1663893510815307,518,0.4309484193011647,0,0.0,56,0.0465890183028286,548,0.4559068219633943,0,0.0,36047042700,4098,481,0.1173743289409468,4098,272,0.066373840897999,4098,557,0.1359199609565641,33661,0.033661,35708.98071952705,0.9477565781283526
360470428001,360470428001,Block Group 1; Census Tract 428; Kings County; New York,Brooklyn,1025,358,322,0.8994413407821229,498,260,0.5220883534136547,148,0.144390243902439,258,0.2517073170731707,545,0.5317073170731708,17,0.0165853658536585,446,0.4351219512195122,0,0.0,143,0.3994413407821229,36047042800,3636,185,0.0508800880088008,3636,433,0.119086908690869,3636,174,0.0478547854785478,40904,0.040904,25058.673968316056,0.5377817977524845
360470429001,360470429001,Block Group 1; Census Tract 429; Kings County; New York,Brooklyn,1240,360,360,1.0,466,266,0.5708154506437768,416,0.3354838709677419,91,0.0733870967741935,244,0.1967741935483871,5,0.0040322580645161,39,0.0314516129032258,891,0.7185483870967742,80,0.2222222222222222,36047042900,4630,1255,0.2710583153347732,4630,480,0.1036717062634989,4630,762,0.1645788336933045,67295,0.067295,18426.331822572258,0.9548808808653028
360470430001,360470430001,Block Group 1; Census Tract 430; Kings County; New York,Brooklyn,1280,442,388,0.8778280542986425,583,362,0.6209262435677531,314,0.2453125,228,0.178125,564,0.440625,32,0.025,518,0.4046875,166,0.1296875,226,0.5113122171945701,36047043000,3666,511,0.1393889798145117,3666,378,0.1031096563011456,3666,521,0.1421167484997272,40631,0.040631,31503.039551081685,0.7627945061099362
360470431001,360470431001,Block Group 1; Census Tract 431; Kings County; New York,Brooklyn,1086,467,446,0.9550321199143468,779,398,0.5109114249037228,78,0.0718232044198895,74,0.0681399631675874,312,0.287292817679558,82,0.0755064456721915,194,0.1786372007366482,479,0.4410681399631675,0,0.0,36047043100,3864,392,0.1014492753623188,3864,387,0.1001552795031055,3864,594,0.1537267080745341,51256,0.051256,21187.763383798967,0.9081791480873052
360470432001,360470432001,Block Group 1; Census Tract 432; Kings County; New York,Brooklyn,1087,393,301,0.7659033078880407,598,159,0.265886287625418,314,0.2888684452621895,121,0.1113155473781048,403,0.3707451701931922,5,0.0045998160073597,570,0.5243790248390064,94,0.0864765409383624,92,0.2340966921119593,36047043200,3874,579,0.1494579246257098,3874,354,0.0913784202374806,3874,296,0.0764068146618482,47879,0.047879,22703.063973767206,0.5040269442569413
360470433001,360470433001,Block Group 1; Census Tract 433; Kings County; New York,Brooklyn,1068,480,480,1.0,189,129,0.6825396825396826,202,0.1891385767790262,373,0.349250936329588,90,0.0842696629213483,81,0.0758426966292134,154,0.1441947565543071,722,0.6760299625468165,170,0.3541666666666667,36047043300,4029,1205,0.2990816579796475,4029,470,0.1166542566393646,4029,277,0.0687515512534127,81126,0.081126,13164.706752459137,0.6954476560896181
360470434001,360470434001,Block Group 1; Census Tract 434; Kings County; New York,Brooklyn,1577,435,382,0.8781609195402299,616,372,0.6038961038961039,664,0.4210526315789473,157,0.0995561192136968,229,0.1452124286620164,0,0.0,534,0.3386176284083703,787,0.4990488268864933,263,0.6045977011494252,36047043400,4095,1271,0.3103785103785104,4095,347,0.0847374847374847,4095,235,0.0573870573870573,49778,0.049778,31680.66213990116,0.6271993338386713
360470435001,360470435001,Block Group 1; Census Tract 435; Kings County; New York,Brooklyn,1680,547,547,1.0,542,408,0.7527675276752768,523,0.3113095238095238,199,0.1184523809523809,62,0.0369047619047619,328,0.1952380952380952,162,0.0964285714285714,1040,0.6190476190476191,36,0.0658135283363802,36047043500,4897,1442,0.2944659995915867,4897,504,0.1029201551970594,4897,521,0.1063916683683888,69707,0.069707,24100.879395182692,0.9202901878893816
360470436001,360470436001,Block Group 1; Census Tract 436; Kings County; New York,Brooklyn,1506,616,424,0.6883116883116883,719,260,0.3616133518776078,366,0.2430278884462151,249,0.1653386454183266,492,0.3266932270916334,0,0.0,384,0.2549800796812749,602,0.399734395750332,219,0.3555194805194805,36047043600,4341,892,0.2054826076940797,4341,509,0.1172540889196037,4341,722,0.1663211241649389,58317,0.058317,25824.37368177375,0.6341948631663082
360470437001,360470437001,Block Group 1; Census Tract 437; Kings County; New York,Brooklyn,2056,825,724,0.8775757575757576,1052,521,0.4952471482889733,386,0.1877431906614786,136,0.0661478599221789,385,0.1872568093385214,88,0.0428015564202334,9,0.0043774319066147,1410,0.6857976653696498,12,0.0145454545454545,36047043700,5034,974,0.1934843067143424,5034,348,0.069129916567342,5034,348,0.069129916567342,34761,0.034761,59146.744915278614,0.9232236675200534
360470438001,360470438001,Block Group 1; Census Tract 438; Kings County; New York,Brooklyn,1362,464,393,0.8469827586206896,577,136,0.2357019064124783,461,0.3384728340675477,238,0.1747430249632892,785,0.5763582966226138,54,0.039647577092511,260,0.1908957415565345,26,0.0190895741556534,154,0.3318965517241379,36047043800,2530,439,0.1735177865612648,2530,333,0.1316205533596837,2530,66,0.0260869565217391,56392,0.056392,24152.362037168394,0.8226537425514472
360470439001,360470439001,Block Group 1; Census Tract 439; Kings County; New York,Brooklyn,1009,271,159,0.5867158671586716,333,170,0.5105105105105106,232,0.2299306243805748,265,0.2626362735381566,48,0.0475718533201189,286,0.2834489593657086,82,0.0812685827552031,593,0.5877106045589693,0,0.0,36047043900,4172,680,0.1629913710450623,4172,603,0.1445349952061361,4172,368,0.0882070949185043,85525,0.085525,11797.719964922537,0.6949374941538663
360470440001,360470440001,Block Group 1; Census Tract 440; Kings County; New York,Brooklyn,824,236,196,0.8305084745762712,316,156,0.4936708860759494,338,0.4101941747572815,87,0.1055825242718446,678,0.8228155339805825,0,0.0,116,0.1407766990291262,24,0.029126213592233,25,0.1059322033898305,36047044000,2586,426,0.1647331786542923,2586,183,0.0707656612529002,2586,117,0.0452436194895591,70052,0.070052,11762.690572717407,0.8066648361218351
360470441001,360470441001,Block Group 1; Census Tract 441; Kings County; New York,Brooklyn,1542,690,612,0.8869565217391304,922,677,0.7342733188720173,243,0.1575875486381323,0,0.0,459,0.2976653696498054,211,0.1368352788586251,144,0.0933852140077821,714,0.4630350194552529,141,0.2043478260869565,36047044100,4632,1201,0.2592832469775475,4632,275,0.0593696027633851,4632,1199,0.2588514680483592,58797,0.058797,26225.827848359608,0.9733160583966812
360470442001,360470442001,Block Group 1; Census Tract 442; Kings County; New York,Brooklyn,1078,333,200,0.6006006006006006,359,141,0.3927576601671309,417,0.3868274582560297,213,0.1975881261595547,935,0.8673469387755102,20,0.0185528756957328,0,0.0,121,0.1122448979591836,60,0.1801801801801801,36047044200,2268,447,0.1970899470899471,2268,369,0.1626984126984127,2268,54,0.0238095238095238,95507,0.095507,11287.130786225094,0.7993865658722195
360470443001,360470443001,Block Group 1; Census Tract 443; Kings County; New York,Brooklyn,1195,469,443,0.9445628997867804,775,425,0.5483870967741935,179,0.1497907949790795,65,0.0543933054393305,445,0.3723849372384937,37,0.0309623430962343,54,0.0451882845188284,579,0.4845188284518828,183,0.3901918976545842,36047044300,4740,492,0.1037974683544303,4740,493,0.1040084388185654,4740,492,0.1037974683544303,37104,0.037104,32206.770159551532,0.9027010591353892
360470444001,360470444001,Block Group 1; Census Tract 444; Kings County; New York,Brooklyn,825,253,177,0.6996047430830039,386,161,0.4170984455958549,242,0.2933333333333333,53,0.0642424242424242,780,0.9454545454545454,1,0.0012121212121212,44,0.0533333333333333,0,0.0,24,0.0948616600790513,36047044400,2677,856,0.3197609264101606,2677,265,0.0989914082928651,2677,155,0.057900635039223,77237,0.077237,10681.409169180572,0.798453348759444
360470445001,360470445001,Block Group 1; Census Tract 445; Kings County; New York,Brooklyn,1288,557,492,0.8833034111310593,554,374,0.6750902527075813,199,0.1545031055900621,235,0.1824534161490683,308,0.2391304347826087,22,0.0170807453416149,315,0.2445652173913043,600,0.4658385093167702,146,0.2621184919210054,36047044500,3944,574,0.1455375253549695,3944,537,0.136156186612576,3944,511,0.1295638945233265,48888,0.048888,26345.933562428407,0.9449541565264706
360470446001,360470446001,Block Group 1; Census Tract 446; Kings County; New York,Brooklyn,977,286,170,0.5944055944055944,360,248,0.6888888888888889,267,0.2732855680655066,112,0.1146366427840327,411,0.420675537359263,0,0.0,374,0.3828045035823951,159,0.1627430910951893,72,0.2517482517482518,36047044600,2123,116,0.0546396608572774,2123,89,0.041921808761187,2123,113,0.053226566179934,38364,0.038364,25466.58325513502,0.8297138557903005
360470447001,360470447001,Block Group 1; Census Tract 447; Kings County; New York,Brooklyn,1686,629,622,0.9888712241653418,654,449,0.6865443425076453,83,0.0492289442467378,129,0.0765124555160142,749,0.4442467378410439,159,0.094306049822064,25,0.0148279952550415,618,0.3665480427046263,14,0.0222575516693163,36047044700,2329,804,0.3452125375697724,2337,269,0.1151048352588789,2337,315,0.134788189987163,87598,0.087598,19247.01477202676,0.9770986458071468
360470448001,360470448001,Block Group 1; Census Tract 448; Kings County; New York,Brooklyn,532,177,108,0.6101694915254238,251,110,0.4382470119521912,126,0.2368421052631578,80,0.150375939849624,332,0.6240601503759399,28,0.0526315789473684,90,0.169172932330827,78,0.1466165413533834,35,0.1977401129943503,36047044800,1914,107,0.0559038662486938,1914,247,0.1290491118077325,1914,106,0.0553814002089864,152031,0.152031,3499.286329761693,0.8162413986251701
360470449011,360470449011,Block Group 1; Census Tract 449.01; Kings County; New York,Brooklyn,1908,618,618,1.0,632,335,0.5300632911392406,364,0.190775681341719,338,0.1771488469601677,23,0.0120545073375262,1294,0.6781970649895178,44,0.0230607966457023,491,0.2573375262054507,41,0.0663430420711974,36047044901,2715,714,0.2629834254143646,2715,359,0.1322283609576427,2715,396,0.1458563535911602,125786,0.125786,15168.619719205632,0.8611162462099647
360470044001,360470044001,Block Group 1; Census Tract 44; Kings County; New York,Brooklyn,1220,418,75,0.1794258373205741,499,187,0.374749498997996,223,0.1827868852459016,358,0.2934426229508197,966,0.7918032786885246,17,0.0139344262295081,51,0.0418032786885245,79,0.0647540983606557,0,0.0,36047004400,2255,130,0.0576496674057649,2255,236,0.1046563192904656,2255,31,0.0137472283813747,298993,0.298993,4080.363085423404,0.7363441192666772
360470450001,360470450001,Block Group 1; Census Tract 450; Kings County; New York,Brooklyn,1147,296,130,0.4391891891891892,301,44,0.1461794019933555,476,0.4149956408020924,158,0.1377506538796861,812,0.7079337401918047,5,0.004359197907585,42,0.036617262423714,100,0.0871839581517,5,0.0168918918918918,36047045000,1147,573,0.4995640802092415,1147,132,0.1150828247602441,1147,0,0.0,220368,0.220368,5204.929935380817,0.6209242753388883
360470452001,360470452001,Block Group 1; Census Tract 452; Kings County; New York,Brooklyn,998,319,178,0.5579937304075235,421,115,0.2731591448931116,329,0.3296593186372745,297,0.2975951903807615,874,0.875751503006012,0,0.0,0,0.0,0,0.0,33,0.1034482758620689,36047045200,2533,222,0.0876431109356494,2543,267,0.1049941014549744,2543,33,0.0129767990562327,91855,0.091855,10864.950193239343,0.7991348974875885
360470453001,360470453001,Block Group 1; Census Tract 453; Kings County; New York,Brooklyn,1170,363,363,1.0,575,241,0.4191304347826087,20,0.017094017094017,146,0.1247863247863247,482,0.4119658119658119,274,0.2341880341880342,35,0.0299145299145299,294,0.2512820512820513,57,0.1570247933884297,36047045300,1823,704,0.3861766319253977,1823,376,0.206253428414701,1823,303,0.1662095447065277,205080,0.20508,5705.090696313633,0.9253328359269174
360470454001,360470454001,Block Group 1; Census Tract 454; Kings County; New York,Brooklyn,1213,297,212,0.7138047138047138,502,178,0.3545816733067729,446,0.3676834295136026,103,0.0849134377576257,545,0.4492992580379225,343,0.2827699917559769,42,0.0346248969497114,249,0.2052761747732893,1,0.0033670033670033,36047045400,2075,242,0.1166265060240963,2075,224,0.1079518072289156,2075,181,0.0872289156626506,68621,0.068621,17676.80447676367,0.8203777190784491
360470456001,360470456001,Block Group 1; Census Tract 456; Kings County; New York,Brooklyn,1096,397,335,0.8438287153652393,503,319,0.6341948310139165,200,0.1824817518248175,309,0.281934306569343,454,0.4142335766423358,11,0.0100364963503649,290,0.2645985401459854,339,0.3093065693430657,186,0.4685138539042821,36047045600,2362,520,0.2201524132091448,2362,559,0.2366638441998306,2362,220,0.0931414055884843,68635,0.068635,15968.529176076345,0.8282401451562859
360470458001,360470458001,Block Group 1; Census Tract 458; Kings County; New York,Brooklyn,1091,394,160,0.4060913705583756,366,91,0.2486338797814207,336,0.307974335472044,288,0.2639780018331805,1031,0.9450045829514208,18,0.0164986251145737,7,0.0064161319890009,0,0.0,140,0.3553299492385787,36047045800,1373,102,0.0742898761835396,1373,127,0.0924981791697013,1373,0,0.0,56108,0.056108,19444.64247522635,0.3938524350114254
360470045001,360470045001,Block Group 1; Census Tract 45; Kings County; New York,Brooklyn,1643,648,515,0.7947530864197531,974,373,0.3829568788501026,387,0.2355447352404139,94,0.057212416311625,1122,0.6828971393791844,97,0.0590383444917833,84,0.0511259890444309,120,0.0730371272063298,0,0.0,36047004500,3897,155,0.039774185270721,3898,179,0.0459209851205746,3898,62,0.0159055926115956,54501,0.054501,30146.235848883505,0.9643804613128988
360470460001,360470460001,Block Group 1; Census Tract 460; Kings County; New York,Brooklyn,879,503,370,0.73558648111332,497,179,0.3601609657947686,74,0.0841865756541524,290,0.3299203640500568,426,0.4846416382252559,90,0.1023890784982935,163,0.1854379977246871,159,0.1808873720136518,101,0.2007952286282306,36047046000,2997,601,0.2005338672005338,2997,371,0.1237904571237904,2997,165,0.055055055055055,51744,0.051744,16987.47680890538,0.6211395884184047
360470462011,360470462011,Block Group 1; Census Tract 462.01; Kings County; New York,Brooklyn,1260,472,353,0.7478813559322034,525,200,0.3809523809523809,398,0.3158730158730158,166,0.1317460317460317,385,0.3055555555555556,1,0.0007936507936507,381,0.3023809523809523,446,0.353968253968254,71,0.1504237288135593,36047046201,2252,407,0.180728241563055,2311,401,0.1735179575941151,2311,201,0.0869753353526611,54932,0.054932,22937.449938105292,0.7353767285179001
360470462021,360470462021,Block Group 1; Census Tract 462.02; Kings County; New York,Brooklyn,821,267,162,0.6067415730337079,265,105,0.3962264150943396,290,0.3532277710109622,153,0.1863580998781973,504,0.6138855054811205,0,0.0,251,0.3057247259439707,61,0.074299634591961,89,0.3333333333333333,36047046202,1896,239,0.1260548523206751,1914,143,0.0747126436781609,1914,89,0.0464994775339602,73916,0.073916,11107.202770712702,0.6175641339256506
360470464001,360470464001,Block Group 1; Census Tract 464; Kings County; New York,Brooklyn,2178,403,247,0.6129032258064516,407,20,0.0491400491400491,1202,0.55188246097337,172,0.078971533516988,2007,0.9214876033057852,6,0.0027548209366391,58,0.0266299357208448,66,0.0303030303030303,129,0.3200992555831266,36047046400,3327,1073,0.3225127742711151,3327,242,0.0727382025849113,3327,5,0.001502855425308,107499,0.107499,20260.653587475234,0.6804870712191758
360470468001,360470468001,Block Group 1; Census Tract 468; Kings County; New York,Brooklyn,1826,500,378,0.756,699,167,0.2389127324749642,784,0.4293537787513691,287,0.1571741511500547,1718,0.940854326396495,6,0.0032858707557502,99,0.0542168674698795,3,0.0016429353778751,157,0.314,36047046800,1826,205,0.1122672508214676,1826,59,0.0323110624315443,1826,23,0.0125958378970427,295918,0.295918,6170.628349745537,0.7948445948764917
360470046001,360470046001,Block Group 1; Census Tract 46; Kings County; New York,Brooklyn,1143,512,251,0.490234375,496,193,0.3891129032258064,216,0.1889763779527559,281,0.2458442694663167,831,0.7270341207349081,0,0.0,157,0.1373578302712161,96,0.0839895013123359,69,0.134765625,36047004600,1143,113,0.0988626421697287,1143,77,0.0673665791776028,1143,16,0.0139982502187226,289094,0.289094,3953.7313123067233,0.7613827177791441
360470470001,360470470001,Block Group 1; Census Tract 470; Kings County; New York,Brooklyn,1088,315,140,0.4444444444444444,350,33,0.0942857142857142,467,0.4292279411764705,190,0.1746323529411764,812,0.7463235294117647,0,0.0,0,0.0,0,0.0,97,0.3079365079365079,36047047000,2629,562,0.2137694941042221,2629,129,0.0490680867249904,2629,30,0.0114111829593001,97720,0.09772,11133.851821530903,0.785713832110045
360470472001,360470472001,Block Group 1; Census Tract 472; Kings County; New York,Brooklyn,641,167,135,0.8083832335329342,169,14,0.0828402366863905,255,0.3978159126365054,196,0.3057722308892355,494,0.7706708268330733,24,0.0374414976599064,0,0.0,22,0.0343213728549142,59,0.3532934131736527,36047047200,2772,768,0.277056277056277,2772,243,0.0876623376623376,2772,13,0.0046897546897546,37893,0.037893,16916.05309687805,0.8814958329798313
360470474001,360470474001,Block Group 1; Census Tract 474; Kings County; New York,Brooklyn,1694,396,270,0.6818181818181818,444,133,0.2995495495495495,828,0.4887839433293979,279,0.1646989374262101,1223,0.7219598583234947,91,0.0537190082644628,20,0.011806375442739,95,0.0560802833530106,127,0.3207070707070707,36047047400,3211,799,0.2488321395203986,3211,195,0.0607287449392712,3211,55,0.0171286203674867,96931,0.096931,17476.3491555849,0.8794075849813751
360470476001,360470476001,Block Group 1; Census Tract 476; Kings County; New York,Brooklyn,2136,353,199,0.5637393767705382,562,30,0.0533807829181494,1352,0.6329588014981273,46,0.0215355805243445,1847,0.8647003745318352,97,0.0454119850187265,0,0.0,24,0.0112359550561797,77,0.2181303116147308,36047047600,3865,886,0.2292367399741267,3865,149,0.0385510996119016,3865,82,0.0212160413971539,65963,0.065963,32381.78979124661,0.8894423427846734
360470477001,360470477001,Block Group 1; Census Tract 477; Kings County; New York,Brooklyn,1843,950,775,0.8157894736842105,1447,735,0.5079474775397373,74,0.0401519262072707,151,0.0819316332067281,1408,0.7639717851329354,9,0.0048833423765599,215,0.1166576234400434,95,0.0515463917525773,0,0.0,36047047700,3885,355,0.0913770913770913,3918,74,0.0188871873404798,3918,235,0.0599795814190913,114151,0.114151,16145.28125027376,0.8632297404745266
360470478001,360470478001,Block Group 1; Census Tract 478; Kings County; New York,Brooklyn,1042,294,183,0.6224489795918368,515,248,0.4815533980582524,310,0.2975047984644913,142,0.1362763915547025,306,0.2936660268714011,109,0.1046065259117082,304,0.291746641074856,231,0.2216890595009596,45,0.1530612244897959,36047047800,5188,1378,0.2656129529683886,5251,248,0.0472290992191963,5251,341,0.0649400114263949,77378,0.077378,13466.359947271834,0.7508690383266174
360470047001,360470047001,Block Group 1; Census Tract 47; Kings County; New York,Brooklyn,1999,849,638,0.751472320376914,1024,330,0.322265625,519,0.2596298149074537,173,0.0865432716358179,994,0.497248624312156,253,0.1265632816408204,120,0.0600300150075037,354,0.177088544272136,26,0.0306242638398115,36047004700,1994,270,0.1354062186559679,1994,137,0.0687061183550652,1994,23,0.0115346038114343,283961,0.283961,7039.699113610672,0.9383353976261916
360470480001,360470480001,Block Group 1; Census Tract 480; Kings County; New York,Brooklyn,1581,453,343,0.7571743929359823,525,111,0.2114285714285714,590,0.3731815306767868,277,0.1752055660974067,644,0.407337128399747,21,0.0132827324478178,308,0.1948134092346616,341,0.2156862745098039,144,0.3178807947019867,36047048000,3863,1635,0.4232461817240486,3863,398,0.1030287341444473,3863,125,0.0323582707740098,75431,0.075431,20959.552438652543,0.756511621767447
360470481001,360470481001,Block Group 1; Census Tract 481; Kings County; New York,Brooklyn,616,327,197,0.6024464831804281,355,192,0.5408450704225352,62,0.1006493506493506,232,0.3766233766233766,296,0.4805194805194805,14,0.0227272727272727,49,0.0795454545454545,143,0.2321428571428571,0,0.0,36047048100,3010,444,0.1475083056478405,3010,418,0.1388704318936877,3010,84,0.027906976744186,46413,0.046413,13272.143580462369,0.8550015196181997
360470482001,360470482001,Block Group 1; Census Tract 482; Kings County; New York,Brooklyn,711,223,223,1.0,308,55,0.1785714285714285,154,0.2165963431786216,100,0.140646976090014,60,0.0843881856540084,0,0.0,594,0.8354430379746836,27,0.0379746835443038,34,0.1524663677130044,36047048200,5580,1095,0.1962365591397849,5553,638,0.1148928507113272,5553,235,0.0423194669547992,36431,0.036431,19516.345969092257,0.815872119667591
360470484001,360470484001,Block Group 1; Census Tract 484; Kings County; New York,Brooklyn,2287,880,777,0.8829545454545454,1402,424,0.3024251069900143,413,0.1805859204197638,242,0.1058154787931788,1153,0.5041539134236992,633,0.2767818102317446,254,0.1110625273283777,194,0.084827284652383,137,0.1556818181818181,36047048400,4844,364,0.0751445086705202,4904,327,0.0666802610114192,4904,251,0.0511827079934747,94789,0.094789,24127.272151831963,0.8033877373723695
360470485001,360470485001,Block Group 1; Census Tract 485; Kings County; New York,Brooklyn,971,444,377,0.8490990990990991,651,355,0.5453149001536098,130,0.1338825952626158,52,0.0535530381050463,504,0.5190525231719877,150,0.1544799176107106,128,0.1318228630278063,130,0.1338825952626158,0,0.0,36047048500,2351,593,0.2522330923011484,2369,309,0.1304347826086956,2369,169,0.0713381173490924,407591,0.407591,2382.290089820433,0.8912511066062216
360470486001,360470486001,Block Group 1; Census Tract 486; Kings County; New York,Brooklyn,618,212,144,0.6792452830188679,274,130,0.4744525547445255,95,0.1537216828478964,80,0.1294498381877022,205,0.331715210355987,0,0.0,307,0.4967637540453074,86,0.1391585760517799,64,0.3018867924528302,36047048600,3173,460,0.1449732114717932,3189,224,0.0702414550015678,3189,309,0.0968955785512699,57480,0.05748,10751.565762004177,0.8201542856978179
360470488001,360470488001,Block Group 1; Census Tract 488; Kings County; New York,Brooklyn,1085,507,312,0.6153846153846154,489,197,0.4028629856850715,231,0.2129032258064516,229,0.2110599078341014,675,0.6221198156682027,48,0.0442396313364055,112,0.1032258064516129,112,0.1032258064516129,17,0.0335305719921104,36047048800,4806,1130,0.2351227632126508,4932,422,0.0855636658556366,4932,96,0.0194647201946472,54724,0.054724,19826.76704919231,0.7502823171282603
360470489001,360470489001,Block Group 1; Census Tract 489; Kings County; New York,Brooklyn,759,493,493,1.0,223,223,1.0,62,0.0816864295125164,190,0.2503293807641634,0,0.0,372,0.4901185770750988,0,0.0,387,0.5098814229249012,83,0.1683569979716024,36047048900,3484,1478,0.4242250287026406,3597,1123,0.3122046149569085,3597,168,0.0467055879899916,32960,0.03296,23027.91262135922,0.8859662565016222
360470490001,360470490001,Block Group 1; Census Tract 490; Kings County; New York,Brooklyn,2654,1248,995,0.7972756410256411,1379,486,0.3524292965917331,692,0.2607385079125848,296,0.1115297663903541,808,0.3044461190655614,104,0.0391861341371514,709,0.2671439336850038,912,0.3436322532027129,187,0.1498397435897435,36047049000,5364,522,0.0973154362416107,5364,711,0.1325503355704698,5364,37,0.0068978374347501,86292,0.086292,30756.03763964215,0.6010521611225168
360470491001,360470491001,Block Group 1; Census Tract 491; Kings County; New York,Brooklyn,2554,987,946,0.9584599797365756,771,368,0.4773022049286641,427,0.1671887235708692,837,0.3277212216131558,953,0.3731401722787784,451,0.1765857478465152,880,0.3445575567736883,246,0.0963194988253719,238,0.2411347517730496,36047049100,6213,2108,0.339288588443586,6213,1050,0.1690004828585224,6213,201,0.0323515210043457,45121,0.045121,56603.35542208728,0.8912276956569591
360470492001,360470492001,Block Group 1; Census Tract 492; Kings County; New York,Brooklyn,960,385,254,0.6597402597402597,452,215,0.4756637168141593,264,0.275,91,0.0947916666666666,398,0.4145833333333333,98,0.1020833333333333,149,0.1552083333333333,287,0.2989583333333333,24,0.0623376623376623,36047049200,3098,528,0.170432537120723,3098,714,0.2304712717882505,3098,100,0.0322788896061975,55750,0.05575,17219.730941704034,0.820319356997119
360470493011,360470493011,Block Group 1; Census Tract 493.01; Kings County; New York,Brooklyn,1941,947,947,1.0,506,320,0.6324110671936759,514,0.2648119526017516,377,0.1942297784647089,0,0.0,653,0.336424523441525,7,0.0036063884595569,1240,0.6388459556929418,211,0.2228088701161562,36047049301,1941,902,0.4647089129314786,1941,781,0.4023699124162803,1941,36,0.0185471406491499,67820,0.06782,28619.876142730755,0.8451443163724792
360470493021,360470493021,Block Group 1; Census Tract 493.02; Kings County; New York,Brooklyn,1500,838,838,1.0,1095,638,0.582648401826484,58,0.0386666666666666,215,0.1433333333333333,673,0.4486666666666666,0,0.0,103,0.0686666666666666,606,0.404,151,0.1801909307875895,36047049302,4714,1521,0.3226559185405176,4714,738,0.1565549427238014,4714,288,0.0610946117946542,34660,0.03466,43277.55337564916,0.9049153834965896
360470494001,360470494001,Block Group 1; Census Tract 494; Kings County; New York,Brooklyn,1824,667,559,0.8380809595202399,966,317,0.3281573498964803,517,0.2834429824561403,188,0.1030701754385964,728,0.3991228070175439,124,0.0679824561403508,391,0.2143640350877192,188,0.1030701754385964,122,0.1829085457271364,36047049400,5493,1032,0.1878754778809394,5499,517,0.094017094017094,5499,120,0.0218221494817239,50044,0.050044,36447.92582527376,0.6551782604899758
360470495001,360470495001,Block Group 1; Census Tract 495; Kings County; New York,Brooklyn,1135,568,533,0.9383802816901408,801,292,0.3645443196004994,220,0.1938325991189427,15,0.013215859030837,566,0.4986784140969163,0,0.0,141,0.1242290748898678,363,0.3198237885462555,65,0.1144366197183098,36047049500,3284,307,0.093483556638246,3284,216,0.0657734470158343,3284,579,0.1763093788063337,36168,0.036168,31381.331563813317,0.8930145117242628
360470496001,360470496001,Block Group 1; Census Tract 496; Kings County; New York,Brooklyn,1979,706,575,0.8144475920679887,875,301,0.344,536,0.270843860535624,252,0.1273370389085396,1058,0.5346134411318848,90,0.045477513895907,379,0.191510864072764,415,0.2097018696311268,24,0.0339943342776204,36047049600,4110,1113,0.2708029197080292,4225,453,0.1072189349112426,4225,303,0.0717159763313609,76829,0.076829,25758.50264873941,0.8331987865723373
360470497001,360470497001,Block Group 1; Census Tract 497; Kings County; New York,Brooklyn,781,409,324,0.7921760391198044,399,136,0.3408521303258145,166,0.2125480153649167,33,0.0422535211267605,436,0.558258642765685,5,0.0064020486555697,28,0.0358514724711907,237,0.3034571062740077,14,0.0342298288508557,36047049700,3361,239,0.0711097887533472,3348,218,0.0651135005973715,3348,96,0.028673835125448,45083,0.045083,17323.603132000975,0.9050099030000892
360470498001,360470498001,Block Group 1; Census Tract 498; Kings County; New York,Brooklyn,1099,428,376,0.8785046728971962,549,190,0.3460837887067395,211,0.191992720655141,113,0.102820746132848,282,0.2565969062784349,176,0.1601455868971792,455,0.4140127388535032,98,0.0891719745222929,76,0.1775700934579439,36047049800,3950,348,0.0881012658227848,3950,390,0.0987341772151898,3950,217,0.0549367088607594,78271,0.078271,14040.9602534783,0.8297163410164322
360470499001,360470499001,Block Group 1; Census Tract 499; Kings County; New York,Brooklyn,988,446,327,0.7331838565022422,756,266,0.3518518518518518,105,0.1062753036437247,85,0.0860323886639676,885,0.895748987854251,3,0.0030364372469635,4,0.0040485829959514,29,0.0293522267206477,30,0.0672645739910313,36047049900,2480,106,0.0427419354838709,2480,60,0.0241935483870967,2480,75,0.0302419354838709,50074,0.050074,19730.798418340855,0.9201550452001024
360470049001,360470049001,Block Group 1; Census Tract 49; Kings County; New York,Brooklyn,1211,284,132,0.4647887323943662,429,183,0.4265734265734265,366,0.3022295623451693,203,0.1676300578034682,901,0.7440132122213047,135,0.111478117258464,33,0.0272502064409578,87,0.0718414533443435,0,0.0,36047004900,2460,254,0.1032520325203252,2460,70,0.0284552845528455,2460,0,0.0,44634,0.044634,27131.782945736435,0.9426303144919695
360470005011,360470005011,Block Group 1; Census Tract 5.01; Kings County; New York,Brooklyn,2651,776,524,0.6752577319587629,1315,336,0.2555133079847909,268,0.1010939268200679,308,0.1161825726141078,1512,0.5703508110147114,175,0.0660128253489249,493,0.1859675594115428,327,0.1233496793662768,21,0.027061855670103,36047000501,3381,285,0.0842945874001774,4541,629,0.1385157454305219,4541,17,0.0037436687954195,36793,0.036793,72051.74897398961,0.8839262751701773
360470005021,360470005021,Block Group 1; Census Tract 5.02; Kings County; New York,Brooklyn,1651,811,550,0.6781750924784217,930,431,0.4634408602150537,283,0.1714112658994548,365,0.2210781344639612,1229,0.744397334948516,0,0.0,252,0.1526347668079951,106,0.0642035130224106,33,0.0406905055487053,36047000502,2685,202,0.0752327746741154,2704,110,0.040680473372781,2704,55,0.0203402366863905,52820,0.05282,31257.0995834911,0.8862969205691367
360470500011,360470500011,Block Group 1; Census Tract 500.01; Kings County; New York,Brooklyn,1196,495,230,0.4646464646464646,429,189,0.4405594405594406,207,0.173076923076923,360,0.3010033444816054,839,0.7015050167224081,59,0.0493311036789297,69,0.0576923076923076,113,0.0944816053511705,18,0.0363636363636363,36047050001,2282,274,0.1200701139351446,2282,370,0.1621384750219106,2282,168,0.0736196319018405,50182,0.050182,23833.2469809892,0.872149219282222
360470500021,360470500021,Block Group 1; Census Tract 500.02; Kings County; New York,Brooklyn,1548,659,573,0.8694992412746586,868,361,0.4158986175115207,389,0.2512919896640826,172,0.1111111111111111,843,0.5445736434108527,61,0.0394056847545219,94,0.0607235142118863,343,0.2215762273901808,28,0.0424886191198786,36047050002,1548,52,0.0335917312661498,1548,185,0.1195090439276485,1548,5,0.0032299741602067,62177,0.062177,24896.66596973157,0.872014232980859
360470501001,360470501001,Block Group 1; Census Tract 501; Kings County; New York,Brooklyn,868,401,322,0.8029925187032418,504,207,0.4107142857142857,101,0.1163594470046082,181,0.2085253456221198,651,0.75,0,0.0,21,0.0241935483870967,169,0.194700460829493,0,0.0,36047050100,3089,463,0.1498866947232114,3089,201,0.0650696018128844,3089,294,0.0951764325024279,45846,0.045846,18932.94943942765,0.906551326796607
360470502021,360470502021,Block Group 1; Census Tract 502.02; Kings County; New York,Brooklyn,1175,507,272,0.5364891518737672,610,305,0.5,247,0.2102127659574468,278,0.236595744680851,916,0.7795744680851063,76,0.0646808510638297,35,0.0297872340425531,98,0.0834042553191489,8,0.0157790927021696,36047050202,2306,146,0.0633130962705984,2413,512,0.212184003315375,2413,23,0.0095317032739328,53642,0.053642,21904.47783453264,0.8601274704162485
360470503001,360470503001,Block Group 1; Census Tract 503; Kings County; New York,Brooklyn,985,461,447,0.9696312364425164,858,481,0.5606060606060606,43,0.0436548223350253,11,0.0111675126903553,734,0.7451776649746192,0,0.0,46,0.0467005076142131,169,0.1715736040609137,0,0.0,36047050300,2803,180,0.0642169104530859,2803,115,0.0410274705672493,2803,112,0.0399571887263646,45430,0.04543,21681.708122386088,0.8679029265648218
360470504011,360470504011,Block Group 1; Census Tract 504.01; Kings County; New York,Brooklyn,1018,507,392,0.7731755424063116,673,372,0.5527488855869243,190,0.1866404715127701,277,0.2721021611001964,771,0.7573673870333988,30,0.0294695481335952,12,0.0117878192534381,54,0.0530451866404715,15,0.029585798816568,36047050401,2518,117,0.0464654487688641,2518,261,0.1036536934074662,2518,9,0.0035742652899126,56031,0.056031,18168.513858399816,0.9201285746795076
360470504021,360470504021,Block Group 1; Census Tract 504.02; Kings County; New York,Brooklyn,1345,662,522,0.7885196374622356,937,493,0.5261472785485592,174,0.1293680297397769,202,0.1501858736059479,832,0.6185873605947956,271,0.2014869888475836,64,0.0475836431226765,108,0.0802973977695167,10,0.0151057401812688,36047050402,1950,92,0.0471794871794871,1950,181,0.0928205128205128,1950,21,0.0107692307692307,40401,0.040401,33291.25516695131,0.8685793529021594
360470505001,360470505001,Block Group 1; Census Tract 505; Kings County; New York,Brooklyn,1956,965,965,1.0,657,392,0.5966514459665144,458,0.2341513292433537,502,0.2566462167689161,0,0.0,423,0.2162576687116564,0,0.0,1493,0.7632924335378323,281,0.2911917098445596,36047050500,4121,1419,0.3443338995389468,4121,1179,0.2860956078621693,4121,166,0.0402814850764377,66695,0.066695,29327.535797286153,0.8567735975638391
360470506001,360470506001,Block Group 1; Census Tract 506; Kings County; New York,Brooklyn,1349,477,437,0.9161425576519916,720,530,0.7361111111111112,195,0.1445515196441808,300,0.2223869532987398,209,0.1549295774647887,492,0.3647146034099333,159,0.1178650852483321,215,0.1593773165307635,57,0.1194968553459119,36047050600,5126,914,0.1783066718689036,5126,399,0.0778384705423332,5126,247,0.0481857198595396,30252,0.030252,44592.09308475473,0.9199963172815856
360470507001,360470507001,Block Group 1; Census Tract 507; Kings County; New York,Brooklyn,4369,845,699,0.8272189349112427,973,142,0.1459403905447071,2596,0.5941863126573587,77,0.0176241702906843,4002,0.9159990844586862,27,0.006179903868162,12,0.0027466239414053,312,0.0714122224765392,88,0.1041420118343195,36047050700,4369,1594,0.3648432135500114,4369,137,0.0313572899977111,4369,94,0.0215152208743419,174429,0.174429,25047.44050587918,0.9266959747105435
360470508011,360470508011,Block Group 1; Census Tract 508.01; Kings County; New York,Brooklyn,859,352,341,0.96875,390,294,0.7538461538461538,137,0.159487776484284,132,0.1536670547147846,128,0.1490104772991851,480,0.5587892898719441,11,0.0128055878928987,208,0.2421420256111758,0,0.0,36047050801,3909,1204,0.3080071629572781,3910,358,0.0915601023017902,3910,272,0.0695652173913043,27867,0.027867,30824.99013169699,0.911484903187182
360470508031,360470508031,Block Group 1; Census Tract 508.03; Kings County; New York,Brooklyn,2282,1087,1073,0.9871205151793928,1459,912,0.6250856751199452,186,0.0815074496056091,227,0.0994741454864154,462,0.2024539877300613,1102,0.4829097283085013,33,0.0144609991235758,564,0.2471516213847502,70,0.0643974241030358,36047050803,2281,363,0.1591407277509864,2281,346,0.1516878562034195,2281,187,0.0819815870232354,56085,0.056085,40688.24106267273,0.7993436058531803
360470508041,360470508041,Block Group 1; Census Tract 508.04; Kings County; New York,Brooklyn,3047,1150,1150,1.0,1753,1119,0.6383342840844267,704,0.2310469314079422,217,0.0712175910731867,801,0.2628815228093206,1722,0.5651460452904497,13,0.0042664916311125,262,0.0859862159501148,3,0.0026086956521739,36047050804,6637,397,0.0598161820099442,6637,591,0.0890462558384812,6637,300,0.0452011450956757,33636,0.033636,90587.4658104412,0.8403804204900572
360470509001,360470509001,Block Group 1; Census Tract 509; Kings County; New York,Brooklyn,2592,607,524,0.8632619439868204,1116,395,0.3539426523297491,1139,0.439429012345679,69,0.0266203703703703,1701,0.65625,0,0.0,0,0.0,721,0.2781635802469135,37,0.0609555189456342,36047050900,5206,2521,0.4842489435266999,5206,146,0.0280445639646561,5206,781,0.1500192086054552,71999,0.071999,36000.500006944545,0.890673557916623
360470050001,360470050001,Block Group 1; Census Tract 50; Kings County; New York,Brooklyn,787,472,278,0.5889830508474576,413,87,0.2106537530266344,82,0.1041931385006353,288,0.3659466327827191,574,0.7293519695044473,23,0.0292249047013977,14,0.0177890724269377,57,0.0724269377382465,28,0.059322033898305,36047005000,2564,263,0.1025741029641185,2564,319,0.1244149765990639,2564,41,0.015990639625585,65189,0.065189,12072.588933715811,0.7768412525894504
360470510011,360470510011,Block Group 1; Census Tract 510.01; Kings County; New York,Brooklyn,1627,621,621,1.0,733,530,0.723055934515689,202,0.1241548862937922,264,0.1622618315918869,138,0.084818684695759,849,0.521819299323909,176,0.1081745543945912,345,0.2120467117393976,26,0.0418679549114331,36047051001,4488,927,0.2065508021390374,4488,427,0.0951426024955436,4488,803,0.1789215686274509,27554,0.027554,59047.68817594542,0.8313098898466749
360470510021,360470510021,Block Group 1; Census Tract 510.02; Kings County; New York,Brooklyn,1675,748,668,0.893048128342246,685,474,0.691970802919708,323,0.1928358208955224,250,0.1492537313432835,235,0.1402985074626865,990,0.591044776119403,33,0.0197014925373134,186,0.1110447761194029,52,0.0695187165775401,36047051002,3675,637,0.1733333333333333,3675,358,0.0974149659863945,3675,377,0.1025850340136054,64880,0.06488,25816.89272503083,0.9045571875125292
360470511001,360470511001,Block Group 1; Census Tract 511; Kings County; New York,Brooklyn,1186,622,593,0.9533762057877814,332,270,0.8132530120481928,89,0.0750421585160202,570,0.4806070826306914,155,0.1306913996627318,8,0.0067453625632377,467,0.393760539629005,556,0.4688026981450253,284,0.4565916398713826,36047051100,3817,747,0.1957034320146712,3817,498,0.1304689546764474,3817,164,0.0429656798532879,52508,0.052508,22587.03435666946,0.8825286333787826
360470512001,360470512001,Block Group 1; Census Tract 512; Kings County; New York,Brooklyn,1781,551,431,0.7822141560798548,831,628,0.7557160048134778,406,0.2279618192026951,226,0.1268950028074115,380,0.2133632790567097,554,0.3110612015721505,202,0.1134194272880404,514,0.2886019090398652,72,0.1306715063520871,36047051200,6227,720,0.1156255018467962,6227,443,0.0711418018307371,6227,477,0.0766018949735024,52739,0.052739,33770.07527636095,0.8300661835022234
360470513001,360470513001,Block Group 1; Census Tract 513; Kings County; New York,Brooklyn,1772,753,622,0.8260292164674635,1131,557,0.4924845269672855,262,0.1478555304740406,27,0.015237020316027,1185,0.6687358916478555,28,0.0158013544018058,130,0.0733634311512415,366,0.2065462753950338,0,0.0,36047051300,5961,956,0.1603757758765308,5970,965,0.1616415410385259,5970,401,0.0671691792294807,63654,0.063654,27837.999183083542,0.6829292583142518
360470514001,360470514001,Block Group 1; Census Tract 514; Kings County; New York,Brooklyn,840,220,87,0.3954545454545454,549,131,0.238615664845173,109,0.1297619047619047,37,0.044047619047619,274,0.3261904761904762,476,0.5666666666666667,65,0.0773809523809523,0,0.0,0,0.0,36047051400,7191,1040,0.1446252259769156,7213,600,0.0831831415499792,7213,641,0.0888673228892277,64625,0.064625,12998.065764023211,0.8467437059743561
360470515001,360470515001,Block Group 1; Census Tract 515; Kings County; New York,Brooklyn,2891,1272,1041,0.8183962264150944,2144,1152,0.5373134328358209,522,0.1805603597371151,21,0.0072639225181598,1859,0.6430300933932895,119,0.0411622276029055,413,0.1428571428571428,295,0.1020408163265306,15,0.0117924528301886,36047051500,2732,112,0.0409956076134699,2891,7,0.0024213075060532,2891,13,0.0044967139398132,186924,0.186924,15466.178767841477,0.7826140598326727
360470516011,360470516011,Block Group 1; Census Tract 516.01; Kings County; New York,Brooklyn,1276,519,489,0.9421965317919077,683,415,0.6076134699853587,75,0.0587774294670846,112,0.0877742946708464,207,0.1622257053291536,586,0.4592476489028213,159,0.1246081504702194,207,0.1622257053291536,31,0.0597302504816955,36047051601,4901,856,0.1746582330136706,4936,539,0.1091977309562398,4936,146,0.029578606158833,29442,0.029442,43339.44704843421,0.5917792561432129
360470516021,360470516021,Block Group 1; Census Tract 516.02; Kings County; New York,Brooklyn,1745,643,618,0.9611197511664076,767,473,0.6166883963494133,433,0.2481375358166189,158,0.0905444126074498,336,0.1925501432664756,1094,0.6269340974212034,11,0.0063037249283667,277,0.1587392550143266,17,0.0264385692068429,36047051602,3326,360,0.1082381238725195,3348,125,0.0373357228195937,3348,389,0.1161887694145758,39785,0.039785,43860.75153952494,0.7894981319620322
360470517001,360470517001,Block Group 1; Census Tract 517; Kings County; New York,Brooklyn,1164,633,588,0.9289099526066352,848,393,0.4634433962264151,140,0.120274914089347,27,0.0231958762886597,880,0.7560137457044673,34,0.0292096219931271,91,0.0781786941580756,61,0.0524054982817869,15,0.0236966824644549,36047051700,3087,186,0.0602526724975704,3087,139,0.0450275348234531,3087,56,0.0181405895691609,104308,0.104308,11159.259117229743,0.5496503480040493
360470518001,360470518001,Block Group 1; Census Tract 518; Kings County; New York,Brooklyn,957,477,418,0.8763102725366876,717,546,0.7615062761506276,56,0.0585161964472309,115,0.1201671891327063,280,0.2925809822361546,554,0.5788923719958202,8,0.0083594566353187,91,0.0950888192267502,0,0.0,36047051800,3386,312,0.0921441228588304,3386,291,0.0859421145894861,3386,105,0.0310100413467217,59292,0.059292,16140.457397288,0.7846011659718937
360470519001,360470519001,Block Group 1; Census Tract 519; Kings County; New York,Brooklyn,3617,1964,1872,0.9531568228105908,3046,1379,0.4527248850952068,335,0.0926181918717169,56,0.0154824440143765,2145,0.5930329001935305,271,0.0749239701410008,704,0.1946364390378767,413,0.1141830246060271,0,0.0,36047051900,6051,320,0.0528838208560568,6051,283,0.0467691290695752,6051,125,0.0206577425218972,119556,0.119556,30253.605005185855,0.6458461860575274
360470051001,360470051001,Block Group 1; Census Tract 51; Kings County; New York,Brooklyn,421,208,144,0.6923076923076923,277,106,0.3826714801444043,49,0.1163895486935867,35,0.0831353919239905,252,0.5985748218527316,0,0.0,101,0.2399049881235154,50,0.1187648456057007,9,0.0432692307692307,36047005100,2417,122,0.05047579644187,2436,140,0.057471264367816,2436,46,0.0188834154351395,55229,0.055229,7622.806858715529,0.9447983766847606
360470052011,360470052011,Block Group 1; Census Tract 52.01; Kings County; New York,Brooklyn,1751,968,807,0.8336776859504132,674,270,0.400593471810089,156,0.089091947458595,778,0.444317532838378,1189,0.6790405482581382,36,0.0205596801827527,236,0.13478012564249,92,0.0525414049114791,293,0.3026859504132231,36047005201,1751,378,0.2158766419189035,1751,458,0.2615648201027984,1751,41,0.0234151913192461,133678,0.133678,13098.640015559778,0.8107748385592585
360470052021,360470052021,Block Group 1; Census Tract 52.02; Kings County; New York,Brooklyn,1228,799,350,0.4380475594493116,615,282,0.4585365853658537,121,0.0985342019543974,437,0.3558631921824104,965,0.7858306188925082,25,0.020358306188925,77,0.0627035830618892,110,0.0895765472312703,77,0.0963704630788485,36047005202,2676,104,0.038863976083707,2676,262,0.0979073243647234,2676,13,0.0048579970104633,49830,0.04983,24643.78888219948,0.513103375950541
360470520001,360470520001,Block Group 1; Census Tract 520; Kings County; New York,Brooklyn,2265,884,640,0.7239819004524887,1228,647,0.5268729641693811,504,0.2225165562913907,421,0.1858719646799117,927,0.4092715231788079,671,0.2962472406181015,209,0.0922737306843267,137,0.060485651214128,27,0.0305429864253393,36047052000,3511,537,0.1529478780974081,3511,260,0.0740529763600113,3511,42,0.0119624038735403,71584,0.071584,31641.148860080462,0.7259861623964823
360470523001,360470523001,Block Group 1; Census Tract 523; Kings County; New York,Brooklyn,1876,808,808,1.0,781,475,0.6081946222791293,214,0.1140724946695096,366,0.1950959488272921,363,0.1934968017057569,20,0.0106609808102345,64,0.0341151385927505,1252,0.6673773987206824,201,0.2487623762376237,36047052300,5077,1338,0.2635414614930076,5077,701,0.1380736655505219,5077,398,0.0783927516249753,34320,0.03432,54662.004662004656,0.9537654836516272
360470525001,360470525001,Block Group 1; Census Tract 525; Kings County; New York,Brooklyn,2843,1177,1161,0.9864061172472388,1261,625,0.4956383822363204,907,0.3190291945128385,335,0.1178332747098135,1787,0.6285613788251847,0,0.0,220,0.0773830460780865,725,0.2550123109391488,120,0.1019541206457094,36047052500,3308,666,0.2013301088270858,3321,494,0.1487503763926528,3321,94,0.0283047274917193,98872,0.098872,28754.3490573671,0.9731731780194632
360470526001,360470526001,Block Group 1; Census Tract 526; Kings County; New York,Brooklyn,1402,725,725,1.0,860,486,0.5651162790697675,306,0.2182596291012838,141,0.1005706134094151,401,0.2860199714693295,627,0.4472182596291013,68,0.0485021398002853,207,0.1476462196861626,6,0.0082758620689655,36047052600,3935,255,0.0648030495552731,3910,247,0.0631713554987212,3910,172,0.0439897698209718,65195,0.065195,21504.71661937265,0.7282228003450479
360470527001,360470527001,Block Group 1; Census Tract 527; Kings County; New York,Brooklyn,1175,508,508,1.0,430,307,0.713953488372093,320,0.2723404255319149,228,0.1940425531914893,195,0.1659574468085106,0,0.0,140,0.1191489361702127,840,0.7148936170212766,203,0.3996062992125984,36047052700,5536,1363,0.2462066473988439,5548,1107,0.1995313626532083,5548,214,0.0385724585436193,22365,0.022365,52537.446903644086,0.8820497049148914
360470528001,360470528001,Block Group 1; Census Tract 528; Kings County; New York,Brooklyn,834,388,211,0.5438144329896907,397,109,0.2745591939546599,182,0.2182254196642686,201,0.2410071942446043,527,0.63189448441247,73,0.0875299760191846,52,0.0623501199040767,99,0.118705035971223,28,0.0721649484536082,36047052800,1764,264,0.1496598639455782,1764,201,0.1139455782312925,1764,29,0.0164399092970521,108521,0.108521,7685.148496604344,0.6828071523510189
360470529001,360470529001,Block Group 1; Census Tract 529; Kings County; New York,Brooklyn,1016,165,165,1.0,164,0,0.0,677,0.6663385826771654,0,0.0,1016,1.0,0,0.0,0,0.0,0,0.0,0,0.0,36047052900,3721,612,0.1644719161515721,3721,268,0.0720236495565708,3721,26,0.0069873689868314,49086,0.049086,20698.36613290959,0.869587281955248
360470053011,360470053011,Block Group 1; Census Tract 53.01; Kings County; New York,Brooklyn,1735,732,494,0.674863387978142,1093,76,0.0695333943275388,345,0.1988472622478386,132,0.0760806916426513,1079,0.6219020172910663,268,0.1544668587896253,20,0.0115273775216138,246,0.1417867435158501,0,0.0,36047005301,2087,256,0.1226641111643507,2095,202,0.0964200477326969,2095,171,0.0816229116945107,189554,0.189554,9153.064562077298,0.9015565915307802
360470053021,360470053021,Block Group 1; Census Tract 53.02; Kings County; New York,Brooklyn,13,13,13,1.0,13,0,0.0,0,0.0,0,0.0,13,1.0,0,0.0,0,0.0,0,0.0,0,0.0,36047005302,123,0,0.0,123,0,0.0,123,0,0.0,84872,0.084872,153.1718352342351,0.8190953565209158
360470053031,360470053031,Block Group 1; Census Tract 53.03; Kings County; New York,Brooklyn,136,67,23,0.3432835820895522,105,7,0.0666666666666666,31,0.2279411764705882,0,0.0,106,0.7794117647058824,0,0.0,0,0.0,30,0.2205882352941176,0,0.0,36047005303,136,0,0.0,136,0,0.0,136,0,0.0,297317,0.297317,457.4242307032561,0.8925133697847466
360470530001,360470530001,Block Group 1; Census Tract 530; Kings County; New York,Brooklyn,869,342,245,0.716374269005848,380,172,0.4526315789473684,70,0.0805523590333717,232,0.2669735327963176,185,0.2128883774453394,95,0.1093210586881473,445,0.5120828538550057,53,0.0609896432681242,30,0.087719298245614,36047053000,3327,736,0.2212203186053501,3327,413,0.1241358581304478,3327,160,0.0480913736098587,42486,0.042486,20453.79654474415,0.6796643223255855
360470531011,360470531011,Block Group 1; Census Tract 531.01; Kings County; New York,Brooklyn,1661,294,218,0.7414965986394558,438,0,0.0,889,0.535219747140277,0,0.0,1632,0.9825406381697772,6,0.0036122817579771,0,0.0,23,0.0138470800722456,76,0.2585034013605442,36047053101,3020,1283,0.4248344370860927,3020,74,0.0245033112582781,3020,56,0.0185430463576158,26316,0.026316,63117.49506003952,0.8451876225234277
360470531021,360470531021,Block Group 1; Census Tract 531.02; Kings County; New York,Brooklyn,4704,760,601,0.7907894736842105,1309,373,0.2849503437738732,2848,0.6054421768707483,0,0.0,4524,0.9617346938775512,0,0.0,0,0.0,0,0.0,60,0.0789473684210526,36047053102,7846,2936,0.37420341575325,7846,281,0.0358144277338771,7846,263,0.0335202651032373,47266,0.047266,99521.85503321626,0.9567221214763636
360470532001,360470532001,Block Group 1; Census Tract 532; Kings County; New York,Brooklyn,1153,502,358,0.7131474103585658,470,173,0.3680851063829787,187,0.1621856027753686,295,0.2558542931483087,429,0.3720728534258456,139,0.1205550737207285,163,0.1413703382480485,86,0.0745880312228968,71,0.1414342629482071,36047053200,2280,392,0.1719298245614035,2280,245,0.1074561403508772,2280,58,0.025438596491228,64772,0.064772,17800.90162415859,0.679413682849629
360470533001,360470533001,Block Group 1; Census Tract 533; Kings County; New York,Brooklyn,1246,375,232,0.6186666666666667,359,125,0.3481894150417827,460,0.3691813804173354,440,0.3531300160513643,1076,0.8635634028892456,0,0.0,0,0.0,170,0.1364365971107544,43,0.1146666666666666,36047053300,6421,2933,0.4567824326428905,6551,555,0.0847198900931155,6551,312,0.0476263165928865,34930,0.03493,35671.342685370735,0.8436290899114117
360470534001,360470534001,Block Group 1; Census Tract 534; Kings County; New York,Brooklyn,1626,565,475,0.8407079646017699,776,504,0.6494845360824743,384,0.2361623616236162,370,0.2275522755227552,684,0.4206642066420664,114,0.070110701107011,747,0.4594095940959409,49,0.0301353013530135,85,0.1504424778761062,36047053400,4442,436,0.0981539846915803,4442,568,0.1278703286807744,4442,262,0.0589824403421882,42479,0.042479,38277.73723486899,0.6791622089894206
360470535001,360470535001,Block Group 1; Census Tract 535; Kings County; New York,Brooklyn,1103,376,352,0.9361702127659576,418,135,0.3229665071770335,383,0.3472348141432457,107,0.0970081595648232,755,0.6844968268359021,0,0.0,0,0.0,284,0.257479601087942,36,0.0957446808510638,36047053500,4611,1663,0.3606592929950119,4611,627,0.1359791802212101,4611,34,0.0073736716547386,25378,0.025378,43462.841831507605,0.965939987073234
360470537001,360470537001,Block Group 1; Census Tract 537; Kings County; New York,Brooklyn,1456,260,233,0.8961538461538462,283,0,0.0,861,0.5913461538461539,123,0.0844780219780219,1456,1.0,0,0.0,0,0.0,0,0.0,0,0.0,36047053700,4623,2077,0.4492753623188406,4623,211,0.0456413584252649,4623,64,0.0138438243564784,50255,0.050255,28972.241568003185,0.825359171323731
360470538001,360470538001,Block Group 1; Census Tract 538; Kings County; New York,Brooklyn,1296,705,693,0.9829787234042552,653,114,0.1745788667687595,139,0.107253086419753,426,0.3287037037037037,1217,0.9390432098765432,8,0.0061728395061728,14,0.0108024691358024,57,0.0439814814814814,236,0.3347517730496454,36047053800,5181,737,0.1422505307855626,5181,959,0.1850994016599112,5181,126,0.0243196294151708,49187,0.049187,26348.42539695448,0.8707100484939705
360470539001,360470539001,Block Group 1; Census Tract 539; Kings County; New York,Brooklyn,354,91,30,0.3296703296703296,121,19,0.1570247933884297,135,0.3813559322033898,93,0.2627118644067797,354,1.0,0,0.0,0,0.0,0,0.0,0,0.0,36047053900,2470,1111,0.4497975708502024,2470,365,0.1477732793522267,2470,153,0.0619433198380566,45699,0.045699,7746.340182498524,0.8281956960597937
360470542001,360470542001,Block Group 1; Census Tract 542; Kings County; New York,Brooklyn,1975,714,628,0.8795518207282913,697,338,0.48493543758967,420,0.2126582278481012,464,0.2349367088607594,1328,0.6724050632911392,80,0.040506329113924,88,0.0445569620253164,234,0.1184810126582278,173,0.242296918767507,36047054200,4061,988,0.2432898300911105,4061,772,0.1901009603545924,4061,496,0.1221374045801526,68892,0.068892,28668.060152122165,0.8823748226932566
360470544001,360470544001,Block Group 1; Census Tract 544; Kings County; New York,Brooklyn,1121,483,469,0.9710144927536232,444,187,0.4211711711711711,126,0.1123996431757359,429,0.3826940231935771,964,0.8599464763603925,0,0.0,157,0.1400535236396075,0,0.0,261,0.5403726708074534,36047054400,3521,549,0.1559216131780744,3544,634,0.1788939051918736,3544,228,0.064334085778781,47190,0.04719,23755.032845941936,0.8853613468436806
360470545001,360470545001,Block Group 1; Census Tract 545; Kings County; New York,Brooklyn,1251,156,156,1.0,217,0,0.0,825,0.6594724220623501,0,0.0,1251,1.0,0,0.0,0,0.0,0,0.0,0,0.0,36047054500,8349,2858,0.3423164450832435,8349,840,0.1006108515989939,8349,131,0.0156905018565097,23005,0.023005,54379.48272114757,0.8401053798687713
360470546001,360470546001,Block Group 1; Census Tract 546; Kings County; New York,Brooklyn,1617,468,264,0.5641025641025641,737,331,0.4491180461329715,586,0.3623995052566481,110,0.0680272108843537,1176,0.7272727272727273,132,0.0816326530612244,37,0.0228818800247371,272,0.168212739641311,40,0.0854700854700854,36047054600,5367,1294,0.2411030370784423,5367,817,0.1522265697782746,5367,512,0.0953978013787963,68998,0.068998,23435.4618974463,0.919848074912682
360470547001,360470547001,Block Group 1; Census Tract 547; Kings County; New York,Brooklyn,849,387,361,0.9328165374677002,574,370,0.6445993031358885,127,0.149587750294464,88,0.1036513545347467,175,0.2061248527679623,250,0.2944640753828033,174,0.2049469964664311,210,0.2473498233215547,24,0.0620155038759689,36047054700,9666,947,0.0979722739499275,9666,628,0.0649699979308917,9666,200,0.0206910821435961,42181,0.042181,20127.545577392662,0.800636182175794
360470548001,360470548001,Block Group 1; Census Tract 548; Kings County; New York,Brooklyn,1437,539,458,0.849721706864564,610,177,0.2901639344262295,444,0.3089770354906054,219,0.1524008350730689,1220,0.848990953375087,63,0.0438413361169102,108,0.0751565762004175,38,0.0264439805149617,129,0.2393320964749536,36047054800,2302,230,0.0999131190269331,2302,160,0.0695047784535186,2302,27,0.0117289313640312,62308,0.062308,23062.84907235026,0.9523023570971962
360470549001,360470549001,Block Group 1; Census Tract 549; Kings County; New York,Brooklyn,1876,497,456,0.9175050301810864,670,135,0.2014925373134328,1010,0.5383795309168443,82,0.0437100213219616,1675,0.8928571428571429,0,0.0,26,0.0138592750533049,166,0.0884861407249466,0,0.0,36047054900,4515,699,0.1548172757475083,4515,85,0.0188261351052048,4515,164,0.0363233665559247,44430,0.04443,42223.72270988071,0.8073886711388047
360470054001,360470054001,Block Group 1; Census Tract 54; Kings County; New York,Brooklyn,1974,1083,812,0.7497691597414589,1088,380,0.3492647058823529,249,0.1261398176291793,511,0.2588652482269503,1365,0.6914893617021277,106,0.0536980749746707,23,0.0116514690982776,434,0.2198581560283688,45,0.0415512465373961,36047005400,3425,232,0.0677372262773722,3425,351,0.1024817518248175,3425,72,0.0210218978102189,79806,0.079806,24734.982332155476,0.8151434725544477
360470550001,360470550001,Block Group 1; Census Tract 550; Kings County; New York,Brooklyn,1224,466,361,0.7746781115879828,454,237,0.5220264317180616,400,0.326797385620915,161,0.1315359477124183,980,0.8006535947712419,0,0.0,34,0.0277777777777777,210,0.1715686274509804,200,0.4291845493562232,36047055000,3408,858,0.2517605633802817,3408,395,0.1159037558685446,3408,218,0.0639671361502347,57314,0.057314,21356.03866420072,0.9175680021871764
360470551001,360470551001,Block Group 1; Census Tract 551; Kings County; New York,Brooklyn,3219,1572,1336,0.8498727735368957,2208,664,0.3007246376811594,608,0.1888785337061199,86,0.0267163715439577,1950,0.6057781919850885,31,0.0096303199751475,340,0.1056228642435539,496,0.154085119602361,80,0.0508905852417302,36047055100,6184,1030,0.1665588615782665,6185,476,0.0769603880355699,6185,220,0.0355699272433306,140278,0.140278,22947.29038053009,0.5999130406775116
360470552001,360470552001,Block Group 1; Census Tract 552; Kings County; New York,Brooklyn,1635,682,616,0.9032258064516128,717,184,0.2566248256624825,342,0.2091743119266055,478,0.2923547400611621,1270,0.7767584097859327,10,0.0061162079510703,104,0.0636085626911314,104,0.0636085626911314,342,0.501466275659824,36047055200,3359,596,0.1774337600476332,3359,342,0.1018160166716284,3359,114,0.0339386722238761,41735,0.041735,39175.75176710195,0.918693937445267
360470553001,360470553001,Block Group 1; Census Tract 553; Kings County; New York,Brooklyn,959,488,448,0.918032786885246,798,446,0.5588972431077694,104,0.1084462982273201,0,0.0,666,0.694473409801877,0,0.0,96,0.100104275286757,180,0.1876955161626694,9,0.0184426229508196,36047055300,3603,756,0.2098251457119067,3603,399,0.1107410491257285,3603,72,0.0199833472106577,44615,0.044615,21495.012888042136,0.657867669255253
360470554001,360470554001,Block Group 1; Census Tract 554; Kings County; New York,Brooklyn,1910,775,700,0.9032258064516128,748,368,0.4919786096256685,476,0.2492146596858638,324,0.1696335078534031,1343,0.7031413612565445,38,0.0198952879581151,321,0.1680628272251308,26,0.0136125654450261,285,0.3677419354838709,36047055400,3989,510,0.1278515918776635,3989,319,0.0799699172724993,3989,318,0.0797192278766608,63669,0.063669,29998.90056385368,0.923965750377018
360470555001,360470555001,Block Group 1; Census Tract 555; Kings County; New York,Brooklyn,8974,4405,3783,0.8587968217934165,6805,3356,0.4931667891256429,1447,0.1612435926008469,203,0.0226209048361934,5152,0.5741029641185648,175,0.0195007800312012,716,0.0797860485848005,1764,0.1965678627145085,63,0.0143019296254256,36047055500,8974,283,0.0315355471361711,8974,252,0.0280811232449297,8974,459,0.0511477601961221,261669,0.261669,34295.23558388652,0.5777288131198505
360470556001,360470556001,Block Group 1; Census Tract 556; Kings County; New York,Brooklyn,1319,431,328,0.7610208816705336,418,131,0.3133971291866029,355,0.2691432903714935,221,0.1675511751326762,870,0.6595905989385898,107,0.0811220621683093,220,0.1667930250189537,29,0.0219863532979529,64,0.148491879350348,36047055600,3351,1076,0.3210981796478663,3351,189,0.0564010743061772,3351,117,0.0349149507609668,83817,0.083817,15736.664399823425,0.8569543394384718
360470557001,360470557001,Block Group 1; Census Tract 557; Kings County; New York,Brooklyn,461,258,258,1.0,335,151,0.4507462686567164,51,0.1106290672451193,0,0.0,383,0.8308026030368764,0,0.0,26,0.0563991323210412,0,0.0,0,0.0,36047055700,1702,28,0.0164512338425381,1702,120,0.0705052878965922,1702,78,0.0458284371327849,44300,0.0443,10406.320541760722,0.5760022611490236
360470558001,360470558001,Block Group 1; Census Tract 558; Kings County; New York,Brooklyn,988,386,296,0.7668393782383419,456,154,0.337719298245614,226,0.228744939271255,166,0.1680161943319838,849,0.8593117408906883,0,0.0,30,0.0303643724696356,59,0.0597165991902834,185,0.4792746113989637,36047055800,2145,363,0.1692307692307692,2145,292,0.1361305361305361,2145,33,0.0153846153846153,64774,0.064774,15253.033624602464,0.8502281747212459
360470056011,360470056011,Block Group 1; Census Tract 56.01; Kings County; New York,Brooklyn,1265,752,635,0.8444148936170213,807,353,0.4374225526641883,135,0.1067193675889328,253,0.2,753,0.5952569169960474,15,0.0118577075098814,311,0.2458498023715415,186,0.1470355731225296,53,0.0704787234042553,36047005601,2577,464,0.1800543267365153,2577,299,0.1160263872720217,2577,51,0.019790454016298,117261,0.117261,10787.900495475904,0.8169349190100295
360470056021,360470056021,Block Group 1; Census Tract 56.02; Kings County; New York,Brooklyn,1791,965,553,0.5730569948186528,1075,462,0.4297674418604651,242,0.1351200446677833,404,0.225572305974316,1283,0.7163595756560581,42,0.0234505862646566,225,0.1256281407035175,180,0.100502512562814,38,0.0393782383419689,36047005602,1791,50,0.0279173646007816,1791,129,0.0720268006700167,1791,65,0.0362925739810161,135056,0.135056,13261.165738656557,0.8171587570394302
360470560001,360470560001,Block Group 1; Census Tract 560; Kings County; New York,Brooklyn,1310,551,336,0.6098003629764065,496,198,0.3991935483870967,283,0.216030534351145,358,0.2732824427480916,790,0.6030534351145038,80,0.0610687022900763,83,0.0633587786259542,179,0.1366412213740458,202,0.3666061705989111,36047056000,3475,362,0.1041726618705036,3475,459,0.1320863309352518,3475,156,0.0448920863309352,86941,0.086941,15067.689582590492,0.8430247893964615
360470561001,360470561001,Block Group 1; Census Tract 561; Kings County; New York,Brooklyn,1157,570,570,1.0,699,286,0.4091559370529327,66,0.0570440795159896,150,0.1296456352636127,871,0.7528089887640449,0,0.0,82,0.0708729472774416,72,0.0622299049265341,0,0.0,36047056100,3697,225,0.0608601568839599,3698,224,0.0605732828555976,3698,173,0.0467820443482963,159513,0.159513,7253.327315015078,0.8612127647189545
360470562001,360470562001,Block Group 1; Census Tract 562; Kings County; New York,Brooklyn,1127,306,79,0.2581699346405229,414,76,0.1835748792270531,484,0.4294587400177462,135,0.1197870452528837,908,0.805678793256433,0,0.0,151,0.1339840283939662,0,0.0,30,0.0980392156862745,36047056200,1779,181,0.1017425519955031,1779,71,0.0399100618324901,1779,0,0.0,85454,0.085454,13188.38205350247,0.8453961671292931
360470563011,360470563011,Block Group 1; Census Tract 563.01; Kings County; New York,Brooklyn,1267,611,460,0.7528641571194763,870,290,0.3333333333333333,244,0.1925808997632202,22,0.0173638516179952,767,0.6053670086819258,63,0.0497237569060773,180,0.1420678768745067,174,0.1373322809786898,25,0.0409165302782324,36047056301,4683,623,0.1330343796711509,4683,444,0.0948110185778347,4683,104,0.0222079863335468,44433,0.044433,28514.84257196228,0.8754728686336981
360470563021,360470563021,Block Group 1; Census Tract 563.02; Kings County; New York,Brooklyn,480,265,247,0.9320754716981132,177,143,0.807909604519774,161,0.3354166666666666,0,0.0,59,0.1229166666666666,238,0.4958333333333333,0,0.0,174,0.3625,0,0.0,36047056302,2449,242,0.0988158432013066,2449,335,0.1367905267456104,2449,85,0.0347080440996325,49881,0.049881,9622.902507968964,0.8787919929574407
360470564001,360470564001,Block Group 1; Census Tract 564; Kings County; New York,Brooklyn,1692,724,256,0.3535911602209944,832,296,0.3557692307692308,273,0.1613475177304964,427,0.2523640661938534,1068,0.6312056737588653,175,0.1034278959810874,288,0.1702127659574468,50,0.0295508274231678,128,0.1767955801104972,36047056400,2631,109,0.0414291144051691,2631,284,0.1079437476244773,2631,136,0.0516913721018624,58192,0.058192,29076.16167170745,0.8822215826316854
360470565001,360470565001,Block Group 1; Census Tract 565; Kings County; New York,Brooklyn,1285,731,645,0.8823529411764706,684,242,0.3538011695906433,137,0.1066147859922179,112,0.0871595330739299,1000,0.7782101167315175,0,0.0,106,0.0824902723735408,107,0.0832684824902723,8,0.0109439124487004,36047056500,3332,158,0.0474189675870348,3332,300,0.0900360144057623,3332,186,0.0558223289315726,147063,0.147063,8737.751847847521,0.8652156513224752
360470566001,360470566001,Block Group 1; Census Tract 566; Kings County; New York,Brooklyn,1329,537,400,0.74487895716946,562,257,0.4572953736654804,201,0.1512415349887133,311,0.2340105342362678,688,0.5176824680210684,278,0.2091798344620015,137,0.1030850263355906,169,0.127163280662152,125,0.2327746741154562,36047056600,2270,672,0.2960352422907489,2287,254,0.1110625273283777,2287,180,0.0787057280279842,88242,0.088242,15060.8553749915,0.850441818679025
360470568001,360470568001,Block Group 1; Census Tract 568; Kings County; New York,Brooklyn,618,247,117,0.4736842105263157,195,107,0.5487179487179488,173,0.2799352750809061,147,0.2378640776699029,157,0.2540453074433657,0,0.0,419,0.6779935275080906,42,0.0679611650485436,22,0.0890688259109311,36047056800,1319,190,0.1440485216072782,1319,155,0.1175132676269901,1319,6,0.0045489006823351,58710,0.05871,10526.315789473683,0.8631918564399476
360470569001,360470569001,Block Group 1; Census Tract 569; Kings County; New York,Brooklyn,831,453,371,0.8189845474613686,581,221,0.3803786574870912,57,0.0685920577617328,146,0.1756919374247894,641,0.7713598074608905,13,0.0156438026474127,60,0.0722021660649819,77,0.0926594464500601,23,0.0507726269315673,36047056900,1633,69,0.0422535211267605,1662,242,0.1456077015643802,1662,62,0.0373044524669073,47151,0.047151,17624.228542342687,0.9051178004430483
360470570001,360470570001,Block Group 1; Census Tract 570; Kings County; New York,Brooklyn,1015,660,382,0.5787878787878787,294,181,0.6156462585034014,107,0.1054187192118226,547,0.5389162561576355,654,0.6443349753694582,71,0.0699507389162561,71,0.0699507389162561,148,0.1458128078817734,21,0.0318181818181818,36047057000,3309,448,0.1353883348443638,3309,722,0.2181928074947114,3309,59,0.0178301601692354,42363,0.042363,23959.58737577603,0.8346136000610496
360470571001,360470571001,Block Group 1; Census Tract 571; Kings County; New York,Brooklyn,886,463,463,1.0,653,206,0.3154670750382848,111,0.1252821670428894,93,0.1049661399548532,584,0.6591422121896162,0,0.0,73,0.082392776523702,44,0.0496613995485327,33,0.0712742980561555,36047057100,3923,298,0.0759622737700739,3923,261,0.0665307162885546,3923,159,0.0405302064746367,42523,0.042523,20835.78298803001,0.8352099811619627
360470572001,360470572001,Block Group 1; Census Tract 572; Kings County; New York,Brooklyn,3200,1331,1331,1.0,888,296,0.3333333333333333,1066,0.333125,585,0.1828125,737,0.2303125,1719,0.5371875,109,0.0340625,597,0.1865625,347,0.2607062359128475,36047057200,5501,1876,0.3410289038356662,5501,1238,0.2250499909107435,5501,34,0.0061806944191965,121611,0.121611,26313.40914884344,0.814720275018411
360470573001,360470573001,Block Group 1; Census Tract 573; Kings County; New York,Brooklyn,584,310,220,0.7096774193548387,309,135,0.4368932038834951,80,0.136986301369863,55,0.0941780821917808,375,0.6421232876712328,0,0.0,92,0.1575342465753424,69,0.1181506849315068,13,0.0419354838709677,36047057300,2707,191,0.0705578130772072,2720,263,0.0966911764705882,2720,260,0.0955882352941176,79555,0.079555,7340.833385708001,0.8467211136557269
360470574001,360470574001,Block Group 1; Census Tract 574; Kings County; New York,Brooklyn,1428,525,244,0.4647619047619047,742,187,0.252021563342318,167,0.1169467787114846,344,0.2408963585434173,320,0.2240896358543417,3,0.0021008403361344,1066,0.7464985994397759,3,0.0021008403361344,166,0.3161904761904762,36047057400,2647,305,0.1152247827729505,2647,231,0.0872686059690215,2647,183,0.0691348696637703,82613,0.082613,17285.415128369626,0.8809656857050883
360470575001,360470575001,Block Group 1; Census Tract 575; Kings County; New York,Brooklyn,1065,612,546,0.8921568627450981,936,521,0.5566239316239316,38,0.0356807511737089,37,0.0347417840375586,670,0.6291079812206573,14,0.0131455399061032,105,0.0985915492957746,214,0.2009389671361502,0,0.0,36047057500,4497,470,0.1045141205247943,4572,155,0.0339020122484689,4572,445,0.097331583552056,47694,0.047694,22329.852811674424,0.898456294415584
360470576001,360470576001,Block Group 1; Census Tract 576; Kings County; New York,Brooklyn,1051,426,281,0.6596244131455399,570,326,0.5719298245614035,149,0.1417697431018078,156,0.148430066603235,293,0.2787821122740247,0,0.0,642,0.6108468125594672,108,0.1027592768791627,17,0.0399061032863849,36047057600,2649,589,0.2223480558701396,2649,171,0.0645526613816534,2649,170,0.0641751604379011,80862,0.080862,12997.452449852835,0.8922025255838129
360470578001,360470578001,Block Group 1; Census Tract 578; Kings County; New York,Brooklyn,1310,559,408,0.7298747763864043,538,248,0.4609665427509293,148,0.1129770992366412,475,0.3625954198473282,481,0.3671755725190839,0,0.0,736,0.5618320610687023,72,0.0549618320610687,171,0.3059033989266547,36047057800,2856,343,0.1200980392156862,2923,407,0.1392405063291139,2923,102,0.0348956551488197,82202,0.082202,15936.351913578746,0.8041490466668606
360470579011,360470579011,Block Group 1; Census Tract 579.01; Kings County; New York,Brooklyn,349,199,170,0.8542713567839196,297,131,0.441077441077441,25,0.0716332378223495,0,0.0,191,0.5472779369627507,34,0.0974212034383954,67,0.1919770773638968,57,0.163323782234957,0,0.0,36047057901,1506,339,0.2250996015936255,1512,137,0.0906084656084656,1512,116,0.0767195767195767,53965,0.053965,6467.154637264894,0.9087976210561372
360470580001,360470580001,Block Group 1; Census Tract 580; Kings County; New York,Brooklyn,1614,620,547,0.882258064516129,506,207,0.4090909090909091,433,0.2682775712515489,268,0.1660470879801734,1112,0.6889714993804213,23,0.0142503097893432,209,0.1294919454770756,172,0.1065675340768277,179,0.2887096774193548,36047058000,3008,839,0.2789228723404255,3008,480,0.1595744680851064,3008,210,0.069813829787234,80814,0.080814,19971.78706659737,0.8448617055534299
360470582001,360470582001,Block Group 1; Census Tract 582; Kings County; New York,Brooklyn,1587,309,240,0.7766990291262136,569,351,0.616871704745167,689,0.4341524889729048,121,0.0762444864524259,353,0.2224322621298046,18,0.0113421550094517,375,0.2362948960302457,575,0.3623188405797101,146,0.4724919093851132,36047058200,2585,429,0.1659574468085106,2585,229,0.0885880077369439,2585,208,0.0804642166344294,57683,0.057683,27512.438673439316,0.8098998965573262
360470584001,360470584001,Block Group 1; Census Tract 584; Kings County; New York,Brooklyn,1247,570,401,0.7035087719298245,511,251,0.4911937377690802,293,0.2349639133921411,299,0.2397754611066559,880,0.7056936647955092,27,0.0216519647153167,215,0.1724137931034483,35,0.0280673616680032,226,0.3964912280701754,36047058400,3588,562,0.1566332218506131,3588,231,0.06438127090301,3588,155,0.0431995540691192,58958,0.058958,21150.649614980153,0.870255955076668
360470586001,360470586001,Block Group 1; Census Tract 586; Kings County; New York,Brooklyn,1153,438,249,0.5684931506849316,421,120,0.2850356294536817,275,0.238508239375542,228,0.1977450130095403,375,0.3252385082393755,129,0.1118820468343451,639,0.5542064180398959,10,0.0086730268863833,120,0.273972602739726,36047058600,2264,747,0.3299469964664311,2256,196,0.0868794326241134,2256,125,0.0554078014184397,77477,0.077477,14881.835899686355,0.8543913421290087
360470588001,360470588001,Block Group 1; Census Tract 588; Kings County; New York,Brooklyn,1742,728,459,0.6304945054945055,1119,522,0.4664879356568364,28,0.0160734787600459,345,0.1980482204362801,1299,0.7456946039035591,30,0.0172215843857634,180,0.1033295063145809,107,0.0614236509758897,222,0.3049450549450549,36047058800,3539,382,0.1079400960723368,3539,563,0.1590844871432608,3539,160,0.0452105114439107,118581,0.118581,14690.380415074927,0.9362950210512272
360470589011,360470589011,Block Group 1; Census Tract 589.01; Kings County; New York,Brooklyn,1229,502,425,0.8466135458167331,555,155,0.2792792792792792,327,0.2660699755899105,109,0.0886899918633035,1007,0.8193653376729048,0,0.0,49,0.0398698128559804,110,0.0895036615134255,3,0.0059760956175298,36047058901,2103,244,0.1160247265810746,2103,184,0.0874940561103185,2103,143,0.0679980979553019,66621,0.066621,18447.636631092297,0.8824116147131752
360470058001,360470058001,Block Group 1; Census Tract 58; Kings County; New York,Brooklyn,652,419,347,0.8281622911694511,280,158,0.5642857142857143,66,0.1012269938650306,177,0.2714723926380368,436,0.6687116564417178,0,0.0,62,0.0950920245398773,71,0.1088957055214723,76,0.1813842482100238,36047005800,3115,237,0.076083467094703,3110,436,0.140192926045016,3110,36,0.0115755627009646,60351,0.060351,10803.46638829514,0.8241089932813213
360470590001,360470590001,Block Group 1; Census Tract 590; Kings County; New York,Brooklyn,1903,656,458,0.698170731707317,781,451,0.5774647887323944,297,0.1560693641618497,381,0.2002101944298476,655,0.3441933788754598,49,0.0257488176563321,770,0.4046242774566474,415,0.2180767209668943,244,0.3719512195121951,36047059000,1903,222,0.116657908565423,1903,183,0.0961639516552811,1903,214,0.1124540199684708,158383,0.158383,12015.17839667136,0.9443988149499198
360470591001,360470591001,Block Group 1; Census Tract 591; Kings County; New York,Brooklyn,583,337,337,1.0,391,84,0.2148337595907928,0,0.0,124,0.2126929674099485,388,0.6655231560891939,44,0.0754716981132075,0,0.0,113,0.1938250428816466,13,0.0385756676557863,36047059100,3952,200,0.0506072874493927,3952,256,0.0647773279352226,3952,405,0.1024797570850202,30142,0.030142,19341.782230774337,0.8339963640501459
360470592001,360470592001,Block Group 1; Census Tract 592; Kings County; New York,Brooklyn,1190,465,342,0.7354838709677419,384,224,0.5833333333333334,290,0.2436974789915966,291,0.2445378151260504,958,0.8050420168067227,0,0.0,153,0.1285714285714285,31,0.0260504201680672,110,0.2365591397849462,36047059200,3747,747,0.199359487590072,3747,605,0.1614625033360021,3747,74,0.0197491326394448,49270,0.04927,24152.62837426426,0.8012489798927356
360470593001,360470593001,Block Group 1; Census Tract 593; Kings County; New York,Brooklyn,1788,702,593,0.8447293447293447,1024,587,0.5732421875,383,0.2142058165548098,158,0.0883668903803132,1106,0.6185682326621924,97,0.0542505592841163,37,0.0206935123042505,252,0.1409395973154362,110,0.1566951566951566,36047059300,2669,414,0.1551142750093668,2669,266,0.0996627950543274,2669,63,0.0236043461970775,145148,0.145148,12318.46115688814,0.700147057879812
360470594021,360470594021,Block Group 1; Census Tract 594.02; Kings County; New York,Brooklyn,1218,566,279,0.4929328621908127,676,371,0.5488165680473372,244,0.2003284072249589,198,0.1625615763546798,1218,1.0,0,0.0,0,0.0,0,0.0,240,0.4240282685512367,36047059402,5713,491,0.085944337475932,5713,469,0.0820934710309819,5713,172,0.0301067740241554,84416,0.084416,14428.544351781651,0.8375011917894696
360470594031,360470594031,Block Group 1; Census Tract 594.03; Kings County; New York,Brooklyn,979,273,147,0.5384615384615384,384,173,0.4505208333333333,338,0.3452502553626149,165,0.1685393258426966,426,0.4351378958120531,0,0.0,553,0.5648621041879469,0,0.0,98,0.358974358974359,36047059403,3062,283,0.0924232527759634,3062,508,0.1659046374918354,3062,85,0.027759634225996,64626,0.064626,15148.701760901184,0.8347150122033864
360470594041,360470594041,Block Group 1; Census Tract 594.04; Kings County; New York,Brooklyn,1129,363,220,0.6060606060606061,417,173,0.4148681055155875,275,0.2435783879539415,156,0.1381753764393268,268,0.237378210806023,0,0.0,338,0.2993799822852081,523,0.4632418069087688,125,0.3443526170798898,36047059404,3934,294,0.0747330960854092,3934,398,0.1011692933401118,3934,481,0.1222674123029994,96434,0.096434,11707.489059875146,0.7994964209623667
360470596001,360470596001,Block Group 1; Census Tract 596; Kings County; New York,Brooklyn,488,252,61,0.242063492063492,291,55,0.1890034364261168,51,0.1045081967213114,113,0.2315573770491803,428,0.8770491803278688,0,0.0,20,0.040983606557377,11,0.0225409836065573,140,0.5555555555555556,36047059600,2261,277,0.1225121627598407,2261,387,0.1711632021229544,2261,257,0.1136665192392746,38137,0.038137,12795.972415239794,0.8436679472413642
360470598001,360470598001,Block Group 1; Census Tract 598; Kings County; New York,Brooklyn,2364,792,636,0.803030303030303,651,162,0.2488479262672811,634,0.2681895093062605,282,0.1192893401015228,1536,0.649746192893401,10,0.0042301184433164,202,0.0854483925549915,296,0.1252115059221658,404,0.51010101010101,36047059800,3212,297,0.0924657534246575,3212,595,0.1852428393524283,3212,95,0.0295765877957658,101631,0.101631,23260.61929922957,0.8080007053864307
360470059001,360470059001,Block Group 1; Census Tract 59; Kings County; New York,Brooklyn,862,348,327,0.9396551724137931,483,112,0.2318840579710145,142,0.1647331786542923,214,0.2482598607888631,557,0.6461716937354989,72,0.0835266821345707,13,0.0150812064965197,197,0.228538283062645,0,0.0,36047005900,1488,358,0.2405913978494623,1515,204,0.1346534653465346,1515,64,0.0422442244224422,108807,0.108807,7922.284411848503,0.955455788840708
360470600001,360470600001,Block Group 1; Census Tract 600; Kings County; New York,Brooklyn,1216,465,191,0.410752688172043,568,291,0.5123239436619719,277,0.2277960526315789,222,0.1825657894736842,1090,0.8963815789473685,0,0.0,126,0.1036184210526315,0,0.0,103,0.221505376344086,36047060000,6451,1027,0.1592001240117811,6451,625,0.0968842039993799,6451,161,0.0249573709502402,68227,0.068227,17822.856054054846,0.8151433951552384
360470606001,360470606001,Block Group 1; Census Tract 606; Kings County; New York,Brooklyn,1931,1071,805,0.7516339869281046,1056,348,0.3295454545454545,312,0.1615743138270326,444,0.2299326773692387,1454,0.7529777317452098,23,0.0119109269808389,207,0.1071983428275504,107,0.0554117037804246,573,0.5350140056022409,36047060600,2790,411,0.1473118279569892,2790,314,0.1125448028673835,2790,137,0.0491039426523297,105706,0.105706,18267.648004843624,0.9414606764498448
360470608001,360470608001,Block Group 1; Census Tract 608; Kings County; New York,Brooklyn,643,290,200,0.6896551724137931,212,12,0.0566037735849056,76,0.1181959564541213,309,0.4805598755832037,518,0.8055987558320373,48,0.0746500777604976,39,0.0606531881804043,18,0.0279937791601866,128,0.4413793103448276,36047060800,3443,511,0.1484170781295382,3443,568,0.1649724077839093,3443,296,0.0859715364507696,238403,0.238403,2697.1137108173975,0.8025065508306817
360470060001,360470060001,Block Group 1; Census Tract 60; Kings County; New York,Brooklyn,1398,402,359,0.8930348258706468,588,245,0.4166666666666667,498,0.3562231759656652,78,0.055793991416309,627,0.4484978540772532,1,0.0007153075822603,151,0.1080114449213161,619,0.4427753934191702,132,0.3283582089552239,36047006000,2793,91,0.0325814536340852,2793,204,0.0730397422126745,2793,205,0.0733977801646974,59658,0.059658,23433.57135673338,0.8150532263020613
360470610021,360470610021,Block Group 1; Census Tract 610.02; Kings County; New York,Brooklyn,1081,542,515,0.9501845018450183,522,128,0.2452107279693486,0,0.0,515,0.4764107308048103,986,0.912118408880666,0,0.0,44,0.0407030527289546,0,0.0,241,0.4446494464944649,36047061002,4696,648,0.1379897785349233,4681,755,0.1612903225806451,4681,334,0.0713522751548814,125065,0.125065,8643.505377203854,0.8674437617454739
360470610031,360470610031,Block Group 1; Census Tract 610.03; Kings County; New York,Brooklyn,817,218,187,0.8577981651376146,187,35,0.1871657754010695,384,0.4700122399020808,68,0.0832313341493268,60,0.0734394124847001,0,0.0,103,0.1260709914320685,654,0.8004895960832313,111,0.5091743119266054,36047061003,2009,777,0.3867595818815331,2025,194,0.0958024691358024,2025,226,0.1116049382716049,36307,0.036307,22502.547718070895,0.848297833758616
360470610041,360470610041,Block Group 1; Census Tract 610.04; Kings County; New York,Brooklyn,1641,769,624,0.811443433029909,477,139,0.2914046121593291,125,0.0761730652041438,587,0.3577087141986593,1442,0.878732480195003,0,0.0,0,0.0,15,0.0091407678244972,464,0.6033810143042913,36047061004,5278,1155,0.2188328912466843,5278,1390,0.2633573323228496,5278,340,0.0644183402804092,53631,0.053631,30597.97505174246,0.8646199871052509
360470612001,360470612001,Block Group 1; Census Tract 612; Kings County; New York,Brooklyn,1118,449,227,0.5055679287305123,574,274,0.4773519163763066,127,0.1135957066189624,331,0.2960644007155635,953,0.8524150268336315,16,0.0143112701252236,9,0.0080500894454382,89,0.0796064400715563,172,0.3830734966592428,36047061200,1105,84,0.0760180995475113,1118,122,0.10912343470483,1118,12,0.0107334525939177,198236,0.198236,5639.742529106721,0.8036232345006467
360470616001,360470616001,Block Group 1; Census Tract 616; Kings County; New York,Brooklyn,1626,532,130,0.244360902255639,591,136,0.2301184433164128,183,0.1125461254612546,796,0.4895448954489544,1362,0.8376383763837638,64,0.039360393603936,0,0.0,21,0.0129151291512915,106,0.1992481203007518,36047061600,1310,29,0.0221374045801526,1310,186,0.1419847328244274,1310,8,0.0061068702290076,726087,0.726087,2239.401063508918,0.8857551334810633
360470620001,360470620001,Block Group 1; Census Tract 620; Kings County; New York,Brooklyn,780,360,167,0.4638888888888889,400,158,0.395,74,0.0948717948717948,127,0.1628205128205128,627,0.8038461538461539,36,0.0461538461538461,25,0.032051282051282,0,0.0,72,0.2,36047062000,1516,25,0.0164907651715039,1516,200,0.1319261213720316,1516,6,0.0039577836411609,151111,0.151111,5161.768501300368,0.8747866220720489
360470622001,360470622001,Block Group 1; Census Tract 622; Kings County; New York,Brooklyn,1210,515,434,0.8427184466019417,401,44,0.1097256857855361,294,0.2429752066115702,365,0.3016528925619834,600,0.4958677685950413,374,0.3090909090909091,17,0.0140495867768595,149,0.1231404958677686,190,0.3689320388349514,36047062200,2670,708,0.2651685393258427,2670,392,0.146816479400749,2670,191,0.0715355805243445,113759,0.113759,10636.521066465071,0.8285857011177679
360470626001,360470626001,Block Group 1; Census Tract 626; Kings County; New York,Brooklyn,582,189,44,0.2328042328042328,233,58,0.2489270386266094,155,0.2663230240549828,74,0.127147766323024,252,0.4329896907216495,30,0.0515463917525773,224,0.3848797250859107,52,0.0893470790378006,20,0.1058201058201058,36047062600,3046,610,0.2002626395272488,3046,435,0.1428102429415627,3046,64,0.021011162179908,61538,0.061538,9457.570931781987,0.8566530155087845
360470628001,360470628001,Block Group 1; Census Tract 628; Kings County; New York,Brooklyn,1145,470,72,0.1531914893617021,504,187,0.371031746031746,228,0.1991266375545851,150,0.131004366812227,929,0.8113537117903931,0,0.0,83,0.0724890829694323,58,0.0506550218340611,12,0.025531914893617,36047062800,4838,283,0.0584952459694088,4838,585,0.1209177346010748,4838,38,0.0078544853245142,182849,0.182849,6261.997604580829,0.6205420122368686
360470062001,360470062001,Block Group 1; Census Tract 62; Kings County; New York,Brooklyn,1491,519,460,0.8863198458574181,641,264,0.4118564742589704,232,0.1556002682763246,306,0.2052313883299799,1045,0.7008718980549966,0,0.0,74,0.0496311200536552,330,0.221327967806841,110,0.2119460500963391,36047006200,2635,453,0.1719165085388994,2648,188,0.0709969788519637,2648,172,0.0649546827794562,57300,0.0573,26020.942408376966,0.8114983046755121
360470632001,360470632001,Block Group 1; Census Tract 632; Kings County; New York,Brooklyn,1017,511,193,0.3776908023483366,485,167,0.3443298969072165,139,0.1366764995083579,327,0.3215339233038348,719,0.7069813176007866,1,0.0009832841691248,161,0.1583087512291052,132,0.1297935103244837,100,0.1956947162426614,36047063200,1409,95,0.0674237047551454,1409,280,0.198722498225692,1409,0,0.0,59478,0.059478,17098.759205084232,0.7694396557176262
360470636001,360470636001,Block Group 1; Census Tract 636; Kings County; New York,Brooklyn,1093,348,53,0.1522988505747126,471,60,0.1273885350318471,286,0.2616651418115279,211,0.1930466605672461,675,0.6175663311985361,0,0.0,236,0.2159194876486733,109,0.0997255260750228,19,0.0545977011494252,36047063600,1093,43,0.0393412625800548,1093,105,0.0960658737419945,1093,12,0.010978956999085,114332,0.114332,9559.87824930903,0.7721151171658805
360470638001,360470638001,Block Group 1; Census Tract 638; Kings County; New York,Brooklyn,955,357,251,0.7030812324929971,434,103,0.2373271889400921,288,0.3015706806282722,143,0.1497382198952879,603,0.631413612565445,129,0.1350785340314136,155,0.1623036649214659,68,0.0712041884816754,31,0.0868347338935574,36047063800,1882,124,0.0658873538788522,1882,170,0.0903294367693942,1882,62,0.0329436769394261,57883,0.057883,16498.799302040323,0.8391851703705008
360470063001,360470063001,Block Group 1; Census Tract 63; Kings County; New York,Brooklyn,783,342,268,0.783625730994152,508,195,0.3838582677165354,186,0.2375478927203065,62,0.0791826309067688,554,0.7075351213282248,9,0.0114942528735632,12,0.0153256704980842,160,0.2043422733077905,6,0.0175438596491228,36047006300,1904,65,0.0341386554621848,1904,183,0.0961134453781512,1904,87,0.0456932773109243,33411,0.033411,23435.395528418783,0.9507888927359256
360470640001,360470640001,Block Group 1; Census Tract 640; Kings County; New York,Brooklyn,867,212,17,0.080188679245283,408,131,0.321078431372549,298,0.3437139561707035,96,0.1107266435986159,701,0.8085351787773933,0,0.0,47,0.0542099192618223,119,0.1372549019607843,14,0.0660377358490566,36047064000,1327,89,0.06706857573474,1317,76,0.0577069096431283,1317,64,0.0485952923310554,76772,0.076772,11293.179805137288,0.8501629571407673
360470642001,360470642001,Block Group 1; Census Tract 642; Kings County; New York,Brooklyn,1228,472,277,0.586864406779661,475,179,0.3768421052631578,328,0.2671009771986971,319,0.259771986970684,849,0.6913680781758957,89,0.0724755700325733,152,0.1237785016286645,128,0.1042345276872964,16,0.0338983050847457,36047064200,2277,601,0.2639437856829161,2263,282,0.1246133451171011,2263,98,0.0433053468846663,164244,0.164244,7476.681035532501,0.8954796593195742
360470644001,360470644001,Block Group 1; Census Tract 644; Kings County; New York,Brooklyn,1064,345,176,0.5101449275362319,487,118,0.2422997946611909,188,0.1766917293233082,207,0.1945488721804511,694,0.6522556390977443,18,0.0169172932330827,289,0.2716165413533835,41,0.0385338345864661,52,0.1507246376811594,36047064400,2166,531,0.2451523545706371,2159,205,0.0949513663733209,2159,17,0.0078740157480314,92253,0.092253,11533.50026557402,0.9446994407320294
360470646001,360470646001,Block Group 1; Census Tract 646; Kings County; New York,Brooklyn,824,249,21,0.0843373493975903,332,65,0.1957831325301204,238,0.2888349514563106,97,0.1177184466019417,592,0.7184466019417476,11,0.0133495145631067,128,0.1553398058252427,93,0.1128640776699029,18,0.072289156626506,36047064600,2154,201,0.0933147632311977,2154,191,0.0886722376973073,2154,67,0.0311049210770659,79264,0.079264,10395.639886960033,0.9251834986686442
360470648001,360470648001,Block Group 1; Census Tract 648; Kings County; New York,Brooklyn,830,303,140,0.462046204620462,236,93,0.3940677966101695,78,0.0939759036144578,337,0.4060240963855421,394,0.4746987951807229,200,0.2409638554216867,99,0.1192771084337349,129,0.1554216867469879,8,0.0264026402640264,36047064800,1828,133,0.0727571115973741,1828,258,0.1411378555798687,1828,27,0.0147702407002188,76234,0.076234,10887.530498202905,0.8441579057838395
360470064001,360470064001,Block Group 1; Census Tract 64; Kings County; New York,Brooklyn,1140,499,371,0.7434869739478958,475,122,0.2568421052631578,240,0.2105263157894736,308,0.2701754385964912,804,0.7052631578947368,0,0.0,154,0.1350877192982456,156,0.1368421052631579,72,0.1442885771543086,36047006400,3461,621,0.179427911008379,3461,373,0.1077723201386882,3461,77,0.0222479052297023,81319,0.081319,14018.863980127646,0.8124205782777744
360470650001,360470650001,Block Group 1; Census Tract 650; Kings County; New York,Brooklyn,393,162,88,0.5432098765432098,160,62,0.3875,78,0.1984732824427481,134,0.3409669211195928,112,0.2849872773536895,145,0.3689567430025445,37,0.094147582697201,99,0.2519083969465648,10,0.0617283950617283,36047065000,1286,138,0.1073094867807153,1286,364,0.2830482115085536,1286,24,0.0186625194401244,78802,0.078802,4987.183066419634,0.8415809460432064
360470652001,360470652001,Block Group 1; Census Tract 652; Kings County; New York,Brooklyn,1121,506,145,0.2865612648221344,349,101,0.2893982808022922,235,0.2096342551293488,428,0.3818019625334523,926,0.8260481712756468,30,0.0267618198037466,79,0.0704727921498662,34,0.0303300624442462,19,0.0375494071146245,36047065200,1121,21,0.0187332738626226,1121,179,0.159678858162355,1121,41,0.0365744870651204,174713,0.174713,6416.236914253662,0.7946082402196979
360470654001,360470654001,Block Group 1; Census Tract 654; Kings County; New York,Brooklyn,744,251,106,0.4223107569721115,313,52,0.1661341853035143,271,0.364247311827957,80,0.1075268817204301,657,0.8830645161290323,0,0.0,54,0.0725806451612903,0,0.0,8,0.0318725099601593,36047065400,1654,38,0.022974607013301,1648,277,0.1680825242718446,1648,4,0.0024271844660194,75376,0.075376,9870.515814052218,0.8589290830026884
360470656001,360470656001,Block Group 1; Census Tract 656; Kings County; New York,Brooklyn,834,282,43,0.1524822695035461,442,138,0.3122171945701357,254,0.3045563549160671,78,0.0935251798561151,417,0.5,27,0.0323741007194244,292,0.3501199040767386,90,0.1079136690647482,51,0.1808510638297872,36047065600,1675,72,0.0429850746268656,1675,141,0.0841791044776119,1675,46,0.0274626865671641,76734,0.076734,10868.71530221284,0.8924557377370518
360470658001,360470658001,Block Group 1; Census Tract 658; Kings County; New York,Brooklyn,590,234,51,0.2179487179487179,307,86,0.2801302931596091,149,0.2525423728813559,159,0.2694915254237288,299,0.5067796610169492,14,0.023728813559322,207,0.3508474576271186,70,0.1186440677966101,19,0.0811965811965812,36047065800,1756,288,0.164009111617312,1756,195,0.1110478359908883,1756,30,0.0170842824601366,76916,0.076916,7670.705704924853,0.7808096864406752
360470065001,360470065001,Block Group 1; Census Tract 65; Kings County; New York,Brooklyn,871,358,202,0.5642458100558659,507,156,0.3076923076923077,95,0.1090700344431687,356,0.4087256027554535,756,0.8679678530424799,1,0.0011481056257175,9,0.010332950631458,68,0.0780711825487944,18,0.0502793296089385,36047006500,6089,241,0.0395795697158811,6089,241,0.0395795697158811,6089,76,0.0124815240597799,27384,0.027384,31806.89453695589,0.8830721640200057
360470660001,360470660001,Block Group 1; Census Tract 660; Kings County; New York,Brooklyn,935,313,13,0.0415335463258785,504,93,0.1845238095238095,242,0.2588235294117647,155,0.1657754010695187,648,0.6930481283422459,0,0.0,100,0.106951871657754,72,0.0770053475935828,7,0.0223642172523961,36047066000,1893,143,0.0755414685684099,1893,96,0.0507131537242472,1893,103,0.0544109878499735,76119,0.076119,12283.398363089373,0.7899336434092828
360470662001,360470662001,Block Group 1; Census Tract 662; Kings County; New York,Brooklyn,1159,499,187,0.374749498997996,446,196,0.4394618834080717,123,0.1061259706643658,461,0.3977566867989646,589,0.5081967213114754,23,0.0198446937014667,244,0.2105263157894736,284,0.2450388265746333,128,0.2565130260521042,36047066200,1159,181,0.1561691113028472,1159,263,0.2269197584124245,1159,88,0.0759275237273511,231462,0.231462,5007.301414487043,0.6250830356576411
360470066001,360470066001,Block Group 1; Census Tract 66; Kings County; New York,Brooklyn,1503,532,472,0.8872180451127819,572,146,0.2552447552447552,357,0.2375249500998004,476,0.3166999334664005,624,0.4151696606786427,7,0.0046573519627411,151,0.1004657351962741,616,0.4098469727212242,58,0.1090225563909774,36047006600,4104,713,0.1737329434697855,4104,420,0.1023391812865497,4104,155,0.0377680311890838,57553,0.057553,26115.059162858583,0.793990073002847
360470670001,360470670001,Block Group 1; Census Tract 670; Kings County; New York,Brooklyn,731,262,108,0.4122137404580153,320,113,0.353125,196,0.26812585499316,98,0.13406292749658,86,0.1176470588235294,444,0.6073871409028728,42,0.0574555403556771,141,0.1928864569083447,11,0.0419847328244274,36047067000,2486,361,0.1452131938857602,2486,369,0.1484312148028962,2486,51,0.0205148833467417,67846,0.067846,10774.400848981517,0.8117138385444079
360470672001,360470672001,Block Group 1; Census Tract 672; Kings County; New York,Brooklyn,1389,447,115,0.2572706935123042,729,378,0.5185185185185185,264,0.1900647948164147,180,0.1295896328293736,36,0.0259179265658747,846,0.6090712742980562,59,0.0424766018718502,448,0.3225341972642188,4,0.0089485458612975,36047067200,1389,30,0.0215982721382289,1389,79,0.0568754499640028,1389,41,0.0295176385889128,174237,0.174237,7971.9003426367535,0.8410590128142313
360470674001,360470674001,Block Group 1; Census Tract 674; Kings County; New York,Brooklyn,1023,306,75,0.2450980392156862,490,215,0.4387755102040816,238,0.2326490713587487,246,0.2404692082111437,18,0.0175953079178885,650,0.635386119257087,158,0.1544477028347996,24,0.0234604105571847,9,0.0294117647058823,36047067400,1891,151,0.0798519301956636,1909,239,0.1251964379256155,1909,40,0.0209533787323205,94439,0.094439,10832.389161257532,0.8370479413992259
360470676001,360470676001,Block Group 1; Census Tract 676; Kings County; New York,Brooklyn,1223,375,208,0.5546666666666666,561,178,0.3172905525846702,268,0.2191332788225674,278,0.2273098937040065,62,0.0506950122649223,908,0.7424366312346689,4,0.0032706459525756,188,0.1537203597710547,5,0.0133333333333333,36047067600,1491,112,0.0751173708920187,1510,213,0.1410596026490066,1510,72,0.047682119205298,66780,0.06678,18313.866427073972,0.7847436749979328
360470678001,360470678001,Block Group 1; Census Tract 678; Kings County; New York,Brooklyn,1563,602,338,0.5614617940199336,820,470,0.573170731707317,102,0.0652591170825335,394,0.2520793346129238,48,0.0307101727447216,1316,0.8419705694177864,0,0.0,25,0.0159948816378758,0,0.0,36047067800,2569,490,0.1907356948228883,2569,367,0.1428571428571428,2569,240,0.0934215648112105,83693,0.083693,18675.396986605807,0.7398721565961008
360470067001,360470067001,Block Group 1; Census Tract 67; Kings County; New York,Brooklyn,816,349,215,0.6160458452722063,358,182,0.5083798882681564,276,0.3382352941176471,64,0.0784313725490196,548,0.6715686274509803,11,0.0134803921568627,123,0.150735294117647,0,0.0,0,0.0,36047006700,4032,154,0.0381944444444444,4032,304,0.0753968253968253,4032,86,0.021329365079365,37243,0.037243,21910.157613511263,0.8957469917286593
360470680001,360470680001,Block Group 1; Census Tract 680; Kings County; New York,Brooklyn,1181,337,94,0.2789317507418398,466,250,0.5364806866952789,375,0.3175275190516511,159,0.1346316680779,13,0.0110076206604572,783,0.6629974597798476,7,0.0059271803556308,89,0.0753598645215918,0,0.0,36047068000,1759,101,0.0574189880613985,1759,123,0.0699260943718021,1759,112,0.0636725412166003,80640,0.08064,14645.3373015873,0.7946097863231736
360470682001,360470682001,Block Group 1; Census Tract 682; Kings County; New York,Brooklyn,1500,402,163,0.4054726368159204,723,460,0.636237897648686,372,0.248,296,0.1973333333333333,155,0.1033333333333333,887,0.5913333333333334,198,0.132,40,0.0266666666666666,30,0.0746268656716417,36047068200,2907,126,0.0433436532507739,2907,257,0.088407292741658,2907,94,0.0323357413140694,105903,0.105903,14163.904705249144,0.8400256279146519
360470686001,360470686001,Block Group 1; Census Tract 686; Kings County; New York,Brooklyn,737,337,124,0.3679525222551928,407,198,0.4864864864864865,114,0.1546811397557666,126,0.1709633649932157,174,0.2360922659430122,278,0.3772048846675712,255,0.3459972862957937,26,0.0352781546811397,57,0.1691394658753709,36047068600,1649,71,0.0430563978168587,1649,235,0.1425106124924196,1649,53,0.0321406913280776,71008,0.071008,10379.112212708427,0.7408038370280976
360470688001,360470688001,Block Group 1; Census Tract 688; Kings County; New York,Brooklyn,856,337,85,0.2522255192878338,497,234,0.4708249496981891,142,0.1658878504672897,137,0.1600467289719626,123,0.1436915887850467,551,0.6436915887850467,45,0.0525700934579439,82,0.0957943925233644,7,0.0207715133531157,36047068800,1584,47,0.0296717171717171,1584,170,0.1073232323232323,1584,21,0.0132575757575757,84900,0.0849,10082.449941107185,0.7422877095265648
360470068001,360470068001,Block Group 1; Census Tract 68; Kings County; New York,Brooklyn,1425,472,460,0.9745762711864406,715,428,0.5986013986013986,346,0.2428070175438596,65,0.0456140350877193,646,0.4533333333333333,18,0.0126315789473684,205,0.143859649122807,370,0.2596491228070175,82,0.173728813559322,36047006800,4107,558,0.1358655953250548,4107,531,0.1292914536157779,4107,292,0.0710981251521792,40452,0.040452,35226.93562741026,0.6225964178366536
360470069011,360470069011,Block Group 1; Census Tract 69.01; Kings County; New York,Brooklyn,939,452,360,0.7964601769911505,567,303,0.5343915343915344,119,0.1267305644302449,161,0.1714589989350372,642,0.6837060702875399,21,0.0223642172523961,117,0.1246006389776357,146,0.1554845580404686,6,0.0132743362831858,36047006901,1749,126,0.072041166380789,1783,116,0.0650588895120583,1783,85,0.0476724621424565,33186,0.033186,28295.064183691917,0.8631700188348386
360470069021,360470069021,Block Group 1; Census Tract 69.02; Kings County; New York,Brooklyn,1038,479,390,0.81419624217119,611,270,0.44189852700491,196,0.1888246628131021,50,0.048169556840077,776,0.7475915221579962,51,0.0491329479768786,76,0.0732177263969171,33,0.0317919075144508,22,0.045929018789144,36047006902,1906,69,0.0362014690451206,1906,86,0.0451206715634837,1906,74,0.0388247639034627,49677,0.049677,20894.981581013348,0.8434787066484135
360470690001,360470690001,Block Group 1; Census Tract 690; Kings County; New York,Brooklyn,566,229,89,0.388646288209607,286,31,0.1083916083916083,23,0.0406360424028268,219,0.3869257950530035,46,0.0812720848056537,333,0.588339222614841,1,0.0017667844522968,186,0.3286219081272085,0,0.0,36047069000,1668,201,0.1205035971223021,1664,182,0.109375,1664,141,0.0847355769230769,87370,0.08737,6478.19617717752,0.7291546577012341
360470692001,360470692001,Block Group 1; Census Tract 692; Kings County; New York,Brooklyn,1411,501,281,0.5608782435129741,778,411,0.5282776349614395,290,0.2055279943302622,212,0.1502480510276399,129,0.0914245216158752,1051,0.7448618001417434,33,0.0233876683203401,120,0.0850460666194188,21,0.0419161676646706,36047069200,2293,131,0.0571303968600087,2301,370,0.160799652325076,2301,88,0.0382442416340721,122431,0.122431,11524.858900115169,0.8451993306503884
360470696011,360470696011,Block Group 1; Census Tract 696.01; Kings County; New York,Brooklyn,1567,553,318,0.5750452079566004,948,335,0.3533755274261603,90,0.0574345883854499,320,0.204211869814933,536,0.3420548819400127,782,0.4990427568602425,44,0.0280791320995532,189,0.1206126356094448,41,0.0741410488245931,36047069601,3434,193,0.0562026790914385,3434,410,0.1193942923704135,3434,112,0.0326150262085032,179831,0.179831,8713.736786204827,0.7261772678716751
360470696021,360470696021,Block Group 1; Census Tract 696.02; Kings County; New York,Brooklyn,1190,362,30,0.0828729281767955,558,180,0.3225806451612903,275,0.2310924369747899,314,0.2638655462184874,561,0.4714285714285714,195,0.1638655462184874,23,0.0193277310924369,284,0.2386554621848739,0,0.0,36047069602,5844,212,0.0362765229295003,5844,655,0.1120807665982204,5844,340,0.0581793292265571,93477,0.093477,12730.40427056923,0.6682914783085772
360470698001,360470698001,Block Group 1; Census Tract 698; Kings County; New York,Brooklyn,665,186,13,0.0698924731182795,215,48,0.2232558139534883,249,0.3744360902255639,80,0.1203007518796992,389,0.5849624060150376,57,0.0857142857142857,36,0.0541353383458646,161,0.2421052631578947,6,0.032258064516129,36047069800,1337,47,0.0351533283470456,1337,178,0.1331338818249813,1337,58,0.0433807030665669,76707,0.076707,8669.352210358898,0.6639852883651686
360470700001,360470700001,Block Group 1; Census Tract 700; Kings County; New York,Brooklyn,689,283,141,0.4982332155477031,372,101,0.271505376344086,119,0.1727140783744557,141,0.204644412191582,280,0.4063860667634252,109,0.1582002902757619,87,0.1262699564586357,59,0.0856313497822931,11,0.03886925795053,36047070000,1214,56,0.0461285008237232,1214,168,0.1383855024711696,1214,153,0.1260296540362438,91687,0.091687,7514.696739995855,0.6421524041801787
360470702011,360470702011,Block Group 1; Census Tract 702.01; Kings County; New York,Brooklyn,1526,354,98,0.2768361581920904,542,8,0.014760147601476,718,0.4705111402359109,122,0.0799475753604194,1526,1.0,0,0.0,0,0.0,0,0.0,0,0.0,36047070201,6531,261,0.0399632521819017,6531,813,0.1244832338079926,6531,265,0.0405757158168733,264255,0.264255,5774.7251707630885,0.6049015191036262
360470706011,360470706011,Block Group 1; Census Tract 706.01; Kings County; New York,Brooklyn,673,263,55,0.2091254752851711,382,6,0.0157068062827225,145,0.2154531946508172,124,0.1842496285289747,553,0.8216939078751857,0,0.0,18,0.0267459138187221,102,0.1515601783060921,28,0.1064638783269961,36047070601,2437,8,0.003282724661469,2437,244,0.100123102174805,2437,43,0.0176446450553959,144734,0.144734,4649.909489131786,0.6028973980546464
360470070001,360470070001,Block Group 1; Census Tract 70; Kings County; New York,Brooklyn,1709,836,674,0.80622009569378,698,301,0.4312320916905444,249,0.1456992393212405,588,0.3440608543007606,795,0.465184318314804,0,0.0,43,0.0251609128145114,743,0.4347571679344646,166,0.1985645933014354,36047007000,2591,147,0.0567348514087225,2591,523,0.2018525665766113,2591,75,0.0289463527595522,94743,0.094743,18038.271956767258,0.8251684096316462
360470071001,360470071001,Block Group 1; Census Tract 71; Kings County; New York,Brooklyn,805,391,283,0.7237851662404092,410,124,0.3024390243902439,133,0.1652173913043478,147,0.1826086956521739,605,0.7515527950310559,0,0.0,16,0.0198757763975155,125,0.15527950310559,0,0.0,36047007100,4050,829,0.2046913580246913,4050,747,0.1844444444444444,4050,277,0.068395061728395,49215,0.049215,16356.801788072742,0.8714798108387939
360470720001,360470720001,Block Group 1; Census Tract 720; Kings County; New York,Brooklyn,1678,592,399,0.6739864864864865,806,276,0.3424317617866005,361,0.2151370679380214,353,0.2103694874851013,31,0.0184743742550655,1233,0.7348033373063171,164,0.0977353992848629,56,0.033373063170441,67,0.1131756756756756,36047072000,1678,406,0.2419547079856972,1678,275,0.1638855780691299,1678,46,0.0274135876042908,158228,0.158228,10604.949819248171,0.8496851749605128
360470722001,360470722001,Block Group 1; Census Tract 722; Kings County; New York,Brooklyn,1172,382,114,0.2984293193717277,558,222,0.3978494623655914,147,0.1254266211604095,276,0.2354948805460751,0,0.0,1046,0.8924914675767918,5,0.0042662116040955,33,0.0281569965870307,13,0.0340314136125654,36047072200,2242,241,0.107493309545049,2213,145,0.0655219159511974,2213,54,0.0244012652507907,149765,0.149765,7825.59342970654,0.5990763138609903
360470724001,360470724001,Block Group 1; Census Tract 724; Kings County; New York,Brooklyn,710,260,192,0.7384615384615385,305,181,0.5934426229508196,183,0.2577464788732394,209,0.2943661971830986,3,0.004225352112676,671,0.9450704225352112,0,0.0,0,0.0,36,0.1384615384615384,36047072400,1586,276,0.1740226986128625,1586,169,0.1065573770491803,1586,33,0.0208070617906683,63482,0.063482,11184.272707224096,0.8127447714761874
360470726001,360470726001,Block Group 1; Census Tract 726; Kings County; New York,Brooklyn,2672,731,237,0.3242134062927496,1126,518,0.4600355239786856,439,0.1642964071856287,444,0.1661676646706587,76,0.028443113772455,2100,0.7859281437125748,2,0.0007485029940119,199,0.0744760479041916,10,0.0136798905608755,36047072600,2672,542,0.2028443113772455,2672,364,0.1362275449101796,2672,66,0.0247005988023952,275168,0.275168,9710.43144551692,0.8365652546066902
360470728001,360470728001,Block Group 1; Census Tract 728; Kings County; New York,Brooklyn,2569,1179,607,0.5148430873621713,931,463,0.4973147153598281,580,0.2257687816270922,641,0.2495134293499416,37,0.0144024912417282,1950,0.759050214091086,136,0.0529388867263526,291,0.1132736473335928,29,0.0245971162001696,36047072800,3070,321,0.1045602605863192,3153,318,0.1008563273073263,3153,178,0.0564541706311449,126338,0.126338,20334.34121167028,0.7538830677321989
360470072001,360470072001,Block Group 1; Census Tract 72; Kings County; New York,Brooklyn,1759,570,556,0.975438596491228,834,508,0.6091127098321343,423,0.2404775440591245,218,0.1239340534394542,93,0.0528709494030699,9,0.0051165434906196,367,0.2086412734508243,1279,0.7271176805002842,274,0.4807017543859649,36047007200,1738,483,0.2779056386651323,1759,254,0.1444002274019329,1759,343,0.1949971574758385,62490,0.06249,28148.5037606017,0.8597581714570427
360470730001,360470730001,Block Group 1; Census Tract 730; Kings County; New York,Brooklyn,1296,436,204,0.4678899082568807,712,385,0.5407303370786517,226,0.1743827160493827,162,0.125,7,0.0054012345679012,1079,0.8325617283950617,50,0.0385802469135802,29,0.0223765432098765,8,0.018348623853211,36047073000,2108,58,0.0275142314990512,2109,150,0.0711237553342816,2109,118,0.0559506875296349,117546,0.117546,11025.470879485478,0.7823479511630669
360470732001,360470732001,Block Group 1; Census Tract 732; Kings County; New York,Brooklyn,913,354,156,0.4406779661016949,413,150,0.3631961259079903,167,0.1829134720700986,151,0.1653888280394304,34,0.0372398685651697,748,0.8192771084337349,51,0.0558598028477546,56,0.0613362541073384,0,0.0,36047073200,1877,273,0.1454448588172615,1877,95,0.0506126798082045,1877,131,0.069792221630261,75571,0.075571,12081.353958529064,0.9530932641552168
360470734001,360470734001,Block Group 1; Census Tract 734; Kings County; New York,Brooklyn,673,221,63,0.2850678733031674,427,78,0.1826697892271662,18,0.0267459138187221,171,0.2540861812778603,7,0.0104011887072808,437,0.649331352154532,46,0.0683506686478454,47,0.0698365527488855,0,0.0,36047073400,1133,70,0.0617828773168579,1142,207,0.1812609457092819,1142,49,0.0429071803852889,84197,0.084197,7993.1589011484975,0.8754996545021265
360470736001,360470736001,Block Group 1; Census Tract 736; Kings County; New York,Brooklyn,1050,469,341,0.7270788912579957,680,209,0.3073529411764706,171,0.1628571428571428,193,0.1838095238095238,0,0.0,820,0.780952380952381,44,0.0419047619047619,129,0.1228571428571428,49,0.1044776119402985,36047073600,2918,190,0.0651130911583276,2918,291,0.0997258396161754,2918,122,0.0418094585332419,59438,0.059438,17665.466536559103,0.9535668017925748
360470738001,360470738001,Block Group 1; Census Tract 738; Kings County; New York,Brooklyn,1460,488,313,0.6413934426229508,633,371,0.5860979462875198,308,0.210958904109589,271,0.1856164383561643,381,0.260958904109589,1058,0.7246575342465753,2,0.0013698630136986,3,0.0020547945205479,16,0.0327868852459016,36047073800,3517,168,0.0477679840773386,3517,406,0.1154392948535683,3517,128,0.0363946545351151,70520,0.07052,20703.346568349403,0.8606750922933715
360470740001,360470740001,Block Group 1; Census Tract 740; Kings County; New York,Brooklyn,1597,580,462,0.7965517241379311,660,464,0.703030303030303,546,0.3418910457107075,216,0.1352536005009392,39,0.0244207889793362,1112,0.6963055729492799,281,0.1759549154664997,92,0.0576080150281778,62,0.1068965517241379,36047074000,3287,507,0.1542439914815941,3287,495,0.150593246121083,3287,275,0.0836629145117128,83850,0.08385,19045.915324985093,0.8672456210118226
360470742001,360470742001,Block Group 1; Census Tract 742; Kings County; New York,Brooklyn,1305,420,200,0.4761904761904761,476,211,0.4432773109243697,200,0.1532567049808429,395,0.3026819923371647,340,0.2605363984674329,501,0.3839080459770115,73,0.0559386973180076,33,0.025287356321839,63,0.15,36047074200,2516,273,0.1085055643879173,2516,449,0.1784578696343402,2516,112,0.0445151033386327,107273,0.107273,12165.2233087543,0.9297147929902811
360470744001,360470744001,Block Group 1; Census Tract 744; Kings County; New York,Brooklyn,1451,274,31,0.1131386861313868,464,9,0.0193965517241379,688,0.4741557546519642,89,0.0613370089593383,1245,0.8580289455547898,0,0.0,22,0.0151619572708476,0,0.0,32,0.1167883211678832,36047074400,2648,324,0.1223564954682779,2648,197,0.0743957703927492,2648,92,0.0347432024169184,85792,0.085792,16912.998881014548,0.8916311097550057
360470746001,360470746001,Block Group 1; Census Tract 746; Kings County; New York,Brooklyn,1035,288,107,0.3715277777777778,452,155,0.3429203539823008,381,0.3681159420289855,91,0.0879227053140096,635,0.6135265700483091,196,0.1893719806763285,126,0.1217391304347826,72,0.0695652173913043,30,0.1041666666666666,36047074600,2334,255,0.1092544987146529,2334,198,0.0848329048843187,2334,39,0.0167095115681233,83962,0.083962,12327.005073723829,0.9351618337858484
360470748001,360470748001,Block Group 1; Census Tract 748; Kings County; New York,Brooklyn,593,188,40,0.2127659574468085,192,21,0.109375,207,0.3490725126475548,146,0.2462057335581787,570,0.9612141652613828,0,0.0,0,0.0,0,0.0,0,0.0,36047074800,1504,236,0.1569148936170212,1504,173,0.1150265957446808,1504,217,0.144281914893617,130797,0.130797,4533.743128665031,0.9638822020189052
360470074001,360470074001,Block Group 1; Census Tract 74; Kings County; New York,Brooklyn,1292,369,327,0.8861788617886179,695,496,0.7136690647482015,201,0.1555727554179566,145,0.1122291021671826,35,0.0270897832817337,0,0.0,740,0.5727554179566563,485,0.3753869969040248,141,0.3821138211382114,36047007400,5473,1134,0.2071989767951763,5478,348,0.0635268346111719,5478,814,0.1485943775100401,38640,0.03864,33436.85300207039,0.8760882949303253
360470750001,360470750001,Block Group 1; Census Tract 750; Kings County; New York,Brooklyn,1588,534,281,0.5262172284644194,548,43,0.0784671532846715,502,0.3161209068010076,262,0.1649874055415617,1322,0.8324937027707808,82,0.0516372795969773,0,0.0,82,0.0516372795969773,20,0.0374531835205992,36047075000,2802,125,0.0446109921484653,2802,203,0.0724482512491077,2802,60,0.0214132762312633,86704,0.086704,18315.187303930616,0.9297269482778608
360470752001,360470752001,Block Group 1; Census Tract 752; Kings County; New York,Brooklyn,1146,282,29,0.1028368794326241,340,46,0.1352941176470588,557,0.4860383944153578,121,0.1055846422338569,1142,0.9965095986038396,0,0.0,0,0.0,0,0.0,0,0.0,36047075200,1146,0,0.0,1146,29,0.025305410122164,1146,5,0.0043630017452006,173194,0.173194,6616.857396907515,0.8681376460231152
360470754001,360470754001,Block Group 1; Census Tract 754; Kings County; New York,Brooklyn,563,221,34,0.1538461538461538,346,37,0.1069364161849711,146,0.2593250444049733,138,0.2451154529307282,546,0.9698046181172292,16,0.0284191829484902,0,0.0,1,0.0017761989342806,0,0.0,36047075400,1000,15,0.015,1000,258,0.258,1000,2,0.002,86719,0.086719,6492.2335359033195,0.8888228838402813
360470756001,360470756001,Block Group 1; Census Tract 756; Kings County; New York,Brooklyn,1021,402,195,0.4850746268656716,479,88,0.1837160751565762,222,0.21743388834476,196,0.1919686581782566,657,0.643486777668952,64,0.0626836434867776,225,0.2203721841332027,54,0.0528893241919686,92,0.2288557213930348,36047075600,1720,178,0.1034883720930232,1720,125,0.0726744186046511,1720,97,0.0563953488372093,82339,0.082339,12399.95627831283,0.9111183399905932
360470758001,360470758001,Block Group 1; Census Tract 758; Kings County; New York,Brooklyn,452,176,30,0.1704545454545454,109,49,0.4495412844036697,46,0.1017699115044247,301,0.665929203539823,452,1.0,0,0.0,0,0.0,0,0.0,0,0.0,36047075800,1388,147,0.105907780979827,1400,456,0.3257142857142857,1400,16,0.0114285714285714,136543,0.136543,3310.312502288657,0.9087367252901144
360470075001,360470075001,Block Group 1; Census Tract 75; Kings County; New York,Brooklyn,742,483,364,0.7536231884057971,499,160,0.3206412825651302,81,0.1091644204851752,59,0.0795148247978436,542,0.7304582210242587,50,0.0673854447439353,2,0.0026954177897574,131,0.1765498652291105,0,0.0,36047007500,4766,796,0.1670163659253042,4766,353,0.0740663029794376,4766,300,0.0629458665547629,57571,0.057571,12888.43341265568,0.8425797781553517
360470760001,360470760001,Block Group 1; Census Tract 760; Kings County; New York,Brooklyn,562,99,25,0.2525252525252525,157,27,0.1719745222929936,322,0.5729537366548043,0,0.0,540,0.9608540925266904,0,0.0,0,0.0,0,0.0,0,0.0,36047076000,3205,273,0.085179407176287,3205,326,0.1017160686427457,3205,112,0.0349453978159126,85017,0.085017,6610.442617358882,0.9014594789418474
360470762001,360470762001,Block Group 1; Census Tract 762; Kings County; New York,Brooklyn,1051,320,272,0.85,272,117,0.4301470588235294,366,0.3482397716460513,146,0.1389153187440532,419,0.3986679352997145,207,0.1969552806850618,364,0.346336822074215,46,0.0437678401522359,141,0.440625,36047076200,4176,1242,0.2974137931034483,4224,539,0.1276041666666666,4224,311,0.0736268939393939,66160,0.06616,15885.731559854898,0.8442004847283945
360470764001,360470764001,Block Group 1; Census Tract 764; Kings County; New York,Brooklyn,1415,546,495,0.9065934065934066,760,404,0.531578947368421,209,0.1477031802120141,120,0.0848056537102473,176,0.1243816254416961,851,0.6014134275618375,29,0.0204946996466431,194,0.1371024734982332,46,0.0842490842490842,36047076400,4301,975,0.2266914671006742,4301,465,0.10811439200186,4301,1013,0.23552662171588,63040,0.06304,22446.065989847717,0.5876728224168867
360470766001,360470766001,Block Group 1; Census Tract 766; Kings County; New York,Brooklyn,2126,730,635,0.8698630136986302,1259,678,0.5385226370135028,326,0.1533396048918156,221,0.1039510818438382,278,0.1307619943555973,1323,0.6222953904045155,160,0.0752587017873941,224,0.1053621825023518,51,0.0698630136986301,36047076600,2126,243,0.1142991533396048,2126,250,0.1175917215428033,2126,138,0.0649106302916274,82578,0.082578,25745.355905931363,0.8010435911146454
360470768001,360470768001,Block Group 1; Census Tract 768; Kings County; New York,Brooklyn,1402,570,353,0.6192982456140351,690,194,0.2811594202898551,340,0.2425106990014265,149,0.1062767475035663,1115,0.7952924393723253,72,0.0513552068473609,162,0.115549215406562,27,0.0192582025677603,114,0.2,36047076800,3737,778,0.2081883864062081,3893,453,0.1163627022861546,3893,188,0.0482918058052915,151381,0.151381,9261.400043598604,0.8453976079532595
360470076001,360470076001,Block Group 1; Census Tract 76; Kings County; New York,Brooklyn,1570,441,365,0.8276643990929705,548,294,0.5364963503649635,378,0.240764331210191,219,0.1394904458598726,53,0.0337579617834394,75,0.0477707006369426,661,0.4210191082802548,700,0.445859872611465,240,0.54421768707483,36047007600,4095,600,0.1465201465201465,4096,514,0.12548828125,4096,649,0.158447265625,53594,0.053594,29294.323991491583,0.962797179330536
360470770001,360470770001,Block Group 1; Census Tract 770; Kings County; New York,Brooklyn,1425,540,411,0.7611111111111111,834,444,0.5323741007194245,181,0.1270175438596491,176,0.1235087719298245,227,0.159298245614035,785,0.5508771929824562,89,0.0624561403508771,192,0.1347368421052631,13,0.024074074074074,36047077000,2607,346,0.1327196010740314,2780,327,0.1176258992805755,2780,87,0.0312949640287769,45845,0.045845,31082.997055295014,0.8755973368316311
360470772001,360470772001,Block Group 1; Census Tract 772; Kings County; New York,Brooklyn,1650,506,293,0.5790513833992095,701,449,0.6405135520684736,300,0.1818181818181818,304,0.1842424242424242,139,0.0842424242424242,1031,0.6248484848484849,0,0.0,336,0.2036363636363636,21,0.0415019762845849,36047077200,3063,759,0.2477962781586679,3063,509,0.1661769507019262,3063,90,0.029382957884427,124696,0.124696,13232.180663373323,0.8548913202515886
360470774001,360470774001,Block Group 1; Census Tract 774; Kings County; New York,Brooklyn,827,316,316,1.0,412,226,0.5485436893203883,71,0.0858524788391777,52,0.0628778718258766,171,0.2067714631197098,374,0.4522370012091898,155,0.1874244256348246,102,0.1233373639661426,44,0.1392405063291139,36047077400,2906,268,0.0922229869236063,2906,276,0.0949759119064005,2906,146,0.0502408809359944,59677,0.059677,13857.935217923152,0.886725676201217
360470776001,360470776001,Block Group 1; Census Tract 776; Kings County; New York,Brooklyn,889,475,429,0.9031578947368422,550,423,0.769090909090909,82,0.0922384701912261,212,0.2384701912260967,101,0.1136107986501687,539,0.6062992125984252,179,0.2013498312710911,0,0.0,33,0.0694736842105263,36047077600,3448,264,0.0765661252900232,3448,630,0.1827146171693735,3448,101,0.0292923433874709,54748,0.054748,16238.036092642657,0.919665700842472
360470077001,360470077001,Block Group 1; Census Tract 77; Kings County; New York,Brooklyn,2364,1299,1014,0.7806004618937644,1285,766,0.5961089494163424,424,0.1793570219966159,242,0.1023688663282571,1815,0.7677664974619289,52,0.0219966159052453,83,0.0351099830795262,273,0.115482233502538,188,0.1447267128560431,36047007700,5974,311,0.052058921995313,5974,422,0.070639437562772,5974,56,0.0093739537997991,67296,0.067296,35128.38801711841,0.8612298733621125
360470780001,360470780001,Block Group 1; Census Tract 780; Kings County; New York,Brooklyn,832,210,57,0.2714285714285714,300,161,0.5366666666666666,161,0.1935096153846154,212,0.2548076923076923,79,0.094951923076923,660,0.7932692307692307,70,0.0841346153846153,1,0.001201923076923,0,0.0,36047078000,2161,50,0.0231374363720499,2161,230,0.1064322073114299,2161,23,0.0106432207311429,80978,0.080978,10274.395514831189,0.8614480260560972
360470782001,360470782001,Block Group 1; Census Tract 782; Kings County; New York,Brooklyn,1424,540,247,0.4574074074074074,594,191,0.3215488215488215,101,0.0709269662921348,442,0.3103932584269663,43,0.0301966292134831,852,0.598314606741573,57,0.0400280898876404,263,0.184691011235955,48,0.0888888888888888,36047078200,4086,632,0.154674498286833,4086,664,0.162506118453255,4086,245,0.0599608418991678,104776,0.104776,13590.898679086817,0.8418822665012017
360470784001,360470784001,Block Group 1; Census Tract 784; Kings County; New York,Brooklyn,1213,430,237,0.5511627906976744,572,262,0.458041958041958,71,0.0585325638911789,280,0.2308326463314097,70,0.0577081615828524,865,0.7131079967023908,16,0.0131904369332234,73,0.0601813685078318,15,0.0348837209302325,36047078400,2448,189,0.0772058823529411,2463,268,0.1088103938286642,2463,140,0.0568412505075111,82477,0.082477,14707.130472737856,0.8569547606474608
360470786011,360470786011,Block Group 1; Census Tract 786.01; Kings County; New York,Brooklyn,1320,482,401,0.8319502074688797,800,471,0.58875,129,0.0977272727272727,244,0.1848484848484848,0,0.0,898,0.6803030303030303,357,0.2704545454545454,20,0.0151515151515151,78,0.1618257261410788,36047078601,2220,219,0.0986486486486486,2220,306,0.1378378378378378,2220,67,0.0301801801801801,44831,0.044831,29443.911579041287,0.915310983484445
360470786021,360470786021,Block Group 1; Census Tract 786.02; Kings County; New York,Brooklyn,894,425,284,0.668235294117647,343,193,0.5626822157434402,133,0.1487695749440716,204,0.2281879194630872,90,0.1006711409395973,507,0.5671140939597316,56,0.0626398210290827,211,0.2360178970917226,8,0.0188235294117647,36047078602,2072,420,0.2027027027027027,2104,314,0.1492395437262357,2104,58,0.0275665399239543,21841,0.021841,40932.19174946202,0.9182161353087402
360470788011,360470788011,Block Group 1; Census Tract 788.01; Kings County; New York,Brooklyn,802,374,347,0.927807486631016,412,258,0.6262135922330098,106,0.1321695760598503,162,0.2019950124688279,63,0.0785536159600997,534,0.6658354114713217,0,0.0,39,0.0486284289276807,0,0.0,36047078801,1659,346,0.2085593731163351,1695,277,0.1634218289085545,1695,104,0.0613569321533923,42087,0.042087,19055.765438258844,0.630718968397839
360470788021,360470788021,Block Group 1; Census Tract 788.02; Kings County; New York,Brooklyn,1790,601,548,0.9118136439267888,699,370,0.5293276108726752,301,0.1681564245810055,168,0.0938547486033519,25,0.0139664804469273,1436,0.8022346368715084,27,0.0150837988826815,152,0.0849162011173184,94,0.1564059900166389,36047078802,1790,410,0.2290502793296089,1790,203,0.1134078212290502,1790,145,0.0810055865921787,63958,0.063958,27987.11654523281,0.6318653899730515
360470078001,360470078001,Block Group 1; Census Tract 78; Kings County; New York,Brooklyn,1704,431,410,0.951276102088167,641,243,0.3790951638065523,588,0.3450704225352112,37,0.0217136150234741,165,0.0968309859154929,72,0.0422535211267605,67,0.039319248826291,1400,0.8215962441314554,156,0.3619489559164733,36047007800,4705,1025,0.2178533475026567,4713,368,0.0780819011245491,4713,547,0.1160619562911097,34353,0.034353,49602.65478997467,0.9031248138862598
360470790011,360470790011,Block Group 1; Census Tract 790.01; Kings County; New York,Brooklyn,1664,444,428,0.963963963963964,576,312,0.5416666666666666,416,0.25,226,0.1358173076923076,48,0.0288461538461538,1331,0.7998798076923077,63,0.0378605769230769,127,0.0763221153846153,53,0.1193693693693693,36047079001,1664,275,0.165264423076923,1664,174,0.1045673076923077,1664,92,0.0552884615384615,60467,0.060467,27519.142672862883,0.819153876515933
360470790021,360470790021,Block Group 1; Census Tract 790.02; Kings County; New York,Brooklyn,1071,422,387,0.9170616113744076,431,300,0.6960556844547564,246,0.2296918767507002,183,0.1708683473389355,45,0.042016806722689,771,0.7198879551820728,119,0.1111111111111111,136,0.1269841269841269,43,0.1018957345971564,36047079002,2768,497,0.1795520231213873,2708,239,0.0882570162481536,2708,78,0.0288035450516986,42300,0.0423,25319.148936170215,0.6315081031007816
360470792011,360470792011,Block Group 1; Census Tract 792.01; Kings County; New York,Brooklyn,1382,532,448,0.8421052631578947,643,445,0.6920684292379471,281,0.203328509406657,208,0.150506512301013,268,0.1939218523878437,788,0.5701881331403763,33,0.0238784370477568,143,0.1034732272069464,15,0.0281954887218045,36047079201,1382,352,0.2547033285094066,1382,202,0.1461649782923299,1382,24,0.0173661360347322,108751,0.108751,12707.929122490828,0.8283835827711274
360470792021,360470792021,Block Group 1; Census Tract 792.02; Kings County; New York,Brooklyn,1094,402,385,0.9577114427860696,454,219,0.4823788546255506,82,0.0749542961608775,140,0.1279707495429616,134,0.1224862888482632,532,0.4862888482632541,77,0.0703839122486288,312,0.2851919561243144,48,0.1194029850746268,36047079202,1942,563,0.2899073120494336,1942,224,0.1153450051493305,1942,247,0.127188465499485,73322,0.073322,14920.487711737267,0.6276525498688356
360470794001,360470794001,Block Group 1; Census Tract 794; Kings County; New York,Brooklyn,756,304,201,0.6611842105263158,337,171,0.5074183976261127,160,0.2116402116402116,128,0.1693121693121693,10,0.0132275132275132,341,0.451058201058201,0,0.0,218,0.2883597883597883,0,0.0,36047079400,2334,387,0.1658097686375321,2366,213,0.0900253592561284,2366,113,0.0477599323753169,86347,0.086347,8755.370771422286,0.8344632407416365
360470796011,360470796011,Block Group 1; Census Tract 796.01; Kings County; New York,Brooklyn,1624,819,791,0.9658119658119658,791,391,0.4943109987357775,167,0.1028325123152709,373,0.229679802955665,549,0.3380541871921182,563,0.3466748768472906,26,0.0160098522167487,407,0.250615763546798,0,0.0,36047079601,3232,613,0.1896658415841584,3232,405,0.125309405940594,3232,176,0.0544554455445544,54751,0.054751,29661.558692991908,0.8770089921903566
360470796021,360470796021,Block Group 1; Census Tract 796.02; Kings County; New York,Brooklyn,1742,807,677,0.838909541511772,820,526,0.6414634146341464,341,0.195752009184845,268,0.1538461538461538,558,0.3203214695752009,553,0.317451205510907,112,0.0642939150401837,446,0.2560275545350172,54,0.0669144981412639,36047079602,5073,773,0.1523753203232801,5073,430,0.0847624679676719,5073,350,0.0689927064853144,65119,0.065119,26751.02504645342,0.8777921783793853
360470798011,360470798011,Block Group 1; Census Tract 798.01; Kings County; New York,Brooklyn,1647,973,871,0.895169578622816,1106,449,0.4059674502712477,227,0.137826350941105,219,0.1329690346083788,592,0.3594414086217365,471,0.2859744990892532,204,0.1238615664845173,87,0.052823315118397,0,0.0,36047079801,3316,178,0.0536791314837153,3316,319,0.0962002412545235,3316,161,0.0485524728588661,53590,0.05359,30733.3457734652,0.6765896881530647
360470798021,360470798021,Block Group 1; Census Tract 798.02; Kings County; New York,Brooklyn,1703,891,869,0.9753086419753086,914,596,0.6520787746170679,71,0.0416911332941867,218,0.1280093951849677,264,0.1550205519671168,998,0.5860246623605402,61,0.0358191426893717,224,0.1315325895478567,44,0.0493827160493827,36047079802,5004,612,0.1223021582733813,5004,754,0.1506794564348521,5004,396,0.079136690647482,30953,0.030953,55018.89962200756,0.908165013554927
360470007001,360470007001,Block Group 1; Census Tract 7; Kings County; New York,Brooklyn,2238,997,771,0.7733199598796389,1332,762,0.5720720720720721,505,0.2256478999106345,118,0.0527256478999106,1714,0.7658623771224308,42,0.0187667560321715,108,0.0482573726541554,169,0.0755138516532618,15,0.0150451354062186,36047000700,4195,172,0.0410011918951132,4243,108,0.025453688427999,4243,89,0.0209757247230732,85189,0.085189,26270.99742924556,0.9549958849561856
360470800001,360470800001,Block Group 1; Census Tract 800; Kings County; New York,Brooklyn,982,405,159,0.3925925925925926,561,214,0.3814616755793226,96,0.0977596741344195,135,0.1374745417515274,323,0.3289205702647658,531,0.5407331975560081,40,0.0407331975560081,88,0.0896130346232179,50,0.1234567901234567,36047080000,3205,438,0.1366614664586583,3217,405,0.1258936897730805,3217,153,0.0475598383587193,46296,0.046296,21211.335752548817,0.882724661527925
360470802001,360470802001,Block Group 1; Census Tract 802; Kings County; New York,Brooklyn,1279,726,474,0.6528925619834711,747,246,0.3293172690763052,184,0.143862392494136,176,0.1376075058639562,172,0.1344800625488663,914,0.7146207974980453,13,0.0101641907740422,108,0.0844409695074276,26,0.0358126721763085,36047080200,3878,626,0.1614234141309953,3878,552,0.1423414130995358,3878,242,0.0624033006704486,65317,0.065317,19581.425968737083,0.8720296460257198
360470804001,360470804001,Block Group 1; Census Tract 804; Kings County; New York,Brooklyn,793,349,228,0.6532951289398281,458,122,0.2663755458515284,45,0.0567465321563682,186,0.2345523329129886,262,0.3303909205548549,450,0.5674653215636822,24,0.030264817150063,42,0.0529634300126103,0,0.0,36047080400,3033,566,0.1866139136168809,3033,344,0.113419057039235,3033,198,0.0652818991097922,61152,0.061152,12967.687074829932,0.6719662489875862
360470806001,360470806001,Block Group 1; Census Tract 806; Kings County; New York,Brooklyn,2110,785,709,0.9031847133757962,870,306,0.3517241379310344,515,0.2440758293838862,436,0.2066350710900474,623,0.295260663507109,1395,0.6611374407582938,0,0.0,72,0.0341232227488151,32,0.040764331210191,36047080600,4038,1047,0.2592867756315007,4038,371,0.091877166914314,4038,201,0.0497771173848439,89620,0.08962,23543.85181879045,0.8722361738639106
360470808001,360470808001,Block Group 1; Census Tract 808; Kings County; New York,Brooklyn,2044,743,743,1.0,180,22,0.1222222222222222,216,0.1056751467710371,696,0.3405088062622309,337,0.1648727984344422,1053,0.5151663405088063,148,0.0724070450097847,445,0.2177103718199608,101,0.1359353970390309,36047080800,1294,921,0.7117465224111282,1294,362,0.2797527047913447,1294,179,0.1383307573415765,321836,0.321836,6351.0607887246915,0.911095011990726
360470080001,360470080001,Block Group 1; Census Tract 80; Kings County; New York,Brooklyn,1565,704,596,0.8465909090909091,827,441,0.5332527206771464,276,0.1763578274760383,245,0.1565495207667731,403,0.2575079872204472,82,0.0523961661341853,80,0.0511182108626198,951,0.607667731629393,159,0.2258522727272727,36047008000,3275,656,0.2003053435114503,3296,561,0.1702063106796116,3296,458,0.1389563106796116,54347,0.054347,28796.437705853128,0.8995445928343407
360470810001,360470810001,Block Group 1; Census Tract 810; Kings County; New York,Brooklyn,982,434,363,0.836405529953917,595,260,0.4369747899159664,74,0.075356415478615,203,0.2067209775967413,177,0.180244399185336,669,0.6812627291242362,35,0.0356415478615071,11,0.0112016293279022,12,0.0276497695852534,36047081000,2101,476,0.2265587815326035,2101,217,0.1032841504045692,2101,29,0.0138029509757258,53226,0.053226,18449.62988013377,0.9258687130692248
360470814001,360470814001,Block Group 1; Census Tract 814; Kings County; New York,Brooklyn,919,341,271,0.7947214076246334,519,296,0.5703275529865125,51,0.0554951033732317,312,0.3394994559303591,1,0.001088139281828,792,0.8618063112078346,78,0.0848748639825897,33,0.0359085963003264,13,0.0381231671554252,36047081400,2692,445,0.1653046062407132,2692,364,0.1352154531946508,2692,67,0.0248885586924219,86909,0.086909,10574.278843387912,0.9170832919153308
360470816001,360470816001,Block Group 1; Census Tract 816; Kings County; New York,Brooklyn,1289,348,211,0.6063218390804598,511,128,0.2504892367906066,301,0.2335143522110163,250,0.1939487975174554,138,0.1070597362296353,989,0.7672614429790535,67,0.051978277734678,33,0.0256012412723041,23,0.0660919540229885,36047081600,2893,117,0.0404424472865537,2893,371,0.1282405807120636,2893,242,0.0836501901140684,111916,0.111916,11517.566746488435,0.9112092438480612
360470818001,360470818001,Block Group 1; Census Tract 818; Kings County; New York,Brooklyn,2101,1114,944,0.8473967684021544,1029,590,0.5733722060252673,201,0.0956687291765825,444,0.2113279390766301,398,0.1894336030461685,1322,0.6292241789623989,143,0.0680628272251308,24,0.01142313184198,26,0.0233393177737881,36047081800,4450,1439,0.3233707865168539,4639,867,0.1868937270963569,4639,151,0.0325501185600344,76451,0.076451,27481.654916220847,0.9182305725426362
360470820001,360470820001,Block Group 1; Census Tract 820; Kings County; New York,Brooklyn,1271,523,523,1.0,643,254,0.3950233281493001,223,0.1754523996852871,150,0.1180173092053501,161,0.1266719118804091,708,0.5570416994492525,90,0.07081038552321,168,0.1321793863099921,159,0.3040152963671128,36047082000,4646,820,0.1764959104606112,4646,484,0.1041756349547998,4646,198,0.0426173052087817,57589,0.057589,22070.18701488131,0.8854455807901119
360470822001,360470822001,Block Group 1; Census Tract 822; Kings County; New York,Brooklyn,949,555,505,0.90990990990991,697,420,0.6025824964131994,53,0.0558482613277133,101,0.1064278187565858,287,0.3024236037934668,317,0.3340358271865121,66,0.0695468914646996,78,0.0821917808219178,22,0.0396396396396396,36047082200,6968,487,0.0698909299655568,6968,738,0.1059127439724454,6968,420,0.0602755453501722,26154,0.026154,36285.080675996025,0.8434593972908384
360470824001,360470824001,Block Group 1; Census Tract 824; Kings County; New York,Brooklyn,1758,695,615,0.8848920863309353,852,436,0.5117370892018779,368,0.2093287827076222,300,0.1706484641638225,146,0.0830489192263936,1223,0.6956769055745164,0,0.0,247,0.1405005688282138,93,0.1338129496402877,36047082400,5088,1210,0.237814465408805,5125,393,0.0766829268292682,5125,586,0.1143414634146341,53131,0.053131,33088.02770510625,0.8949377465395737
360470826001,360470826001,Block Group 1; Census Tract 826; Kings County; New York,Brooklyn,1147,482,393,0.8153526970954357,430,322,0.7488372093023256,414,0.3609415867480383,284,0.2476024411508282,108,0.094158674803836,817,0.7122929380993898,0,0.0,78,0.068003487358326,0,0.0,36047082600,4116,684,0.1661807580174927,4122,502,0.1217855409995148,4122,91,0.022076661814653,47088,0.047088,24358.647638464154,0.903833387242927
360470828001,360470828001,Block Group 1; Census Tract 828; Kings County; New York,Brooklyn,1057,373,314,0.8418230563002681,624,368,0.5897435897435898,228,0.2157048249763481,182,0.1721854304635761,4,0.0037842951750236,737,0.6972563859981078,199,0.1882686849574266,117,0.1106906338694418,59,0.1581769436997319,36047082800,3414,412,0.1206795547744581,3414,348,0.101933216168717,3414,61,0.0178676039835969,38682,0.038682,27325.370973579444,0.6252341094155154
360470082001,360470082001,Block Group 1; Census Tract 82; Kings County; New York,Brooklyn,1754,409,323,0.7897310513447433,688,403,0.5857558139534884,629,0.3586088939566704,97,0.0553021664766248,193,0.1100342075256556,0,0.0,42,0.0239452679589509,1417,0.8078677309007982,35,0.0855745721271393,36047008200,3966,1228,0.3096318709026727,3985,538,0.1350062735257214,3985,288,0.0722710163111668,38768,0.038768,45243.499793644245,0.8677059863789827
360470830001,360470830001,Block Group 1; Census Tract 830; Kings County; New York,Brooklyn,825,352,269,0.7642045454545454,604,436,0.7218543046357616,49,0.0593939393939393,108,0.1309090909090909,0,0.0,634,0.7684848484848484,0,0.0,155,0.1878787878787878,0,0.0,36047083000,5673,771,0.13590692755156,5673,755,0.1330865503261061,5673,534,0.094130089899524,59172,0.059172,13942.405191644695,0.918905058557518
360470832001,360470832001,Block Group 1; Census Tract 832; Kings County; New York,Brooklyn,1084,416,233,0.5600961538461539,521,160,0.3071017274472168,222,0.2047970479704797,231,0.2130996309963099,53,0.0488929889298892,778,0.7177121771217713,179,0.1651291512915129,14,0.0129151291512915,26,0.0625,36047083200,2090,293,0.1401913875598086,2092,265,0.1266730401529636,2092,143,0.0683556405353728,81952,0.081952,13227.254978524015,0.8296243919013229
360470834001,360470834001,Block Group 1; Census Tract 834; Kings County; New York,Brooklyn,1086,312,143,0.4583333333333333,473,295,0.6236786469344608,274,0.2523020257826888,122,0.1123388581952117,0,0.0,677,0.6233885819521179,28,0.0257826887661141,0,0.0,0,0.0,36047083400,1765,187,0.1059490084985835,1830,144,0.0786885245901639,1830,70,0.0382513661202185,62429,0.062429,17395.761585160744,0.8324364355242422
360470836001,360470836001,Block Group 1; Census Tract 836; Kings County; New York,Brooklyn,804,268,84,0.3134328358208955,337,95,0.2818991097922849,202,0.2512437810945274,141,0.1753731343283582,12,0.0149253731343283,633,0.7873134328358209,9,0.0111940298507462,84,0.1044776119402985,17,0.0634328358208955,36047083600,1984,169,0.0851814516129032,1984,133,0.0670362903225806,1984,139,0.0700604838709677,82911,0.082911,9697.145131526577,0.7439128124404707
360470838001,360470838001,Block Group 1; Census Tract 838; Kings County; New York,Brooklyn,962,368,115,0.3125,419,200,0.477326968973747,141,0.1465696465696465,366,0.3804573804573805,4,0.0041580041580041,776,0.8066528066528067,17,0.0176715176715176,0,0.0,0,0.0,36047083800,1931,330,0.1708959088555152,1931,315,0.1631279129984464,1931,35,0.018125323666494,82651,0.082651,11639.302609768789,0.7317480133360739
360470840001,360470840001,Block Group 1; Census Tract 840; Kings County; New York,Brooklyn,1200,368,190,0.5163043478260869,401,285,0.7107231920199502,320,0.2666666666666666,342,0.285,19,0.0158333333333333,927,0.7725,2,0.0016666666666666,69,0.0575,3,0.0081521739130434,36047084000,2226,192,0.0862533692722372,2226,453,0.2035040431266846,2226,76,0.0341419586702605,84319,0.084319,14231.66783287278,0.8805530162883446
360470846001,360470846001,Block Group 1; Census Tract 846; Kings County; New York,Brooklyn,1196,339,197,0.5811209439528023,481,264,0.5488565488565489,367,0.3068561872909699,162,0.1354515050167224,24,0.020066889632107,851,0.7115384615384616,0,0.0,10,0.0083612040133779,0,0.0,36047084600,2038,168,0.0824337585868498,2038,264,0.1295387634936212,2038,162,0.0794896957801766,85302,0.085302,14020.773252678717,0.8800340729187024
360470848001,360470848001,Block Group 1; Census Tract 848; Kings County; New York,Brooklyn,782,286,132,0.4615384615384615,244,110,0.4508196721311475,97,0.1240409207161125,280,0.3580562659846547,0,0.0,660,0.8439897698209718,0,0.0,0,0.0,13,0.0454545454545454,36047084800,1443,240,0.1663201663201663,1443,279,0.1933471933471933,1443,58,0.0401940401940401,68271,0.068271,11454.351042170176,0.868881790355586
360470084001,360470084001,Block Group 1; Census Tract 84; Kings County; New York,Brooklyn,881,402,321,0.7985074626865671,580,401,0.6913793103448276,72,0.0817253121452894,49,0.0556186152099886,415,0.47105561861521,36,0.0408626560726447,38,0.043132803632236,375,0.4256526674233825,18,0.044776119402985,36047008400,2867,327,0.1140565050575514,2994,451,0.1506346025384101,2994,601,0.2007348029392117,77405,0.077405,11381.693689038177,0.9221900402701916
360470850001,360470850001,Block Group 1; Census Tract 850; Kings County; New York,Brooklyn,1383,473,113,0.2389006342494714,730,332,0.4547945205479452,177,0.1279826464208243,336,0.2429501084598698,71,0.0513376717281272,1067,0.7715112075198843,0,0.0,123,0.088937093275488,6,0.0126849894291754,36047085000,1383,22,0.0159074475777295,1383,169,0.1221981200289226,1383,92,0.0665220535068691,144613,0.144613,9563.455567618405,0.8758949959237406
360470854001,360470854001,Block Group 1; Census Tract 854; Kings County; New York,Brooklyn,1031,382,214,0.5602094240837696,471,329,0.6985138004246284,223,0.2162948593598448,239,0.2318137730358875,83,0.0805043646944713,705,0.6838021338506305,2,0.0019398642095053,10,0.0096993210475266,6,0.0157068062827225,36047085400,2046,300,0.1466275659824047,2062,318,0.1542192046556741,2062,35,0.0169738118331716,46277,0.046277,22278.885839617953,0.906556767378236
360470856001,360470856001,Block Group 1; Census Tract 856; Kings County; New York,Brooklyn,417,205,143,0.697560975609756,232,124,0.5344827586206896,112,0.2685851318944844,112,0.2685851318944844,0,0.0,374,0.8968824940047961,0,0.0,0,0.0,0,0.0,36047085600,3161,460,0.1455235684909838,3161,276,0.0873141410945903,3161,149,0.0471369819677317,49628,0.049628,8402.514709438221,0.90078871433962
360470858001,360470858001,Block Group 1; Census Tract 858; Kings County; New York,Brooklyn,918,346,181,0.523121387283237,367,204,0.555858310626703,175,0.1906318082788671,254,0.2766884531590414,12,0.0130718954248366,882,0.9607843137254902,0,0.0,0,0.0,51,0.1473988439306358,36047085800,1950,246,0.1261538461538461,1951,196,0.1004613018964633,1951,162,0.0830343413634033,75710,0.07571,12125.21463479065,0.8598359144497465
360470085001,360470085001,Block Group 1; Census Tract 85; Kings County; New York,Brooklyn,2004,958,958,1.0,763,509,0.6671035386631717,433,0.216067864271457,542,0.2704590818363273,0,0.0,1041,0.5194610778443114,60,0.029940119760479,637,0.3178642714570858,169,0.1764091858037578,36047008500,6401,2356,0.3680674894547727,6401,1472,0.2299640681143571,6401,499,0.077956569286049,114476,0.114476,17505.852755162654,0.8953663185667785
360470860001,360470860001,Block Group 1; Census Tract 860; Kings County; New York,Brooklyn,839,318,159,0.5,400,296,0.74,140,0.166865315852205,94,0.1120381406436233,0,0.0,705,0.8402860548271752,0,0.0,0,0.0,0,0.0,36047086000,2627,298,0.1134373810430148,2627,356,0.1355157974876285,2627,130,0.0494861058241339,65460,0.06546,12816.987473266116,0.930715863518935
360470862001,360470862001,Block Group 1; Census Tract 862; Kings County; New York,Brooklyn,675,405,279,0.6888888888888889,193,61,0.3160621761658031,69,0.1022222222222222,197,0.2918518518518518,29,0.0429629629629629,576,0.8533333333333334,0,0.0,70,0.1037037037037037,13,0.0320987654320987,36047086200,2608,596,0.2285276073619632,2626,246,0.0936785986290936,2626,140,0.0533130236100533,36328,0.036328,18580.709094913014,0.8593389128175892
360470864001,360470864001,Block Group 1; Census Tract 864; Kings County; New York,Brooklyn,971,421,307,0.7292161520190024,396,265,0.6691919191919192,205,0.2111225540679711,168,0.1730175077239958,162,0.1668383110195674,539,0.5550978372811535,0,0.0,91,0.0937178166838311,24,0.0570071258907363,36047086400,2219,447,0.2014420910319964,2219,402,0.1811626858945471,2219,98,0.0441640378548895,59512,0.059512,16316.037101760989,0.8385761919380719
360470866001,360470866001,Block Group 1; Census Tract 866; Kings County; New York,Brooklyn,835,261,83,0.318007662835249,400,240,0.6,117,0.1401197604790419,216,0.2586826347305389,101,0.1209580838323353,453,0.5425149700598803,10,0.0119760479041916,54,0.0646706586826347,0,0.0,36047086600,2908,455,0.1564649243466299,2984,396,0.1327077747989276,2984,188,0.0630026809651474,75962,0.075962,10992.338274400356,0.9159006900450758
360470868001,360470868001,Block Group 1; Census Tract 868; Kings County; New York,Brooklyn,840,396,375,0.946969696969697,514,297,0.5778210116731517,91,0.1083333333333333,230,0.2738095238095238,0,0.0,830,0.988095238095238,0,0.0,1,0.0011904761904761,0,0.0,36047086800,2952,679,0.2300135501355013,2952,245,0.0829945799457994,2952,163,0.0552168021680216,47381,0.047381,17728.625398366436,0.9121284887829428
360470870001,360470870001,Block Group 1; Census Tract 870; Kings County; New York,Brooklyn,1303,359,204,0.5682451253481894,464,354,0.7629310344827587,409,0.3138910207214121,206,0.158096699923254,90,0.0690713737528779,855,0.6561780506523408,0,0.0,321,0.2463545663852647,0,0.0,36047087000,2930,654,0.2232081911262798,3006,246,0.0818363273453093,3006,309,0.1027944111776447,42717,0.042717,30503.078399700356,0.9174264015189828
360470872001,360470872001,Block Group 1; Census Tract 872; Kings County; New York,Brooklyn,593,238,67,0.2815126050420168,317,83,0.2618296529968454,38,0.0640809443507588,117,0.1973018549747049,9,0.0151770657672849,554,0.9342327150084316,0,0.0,0,0.0,0,0.0,36047087200,3118,836,0.268120590121873,3118,290,0.0930083386786401,3118,97,0.0311096856959589,34429,0.034429,17223.851985244997,0.8837233323970936
360470874011,360470874011,Block Group 1; Census Tract 874.01; Kings County; New York,Brooklyn,1197,587,526,0.8960817717206133,406,127,0.312807881773399,261,0.2180451127819548,377,0.314954051796157,430,0.3592314118629908,683,0.570593149540518,0,0.0,71,0.0593149540517961,55,0.0936967632027257,36047087401,3127,566,0.1810041573393028,3127,394,0.125999360409338,3127,168,0.0537256156060121,73209,0.073209,16350.448715321889,0.8819823623396844
360470876001,360470876001,Block Group 1; Census Tract 876; Kings County; New York,Brooklyn,1121,373,330,0.8847184986595175,375,180,0.48,382,0.3407671721677074,97,0.0865298840321141,368,0.328278322925959,464,0.4139161462979482,0,0.0,84,0.0749330954504906,12,0.032171581769437,36047087600,1798,382,0.2124582869855394,1798,269,0.1496106785317019,1798,39,0.021690767519466,79847,0.079847,14039.350257367214,0.9289728840821908
360470878001,360470878001,Block Group 1; Census Tract 878; Kings County; New York,Brooklyn,713,343,336,0.979591836734694,357,285,0.7983193277310925,46,0.064516129032258,212,0.2973352033660589,0,0.0,639,0.8962131837307152,0,0.0,42,0.0589060308555399,0,0.0,36047087800,2134,392,0.1836925960637301,2134,258,0.1208997188378631,2134,179,0.0838800374882849,42099,0.042099,16936.269270053923,0.9333596464689752
360470880011,360470880011,Block Group 1; Census Tract 880.01; Kings County; New York,Brooklyn,993,464,261,0.5625,208,106,0.5096153846153846,72,0.0725075528700906,317,0.3192346424974824,25,0.0251762336354481,868,0.8741188318227593,0,0.0,23,0.0231621349446122,14,0.0301724137931034,36047088001,1700,328,0.1929411764705882,1700,366,0.2152941176470588,1700,91,0.0535294117647058,61133,0.061133,16243.272864083228,0.9473726049110952
360470880021,360470880021,Block Group 1; Census Tract 880.02; Kings County; New York,Brooklyn,1220,454,331,0.7290748898678414,682,261,0.3826979472140762,294,0.240983606557377,133,0.1090163934426229,155,0.1270491803278688,776,0.6360655737704918,0,0.0,44,0.0360655737704918,0,0.0,36047088002,1220,301,0.2467213114754098,1220,78,0.0639344262295081,1220,50,0.040983606557377,101053,0.101053,12072.872650985126,0.9255467452086036
360470882001,360470882001,Block Group 1; Census Tract 882; Kings County; New York,Brooklyn,2273,865,679,0.784971098265896,897,538,0.5997770345596433,846,0.3721953365596128,303,0.1333040035195776,756,0.3326000879894412,1205,0.5301363836339639,0,0.0,255,0.1121865376154861,0,0.0,36047088200,6532,1558,0.2385180649112063,6532,550,0.0842008573178199,6532,270,0.041334966319657,69984,0.069984,32478.85230909922,0.9288878205085088
360470884001,360470884001,Block Group 1; Census Tract 884; Kings County; New York,Brooklyn,2007,830,830,1.0,533,447,0.8386491557223265,645,0.3213751868460389,305,0.1519681116093672,13,0.0064773293472845,839,0.4180368709516691,0,0.0,111,0.0553064275037369,29,0.0349397590361445,36047088400,5208,1825,0.3504224270353303,5208,734,0.140937019969278,5208,1001,0.1922043010752688,45413,0.045413,44194.393675819694,0.8606410031249724
360470886001,360470886001,Block Group 1; Census Tract 886; Kings County; New York,Brooklyn,1522,587,587,1.0,640,459,0.7171875,295,0.1938239159001314,306,0.2010512483574244,40,0.026281208935611,1184,0.7779237844940867,0,0.0,298,0.1957950065703022,0,0.0,36047088600,4258,507,0.1190699859088774,4340,488,0.112442396313364,4340,156,0.0359447004608294,48314,0.048314,31502.256074843728,0.9094425969578084
360470888001,360470888001,Block Group 1; Census Tract 888; Kings County; New York,Brooklyn,1487,471,456,0.9681528662420382,532,415,0.7800751879699248,472,0.3174176193678547,144,0.0968392737054472,0,0.0,1123,0.7552118359112306,0,0.0,183,0.1230665770006725,51,0.10828025477707,36047088800,3783,654,0.1728786677240285,3783,333,0.0880253766851705,3783,470,0.1242400211472376,46702,0.046702,31840.17815082866,0.9475166556503832
360470088001,360470088001,Block Group 1; Census Tract 88; Kings County; New York,Brooklyn,2160,786,711,0.9045801526717556,1037,721,0.695274831243973,390,0.1805555555555555,208,0.0962962962962963,691,0.3199074074074074,294,0.1361111111111111,39,0.0180555555555555,1101,0.5097222222222222,83,0.1055979643765903,36047008800,3197,517,0.1617141069752893,3221,357,0.110835144365104,3221,262,0.0813411983855945,128382,0.128382,16824.78852175539,0.8978278487120676
360470890001,360470890001,Block Group 1; Census Tract 890; Kings County; New York,Brooklyn,1280,475,475,1.0,457,369,0.8074398249452954,256,0.2,206,0.1609375,0,0.0,887,0.69296875,0,0.0,225,0.17578125,118,0.2484210526315789,36047089000,7122,1472,0.2066835158663297,7122,1123,0.1576804268463914,7122,756,0.1061499578770008,37661,0.037661,33987.41403573989,0.8955554510255879
360470892001,360470892001,Block Group 1; Census Tract 892; Kings County; New York,Brooklyn,381,184,184,1.0,111,48,0.4324324324324324,44,0.1154855643044619,161,0.4225721784776903,0,0.0,381,1.0,0,0.0,0,0.0,0,0.0,36047089200,2876,1466,0.5097357440890126,2876,1146,0.3984700973574409,2876,115,0.0399860917941585,41573,0.041573,9164.602025352991,0.8648056777595268
360470894001,360470894001,Block Group 1; Census Tract 894; Kings County; New York,Brooklyn,622,258,234,0.9069767441860463,252,178,0.7063492063492064,71,0.1141479099678456,118,0.1897106109324758,0,0.0,528,0.8488745980707395,0,0.0,25,0.040192926045016,25,0.0968992248062015,36047089400,3513,1012,0.2880728721890122,3513,539,0.1534301167093652,3513,368,0.1047537717050953,42389,0.042389,14673.618155653588,0.9167372470115284
360470896001,360470896001,Block Group 1; Census Tract 896; Kings County; New York,Brooklyn,557,279,279,1.0,249,202,0.8112449799196787,129,0.2315978456014362,45,0.0807899461400359,0,0.0,327,0.5870736086175943,0,0.0,230,0.4129263913824057,0,0.0,36047089600,3956,1514,0.3827098078867543,3956,788,0.1991911021233569,3956,177,0.04474216380182,41857,0.041857,13307.21265260291,0.8929030038563988
360470898001,360470898001,Block Group 1; Census Tract 898; Kings County; New York,Brooklyn,927,311,123,0.3954983922829582,469,238,0.5074626865671642,197,0.2125134843581445,163,0.1758360302049622,183,0.1974110032362459,622,0.6709816612729234,0,0.0,10,0.0107874865156418,17,0.0546623794212218,36047089800,2316,583,0.251727115716753,2316,157,0.0677892918825561,2316,20,0.0086355785837651,56215,0.056215,16490.260606599662,0.8637076149395859
360470090011,360470090011,Block Group 1; Census Tract 90.01; Kings County; New York,Brooklyn,1305,472,423,0.8961864406779662,620,345,0.5564516129032258,367,0.2812260536398467,187,0.1432950191570881,136,0.1042145593869731,0,0.0,233,0.178544061302682,936,0.7172413793103448,185,0.3919491525423729,36047009001,1175,296,0.2519148936170213,1305,158,0.1210727969348659,1305,138,0.1057471264367816,74547,0.074547,17505.73463720874,0.8836897001501169
360470090021,360470090021,Block Group 1; Census Tract 90.02; Kings County; New York,Brooklyn,1549,397,367,0.924433249370277,592,354,0.597972972972973,603,0.3892834086507424,139,0.0897353131052291,56,0.0361523563589412,96,0.0619754680438992,489,0.315687540348612,908,0.5861846352485475,100,0.2518891687657431,36047009002,1549,86,0.0555196901226597,1549,147,0.0948999354422207,1549,198,0.1278244028405422,73946,0.073946,20947.718605468857,0.8832291765676152
360470900001,360470900001,Block Group 1; Census Tract 900; Kings County; New York,Brooklyn,484,111,21,0.1891891891891892,151,102,0.6754966887417219,237,0.4896694214876033,44,0.0909090909090909,0,0.0,377,0.7789256198347108,0,0.0,90,0.1859504132231405,0,0.0,36047090000,4964,2631,0.5300161160354553,4964,746,0.1502820306204673,4964,177,0.0356567284448025,43000,0.043,11255.813953488372,0.8416381143613906
360470902001,360470902001,Block Group 1; Census Tract 902; Kings County; New York,Brooklyn,1778,538,538,1.0,337,200,0.5934718100890207,660,0.3712035995500562,261,0.1467941507311586,0,0.0,1235,0.6946006749156356,225,0.1265466816647919,310,0.1743532058492688,99,0.1840148698884758,36047090200,3929,1651,0.4202087045049631,4017,594,0.1478715459297983,4017,339,0.0843913368185212,42289,0.042289,42044.03036250562,0.8507609097010308
360470906001,360470906001,Block Group 1; Census Tract 906; Kings County; New York,Brooklyn,1251,566,566,1.0,355,251,0.7070422535211267,332,0.2653876898481215,45,0.0359712230215827,8,0.0063948840927258,884,0.706634692246203,38,0.0303756994404476,233,0.1862509992006394,0,0.0,36047090600,4344,2066,0.475598526703499,4344,885,0.2037292817679558,4344,354,0.0814917127071823,46200,0.0462,27077.92207792208,0.8094981295400994
360470908001,360470908001,Block Group 1; Census Tract 908; Kings County; New York,Brooklyn,4642,859,859,1.0,1326,863,0.6508295625942685,745,0.1604911676001723,160,0.0344679017664799,109,0.0234812580784144,2160,0.4653166738474795,24,0.0051701852649719,1987,0.428048255062473,18,0.0209545983701979,36047090800,6230,3100,0.4975922953451043,6230,906,0.1454253611556982,6230,473,0.0759229534510433,180788,0.180788,25676.482952408343,0.6036447483589343
360470910001,360470910001,Block Group 1; Census Tract 910; Kings County; New York,Brooklyn,1461,627,627,1.0,242,209,0.8636363636363636,697,0.4770704996577686,78,0.0533880903490759,0,0.0,769,0.5263518138261465,129,0.0882956878850102,378,0.2587268993839836,122,0.1945773524720893,36047091000,5837,2888,0.4947747130375193,5837,1609,0.2756553023813602,5837,340,0.0582491005653589,41458,0.041458,35240.484345602774,0.8737332634168492
360470912001,360470912001,Block Group 1; Census Tract 912; Kings County; New York,Brooklyn,1534,531,531,1.0,737,552,0.7489823609226595,362,0.2359843546284224,177,0.1153846153846153,435,0.2835723598435463,826,0.5384615384615384,0,0.0,260,0.1694915254237288,56,0.1054613935969868,36047091200,6301,2347,0.3724805586414855,6301,1782,0.2828122520234883,6301,593,0.0941120457070306,55434,0.055434,27672.547534004403,0.8711762422784298
360470916001,360470916001,Block Group 1; Census Tract 916; Kings County; New York,Brooklyn,2363,844,844,1.0,500,356,0.712,1015,0.4295387219636056,427,0.1807024968260685,474,0.2005924672027084,1165,0.4930173508252222,2,0.0008463817181548,589,0.2492594159966144,120,0.1421800947867298,36047091600,5617,1689,0.3006943208118212,5619,1200,0.2135611318739989,5619,327,0.0581954084356647,42121,0.042121,56100.28251940837,0.8877906174341186
360470918001,360470918001,Block Group 1; Census Tract 918; Kings County; New York,Brooklyn,1628,755,735,0.9735099337748344,442,208,0.4705882352941176,390,0.2395577395577395,302,0.1855036855036855,0,0.0,619,0.3802211302211302,0,0.0,1009,0.6197788697788698,310,0.4105960264900662,36047091800,2453,652,0.2657969832857725,2424,514,0.212046204620462,2424,7,0.0028877887788778,98150,0.09815,16586.856851757515,0.8923817860020379
360470092011,360470092011,Block Group 1; Census Tract 92.01; Kings County; New York,Brooklyn,646,264,159,0.6022727272727273,343,221,0.6443148688046647,60,0.0928792569659442,190,0.2941176470588235,197,0.304953560371517,32,0.0495356037151702,273,0.4226006191950464,116,0.1795665634674922,52,0.1969696969696969,36047009201,1986,468,0.2356495468277945,1986,202,0.1017119838872104,1986,146,0.0735146022155085,18880,0.01888,34216.101694915254,0.8093325749669401
360470092021,360470092021,Block Group 1; Census Tract 92.02; Kings County; New York,Brooklyn,1338,578,562,0.972318339100346,833,354,0.4249699879951981,209,0.156203288490284,83,0.06203288490284,194,0.1449925261584454,41,0.030642750373692,492,0.3677130044843049,594,0.4439461883408072,117,0.2024221453287197,36047009202,2628,781,0.2971841704718417,2648,349,0.131797583081571,2648,366,0.1382175226586102,37736,0.037736,35456.858172567314,0.884971808104323
360470920001,360470920001,Block Group 1; Census Tract 920; Kings County; New York,Brooklyn,16,16,16,1.0,16,0,0.0,0,0.0,0,0.0,0,0.0,16,1.0,0,0.0,0,0.0,0,0.0,36047092000,3158,496,0.1570614312856238,3202,490,0.1530293566520924,3202,29,0.0090568394753279,28684,0.028684,557.8022590991493,0.9605060744261844
360470922001,360470922001,Block Group 1; Census Tract 922; Kings County; New York,Brooklyn,625,214,214,1.0,285,190,0.6666666666666666,94,0.1504,14,0.0224,183,0.2928,122,0.1952,0,0.0,197,0.3152,14,0.0654205607476635,36047092200,2804,97,0.0345934379457917,2842,416,0.1463757916959887,2842,239,0.0840957072484166,82824,0.082824,7546.121897034676,0.90180843376083
360470924001,360470924001,Block Group 1; Census Tract 924; Kings County; New York,Brooklyn,1336,463,439,0.9481641468682506,377,325,0.8620689655172413,441,0.3300898203592814,102,0.0763473053892215,121,0.0905688622754491,801,0.5995508982035929,0,0.0,375,0.280688622754491,0,0.0,36047092400,3306,1284,0.3883847549909255,3354,553,0.1648777579010137,3354,129,0.0384615384615384,125190,0.12519,10671.778896077962,0.68081419645935
360470928001,360470928001,Block Group 1; Census Tract 928; Kings County; New York,Brooklyn,1052,416,292,0.7019230769230769,510,188,0.3686274509803922,152,0.1444866920152091,195,0.185361216730038,0,0.0,926,0.8802281368821293,0,0.0,37,0.0351711026615969,0,0.0,36047092800,2663,223,0.0837401426962072,2663,306,0.1149079984979346,2663,121,0.045437476530229,60809,0.060809,17300.07071321679,0.9106340319847332
360470930001,360470930001,Block Group 1; Census Tract 930; Kings County; New York,Brooklyn,1020,327,153,0.4678899082568807,337,104,0.3086053412462908,242,0.2372549019607843,233,0.2284313725490196,1,0.0009803921568627,761,0.746078431372549,0,0.0,42,0.0411764705882352,0,0.0,36047093000,2906,284,0.0977288368891947,2986,225,0.0753516409912927,2986,240,0.0803750837240455,76780,0.07678,13284.709559781191,0.9343687269980456
360470932001,360470932001,Block Group 1; Census Tract 932; Kings County; New York,Brooklyn,1565,668,370,0.5538922155688623,515,407,0.7902912621359224,186,0.118849840255591,500,0.3194888178913738,23,0.0146964856230031,1186,0.7578274760383387,0,0.0,216,0.1380191693290735,16,0.0239520958083832,36047093200,1559,291,0.1866581141757536,1565,189,0.1207667731629393,1565,10,0.0063897763578274,280436,0.280436,5580.595929195966,0.6179767912032088
360470934001,360470934001,Block Group 1; Census Tract 934; Kings County; New York,Brooklyn,1109,436,361,0.8279816513761468,372,247,0.6639784946236559,218,0.1965734896302975,274,0.2470694319206492,0,0.0,795,0.7168620378719567,0,0.0,131,0.1181244364292155,0,0.0,36047093400,2127,346,0.1626704278326281,2175,216,0.0993103448275862,2175,74,0.0340229885057471,81275,0.081275,13645.032297754537,0.9373712477608558
360470936001,360470936001,Block Group 1; Census Tract 936; Kings County; New York,Brooklyn,860,416,267,0.6418269230769231,384,177,0.4609375,78,0.0906976744186046,318,0.3697674418604651,0,0.0,844,0.9813953488372092,2,0.0023255813953488,0,0.0,18,0.0432692307692307,36047093600,1516,148,0.0976253298153034,1529,219,0.1432308698495749,1529,80,0.0523217789404839,61655,0.061655,13948.584867407348,0.9386501183808958
360470938001,360470938001,Block Group 1; Census Tract 938; Kings County; New York,Brooklyn,1023,412,386,0.9368932038834952,513,372,0.7251461988304093,184,0.1798631476050831,111,0.1085043988269794,137,0.1339198435972629,673,0.6578690127077224,0,0.0,0,0.0,44,0.1067961165048543,36047093800,2227,308,0.1383026493039964,2227,278,0.1248316120341266,2227,319,0.143242029636282,61676,0.061676,16586.678772942472,0.882912950420292
360470094011,360470094011,Block Group 1; Census Tract 94.01; Kings County; New York,Brooklyn,990,280,209,0.7464285714285714,426,211,0.4953051643192488,253,0.2555555555555555,153,0.1545454545454545,113,0.1141414141414141,0,0.0,630,0.6363636363636364,243,0.2454545454545454,76,0.2714285714285714,36047009401,1946,807,0.4146968139773895,1946,142,0.0729701952723535,1946,170,0.0873586844809866,37715,0.037715,26249.502850324807,0.8613430483133149
360470094021,360470094021,Block Group 1; Census Tract 94.02; Kings County; New York,Brooklyn,1608,465,328,0.7053763440860215,755,349,0.462251655629139,312,0.1940298507462686,282,0.1753731343283582,185,0.1150497512437811,64,0.0398009950248756,1034,0.6430348258706468,325,0.2021144278606965,206,0.443010752688172,36047009402,3279,710,0.2165294297041781,3280,222,0.0676829268292683,3280,339,0.1033536585365853,37770,0.03777,42573.4710087371,0.896787567610386
360470944011,360470944011,Block Group 1; Census Tract 944.01; Kings County; New York,Brooklyn,1405,501,364,0.7265469061876247,533,280,0.525328330206379,252,0.1793594306049822,327,0.2327402135231316,29,0.0206405693950177,918,0.6533807829181495,102,0.0725978647686832,129,0.091814946619217,46,0.091816367265469,36047094401,3115,400,0.1284109149277688,3158,595,0.1884103863204559,3158,211,0.0668144395186827,70712,0.070712,19869.329109627783,0.7874176189387189
360470944021,360470944021,Block Group 1; Census Tract 944.02; Kings County; New York,Brooklyn,2371,1062,1032,0.9717514124293786,864,782,0.9050925925925926,699,0.2948123154787009,388,0.1636440320539856,28,0.0118093631379164,1950,0.8224377899620413,0,0.0,387,0.1632222690847743,35,0.0329566854990583,36047094402,2371,1023,0.4314635175031632,2371,411,0.1733445803458456,2371,170,0.0716997047659215,106859,0.106859,22188.11705144162,0.8066681174511344
360470946001,360470946001,Block Group 1; Census Tract 946; Kings County; New York,Brooklyn,399,159,63,0.3962264150943396,127,60,0.4724409448818897,135,0.3383458646616541,109,0.2731829573934837,0,0.0,315,0.7894736842105263,0,0.0,48,0.1203007518796992,25,0.1572327044025157,36047094600,1772,71,0.0400677200902934,1772,153,0.0863431151241535,1772,7,0.0039503386004514,69185,0.069185,5767.146057671461,0.926211118060566
360470950001,360470950001,Block Group 1; Census Tract 950; Kings County; New York,Brooklyn,1020,415,283,0.6819277108433734,358,87,0.2430167597765363,243,0.238235294117647,365,0.3578431372549019,54,0.0529411764705882,932,0.9137254901960784,0,0.0,10,0.0098039215686274,0,0.0,36047095000,2315,133,0.0574514038876889,2333,330,0.1414487783969138,2333,85,0.0364337762537505,161648,0.161648,6310.006928635059,0.5993841274111599
360470954001,360470954001,Block Group 1; Census Tract 954; Kings County; New York,Brooklyn,1233,456,229,0.5021929824561403,676,263,0.3890532544378698,95,0.0770478507704785,299,0.2424979724249797,0,0.0,1054,0.8548256285482563,0,0.0,104,0.0843471208434712,0,0.0,36047095400,3807,208,0.0546361964801681,3875,373,0.096258064516129,3875,173,0.0446451612903225,87939,0.087939,14021.082796029064,0.8658273843222279
360470956001,360470956001,Block Group 1; Census Tract 956; Kings County; New York,Brooklyn,1541,484,275,0.5681818181818182,706,397,0.5623229461756374,264,0.1713173264114211,396,0.2569759896171317,23,0.0149253731343283,1518,0.9850746268656716,0,0.0,0,0.0,46,0.0950413223140495,36047095600,3666,727,0.1983087834151664,3666,215,0.0586470267321331,3666,261,0.0711947626841243,121635,0.121635,12669.050848851071,0.597671759106098
360470958001,360470958001,Block Group 1; Census Tract 958; Kings County; New York,Brooklyn,941,301,186,0.6179401993355482,444,286,0.6441441441441441,119,0.1264612114771519,191,0.2029755579171094,27,0.028692879914984,652,0.6928799149840595,19,0.0201912858660998,191,0.2029755579171094,0,0.0,36047095800,2760,479,0.1735507246376811,2760,229,0.0829710144927536,2760,304,0.1101449275362318,90004,0.090004,10455.090884849562,0.860456601736931
360470962001,360470962001,Block Group 1; Census Tract 962; Kings County; New York,Brooklyn,1315,356,147,0.4129213483146067,553,387,0.6998191681735986,321,0.244106463878327,165,0.1254752851711026,124,0.094296577946768,1036,0.7878326996197719,36,0.0273764258555133,119,0.0904942965779467,13,0.0365168539325842,36047096200,1315,145,0.1102661596958174,1315,98,0.0745247148288973,1315,141,0.1072243346007604,179100,0.1791,7342.266890005583,0.8708069456861076
360470964001,360470964001,Block Group 1; Census Tract 964; Kings County; New York,Brooklyn,1138,341,237,0.6950146627565983,522,345,0.6609195402298851,275,0.2416520210896309,145,0.1274165202108963,23,0.0202108963093145,842,0.7398945518453427,20,0.0175746924428822,147,0.1291739894551845,29,0.0850439882697947,36047096400,2070,219,0.1057971014492753,2086,157,0.0752636625119846,2086,197,0.0944391179290508,87997,0.087997,12932.259054285942,0.8766472383693178
360470966001,360470966001,Block Group 1; Census Tract 966; Kings County; New York,Brooklyn,1093,374,183,0.4893048128342246,563,337,0.5985790408525755,188,0.172003659652333,188,0.172003659652333,11,0.0100640439158279,664,0.6075022872827082,0,0.0,204,0.1866422689844464,19,0.0508021390374331,36047096600,1883,312,0.1656930430164631,1872,112,0.0598290598290598,1872,106,0.0566239316239316,75969,0.075969,14387.447511484948,0.8931379361848076
360470968001,360470968001,Block Group 1; Census Tract 968; Kings County; New York,Brooklyn,639,195,104,0.5333333333333333,217,64,0.2949308755760368,153,0.2394366197183098,147,0.2300469483568075,34,0.0532081377151799,331,0.5179968701095462,131,0.2050078247261345,84,0.1314553990610328,0,0.0,36047096800,1224,157,0.1282679738562091,1224,129,0.1053921568627451,1224,51,0.0416666666666666,80404,0.080404,7947.365802696383,0.6149807533014242
360470096001,360470096001,Block Group 1; Census Tract 96; Kings County; New York,Brooklyn,1793,514,443,0.8618677042801557,717,336,0.4686192468619247,586,0.3268265476854434,243,0.135527049637479,237,0.1321807027328499,0,0.0,850,0.4740658114891243,706,0.3937534857780256,299,0.5817120622568094,36047009600,6032,1287,0.2133620689655172,6025,736,0.1221576763485477,6025,785,0.1302904564315352,37659,0.037659,47611.460739796596,0.8265251677963206
360470970001,360470970001,Block Group 1; Census Tract 970; Kings County; New York,Brooklyn,1183,469,161,0.3432835820895522,388,227,0.5850515463917526,108,0.0912933220625528,472,0.3989856297548605,0,0.0,725,0.6128486897717667,7,0.0059171597633136,176,0.1487743026204564,32,0.068230277185501,36047097000,1935,92,0.0475452196382428,1935,363,0.1875968992248062,1935,105,0.0542635658914728,88064,0.088064,13433.412063953489,0.8288518108235626
360470974001,360470974001,Block Group 1; Census Tract 974; Kings County; New York,Brooklyn,1753,323,149,0.4613003095975232,553,255,0.4611211573236889,279,0.1591557330290929,528,0.3011979463776383,195,0.1112378779235596,1006,0.573873359954364,47,0.0268111808328579,352,0.2007986309184255,23,0.0712074303405572,36047097400,2049,517,0.2523182040019521,2094,230,0.1098376313276026,2094,190,0.0907354345749761,144635,0.144635,12120.16455214851,0.6267805517602688
360470982001,360470982001,Block Group 1; Census Tract 982; Kings County; New York,Brooklyn,2177,841,841,1.0,673,549,0.8157503714710252,702,0.3224621038125861,215,0.0987597611391823,0,0.0,1735,0.7969683050068902,0,0.0,389,0.1786862655029857,73,0.0868014268727705,36047098200,3962,1526,0.3851590106007067,3962,650,0.1640585562847047,3962,223,0.0562847046945986,137673,0.137673,15812.831855193104,0.5720341886544255
360470984001,360470984001,Block Group 1; Census Tract 984; Kings County; New York,Brooklyn,1924,548,219,0.3996350364963503,784,284,0.3622448979591837,453,0.2354469854469854,408,0.212058212058212,34,0.0176715176715176,1744,0.9064449064449064,0,0.0,28,0.0145530145530145,20,0.0364963503649635,36047098400,1924,184,0.0956340956340956,1924,155,0.0805613305613305,1924,111,0.0576923076923076,112821,0.112821,17053.562723251875,0.739231357164472
360470986001,360470986001,Block Group 1; Census Tract 986; Kings County; New York,Brooklyn,1211,465,269,0.578494623655914,578,350,0.6055363321799307,240,0.1981833195706028,259,0.2138728323699422,39,0.0322047894302229,783,0.6465730800990916,21,0.0173410404624277,89,0.0734929810074318,18,0.0387096774193548,36047098600,2341,201,0.0858607432721059,2341,202,0.0862879111490815,2341,164,0.0700555318240068,78480,0.07848,15430.682976554535,0.650648744789087
360470988001,360470988001,Block Group 1; Census Tract 988; Kings County; New York,Brooklyn,1545,399,268,0.6716791979949874,472,249,0.527542372881356,281,0.1818770226537217,444,0.287378640776699,35,0.0226537216828478,1317,0.8524271844660194,5,0.0032362459546925,62,0.0401294498381877,0,0.0,36047098800,2415,135,0.0559006211180124,2415,357,0.1478260869565217,2415,156,0.0645962732919254,81520,0.08152,18952.404317958782,0.6416507113301032
360470098001,360470098001,Block Group 1; Census Tract 98; Kings County; New York,Brooklyn,1560,462,420,0.9090909090909092,767,373,0.4863102998696219,350,0.2243589743589743,202,0.1294871794871795,40,0.0256410256410256,0,0.0,250,0.1602564102564102,1270,0.8141025641025641,297,0.6428571428571429,36047009800,6583,1852,0.2813307002886222,6713,570,0.0849098763593028,6713,1206,0.1796514226128407,37743,0.037743,41332.16755424847,0.954445384689412
360470990001,360470990001,Block Group 1; Census Tract 990; Kings County; New York,Brooklyn,1479,454,223,0.4911894273127753,733,252,0.3437926330150068,251,0.169709263015551,316,0.213657876943881,41,0.0277214334009465,1151,0.7782285327924273,66,0.0446247464503042,177,0.1196754563894523,16,0.0352422907488986,36047099000,1477,177,0.1198375084631008,1477,198,0.1340555179417738,1477,97,0.0656736628300609,163721,0.163721,9033.660923155856,0.6297132321403152
360470992001,360470992001,Block Group 1; Census Tract 992; Kings County; New York,Brooklyn,1642,663,213,0.3212669683257919,706,217,0.3073654390934844,236,0.1437271619975639,387,0.2356881851400731,40,0.0243605359317904,1171,0.7131546894031668,190,0.1157125456760048,61,0.0371498172959805,0,0.0,36047099200,1642,281,0.1711327649208282,1642,195,0.1187576126674786,1642,47,0.0286236297198538,134602,0.134602,12198.9272076195,0.6245956988639443
360470994001,360470994001,Block Group 1; Census Tract 994; Kings County; New York,Brooklyn,1525,534,213,0.398876404494382,706,343,0.4858356940509915,255,0.1672131147540983,335,0.2196721311475409,104,0.0681967213114754,1274,0.8354098360655737,46,0.0301639344262295,10,0.0065573770491803,0,0.0,36047099400,1525,193,0.1265573770491803,1525,112,0.0734426229508196,1525,74,0.0485245901639344,173970,0.17397,8765.879174570327,0.6257162803322589
360470996001,360470996001,Block Group 1; Census Tract 996; Kings County; New York,Brooklyn,1182,403,318,0.7890818858560794,429,339,0.7902097902097902,377,0.3189509306260575,211,0.1785109983079526,92,0.077834179357022,668,0.5651438240270727,36,0.0304568527918781,348,0.2944162436548223,21,0.0521091811414392,36047099600,3079,279,0.0906138356609288,3079,332,0.1078272166287755,3079,326,0.1058785319909061,96547,0.096547,12242.741877013268,0.6343078329382813
360470998001,360470998001,Block Group 1; Census Tract 998; Kings County; New York,Brooklyn,1887,776,499,0.6430412371134021,918,285,0.3104575163398693,303,0.1605723370429252,442,0.2342342342342342,136,0.072072072072072,1568,0.830948595654478,21,0.0111287758346581,32,0.0169581346051934,101,0.1301546391752577,36047099800,3348,255,0.0761648745519713,3348,293,0.0875149342891278,3348,112,0.033452807646356,235656,0.235656,8007.434565638048,0.6320026684877861
360470009001,360470009001,Block Group 1; Census Tract 9; Kings County; New York,Brooklyn,2772,1404,1221,0.8696581196581197,1786,786,0.4400895856662934,410,0.1479076479076479,278,0.1002886002886002,2170,0.7828282828282829,0,0.0,238,0.0858585858585858,118,0.0425685425685425,45,0.032051282051282,36047000900,4842,141,0.0291201982651796,5227,245,0.0468720107136024,5227,149,0.028505835087048,108416,0.108416,25568.18181818182,0.9280923026003448
360471006002,360471006002,Block Group 2; Census Tract 1006; Kings County; New York,Brooklyn,1362,474,242,0.510548523206751,693,302,0.4357864357864358,149,0.1093979441997063,279,0.2048458149779735,33,0.0242290748898678,1175,0.8627019089574156,0,0.0,21,0.0154185022026431,8,0.0168776371308016,36047100600,2656,247,0.0929969879518072,2670,292,0.1093632958801498,2670,297,0.1112359550561797,76018,0.076018,17916.80917677392,0.6400553669154624
360471008002,360471008002,Block Group 2; Census Tract 1008; Kings County; New York,Brooklyn,1307,408,264,0.6470588235294118,566,330,0.5830388692579506,238,0.1820964039785769,270,0.2065799540933435,57,0.043611323641928,1085,0.8301453710788065,30,0.0229533282325937,36,0.0275439938791124,30,0.0735294117647058,36047100800,2156,163,0.0756029684601113,2145,309,0.144055944055944,2145,90,0.0419580419580419,70610,0.07061,18510.12604446962,0.6367659408439728
360470100002,360470100002,Block Group 2; Census Tract 100; Kings County; New York,Brooklyn,1528,376,334,0.8882978723404256,458,172,0.3755458515283842,479,0.3134816753926701,150,0.0981675392670157,74,0.0484293193717277,0,0.0,551,0.3606020942408377,903,0.5909685863874345,297,0.7898936170212766,36047010000,5489,1291,0.2351976680633995,5489,365,0.0664966296228821,5489,628,0.1144106394607396,37744,0.037744,40483.25561678677,0.8310411778874783
360471010002,360471010002,Block Group 2; Census Tract 1010; Kings County; New York,Brooklyn,1881,572,305,0.5332167832167832,690,291,0.4217391304347826,524,0.278575225943647,220,0.1169590643274853,50,0.0265816055289739,1369,0.7278043593833068,6,0.0031897926634768,321,0.1706539074960127,18,0.0314685314685314,36047101000,2577,246,0.0954598370197904,2577,219,0.0849825378346915,2577,142,0.0551028327512611,89478,0.089478,21021.927177630256,0.6431479304293074
360471012002,360471012002,Block Group 2; Census Tract 1012; Kings County; New York,Brooklyn,733,283,106,0.3745583038869258,284,136,0.4788732394366197,126,0.1718963165075034,186,0.2537517053206002,54,0.0736698499317871,487,0.6643929058663028,21,0.0286493860845839,0,0.0,26,0.0918727915194346,36047101200,2079,66,0.0317460317460317,2119,227,0.1071260028315243,2119,153,0.072203869749882,80367,0.080367,9120.658976943274,0.4961740826984729
360471014002,360471014002,Block Group 2; Census Tract 1014; Kings County; New York,Brooklyn,600,238,110,0.4621848739495798,201,104,0.5174129353233831,197,0.3283333333333333,101,0.1683333333333333,29,0.0483333333333333,505,0.8416666666666667,0,0.0,58,0.0966666666666666,0,0.0,36047101400,1785,222,0.1243697478991596,1796,212,0.1180400890868596,1796,20,0.0111358574610244,77384,0.077384,7753.540783624522,0.6712575314610144
360470101002,360470101002,Block Group 2; Census Tract 101; Kings County; New York,Brooklyn,1911,541,408,0.7541589648798521,909,543,0.5973597359735974,347,0.1815803244374673,290,0.151753008895866,468,0.2448979591836734,99,0.0518053375196232,120,0.0627943485086342,1128,0.5902668759811617,43,0.0794824399260628,36047010100,4573,765,0.1672862453531598,4606,433,0.0940078158923143,4606,403,0.0874945722970039,88449,0.088449,21605.67106468134,0.8069341200777299
360470102002,360470102002,Block Group 2; Census Tract 102; Kings County; New York,Brooklyn,1185,376,342,0.9095744680851064,528,355,0.6723484848484849,226,0.190717299578059,194,0.1637130801687763,236,0.1991561181434599,2,0.0016877637130801,678,0.5721518987341773,233,0.1966244725738396,163,0.4335106382978723,36047010200,5152,1205,0.233889751552795,5201,412,0.0792155354739473,5201,407,0.0782541818880984,58093,0.058093,20398.32682078736,0.8569491332983566
360471034012,360471034012,Block Group 2; Census Tract 1034.01; Kings County; New York,Brooklyn,1139,576,576,1.0,315,172,0.546031746031746,391,0.3432835820895522,199,0.1747146619841966,47,0.0412642669007901,721,0.6330114135206322,0,0.0,371,0.3257243195785777,47,0.0815972222222222,36047103401,3637,1752,0.4817156997525433,3637,772,0.2122628540005499,3637,103,0.0283200439923013,89425,0.089425,12736.930388593792,0.6555165380408514
360470104012,360470104012,Block Group 2; Census Tract 104.01; Kings County; New York,Brooklyn,1118,346,327,0.9450867052023122,563,172,0.30550621669627,137,0.1225402504472271,254,0.2271914132379248,0,0.0,0,0.0,965,0.8631484794275492,153,0.1368515205724508,209,0.6040462427745664,36047010401,2060,616,0.2990291262135922,2060,165,0.0800970873786407,2060,239,0.1160194174757281,38443,0.038443,29082.01753245064,0.8070293389547998
360470104022,360470104022,Block Group 2; Census Tract 104.02; Kings County; New York,Brooklyn,1401,404,398,0.9851485148514852,413,165,0.3995157384987893,359,0.2562455389007851,357,0.2548179871520342,244,0.1741613133476088,0,0.0,1061,0.7573162027123483,66,0.0471092077087794,304,0.7524752475247525,36047010402,2145,890,0.4149184149184149,2174,111,0.0510579576816927,2174,112,0.0515179392824287,37753,0.037753,37109.6336714963,0.8481419758389978
360471058012,360471058012,Block Group 2; Census Tract 1058.01; Kings County; New York,Brooklyn,2745,1498,1498,1.0,1014,432,0.4260355029585799,361,0.131511839708561,1031,0.375591985428051,650,0.2367941712204007,1219,0.44408014571949,113,0.0411657559198542,645,0.2349726775956284,350,0.2336448598130841,36047105801,5635,1876,0.332919254658385,5589,1865,0.3336911791018071,5589,128,0.0229021291823224,168049,0.168049,16334.521478854382,0.5491649518682561
360471058042,360471058042,Block Group 2; Census Tract 1058.04; Kings County; New York,Brooklyn,1123,871,871,1.0,98,59,0.6020408163265306,0,0.0,1103,0.9821905609973286,716,0.6375779162956366,184,0.163846838824577,104,0.0926090828138913,65,0.0578806767586821,534,0.6130884041331802,36047105804,5933,1655,0.278948255519973,5933,1908,0.3215911006236305,5933,133,0.0224169897185235,89369,0.089369,12565.878548489967,0.546149767435865
360470106012,360470106012,Block Group 2; Census Tract 106.01; Kings County; New York,Brooklyn,1080,235,163,0.6936170212765957,411,276,0.6715328467153284,505,0.4675925925925926,67,0.062037037037037,0,0.0,0,0.0,682,0.6314814814814815,290,0.2685185185185185,140,0.5957446808510638,36047010601,2138,785,0.3671655753040224,2138,122,0.0570626753975678,2138,155,0.0724976613657624,37755,0.037755,28605.48271752086,0.8311926895666536
360470106022,360470106022,Block Group 2; Census Tract 106.02; Kings County; New York,Brooklyn,1110,287,262,0.9128919860627178,662,227,0.3429003021148036,216,0.1945945945945946,65,0.0585585585585585,0,0.0,0,0.0,1110,1.0,0,0.0,240,0.8362369337979094,36047010602,2088,220,0.1053639846743295,2088,132,0.0632183908045977,2088,45,0.021551724137931,37736,0.037736,29414.88234047064,0.8858147015831235
360471078002,360471078002,Block Group 2; Census Tract 1078; Kings County; New York,Brooklyn,1244,501,383,0.7644710578842315,684,290,0.4239766081871345,181,0.1454983922829582,235,0.1889067524115755,0,0.0,1073,0.862540192926045,0,0.0,171,0.1374598070739549,0,0.0,36047107800,3687,273,0.0740439381611065,3687,508,0.1377813940873338,3687,74,0.0200705180363439,185683,0.185683,6699.590161727246,0.5596670961044234
360470108012,360470108012,Block Group 2; Census Tract 108.01; Kings County; New York,Brooklyn,1015,320,307,0.959375,437,110,0.2517162471395881,166,0.1635467980295566,199,0.1960591133004926,98,0.096551724137931,0,0.0,814,0.8019704433497536,103,0.1014778325123152,219,0.684375,36047010801,1878,555,0.2955271565495208,1878,143,0.0761448349307774,1878,175,0.0931842385516506,37708,0.037708,26917.36501538135,0.9405136190727312
360470108022,360470108022,Block Group 2; Census Tract 108.02; Kings County; New York,Brooklyn,1099,247,232,0.9392712550607288,294,133,0.4523809523809524,248,0.2256596906278435,93,0.0846223839854413,76,0.0691537761601455,0,0.0,802,0.72975432211101,109,0.0991810737033666,142,0.5748987854251012,36047010802,2396,656,0.2737896494156928,2419,101,0.04175279040926,2419,107,0.0442331541959487,37755,0.037755,29108.727320884653,0.932037401029178
360471098002,360471098002,Block Group 2; Census Tract 1098; Kings County; New York,Brooklyn,987,244,147,0.6024590163934426,411,180,0.437956204379562,172,0.1742654508611955,105,0.1063829787234042,21,0.0212765957446808,577,0.5845997973657548,70,0.0709219858156028,171,0.1732522796352583,0,0.0,36047109800,2257,652,0.2888790429774036,2348,215,0.0915672913117546,2348,121,0.0515332197614991,301102,0.301102,3277.958964071976,0.8607942673569895
360471104002,360471104002,Block Group 2; Census Tract 1104; Kings County; New York,Brooklyn,1620,598,477,0.7976588628762542,642,253,0.3940809968847352,412,0.254320987654321,219,0.1351851851851851,0,0.0,1227,0.7574074074074074,0,0.0,277,0.1709876543209876,30,0.0501672240802675,36047110400,5199,1266,0.2435083669936526,5199,734,0.141180996345451,5199,237,0.0455856895556837,181058,0.181058,8947.409117520352,0.8027389854982211
360471106002,360471106002,Block Group 2; Census Tract 1106; Kings County; New York,Brooklyn,2025,888,888,1.0,325,244,0.7507692307692307,565,0.2790123456790123,244,0.1204938271604938,58,0.0286419753086419,1631,0.8054320987654321,0,0.0,266,0.131358024691358,35,0.0394144144144144,36047110600,4117,1607,0.3903327665776051,4117,1056,0.2564974495992227,4117,190,0.0461501093028904,82134,0.082134,24654.83234714004,0.6059260290836972
360470110002,360470110002,Block Group 2; Census Tract 110; Kings County; New York,Brooklyn,941,332,183,0.5512048192771084,384,191,0.4973958333333333,146,0.155154091392136,174,0.1849096705632306,313,0.332624867162593,2,0.002125398512221,349,0.3708820403825717,270,0.2869287991498406,44,0.1325301204819277,36047011000,2530,371,0.1466403162055336,2535,195,0.0769230769230769,2535,158,0.06232741617357,57819,0.057819,16274.926927134678,0.9076456847633304
360471110002,360471110002,Block Group 2; Census Tract 1110; Kings County; New York,Brooklyn,1082,465,465,1.0,307,165,0.5374592833876222,245,0.2264325323475046,315,0.2911275415896488,10,0.0092421441774491,649,0.5998151571164511,0,0.0,377,0.3484288354898336,30,0.064516129032258,36047111000,2984,1052,0.3525469168900804,2984,785,0.2630697050938337,2984,72,0.0241286863270777,58858,0.058858,18383.227428726765,0.5951858202958547
360471116002,360471116002,Block Group 2; Census Tract 1116; Kings County; New York,Brooklyn,1021,371,262,0.706199460916442,418,289,0.6913875598086124,185,0.1811949069539667,186,0.1821743388834476,0,0.0,806,0.7894221351616063,0,0.0,198,0.1939275220372184,0,0.0,36047111600,3519,783,0.2225063938618925,3535,272,0.0769448373408769,3535,362,0.1024045261669024,352487,0.352487,2896.5607242252904,0.8297626878532172
360471118002,360471118002,Block Group 2; Census Tract 1118; Kings County; New York,Brooklyn,1475,434,370,0.8525345622119815,687,295,0.4294032023289665,349,0.2366101694915254,226,0.1532203389830508,13,0.0088135593220338,620,0.4203389830508474,193,0.1308474576271186,372,0.2522033898305085,47,0.108294930875576,36047111800,3872,686,0.1771694214876033,3872,223,0.0575929752066115,3872,214,0.0552685950413223,79590,0.07959,18532.478954642545,0.901023822911692
360471120002,360471120002,Block Group 2; Census Tract 1120; Kings County; New York,Brooklyn,1918,658,494,0.7507598784194529,971,535,0.5509783728115345,410,0.213764337851929,440,0.2294056308654848,4,0.0020855057351407,920,0.4796663190823775,0,0.0,687,0.3581856100104275,30,0.0455927051671732,36047112000,3249,386,0.1188057863958141,3249,171,0.0526315789473684,3249,212,0.0652508464142813,119556,0.119556,16042.691291110445,0.868464398682377
360471122002,360471122002,Block Group 2; Census Tract 1122; Kings County; New York,Brooklyn,1310,677,635,0.9379615952732644,443,350,0.7900677200902935,243,0.1854961832061068,150,0.1145038167938931,9,0.0068702290076335,761,0.5809160305343511,0,0.0,347,0.2648854961832061,176,0.259970457902511,36047112200,3500,818,0.2337142857142857,3500,502,0.1434285714285714,3500,104,0.0297142857142857,41793,0.041793,31344.96207498864,0.9058620553468444
360471124002,360471124002,Block Group 2; Census Tract 1124; Kings County; New York,Brooklyn,1165,492,394,0.8008130081300813,630,453,0.719047619047619,184,0.1579399141630901,152,0.1304721030042918,0,0.0,978,0.8394849785407725,0,0.0,187,0.1605150214592274,73,0.1483739837398374,36047112400,3319,412,0.124133775233504,3380,349,0.1032544378698224,3380,215,0.0636094674556213,71954,0.071954,16190.899741501516,0.8550139053936705
360471126002,360471126002,Block Group 2; Census Tract 1126; Kings County; New York,Brooklyn,1087,411,373,0.9075425790754258,379,245,0.6464379947229552,376,0.3459061637534498,111,0.1021159153633854,0,0.0,834,0.7672493100275989,0,0.0,229,0.2106715731370745,0,0.0,36047112600,4328,1319,0.3047597042513863,4406,622,0.1411711302768951,4406,307,0.0696777122106218,57287,0.057287,18974.636479480512,0.9082473268925358
360471128002,360471128002,Block Group 2; Census Tract 1128; Kings County; New York,Brooklyn,1278,500,362,0.724,593,368,0.6205733558178752,201,0.1572769953051643,260,0.2034428794992175,0,0.0,959,0.7503912363067292,33,0.0258215962441314,166,0.1298904538341158,0,0.0,36047112800,3933,1119,0.2845156369183829,3933,465,0.118230358504958,3933,156,0.0396643783371472,60773,0.060773,21029.075411778256,0.8916888226800692
360470112002,360470112002,Block Group 2; Census Tract 112; Kings County; New York,Brooklyn,723,313,313,1.0,490,47,0.0959183673469387,135,0.1867219917012448,73,0.1009681881051175,521,0.7206085753803596,6,0.0082987551867219,36,0.0497925311203319,157,0.2171507607192254,104,0.3322683706070287,36047011200,6584,1540,0.2339003645200486,6611,637,0.0963545605808501,6611,850,0.1285735894720919,27084,0.027084,26694.727514399645,0.933013264375829
360471130002,360471130002,Block Group 2; Census Tract 1130; Kings County; New York,Brooklyn,828,403,360,0.8933002481389578,392,218,0.5561224489795918,240,0.2898550724637681,55,0.0664251207729468,14,0.0169082125603864,473,0.571256038647343,0,0.0,308,0.3719806763285024,60,0.1488833746898263,36047113000,4448,781,0.1755845323741007,4490,502,0.1118040089086859,4490,221,0.0492204899777282,41061,0.041061,20165.120187038796,0.853898236627102
360471132002,360471132002,Block Group 2; Census Tract 1132; Kings County; New York,Brooklyn,1116,476,372,0.7815126050420168,473,294,0.6215644820295984,316,0.2831541218637993,168,0.1505376344086021,86,0.0770609318996415,829,0.742831541218638,14,0.0125448028673835,132,0.1182795698924731,54,0.1134453781512605,36047113200,2637,565,0.2142586272279105,2637,383,0.1452408039438756,2637,0,0.0,78461,0.078461,14223.627024891346,0.8843238936733985
360471134002,360471134002,Block Group 2; Census Tract 1134; Kings County; New York,Brooklyn,700,364,354,0.9725274725274724,191,100,0.5235602094240838,210,0.3,126,0.18,0,0.0,468,0.6685714285714286,0,0.0,232,0.3314285714285714,94,0.2582417582417582,36047113400,2615,703,0.2688336520076482,2615,506,0.1934990439770554,2615,187,0.07151051625239,27590,0.02759,25371.511417180136,0.8556168315072021
360471142012,360471142012,Block Group 2; Census Tract 1142.01; Kings County; New York,Brooklyn,373,188,183,0.973404255319149,223,176,0.7892376681614349,10,0.0268096514745308,159,0.4262734584450402,5,0.0134048257372654,58,0.1554959785522788,124,0.3324396782841823,186,0.4986595174262734,86,0.4574468085106383,36047114201,1548,213,0.1375968992248062,1548,300,0.1937984496124031,1548,51,0.0329457364341085,200023,0.200023,1864.7855496617888,0.5320472796165865
360471142022,360471142022,Block Group 2; Census Tract 1142.02; Kings County; New York,Brooklyn,810,346,228,0.6589595375722543,312,106,0.3397435897435897,193,0.2382716049382716,208,0.2567901234567901,27,0.0333333333333333,147,0.1814814814814815,0,0.0,636,0.7851851851851852,39,0.1127167630057803,36047114202,2331,837,0.3590733590733591,2331,364,0.1561561561561561,2331,12,0.0051480051480051,43176,0.043176,18760.42245692051,0.2973119373527281
360471144002,360471144002,Block Group 2; Census Tract 1144; Kings County; New York,Brooklyn,646,202,155,0.7673267326732673,326,173,0.5306748466257669,106,0.1640866873065015,78,0.1207430340557275,0,0.0,392,0.6068111455108359,0,0.0,174,0.2693498452012384,16,0.0792079207920792,36047114400,2423,877,0.3619479983491539,2423,324,0.1337185307470078,2423,114,0.0470491126702435,68321,0.068321,9455.365114679234,0.766466287214556
360471146002,360471146002,Block Group 2; Census Tract 1146; Kings County; New York,Brooklyn,1754,447,337,0.7539149888143176,687,445,0.6477438136826783,533,0.3038768529076396,220,0.1254275940706955,25,0.0142531356898517,207,0.1180159635119726,90,0.0513112884834663,1354,0.7719498289623717,46,0.1029082774049217,36047114600,3130,273,0.087220447284345,3130,405,0.1293929712460063,3130,78,0.0249201277955271,82722,0.082722,21203.54923720413,0.6036771416723625
360470114002,360470114002,Block Group 2; Census Tract 114; Kings County; New York,Brooklyn,1266,337,299,0.887240356083086,528,136,0.2575757575757575,503,0.3973143759873617,136,0.1074249605055292,175,0.1382306477093207,121,0.0955766192733017,319,0.2519747235387046,643,0.5078988941548184,215,0.6379821958456974,36047011400,3258,582,0.1786372007366482,3291,215,0.0653296870252203,3291,259,0.0786994834396839,51317,0.051317,24670.18726737728,0.9289211918924544
360471150002,360471150002,Block Group 2; Census Tract 1150; Kings County; New York,Brooklyn,636,313,230,0.7348242811501597,222,189,0.8513513513513513,143,0.2248427672955975,144,0.2264150943396226,0,0.0,244,0.3836477987421384,0,0.0,388,0.610062893081761,46,0.1469648562300319,36047115000,2920,536,0.1835616438356164,2962,317,0.1070222822417285,2962,142,0.0479405806887238,53133,0.053133,11969.962170402574,0.8030183332294865
360471152002,360471152002,Block Group 2; Census Tract 1152; Kings County; New York,Brooklyn,1487,534,449,0.8408239700374532,567,249,0.4391534391534391,403,0.2710154673839946,368,0.2474781439139206,0,0.0,679,0.4566240753194351,9,0.0060524546065904,373,0.2508406186953598,97,0.1816479400749063,36047115200,2558,283,0.1106333072713057,2558,405,0.1583268178264269,2558,64,0.0250195465207193,55757,0.055757,26669.297128611655,0.8033961903988484
360471156002,360471156002,Block Group 2; Census Tract 1156; Kings County; New York,Brooklyn,942,438,438,1.0,288,222,0.7708333333333334,202,0.2144373673036093,110,0.1167728237791932,0,0.0,721,0.7653927813163482,0,0.0,221,0.2346072186836518,7,0.0159817351598173,36047115600,4044,1493,0.369188921859545,4103,657,0.1601267365342432,4103,173,0.0421642700463075,41898,0.041898,22483.173421165688,0.8785551912179727
360471158002,360471158002,Block Group 2; Census Tract 1158; Kings County; New York,Brooklyn,597,250,139,0.556,193,118,0.6113989637305699,115,0.1926298157453936,211,0.3534338358458961,0,0.0,240,0.4020100502512563,0,0.0,50,0.083752093802345,11,0.044,36047115800,2529,587,0.2321075523922499,2529,535,0.2115460656385923,2529,162,0.0640569395017793,55009,0.055009,10852.769546801432,0.8303726063395307
360471160002,360471160002,Block Group 2; Census Tract 1160; Kings County; New York,Brooklyn,785,298,258,0.8657718120805369,313,57,0.182108626198083,87,0.110828025477707,33,0.0420382165605095,19,0.0242038216560509,437,0.556687898089172,11,0.0140127388535031,48,0.0611464968152866,0,0.0,36047116000,2412,590,0.2446102819237147,2420,455,0.1880165289256198,2420,51,0.0210743801652892,40275,0.040275,19490.999379267538,0.8315780258882987
360471162002,360471162002,Block Group 2; Census Tract 1162; Kings County; New York,Brooklyn,1067,357,202,0.5658263305322129,365,101,0.2767123287671232,360,0.3373945641986879,120,0.1124648547328959,0,0.0,495,0.4639175257731959,73,0.0684161199625117,206,0.1930646672914714,12,0.0336134453781512,36047116200,2561,752,0.2936352987114408,2571,232,0.0902372617658498,2571,90,0.0350058343057176,50962,0.050962,20937.168870923433,0.8348790925020482
360471164002,360471164002,Block Group 2; Census Tract 1164; Kings County; New York,Brooklyn,916,424,273,0.6438679245283019,337,131,0.3887240356083086,264,0.2882096069868995,153,0.1670305676855895,65,0.0709606986899563,576,0.62882096069869,0,0.0,235,0.2565502183406113,59,0.1391509433962264,36047116400,3899,250,0.0641190048730443,3936,392,0.0995934959349593,3936,166,0.0421747967479674,64467,0.064467,14208.820016442522,0.8053581440786584
360471166002,360471166002,Block Group 2; Census Tract 1166; Kings County; New York,Brooklyn,1109,414,360,0.8695652173913043,445,132,0.2966292134831461,356,0.321009918845807,148,0.1334535617673579,22,0.0198376916140667,672,0.60595130748422,0,0.0,395,0.3561767357980162,52,0.1256038647342995,36047116600,2998,595,0.1984656437625083,2998,411,0.1370913942628419,2998,197,0.0657104736490994,53546,0.053546,20711.164232622417,0.7844464543293374
360471168002,360471168002,Block Group 2; Census Tract 1168; Kings County; New York,Brooklyn,1097,351,275,0.7834757834757835,457,254,0.5557986870897156,358,0.3263445761166819,41,0.0373746581586144,3,0.0027347310847766,161,0.1467639015496809,157,0.1431175934366454,719,0.6554238833181404,87,0.2478632478632478,36047116800,2585,319,0.1234042553191489,2661,78,0.0293122886133032,2661,44,0.0165351371664787,63949,0.063949,17154.29482869161,0.759038266155805
360470116002,360470116002,Block Group 2; Census Tract 116; Kings County; New York,Brooklyn,1253,331,211,0.6374622356495468,476,140,0.2941176470588235,288,0.2298483639265762,262,0.2090981644054269,52,0.0415003990422984,0,0.0,1191,0.9505187549880288,4,0.0031923383878691,176,0.5317220543806647,36047011600,3212,892,0.2777085927770859,3233,161,0.0497989483451902,3233,138,0.0426848128673059,58184,0.058184,21535.12993262753,0.8293580123787362
360471170002,360471170002,Block Group 2; Census Tract 1170; Kings County; New York,Brooklyn,607,316,264,0.8354430379746836,178,117,0.6573033707865169,91,0.1499176276771004,84,0.1383855024711696,8,0.0131795716639209,66,0.1087314662273476,0,0.0,461,0.7594728171334432,21,0.0664556962025316,36047117000,1952,653,0.3345286885245901,1952,136,0.0696721311475409,1952,61,0.03125,105609,0.105609,5747.61620695206,0.7489632471389783
360471172012,360471172012,Block Group 2; Census Tract 1172.01; Kings County; New York,Brooklyn,986,410,257,0.6268292682926829,327,87,0.2660550458715596,269,0.2728194726166328,223,0.2261663286004056,88,0.0892494929006085,311,0.3154158215010142,58,0.0588235294117647,529,0.5365111561866126,6,0.0146341463414634,36047117201,1961,535,0.2728199898011219,1961,242,0.1234064252932177,1961,46,0.0234574196838347,54067,0.054067,18236.632326557792,0.535908829070065
360471172022,360471172022,Block Group 2; Census Tract 1172.02; Kings County; New York,Brooklyn,2787,822,646,0.7858880778588808,1224,321,0.2622549019607843,546,0.1959095801937567,437,0.1567994259059921,52,0.0186580552565482,676,0.2425547183351273,44,0.0157875852170792,1679,0.6024398995335486,12,0.0145985401459854,36047117202,4719,868,0.1839372748463657,4720,379,0.0802966101694915,4720,542,0.1148305084745762,86737,0.086737,32131.616265261655,0.2794119635300879
360471174002,360471174002,Block Group 2; Census Tract 1174; Kings County; New York,Brooklyn,1788,703,660,0.9388335704125178,797,386,0.4843161856963613,499,0.279082774049217,384,0.2147651006711409,200,0.1118568232662192,181,0.1012304250559284,34,0.0190156599552572,1245,0.6963087248322147,95,0.1351351351351351,36047117400,3827,539,0.1408413901228116,3827,96,0.0250849229161222,3827,229,0.0598379932061667,105950,0.10595,16875.884851344974,0.281942391036306
360471176012,360471176012,Block Group 2; Census Tract 1176.01; Kings County; New York,Brooklyn,2142,585,458,0.7829059829059829,1084,735,0.6780442804428044,573,0.2675070028011204,107,0.049953314659197,17,0.0079365079365079,282,0.1316526610644257,39,0.0182072829131652,1602,0.7478991596638656,95,0.1623931623931624,36047117601,3019,112,0.0370983769460086,3021,282,0.0933465739821251,3021,155,0.0513075140681893,72396,0.072396,29587.27001491795,0.2863484951002407
360471176022,360471176022,Block Group 2; Census Tract 1176.02; Kings County; New York,Brooklyn,2206,675,514,0.7614814814814815,737,314,0.4260515603799186,784,0.3553943789664551,234,0.1060743427017225,101,0.0457842248413417,322,0.1459655485040797,133,0.0602901178603807,1415,0.6414324569356301,98,0.1451851851851852,36047117602,3362,420,0.1249256395002974,3393,371,0.1093427645151783,3393,238,0.0701444149720011,61714,0.061714,35745.535858962314,0.7408348948656805
360470117002,360470117002,Block Group 2; Census Tract 117; Kings County; New York,Brooklyn,865,394,301,0.7639593908629442,466,170,0.3648068669527897,168,0.1942196531791907,125,0.1445086705202312,591,0.6832369942196532,0,0.0,101,0.1167630057803468,153,0.176878612716763,23,0.0583756345177665,36047011700,2729,98,0.0359105899596921,2776,309,0.1113112391930835,2776,201,0.0724063400576368,74124,0.074124,11669.63466623496,0.9056980408390448
360471182012,360471182012,Block Group 2; Census Tract 1182.01; Kings County; New York,Brooklyn,1359,407,318,0.7813267813267813,634,364,0.5741324921135647,394,0.2899190581309787,171,0.1258278145695364,12,0.0088300220750551,100,0.0735835172921265,8,0.0058866813833701,1199,0.8822663723325975,161,0.3955773955773956,36047118201,3638,738,0.2028587135788895,3674,220,0.059880239520958,3674,133,0.0362003266194883,67380,0.06738,20169.18967052538,0.65022289006393
360471182022,360471182022,Block Group 2; Census Tract 1182.02; Kings County; New York,Brooklyn,1354,374,264,0.7058823529411765,607,267,0.4398682042833607,315,0.2326440177252585,162,0.1196454948301329,54,0.0398818316100443,95,0.070162481536189,0,0.0,1205,0.8899556868537666,114,0.3048128342245989,36047118202,3288,678,0.2062043795620438,3288,206,0.0626520681265206,3288,206,0.0626520681265206,61992,0.061992,21841.527939088915,0.7548035377847564
360471184002,360471184002,Block Group 2; Census Tract 1184; Kings County; New York,Brooklyn,1820,428,397,0.927570093457944,1223,573,0.4685200327064595,275,0.1510989010989011,28,0.0153846153846153,28,0.0153846153846153,264,0.145054945054945,49,0.0269230769230769,1479,0.8126373626373626,213,0.4976635514018692,36047118400,4826,833,0.1726067136344799,4826,459,0.0951098217985909,4826,905,0.1875259013675922,60366,0.060366,30149.421859987408,0.6453786621181677
360471186002,360471186002,Block Group 2; Census Tract 1186; Kings County; New York,Brooklyn,1402,411,299,0.7274939172749392,579,179,0.309153713298791,278,0.1982881597717546,297,0.2118402282453637,83,0.0592011412268188,226,0.1611982881597717,213,0.151925820256776,743,0.5299572039942939,86,0.2092457420924574,36047118600,3082,382,0.1239454899415963,3099,532,0.1716682800903517,3099,196,0.0632462084543401,64164,0.064164,21850.25871205037,0.3223253614614583
360471188002,360471188002,Block Group 2; Census Tract 1188; Kings County; New York,Brooklyn,633,208,160,0.7692307692307693,250,49,0.196,99,0.1563981042654028,150,0.2369668246445497,9,0.0142180094786729,238,0.3759873617693522,169,0.2669826224328594,123,0.1943127962085308,32,0.1538461538461538,36047118800,4760,776,0.1630252100840336,4778,248,0.0519045625784847,4778,185,0.0387191293428212,52033,0.052033,12165.356600618838,0.2801772134647368
360470118002,360470118002,Block Group 2; Census Tract 118; Kings County; New York,Brooklyn,596,200,180,0.9,236,134,0.5677966101694916,128,0.2147651006711409,152,0.2550335570469799,100,0.1677852348993288,0,0.0,447,0.75,49,0.0822147651006711,83,0.415,36047011800,1867,514,0.275307980717729,1867,126,0.0674879485806106,1867,69,0.0369576861274772,77736,0.077736,7666.975403931255,0.6469361627328287
360470119012,360470119012,Block Group 2; Census Tract 119.01; Kings County; New York,Brooklyn,976,408,322,0.7892156862745098,613,236,0.3849918433931484,143,0.1465163934426229,160,0.1639344262295081,567,0.5809426229508197,47,0.048155737704918,87,0.089139344262295,271,0.2776639344262295,0,0.0,36047011901,1343,158,0.1176470588235294,1378,123,0.0892597968069666,1378,136,0.0986937590711175,214981,0.214981,4539.936087375163,0.6506102438740906
360471190002,360471190002,Block Group 2; Census Tract 1190; Kings County; New York,Brooklyn,770,335,293,0.8746268656716418,268,134,0.5,256,0.3324675324675324,123,0.1597402597402597,0,0.0,254,0.3298701298701298,21,0.0272727272727272,472,0.612987012987013,52,0.1552238805970149,36047119000,1783,550,0.3084688726864834,1772,165,0.0931151241534988,1772,91,0.051354401805869,51895,0.051895,14837.652953078332,0.7485622971565609
360471192002,360471192002,Block Group 2; Census Tract 1192; Kings County; New York,Brooklyn,1699,502,454,0.904382470119522,583,217,0.3722126929674099,494,0.290759270158917,309,0.1818716892289582,0,0.0,710,0.4178928781636256,101,0.0594467333725721,493,0.2901706886403767,6,0.0119521912350597,36047119200,3885,450,0.1158301158301158,3885,435,0.1119691119691119,3885,335,0.0862290862290862,56927,0.056927,29845.24039559436,0.8015695474289568
360471194002,360471194002,Block Group 2; Census Tract 1194; Kings County; New York,Brooklyn,2809,793,660,0.832282471626734,861,377,0.437862950058072,706,0.2513349946600213,634,0.2257030971876112,0,0.0,989,0.3520825916696333,790,0.2812388750444998,946,0.3367746529013884,46,0.0580075662042875,36047119400,4816,1689,0.3507059800664451,4816,342,0.0710132890365448,4816,616,0.127906976744186,56434,0.056434,49774.95835843641,0.7935185282407877
360471196002,360471196002,Block Group 2; Census Tract 1196; Kings County; New York,Brooklyn,1090,363,313,0.8622589531680441,552,402,0.7282608695652174,91,0.0834862385321101,245,0.2247706422018348,0,0.0,0,0.0,682,0.6256880733944954,311,0.2853211009174312,26,0.071625344352617,36047119600,5952,1185,0.1990927419354838,5972,663,0.1110180843938379,5972,262,0.0438713998660415,64158,0.064158,16989.307646747093,0.8080301690793406
360471198002,360471198002,Block Group 2; Census Tract 1198; Kings County; New York,Brooklyn,624,231,80,0.3463203463203463,414,201,0.4855072463768116,138,0.2211538461538461,19,0.0304487179487179,29,0.0464743589743589,97,0.1554487179487179,187,0.2996794871794871,291,0.4663461538461538,60,0.2597402597402597,36047119800,3268,1171,0.3583231334149326,3233,227,0.0702134240643365,3233,293,0.0906278997834828,99629,0.099629,6263.2366078149935,0.5320413417133677
360471200002,360471200002,Block Group 2; Census Tract 1200; Kings County; New York,Brooklyn,1725,508,430,0.8464566929133859,647,323,0.4992272024729521,574,0.3327536231884058,177,0.1026086956521739,61,0.0353623188405797,772,0.4475362318840579,339,0.1965217391304347,392,0.2272463768115942,81,0.1594488188976378,36047120000,2786,531,0.1905958363244795,2922,183,0.0626283367556468,2922,76,0.0260095824777549,77996,0.077996,22116.518795835684,0.7420705092034687
360471202002,360471202002,Block Group 2; Census Tract 1202; Kings County; New York,Brooklyn,613,164,150,0.9146341463414634,252,141,0.5595238095238095,197,0.3213703099510603,67,0.1092985318107667,0,0.0,70,0.1141924959216965,323,0.5269168026101142,199,0.3246329526916802,56,0.3414634146341463,36047120200,1978,104,0.0525783619817998,1999,193,0.0965482741370685,1999,80,0.0400200100050025,57865,0.057865,10593.623088222586,0.3002729931713778
360471208012,360471208012,Block Group 2; Census Tract 1208.01; Kings County; New York,Brooklyn,1249,371,196,0.5283018867924528,445,311,0.698876404494382,416,0.33306645316253,171,0.1369095276220976,0,0.0,809,0.6477181745396317,188,0.1505204163330664,16,0.0128102481985588,41,0.1105121293800539,36047120801,4834,639,0.1321886636326024,4834,449,0.0928837401737691,4834,440,0.0910219280099296,54619,0.054619,22867.500320401326,0.8269656948293227
360471208022,360471208022,Block Group 2; Census Tract 1208.02; Kings County; New York,Brooklyn,1208,427,427,1.0,311,155,0.4983922829581994,516,0.4271523178807947,107,0.0885761589403973,0,0.0,1208,1.0,0,0.0,0,0.0,0,0.0,36047120802,5247,2101,0.40041928721174,5247,715,0.1362683438155136,5247,94,0.0179149990470745,39563,0.039563,30533.579354447334,0.7858259967848727
360471210002,360471210002,Block Group 2; Census Tract 1210; Kings County; New York,Brooklyn,2199,860,860,1.0,712,663,0.9311797752808988,815,0.3706230104592997,165,0.0750341064120054,0,0.0,1254,0.5702592087312415,0,0.0,945,0.4297407912687585,179,0.2081395348837209,36047121000,3738,1545,0.413322632423756,3738,680,0.1819154628143392,3738,211,0.0564472980203317,61408,0.061408,35809.66649296509,0.8204436964782191
360471214002,360471214002,Block Group 2; Census Tract 1214; Kings County; New York,Brooklyn,1192,532,532,1.0,472,210,0.4449152542372881,215,0.1803691275167785,154,0.1291946308724832,0,0.0,570,0.4781879194630872,0,0.0,622,0.5218120805369127,81,0.1522556390977443,36047121400,4512,1221,0.2706117021276595,4512,615,0.1363031914893617,4512,12,0.0026595744680851,81085,0.081085,14700.622803231176,0.8463993735915912
360470121002,360470121002,Block Group 2; Census Tract 121; Kings County; New York,Brooklyn,1161,416,296,0.7115384615384616,626,283,0.4520766773162939,242,0.2084409991386735,119,0.1024978466838932,417,0.359173126614987,11,0.0094745908699397,174,0.1498708010335917,518,0.446167097329888,41,0.0985576923076923,36047012100,2157,193,0.0894761242466388,2157,114,0.0528511821974965,2157,215,0.0996754751970329,73677,0.073677,15757.970601408852,0.9133675426203494
360471220002,360471220002,Block Group 2; Census Tract 1220; Kings County; New York,Brooklyn,4902,1546,1062,0.6869340232858991,2336,1137,0.4867294520547945,1513,0.3086495308037535,233,0.047531619747042,0,0.0,4110,0.8384332925336597,433,0.0883312933496532,359,0.073235414116687,98,0.0633893919793014,36047122000,6991,350,0.0500643684737519,6955,663,0.0953271028037383,6955,456,0.0655643421998562,496853,0.496853,9866.097215876727,0.7670974850430825
360470122002,360470122002,Block Group 2; Census Tract 122; Kings County; New York,Brooklyn,2043,540,449,0.8314814814814815,962,374,0.3887733887733888,611,0.2990699951052374,158,0.0773372491434165,149,0.0729319627998042,0,0.0,640,0.3132648066568771,1232,0.6030347528144885,290,0.5370370370370371,36047012200,4655,1330,0.2857142857142857,4655,213,0.0457572502685284,4655,341,0.0732545649838883,38108,0.038108,53610.79038522095,0.8568879770199305
360471237002,360471237002,Block Group 2; Census Tract 1237; Kings County; New York,Brooklyn,5654,815,729,0.894478527607362,1184,38,0.0320945945945945,3892,0.6883622214361514,50,0.0088432967810399,5467,0.9669260700389104,31,0.0054828440042447,0,0.0,102,0.0180403254333215,124,0.1521472392638037,36047123700,9642,3861,0.4004355942750466,9642,234,0.0242688238954573,9642,35,0.0036299522920555,77467,0.077467,72985.9165838357,0.8173803386690761
360470126002,360470126002,Block Group 2; Census Tract 126; Kings County; New York,Brooklyn,1240,302,179,0.5927152317880795,633,273,0.4312796208530806,304,0.2451612903225806,114,0.0919354838709677,320,0.2580645161290322,65,0.0524193548387096,512,0.4129032258064516,282,0.2274193548387096,75,0.2483443708609271,36047012600,3020,569,0.18841059602649,3020,280,0.0927152317880794,3020,390,0.1291390728476821,77090,0.07709,16085.09534310546,0.7807102595158109
360470127002,360470127002,Block Group 2; Census Tract 127; Kings County; New York,Brooklyn,1088,574,537,0.9355400696864112,631,312,0.4944532488114104,160,0.1470588235294117,195,0.1792279411764706,469,0.4310661764705882,130,0.119485294117647,179,0.1645220588235294,237,0.2178308823529411,15,0.0261324041811846,36047012700,4222,508,0.1203221222169587,4211,969,0.2301116124436001,4211,623,0.1479458560911897,83537,0.083537,13024.168931132312,0.8423912161076935
360470129012,360470129012,Block Group 2; Census Tract 129.01; Kings County; New York,Brooklyn,871,361,215,0.5955678670360111,512,219,0.427734375,177,0.2032146957520091,123,0.1412169919632606,504,0.5786452353616532,46,0.052812858783008,125,0.1435132032146957,122,0.140068886337543,15,0.0415512465373961,36047012901,2539,238,0.0937376920047262,2539,237,0.0933438361559669,2539,182,0.0716817644742024,38829,0.038829,22431.6876561333,0.9008022220697862
360470129022,360470129022,Block Group 2; Census Tract 129.02; Kings County; New York,Brooklyn,2631,1494,1446,0.9678714859437751,1950,1033,0.5297435897435897,327,0.1242873432155074,163,0.0619536297985556,1167,0.443557582668187,392,0.1489927784112504,398,0.1512732801216267,429,0.1630558722919042,28,0.0187416331994645,36047012902,3822,241,0.0630559916274202,3822,191,0.0499738356881214,3822,109,0.0285190999476713,97731,0.097731,26920.83371703963,0.9215071203969089
360470130002,360470130002,Block Group 2; Census Tract 130; Kings County; New York,Brooklyn,964,468,424,0.905982905982906,464,123,0.2650862068965517,224,0.2323651452282157,105,0.1089211618257261,513,0.5321576763485477,0,0.0,28,0.0290456431535269,339,0.3516597510373444,111,0.2371794871794871,36047013000,5586,820,0.1467955603293949,5586,466,0.083422842821339,5586,499,0.0893304690297171,49141,0.049141,19617.020410655055,0.7894254420900769
360470131002,360470131002,Block Group 2; Census Tract 131; Kings County; New York,Brooklyn,847,379,334,0.8812664907651715,491,199,0.405295315682281,139,0.1641086186540732,49,0.0578512396694214,384,0.4533648170011806,113,0.1334120425029516,87,0.1027154663518299,96,0.1133412042502951,8,0.021108179419525,36047013100,3504,378,0.1078767123287671,3533,391,0.1106708180016982,3533,55,0.0155675063685253,40829,0.040829,20745.058659286293,0.904268367065222
360470132002,360470132002,Block Group 2; Census Tract 132; Kings County; New York,Brooklyn,1537,462,211,0.4567099567099567,519,222,0.4277456647398844,412,0.2680546519193234,272,0.176968119713728,623,0.4053350683148991,55,0.0357839947950553,380,0.247234873129473,407,0.2648015614834092,48,0.1038961038961039,36047013200,2088,330,0.1580459770114942,2088,399,0.1910919540229885,2088,81,0.0387931034482758,124102,0.124102,12384.973650706675,0.6007611284152006
360470133002,360470133002,Block Group 2; Census Tract 133; Kings County; New York,Brooklyn,918,394,342,0.868020304568528,597,337,0.5644891122278057,164,0.1786492374727669,31,0.0337690631808278,751,0.818082788671024,1,0.0010893246187363,61,0.0664488017429194,84,0.0915032679738562,0,0.0,36047013300,4256,63,0.0148026315789473,4264,218,0.0511257035647279,4264,117,0.0274390243902439,38240,0.03824,24006.276150627615,0.8943974236940937
360470134002,360470134002,Block Group 2; Census Tract 134; Kings County; New York,Brooklyn,1473,507,413,0.814595660749507,727,205,0.2819807427785419,432,0.2932790224032586,184,0.1249151391717583,790,0.5363204344874406,10,0.0067888662593346,148,0.1004752206381534,387,0.2627291242362525,48,0.0946745562130177,36047013400,4137,473,0.114334058496495,4207,371,0.0881863560732113,4207,89,0.0211552174946517,60776,0.060776,24236.5407397657,0.6267690763845993
360470135002,360470135002,Block Group 2; Census Tract 135; Kings County; New York,Brooklyn,1206,483,358,0.7412008281573499,591,212,0.3587140439932318,306,0.2537313432835821,185,0.1533996683250414,873,0.7238805970149254,21,0.017412935323383,84,0.0696517412935323,64,0.0530679933665008,0,0.0,36047013500,4294,79,0.0183977643223102,4294,197,0.0458779692594317,4294,71,0.0165346995808104,75901,0.075901,15889.118720438466,0.9171189792759946
360470136002,360470136002,Block Group 2; Census Tract 136; Kings County; New York,Brooklyn,1033,329,271,0.8237082066869301,630,191,0.3031746031746031,137,0.132623426911907,131,0.1268151016456921,728,0.7047434656340755,17,0.0164569215876089,150,0.1452081316553727,100,0.0968054211035818,0,0.0,36047013600,4015,509,0.1267745952677459,4088,459,0.112279843444227,4088,182,0.0445205479452054,40412,0.040412,25561.714342274576,0.8060007901065048
360470137002,360470137002,Block Group 2; Census Tract 137; Kings County; New York,Brooklyn,979,479,427,0.8914405010438413,603,189,0.3134328358208955,210,0.2145045965270684,94,0.0960163432073544,704,0.7191011235955056,0,0.0,86,0.0878447395301327,140,0.1430030643513789,0,0.0,36047013700,3026,150,0.0495703899537343,3094,138,0.0446024563671622,3094,142,0.0458952811893988,38049,0.038049,25729.979762937262,0.9417630974652714
360470138002,360470138002,Block Group 2; Census Tract 138; Kings County; New York,Brooklyn,758,292,228,0.7808219178082192,365,209,0.5726027397260274,133,0.1754617414248021,138,0.1820580474934037,317,0.4182058047493404,14,0.0184696569920844,272,0.3588390501319261,143,0.1886543535620052,14,0.047945205479452,36047013800,3792,118,0.0311181434599156,3800,270,0.0710526315789473,3800,53,0.0139473684210526,40867,0.040867,18547.972691903004,0.807926405952945
360470139002,360470139002,Block Group 2; Census Tract 139; Kings County; New York,Brooklyn,837,383,365,0.9530026109660574,585,156,0.2666666666666666,87,0.1039426523297491,48,0.057347670250896,442,0.5280764635603346,56,0.066905615292712,169,0.2019115890083632,146,0.1744324970131421,13,0.0339425587467362,36047013900,3560,213,0.0598314606741573,3560,237,0.0665730337078651,3560,172,0.048314606741573,37993,0.037993,22030.374016266156,0.9063835794432994
360470140002,360470140002,Block Group 2; Census Tract 140; Kings County; New York,Brooklyn,965,348,244,0.7011494252873564,303,95,0.3135313531353135,140,0.1450777202072538,132,0.1367875647668393,629,0.6518134715025907,0,0.0,292,0.3025906735751295,44,0.0455958549222797,49,0.1408045977011494,36047014000,1787,415,0.2322327923894795,1787,241,0.1348628987129267,1787,114,0.063794068270845,84687,0.084687,11394.901224509074,0.604398912645585
360470141022,360470141022,Block Group 2; Census Tract 141.02; Kings County; New York,Brooklyn,818,343,254,0.7405247813411079,476,234,0.4915966386554621,219,0.2677261613691931,120,0.1466992665036675,528,0.6454767726161369,18,0.0220048899755501,37,0.0452322738386308,216,0.2640586797066014,0,0.0,36047014102,2032,166,0.0816929133858267,2032,423,0.2081692913385826,2032,103,0.0506889763779527,47437,0.047437,17243.92351961549,0.941957734618546
360470142002,360470142002,Block Group 2; Census Tract 142; Kings County; New York,Brooklyn,1250,505,484,0.9584158415841584,728,535,0.7348901098901099,313,0.2504,212,0.1696,581,0.4648,201,0.1608,136,0.1088,245,0.196,37,0.0732673267326732,36047014200,3517,880,0.2502132499289167,3524,517,0.1467082860385925,3524,207,0.0587400681044267,35696,0.035696,35017.92917974003,0.8168060814090479
360470143002,360470143002,Block Group 2; Census Tract 143; Kings County; New York,Brooklyn,832,374,267,0.713903743315508,576,187,0.3246527777777778,142,0.1706730769230769,56,0.0673076923076923,570,0.6850961538461539,4,0.0048076923076923,186,0.2235576923076923,28,0.0336538461538461,1,0.0026737967914438,36047014300,3653,347,0.0949904188338352,3675,256,0.0696598639455782,3675,256,0.0696598639455782,72979,0.072979,11400.539881335726,0.8542074192102163
360470145002,360470145002,Block Group 2; Census Tract 145; Kings County; New York,Brooklyn,1800,636,496,0.779874213836478,1092,461,0.4221611721611721,452,0.2511111111111111,68,0.0377777777777777,1109,0.6161111111111112,36,0.02,45,0.025,554,0.3077777777777777,26,0.040880503144654,36047014500,4681,567,0.1211279641102328,4681,406,0.086733603930784,4681,333,0.0711386455885494,38645,0.038645,46577.8237805667,0.6403827140126882
360470147002,360470147002,Block Group 2; Census Tract 147; Kings County; New York,Brooklyn,1849,644,436,0.6770186335403726,942,319,0.3386411889596603,630,0.3407247160627366,136,0.0735532720389399,1296,0.7009194159004868,0,0.0,40,0.0216333153055705,242,0.130881557598702,6,0.0093167701863354,36047014700,2363,169,0.071519255184088,2373,74,0.0311841550779603,2373,8,0.0033712600084281,56224,0.056224,32886.311895276034,0.9489646318541538
360470148002,360470148002,Block Group 2; Census Tract 148; Kings County; New York,Brooklyn,645,203,72,0.354679802955665,290,71,0.2448275862068965,97,0.1503875968992248,168,0.2604651162790697,276,0.427906976744186,0,0.0,180,0.2790697674418604,186,0.2883720930232558,7,0.0344827586206896,36047014800,1210,94,0.0776859504132231,1233,70,0.056772100567721,1233,0,0.0,76920,0.07692,8385.335413416537,0.7651908215746792
360470149012,360470149012,Block Group 2; Census Tract 149.01; Kings County; New York,Brooklyn,673,277,259,0.9350180505415162,400,206,0.515,73,0.1084695393759286,106,0.1575037147102526,437,0.649331352154532,45,0.0668647845468053,80,0.1188707280832095,55,0.0817236255572065,0,0.0,36047014901,1540,129,0.0837662337662337,1540,143,0.0928571428571428,1540,27,0.0175324675324675,37496,0.037496,17948.581181992744,0.933260757080383
360470149022,360470149022,Block Group 2; Census Tract 149.02; Kings County; New York,Brooklyn,1426,823,750,0.9113001215066828,1057,344,0.3254493850520341,59,0.0413744740532959,133,0.0932678821879382,1000,0.7012622720897616,6,0.0042075736325385,67,0.046984572230014,284,0.1991584852734922,0,0.0,36047014902,4054,244,0.0601874691662555,4054,280,0.0690675875678342,4054,211,0.052047360631475,61390,0.06139,23228.538849975565,0.9397100742110464
360470015012,360470015012,Block Group 2; Census Tract 15.01; Kings County; New York,Brooklyn,1831,561,561,1.0,644,481,0.7468944099378882,669,0.3653741125068269,206,0.1125068268705625,28,0.0152921900600764,1122,0.6127799016930638,132,0.0720917531403604,512,0.2796286182413981,149,0.2655971479500891,36047001501,4565,1113,0.2438116100766703,4565,464,0.1016429353778751,4565,209,0.0457831325301204,84120,0.08412,21766.524013314312,0.8825101774224811
360471502002,360471502002,Block Group 2; Census Tract 1502; Kings County; New York,Brooklyn,1284,402,287,0.7139303482587065,626,225,0.3594249201277955,517,0.4026479750778816,39,0.0303738317757009,933,0.7266355140186916,108,0.0841121495327102,30,0.0233644859813084,188,0.146417445482866,0,0.0,36047150200,2869,112,0.0390379923318229,2884,192,0.0665742024965325,2884,126,0.0436893203883495,67915,0.067915,18905.985422955164,0.9357248040301088
360470150002,360470150002,Block Group 2; Census Tract 150; Kings County; New York,Brooklyn,751,223,77,0.3452914798206278,251,79,0.3147410358565737,233,0.3102529960053262,96,0.1278295605858855,431,0.5739014647137151,3,0.0039946737683089,316,0.4207723035952064,0,0.0,36,0.1614349775784753,36047015000,1437,202,0.1405706332637439,1437,249,0.1732776617954071,1437,86,0.0598469032707028,76965,0.076965,9757.682063275512,0.6219722864746858
360470151002,360470151002,Block Group 2; Census Tract 151; Kings County; New York,Brooklyn,1090,492,270,0.5487804878048781,605,227,0.3752066115702479,189,0.173394495412844,244,0.2238532110091743,813,0.7458715596330275,28,0.0256880733944954,74,0.0678899082568807,98,0.0899082568807339,20,0.040650406504065,36047015100,4060,182,0.0448275862068965,4060,252,0.0620689655172413,4060,74,0.0182266009852216,37462,0.037462,29096.150766109655,0.9291854867859494
360471522002,360471522002,Block Group 2; Census Tract 1522; Kings County; New York,Brooklyn,851,574,125,0.2177700348432055,518,69,0.1332046332046332,53,0.0622796709753231,253,0.2972972972972973,276,0.3243243243243243,81,0.0951821386603995,494,0.5804935370152762,0,0.0,65,0.1132404181184669,36047152200,2912,107,0.0367445054945054,2913,180,0.0617919670442842,2913,13,0.0044627531754205,75010,0.07501,11345.153979469404,0.5918804136068134
360470152002,360470152002,Block Group 2; Census Tract 152; Kings County; New York,Brooklyn,758,299,159,0.5317725752508361,325,99,0.3046153846153846,50,0.0659630606860158,307,0.4050131926121372,426,0.5620052770448549,88,0.1160949868073878,109,0.1437994722955145,121,0.1596306068601583,15,0.0501672240802675,36047015200,2123,301,0.1417804992934526,2123,124,0.0584079133301931,2123,51,0.0240226095148374,48148,0.048148,15743.125363462656,0.5483825344772503
360470153002,360470153002,Block Group 2; Census Tract 153; Kings County; New York,Brooklyn,838,345,267,0.7739130434782608,463,154,0.3326133909287257,215,0.256563245823389,78,0.0930787589498806,537,0.6408114558472554,37,0.0441527446300716,52,0.0620525059665871,103,0.1229116945107398,0,0.0,36047015300,2554,109,0.0426781519185591,2578,144,0.0558572536850271,2578,85,0.0329712955779674,37692,0.037692,22232.834553751454,0.8376353440059987
360470155002,360470155002,Block Group 2; Census Tract 155; Kings County; New York,Brooklyn,1206,450,211,0.4688888888888889,578,226,0.3910034602076124,341,0.2827529021558872,161,0.1334991708126036,828,0.6865671641791045,0,0.0,77,0.0638474295190713,194,0.1608623548922056,15,0.0333333333333333,36047015500,3413,136,0.0398476413712276,3443,160,0.0464711007841998,3443,28,0.0081324426372349,37385,0.037385,32258.92737729035,0.9864828960190356
360470157002,360470157002,Block Group 2; Census Tract 157; Kings County; New York,Brooklyn,1020,367,229,0.6239782016348774,600,225,0.375,225,0.2205882352941176,163,0.1598039215686274,849,0.8323529411764706,2,0.0019607843137254,40,0.0392156862745098,128,0.1254901960784313,0,0.0,36047015700,5040,119,0.0236111111111111,5071,324,0.063892723328732,5071,0,0.0,37563,0.037563,27154.38064052392,0.9528877573478952
360470159002,360470159002,Block Group 2; Census Tract 159; Kings County; New York,Brooklyn,768,340,226,0.6647058823529411,434,118,0.271889400921659,201,0.26171875,54,0.0703125,672,0.875,0,0.0,12,0.015625,84,0.109375,0,0.0,36047015900,5358,262,0.0488988428518103,5376,247,0.0459449404761904,5376,27,0.0050223214285714,37647,0.037647,20400.031875049805,0.9618449139407196
360470160002,360470160002,Block Group 2; Census Tract 160; Kings County; New York,Brooklyn,1208,428,393,0.9182242990654206,674,257,0.3813056379821958,214,0.1771523178807947,88,0.0728476821192053,409,0.3385761589403973,42,0.0347682119205298,354,0.293046357615894,388,0.3211920529801324,102,0.2383177570093458,36047016000,4426,738,0.166741979213737,4426,300,0.0677812923633077,4426,214,0.0483506552191595,32839,0.032839,36785.52940101709,0.8269809631341332
360470162002,360470162002,Block Group 2; Census Tract 162; Kings County; New York,Brooklyn,1181,663,424,0.6395173453996983,701,340,0.485021398002853,153,0.1295512277730736,397,0.336155800169348,758,0.6418289585097375,0,0.0,134,0.11346316680779,197,0.1668077900084674,54,0.0814479638009049,36047016200,2221,331,0.1490319675821702,2267,268,0.1182179091310101,2267,24,0.0105866784296427,151226,0.151226,7809.503656778596,0.8186580719017875
360470163002,360470163002,Block Group 2; Census Tract 163; Kings County; New York,Brooklyn,2264,1015,852,0.8394088669950739,1238,575,0.4644588045234248,536,0.2367491166077738,34,0.0150176678445229,1093,0.482773851590106,370,0.1634275618374558,275,0.1214664310954063,269,0.1188162544169611,70,0.0689655172413793,36047016300,4357,347,0.0796419554739499,4370,418,0.0956521739130434,4370,133,0.0304347826086956,77109,0.077109,29361.034379903773,0.8674486555395831
360470165002,360470165002,Block Group 2; Census Tract 165; Kings County; New York,Brooklyn,1496,612,284,0.4640522875816993,861,190,0.2206736353077816,378,0.2526737967914438,352,0.2352941176470588,1111,0.7426470588235294,7,0.0046791443850267,250,0.1671122994652406,28,0.0187165775401069,0,0.0,36047016500,5742,119,0.0207244862417276,5742,157,0.0273423894113549,5742,80,0.0139324277255311,54116,0.054116,27644.319609727252,0.8903649522689907
360470166002,360470166002,Block Group 2; Census Tract 166; Kings County; New York,Brooklyn,968,328,66,0.2012195121951219,404,106,0.2623762376237624,199,0.2055785123966942,152,0.1570247933884297,565,0.5836776859504132,0,0.0,184,0.1900826446280991,197,0.2035123966942148,39,0.1189024390243902,36047016600,2201,167,0.0758746024534302,2201,119,0.0540663334847796,2201,97,0.0440708768741481,133466,0.133466,7252.783480436965,0.7492912290084954
360470167002,360470167002,Block Group 2; Census Tract 167; Kings County; New York,Brooklyn,1143,632,512,0.810126582278481,873,484,0.5544100801832761,161,0.1408573928258967,130,0.1137357830271216,600,0.5249343832020997,33,0.0288713910761154,413,0.3613298337707786,87,0.0761154855643044,0,0.0,36047016700,4800,273,0.056875,4800,357,0.074375,4800,195,0.040625,37704,0.037704,30315.08593252705,0.9286044715064103
360470169002,360470169002,Block Group 2; Census Tract 169; Kings County; New York,Brooklyn,1023,579,516,0.8911917098445595,685,327,0.4773722627737226,112,0.1094819159335288,195,0.1906158357771261,764,0.7468230694037146,0,0.0,224,0.2189638318670576,20,0.0195503421309872,169,0.2918825561312608,36047016900,4506,667,0.1480248557478917,4714,285,0.0604582095884599,4714,244,0.0517607127704709,36867,0.036867,27748.392871673856,0.9076572929885284
360470170002,360470170002,Block Group 2; Census Tract 170; Kings County; New York,Brooklyn,1646,477,270,0.5660377358490566,793,270,0.3404791929382093,351,0.2132442284325638,254,0.1543134872417983,604,0.3669501822600243,52,0.031591737545565,588,0.3572296476306197,393,0.2387606318347509,70,0.1467505241090146,36047017000,3495,421,0.1204577968526466,3503,578,0.1650014273479874,3503,297,0.0847844704538966,75411,0.075411,21827.05440850804,0.7826067111752262
360470171002,360470171002,Block Group 2; Census Tract 171; Kings County; New York,Brooklyn,776,267,70,0.2621722846441947,398,151,0.3793969849246231,197,0.2538659793814433,135,0.1739690721649484,638,0.8221649484536082,22,0.0283505154639175,30,0.0386597938144329,0,0.0,7,0.0262172284644194,36047017100,4139,75,0.0181203189176129,4139,147,0.0355158250785213,4139,50,0.0120802126117419,42313,0.042313,18339.517405998155,0.8923301873665189
360470172002,360470172002,Block Group 2; Census Tract 172; Kings County; New York,Brooklyn,1023,348,177,0.5086206896551724,388,109,0.2809278350515464,236,0.23069403714565,301,0.2942326490713587,654,0.6392961876832844,1,0.0009775171065493,341,0.3333333333333333,20,0.0195503421309872,107,0.3074712643678161,36047017200,2745,119,0.043351548269581,2746,276,0.1005098324836125,2746,382,0.1391114348142753,89467,0.089467,11434.38362748276,0.7450095669523185
360470174002,360470174002,Block Group 2; Census Tract 174; Kings County; New York,Brooklyn,1035,346,190,0.5491329479768786,513,225,0.4385964912280701,201,0.1942028985507246,267,0.2579710144927536,468,0.4521739130434782,0,0.0,402,0.3884057971014493,165,0.1594202898550724,61,0.176300578034682,36047017400,1925,259,0.1345454545454545,1925,118,0.0612987012987013,1925,107,0.0555844155844155,53425,0.053425,19372.95273748245,0.7428224410683175
360470176002,360470176002,Block Group 2; Census Tract 176; Kings County; New York,Brooklyn,1462,529,359,0.6786389413988658,883,441,0.4994337485843714,137,0.0937072503419972,209,0.1429548563611491,784,0.5362517099863201,0,0.0,381,0.2606019151846785,296,0.2024623803009576,105,0.1984877126654064,36047017600,2228,193,0.0866247755834829,2228,254,0.1140035906642728,2228,134,0.0601436265709156,60354,0.060354,24223.746561951157,0.8323474669009144
360470178002,360470178002,Block Group 2; Census Tract 178; Kings County; New York,Brooklyn,1506,505,308,0.6099009900990099,687,345,0.5021834061135371,379,0.2516600265604249,175,0.1162018592297476,441,0.2928286852589641,0,0.0,778,0.5166002656042497,287,0.1905710491367861,159,0.3148514851485148,36047017800,2333,106,0.0454350621517359,2333,121,0.0518645520788684,2333,124,0.0531504500642949,94464,0.094464,15942.581300813006,0.831612001219811
360470179002,360470179002,Block Group 2; Census Tract 179; Kings County; New York,Brooklyn,2295,698,504,0.7220630372492837,830,246,0.2963855421686747,561,0.2444444444444444,500,0.2178649237472767,854,0.3721132897603486,297,0.1294117647058823,279,0.1215686274509803,512,0.2230936819172113,140,0.2005730659025787,36047017900,3868,1167,0.3017063081695967,3868,536,0.1385729058945191,3868,80,0.0206825232678386,76455,0.076455,30017.65744555621,0.936309174601242
360470180002,360470180002,Block Group 2; Census Tract 180; Kings County; New York,Brooklyn,1909,566,468,0.8268551236749117,680,379,0.5573529411764706,445,0.2331063383970665,304,0.1592456783656364,1159,0.607124148768989,0,0.0,299,0.1566265060240964,418,0.2189628077527501,105,0.1855123674911661,36047018000,2936,484,0.164850136239782,2948,256,0.0868385345997286,2948,54,0.0183175033921302,84467,0.084467,22600.542223590277,0.828193020525685
360470181002,360470181002,Block Group 2; Census Tract 181; Kings County; New York,Brooklyn,1295,555,459,0.827027027027027,801,278,0.3470661672908864,307,0.237065637065637,0,0.0,552,0.4262548262548262,311,0.2401544401544401,69,0.0532818532818532,0,0.0,0,0.0,36047018100,3886,307,0.0790015440041173,3886,416,0.1070509521358723,3886,47,0.0120946989191971,34882,0.034882,37125.16484146551,0.9570797769988928
360470182002,360470182002,Block Group 2; Census Tract 182; Kings County; New York,Brooklyn,2572,808,447,0.5532178217821783,1070,464,0.4336448598130841,613,0.2383359253499222,531,0.2064541213063763,822,0.3195956454121306,0,0.0,1147,0.4459564541213063,505,0.1963452566096423,239,0.2957920792079208,36047018200,3708,427,0.1151564185544768,3708,429,0.1156957928802589,3708,419,0.1129989212513484,98210,0.09821,26188.7791467264,0.8176092381565125
360470183002,360470183002,Block Group 2; Census Tract 183; Kings County; New York,Brooklyn,741,336,217,0.6458333333333334,551,162,0.294010889292196,90,0.1214574898785425,85,0.1147098515519568,491,0.6626180836707153,14,0.0188933873144399,38,0.0512820512820512,32,0.0431848852901484,0,0.0,36047018300,2821,68,0.0241049273307337,2821,147,0.0521091811414392,2821,60,0.021269053527118,38679,0.038679,19157.68246335221,0.9563603356491528
360470184002,360470184002,Block Group 2; Census Tract 184; Kings County; New York,Brooklyn,809,286,117,0.4090909090909091,448,105,0.234375,75,0.0927070457354758,181,0.2237330037082818,482,0.595797280593325,0,0.0,261,0.3226205191594561,43,0.0531520395550061,46,0.1608391608391608,36047018400,2108,123,0.0583491461100569,2108,275,0.1304554079696394,2108,103,0.0488614800759013,75286,0.075286,10745.689769678293,0.8241175276772503
360470185012,360470185012,Block Group 2; Census Tract 185.01; Kings County; New York,Brooklyn,1027,407,407,1.0,474,283,0.5970464135021097,127,0.1236611489776046,273,0.2658227848101265,0,0.0,597,0.5813047711781889,146,0.1421616358325219,261,0.2541382667964946,73,0.1793611793611793,36047018501,4583,1054,0.2299803622081606,4583,1112,0.2426358280602225,4583,226,0.0493126772856207,32623,0.032623,31480.85706403458,0.8936435425236064
360470186002,360470186002,Block Group 2; Census Tract 186; Kings County; New York,Brooklyn,904,300,177,0.59,521,340,0.6525911708253359,122,0.1349557522123893,177,0.1957964601769911,323,0.3573008849557522,0,0.0,391,0.4325221238938053,190,0.2101769911504424,26,0.0866666666666666,36047018600,1907,101,0.0529627687467226,1907,178,0.0933403251179863,1907,43,0.0225485055060304,56557,0.056557,15983.874675106528,0.8202265740039874
360470188002,360470188002,Block Group 2; Census Tract 188; Kings County; New York,Brooklyn,2030,734,569,0.7752043596730245,913,441,0.4830230010952902,428,0.2108374384236453,177,0.0871921182266009,1006,0.4955665024630541,0,0.0,819,0.4034482758620689,123,0.0605911330049261,105,0.1430517711171662,36047018800,2865,504,0.1759162303664921,2865,289,0.1008726003490401,2865,199,0.0694589877835951,88110,0.08811,23039.38258994439,0.6384646060255315
360470190002,360470190002,Block Group 2; Census Tract 190; Kings County; New York,Brooklyn,1153,423,392,0.9267139479905436,492,287,0.5833333333333334,141,0.1222896790980052,158,0.1370338248048569,347,0.3009540329575021,3,0.002601908065915,223,0.1934084995663486,564,0.4891587163920208,112,0.2647754137115839,36047019000,4171,911,0.2184128506353392,4171,486,0.1165188204267561,4171,780,0.1870055142651642,57061,0.057061,20206.445733513257,0.9006112783759849
360470191002,360470191002,Block Group 2; Census Tract 191; Kings County; New York,Brooklyn,1060,420,351,0.8357142857142857,589,274,0.465195246179966,186,0.1754716981132075,29,0.0273584905660377,355,0.3349056603773584,31,0.0292452830188679,98,0.0924528301886792,463,0.4367924528301887,36,0.0857142857142857,36047019100,2974,374,0.1257565568258238,3029,152,0.0501815780785737,3029,158,0.0521624298448332,68476,0.068476,15479.876160990712,0.8906856609257207
360470192002,360470192002,Block Group 2; Census Tract 192; Kings County; New York,Brooklyn,1068,257,205,0.7976653696498055,380,90,0.2368421052631578,328,0.3071161048689138,129,0.1207865168539325,415,0.3885767790262172,8,0.0074906367041198,276,0.2584269662921348,188,0.1760299625468165,81,0.3151750972762646,36047019200,3116,834,0.2676508344030808,3116,126,0.0404364569961489,3116,505,0.1620667522464698,92980,0.09298,11486.341148634116,0.8875527262550612
360470193002,360470193002,Block Group 2; Census Tract 193; Kings County; New York,Brooklyn,1011,513,513,1.0,719,451,0.627260083449235,0,0.0,165,0.1632047477744807,667,0.6597428288822947,5,0.0049455984174085,82,0.0811078140454995,257,0.2542037586547972,0,0.0,36047019300,4390,798,0.1817767653758542,6601,799,0.1210422663232843,6601,156,0.02363278291168,31546,0.031546,32048.43720281494,0.8931375809568348
360470194002,360470194002,Block Group 2; Census Tract 194; Kings County; New York,Brooklyn,632,368,299,0.8125,392,81,0.2066326530612245,63,0.0996835443037974,71,0.1123417721518987,154,0.2436708860759493,0,0.0,391,0.6186708860759493,87,0.1376582278481012,22,0.0597826086956521,36047019400,3288,863,0.2624695863746958,3288,367,0.11161800486618,3288,292,0.0888077858880778,39168,0.039168,16135.62091503268,0.8344685920325426
360470195002,360470195002,Block Group 2; Census Tract 195; Kings County; New York,Brooklyn,728,316,253,0.8006329113924051,377,187,0.4960212201591512,160,0.2197802197802197,73,0.1002747252747252,439,0.603021978021978,182,0.25,10,0.0137362637362637,8,0.0109890109890109,0,0.0,36047019500,4104,486,0.1184210526315789,4104,483,0.1176900584795321,4104,89,0.0216861598440545,34137,0.034137,21325.834138910857,0.9109761579625332
360470196002,360470196002,Block Group 2; Census Tract 196; Kings County; New York,Brooklyn,1361,504,322,0.6388888888888888,484,338,0.6983471074380165,235,0.1726671565025716,363,0.2667156502571638,613,0.4504041146216017,0,0.0,453,0.3328434974283615,232,0.1704628949301984,26,0.0515873015873015,36047019600,3671,1202,0.327431217651866,3671,357,0.097248706074639,3671,147,0.0400435848542631,75336,0.075336,18065.732186471276,0.8375011581990307
360470197002,360470197002,Block Group 2; Census Tract 197; Kings County; New York,Brooklyn,669,305,269,0.8819672131147541,426,219,0.5140845070422535,165,0.2466367713004484,65,0.0971599402092675,525,0.7847533632286996,61,0.0911808669656203,0,0.0,70,0.1046337817638266,0,0.0,36047019700,3587,215,0.0599386674100919,3614,283,0.0783065855008301,3614,27,0.0074709463198671,41950,0.04195,15947.556615017878,0.9070771874418504
360470198002,360470198002,Block Group 2; Census Tract 198; Kings County; New York,Brooklyn,1093,347,100,0.2881844380403458,488,228,0.4672131147540984,342,0.312900274473925,124,0.1134492223238792,409,0.37419945105215,3,0.0027447392497712,396,0.3623055809698078,275,0.2516010978956999,83,0.239193083573487,36047019800,1823,249,0.1365880416895227,1823,206,0.1130005485463521,1823,45,0.0246845858475041,76754,0.076754,14240.30017979519,0.7737524947474148
360470199002,360470199002,Block Group 2; Census Tract 199; Kings County; New York,Brooklyn,905,418,418,1.0,619,407,0.6575121163166397,153,0.1690607734806629,86,0.0950276243093922,519,0.5734806629834254,94,0.1038674033149171,97,0.1071823204419889,127,0.1403314917127071,0,0.0,36047019900,4304,290,0.0673791821561338,4304,280,0.0650557620817843,4304,119,0.0276486988847583,30537,0.030537,29636.179061466417,0.6850803917828671
360470001002,360470001002,Block Group 2; Census Tract 1; Kings County; New York,Brooklyn,867,431,334,0.7749419953596288,472,117,0.2478813559322034,134,0.154555940023068,217,0.2502883506343714,600,0.6920415224913494,196,0.2260668973471741,71,0.0818915801614763,0,0.0,0,0.0,36047000100,4799,134,0.0279224838508022,4815,511,0.1061266874350986,4815,99,0.0205607476635514,23580,0.02358,36768.447837150125,0.845258414243721
360470200002,360470200002,Block Group 2; Census Tract 200; Kings County; New York,Brooklyn,829,267,96,0.3595505617977528,339,108,0.3185840707964602,169,0.203860072376357,252,0.3039806996381182,463,0.5585042219541616,10,0.0120627261761158,262,0.316043425814234,81,0.097708082026538,26,0.097378277153558,36047020000,2337,466,0.1994009413778348,2337,242,0.1035515618314077,2337,153,0.0654685494223363,76870,0.07687,10784.441264472487,0.7745878787565165
360470201002,360470201002,Block Group 2; Census Tract 201; Kings County; New York,Brooklyn,1269,610,579,0.9491803278688524,753,445,0.5909694555112882,233,0.1836091410559495,61,0.0480693459416863,530,0.4176516942474389,514,0.4050433412135539,111,0.0874704491725768,23,0.0181245074862096,33,0.0540983606557377,36047020100,3993,147,0.0368144252441773,3993,255,0.0638617580766341,3993,160,0.0400701227147508,55154,0.055154,23008.304021467164,0.8268774200217899
360470202002,360470202002,Block Group 2; Census Tract 202; Kings County; New York,Brooklyn,1004,327,80,0.2446483180428134,485,148,0.3051546391752577,287,0.2858565737051793,110,0.1095617529880478,414,0.4123505976095618,0,0.0,372,0.3705179282868526,218,0.2171314741035856,41,0.1253822629969418,36047020200,1717,169,0.0984274898078043,1717,159,0.0926033779848573,1717,72,0.0419336051252184,76821,0.076821,13069.34301818513,0.4182727164534105
360470203002,360470203002,Block Group 2; Census Tract 203; Kings County; New York,Brooklyn,925,469,410,0.8742004264392325,494,182,0.3684210526315789,238,0.2572972972972973,77,0.0832432432432432,454,0.4908108108108108,226,0.2443243243243243,73,0.0789189189189189,39,0.0421621621621621,13,0.0277185501066098,36047020300,2074,271,0.1306653809064609,2074,199,0.0959498553519768,2074,49,0.023625843780135,68015,0.068015,13599.941189443503,0.6262021205710003
360470204002,360470204002,Block Group 2; Census Tract 204; Kings County; New York,Brooklyn,1300,424,150,0.3537735849056603,538,191,0.3550185873605948,289,0.2223076923076923,273,0.21,974,0.7492307692307693,0,0.0,125,0.0961538461538461,119,0.0915384615384615,24,0.0566037735849056,36047020400,2037,117,0.0574374079528718,2037,253,0.1242022582228767,2037,56,0.0274914089347079,76821,0.076821,16922.456099243696,0.6345504208020321
360470205002,360470205002,Block Group 2; Census Tract 205; Kings County; New York,Brooklyn,1280,625,551,0.8816,811,378,0.4660912453760789,293,0.22890625,63,0.04921875,711,0.55546875,139,0.10859375,228,0.178125,95,0.07421875,0,0.0,36047020500,3834,130,0.0339071465832029,3834,151,0.0393844548774126,3834,69,0.0179968701095461,53156,0.053156,24080.066220182103,0.762790154372021
360470206002,360470206002,Block Group 2; Census Tract 206; Kings County; New York,Brooklyn,1221,400,65,0.1625,528,146,0.2765151515151515,243,0.199017199017199,295,0.2416052416052416,841,0.6887796887796888,54,0.0442260442260442,242,0.1981981981981982,84,0.0687960687960688,22,0.055,36047020600,2589,621,0.2398609501738123,2590,345,0.1332046332046332,2590,94,0.0362934362934362,94944,0.094944,12860.21233569262,0.6060233837538982
360470207002,360470207002,Block Group 2; Census Tract 207; Kings County; New York,Brooklyn,1810,954,632,0.6624737945492662,1099,506,0.4604185623293904,349,0.192817679558011,306,0.1690607734806629,1317,0.7276243093922652,133,0.0734806629834254,9,0.0049723756906077,329,0.1817679558011049,3,0.0031446540880503,36047020700,4628,386,0.0834053586862575,4628,296,0.0639585133967156,4628,0,0.0,38361,0.038361,47183.337243554655,0.8304755773821944
360470208002,360470208002,Block Group 2; Census Tract 208; Kings County; New York,Brooklyn,752,236,184,0.7796610169491526,266,111,0.4172932330827067,134,0.1781914893617021,235,0.3125,245,0.3257978723404255,0,0.0,456,0.6063829787234043,46,0.0611702127659574,50,0.211864406779661,36047020800,2559,338,0.1320828448612739,2573,407,0.1581811115429459,2573,50,0.0194325689856199,56461,0.056461,13318.92810966862,0.8246912299742238
360470020002,360470020002,Block Group 2; Census Tract 20; Kings County; New York,Brooklyn,825,235,179,0.7617021276595745,379,185,0.4881266490765171,243,0.2945454545454545,108,0.1309090909090909,24,0.029090909090909,37,0.0448484848484848,85,0.103030303030303,679,0.823030303030303,78,0.3319148936170212,36047002000,1733,180,0.1038661281015579,1733,139,0.0802077322562031,1733,358,0.2065781881130986,65912,0.065912,12516.68891855808,0.950009772628322
360470210002,360470210002,Block Group 2; Census Tract 210; Kings County; New York,Brooklyn,1893,520,257,0.4942307692307692,555,194,0.3495495495495495,543,0.2868462757527734,157,0.0829371368198626,369,0.1949286846275753,0,0.0,1181,0.623877443211833,343,0.1811938721605916,83,0.1596153846153846,36047021000,3794,998,0.2630469161834475,3794,482,0.1270426989984185,3794,441,0.1162361623616236,56557,0.056557,33470.657920328165,0.8121171539608258
360470211002,360470211002,Block Group 2; Census Tract 211; Kings County; New York,Brooklyn,2026,791,702,0.8874841972187105,1049,402,0.3832221163012392,414,0.2043435340572556,74,0.0365251727541954,576,0.2843040473840079,610,0.3010858835143139,159,0.0784797630799605,493,0.2433366238894373,66,0.0834386852085967,36047021100,2778,424,0.1526277897768178,2778,381,0.1371490280777537,2778,275,0.0989920806335493,112310,0.11231,18039.35535571187,0.839659407510482
360470212002,360470212002,Block Group 2; Census Tract 212; Kings County; New York,Brooklyn,544,226,194,0.8584070796460177,312,149,0.4775641025641026,81,0.1488970588235294,96,0.1764705882352941,22,0.0404411764705882,0,0.0,398,0.7316176470588235,124,0.2279411764705882,57,0.252212389380531,36047021200,3150,660,0.2095238095238095,3150,413,0.1311111111111111,3150,224,0.0711111111111111,59434,0.059434,9153.010061580911,0.8138419194962776
360470213002,360470213002,Block Group 2; Census Tract 213; Kings County; New York,Brooklyn,2345,1082,1038,0.9593345656192236,823,388,0.4714459295261239,566,0.24136460554371,469,0.2,111,0.0473347547974413,1828,0.7795309168443497,132,0.0562899786780383,170,0.0724946695095948,31,0.0286506469500924,36047021300,4523,1088,0.2405483086447048,4523,461,0.1019235021003758,4523,271,0.0599159849657307,54986,0.054986,42647.219292183465,0.6166434603854452
360470214002,360470214002,Block Group 2; Census Tract 214; Kings County; New York,Brooklyn,1827,358,289,0.8072625698324022,530,108,0.2037735849056604,999,0.5467980295566502,50,0.027367268746579,1386,0.7586206896551724,0,0.0,235,0.1286261631089217,127,0.0695128626163108,195,0.5446927374301676,36047021400,2542,829,0.3261211644374508,2580,175,0.067829457364341,2580,222,0.0860465116279069,67214,0.067214,27181.83711726724,0.869888147078976
360470215002,360470215002,Block Group 2; Census Tract 215; Kings County; New York,Brooklyn,1172,653,653,1.0,811,309,0.3810110974106042,184,0.1569965870307167,102,0.0870307167235494,677,0.5776450511945392,196,0.167235494880546,0,0.0,141,0.1203071672354948,0,0.0,36047021500,5595,427,0.0763181411974977,5595,510,0.0911528150134048,5595,179,0.0319928507596067,31058,0.031058,37735.84905660377,0.8356541727883451
360470216002,360470216002,Block Group 2; Census Tract 216; Kings County; New York,Brooklyn,971,261,179,0.685823754789272,227,32,0.1409691629955947,419,0.431513903192585,237,0.2440782698249227,899,0.925849639546859,0,0.0,0,0.0,11,0.0113285272914521,113,0.4329501915708812,36047021600,3885,1885,0.4851994851994852,3885,247,0.0635778635778635,3885,250,0.0643500643500643,56639,0.056639,17143.664259609104,0.8503014464099017
360470217002,360470217002,Block Group 2; Census Tract 217; Kings County; New York,Brooklyn,2584,1209,1115,0.9222497932175352,1313,698,0.5316070068545317,583,0.2256191950464396,286,0.1106811145510835,976,0.3777089783281733,559,0.2163312693498452,263,0.1017801857585139,673,0.2604489164086687,25,0.0206782464846981,36047021700,4192,560,0.1335877862595419,4210,505,0.1199524940617577,4210,301,0.0714964370546318,59936,0.059936,43112.65349706353,0.5878288432885017
360470218002,360470218002,Block Group 2; Census Tract 218; Kings County; New York,Brooklyn,973,224,155,0.6919642857142857,319,9,0.0282131661442006,468,0.4809866392600205,12,0.0123329907502569,804,0.8263103802672148,0,0.0,0,0.0,87,0.0894141829393627,99,0.4419642857142857,36047021800,2760,456,0.1652173913043478,2760,108,0.0391304347826087,2760,208,0.0753623188405797,56569,0.056569,17200.2333433506,0.881276738073652
360470219002,360470219002,Block Group 2; Census Tract 219; Kings County; New York,Brooklyn,1583,749,669,0.8931909212283045,972,524,0.5390946502057613,71,0.0448515476942514,200,0.1263423878711307,444,0.2804801010739103,802,0.5066329753632344,96,0.0606443461781427,127,0.080227416298168,9,0.0120160213618157,36047021900,4258,426,0.1000469704086425,4258,359,0.0843118835133865,4258,242,0.0568341944574917,49942,0.049942,31696.768251171357,0.818472700382731
360470021002,360470021002,Block Group 2; Census Tract 21; Kings County; New York,Brooklyn,3162,1285,832,0.6474708171206226,2085,704,0.3376498800959233,673,0.2128399746995572,73,0.0230866540164452,1796,0.5679949399114484,261,0.0825426944971537,777,0.2457305502846299,236,0.0746363061353573,0,0.0,36047002100,6452,583,0.0903595784252944,6452,252,0.0390576565406075,6452,144,0.0223186608803471,113755,0.113755,27796.580370093623,0.8706781791727654
360470220002,360470220002,Block Group 2; Census Tract 220; Kings County; New York,Brooklyn,890,196,196,1.0,189,15,0.0793650793650793,417,0.4685393258426966,85,0.095505617977528,722,0.8112359550561797,4,0.0044943820224719,0,0.0,135,0.1516853932584269,82,0.4183673469387755,36047022000,5854,1989,0.3397676802186539,5854,297,0.0507345404851383,5854,220,0.0375811411001024,56497,0.056497,15753.048834451389,0.9528516670053834
360470221002,360470221002,Block Group 2; Census Tract 221; Kings County; New York,Brooklyn,1366,641,615,0.9594383775351014,773,346,0.4476067270375162,148,0.1083455344070278,361,0.2642752562225476,526,0.3850658857979502,626,0.4582723279648609,32,0.0234260614934114,91,0.0666178623718887,0,0.0,36047022100,3724,787,0.2113319011815252,3724,697,0.1871643394199785,3724,315,0.0845864661654135,51704,0.051704,26419.619371808756,0.7740577655083339
360470222002,360470222002,Block Group 2; Census Tract 222; Kings County; New York,Brooklyn,379,161,120,0.7453416149068323,121,32,0.2644628099173554,91,0.2401055408970976,170,0.4485488126649076,322,0.8496042216358839,0,0.0,0,0.0,57,0.1503957783641161,36,0.2236024844720497,36047022200,4031,2052,0.5090548251054329,4050,176,0.0434567901234567,4050,320,0.0790123456790123,45815,0.045815,8272.399869038523,0.951489093507133
360470224002,360470224002,Block Group 2; Census Tract 224; Kings County; New York,Brooklyn,1647,272,225,0.8272058823529411,417,72,0.1726618705035971,896,0.5440194292653309,58,0.0352155434122647,1500,0.9107468123861566,0,0.0,58,0.0352155434122647,78,0.0473588342440801,116,0.4264705882352941,36047022400,5786,1979,0.3420324922226063,5786,406,0.0701693743518838,5786,215,0.0371586588316626,37773,0.037773,43602.57326661901,0.898273970522362
360470226002,360470226002,Block Group 2; Census Tract 226; Kings County; New York,Brooklyn,1074,249,219,0.8795180722891566,388,138,0.3556701030927835,388,0.3612662942271881,89,0.0828677839851024,74,0.068901303538175,25,0.0232774674115456,177,0.164804469273743,729,0.6787709497206704,51,0.2048192771084337,36047022600,2844,316,0.1111111111111111,2844,237,0.0833333333333333,2844,141,0.0495780590717299,45658,0.045658,23522.712339568097,0.8508746187392209
360470227002,360470227002,Block Group 2; Census Tract 227; Kings County; New York,Brooklyn,1826,711,589,0.8284106891701828,895,446,0.4983240223463687,422,0.2311062431544359,105,0.0575027382256297,235,0.128696604600219,929,0.5087623220153341,39,0.0213581599123767,456,0.2497261774370208,0,0.0,36047022700,4823,668,0.1385030064275347,4833,672,0.1390440720049658,4833,422,0.0873163666459755,67390,0.06739,27096.008309838253,0.9151823781000824
360470228002,360470228002,Block Group 2; Census Tract 228; Kings County; New York,Brooklyn,2174,422,287,0.6800947867298578,479,226,0.4718162839248434,823,0.3785648574057038,269,0.123735050597976,1567,0.7207911683532658,10,0.0045998160073597,456,0.2097516099356025,137,0.0630174793008279,11,0.0260663507109004,36047022800,3376,1299,0.3847748815165877,3485,363,0.1041606886657101,3485,54,0.0154949784791965,54883,0.054883,39611.53727019295,0.831003879907409
360470229002,360470229002,Block Group 2; Census Tract 229; Kings County; New York,Brooklyn,1113,573,494,0.8621291448516579,891,493,0.55331088664422,139,0.1248876909254267,31,0.0278526504941599,477,0.4285714285714285,348,0.3126684636118598,28,0.0251572327044025,51,0.045822102425876,34,0.0593368237347294,36047022900,3645,401,0.1100137174211248,3645,247,0.0677640603566529,3645,188,0.0515775034293552,45533,0.045533,24443.809983967672,0.8181157975255504
360470022002,360470022002,Block Group 2; Census Tract 22; Kings County; New York,Brooklyn,2005,610,519,0.8508196721311475,722,309,0.4279778393351801,616,0.3072319201995012,331,0.1650872817955112,355,0.1770573566084788,74,0.0369077306733167,450,0.2244389027431421,1126,0.5615960099750623,372,0.6098360655737705,36047002200,4643,1161,0.2500538444970924,4643,825,0.1776868404049106,4643,514,0.1107042860219685,86065,0.086065,23296.345785162375,0.894091152432277
360470230002,360470230002,Block Group 2; Census Tract 230; Kings County; New York,Brooklyn,415,95,95,1.0,91,0,0.0,234,0.563855421686747,52,0.1253012048192771,264,0.636144578313253,0,0.0,0,0.0,21,0.0506024096385542,33,0.3473684210526316,36047023000,4202,2197,0.52284626368396,4202,276,0.065683008091385,4202,289,0.0687767729652546,37727,0.037727,11000.079518647124,0.8154834461791692
360470231002,360470231002,Block Group 2; Census Tract 231; Kings County; New York,Brooklyn,1709,807,664,0.8228004956629492,1146,392,0.3420593368237347,275,0.1609128145114101,123,0.0719719133996489,981,0.5740198946752487,375,0.219426565242832,76,0.0444704505558806,169,0.0988882387361029,19,0.023543990086741,36047023100,3530,331,0.0937677053824362,3530,292,0.0827195467422096,3530,180,0.0509915014164305,79722,0.079722,21436.993552595268,0.90762902468758
360470232002,360470232002,Block Group 2; Census Tract 232; Kings County; New York,Brooklyn,1744,337,238,0.7062314540059347,459,105,0.2287581699346405,1053,0.6037844036697247,182,0.1043577981651376,1742,0.9988532110091743,2,0.0011467889908256,0,0.0,0,0.0,117,0.3471810089020771,36047023200,6610,2475,0.3744326777609682,6610,269,0.0406959152798789,6610,44,0.0066565809379727,56657,0.056657,30781.72158780027,0.832148596519245
360470233002,360470233002,Block Group 2; Census Tract 233; Kings County; New York,Brooklyn,1728,653,653,1.0,351,222,0.6324786324786325,726,0.4201388888888889,128,0.074074074074074,37,0.021412037037037,816,0.4722222222222222,42,0.0243055555555555,319,0.1846064814814814,0,0.0,36047023300,5988,2034,0.3396793587174349,5988,484,0.0808283233132932,5988,96,0.0160320641282565,42333,0.042333,40819.21904896889,0.8872538597565545
360470234002,360470234002,Block Group 2; Census Tract 234; Kings County; New York,Brooklyn,2880,604,575,0.9519867549668874,810,235,0.2901234567901234,1513,0.5253472222222222,167,0.0579861111111111,2499,0.8677083333333333,0,0.0,0,0.0,251,0.0871527777777777,291,0.4817880794701987,36047023400,5623,2019,0.3590609994664769,5663,360,0.0635705456471834,5663,92,0.0162458061098357,56608,0.056608,50876.20124364048,0.8176226527171622
360470235002,360470235002,Block Group 2; Census Tract 235; Kings County; New York,Brooklyn,2127,519,461,0.8882466281310212,627,161,0.2567783094098884,1167,0.5486600846262342,0,0.0,1768,0.8312176774800188,157,0.0738128819934179,61,0.0286788904560413,141,0.0662905500705218,48,0.0924855491329479,36047023500,5527,1719,0.3110186357879501,5527,272,0.0492129545865749,5527,74,0.0133888185272299,61197,0.061197,34756.60571596647,0.7923322743107928
360470236002,360470236002,Block Group 2; Census Tract 236; Kings County; New York,Brooklyn,2748,594,590,0.9932659932659932,753,175,0.2324037184594953,1308,0.4759825327510917,130,0.0473071324599708,2404,0.8748180494905385,0,0.0,194,0.0705967976710334,73,0.0265647743813682,166,0.2794612794612794,36047023600,6444,2163,0.3356610800744879,6444,292,0.0453134698944754,6444,61,0.0094661700806952,37694,0.037694,72902.84925982915,0.8838519986536271
360470238002,360470238002,Block Group 2; Census Tract 238; Kings County; New York,Brooklyn,2947,623,560,0.898876404494382,538,96,0.1784386617100371,1776,0.6026467594163556,230,0.0780454699694604,2667,0.9049881235154394,0,0.0,0,0.0,76,0.0257889379029521,352,0.565008025682183,36047023800,5584,1579,0.2827722063037249,5584,263,0.0470988538681948,5584,78,0.0139684813753581,56616,0.056616,52052.42334322453,0.8882971552872093
360470023002,360470023002,Block Group 2; Census Tract 23; Kings County; New York,Brooklyn,1084,593,593,1.0,220,119,0.5409090909090909,111,0.1023985239852398,400,0.3690036900369003,0,0.0,425,0.3920664206642066,51,0.0470479704797048,568,0.5239852398523985,31,0.0522765598650927,36047002300,3385,1132,0.3344165435745937,3385,862,0.2546528803545052,3385,255,0.0753323485967503,35375,0.035375,30643.109540636044,0.8763310861768903
360470240002,360470240002,Block Group 2; Census Tract 240; Kings County; New York,Brooklyn,1853,463,450,0.9719222462203024,588,273,0.4642857142857143,790,0.4263356718834323,110,0.059363194819212,1688,0.910955207771182,112,0.0604425256341068,0,0.0,6,0.0032379924446842,213,0.4600431965442764,36047024000,5530,2669,0.4826401446654611,5530,277,0.0500904159132007,5530,90,0.0162748643761302,78241,0.078241,23683.2351324753,0.8854479962899234
360470241002,360470241002,Block Group 2; Census Tract 241; Kings County; New York,Brooklyn,1422,673,673,1.0,862,508,0.5893271461716937,127,0.0893108298171589,189,0.1329113924050632,617,0.4338959212376934,284,0.1997187060478199,127,0.0893108298171589,335,0.2355836849507735,20,0.0297176820208023,36047024100,3154,719,0.2279644895370957,3154,390,0.1236525047558655,3154,139,0.0440710209258084,51407,0.051407,27661.60250549536,0.8453383793001907
360470242002,360470242002,Block Group 2; Census Tract 242; Kings County; New York,Brooklyn,1867,413,271,0.6561743341404358,505,88,0.1742574257425742,971,0.5200856989823246,157,0.0840921264059989,1678,0.8987680771290841,0,0.0,11,0.0058918050348152,82,0.0439207284413497,66,0.1598062953995157,36047024200,3402,941,0.276601998824221,3402,202,0.0593768371546149,3402,36,0.0105820105820105,87019,0.087019,21455.084521771107,0.8904688132381131
360470243002,360470243002,Block Group 2; Census Tract 243; Kings County; New York,Brooklyn,1692,714,502,0.7030812324929971,957,487,0.5088819226750261,245,0.1447990543735224,392,0.2316784869976359,353,0.208628841607565,1029,0.6081560283687943,119,0.0703309692671394,58,0.0342789598108747,48,0.0672268907563025,36047024300,4419,600,0.1357773251866938,4419,638,0.1443765557818511,4419,109,0.0246662140755827,51456,0.051456,32882.46268656716,0.6636753382760894
360470244002,360470244002,Block Group 2; Census Tract 244; Kings County; New York,Brooklyn,995,275,200,0.7272727272727273,399,207,0.518796992481203,279,0.2804020100502513,112,0.1125628140703517,645,0.6482412060301508,0,0.0,14,0.0140703517587939,293,0.2944723618090452,102,0.3709090909090909,36047024400,3529,1305,0.3697931425332955,3556,77,0.0216535433070866,3556,292,0.0821147356580427,57454,0.057454,17318.202387997357,0.6315839568363516
360470245002,360470245002,Block Group 2; Census Tract 245; Kings County; New York,Brooklyn,1868,743,598,0.8048452220726783,1099,821,0.7470427661510464,265,0.1418629550321199,250,0.1338329764453961,461,0.2467880085653105,901,0.4823340471092077,121,0.0647751605995717,200,0.1070663811563169,3,0.0040376850605652,36047024500,4383,459,0.1047227926078028,4383,423,0.0965092402464065,4383,291,0.0663928815879534,51403,0.051403,36340.29142267961,0.90676589991262
360470246002,360470246002,Block Group 2; Census Tract 246; Kings County; New York,Brooklyn,984,269,155,0.5762081784386617,347,207,0.5965417867435159,390,0.3963414634146341,89,0.0904471544715447,460,0.4674796747967479,6,0.0060975609756097,356,0.3617886178861789,16,0.016260162601626,34,0.1263940520446096,36047024600,3234,748,0.2312925170068027,3298,238,0.0721649484536082,3298,420,0.1273499090357792,56774,0.056774,17331.877267763415,0.7468385826660183
360470247002,360470247002,Block Group 2; Census Tract 247; Kings County; New York,Brooklyn,1306,620,513,0.8274193548387097,768,223,0.2903645833333333,182,0.1393568147013782,171,0.1309341500765696,333,0.2549770290964778,353,0.2702909647779479,176,0.1347626339969372,260,0.1990811638591118,85,0.1370967741935483,36047024700,2508,588,0.2344497607655502,2547,225,0.0883392226148409,2547,49,0.0192383195916764,83205,0.083205,15696.172105041764,0.8991162264269577
360470248002,360470248002,Block Group 2; Census Tract 248; Kings County; New York,Brooklyn,1143,367,300,0.8174386920980926,490,132,0.2693877551020408,384,0.3359580052493438,154,0.1347331583552056,685,0.5993000874890638,0,0.0,155,0.1356080489938757,269,0.2353455818022747,76,0.2070844686648501,36047024800,2543,674,0.2650412898151789,2543,185,0.0727487219819111,2543,232,0.0912308297286669,101563,0.101563,11254.09844136152,0.8096474710599929
360470249002,360470249002,Block Group 2; Census Tract 249; Kings County; New York,Brooklyn,1304,633,621,0.981042654028436,667,366,0.5487256371814093,252,0.1932515337423312,96,0.0736196319018405,264,0.2024539877300613,589,0.4516871165644172,43,0.0329754601226993,349,0.2676380368098159,0,0.0,36047024900,4124,577,0.1399127061105722,4147,583,0.1405835543766578,4147,264,0.0636604774535809,46165,0.046165,28246.50709411892,0.8983408281754334
360470250002,360470250002,Block Group 2; Census Tract 250; Kings County; New York,Brooklyn,737,232,150,0.646551724137931,351,172,0.49002849002849,67,0.0909090909090909,166,0.2252374491180461,106,0.1438263229308005,1,0.0013568521031207,476,0.6458616010854816,152,0.2062415196743555,43,0.1853448275862069,36047025000,1428,339,0.2373949579831932,1431,289,0.2019566736547868,1431,85,0.0593990216631726,58191,0.058191,12665.188774896462,0.8102807282441338
360470251002,360470251002,Block Group 2; Census Tract 251; Kings County; New York,Brooklyn,1819,693,680,0.9812409812409812,850,579,0.6811764705882353,269,0.1478834524463991,329,0.1808686091258933,178,0.0978559648158328,1367,0.7515118196811434,33,0.0181418361737218,98,0.0538757559098405,51,0.0735930735930736,36047025100,3990,1493,0.3741854636591478,3975,619,0.1557232704402515,3975,232,0.0583647798742138,46179,0.046179,39390.19900820719,0.6425548687452947
360470252002,360470252002,Block Group 2; Census Tract 252; Kings County; New York,Brooklyn,1595,658,641,0.9741641337386018,638,311,0.4874608150470219,199,0.1247648902821316,235,0.1473354231974921,1131,0.7090909090909091,19,0.0119122257053291,78,0.0489028213166144,331,0.2075235109717868,171,0.2598784194528875,36047025200,4460,729,0.1634529147982062,4460,400,0.0896860986547085,4460,245,0.0549327354260089,46637,0.046637,34200.31305615713,0.8118430182786168
360470253002,360470253002,Block Group 2; Census Tract 253; Kings County; New York,Brooklyn,1867,626,483,0.7715654952076677,820,357,0.4353658536585366,541,0.2897696839850027,131,0.0701660417782538,1255,0.6722013926084628,378,0.2024638457418318,51,0.0273165506159614,132,0.0707016604177825,0,0.0,36047025300,3904,1192,0.305327868852459,3904,343,0.087858606557377,3904,220,0.0563524590163934,46117,0.046117,40483.986382462,0.8014128453334406
360470254002,360470254002,Block Group 2; Census Tract 254; Kings County; New York,Brooklyn,1527,377,325,0.8620689655172413,553,155,0.2802893309222423,666,0.4361493123772102,91,0.0595939751146038,592,0.3876882776686313,0,0.0,708,0.4636542239685658,211,0.1381794368041912,125,0.3315649867374005,36047025400,3437,870,0.2531277276694792,3437,291,0.084666860634274,3437,235,0.0683735816118708,58101,0.058101,26281.819590024268,0.7476974188751858
360470255002,360470255002,Block Group 2; Census Tract 255; Kings County; New York,Brooklyn,2426,1150,1150,1.0,797,413,0.5181932245922208,481,0.1982687551525144,260,0.1071723000824402,105,0.0432811211871393,797,0.3285243198680956,0,0.0,1438,0.5927452596867271,143,0.1243478260869565,36047025500,4940,1591,0.3220647773279352,4940,884,0.1789473684210526,4940,427,0.0864372469635627,69349,0.069349,34982.479920402606,0.8091727125318134
360470256002,360470256002,Block Group 2; Census Tract 256; Kings County; New York,Brooklyn,1496,569,427,0.7504393673110721,612,259,0.4232026143790849,259,0.1731283422459893,340,0.2272727272727272,619,0.4137700534759358,0,0.0,788,0.5267379679144385,84,0.0561497326203208,164,0.2882249560632688,36047025600,2815,284,0.1008880994671403,2815,350,0.1243339253996447,2815,115,0.0408525754884547,78188,0.078188,19133.370849746767,0.7492597961479669
360470257002,360470257002,Block Group 2; Census Tract 257; Kings County; New York,Brooklyn,289,146,146,1.0,181,82,0.4530386740331492,37,0.1280276816608996,0,0.0,107,0.370242214532872,0,0.0,0,0.0,174,0.6020761245674741,104,0.7123287671232876,36047025700,3370,1317,0.3908011869436202,3370,207,0.0614243323442136,3370,377,0.1118694362017804,20405,0.020405,14163.195295270769,0.9253306182352534
360470258002,360470258002,Block Group 2; Census Tract 258; Kings County; New York,Brooklyn,1634,506,446,0.8814229249011858,697,424,0.6083213773314203,480,0.2937576499388005,153,0.0936352509179926,152,0.0930232558139534,0,0.0,779,0.4767441860465116,536,0.3280293757649938,154,0.3043478260869565,36047025800,4068,1277,0.313913470993117,4068,442,0.1086529006882989,4068,297,0.0730088495575221,56501,0.056501,28919.84212668802,0.7316960456580053
360470260002,360470260002,Block Group 2; Census Tract 260; Kings County; New York,Brooklyn,748,250,191,0.764,325,151,0.4646153846153846,159,0.212566844919786,51,0.0681818181818181,200,0.267379679144385,36,0.0481283422459893,332,0.4438502673796791,180,0.2406417112299465,113,0.452,36047026000,2861,371,0.129674938832576,2909,403,0.1385355792368511,2909,331,0.1137848057751804,35382,0.035382,21140.693007744052,0.813284853994035
360470261002,360470261002,Block Group 2; Census Tract 261; Kings County; New York,Brooklyn,1177,517,517,1.0,907,354,0.3902976846747519,74,0.0628717077315208,41,0.0348343245539507,436,0.3704333050127442,300,0.2548853016142736,230,0.195412064570943,178,0.1512319456244689,18,0.034816247582205,36047026100,5728,1657,0.2892807262569832,5741,730,0.1271555478139697,5741,517,0.0900539975614004,39896,0.039896,29501.704431521957,0.914417368679142
360470262002,360470262002,Block Group 2; Census Tract 262; Kings County; New York,Brooklyn,1148,360,126,0.35,630,159,0.2523809523809524,277,0.2412891986062717,131,0.1141114982578397,272,0.2369337979094076,60,0.0522648083623693,637,0.5548780487804879,148,0.1289198606271777,44,0.1222222222222222,36047026200,2645,419,0.1584120982986767,2642,258,0.0976532929598788,2642,153,0.0579106737320211,83027,0.083027,13826.82741758705,0.8992190553381483
360470264002,360470264002,Block Group 2; Census Tract 264; Kings County; New York,Brooklyn,1215,453,413,0.911699779249448,563,392,0.6962699822380106,284,0.2337448559670782,126,0.1037037037037037,665,0.5473251028806584,0,0.0,170,0.139917695473251,285,0.2345679012345679,273,0.6026490066225165,36047026400,4491,904,0.201291471832554,4554,320,0.0702678963548528,4554,658,0.1444883618796662,42307,0.042307,28718.65175975607,0.8122804696538177
360470265002,360470265002,Block Group 2; Census Tract 265; Kings County; New York,Brooklyn,1538,674,473,0.701780415430267,1009,391,0.3875123885034688,261,0.1697009102730819,177,0.1150845253576072,270,0.1755526657997399,724,0.47074122236671,178,0.1157347204161248,152,0.0988296488946684,0,0.0,36047026500,4099,870,0.2122468894852403,4099,361,0.0880702610392778,4099,343,0.0836789460844108,39928,0.039928,38519.33480264477,0.674314939306287
360470266002,360470266002,Block Group 2; Census Tract 266; Kings County; New York,Brooklyn,1685,527,447,0.8481973434535104,611,188,0.3076923076923077,533,0.316320474777448,347,0.2059347181008902,541,0.3210682492581602,29,0.0172106824925816,520,0.3086053412462908,595,0.3531157270029673,176,0.333965844402277,36047026600,3399,656,0.1929979405707561,3401,150,0.0441046750955601,3401,187,0.0549838282857982,56500,0.0565,29823.00884955752,0.7387474488576168
360470267002,360470267002,Block Group 2; Census Tract 267; Kings County; New York,Brooklyn,1286,528,465,0.8806818181818182,867,436,0.5028835063437139,133,0.1034214618973561,117,0.0909797822706065,515,0.4004665629860031,418,0.3250388802488336,25,0.0194401244167962,265,0.2060653188180404,0,0.0,36047026700,3933,245,0.0622934146961606,3933,164,0.0416984490211034,3933,71,0.0180523773201118,39890,0.03989,32238.656304838303,0.6637389989796443
360470268002,360470268002,Block Group 2; Census Tract 268; Kings County; New York,Brooklyn,1019,303,164,0.5412541254125413,543,259,0.4769797421731123,329,0.3228655544651619,75,0.0736015701668302,443,0.4347399411187438,0,0.0,576,0.5652600588812562,0,0.0,80,0.264026402640264,36047026800,4414,631,0.1429542365201631,4414,340,0.0770276393294064,4414,334,0.0756683280471227,40864,0.040864,24936.374314800316,0.7403500983392247
360470269002,360470269002,Block Group 2; Census Tract 269; Kings County; New York,Brooklyn,828,252,203,0.8055555555555556,375,223,0.5946666666666667,279,0.3369565217391304,73,0.0881642512077294,281,0.3393719806763285,213,0.2572463768115942,0,0.0,169,0.2041062801932367,30,0.119047619047619,36047026900,3444,630,0.1829268292682926,3444,335,0.0972706155632985,3444,200,0.0580720092915214,33661,0.033661,24598.199696978696,0.9136775163011256
360470270002,360470270002,Block Group 2; Census Tract 270; Kings County; New York,Brooklyn,1588,530,447,0.8433962264150944,496,106,0.2137096774193548,456,0.2871536523929471,266,0.1675062972292191,927,0.5837531486146096,0,0.0,322,0.2027707808564231,339,0.2134760705289672,162,0.3056603773584905,36047027000,2582,649,0.2513555383423702,2582,262,0.1014717273431448,2582,82,0.0317583268783888,76176,0.076176,20846.46082755724,0.833117902433487
360470271002,360470271002,Block Group 2; Census Tract 271; Kings County; New York,Brooklyn,1593,736,694,0.9429347826086956,949,363,0.3825079030558482,377,0.236660389202762,169,0.106089139987445,213,0.1337099811676083,1264,0.7934714375392341,33,0.0207156308851224,83,0.0521029504080351,0,0.0,36047027100,3637,532,0.1462744019796535,3637,347,0.0954083035468792,3637,254,0.0698377783887819,121063,0.121063,13158.438168556866,0.887986337526693
360470272002,360470272002,Block Group 2; Census Tract 272; Kings County; New York,Brooklyn,1768,546,516,0.945054945054945,913,633,0.6933187294633077,331,0.1872171945701357,209,0.1182126696832579,586,0.3314479638009049,182,0.1029411764705882,521,0.294683257918552,467,0.2641402714932127,335,0.6135531135531136,36047027200,3750,977,0.2605333333333333,3750,479,0.1277333333333333,3750,457,0.1218666666666666,37630,0.03763,46983.789529630616,0.824010803565635
360470273002,360470273002,Block Group 2; Census Tract 273; Kings County; New York,Brooklyn,898,327,109,0.3333333333333333,473,137,0.2896405919661733,88,0.0979955456570155,199,0.2216035634743875,102,0.1135857461024498,775,0.8630289532293987,0,0.0,21,0.0233853006681514,0,0.0,36047027300,4154,347,0.0835339431872893,4175,615,0.1473053892215569,4175,135,0.0323353293413173,40534,0.040534,22154.240884195984,0.9426362885329548
360470274002,360470274002,Block Group 2; Census Tract 274; Kings County; New York,Brooklyn,1796,688,529,0.7688953488372093,492,222,0.4512195121951219,216,0.1202672605790645,711,0.3958797327394209,883,0.4916481069042316,0,0.0,597,0.3324053452115812,316,0.1759465478841871,236,0.3430232558139535,36047027400,2938,308,0.1048332198774676,2938,541,0.1841388699795779,2938,482,0.1640571817562968,88058,0.088058,20395.648322696405,0.8214493735963893
360470275002,360470275002,Block Group 2; Census Tract 275; Kings County; New York,Brooklyn,2188,697,621,0.890961262553802,872,498,0.5711009174311926,379,0.173217550274223,327,0.1494515539305301,310,0.1416819012797075,1484,0.6782449725776966,21,0.0095978062157221,112,0.0511882998171846,0,0.0,36047027500,5272,1255,0.2380500758725341,5256,713,0.1356544901065449,5256,455,0.0865677321156773,40529,0.040529,53986.03469120876,0.959136091674455
360470276002,360470276002,Block Group 2; Census Tract 276; Kings County; New York,Brooklyn,1033,368,299,0.8125,353,162,0.4589235127478753,274,0.2652468538238141,294,0.2846079380445305,456,0.441432720232333,0,0.0,494,0.4782187802516941,83,0.0803484995159729,200,0.5434782608695652,36047027600,3665,604,0.1648021828103683,3680,254,0.0690217391304347,3680,212,0.0576086956521739,37084,0.037084,27855.67899902923,0.8230618590883579
360470277002,360470277002,Block Group 2; Census Tract 277; Kings County; New York,Brooklyn,539,242,148,0.6115702479338843,267,109,0.4082397003745318,20,0.0371057513914656,129,0.2393320964749536,74,0.137291280148423,388,0.7198515769944341,0,0.0,69,0.1280148423005566,0,0.0,36047027700,4286,1233,0.2876808212785814,4301,753,0.1750755638223669,4301,443,0.1029993024877935,41157,0.041157,13096.192628228491,0.8823573505816668
360470278002,360470278002,Block Group 2; Census Tract 278; Kings County; New York,Brooklyn,1835,666,507,0.7612612612612613,756,359,0.4748677248677249,386,0.2103542234332425,542,0.2953678474114441,753,0.4103542234332425,47,0.0256130790190735,899,0.4899182561307902,76,0.04141689373297,98,0.1471471471471471,36047027800,3134,390,0.1244416081684748,3134,446,0.1423101467772814,3134,158,0.0504148053605615,91881,0.091881,19971.484855410803,0.8270550540167232
360470279002,360470279002,Block Group 2; Census Tract 279; Kings County; New York,Brooklyn,985,402,302,0.7512437810945274,511,178,0.3483365949119373,154,0.1563451776649746,199,0.2020304568527919,218,0.2213197969543147,402,0.4081218274111675,9,0.0091370558375634,224,0.2274111675126903,81,0.2014925373134328,36047027900,4260,766,0.1798122065727699,4260,432,0.1014084507042253,4260,411,0.0964788732394366,40370,0.04037,24399.306415655188,0.9131582117730982
360470280002,360470280002,Block Group 2; Census Tract 280; Kings County; New York,Brooklyn,974,285,219,0.7684210526315789,436,174,0.3990825688073394,244,0.2505133470225872,121,0.124229979466119,207,0.2125256673511293,3,0.0030800821355236,307,0.3151950718685831,435,0.446611909650924,113,0.3964912280701754,36047028000,1708,187,0.1094847775175644,1708,90,0.0526932084309133,1708,210,0.1229508196721311,81461,0.081461,11956.6418286051,0.8265357161233218
360470281002,360470281002,Block Group 2; Census Tract 281; Kings County; New York,Brooklyn,1994,629,619,0.9841017488076312,798,535,0.6704260651629073,613,0.3074222668004012,166,0.0832497492477432,215,0.1078234704112337,1280,0.641925777331996,29,0.014543630892678,299,0.1499498495486459,0,0.0,36047028100,5194,1950,0.3754331921447824,5238,711,0.1357388316151202,5238,519,0.0990836197021764,41080,0.04108,48539.43524829601,0.8528267495477752
360470282002,360470282002,Block Group 2; Census Tract 282; Kings County; New York,Brooklyn,1061,333,297,0.8918918918918919,621,482,0.7761674718196457,192,0.180961357210179,116,0.1093308199811498,335,0.3157398680490104,0,0.0,552,0.5202639019792649,174,0.1639962299717247,176,0.5285285285285285,36047028200,3239,758,0.2340228465575795,3239,391,0.1207162704538437,3239,574,0.1772151898734177,53790,0.05379,19724.85592117494,0.8294368742873404
360470283002,360470283002,Block Group 2; Census Tract 283; Kings County; New York,Brooklyn,1442,607,465,0.7660626029654036,504,302,0.5992063492063492,309,0.2142857142857142,302,0.2094313453536754,97,0.0672676837725381,587,0.4070735090152566,18,0.0124826629680998,732,0.507628294036061,71,0.1169686985172981,36047028300,3951,1182,0.29916476841306,3963,722,0.1821852132223063,3963,474,0.1196063588190764,40527,0.040527,35581.21745996496,0.9254587711041532
360470284002,360470284002,Block Group 2; Census Tract 284; Kings County; New York,Brooklyn,1594,604,517,0.8559602649006622,746,319,0.4276139410187667,330,0.2070263488080301,189,0.1185696361355081,613,0.3845671267252196,14,0.0087829360100376,604,0.3789209535759096,353,0.2214554579673776,125,0.2069536423841059,36047028400,3675,776,0.211156462585034,3675,498,0.1355102040816326,3675,90,0.0244897959183673,58000,0.058,27482.758620689652,0.8277220915061427
360470286002,360470286002,Block Group 2; Census Tract 286; Kings County; New York,Brooklyn,657,393,393,1.0,241,117,0.4854771784232365,130,0.197869101978691,57,0.0867579908675799,207,0.3150684931506849,122,0.1856925418569254,130,0.197869101978691,114,0.1735159817351598,136,0.3460559796437659,36047028600,5092,2224,0.436763550667714,5092,1001,0.1965828750981932,5092,301,0.0591123330714846,23611,0.023611,27826.01329888611,0.5620045671162287
360470287002,360470287002,Block Group 2; Census Tract 287; Kings County; New York,Brooklyn,824,258,241,0.9341085271317828,572,456,0.7972027972027972,127,0.154126213592233,33,0.0400485436893203,152,0.1844660194174757,445,0.5400485436893204,95,0.1152912621359223,132,0.1601941747572815,14,0.0542635658914728,36047028700,3396,1224,0.3604240282685512,3398,512,0.1506768687463213,3398,100,0.0294290759270158,34801,0.034801,23677.480532168614,0.926603911126703
360470288002,360470288002,Block Group 2; Census Tract 288; Kings County; New York,Brooklyn,1483,449,397,0.8841870824053452,608,316,0.5197368421052632,273,0.184086311530681,272,0.1834120026972353,325,0.2191503708698584,0,0.0,1027,0.6925151719487526,124,0.083614295347269,229,0.5100222717149221,36047028800,3556,782,0.2199100112485939,3578,357,0.0997764114030184,3578,395,0.1103968697596422,39113,0.039113,37915.78247641449,0.8286591396510756
360470289002,360470289002,Block Group 2; Census Tract 289; Kings County; New York,Brooklyn,1512,531,422,0.7947269303201506,832,329,0.3954326923076923,270,0.1785714285714285,42,0.0277777777777777,336,0.2222222222222222,845,0.5588624338624338,0,0.0,289,0.1911375661375661,48,0.0903954802259887,36047028900,4137,1401,0.3386511965192168,4147,321,0.0774053532674222,4147,640,0.1543284301904991,41114,0.041114,36775.79413338522,0.9170263974513408
360470029012,360470029012,Block Group 2; Census Tract 29.01; Kings County; New York,Brooklyn,1010,369,369,1.0,428,327,0.764018691588785,138,0.1366336633663366,213,0.2108910891089108,81,0.0801980198019802,428,0.4237623762376237,48,0.0475247524752475,278,0.2752475247524752,85,0.2303523035230352,36047002901,3177,1367,0.4302801384954359,3177,804,0.2530689329556185,3177,183,0.0576015108593012,55344,0.055344,18249.49407343163,0.9167028904179796
360470290002,360470290002,Block Group 2; Census Tract 290; Kings County; New York,Brooklyn,813,348,282,0.8103448275862069,333,200,0.6006006006006006,142,0.1746617466174661,278,0.3419434194341943,272,0.3345633456334563,0,0.0,272,0.3345633456334563,223,0.2742927429274293,160,0.4597701149425287,36047029000,3710,1037,0.2795148247978437,3710,645,0.1738544474393531,3710,81,0.021832884097035,38140,0.03814,21316.203460933404,0.8531121095162348
360470291002,360470291002,Block Group 2; Census Tract 291; Kings County; New York,Brooklyn,1353,473,401,0.8477801268498943,796,581,0.7298994974874372,275,0.2032520325203252,89,0.0657797487065779,296,0.2187730968218773,706,0.5218033998521804,29,0.0214338507021433,216,0.1596452328159645,29,0.0613107822410148,36047029100,3461,665,0.1921409997110661,3461,390,0.1126841953192718,3461,177,0.0511412886449003,41233,0.041233,32813.52314893411,0.7957586653457054
360470292002,360470292002,Block Group 2; Census Tract 292; Kings County; New York,Brooklyn,1220,423,324,0.7659574468085106,554,291,0.5252707581227437,245,0.2008196721311475,151,0.1237704918032786,337,0.2762295081967213,82,0.0672131147540983,583,0.4778688524590164,176,0.1442622950819672,155,0.3664302600472813,36047029200,2501,432,0.1727309076369452,2501,423,0.1691323470611755,2501,111,0.0443822471011595,47288,0.047288,25799.357130773136,0.5626504086324633
360470293002,360470293002,Block Group 2; Census Tract 293; Kings County; New York,Brooklyn,498,247,227,0.9190283400809716,28,21,0.75,150,0.3012048192771084,172,0.3453815261044177,19,0.038152610441767,345,0.6927710843373494,14,0.0281124497991967,100,0.2008032128514056,28,0.1133603238866396,36047029300,3181,1127,0.3542911034265954,3181,385,0.1210311222885884,3181,83,0.0260924237661112,41193,0.041193,12089.432670599374,0.6686090633498623
360470295002,360470295002,Block Group 2; Census Tract 295; Kings County; New York,Brooklyn,605,352,299,0.8494318181818182,454,170,0.3744493392070485,8,0.0132231404958677,16,0.0264462809917355,276,0.456198347107438,124,0.2049586776859504,28,0.0462809917355371,134,0.2214876033057851,34,0.096590909090909,36047029500,4043,959,0.2372000989364333,4043,329,0.0813752164234479,4043,207,0.0511996042542666,41131,0.041131,14709.100192069242,0.8763935699981756
360470296002,360470296002,Block Group 2; Census Tract 296; Kings County; New York,Brooklyn,1574,456,345,0.756578947368421,601,384,0.6389351081530782,434,0.2757306226175349,171,0.1086404066073697,568,0.3608640406607369,62,0.0393900889453621,429,0.2725540025412961,442,0.2808132147395171,109,0.2390350877192982,36047029600,6463,1860,0.2877920470369797,6463,458,0.070864923410181,6463,843,0.1304347826086956,59595,0.059595,26411.61171239198,0.6391857415674359
360470297002,360470297002,Block Group 2; Census Tract 297; Kings County; New York,Brooklyn,2000,785,644,0.8203821656050956,670,426,0.6358208955223881,584,0.292,202,0.101,154,0.077,1666,0.833,30,0.015,26,0.013,0,0.0,36047029700,4004,929,0.232017982017982,4004,794,0.1983016983016983,4004,126,0.0314685314685314,82074,0.082074,24368.25303993957,0.9168189587680822
360470298002,360470298002,Block Group 2; Census Tract 298; Kings County; New York,Brooklyn,1219,311,290,0.932475884244373,386,196,0.5077720207253886,393,0.3223954060705496,89,0.0730106644790812,282,0.2313371616078753,3,0.0024610336341263,778,0.638228055783429,156,0.1279737489745693,150,0.4823151125401929,36047029800,3868,770,0.1990692864529472,3877,349,0.0900180551973175,3877,266,0.0686097498065514,77555,0.077555,15717.877635226614,0.8860328454376933
360470299002,360470299002,Block Group 2; Census Tract 299; Kings County; New York,Brooklyn,1317,476,422,0.8865546218487395,414,209,0.5048309178743962,314,0.2384206529992407,328,0.249050873196659,360,0.2733485193621868,602,0.4570994684889901,80,0.0607441154138192,243,0.1845102505694761,57,0.1197478991596638,36047029900,3120,923,0.2958333333333333,3120,300,0.0961538461538461,3120,263,0.0842948717948718,71513,0.071513,18416.232013759734,0.9049445425712496
360470003012,360470003012,Block Group 2; Census Tract 3.01; Kings County; New York,Brooklyn,1578,756,622,0.8227513227513228,829,384,0.4632086851628468,409,0.2591888466413181,416,0.2636248415716096,1395,0.8840304182509505,14,0.008871989860583,15,0.0095057034220532,77,0.0487959442332065,25,0.033068783068783,36047000301,4384,227,0.0517791970802919,4501,366,0.0813152632748278,4501,86,0.0191068651410797,23890,0.02389,66052.74173294265,0.8816823045960519
360470300002,360470300002,Block Group 2; Census Tract 300; Kings County; New York,Brooklyn,1100,391,306,0.782608695652174,523,315,0.6022944550669216,199,0.1809090909090909,87,0.079090909090909,338,0.3072727272727272,29,0.0263636363636363,416,0.3781818181818182,317,0.2881818181818182,24,0.0613810741687979,36047030000,4165,765,0.1836734693877551,4165,377,0.090516206482593,4165,320,0.0768307322929171,38743,0.038743,28392.22569238314,0.8672862899344109
360470301002,360470301002,Block Group 2; Census Tract 301; Kings County; New York,Brooklyn,1188,328,236,0.7195121951219512,474,234,0.4936708860759494,350,0.2946127946127946,115,0.0968013468013468,51,0.0429292929292929,962,0.8097643097643098,0,0.0,103,0.0867003367003367,0,0.0,36047030100,3169,678,0.2139476175449668,3170,293,0.0924290220820189,3170,40,0.0126182965299684,50276,0.050276,23629.564802291352,0.8764673545548277
360470302002,360470302002,Block Group 2; Census Tract 302; Kings County; New York,Brooklyn,1098,406,312,0.7684729064039408,494,273,0.5526315789473685,201,0.1830601092896175,202,0.1839708561020036,344,0.3132969034608379,0,0.0,606,0.5519125683060109,42,0.0382513661202185,108,0.2660098522167488,36047030200,3850,692,0.1797402597402597,3850,400,0.1038961038961039,3850,202,0.0524675324675324,63678,0.063678,17243.00386318666,0.8702872813599283
360470303002,360470303002,Block Group 2; Census Tract 303; Kings County; New York,Brooklyn,871,285,285,1.0,359,250,0.6963788300835655,284,0.3260619977037887,40,0.0459242250287026,1,0.0011481056257175,555,0.6371986222732492,0,0.0,190,0.2181400688863375,24,0.0842105263157894,36047030300,5465,1520,0.2781335773101555,5465,864,0.1580969807868252,5465,296,0.0541628545288197,81734,0.081734,10656.519930506276,0.9080389314369048
360470304002,360470304002,Block Group 2; Census Tract 304; Kings County; New York,Brooklyn,1261,497,354,0.7122736418511066,537,217,0.404096834264432,250,0.1982553528945281,268,0.2125297383029341,621,0.4924662965900079,0,0.0,546,0.4329896907216495,35,0.0277557494052339,315,0.6338028169014085,36047030400,4498,616,0.1369497554468652,4525,484,0.1069613259668508,4525,389,0.0859668508287292,81898,0.081898,15397.20139685951,0.8866399436918047
360470305002,360470305002,Block Group 2; Census Tract 305; Kings County; New York,Brooklyn,1935,1074,1003,0.9338919925512104,1292,546,0.4226006191950464,245,0.1266149870801033,126,0.0651162790697674,882,0.4558139534883721,496,0.2563307493540052,94,0.048578811369509,331,0.1710594315245478,0,0.0,36047030500,6688,873,0.1305322966507177,6688,516,0.0771531100478468,6688,283,0.0423145933014354,57540,0.05754,33628.77997914494,0.899195921930115
360470307002,360470307002,Block Group 2; Census Tract 307; Kings County; New York,Brooklyn,824,550,550,1.0,120,46,0.3833333333333333,177,0.2148058252427184,385,0.4672330097087379,25,0.0303398058252427,571,0.6929611650485437,20,0.0242718446601941,181,0.2196601941747573,45,0.0818181818181818,36047030700,6279,1754,0.2793438445612358,6299,966,0.153357675821559,6299,572,0.090808064772186,43159,0.043159,19092.19398039806,0.9047415760837428
360470309002,360470309002,Block Group 2; Census Tract 309; Kings County; New York,Brooklyn,945,482,408,0.8464730290456431,404,277,0.6856435643564357,127,0.1343915343915344,102,0.1079365079365079,43,0.0455026455026455,593,0.6275132275132275,25,0.0264550264550264,157,0.1661375661375661,10,0.0207468879668049,36047030900,2277,846,0.3715415019762846,2279,410,0.1799034664326459,2279,94,0.0412461605967529,64100,0.0641,14742.589703588144,0.946990331670268
360470030002,360470030002,Block Group 2; Census Tract 30; Kings County; New York,Brooklyn,816,289,190,0.657439446366782,397,145,0.3652392947103274,120,0.1470588235294117,134,0.1642156862745098,433,0.5306372549019608,3,0.0036764705882352,240,0.2941176470588235,94,0.1151960784313725,72,0.2491349480968858,36047003000,1844,87,0.0471800433839479,1811,158,0.0872446162341247,1811,48,0.0265046935394809,44302,0.044302,18419.03300076746,0.8205888740056871
360470031012,360470031012,Block Group 2; Census Tract 31.01; Kings County; New York,Brooklyn,910,174,174,1.0,248,76,0.3064516129032258,56,0.0615384615384615,0,0.0,368,0.4043956043956044,140,0.1538461538461538,149,0.1637362637362637,142,0.156043956043956,66,0.3793103448275862,36047003101,3073,173,0.0562967783924503,3716,203,0.0546286329386437,3716,447,0.1202906350914962,58120,0.05812,15657.26083964212,0.9031576359221494
360470311002,360470311002,Block Group 2; Census Tract 311; Kings County; New York,Brooklyn,1003,386,292,0.7564766839378239,518,285,0.5501930501930502,223,0.2223330009970089,51,0.0508474576271186,296,0.2951146560319043,565,0.5633100697906281,12,0.011964107676969,0,0.0,0,0.0,36047031100,3534,776,0.2195812110922467,3534,339,0.0959252971137521,3534,106,0.0299943406904357,43803,0.043803,22897.975024541694,0.9118120504105486
360470313002,360470313002,Block Group 2; Census Tract 313; Kings County; New York,Brooklyn,752,492,469,0.9532520325203252,472,193,0.4088983050847458,79,0.1050531914893617,84,0.1117021276595744,253,0.3364361702127659,347,0.4614361702127659,21,0.0279255319148936,21,0.0279255319148936,0,0.0,36047031300,4352,760,0.1746323529411764,4398,960,0.2182810368349249,4398,178,0.0404729422464756,43591,0.043591,17251.26746346723,0.9077121577203828
360470314012,360470314012,Block Group 2; Census Tract 314.01; Kings County; New York,Brooklyn,893,379,80,0.2110817941952506,547,264,0.4826325411334552,169,0.1892497200447928,206,0.2306830907054871,820,0.9182530795072787,0,0.0,42,0.0470324748040313,31,0.0347144456886898,99,0.2612137203166227,36047031401,4910,501,0.1020366598778004,4910,766,0.1560081466395112,4910,468,0.095315682281059,42711,0.042711,20907.962819882465,0.5989686734035691
360470315002,360470315002,Block Group 2; Census Tract 315; Kings County; New York,Brooklyn,1805,732,732,1.0,1073,494,0.4603914259086673,360,0.1994459833795014,233,0.1290858725761773,662,0.3667590027700831,848,0.4698060941828255,23,0.0127423822714681,104,0.0576177285318559,0,0.0,36047031500,5179,749,0.1446225139988414,5179,452,0.0872755358177254,5179,149,0.0287700328248696,43669,0.043669,41333.66919324922,0.8079192328113595
360470317012,360470317012,Block Group 2; Census Tract 317.01; Kings County; New York,Brooklyn,1813,599,468,0.7813021702838063,973,317,0.3257965056526207,215,0.1185879757308328,195,0.1075565361279647,234,0.1290678433535576,1427,0.7870932156646442,30,0.0165471594043022,53,0.0292333149476006,0,0.0,36047031701,4262,472,0.1107461285781323,4300,366,0.0851162790697674,4300,229,0.0532558139534883,46532,0.046532,38962.43445370928,0.8521717837143669
360470317022,360470317022,Block Group 2; Census Tract 317.02; Kings County; New York,Brooklyn,857,363,292,0.8044077134986226,522,173,0.3314176245210728,225,0.2625437572928821,106,0.1236872812135355,417,0.4865810968494749,231,0.2695449241540256,20,0.0233372228704784,178,0.2077012835472578,0,0.0,36047031702,3609,366,0.1014131338320864,3622,297,0.0819988956377691,3622,140,0.0386526780784097,46621,0.046621,18382.274082495012,0.6386586323991158
360470319002,360470319002,Block Group 2; Census Tract 319; Kings County; New York,Brooklyn,1684,588,486,0.826530612244898,517,347,0.6711798839458414,537,0.3188836104513064,182,0.1080760095011876,698,0.4144893111638955,826,0.4904988123515439,84,0.0498812351543943,76,0.0451306413301662,64,0.1088435374149659,36047031900,3412,247,0.0723915592028136,3412,354,0.1037514654161781,3412,7,0.0020515826494724,46587,0.046587,36147.423100865046,0.9006604789559747
360470321002,360470321002,Block Group 2; Census Tract 321; Kings County; New York,Brooklyn,840,259,194,0.749034749034749,512,362,0.70703125,17,0.0202380952380952,14,0.0166666666666666,145,0.1726190476190476,475,0.5654761904761905,1,0.0011904761904761,158,0.1880952380952381,0,0.0,36047032100,4975,771,0.1549748743718593,4989,693,0.1389055923030667,4989,299,0.0599318500701543,46637,0.046637,18011.450136157986,0.9006537702845689
360470323002,360470323002,Block Group 2; Census Tract 323; Kings County; New York,Brooklyn,1107,466,289,0.6201716738197425,460,110,0.2391304347826087,237,0.2140921409214092,344,0.3107497741644083,52,0.046973803071364,808,0.7299006323396567,15,0.013550135501355,137,0.1237579042457091,0,0.0,36047032300,3589,604,0.1682920033435497,3589,497,0.1384786848704374,3589,164,0.0456951797157982,49386,0.049386,22415.25938525088,0.8521930976432794
360470325002,360470325002,Block Group 2; Census Tract 325; Kings County; New York,Brooklyn,993,512,455,0.888671875,669,434,0.648729446935725,112,0.1127895266868076,65,0.0654582074521651,234,0.2356495468277945,511,0.5146022155085599,15,0.0151057401812688,81,0.0815709969788519,0,0.0,36047032500,7964,738,0.0926670015067805,7926,775,0.0977794600050466,7926,220,0.0277567499369164,47837,0.047837,20757.99067667287,0.8570210520368815
360470326002,360470326002,Block Group 2; Census Tract 326; Kings County; New York,Brooklyn,5103,1077,1077,1.0,965,357,0.3699481865284974,2456,0.4812855183225553,366,0.0717225161669606,925,0.1812659220066627,2838,0.5561434450323339,176,0.0344895159709974,1116,0.218694885361552,265,0.2460538532961931,36047032600,10436,3568,0.3418934457646608,10522,1176,0.111765823987835,10522,376,0.0357346512069948,68547,0.068547,74445.2711278393,0.7843914099893616
360470327002,360470327002,Block Group 2; Census Tract 327; Kings County; New York,Brooklyn,1512,572,441,0.7709790209790209,661,424,0.6414523449319214,348,0.2301587301587301,226,0.1494708994708994,684,0.4523809523809524,523,0.3458994708994709,0,0.0,280,0.1851851851851851,51,0.0891608391608391,36047032700,2980,389,0.1305369127516778,2980,227,0.0761744966442953,2980,0,0.0,78783,0.078783,19191.957655839455,0.8417290955102231
360470328002,360470328002,Block Group 2; Census Tract 328; Kings County; New York,Brooklyn,647,212,100,0.4716981132075472,247,94,0.3805668016194332,48,0.0741885625965996,161,0.2488408037094281,38,0.0587326120556414,91,0.1406491499227202,260,0.401854714064915,237,0.366306027820711,27,0.1273584905660377,36047032800,2847,777,0.2729188619599578,2918,535,0.1833447566826593,2918,141,0.0483207676490747,70481,0.070481,9179.77894751777,0.8287176879580227
360470329002,360470329002,Block Group 2; Census Tract 329; Kings County; New York,Brooklyn,2343,732,386,0.5273224043715847,616,193,0.3133116883116883,507,0.2163892445582586,293,0.1250533504054631,1041,0.4443021766965428,1031,0.4400341442594964,0,0.0,32,0.0136577037985488,25,0.0341530054644808,36047032900,5411,1249,0.2308260949916836,5411,531,0.0981334318979855,5411,392,0.0724450194049159,36163,0.036163,64789.978707518734,0.8981815777838971
360470330002,360470330002,Block Group 2; Census Tract 330; Kings County; New York,Brooklyn,414,199,115,0.5778894472361809,200,97,0.485,8,0.0193236714975845,112,0.2705314009661835,103,0.2487922705314009,156,0.3768115942028985,40,0.0966183574879227,103,0.2487922705314009,28,0.1407035175879397,36047033000,4721,1935,0.409870790086846,4721,1094,0.2317305655581444,4721,122,0.0258419826307985,57644,0.057644,7182.013739504545,0.841011212215551
360470331002,360470331002,Block Group 2; Census Tract 331; Kings County; New York,Brooklyn,1993,894,760,0.8501118568232662,1001,537,0.5364635364635365,505,0.2533868539889614,215,0.1078775715002508,808,0.4054189663823382,934,0.4686402408429503,0,0.0,149,0.0747616658304064,37,0.0413870246085011,36047033100,3822,1134,0.2967032967032967,3822,482,0.1261119832548404,3822,458,0.1198325484039769,50629,0.050629,39364.79093009935,0.8744779787642721
360470333002,360470333002,Block Group 2; Census Tract 333; Kings County; New York,Brooklyn,1667,496,322,0.6491935483870968,451,111,0.2461197339246119,428,0.256748650269946,360,0.2159568086382723,1288,0.7726454709058188,0,0.0,0,0.0,268,0.1607678464307138,11,0.0221774193548387,36047033300,4519,925,0.2046913033857048,4519,301,0.0666076565611861,4519,154,0.0340783359150254,69966,0.069966,23825.85827401881,0.8538172223943037
360470335002,360470335002,Block Group 2; Census Tract 335; Kings County; New York,Brooklyn,1561,331,125,0.3776435045317221,628,208,0.3312101910828025,335,0.2146060217809096,203,0.1300448430493273,794,0.5086483023702755,471,0.3017296604740551,13,0.00832799487508,210,0.1345291479820627,0,0.0,36047033500,3400,593,0.1744117647058823,3743,346,0.0924392198771039,3743,128,0.0341971680470211,45101,0.045101,34611.20595995654,0.8318451928123296
360470336002,360470336002,Block Group 2; Census Tract 336; Kings County; New York,Brooklyn,623,275,235,0.8545454545454545,219,74,0.3378995433789954,79,0.1268057784911717,182,0.2921348314606741,394,0.6324237560192616,44,0.0706260032102728,88,0.1412520064205457,44,0.0706260032102728,94,0.3418181818181818,36047033600,4674,499,0.1067608044501497,4757,500,0.1051082615093546,4757,202,0.0424637376497792,159763,0.159763,3899.5261731439696,0.2409118277293951
360470337012,360470337012,Block Group 2; Census Tract 337.01; Kings County; New York,Brooklyn,918,367,336,0.9155313351498636,365,193,0.5287671232876713,181,0.1971677559912854,226,0.2461873638344226,127,0.1383442265795207,690,0.7516339869281046,7,0.0076252723311546,52,0.0566448801742919,10,0.0272479564032697,36047033701,2668,306,0.1146926536731634,2742,354,0.1291028446389496,2742,166,0.0605397520058351,49117,0.049117,18690.066575727345,0.8491031919452395
360470337022,360470337022,Block Group 2; Census Tract 337.02; Kings County; New York,Brooklyn,1147,361,320,0.8864265927977839,406,184,0.4532019704433497,147,0.1281604184829991,218,0.1900610287707062,503,0.4385353095030514,449,0.3914559721011333,26,0.022667829119442,164,0.1429816913687881,31,0.0858725761772853,36047033702,1815,276,0.1520661157024793,1974,265,0.1342451874366768,1974,88,0.044579533941236,50010,0.05001,22935.412917416517,0.8518316954659475
360470339002,360470339002,Block Group 2; Census Tract 339; Kings County; New York,Brooklyn,983,413,373,0.9031476997578692,442,210,0.4751131221719457,119,0.121057985757884,152,0.1546286876907426,222,0.2258392675483214,415,0.422177009155646,207,0.2105798575788403,53,0.0539165818921668,12,0.0290556900726392,36047033900,5010,1267,0.2528942115768463,5010,713,0.142315369261477,5010,203,0.0405189620758483,45321,0.045321,21689.72441031751,0.8570167930418892
360470033002,360470033002,Block Group 2; Census Tract 33; Kings County; New York,Brooklyn,3292,2118,2041,0.9636449480642116,2347,1149,0.4895611418832552,395,0.1199878493317132,201,0.0610571081409477,1167,0.3544957472660996,785,0.238456865127582,382,0.1160388821385176,436,0.1324422843256379,85,0.0401322001888574,36047003300,4125,398,0.0964848484848484,4125,505,0.1224242424242424,4125,149,0.0361212121212121,115456,0.115456,28513.026607538803,0.9372222360045532
360470340002,360470340002,Block Group 2; Census Tract 340; Kings County; New York,Brooklyn,651,93,93,1.0,4,4,1.0,0,0.0,541,0.8310291858678955,453,0.695852534562212,107,0.1643625192012288,12,0.0184331797235023,73,0.1121351766513056,46,0.4946236559139785,36047034000,1662,631,0.3796630565583634,1662,426,0.2563176895306859,1662,73,0.0439229843561973,47648,0.047648,13662.693082605774,0.5594032764197154
360470341002,360470341002,Block Group 2; Census Tract 341; Kings County; New York,Brooklyn,520,354,324,0.9152542372881356,260,142,0.5461538461538461,0,0.0,138,0.2653846153846154,121,0.2326923076923077,280,0.5384615384615384,17,0.0326923076923076,90,0.173076923076923,0,0.0,36047034100,2319,455,0.1962052608883139,2319,186,0.0802069857697283,2319,125,0.0539025442000862,23190,0.02319,22423.45838723588,0.8436299373628651
360470342002,360470342002,Block Group 2; Census Tract 342; Kings County; New York,Brooklyn,1442,474,474,1.0,424,267,0.6297169811320755,525,0.3640776699029126,239,0.1657420249653259,154,0.1067961165048543,346,0.2399445214979195,298,0.2066574202496532,593,0.4112343966712898,168,0.3544303797468354,36047034200,6608,2245,0.3397397094430993,6608,1601,0.2422820823244552,6608,186,0.0281476997578692,51476,0.051476,28013.054627399175,0.8263096335928944
360470343002,360470343002,Block Group 2; Census Tract 343; Kings County; New York,Brooklyn,1116,671,604,0.9001490312965723,650,363,0.5584615384615385,0,0.0,122,0.1093189964157706,203,0.1818996415770609,660,0.5913978494623656,0,0.0,76,0.068100358422939,0,0.0,36047034300,4548,1971,0.433377308707124,4548,981,0.2156992084432717,4548,467,0.1026824978012313,46880,0.04688,23805.460750853243,0.9058193086687332
360470345002,360470345002,Block Group 2; Census Tract 345; Kings County; New York,Brooklyn,1630,606,481,0.7937293729372937,1084,647,0.5968634686346863,249,0.152760736196319,124,0.0760736196319018,641,0.3932515337423313,654,0.4012269938650307,23,0.0141104294478527,121,0.0742331288343558,0,0.0,36047034500,2698,228,0.0845070422535211,2698,255,0.0945144551519644,2698,182,0.067457375833951,116516,0.116516,13989.495004977858,0.8856098936740007
360470347002,360470347002,Block Group 2; Census Tract 347; Kings County; New York,Brooklyn,797,356,262,0.7359550561797753,144,94,0.6527777777777778,238,0.2986198243412798,105,0.1317440401505646,98,0.1229611041405269,552,0.6925972396486826,0,0.0,74,0.0928481806775407,21,0.0589887640449438,36047034700,3728,808,0.2167381974248927,3728,524,0.1405579399141631,3728,307,0.0823497854077253,46721,0.046721,17058.710215962845,0.9003171051264287
360470348002,360470348002,Block Group 2; Census Tract 348; Kings County; New York,Brooklyn,1229,442,412,0.9321266968325792,478,316,0.6610878661087866,427,0.3474369406021155,102,0.0829943043124491,118,0.0960130187144019,223,0.1814483319772172,40,0.032546786004882,810,0.6590724165988608,111,0.251131221719457,36047034800,3011,618,0.2052474261042843,3011,182,0.0604450348721355,3011,449,0.1491198937230156,74571,0.074571,16480.93762990975,0.8678717327630509
360470349012,360470349012,Block Group 2; Census Tract 349.01; Kings County; New York,Brooklyn,770,307,307,1.0,585,336,0.5743589743589743,58,0.0753246753246753,127,0.1649350649350649,76,0.0987012987012987,527,0.6844155844155844,0,0.0,116,0.1506493506493506,0,0.0,36047034901,2324,430,0.185025817555938,2298,130,0.0565709312445604,2298,284,0.1235857267188859,46659,0.046659,16502.71115969052,0.9075245345512972
360470349022,360470349022,Block Group 2; Census Tract 349.02; Kings County; New York,Brooklyn,804,251,251,1.0,320,295,0.921875,300,0.373134328358209,80,0.099502487562189,48,0.0597014925373134,644,0.8009950248756219,0,0.0,60,0.0746268656716417,0,0.0,36047034902,3396,531,0.1563604240282685,3396,286,0.0842167255594817,3396,115,0.0338633686690223,23334,0.023334,34456.15839547441,0.9001435524504082
360470034002,360470034002,Block Group 2; Census Tract 34; Kings County; New York,Brooklyn,1125,587,389,0.6626916524701874,512,136,0.265625,295,0.2622222222222222,129,0.1146666666666666,512,0.4551111111111111,6,0.0053333333333333,222,0.1973333333333333,318,0.2826666666666667,21,0.0357751277683134,36047003400,3349,250,0.0746491489997014,3349,544,0.1624365482233502,3349,252,0.075246342191699,65607,0.065607,17147.560473729936,0.3644011582069226
360470350002,360470350002,Block Group 2; Census Tract 350; Kings County; New York,Brooklyn,1323,713,648,0.908835904628331,644,313,0.4860248447204969,8,0.0060468631897203,651,0.492063492063492,1305,0.9863945578231292,0,0.0,0,0.0,6,0.0045351473922902,356,0.4992987377279102,36047035000,3169,421,0.1328494793310192,3169,1108,0.3496371094982644,3169,107,0.0337645945093089,138990,0.13899,9518.670407943016,0.8682395657362428
360470351022,360470351022,Block Group 2; Census Tract 351.02; Kings County; New York,Brooklyn,1213,369,325,0.8807588075880759,804,487,0.6057213930348259,204,0.1681780708985985,120,0.0989282769991756,218,0.179719703215169,849,0.6999175597691674,24,0.0197856553998351,69,0.0568837592745259,59,0.1598915989159891,36047035102,3400,1066,0.3135294117647059,3400,450,0.1323529411764706,3400,72,0.0211764705882352,46547,0.046547,26059.681612133973,0.8963119463948557
360470353012,360470353012,Block Group 2; Census Tract 353.01; Kings County; New York,Brooklyn,355,214,214,1.0,252,137,0.5436507936507936,0,0.0,9,0.0253521126760563,129,0.3633802816901408,172,0.4845070422535211,0,0.0,0,0.0,0,0.0,36047035301,2472,1024,0.4142394822006472,2483,270,0.1087394281111558,2483,227,0.0914216673378977,24588,0.024588,14437.93720514072,0.8609653172647518
360470353022,360470353022,Block Group 2; Census Tract 353.02; Kings County; New York,Brooklyn,1466,480,436,0.9083333333333332,607,403,0.6639209225700164,358,0.2442019099590723,230,0.1568894952251023,94,0.0641200545702592,1056,0.7203274215552524,0,0.0,315,0.2148703956343792,19,0.0395833333333333,36047035302,3058,460,0.1504251144538914,3059,367,0.1199738476626348,3059,195,0.063746322327558,46575,0.046575,31476.113794954377,0.9080106634571882
360470354002,360470354002,Block Group 2; Census Tract 354; Kings County; New York,Brooklyn,2546,1107,629,0.5682023486901535,1112,504,0.4532374100719424,414,0.1626080125687352,768,0.3016496465043205,2283,0.896700706991359,0,0.0,0,0.0,224,0.0879811468970934,549,0.4959349593495935,36047035400,6075,587,0.0966255144032921,6075,1374,0.2261728395061728,6075,55,0.0090534979423868,128891,0.128891,19753.12473330178,0.8507134419066708
360470355002,360470355002,Block Group 2; Census Tract 355; Kings County; New York,Brooklyn,1191,611,611,1.0,679,542,0.7982326951399117,158,0.1326616288832913,343,0.2879932829554996,23,0.0193115029387069,1089,0.9143576826196472,0,0.0,25,0.0209907640638119,48,0.0785597381342062,36047035500,5046,578,0.1145461751882679,5046,811,0.1607213634562029,5046,356,0.0705509314308363,35168,0.035168,33866.01455868972,0.9078489228292924
360470356022,360470356022,Block Group 2; Census Tract 356.02; Kings County; New York,Brooklyn,3002,1645,974,0.59209726443769,1012,341,0.3369565217391304,195,0.0649566955363091,1462,0.4870086608927382,2819,0.9390406395736176,11,0.0036642238507661,42,0.0139906728847435,73,0.0243171219187208,881,0.5355623100303951,36047035602,6581,1027,0.1560553107430481,6581,1509,0.2292964595046345,6581,270,0.0410271995137517,60474,0.060474,49641.168105301454,0.8884612980812983
360470359002,360470359002,Block Group 2; Census Tract 359; Kings County; New York,Brooklyn,2002,679,632,0.930780559646539,928,615,0.6627155172413793,718,0.3586413586413586,292,0.1458541458541458,40,0.0199800199800199,1618,0.8081918081918081,1,0.0004995004995004,200,0.0999000999000999,0,0.0,36047035900,6788,1465,0.2158220388921626,6788,902,0.1328815556865056,6788,465,0.0685032410135533,49563,0.049563,40393.035127010065,0.9102336814912264
360470035002,360470035002,Block Group 2; Census Tract 35; Kings County; New York,Brooklyn,832,465,433,0.9311827956989248,601,303,0.5041597337770383,91,0.109375,131,0.157451923076923,257,0.3088942307692308,318,0.3822115384615384,25,0.0300480769230769,209,0.2512019230769231,11,0.0236559139784946,36047003500,2153,220,0.1021830004644681,2153,250,0.1161170459823502,2153,88,0.0408732001857872,30782,0.030782,27028.78305503216,0.9008696019211612
360470360012,360470360012,Block Group 2; Census Tract 360.01; Kings County; New York,Brooklyn,904,573,573,1.0,340,133,0.3911764705882353,65,0.0719026548672566,419,0.4634955752212389,799,0.8838495575221239,0,0.0,95,0.1050884955752212,10,0.0110619469026548,309,0.5392670157068062,36047036001,2844,1005,0.3533755274261603,2844,871,0.3062587904360056,2844,279,0.0981012658227848,29395,0.029395,30753.529511821736,0.8972122320550846
360470360022,360470360022,Block Group 2; Census Tract 360.02; Kings County; New York,Brooklyn,2116,1202,1165,0.9692179700499168,769,192,0.2496749024707412,186,0.0879017013232514,979,0.4626654064272211,1704,0.8052930056710775,15,0.0070888468809073,0,0.0,19,0.0089792060491493,860,0.7154742096505824,36047036002,3726,918,0.2463768115942029,3726,1570,0.4213633923778851,3726,224,0.0601180891035963,42329,0.042329,49989.36899052659,0.8898813761000837
360470361002,360470361002,Block Group 2; Census Tract 361; Kings County; New York,Brooklyn,1444,495,426,0.8606060606060606,597,391,0.6549413735343383,231,0.159972299168975,146,0.1011080332409972,66,0.0457063711911357,714,0.4944598337950138,0,0.0,553,0.3829639889196676,13,0.0262626262626262,36047036100,3357,1238,0.3687816502829907,3358,786,0.2340678975580702,3358,424,0.1262656343061346,63079,0.063079,22891.92916818593,0.8942494727410745
360470362002,360470362002,Block Group 2; Census Tract 362; Kings County; New York,Brooklyn,1037,402,382,0.9502487562189056,447,154,0.3445190156599552,278,0.2680810028929604,125,0.120540019286403,432,0.4165863066538091,0,0.0,163,0.1571841851494696,214,0.2063645130183221,226,0.5621890547263682,36047036200,3078,1167,0.3791423001949318,3090,330,0.1067961165048543,3090,373,0.1207119741100323,54405,0.054405,19060.748093006157,0.8806898108315051
360470363002,360470363002,Block Group 2; Census Tract 363; Kings County; New York,Brooklyn,1627,642,464,0.7227414330218068,1021,458,0.4485798237022527,427,0.2624462200368777,118,0.0725261216963737,0,0.0,1355,0.832821143208359,0,0.0,62,0.0381069452980946,14,0.0218068535825545,36047036300,5430,1056,0.1944751381215469,5430,808,0.1488029465930018,5430,241,0.0443830570902394,88630,0.08863,18357.21538982286,0.8041423872411957
360470364002,360470364002,Block Group 2; Census Tract 364; Kings County; New York,Brooklyn,835,418,291,0.6961722488038278,333,70,0.2102102102102102,66,0.0790419161676646,195,0.2335329341317365,467,0.5592814371257485,15,0.0179640718562874,92,0.1101796407185628,249,0.2982035928143712,157,0.3755980861244019,36047036400,2288,356,0.1555944055944056,2288,185,0.0808566433566433,2288,207,0.0904720279720279,63254,0.063254,13200.746197868908,0.8805282959497104
360470365012,360470365012,Block Group 2; Census Tract 365.01; Kings County; New York,Brooklyn,1059,413,322,0.7796610169491526,484,124,0.256198347107438,202,0.1907459867799811,87,0.0821529745042493,0,0.0,866,0.817752596789424,78,0.0736543909348441,115,0.1085930122757318,25,0.0605326876513317,36047036501,3139,548,0.1745778910481045,3139,722,0.2300095571838165,3139,83,0.0264415418923223,42020,0.04202,25202.284626368393,0.8735789869924496
360470366002,360470366002,Block Group 2; Census Tract 366; Kings County; New York,Brooklyn,1243,538,464,0.862453531598513,505,230,0.4554455445544554,201,0.161705551086082,417,0.335478680611424,1006,0.8093322606596943,65,0.0522928399034593,48,0.0386162510056315,102,0.082059533386967,367,0.6821561338289963,36047036600,4134,948,0.2293178519593613,4134,361,0.0873246250604741,4134,820,0.1983551040154813,90029,0.090029,13806.662297704072,0.8809752425331444
360470367002,360470367002,Block Group 2; Census Tract 367; Kings County; New York,Brooklyn,1342,362,313,0.8646408839779005,434,288,0.663594470046083,347,0.2585692995529061,129,0.0961251862891207,93,0.0692995529061102,479,0.356929955290611,0,0.0,631,0.470193740685544,14,0.0386740331491712,36047036700,2091,594,0.2840746054519368,2091,154,0.0736489717838354,2091,388,0.1855571496891439,55916,0.055916,24000.286143500965,0.8167199841907725
360470369002,360470369002,Block Group 2; Census Tract 369; Kings County; New York,Brooklyn,405,295,295,1.0,405,187,0.4617283950617284,0,0.0,89,0.219753086419753,154,0.3802469135802469,157,0.3876543209876543,43,0.1061728395061728,51,0.1259259259259259,5,0.0169491525423728,36047036900,5616,1442,0.2567663817663818,5616,984,0.1752136752136752,5616,857,0.1525997150997151,52160,0.05216,7764.570552147239,0.8010083089734364
360470036002,360470036002,Block Group 2; Census Tract 36; Kings County; New York,Brooklyn,2169,1250,1046,0.8368,999,330,0.3303303303303303,268,0.1235592438911941,491,0.2263715998155832,1284,0.5919778699861687,139,0.0640848317196864,215,0.099124020285846,444,0.2047026279391424,93,0.0744,36047003600,3841,765,0.1991668836240562,3841,487,0.1267898984639416,3841,183,0.047643842749284,37656,0.037656,57600.382409177815,0.7409230893014458
360470370002,360470370002,Block Group 2; Census Tract 370; Kings County; New York,Brooklyn,1089,449,250,0.5567928730512249,494,249,0.5040485829959515,198,0.1818181818181818,233,0.2139577594123048,974,0.8943985307621671,0,0.0,96,0.0881542699724518,19,0.017447199265381,168,0.3741648106904232,36047037000,3875,524,0.1352258064516129,3904,417,0.1068135245901639,3904,70,0.0179303278688524,55604,0.055604,19584.921948061292,0.9221241173081004
360470371002,360470371002,Block Group 2; Census Tract 371; Kings County; New York,Brooklyn,1180,447,334,0.7472035794183445,625,224,0.3584,334,0.2830508474576271,0,0.0,82,0.0694915254237288,732,0.6203389830508474,55,0.0466101694915254,127,0.1076271186440677,55,0.1230425055928411,36047037100,4244,812,0.1913289349670122,4309,266,0.0617312601531677,4309,258,0.0598746809004409,37303,0.037303,31632.844543334315,0.6237439534454539
360470373002,360470373002,Block Group 2; Census Tract 373; Kings County; New York,Brooklyn,1183,600,489,0.815,668,234,0.3502994011976048,102,0.0862214708368554,158,0.1335587489433643,284,0.2400676246830093,633,0.5350803043110736,13,0.0109890109890109,237,0.2003381234150465,0,0.0,36047037300,4946,1016,0.2054185200161747,4952,715,0.1443861066235864,4952,494,0.0997576736672051,38180,0.03818,30984.80880041907,0.8862809352461979
360470374012,360470374012,Block Group 2; Census Tract 374.01; Kings County; New York,Brooklyn,828,288,183,0.6354166666666666,475,363,0.7642105263157895,146,0.1763285024154589,128,0.1545893719806763,588,0.7101449275362319,0,0.0,0,0.0,240,0.2898550724637681,111,0.3854166666666667,36047037401,4758,758,0.1593106347204707,4758,921,0.1935687263556116,4758,151,0.0317360235393022,56574,0.056574,14635.698377346484,0.9586899827648068
360470374022,360470374022,Block Group 2; Census Tract 374.02; Kings County; New York,Brooklyn,2169,791,791,1.0,804,218,0.2711442786069651,704,0.3245735361917934,413,0.1904103273397879,1508,0.6952512678653757,194,0.0894421392346703,416,0.1917934532042416,0,0.0,451,0.5701643489254109,36047037402,5843,1097,0.1877460208796851,5843,935,0.1600205373951737,5843,151,0.0258428889269211,80027,0.080027,27103.35261849126,0.8888501884358089
360470375002,360470375002,Block Group 2; Census Tract 375; Kings County; New York,Brooklyn,1524,768,745,0.9700520833333334,942,573,0.60828025477707,282,0.1850393700787401,144,0.0944881889763779,293,0.192257217847769,737,0.4835958005249344,156,0.1023622047244094,310,0.2034120734908136,0,0.0,36047037500,3740,772,0.2064171122994652,3746,437,0.1166577682861719,3746,450,0.1201281366791244,84276,0.084276,18083.440125302575,0.6550441651628597
360470377002,360470377002,Block Group 2; Census Tract 377; Kings County; New York,Brooklyn,1212,454,411,0.9052863436123348,586,162,0.2764505119453925,346,0.2854785478547855,129,0.1064356435643564,182,0.1501650165016501,883,0.7285478547854786,10,0.0082508250825082,82,0.0676567656765676,0,0.0,36047037700,4985,989,0.19839518555667,5090,641,0.1259332023575638,5090,283,0.0555992141453831,57939,0.057939,20918.55227049138,0.8278671045955608
360470379002,360470379002,Block Group 2; Census Tract 379; Kings County; New York,Brooklyn,1613,656,526,0.801829268292683,809,396,0.4894932014833127,188,0.1165530068195908,222,0.1376317420954742,105,0.0650960942343459,1321,0.8189708617482951,12,0.0074395536267823,143,0.0886546807191568,0,0.0,36047037900,4012,1414,0.3524426719840479,4012,466,0.1161515453639082,4012,206,0.051345962113659,76600,0.0766,21057.441253263707,0.6158381692641653
360470381002,360470381002,Block Group 2; Census Tract 381; Kings County; New York,Brooklyn,1487,836,836,1.0,578,323,0.5588235294117647,85,0.0571620712844653,315,0.2118359112306657,0,0.0,1185,0.796906523201076,0,0.0,220,0.1479488903833221,15,0.0179425837320574,36047038100,5138,975,0.1897625535227715,5138,817,0.1590112884390813,5138,276,0.053717399766446,85722,0.085722,17346.772123842187,0.6132029005489282
360470382002,360470382002,Block Group 2; Census Tract 382; Kings County; New York,Brooklyn,2487,935,935,1.0,365,210,0.5753424657534246,883,0.3550462404503418,440,0.1769199839163651,313,0.1258544431041415,1076,0.4326497788500201,414,0.166465621230398,684,0.2750301568154403,260,0.2780748663101604,36047038200,5222,2497,0.4781692837993106,5222,1393,0.2667560321715818,5222,147,0.0281501340482573,65705,0.065705,37851.000684879386,0.8733641216349777
360470383002,360470383002,Block Group 2; Census Tract 383; Kings County; New York,Brooklyn,1128,407,353,0.8673218673218673,517,195,0.3771760154738878,316,0.2801418439716312,31,0.0274822695035461,194,0.1719858156028368,480,0.425531914893617,0,0.0,454,0.4024822695035461,0,0.0,36047038300,5465,1199,0.2193961573650503,5394,422,0.0782350760103819,5394,307,0.0569150908416759,43645,0.043645,25844.884866536828,0.8359253803350678
360470385002,360470385002,Block Group 2; Census Tract 385; Kings County; New York,Brooklyn,803,187,92,0.4919786096256685,403,109,0.2704714640198511,97,0.1207970112079701,15,0.0186799501867995,116,0.1444582814445828,143,0.1780821917808219,15,0.0186799501867995,43,0.0535491905354919,0,0.0,36047038500,3823,495,0.1294794663876536,3823,472,0.1234632487575202,3823,194,0.0507454878367774,43470,0.04347,18472.5097768576,0.6480199986108628
360470386002,360470386002,Block Group 2; Census Tract 386; Kings County; New York,Brooklyn,1358,491,327,0.6659877800407332,562,115,0.2046263345195729,163,0.1200294550810014,237,0.174521354933726,213,0.1568483063328424,5,0.003681885125184,676,0.4977908689248895,419,0.3085419734904271,207,0.4215885947046843,36047038600,3042,388,0.1275476660092044,3042,377,0.1239316239316239,3042,84,0.0276134122287968,111367,0.111367,12193.917408208896,0.8555399972351008
360470387002,360470387002,Block Group 2; Census Tract 387; Kings County; New York,Brooklyn,1116,353,274,0.7762039660056658,455,373,0.8197802197802198,246,0.2204301075268817,115,0.1030465949820788,349,0.3127240143369175,620,0.5555555555555556,74,0.0663082437275985,52,0.046594982078853,0,0.0,36047038700,5311,1378,0.2594614950103558,5311,338,0.063641498776125,5311,126,0.0237243456976087,43508,0.043508,25650.45508871932,0.8582548609290008
360470388002,360470388002,Block Group 2; Census Tract 388; Kings County; New York,Brooklyn,1407,385,302,0.7844155844155845,607,177,0.2915980230642504,373,0.2651030561478322,168,0.1194029850746268,1271,0.9033404406538736,0,0.0,0,0.0,0,0.0,90,0.2337662337662337,36047038800,5301,1003,0.1892095830975287,5353,380,0.0709882308985615,5353,257,0.0480104614235008,59778,0.059778,23537.08722272408,0.83890188804241
360470389002,360470389002,Block Group 2; Census Tract 389; Kings County; New York,Brooklyn,1022,529,529,1.0,840,513,0.6107142857142858,10,0.009784735812133,18,0.0176125244618395,617,0.6037181996086106,38,0.0371819960861056,46,0.0450097847358121,303,0.2964774951076321,0,0.0,36047038900,3248,415,0.1277709359605911,3277,350,0.1068050045773573,3277,440,0.1342691486115349,38565,0.038565,26500.71308180993,0.9669423650558144
360470390002,360470390002,Block Group 2; Census Tract 390; Kings County; New York,Brooklyn,1369,367,144,0.3923705722070845,342,12,0.0350877192982456,560,0.4090577063550036,105,0.0766983199415631,1369,1.0,0,0.0,0,0.0,0,0.0,42,0.1144414168937329,36047039000,2681,760,0.2834763148079074,2681,175,0.0652741514360313,2681,82,0.0305856023871689,90104,0.090104,15193.554115244606,0.8403590244632915
360470391002,360470391002,Block Group 2; Census Tract 391; Kings County; New York,Brooklyn,1252,657,657,1.0,765,415,0.5424836601307189,159,0.1269968051118211,135,0.1078274760383386,615,0.4912140575079872,126,0.1006389776357827,108,0.0862619808306709,387,0.3091054313099041,120,0.182648401826484,36047039100,5428,1331,0.2452100221075902,5428,950,0.1750184229918938,5428,310,0.057111274871039,68257,0.068257,18342.441068315336,0.9479767114458256
360470392002,360470392002,Block Group 2; Census Tract 392; Kings County; New York,Brooklyn,1761,716,545,0.7611731843575419,711,315,0.4430379746835443,456,0.2589437819420783,246,0.1396933560477001,1136,0.6450880181714934,302,0.1714934696195343,22,0.0124929017603634,294,0.1669505962521294,207,0.2891061452513966,36047039200,3091,511,0.1653186670980265,3091,213,0.0689097379488838,3091,284,0.0918796505985118,89889,0.089889,19590.828688716083,0.8908479230751207
360470393002,360470393002,Block Group 2; Census Tract 393; Kings County; New York,Brooklyn,1076,554,450,0.8122743682310469,818,565,0.6907090464547677,61,0.0566914498141263,77,0.0715613382899628,463,0.4302973977695167,171,0.1589219330855018,106,0.0985130111524163,258,0.2397769516728624,19,0.0342960288808664,36047039300,3798,620,0.163243812532912,3798,309,0.0813586097946287,3798,450,0.1184834123222748,60954,0.060954,17652.656101322307,0.7332888541744913
360470394002,360470394002,Block Group 2; Census Tract 394; Kings County; New York,Brooklyn,853,244,155,0.6352459016393442,220,41,0.1863636363636363,356,0.4173505275498241,112,0.1313012895662368,730,0.8558030480656507,0,0.0,6,0.0070339976553341,82,0.0961313012895662,82,0.3360655737704918,36047039400,2259,683,0.3023461708720673,2259,209,0.0925188136343514,2259,62,0.0274457724656927,52976,0.052976,16101.630927212322,0.8172615176441719
360470395002,360470395002,Block Group 2; Census Tract 395; Kings County; New York,Brooklyn,1304,600,553,0.9216666666666666,806,594,0.7369727047146402,130,0.0996932515337423,245,0.187883435582822,375,0.2875766871165644,368,0.2822085889570552,62,0.0475460122699386,486,0.3726993865030675,129,0.215,36047039500,4083,1108,0.2713690913543963,4083,514,0.1258878275777614,4083,515,0.1261327455302473,70695,0.070695,18445.434613480447,0.6786869126077819
360470396002,360470396002,Block Group 2; Census Tract 396; Kings County; New York,Brooklyn,1068,414,266,0.642512077294686,435,129,0.296551724137931,241,0.2256554307116104,105,0.098314606741573,803,0.75187265917603,57,0.0533707865168539,0,0.0,198,0.1853932584269663,37,0.0893719806763285,36047039600,1708,287,0.1680327868852459,1708,333,0.1949648711943793,1708,121,0.0708430913348946,85533,0.085533,12486.408754515802,0.8469090562349696
360470397002,360470397002,Block Group 2; Census Tract 397; Kings County; New York,Brooklyn,1148,507,507,1.0,847,468,0.5525383707201889,32,0.0278745644599303,61,0.0531358885017421,259,0.2256097560975609,444,0.3867595818815331,2,0.0017421602787456,360,0.313588850174216,0,0.0,36047039700,3332,731,0.2193877551020408,3356,251,0.0747914183551847,3356,605,0.1802741358760429,47331,0.047331,24254.71678181319,0.6555968789075731
360470398002,360470398002,Block Group 2; Census Tract 398; Kings County; New York,Brooklyn,980,339,99,0.2920353982300885,469,142,0.302771855010661,201,0.2051020408163265,165,0.1683673469387755,125,0.1275510204081632,0,0.0,767,0.7826530612244897,88,0.0897959183673469,42,0.1238938053097345,36047039800,2586,284,0.1098221191028615,2586,207,0.0800464037122969,2586,78,0.0301624129930394,57956,0.057956,16909.379529298087,0.8667405265569399
360470399002,360470399002,Block Group 2; Census Tract 399; Kings County; New York,Brooklyn,1055,342,323,0.9444444444444444,668,308,0.4610778443113772,124,0.1175355450236966,75,0.0710900473933649,200,0.1895734597156398,321,0.3042654028436019,25,0.0236966824644549,411,0.3895734597156398,0,0.0,36047039900,3729,1056,0.2831858407079646,3745,708,0.1890520694259012,3745,334,0.0891855807743658,62844,0.062844,16787.601043854625,0.8383352182854876
360470039002,360470039002,Block Group 2; Census Tract 39; Kings County; New York,Brooklyn,715,405,342,0.8444444444444444,483,270,0.5590062111801242,75,0.1048951048951049,99,0.1384615384615384,493,0.6895104895104895,13,0.0181818181818181,13,0.0181818181818181,169,0.2363636363636363,58,0.1432098765432098,36047003900,2986,356,0.1192230408573342,2986,194,0.0649698593436034,2986,58,0.0194239785666443,44288,0.044288,16144.32803468208,0.86612658052096
360470400002,360470400002,Block Group 2; Census Tract 400; Kings County; New York,Brooklyn,450,208,143,0.6875,183,37,0.2021857923497267,108,0.24,52,0.1155555555555555,147,0.3266666666666666,0,0.0,190,0.4222222222222222,0,0.0,35,0.1682692307692307,36047040000,2549,511,0.2004707728520988,2570,235,0.0914396887159533,2570,205,0.0797665369649805,41593,0.041593,10819.128218690646,0.8463417241476731
360470401002,360470401002,Block Group 2; Census Tract 401; Kings County; New York,Brooklyn,1134,484,370,0.7644628099173554,718,441,0.6142061281337048,78,0.0687830687830687,263,0.2319223985890652,306,0.2698412698412698,348,0.3068783068783068,23,0.0202821869488536,401,0.3536155202821869,16,0.0330578512396694,36047040100,3349,924,0.2759032547028964,3349,398,0.1188414452075246,3349,145,0.0432965064198268,47042,0.047042,24106.117937162537,0.887989012350234
360470402002,360470402002,Block Group 2; Census Tract 402; Kings County; New York,Brooklyn,896,211,118,0.5592417061611374,303,166,0.5478547854785478,124,0.1383928571428571,204,0.2276785714285714,71,0.0792410714285714,0,0.0,581,0.6484375,244,0.2723214285714285,66,0.3127962085308057,36047040200,2414,727,0.3011599005799503,2414,105,0.0434962717481358,2414,104,0.0430820215410107,61733,0.061733,14514.117246853384,0.8777467196873978
360470403002,360470403002,Block Group 2; Census Tract 403; Kings County; New York,Brooklyn,1239,484,435,0.8987603305785123,688,442,0.6424418604651163,254,0.2050040355125101,18,0.0145278450363196,406,0.327683615819209,576,0.4648910411622276,2,0.0016142050040355,157,0.1267150928167877,1,0.0020661157024793,36047040300,3970,518,0.1304785894206549,3980,486,0.1221105527638191,3980,207,0.0520100502512562,62483,0.062483,19829.393595057856,0.8449694253825139
360470404002,360470404002,Block Group 2; Census Tract 404; Kings County; New York,Brooklyn,1082,383,236,0.6161879895561357,543,264,0.4861878453038674,182,0.1682070240295748,170,0.1571164510166358,301,0.27818853974122,16,0.0147874306839186,680,0.6284658040665434,66,0.0609981515711645,166,0.433420365535248,36047040400,2604,264,0.1013824884792626,2604,172,0.0660522273425499,2604,97,0.0372503840245775,85065,0.085065,12719.684946805384,0.8948243932260166
360470405002,360470405002,Block Group 2; Census Tract 405; Kings County; New York,Brooklyn,674,301,279,0.9269102990033222,462,371,0.803030303030303,101,0.1498516320474777,44,0.0652818991097922,170,0.2522255192878338,404,0.599406528189911,20,0.029673590504451,49,0.072700296735905,0,0.0,36047040500,1653,197,0.1191772534785239,1644,176,0.1070559610705596,1644,154,0.0936739659367396,31097,0.031097,21674.116474257968,0.958806270495866
360470406002,360470406002,Block Group 2; Census Tract 406; Kings County; New York,Brooklyn,1160,292,203,0.6952054794520548,660,193,0.2924242424242424,231,0.1991379310344827,123,0.1060344827586207,424,0.3655172413793103,0,0.0,687,0.5922413793103448,49,0.0422413793103448,53,0.1815068493150685,36047040600,3706,452,0.1219643820831084,3726,364,0.097691894793344,3726,109,0.0292538915727321,42541,0.042541,27267.81222820338,0.8868436057086219
360470408002,360470408002,Block Group 2; Census Tract 408; Kings County; New York,Brooklyn,1644,429,203,0.4731934731934732,595,189,0.3176470588235294,527,0.3205596107055961,222,0.1350364963503649,354,0.2153284671532846,0,0.0,872,0.5304136253041363,392,0.2384428223844282,114,0.2657342657342657,36047040800,3676,953,0.2592491838955386,3676,448,0.1218715995647442,3676,342,0.0930359085963003,45162,0.045162,36402.28510694832,0.7723007562562662
360470409002,360470409002,Block Group 2; Census Tract 409; Kings County; New York,Brooklyn,1490,367,319,0.8692098092643051,509,283,0.555992141453831,512,0.3436241610738255,141,0.0946308724832214,131,0.0879194630872483,87,0.0583892617449664,64,0.0429530201342281,1208,0.810738255033557,69,0.1880108991825613,36047040900,3891,781,0.2007196093549216,3891,563,0.1446928810074531,3891,305,0.0783860190182472,48562,0.048562,30682.426588690745,0.8962358692596146
360470410002,360470410002,Block Group 2; Census Tract 410; Kings County; New York,Brooklyn,1045,463,323,0.6976241900647948,383,165,0.4308093994778068,171,0.1636363636363636,313,0.2995215311004784,491,0.4698564593301435,0,0.0,281,0.2688995215311004,273,0.261244019138756,84,0.1814254859611231,36047041000,1899,294,0.1548183254344391,1899,305,0.1606108478146392,1899,56,0.029489204844655,62613,0.062613,16689.824796767443,0.6462144339629395
360470411002,360470411002,Block Group 2; Census Tract 411; Kings County; New York,Brooklyn,648,363,332,0.9146005509641874,281,181,0.6441281138790036,66,0.1018518518518518,237,0.3657407407407407,265,0.4089506172839506,351,0.5416666666666666,0,0.0,32,0.0493827160493827,0,0.0,36047041100,2631,695,0.2641581147852527,2631,313,0.1189661725579627,2631,374,0.1421512732801216,48599,0.048599,13333.607687400974,0.8355403697825899
360470412002,360470412002,Block Group 2; Census Tract 412; Kings County; New York,Brooklyn,1622,522,442,0.8467432950191571,578,272,0.4705882352941176,411,0.2533908754623921,303,0.1868064118372379,607,0.3742293464858199,77,0.0474722564734895,844,0.5203452527743526,84,0.0517879161528976,179,0.342911877394636,36047041200,2789,405,0.1452133381140193,2789,323,0.1158121190390821,2789,155,0.055575475080674,78960,0.07896,20542.046605876392,0.6425825642939824
360470413002,360470413002,Block Group 2; Census Tract 413; Kings County; New York,Brooklyn,806,374,336,0.8983957219251337,600,415,0.6916666666666667,24,0.0297766749379652,63,0.0781637717121588,176,0.2183622828784119,160,0.1985111662531017,28,0.0347394540942928,330,0.4094292803970223,0,0.0,36047041300,3851,763,0.1981303557517527,3851,352,0.0914048299143079,3851,237,0.0615424565048039,48609,0.048609,16581.291530375034,0.8196250156292577
360470414012,360470414012,Block Group 2; Census Tract 414.01; Kings County; New York,Brooklyn,430,232,79,0.3405172413793103,248,66,0.2661290322580645,0,0.0,163,0.3790697674418604,252,0.586046511627907,58,0.1348837209302325,19,0.0441860465116279,24,0.055813953488372,62,0.2672413793103448,36047041401,1237,371,0.2999191592562651,1237,48,0.0388035569927243,1237,71,0.057396928051738,77626,0.077626,5539.381135186664,0.639439202149565
360470414022,360470414022,Block Group 2; Census Tract 414.02; Kings County; New York,Brooklyn,1105,433,347,0.8013856812933026,366,184,0.5027322404371585,290,0.2624434389140271,330,0.2986425339366516,663,0.6,0,0.0,254,0.2298642533936651,91,0.0823529411764705,51,0.1177829099307159,36047041402,2018,515,0.255203171456888,2062,483,0.2342386032977691,2062,121,0.0586808923375363,84527,0.084527,13072.745986489525,0.6441870278178186
360470415002,360470415002,Block Group 2; Census Tract 415; Kings County; New York,Brooklyn,1993,733,601,0.819918144611187,1269,510,0.4018912529550827,364,0.1826392373306573,180,0.090316106372303,696,0.3492222779729051,746,0.3743100852985449,53,0.0265930757651781,364,0.1826392373306573,72,0.0982264665757162,36047041500,4300,631,0.1467441860465116,4300,381,0.0886046511627907,4300,677,0.1574418604651162,64892,0.064892,30712.568575479258,0.8156601037952264
360470416002,360470416002,Block Group 2; Census Tract 416; Kings County; New York,Brooklyn,1185,462,365,0.79004329004329,385,106,0.2753246753246753,368,0.3105485232067511,321,0.2708860759493671,556,0.4691983122362869,20,0.0168776371308016,72,0.060759493670886,261,0.220253164556962,138,0.2987012987012987,36047041600,1784,347,0.1945067264573991,1784,282,0.1580717488789237,1784,58,0.0325112107623318,56087,0.056087,21127.89059853442,0.7784041699191107
360470417002,360470417002,Block Group 2; Census Tract 417; Kings County; New York,Brooklyn,378,129,101,0.7829457364341085,119,90,0.7563025210084033,94,0.2486772486772486,80,0.2116402116402116,8,0.0211640211640211,109,0.2883597883597883,0,0.0,261,0.6904761904761905,24,0.1860465116279069,36047041700,3402,1169,0.3436213991769547,3402,940,0.2763080540858318,3402,195,0.0573192239858906,36151,0.036151,10456.142292052778,0.8562359476749397
360470418002,360470418002,Block Group 2; Census Tract 418; Kings County; New York,Brooklyn,1593,574,409,0.7125435540069687,432,71,0.1643518518518518,518,0.325172630257376,365,0.229127432517263,1503,0.943502824858757,4,0.002510985561833,37,0.0232266164469554,6,0.0037664783427495,210,0.3658536585365853,36047041800,2280,450,0.1973684210526315,2350,392,0.1668085106382978,2350,115,0.0489361702127659,81094,0.081094,19643.87007670111,0.5787193683645901
360470419002,360470419002,Block Group 2; Census Tract 419; Kings County; New York,Brooklyn,406,171,151,0.8830409356725146,215,138,0.641860465116279,68,0.167487684729064,93,0.229064039408867,22,0.0541871921182266,101,0.2487684729064039,16,0.0394088669950738,267,0.6576354679802956,54,0.3157894736842105,36047041900,3479,1129,0.3245185398102903,3479,627,0.1802242023569991,3479,140,0.0402414486921529,38395,0.038395,10574.2935278031,0.6961677390355658
360470041002,360470041002,Block Group 2; Census Tract 41; Kings County; New York,Brooklyn,906,364,247,0.6785714285714286,529,277,0.5236294896030246,65,0.0717439293598234,215,0.2373068432671081,674,0.7439293598233996,91,0.1004415011037527,55,0.0607064017660044,59,0.065121412803532,0,0.0,36047004100,3114,306,0.0982658959537572,3131,285,0.0910252315554136,3131,47,0.0150111785372085,49024,0.049024,18480.74412532637,0.8794698533683702
360470420002,360470420002,Block Group 2; Census Tract 420; Kings County; New York,Brooklyn,1179,304,209,0.6875,365,110,0.3013698630136986,500,0.4240882103477523,178,0.1509754028837998,1019,0.8642917726887193,0,0.0,35,0.0296861747243426,94,0.0797285835453774,61,0.2006578947368421,36047042000,1651,216,0.1308298001211387,1662,206,0.1239470517448856,1662,93,0.055956678700361,121586,0.121586,9696.840096721662,0.9486260631425742
360470421002,360470421002,Block Group 2; Census Tract 421; Kings County; New York,Brooklyn,1480,569,451,0.7926186291739895,533,201,0.3771106941838649,482,0.3256756756756757,62,0.0418918918918918,182,0.1229729729729729,35,0.0236486486486486,11,0.0074324324324324,1252,0.845945945945946,109,0.1915641476274165,36047042100,4712,1259,0.2671901528013582,4712,626,0.1328522920203735,4712,367,0.0778862478777589,38426,0.038426,38515.58840368501,0.6974487885117321
360470422002,360470422002,Block Group 2; Census Tract 422; Kings County; New York,Brooklyn,1742,510,250,0.4901960784313725,692,282,0.407514450867052,597,0.3427095292766934,164,0.0941446613088404,940,0.539609644087256,0,0.0,180,0.1033295063145809,382,0.2192881745120551,53,0.1039215686274509,36047042200,3037,891,0.2933816266052025,3163,278,0.0878912424913057,3163,386,0.1220360417325324,117597,0.117597,14813.303060452225,0.6443162960560317
360470423002,360470423002,Block Group 2; Census Tract 423; Kings County; New York,Brooklyn,1821,688,626,0.9098837209302324,1224,790,0.6454248366013072,372,0.2042833607907743,68,0.0373421197144426,757,0.4157056562328391,162,0.0889621087314662,202,0.1109280615046677,681,0.3739703459637561,168,0.2441860465116279,36047042300,4283,395,0.0922250758813915,4283,281,0.0656082185384076,4283,1346,0.3142657016110203,71086,0.071086,25616.858453141267,0.8698182570072218
360470424002,360470424002,Block Group 2; Census Tract 424; Kings County; New York,Brooklyn,1589,510,420,0.8235294117647058,648,344,0.5308641975308642,309,0.1944619257394587,466,0.2932662051604783,448,0.2819383259911894,110,0.0692259282567652,899,0.565764631843927,132,0.0830711139081183,224,0.4392156862745098,36047042400,3720,786,0.2112903225806451,3720,358,0.0962365591397849,3720,250,0.0672043010752688,59976,0.059976,26493.93090569561,0.5224202836911446
360470425002,360470425002,Block Group 2; Census Tract 425; Kings County; New York,Brooklyn,515,310,284,0.9161290322580644,251,192,0.7649402390438247,0,0.0,95,0.1844660194174757,294,0.570873786407767,0,0.0,0,0.0,221,0.429126213592233,69,0.2225806451612903,36047042500,2698,391,0.1449221645663454,2699,301,0.1115227862171174,2699,67,0.0248240088921822,81236,0.081236,6339.553892362992,0.911288564931674
360470426002,360470426002,Block Group 2; Census Tract 426; Kings County; New York,Brooklyn,888,423,350,0.8274231678486997,456,225,0.4934210526315789,60,0.0675675675675675,172,0.1936936936936936,582,0.6554054054054054,0,0.0,133,0.1497747747747747,173,0.1948198198198198,176,0.4160756501182033,36047042600,4478,1004,0.2242072353729343,4528,574,0.1267667844522968,4528,415,0.0916519434628975,68895,0.068895,12889.179185717396,0.5832679493324612
360470427002,360470427002,Block Group 2; Census Tract 427; Kings County; New York,Brooklyn,953,428,409,0.955607476635514,692,311,0.449421965317919,0,0.0,0,0.0,472,0.4952780692549842,0,0.0,23,0.0241343126967471,342,0.3588667366211962,67,0.1565420560747663,36047042700,4098,481,0.1173743289409468,4098,272,0.066373840897999,4098,557,0.1359199609565641,33642,0.033642,28327.685631056414,0.9475395889291832
360470428002,360470428002,Block Group 2; Census Tract 428; Kings County; New York,Brooklyn,1226,453,289,0.6379690949227373,702,172,0.245014245014245,159,0.1296900489396411,177,0.1443719412724306,650,0.5301794453507341,0,0.0,284,0.231647634584013,93,0.0758564437194127,202,0.445916114790287,36047042800,3636,185,0.0508800880088008,3636,433,0.119086908690869,3636,174,0.0478547854785478,62810,0.06281,19519.18484317784,0.5416395866991633
360470429002,360470429002,Block Group 2; Census Tract 429; Kings County; New York,Brooklyn,439,264,264,1.0,248,184,0.7419354838709677,15,0.0341685649202733,79,0.1799544419134396,192,0.4373576309794988,9,0.020501138952164,58,0.1321184510250569,135,0.3075170842824601,79,0.2992424242424242,36047042900,4630,1255,0.2710583153347732,4630,480,0.1036717062634989,4630,762,0.1645788336933045,33588,0.033588,13070.144099083003,0.9499314888616922
360470430002,360470430002,Block Group 2; Census Tract 430; Kings County; New York,Brooklyn,845,347,264,0.760806916426513,358,251,0.7011173184357542,106,0.1254437869822485,178,0.2106508875739645,395,0.4674556213017751,5,0.0059171597633136,435,0.514792899408284,10,0.0118343195266272,173,0.4985590778097982,36047043000,3666,511,0.1393889798145117,3666,378,0.1031096563011456,3666,521,0.1421167484997272,34752,0.034752,24315.14732965009,0.5621830331183838
360470431002,360470431002,Block Group 2; Census Tract 431; Kings County; New York,Brooklyn,676,340,340,1.0,626,468,0.7476038338658147,0,0.0,28,0.0414201183431952,508,0.7514792899408284,30,0.044378698224852,20,0.029585798816568,79,0.1168639053254437,0,0.0,36047043100,3864,392,0.1014492753623188,3864,387,0.1001552795031055,3864,594,0.1537267080745341,49659,0.049659,13612.839565839022,0.9102839678234662
360470432002,360470432002,Block Group 2; Census Tract 432; Kings County; New York,Brooklyn,1576,669,579,0.8654708520179372,985,598,0.6071065989847716,168,0.1065989847715736,308,0.1954314720812182,553,0.3508883248730964,0,0.0,768,0.4873096446700508,222,0.1408629441624365,246,0.3677130044843049,36047043200,3874,579,0.1494579246257098,3874,354,0.0913784202374806,3874,296,0.0764068146618482,53757,0.053757,29317.112190040367,0.7586457333538236
360470433002,360470433002,Block Group 2; Census Tract 433; Kings County; New York,Brooklyn,804,332,332,1.0,493,223,0.4523326572008113,19,0.0236318407960199,6,0.0074626865671641,107,0.1330845771144278,144,0.1791044776119403,17,0.0211442786069651,358,0.445273631840796,19,0.0572289156626506,36047043300,4029,1205,0.2990816579796475,4029,470,0.1166542566393646,4029,277,0.0687515512534127,34837,0.034837,23078.910353934036,0.9103413872412688
360470434002,360470434002,Block Group 2; Census Tract 434; Kings County; New York,Brooklyn,1100,337,219,0.6498516320474778,311,153,0.4919614147909968,289,0.2627272727272727,278,0.2527272727272727,636,0.5781818181818181,0,0.0,412,0.3745454545454545,52,0.0472727272727272,119,0.3531157270029673,36047043400,4095,1271,0.3103785103785104,4095,347,0.0847374847374847,4095,235,0.0573870573870573,44996,0.044996,24446.617477109077,0.6331549361961266
360470435002,360470435002,Block Group 2; Census Tract 435; Kings County; New York,Brooklyn,1442,610,594,0.9737704918032788,712,384,0.5393258426966292,285,0.1976421636615811,165,0.1144244105409154,287,0.1990291262135922,73,0.0506241331484049,111,0.0769764216366158,971,0.673370319001387,62,0.101639344262295,36047043500,4897,1442,0.2944659995915867,4897,504,0.1029201551970594,4897,521,0.1063916683683888,48577,0.048577,29684.83026946909,0.8971223157364137
360470436002,360470436002,Block Group 2; Census Tract 436; Kings County; New York,Brooklyn,1192,637,600,0.9419152276295132,715,459,0.641958041958042,213,0.1786912751677852,85,0.0713087248322147,284,0.2382550335570469,2,0.0016778523489932,455,0.3817114093959731,451,0.3783557046979866,159,0.249607535321821,36047043600,4341,892,0.2054826076940797,4341,509,0.1172540889196037,4341,722,0.1663211241649389,40999,0.040999,29073.879850728063,0.5045194757128308
360470437002,360470437002,Block Group 2; Census Tract 437; Kings County; New York,Brooklyn,1380,379,288,0.7598944591029023,765,502,0.6562091503267974,159,0.1152173913043478,58,0.0420289855072463,197,0.1427536231884058,404,0.2927536231884058,11,0.0079710144927536,689,0.4992753623188405,63,0.1662269129287599,36047043700,5034,974,0.1934843067143424,5034,348,0.069129916567342,5034,348,0.069129916567342,64873,0.064873,21272.332095016416,0.9274303893545724
360470438002,360470438002,Block Group 2; Census Tract 438; Kings County; New York,Brooklyn,1168,445,357,0.802247191011236,422,165,0.3909952606635071,384,0.3287671232876712,320,0.273972602739726,696,0.5958904109589042,3,0.0025684931506849,45,0.0385273972602739,328,0.2808219178082192,197,0.4426966292134831,36047043800,2530,439,0.1735177865612648,2530,333,0.1316205533596837,2530,66,0.0260869565217391,99681,0.099681,11717.378437214717,0.8450197116712579
360470439002,360470439002,Block Group 2; Census Tract 439; Kings County; New York,Brooklyn,2245,536,413,0.7705223880597015,1009,502,0.4975222993062438,381,0.1697104677060133,264,0.1175946547884187,115,0.0512249443207126,505,0.2249443207126948,205,0.0913140311804008,1356,0.6040089086859688,23,0.042910447761194,36047043900,4172,680,0.1629913710450623,4172,603,0.1445349952061361,4172,368,0.0882070949185043,43452,0.043452,51666.20638865875,0.9456439579625224
360470043002,360470043002,Block Group 2; Census Tract 43; Kings County; New York,Brooklyn,1750,867,726,0.8373702422145328,1073,559,0.5209692451071761,327,0.1868571428571428,147,0.084,747,0.4268571428571429,314,0.1794285714285714,282,0.1611428571428571,225,0.1285714285714285,0,0.0,36047004300,3706,351,0.0947112790070156,3765,287,0.0762284196547144,3765,39,0.0103585657370517,41883,0.041883,41783.062340329016,0.944097403820325
360470440002,360470440002,Block Group 2; Census Tract 440; Kings County; New York,Brooklyn,566,167,98,0.5868263473053892,232,44,0.1896551724137931,212,0.3745583038869258,41,0.0724381625441696,550,0.9717314487632508,7,0.0123674911660777,5,0.0088339222614841,4,0.0070671378091872,3,0.0179640718562874,36047044000,2586,426,0.1647331786542923,2586,183,0.0707656612529002,2586,117,0.0452436194895591,62626,0.062626,9037.779835850924,0.8153675968080146
360470441002,360470441002,Block Group 2; Census Tract 441; Kings County; New York,Brooklyn,1219,562,562,1.0,657,320,0.487062404870624,227,0.1862182116488925,0,0.0,343,0.2813781788351107,129,0.1058244462674323,47,0.0385561936013125,673,0.5520918785890074,21,0.0373665480427046,36047044100,4632,1201,0.2592832469775475,4632,275,0.0593696027633851,4632,1199,0.2588514680483592,46187,0.046187,26392.707904821706,0.9215999289405968
360470442002,360470442002,Block Group 2; Census Tract 442; Kings County; New York,Brooklyn,1190,527,379,0.7191650853889943,470,170,0.3617021276595745,141,0.1184873949579831,361,0.3033613445378151,1113,0.9352941176470588,0,0.0,15,0.0126050420168067,0,0.0,149,0.2827324478178368,36047044200,2268,447,0.1970899470899471,2268,369,0.1626984126984127,2268,54,0.0238095238095238,87325,0.087325,13627.254509018036,0.8099897490333564
360470443002,360470443002,Block Group 2; Census Tract 443; Kings County; New York,Brooklyn,1950,785,740,0.9426751592356688,1235,509,0.4121457489878543,324,0.1661538461538461,135,0.0692307692307692,1330,0.6820512820512821,149,0.0764102564102564,105,0.0538461538461538,322,0.1651282051282051,96,0.1222929936305732,36047044300,4740,492,0.1037974683544303,4740,493,0.1040084388185654,4740,492,0.1037974683544303,46507,0.046507,41929.171952609286,0.8999925879047654
360470444002,360470444002,Block Group 2; Census Tract 444; Kings County; New York,Brooklyn,826,346,278,0.8034682080924855,283,79,0.2791519434628975,160,0.1937046004842615,233,0.2820823244552058,588,0.711864406779661,0,0.0,169,0.2046004842615012,54,0.0653753026634382,85,0.245664739884393,36047044400,2677,856,0.3197609264101606,2677,265,0.0989914082928651,2677,155,0.057900635039223,52691,0.052691,15676.301455656563,0.8055701852295712
360470445002,360470445002,Block Group 2; Census Tract 445; Kings County; New York,Brooklyn,1391,503,488,0.9701789264413518,689,269,0.3904208998548621,239,0.1718188353702372,104,0.0747663551401869,349,0.2508986340762041,55,0.0395398993529834,148,0.1063982746225736,768,0.5521207764198418,65,0.1292246520874751,36047044500,3944,574,0.1455375253549695,3944,537,0.136156186612576,3944,511,0.1295638945233265,72611,0.072611,19156.877057195194,0.9136118543029084
360470446002,360470446002,Block Group 2; Census Tract 446; Kings County; New York,Brooklyn,1146,351,208,0.5925925925925926,478,251,0.5251046025104602,355,0.3097731239092495,152,0.1326352530541012,390,0.3403141361256545,26,0.0226876090750436,575,0.5017452006980803,42,0.0366492146596858,63,0.1794871794871795,36047044600,2123,116,0.0546396608572774,2123,89,0.041921808761187,2123,113,0.053226566179934,103380,0.10338,11085.316308763784,0.8169282843322577
360470447002,360470447002,Block Group 2; Census Tract 447; Kings County; New York,Brooklyn,651,329,329,1.0,359,151,0.4206128133704735,23,0.0353302611367127,35,0.053763440860215,277,0.4254992319508449,61,0.0937019969278033,19,0.0291858678955453,226,0.34715821812596,0,0.0,36047044700,2329,804,0.3452125375697724,2337,269,0.1151048352588789,2337,315,0.134788189987163,75211,0.075211,8655.648774780284,0.9762342349554396
360470448002,360470448002,Block Group 2; Census Tract 448; Kings County; New York,Brooklyn,1382,582,309,0.5309278350515464,484,143,0.2954545454545454,432,0.3125904486251809,358,0.2590448625180897,1073,0.776410998552822,8,0.0057887120115774,46,0.0332850940665701,53,0.0383502170767004,29,0.049828178694158,36047044800,1914,107,0.0559038662486938,1914,247,0.1290491118077325,1914,106,0.0553814002089864,72502,0.072502,19061.543129844697,0.8064002954685098
360470449012,360470449012,Block Group 2; Census Tract 449.01; Kings County; New York,Brooklyn,728,414,414,1.0,542,245,0.4520295202952029,124,0.1703296703296703,30,0.0412087912087912,632,0.8681318681318682,29,0.0398351648351648,30,0.0412087912087912,7,0.0096153846153846,16,0.038647342995169,36047044901,2715,714,0.2629834254143646,2715,359,0.1322283609576427,2715,396,0.1458563535911602,140045,0.140045,5198.329108500839,0.6416639843725918
360470044002,360470044002,Block Group 2; Census Tract 44; Kings County; New York,Brooklyn,1035,504,253,0.501984126984127,427,129,0.3021077283372365,135,0.1304347826086956,348,0.336231884057971,781,0.7545893719806763,61,0.0589371980676328,85,0.0821256038647343,84,0.081159420289855,85,0.1686507936507936,36047004400,2255,130,0.0576496674057649,2255,236,0.1046563192904656,2255,31,0.0137472283813747,120490,0.12049,8589.92447506017,0.7493893802862518
360470452002,360470452002,Block Group 2; Census Tract 452; Kings County; New York,Brooklyn,1545,573,425,0.7417102966841187,554,174,0.3140794223826715,521,0.3372168284789644,253,0.1637540453074433,1154,0.7469255663430421,84,0.0543689320388349,74,0.0478964401294498,38,0.0245954692556634,89,0.1553228621291448,36047045200,2533,222,0.0876431109356494,2543,267,0.1049941014549744,2543,33,0.0129767990562327,94461,0.094461,16355.956426461713,0.808409326841894
360470453002,360470453002,Block Group 2; Census Tract 453; Kings County; New York,Brooklyn,653,320,320,1.0,395,213,0.5392405063291139,21,0.0321592649310872,123,0.1883614088820827,171,0.2618683001531393,66,0.1010719754977029,47,0.0719754977029096,288,0.4410413476263399,60,0.1875,36047045300,1823,704,0.3861766319253977,1823,376,0.206253428414701,1823,303,0.1662095447065277,114449,0.114449,5705.598126676511,0.911688639779442
360470454002,360470454002,Block Group 2; Census Tract 454; Kings County; New York,Brooklyn,862,234,152,0.6495726495726496,411,189,0.4598540145985401,221,0.2563805104408352,183,0.2122969837587007,371,0.4303944315545243,147,0.1705336426914153,0,0.0,344,0.3990719257540603,45,0.1923076923076923,36047045400,2075,242,0.1166265060240963,2075,224,0.1079518072289156,2075,181,0.0872289156626506,63691,0.063691,13534.09429903754,0.8129054619020617
360470456002,360470456002,Block Group 2; Census Tract 456; Kings County; New York,Brooklyn,1266,420,322,0.7666666666666667,464,120,0.2586206896551724,333,0.2630331753554502,200,0.1579778830963665,669,0.5284360189573459,13,0.0102685624012638,356,0.2812006319115324,228,0.1800947867298578,144,0.3428571428571428,36047045600,2362,520,0.2201524132091448,2362,559,0.2366638441998306,2362,220,0.0931414055884843,85019,0.085019,14890.789117726628,0.6109283433201543
360470458002,360470458002,Block Group 2; Census Tract 458; Kings County; New York,Brooklyn,282,65,5,0.0769230769230769,56,27,0.4821428571428571,122,0.4326241134751773,8,0.0283687943262411,282,1.0,0,0.0,0,0.0,0,0.0,0,0.0,36047045800,1373,102,0.0742898761835396,1373,127,0.0924981791697013,1373,0,0.0,123283,0.123283,2287.4200011355983,0.6030663236425642
360470045002,360470045002,Block Group 2; Census Tract 45; Kings County; New York,Brooklyn,983,427,273,0.639344262295082,616,309,0.5016233766233766,148,0.150559511698881,138,0.1403865717192268,620,0.6307222787385555,170,0.17293997965412,21,0.0213631739572736,133,0.1353001017293998,15,0.0351288056206089,36047004500,3897,155,0.039774185270721,3898,179,0.0459209851205746,3898,62,0.0159055926115956,43968,0.043968,22357.16885007278,0.9686899672879532
360470460002,360470460002,Block Group 2; Census Tract 460; Kings County; New York,Brooklyn,1402,528,431,0.8162878787878788,579,214,0.3696027633851468,384,0.2738944365192582,202,0.1440798858773181,228,0.1626248216833095,30,0.021398002853067,799,0.5699001426533523,222,0.1583452211126961,110,0.2083333333333333,36047046000,2997,601,0.2005338672005338,2997,371,0.1237904571237904,2997,165,0.055055055055055,43869,0.043869,31958.786386742348,0.615468271102416
360470462012,360470462012,Block Group 2; Census Tract 462.01; Kings County; New York,Brooklyn,1051,575,451,0.7843478260869565,390,203,0.5205128205128206,218,0.2074215033301617,373,0.3549000951474786,881,0.8382492863939106,0,0.0,95,0.0903901046622264,75,0.071360608943863,249,0.4330434782608696,36047046201,2252,407,0.180728241563055,2311,401,0.1735179575941151,2311,201,0.0869753353526611,73383,0.073383,14322.118201763353,0.912126032803826
360470462022,360470462022,Block Group 2; Census Tract 462.02; Kings County; New York,Brooklyn,1093,195,68,0.3487179487179487,409,57,0.1393643031784841,519,0.47483989021043,50,0.0457456541628545,933,0.8536139066788655,0,0.0,41,0.0375114364135407,29,0.0265324794144556,17,0.0871794871794871,36047046202,1896,239,0.1260548523206751,1914,143,0.0747126436781609,1914,89,0.0464994775339602,98928,0.098928,11048.439268963286,0.9091108014914624
360470464002,360470464002,Block Group 2; Census Tract 464; Kings County; New York,Brooklyn,1149,225,107,0.4755555555555555,391,25,0.0639386189258312,607,0.5282854656222803,56,0.0487380330722367,1112,0.967798085291558,0,0.0,4,0.0034812880765883,25,0.0217580504786771,47,0.2088888888888889,36047046400,3327,1073,0.3225127742711151,3327,242,0.0727382025849113,3327,5,0.001502855425308,56517,0.056517,20330.166144699822,0.728474556350025
360470470002,360470470002,Block Group 2; Census Tract 470; Kings County; New York,Brooklyn,1541,340,130,0.3823529411764705,417,29,0.0695443645083932,718,0.4659312134977287,167,0.108371187540558,1487,0.9649578195976638,0,0.0,0,0.0,2,0.0012978585334198,164,0.4823529411764706,36047047000,2629,562,0.2137694941042221,2629,129,0.0490680867249904,2629,30,0.0114111829593001,84096,0.084096,18324.29604261796,0.8505508418473748
360470472002,360470472002,Block Group 2; Census Tract 472; Kings County; New York,Brooklyn,1022,315,248,0.7873015873015873,289,30,0.1038062283737024,346,0.3385518590998043,271,0.2651663405088063,946,0.9256360078277888,0,0.0,0,0.0,7,0.0068493150684931,108,0.3428571428571428,36047047200,2772,768,0.277056277056277,2772,243,0.0876623376623376,2772,13,0.0046897546897546,57094,0.057094,17900.30476057029,0.8867382948967855
360470474002,360470474002,Block Group 2; Census Tract 474; Kings County; New York,Brooklyn,1517,333,193,0.5795795795795796,448,0,0.0,723,0.4765985497692814,151,0.0995385629531971,1472,0.970336189848385,0,0.0,0,0.0,0,0.0,126,0.3783783783783784,36047047400,3211,799,0.2488321395203986,3211,195,0.0607287449392712,3211,55,0.0171286203674867,78941,0.078941,19216.88349526862,0.8685968463361173
360470476002,360470476002,Block Group 2; Census Tract 476; Kings County; New York,Brooklyn,622,251,220,0.8764940239043825,231,88,0.3809523809523809,268,0.4308681672025723,116,0.1864951768488746,542,0.8713826366559485,44,0.0707395498392283,35,0.0562700964630225,1,0.0016077170418006,41,0.1633466135458167,36047047600,3865,886,0.2292367399741267,3865,149,0.0385510996119016,3865,82,0.0212160413971539,56677,0.056677,10974.46936146938,0.8806897496045794
360470477002,360470477002,Block Group 2; Census Tract 477; Kings County; New York,Brooklyn,2075,937,834,0.8900747065101388,1632,711,0.4356617647058823,314,0.1513253012048192,23,0.0110843373493975,1609,0.775421686746988,10,0.0048192771084337,83,0.04,257,0.1238554216867469,22,0.023479188900747,36047047700,3885,355,0.0913770913770913,3918,74,0.0188871873404798,3918,235,0.0599795814190913,103655,0.103655,20018.330037142445,0.8530690733201665
360470478002,360470478002,Block Group 2; Census Tract 478; Kings County; New York,Brooklyn,1982,437,400,0.9153318077803204,752,308,0.4095744680851064,856,0.4318869828456105,59,0.0297679112008072,1668,0.8415741675075681,0,0.0,0,0.0,310,0.1564076690211907,334,0.7643020594965675,36047047800,5188,1378,0.2656129529683886,5251,248,0.0472290992191963,5251,341,0.0649400114263949,57454,0.057454,34497.16294774951,0.8845049968648595
360470480002,360470480002,Block Group 2; Census Tract 480; Kings County; New York,Brooklyn,2282,518,507,0.9787644787644788,791,225,0.2844500632111251,862,0.3777388255915863,134,0.0587204206836108,1123,0.4921121822962314,0,0.0,637,0.2791411042944785,465,0.2037686240140228,99,0.1911196911196911,36047048000,3863,1635,0.4232461817240486,3863,398,0.1030287341444473,3863,125,0.0323582707740098,77727,0.077727,29359.16734210763,0.9013489997643452
360470481002,360470481002,Block Group 2; Census Tract 481; Kings County; New York,Brooklyn,641,410,391,0.9536585365853658,384,193,0.5026041666666666,59,0.0920436817472698,114,0.1778471138845553,274,0.4274570982839313,170,0.2652106084243369,16,0.0249609984399376,168,0.2620904836193448,59,0.1439024390243902,36047048100,3010,444,0.1475083056478405,3010,418,0.1388704318936877,3010,84,0.027906976744186,39920,0.03992,16057.114228456914,0.8488787287415238
360470482002,360470482002,Block Group 2; Census Tract 482; Kings County; New York,Brooklyn,1395,643,282,0.4385692068429238,741,383,0.5168690958164642,125,0.089605734767025,290,0.2078853046594982,596,0.4272401433691756,101,0.0724014336917562,382,0.2738351254480287,300,0.2150537634408602,164,0.255054432348367,36047048200,5580,1095,0.1962365591397849,5553,638,0.1148928507113272,5553,235,0.0423194669547992,54503,0.054503,25594.92138047447,0.6262515626490267
360470484002,360470484002,Block Group 2; Census Tract 484; Kings County; New York,Brooklyn,1374,333,300,0.9009009009009008,497,216,0.4346076458752515,443,0.3224163027656477,246,0.1790393013100436,569,0.4141193595342067,35,0.0254730713245997,249,0.1812227074235808,519,0.3777292576419214,114,0.3423423423423423,36047048400,4844,364,0.0751445086705202,4904,327,0.0666802610114192,4904,251,0.0511827079934747,63749,0.063749,21553.27926712576,0.7925515187319564
360470485002,360470485002,Block Group 2; Census Tract 485; Kings County; New York,Brooklyn,1398,602,591,0.9817275747508306,957,355,0.3709508881922675,104,0.0743919885550786,89,0.0636623748211731,759,0.5429184549356223,72,0.0515021459227467,78,0.055793991416309,481,0.3440629470672389,18,0.0299003322259136,36047048500,2351,593,0.2522330923011484,2369,309,0.1304347826086956,2369,169,0.0713381173490924,173944,0.173944,8037.069401646508,0.9026225336640668
360470486002,360470486002,Block Group 2; Census Tract 486; Kings County; New York,Brooklyn,1918,398,347,0.871859296482412,551,406,0.7368421052631579,961,0.5010427528675704,124,0.0646506777893639,19,0.0099061522419186,678,0.3534932221063608,770,0.4014598540145985,413,0.2153284671532846,45,0.1130653266331658,36047048600,3173,460,0.1449732114717932,3189,224,0.0702414550015678,3189,309,0.0968955785512699,49008,0.049008,39136.46751550767,0.7862396712972483
360470488002,360470488002,Block Group 2; Census Tract 488; Kings County; New York,Brooklyn,1517,312,197,0.6314102564102564,581,94,0.1617900172117039,653,0.4304548450889914,143,0.0942649967040211,1138,0.7501647989452868,28,0.018457481872116,151,0.0995385629531971,1,0.000659195781147,61,0.1955128205128205,36047048800,4806,1130,0.2351227632126508,4932,422,0.0855636658556366,4932,96,0.0194647201946472,42474,0.042474,35715.967415359984,0.7892150364293805
360470489002,360470489002,Block Group 2; Census Tract 489; Kings County; New York,Brooklyn,1172,469,469,1.0,328,307,0.9359756097560976,422,0.3600682593856655,222,0.189419795221843,0,0.0,315,0.2687713310580205,12,0.0102389078498293,845,0.7209897610921502,40,0.0852878464818763,36047048900,3484,1478,0.4242250287026406,3597,1123,0.3122046149569085,3597,168,0.0467055879899916,19124,0.019124,61284.25015687095,0.940210819439318
360470490002,360470490002,Block Group 2; Census Tract 490; Kings County; New York,Brooklyn,2150,674,553,0.8204747774480712,976,358,0.3668032786885246,725,0.3372093023255814,172,0.08,570,0.2651162790697674,111,0.0516279069767441,1248,0.5804651162790697,52,0.0241860465116279,236,0.3501483679525222,36047049000,5364,522,0.0973154362416107,5364,711,0.1325503355704698,5364,37,0.0068978374347501,62989,0.062989,34132.94384733842,0.5920546411866344
360470491002,360470491002,Block Group 2; Census Tract 491; Kings County; New York,Brooklyn,302,185,185,1.0,290,149,0.5137931034482759,0,0.0,12,0.0397350993377483,171,0.5662251655629139,41,0.1357615894039735,36,0.119205298013245,54,0.1788079470198675,0,0.0,36047049100,6213,2108,0.339288588443586,6213,1050,0.1690004828585224,6213,201,0.0323515210043457,60290,0.06029,5009.122574224581,0.9434298641486212
360470492002,360470492002,Block Group 2; Census Tract 492; Kings County; New York,Brooklyn,1321,344,176,0.5116279069767442,659,245,0.3717754172989377,339,0.2566237698713096,199,0.1506434519303558,93,0.0704012112036336,222,0.1680545041635125,358,0.271006813020439,539,0.4080242240726722,7,0.0203488372093023,36047049200,3098,528,0.170432537120723,3098,714,0.2304712717882505,3098,100,0.0322788896061975,61582,0.061582,21451.07336559384,0.7923825887686978
360470493022,360470493022,Block Group 2; Census Tract 493.02; Kings County; New York,Brooklyn,985,515,515,1.0,886,625,0.7054176072234764,0,0.0,0,0.0,458,0.4649746192893401,0,0.0,170,0.1725888324873096,285,0.2893401015228426,19,0.0368932038834951,36047049302,4714,1521,0.3226559185405176,4714,738,0.1565549427238014,4714,288,0.0610946117946542,40165,0.040165,24523.839163450764,0.9050229951349382
360470494002,360470494002,Block Group 2; Census Tract 494; Kings County; New York,Brooklyn,1467,446,446,1.0,874,339,0.3878718535469107,31,0.0211315610088616,371,0.252897068847989,588,0.4008179959100204,176,0.1199727334696659,617,0.4205862304021813,26,0.0177232447171097,290,0.6502242152466368,36047049400,5493,1032,0.1878754778809394,5499,517,0.094017094017094,5499,120,0.0218221494817239,62438,0.062438,23495.307344886125,0.5822188042757633
360470495002,360470495002,Block Group 2; Census Tract 495; Kings County; New York,Brooklyn,1020,450,433,0.9622222222222222,657,259,0.3942161339421613,41,0.0401960784313725,56,0.0549019607843137,596,0.5843137254901961,15,0.0147058823529411,26,0.0254901960784313,320,0.3137254901960784,1,0.0022222222222222,36047049500,3284,307,0.093483556638246,3284,216,0.0657734470158343,3284,579,0.1763093788063337,46413,0.046413,21976.601383233145,0.8421623612239888
360470496002,360470496002,Block Group 2; Census Tract 496; Kings County; New York,Brooklyn,1034,299,184,0.6153846153846154,391,150,0.3836317135549872,146,0.1411992263056092,245,0.2369439071566731,438,0.4235976789168278,0,0.0,519,0.5019342359767892,65,0.0628626692456479,10,0.0334448160535117,36047049600,4110,1113,0.2708029197080292,4225,453,0.1072189349112426,4225,303,0.0717159763313609,65958,0.065958,15676.642712028866,0.8119143117140492
360470497002,360470497002,Block Group 2; Census Tract 497; Kings County; New York,Brooklyn,1211,625,469,0.7504,787,382,0.4853875476493011,134,0.1106523534269199,61,0.0503715937241948,928,0.7663088356729976,80,0.0660611065235342,53,0.0437654830718414,78,0.0644095788604459,28,0.0448,36047049700,3361,239,0.0711097887533472,3348,218,0.0651135005973715,3348,96,0.028673835125448,62389,0.062389,19410.473000048085,0.8988677802223529
360470498002,360470498002,Block Group 2; Census Tract 498; Kings County; New York,Brooklyn,1824,811,684,0.843403205918619,1098,608,0.5537340619307832,125,0.0685307017543859,352,0.1929824561403508,645,0.3536184210526316,44,0.0241228070175438,880,0.4824561403508772,180,0.0986842105263157,19,0.0234278668310727,36047049800,3950,348,0.0881012658227848,3950,390,0.0987341772151898,3950,217,0.0549367088607594,68470,0.06847,26639.404118592083,0.7933707943233159
360470499002,360470499002,Block Group 2; Census Tract 499; Kings County; New York,Brooklyn,1492,631,526,0.8335974643423137,961,581,0.6045785639958376,391,0.2620643431635389,77,0.0516085790884718,1016,0.6809651474530831,59,0.0395442359249329,91,0.0609919571045576,68,0.0455764075067024,0,0.0,36047049900,2480,106,0.0427419354838709,2480,60,0.0241935483870967,2480,75,0.0302419354838709,91625,0.091625,16283.765347885404,0.9160684924510806
360470049002,360470049002,Block Group 2; Census Tract 49; Kings County; New York,Brooklyn,748,377,238,0.6312997347480106,393,146,0.371501272264631,146,0.195187165775401,134,0.1791443850267379,569,0.7606951871657754,12,0.0160427807486631,14,0.0187165775401069,118,0.1577540106951871,14,0.0371352785145888,36047004900,2460,254,0.1032520325203252,2460,70,0.0284552845528455,2460,0,0.0,21286,0.021286,35140.46791318237,0.9430722542864548
360470005012,360470005012,Block Group 2; Census Tract 5.01; Kings County; New York,Brooklyn,1203,797,757,0.9498117942283564,684,199,0.2909356725146199,144,0.1197007481296758,507,0.4214463840399002,782,0.6500415627597672,15,0.0124688279301745,233,0.1936824605153782,105,0.0872817955112219,174,0.2183186951066499,36047000501,3381,285,0.0842945874001774,4541,629,0.1385157454305219,4541,17,0.0037436687954195,18550,0.01855,64851.75202156334,0.8869774828306333
360470005022,360470005022,Block Group 2; Census Tract 5.02; Kings County; New York,Brooklyn,1053,687,602,0.87627365356623,594,264,0.4444444444444444,130,0.1234567901234567,211,0.2003798670465337,714,0.6780626780626781,18,0.017094017094017,197,0.1870845204178537,22,0.0208926875593542,0,0.0,36047000502,2685,202,0.0752327746741154,2704,110,0.040680473372781,2704,55,0.0203402366863905,43979,0.043979,23943.24563996453,0.9485698334886996
360470500012,360470500012,Block Group 2; Census Tract 500.01; Kings County; New York,Brooklyn,1086,450,246,0.5466666666666666,457,258,0.5645514223194749,218,0.2007366482504604,206,0.1896869244935543,683,0.6289134438305709,115,0.1058931860036832,71,0.0653775322283609,124,0.1141804788213628,1,0.0022222222222222,36047050001,2282,274,0.1200701139351446,2282,370,0.1621384750219106,2282,168,0.0736196319018405,89868,0.089868,12084.39043931099,0.8845016699137578
360470501002,360470501002,Block Group 2; Census Tract 501; Kings County; New York,Brooklyn,1072,521,466,0.8944337811900192,529,236,0.4461247637051039,168,0.1567164179104477,153,0.1427238805970149,505,0.4710820895522388,28,0.0261194029850746,26,0.0242537313432835,323,0.3013059701492537,156,0.2994241842610364,36047050100,3089,463,0.1498866947232114,3089,201,0.0650696018128844,3089,294,0.0951764325024279,32916,0.032916,32567.74820755863,0.9038227914261826
360470502022,360470502022,Block Group 2; Census Tract 502.02; Kings County; New York,Brooklyn,1238,586,407,0.6945392491467577,636,287,0.4512578616352201,246,0.1987075928917609,277,0.2237479806138933,697,0.5630048465266559,7,0.005654281098546,161,0.1300484652665589,216,0.1744749596122778,59,0.1006825938566552,36047050202,2306,146,0.0633130962705984,2413,512,0.212184003315375,2413,23,0.0095317032739328,82095,0.082095,15080.090139472562,0.9187128635008172
360470503002,360470503002,Block Group 2; Census Tract 503; Kings County; New York,Brooklyn,919,430,417,0.9697674418604652,717,366,0.5104602510460251,35,0.0380848748639825,41,0.044613710554951,343,0.3732317736670293,16,0.0174102285092491,178,0.1936887921653971,347,0.3775843307943416,42,0.0976744186046511,36047050300,2803,180,0.0642169104530859,2803,115,0.0410274705672493,2803,112,0.0399571887263646,34381,0.034381,26729.879875512637,0.7134810482589646
360470504012,360470504012,Block Group 2; Census Tract 504.01; Kings County; New York,Brooklyn,1500,675,457,0.677037037037037,914,370,0.4048140043763676,341,0.2273333333333333,233,0.1553333333333333,930,0.62,4,0.0026666666666666,96,0.064,318,0.212,85,0.1259259259259259,36047050401,2518,117,0.0464654487688641,2518,261,0.1036536934074662,2518,9,0.0035742652899126,88939,0.088939,16865.492078840554,0.8627983538646329
360470504022,360470504022,Block Group 2; Census Tract 504.02; Kings County; New York,Brooklyn,605,230,179,0.7782608695652173,291,188,0.6460481099656358,215,0.3553719008264462,59,0.0975206611570247,181,0.2991735537190083,112,0.1851239669421487,215,0.3553719008264462,25,0.0413223140495867,5,0.0217391304347826,36047050402,1950,92,0.0471794871794871,1950,181,0.0928205128205128,1950,21,0.0107692307692307,43938,0.043938,13769.402339660432,0.8511304635005796
360470505002,360470505002,Block Group 2; Census Tract 505; Kings County; New York,Brooklyn,1196,599,597,0.996661101836394,998,467,0.467935871743487,49,0.0409698996655518,0,0.0,529,0.4423076923076923,38,0.0317725752508361,87,0.0727424749163879,195,0.1630434782608695,0,0.0,36047050500,4121,1419,0.3443338995389468,4121,1179,0.2860956078621693,4121,166,0.0402814850764377,46044,0.046044,25975.15420033012,0.7098512897106525
360470506002,360470506002,Block Group 2; Census Tract 506; Kings County; New York,Brooklyn,807,389,325,0.8354755784061697,474,205,0.4324894514767932,96,0.1189591078066914,155,0.1920693928128872,356,0.4411400247831474,305,0.3779429987608426,8,0.0099132589838909,109,0.1350681536555142,19,0.0488431876606683,36047050600,5126,914,0.1783066718689036,5126,399,0.0778384705423332,5126,247,0.0481857198595396,51899,0.051899,15549.43255168693,0.6390342741533273
360470508012,360470508012,Block Group 2; Census Tract 508.01; Kings County; New York,Brooklyn,3051,1072,1072,1.0,1402,891,0.6355206847360912,817,0.2677810553916748,346,0.1134054408390691,293,0.0960340871845296,1503,0.4926253687315634,138,0.0452310717797443,932,0.3054736152081285,15,0.0139925373134328,36047050801,3909,1204,0.3080071629572781,3910,358,0.0915601023017902,3910,272,0.0695652173913043,50373,0.050373,60568.161515097374,0.9036943018524102
360470508042,360470508042,Block Group 2; Census Tract 508.04; Kings County; New York,Brooklyn,1677,867,739,0.8523644752018454,966,454,0.4699792960662526,166,0.0989862850327966,238,0.1419200954084675,744,0.443649373881932,364,0.2170542635658914,214,0.1276088252832438,279,0.1663685152057245,17,0.0196078431372549,36047050804,6637,397,0.0598161820099442,6637,591,0.0890462558384812,6637,300,0.0452011450956757,34374,0.034374,48786.87379996509,0.8404641004742132
360470509002,360470509002,Block Group 2; Census Tract 509; Kings County; New York,Brooklyn,2614,441,338,0.7664399092970522,608,34,0.0559210526315789,1669,0.6384850803366489,32,0.0122417750573833,2420,0.9257842387146136,0,0.0,11,0.0042081101759755,40,0.0153022188217291,74,0.1678004535147392,36047050900,5206,2521,0.4842489435266999,5206,146,0.0280445639646561,5206,781,0.1500192086054552,69789,0.069789,37455.7595036467,0.922299063316826
360470050002,360470050002,Block Group 2; Census Tract 50; Kings County; New York,Brooklyn,1014,413,246,0.5956416464891041,404,168,0.4158415841584158,292,0.2879684418145957,115,0.1134122287968441,793,0.782051282051282,23,0.0226824457593688,99,0.0976331360946745,88,0.0867850098619329,28,0.0677966101694915,36047005000,2564,263,0.1025741029641185,2564,319,0.1244149765990639,2564,41,0.015990639625585,76824,0.076824,13199.000312402371,0.7704158123877751
360470510012,360470510012,Block Group 2; Census Tract 510.01; Kings County; New York,Brooklyn,2861,959,959,1.0,1230,484,0.3934959349593496,1059,0.3701502970989164,139,0.0485844110450891,210,0.0734009087731562,2284,0.7983222649423278,32,0.0111849003844809,253,0.0884306186648025,86,0.0896767466110531,36047051001,4488,927,0.2065508021390374,4488,427,0.0951426024955436,4488,803,0.1789215686274509,49388,0.049388,57929.05159147971,0.6509338769980925
360470510022,360470510022,Block Group 2; Census Tract 510.02; Kings County; New York,Brooklyn,1314,647,637,0.9845440494590416,914,577,0.6312910284463895,75,0.0570776255707762,221,0.1681887366818873,192,0.1461187214611872,731,0.556316590563166,101,0.0768645357686453,172,0.1308980213089802,70,0.1081916537867078,36047051002,3675,637,0.1733333333333333,3675,358,0.0974149659863945,3675,377,0.1025850340136054,26111,0.026111,50323.618398376166,0.9110288668617136
360470511002,360470511002,Block Group 2; Census Tract 511; Kings County; New York,Brooklyn,1591,687,657,0.9563318777292577,1275,693,0.5435294117647059,112,0.0703959773727215,68,0.042740414833438,880,0.5531112507856694,43,0.027027027027027,201,0.1263356379635449,433,0.2721558768070396,55,0.0800582241630276,36047051100,3817,747,0.1957034320146712,3817,498,0.1304689546764474,3817,164,0.0429656798532879,53657,0.053657,29651.303650968184,0.9233851137008444
360470512002,360470512002,Block Group 2; Census Tract 512; Kings County; New York,Brooklyn,2301,726,706,0.9724517906336088,1637,1347,0.822846670739157,409,0.1777488048674489,90,0.0391134289439374,315,0.1368970013037809,1754,0.762277270751847,58,0.025206431986093,0,0.0,43,0.059228650137741,36047051200,6227,720,0.1156255018467962,6227,443,0.0711418018307371,6227,477,0.0766018949735024,21685,0.021685,106110.21443394052,0.8337129942533547
360470513002,360470513002,Block Group 2; Census Tract 513; Kings County; New York,Brooklyn,1012,311,311,1.0,257,147,0.5719844357976653,347,0.3428853754940711,97,0.0958498023715415,132,0.1304347826086956,0,0.0,2,0.0019762845849802,835,0.825098814229249,85,0.2733118971061093,36047051300,5961,956,0.1603757758765308,5970,965,0.1616415410385259,5970,401,0.0671691792294807,30581,0.030581,33092.443020175924,0.7122039186620579
360470514002,360470514002,Block Group 2; Census Tract 514; Kings County; New York,Brooklyn,1752,653,607,0.9295558958652372,1028,363,0.3531128404669261,285,0.1626712328767123,109,0.0622146118721461,388,0.2214611872146118,463,0.2642694063926941,250,0.1426940639269406,603,0.3441780821917808,34,0.0520673813169984,36047051400,7191,1040,0.1446252259769156,7213,600,0.0831831415499792,7213,641,0.0888673228892277,35387,0.035387,49509.70695453132,0.7375522541101425
360470516012,360470516012,Block Group 2; Census Tract 516.01; Kings County; New York,Brooklyn,1729,737,701,0.9511533242876526,989,596,0.60262891809909,311,0.1798727588201272,243,0.1405436668594563,198,0.1145170618854829,1075,0.6217466743782534,45,0.0260266049739733,294,0.1700404858299595,142,0.1926729986431479,36047051601,4901,856,0.1746582330136706,4936,539,0.1091977309562398,4936,146,0.029578606158833,26454,0.026454,65358.73591895366,0.5896874079933743
360470516022,360470516022,Block Group 2; Census Tract 516.02; Kings County; New York,Brooklyn,1732,780,770,0.9871794871794872,1020,831,0.8147058823529412,185,0.1068129330254041,406,0.2344110854503464,88,0.0508083140877598,1030,0.5946882217090069,46,0.0265588914549653,539,0.3112009237875289,54,0.0692307692307692,36047051602,3326,360,0.1082381238725195,3348,125,0.0373357228195937,3348,389,0.1161887694145758,51349,0.051349,33729.96553000058,0.8129927398338551
360470517002,360470517002,Block Group 2; Census Tract 517; Kings County; New York,Brooklyn,1923,733,503,0.6862210095497954,1263,495,0.3919239904988123,401,0.2085283411336453,100,0.0520020800832033,913,0.4747789911596464,52,0.0270410816432657,140,0.0728029121164846,474,0.2464898595943837,21,0.0286493860845839,36047051700,3087,186,0.0602526724975704,3087,139,0.0450275348234531,3087,56,0.0181405895691609,83059,0.083059,23152.217098688885,0.8394509765326762
360470518002,360470518002,Block Group 2; Census Tract 518; Kings County; New York,Brooklyn,1592,808,589,0.7289603960396039,1108,725,0.6543321299638989,230,0.1444723618090452,201,0.1262562814070351,534,0.3354271356783919,450,0.2826633165829145,51,0.0320351758793969,249,0.1564070351758794,8,0.0099009900990099,36047051800,3386,312,0.0921441228588304,3386,291,0.0859421145894861,3386,105,0.0310100413467217,94370,0.09437,16869.76793472502,0.7862883041884652
360470519002,360470519002,Block Group 2; Census Tract 519; Kings County; New York,Brooklyn,907,582,558,0.9587628865979382,807,307,0.3804213135068153,0,0.0,16,0.0176405733186328,648,0.7144432194046306,6,0.0066152149944873,129,0.1422271223814774,100,0.1102535832414553,0,0.0,36047051900,6051,320,0.0528838208560568,6051,283,0.0467691290695752,6051,125,0.0206577425218972,83130,0.08313,10910.62191747865,0.5925619159431559
360470051002,360470051002,Block Group 2; Census Tract 51; Kings County; New York,Brooklyn,969,337,225,0.6676557863501483,472,180,0.3813559322033898,326,0.3364293085655315,122,0.1259029927760578,770,0.7946336429308566,13,0.0134158926728586,36,0.0371517027863777,34,0.0350877192982456,0,0.0,36047005100,2417,122,0.05047579644187,2436,140,0.057471264367816,2436,46,0.0188834154351395,55524,0.055524,17451.912686405878,0.9476425958953844
360470052022,360470052022,Block Group 2; Census Tract 52.02; Kings County; New York,Brooklyn,1453,697,531,0.7618364418938307,780,358,0.4589743589743589,308,0.2119752236751548,262,0.1803165863730213,1162,0.7997247075017205,0,0.0,72,0.0495526496902959,150,0.1032346868547832,21,0.0301291248206599,36047005202,2676,104,0.038863976083707,2676,262,0.0979073243647234,2676,13,0.0048579970104633,83442,0.083442,17413.293065842143,0.8147875856273017
360470520002,360470520002,Block Group 2; Census Tract 520; Kings County; New York,Brooklyn,631,190,63,0.331578947368421,239,61,0.2552301255230125,156,0.2472266244057052,154,0.2440570522979397,286,0.4532488114104596,0,0.0,281,0.4453248811410459,49,0.0776545166402535,12,0.0631578947368421,36047052000,3511,537,0.1529478780974081,3511,260,0.0740529763600113,3511,42,0.0119624038735403,92121,0.092121,6849.686824936768,0.6063413320650127
360470523002,360470523002,Block Group 2; Census Tract 523; Kings County; New York,Brooklyn,1228,680,670,0.9852941176470588,867,401,0.4625144175317185,131,0.1066775244299674,81,0.0659609120521172,690,0.5618892508143323,0,0.0,48,0.0390879478827361,361,0.2939739413680782,29,0.0426470588235294,36047052300,5077,1338,0.2635414614930076,5077,701,0.1380736655505219,5077,398,0.0783927516249753,31950,0.03195,38435.05477308294,0.8847824569436502
360470525002,360470525002,Block Group 2; Census Tract 525; Kings County; New York,Brooklyn,478,241,224,0.9294605809128632,140,44,0.3142857142857143,75,0.1569037656903765,93,0.1945606694560669,272,0.5690376569037657,0,0.0,47,0.0983263598326359,159,0.3326359832635983,73,0.3029045643153527,36047052500,3308,666,0.2013301088270858,3321,494,0.1487503763926528,3321,94,0.0283047274917193,25272,0.025272,18914.2133586578,0.9523755589428438
360470526002,360470526002,Block Group 2; Census Tract 526; Kings County; New York,Brooklyn,1224,549,450,0.819672131147541,610,299,0.4901639344262295,381,0.3112745098039216,112,0.0915032679738562,824,0.673202614379085,62,0.0506535947712418,220,0.1797385620915032,76,0.0620915032679738,33,0.0601092896174863,36047052600,3935,255,0.0648030495552731,3910,247,0.0631713554987212,3910,172,0.0439897698209718,57800,0.0578,21176.470588235297,0.8056411668910922
360470527002,360470527002,Block Group 2; Census Tract 527; Kings County; New York,Brooklyn,779,360,291,0.8083333333333333,316,154,0.4873417721518987,118,0.1514762516046213,176,0.2259306803594351,238,0.3055198973042362,0,0.0,0,0.0,541,0.6944801026957638,112,0.3111111111111111,36047052700,5536,1363,0.2462066473988439,5548,1107,0.1995313626532083,5548,214,0.0385724585436193,21020,0.02102,37059.94291151285,0.9710630409849316
360470528002,360470528002,Block Group 2; Census Tract 528; Kings County; New York,Brooklyn,930,264,172,0.6515151515151515,484,250,0.5165289256198347,194,0.2086021505376344,120,0.1290322580645161,333,0.3580645161290323,2,0.0021505376344086,554,0.5956989247311828,6,0.0064516129032258,33,0.125,36047052800,1764,264,0.1496598639455782,1764,201,0.1139455782312925,1764,29,0.0164399092970521,67074,0.067074,13865.28312013597,0.7997255548534856
360470529002,360470529002,Block Group 2; Census Tract 529; Kings County; New York,Brooklyn,1422,384,384,1.0,656,143,0.2179878048780487,456,0.3206751054852321,410,0.2883263009845288,987,0.6940928270042194,0,0.0,0,0.0,68,0.0478199718706047,62,0.1614583333333333,36047052900,3721,612,0.1644719161515721,3721,268,0.0720236495565708,3721,26,0.0069873689868314,63288,0.063288,22468.714448236635,0.9690810078414928
360470053012,360470053012,Block Group 2; Census Tract 53.01; Kings County; New York,Brooklyn,360,188,133,0.7074468085106383,185,80,0.4324324324324324,87,0.2416666666666666,99,0.275,221,0.6138888888888889,7,0.0194444444444444,9,0.025,115,0.3194444444444444,17,0.0904255319148936,36047005301,2087,256,0.1226641111643507,2095,202,0.0964200477326969,2095,171,0.0816229116945107,385917,0.385917,932.843072474133,0.9077192299891552
360470530002,360470530002,Block Group 2; Census Tract 530; Kings County; New York,Brooklyn,1424,433,352,0.812933025404157,724,286,0.3950276243093922,282,0.1980337078651685,180,0.1264044943820224,926,0.6502808988764045,30,0.021067415730337,234,0.1643258426966292,29,0.0203651685393258,191,0.441108545034642,36047053000,3327,736,0.2212203186053501,3327,413,0.1241358581304478,3327,160,0.0480913736098587,42511,0.042511,33497.21248618005,0.6817643438067017
360470531012,360470531012,Block Group 2; Census Tract 531.01; Kings County; New York,Brooklyn,1359,285,193,0.6771929824561403,476,11,0.0231092436974789,731,0.5378955114054452,133,0.0978660779985283,1260,0.9271523178807948,21,0.0154525386313465,42,0.0309050772626931,36,0.0264900662251655,0,0.0,36047053101,3020,1283,0.4248344370860927,3020,74,0.0245033112582781,3020,56,0.0185430463576158,52517,0.052517,25877.33495820401,0.8473526918939837
360470531022,360470531022,Block Group 2; Census Tract 531.02; Kings County; New York,Brooklyn,3142,560,437,0.7803571428571429,891,0,0.0,1666,0.5302355187778485,7,0.0022278803309993,3110,0.9898154042011458,0,0.0,0,0.0,32,0.0101845957988542,27,0.0482142857142857,36047053102,7846,2936,0.37420341575325,7846,281,0.0358144277338771,7846,263,0.0335202651032373,35678,0.035678,88065.47452211447,0.9072773350536716
360470532002,360470532002,Block Group 2; Census Tract 532; Kings County; New York,Brooklyn,1127,406,254,0.625615763546798,496,226,0.4556451612903225,233,0.2067435669920142,271,0.2404614019520851,566,0.5022182786157942,37,0.0328305235137533,245,0.217391304347826,166,0.1472937000887311,37,0.0911330049261083,36047053200,2280,392,0.1719298245614035,2280,245,0.1074561403508772,2280,58,0.025438596491228,109534,0.109534,10289.042671681853,0.6739843942086523
360470533002,360470533002,Block Group 2; Census Tract 533; Kings County; New York,Brooklyn,976,314,267,0.8503184713375797,236,19,0.0805084745762711,332,0.3401639344262295,117,0.1198770491803278,797,0.8165983606557377,0,0.0,143,0.1465163934426229,36,0.0368852459016393,43,0.1369426751592356,36047053300,6421,2933,0.4567824326428905,6551,555,0.0847198900931155,6551,312,0.0476263165928865,31307,0.031307,31175.1365509311,0.8471626623553263
360470534002,360470534002,Block Group 2; Census Tract 534; Kings County; New York,Brooklyn,1032,261,242,0.9272030651340996,488,275,0.5635245901639344,329,0.3187984496124031,64,0.0620155038759689,449,0.4350775193798449,32,0.0310077519379844,179,0.1734496124031007,26,0.0251937984496124,31,0.1187739463601532,36047053400,4442,436,0.0981539846915803,4442,568,0.1278703286807744,4442,262,0.0589824403421882,42585,0.042585,24233.8851708348,0.6812264788929395
360470535002,360470535002,Block Group 2; Census Tract 535; Kings County; New York,Brooklyn,791,160,132,0.825,127,0,0.0,409,0.5170670037926675,140,0.1769911504424778,738,0.9329962073324906,0,0.0,0,0.0,0,0.0,0,0.0,36047053500,4611,1663,0.3606592929950119,4611,627,0.1359791802212101,4611,34,0.0073736716547386,28780,0.02878,27484.364141765116,0.8482631967046723
360470537002,360470537002,Block Group 2; Census Tract 537; Kings County; New York,Brooklyn,3347,550,370,0.6727272727272727,645,85,0.1317829457364341,1981,0.5918733193904989,258,0.0770839557812966,3216,0.9608604720645354,88,0.0262922019719151,37,0.0110546758291006,6,0.0017926501344487,41,0.0745454545454545,36047053700,4623,2077,0.4492753623188406,4623,211,0.0456413584252649,4623,64,0.0138438243564784,117199,0.117199,28558.26414901151,0.8473687964074424
360470538002,360470538002,Block Group 2; Census Tract 538; Kings County; New York,Brooklyn,2351,1082,876,0.8096118299445472,1035,429,0.4144927536231884,521,0.2216078264568269,417,0.1773713313483624,1251,0.5321139940450872,320,0.1361122926414291,261,0.1110165886856656,418,0.1777966822628668,195,0.1802218114602587,36047053800,5181,737,0.1422505307855626,5181,959,0.1850994016599112,5181,126,0.0243196294151708,49084,0.049084,47897.48186781843,0.8703794464177935
360470539002,360470539002,Block Group 2; Census Tract 539; Kings County; New York,Brooklyn,2116,798,729,0.9135338345864662,670,112,0.1671641791044776,635,0.3000945179584121,539,0.2547258979206049,1427,0.6743856332703214,105,0.0496219281663516,143,0.0675803402646502,441,0.2084120982986767,146,0.1829573934837092,36047053900,2470,1111,0.4497975708502024,2470,365,0.1477732793522267,2470,153,0.0619433198380566,55682,0.055682,38001.50856650264,0.8329800954606175
360470542002,360470542002,Block Group 2; Census Tract 542; Kings County; New York,Brooklyn,1528,583,495,0.8490566037735849,734,308,0.4196185286103542,436,0.2853403141361256,278,0.1819371727748691,783,0.512434554973822,46,0.0301047120418848,167,0.1092931937172774,475,0.3108638743455497,189,0.3241852487135506,36047054200,4061,988,0.2432898300911105,4061,772,0.1901009603545924,4061,496,0.1221374045801526,72997,0.072997,20932.367083578774,0.8889429416376042
360470544002,360470544002,Block Group 2; Census Tract 544; Kings County; New York,Brooklyn,1032,475,403,0.848421052631579,451,213,0.4722838137472284,213,0.2063953488372093,261,0.252906976744186,584,0.5658914728682171,0,0.0,418,0.4050387596899225,10,0.0096899224806201,181,0.3810526315789473,36047054400,3521,549,0.1559216131780744,3544,634,0.1788939051918736,3544,228,0.064334085778781,69911,0.069911,14761.62549527256,0.947315379973426
360470545002,360470545002,Block Group 2; Census Tract 545; Kings County; New York,Brooklyn,731,94,94,1.0,147,0,0.0,452,0.6183310533515732,0,0.0,731,1.0,0,0.0,0,0.0,0,0.0,0,0.0,36047054500,8349,2858,0.3423164450832435,8349,840,0.1006108515989939,8349,131,0.0156905018565097,26009,0.026009,28105.655734553424,0.84564477844342
360470546002,360470546002,Block Group 2; Census Tract 546; Kings County; New York,Brooklyn,2290,893,871,0.975363941769317,1101,659,0.5985467756584922,465,0.2030567685589519,274,0.119650655021834,1418,0.6192139737991267,106,0.0462882096069869,229,0.1,0,0.0,228,0.2553191489361702,36047054600,5367,1294,0.2411030370784423,5367,817,0.1522265697782746,5367,512,0.0953978013787963,54706,0.054706,41860.12503198918,0.9157779534270432
360470547002,360470547002,Block Group 2; Census Tract 547; Kings County; New York,Brooklyn,1053,293,264,0.9010238907849828,365,59,0.1616438356164383,402,0.3817663817663818,171,0.1623931623931624,998,0.9477682811016144,1,0.0009496676163342,1,0.0009496676163342,53,0.050332383665717,30,0.1023890784982935,36047054700,9666,947,0.0979722739499275,9666,628,0.0649699979308917,9666,200,0.0206910821435961,25950,0.02595,40578.03468208092,0.635249217476097
360470548002,360470548002,Block Group 2; Census Tract 548; Kings County; New York,Brooklyn,867,265,29,0.1094339622641509,323,12,0.0371517027863777,236,0.2722029988465975,145,0.1672433679354094,732,0.8442906574394463,98,0.113033448673587,0,0.0,0,0.0,33,0.1245283018867924,36047054800,2302,230,0.0999131190269331,2302,160,0.0695047784535186,2302,27,0.0117289313640312,110910,0.11091,7817.149039761969,0.9343159943447812
360470549002,360470549002,Block Group 2; Census Tract 549; Kings County; New York,Brooklyn,2654,1589,1542,0.9704216488357458,2030,858,0.4226600985221674,222,0.0836473247927656,39,0.0146948003014318,1502,0.5659382064807837,0,0.0,276,0.1039939713639789,583,0.2196684250188394,83,0.0522341095028319,36047054900,4515,699,0.1548172757475083,4515,85,0.0188261351052048,4515,164,0.0363233665559247,151012,0.151012,17574.762270548035,0.8296789234790938
360470054002,360470054002,Block Group 2; Census Tract 54; Kings County; New York,Brooklyn,384,172,145,0.8430232558139535,236,66,0.2796610169491525,13,0.0338541666666666,135,0.3515625,261,0.6796875,0,0.0,96,0.25,0,0.0,9,0.0523255813953488,36047005400,3425,232,0.0677372262773722,3425,351,0.1024817518248175,3425,72,0.0210218978102189,40497,0.040497,9482.183865471516,0.8309909424798249
360470550002,360470550002,Block Group 2; Census Tract 550; Kings County; New York,Brooklyn,653,317,220,0.694006309148265,290,72,0.2482758620689655,36,0.0551301684532924,318,0.4869831546707504,454,0.6952526799387443,8,0.0122511485451761,0,0.0,146,0.223583460949464,134,0.4227129337539432,36047055000,3408,858,0.2517605633802817,3408,395,0.1159037558685446,3408,218,0.0639671361502347,68161,0.068161,9580.258505597045,0.9383433625900938
360470551002,360470551002,Block Group 2; Census Tract 551; Kings County; New York,Brooklyn,1161,757,732,0.9669749009247028,474,190,0.4008438818565401,41,0.0353143841515934,652,0.5615848406546081,329,0.2833763996554694,25,0.0215331610680447,10,0.0086132644272179,749,0.6451335055986219,476,0.6287978863936592,36047055100,6184,1030,0.1665588615782665,6185,476,0.0769603880355699,6185,220,0.0355699272433306,34304,0.034304,33844.44962686567,0.8752516367611691
360470552002,360470552002,Block Group 2; Census Tract 552; Kings County; New York,Brooklyn,972,473,432,0.9133192389006344,582,134,0.2302405498281786,76,0.0781893004115226,227,0.2335390946502057,570,0.5864197530864198,7,0.0072016460905349,341,0.3508230452674897,37,0.0380658436213991,173,0.3657505285412262,36047055200,3359,596,0.1774337600476332,3359,342,0.1018160166716284,3359,114,0.0339386722238761,53804,0.053804,18065.571332986397,0.9234097885283192
360470553002,360470553002,Block Group 2; Census Tract 553; Kings County; New York,Brooklyn,1816,641,547,0.8533541341653667,783,440,0.561941251596424,184,0.1013215859030837,356,0.1960352422907489,554,0.3050660792951541,70,0.0385462555066079,123,0.0677312775330396,1027,0.5655286343612335,61,0.095163806552262,36047055300,3603,756,0.2098251457119067,3603,399,0.1107410491257285,3603,72,0.0199833472106577,55279,0.055279,32851.53494093598,0.653764654191202
360470554002,360470554002,Block Group 2; Census Tract 554; Kings County; New York,Brooklyn,1339,545,528,0.9688073394495412,548,298,0.5437956204379562,190,0.1418969380134428,339,0.2531740104555638,741,0.5533980582524272,21,0.0156833457804331,267,0.1994025392083644,292,0.2180731889469753,329,0.6036697247706422,36047055400,3989,510,0.1278515918776635,3989,319,0.0799699172724993,3989,318,0.0797192278766608,42767,0.042767,31309.1869899689,0.93010419864184
360470556002,360470556002,Block Group 2; Census Tract 556; Kings County; New York,Brooklyn,1014,536,467,0.871268656716418,479,202,0.4217118997912317,187,0.1844181459566075,278,0.2741617357001972,784,0.7731755424063116,0,0.0,53,0.0522682445759368,64,0.0631163708086785,127,0.2369402985074626,36047055600,3351,1076,0.3210981796478663,3351,189,0.0564010743061772,3351,117,0.0349149507609668,49958,0.049958,20297.049521598143,0.8600492626280952
360470557002,360470557002,Block Group 2; Census Tract 557; Kings County; New York,Brooklyn,1241,742,714,0.9622641509433962,951,313,0.3291272344900105,141,0.1136180499597099,46,0.0370668815471394,791,0.637389202256245,0,0.0,100,0.08058017727639,306,0.2465753424657534,16,0.0215633423180593,36047055700,1702,28,0.0164512338425381,1702,120,0.0705052878965922,1702,78,0.0458284371327849,238193,0.238193,5210.060749056438,0.8546018714760855
360470558002,360470558002,Block Group 2; Census Tract 558; Kings County; New York,Brooklyn,1157,496,405,0.8165322580645161,480,197,0.4104166666666666,271,0.2342264477095937,232,0.2005185825410544,622,0.5375972342264477,0,0.0,394,0.3405358686257562,8,0.006914433880726,184,0.3709677419354839,36047055800,2145,363,0.1692307692307692,2145,292,0.1361305361305361,2145,33,0.0153846153846153,106851,0.106851,10828.162581538778,0.8525326302593645
360470056012,360470056012,Block Group 2; Census Tract 56.01; Kings County; New York,Brooklyn,1312,699,441,0.630901287553648,617,194,0.3144246353322528,211,0.1608231707317073,318,0.2423780487804878,971,0.7400914634146342,112,0.0853658536585365,72,0.0548780487804878,108,0.0823170731707317,42,0.0600858369098712,36047005601,2577,464,0.1800543267365153,2577,299,0.1160263872720217,2577,51,0.019790454016298,56182,0.056182,23352.67523406073,0.8326547310456078
360470560002,360470560002,Block Group 2; Census Tract 560; Kings County; New York,Brooklyn,1512,663,545,0.8220211161387632,718,275,0.383008356545961,340,0.2248677248677248,307,0.203042328042328,854,0.5648148148148148,148,0.0978835978835978,267,0.1765873015873016,110,0.0727513227513227,196,0.2956259426847662,36047056000,3475,362,0.1041726618705036,3475,459,0.1320863309352518,3475,156,0.0448920863309352,54071,0.054071,27963.233526289507,0.8467474919662504
360470561002,360470561002,Block Group 2; Census Tract 561; Kings County; New York,Brooklyn,661,337,287,0.8516320474777448,478,198,0.4142259414225941,88,0.1331316187594553,32,0.048411497730711,538,0.8139183055975794,19,0.0287443267776096,0,0.0,83,0.1255673222390317,21,0.0623145400593471,36047056100,3697,225,0.0608601568839599,3698,224,0.0605732828555976,3698,173,0.0467820443482963,41711,0.041711,15847.138644482273,0.8530936029808203
360470562002,360470562002,Block Group 2; Census Tract 562; Kings County; New York,Brooklyn,652,228,18,0.0789473684210526,169,70,0.4142011834319526,233,0.357361963190184,210,0.3220858895705521,626,0.9601226993865032,0,0.0,26,0.0398773006134969,0,0.0,0,0.0,36047056200,1779,181,0.1017425519955031,1779,71,0.0399100618324901,1779,0,0.0,85360,0.08536,7638.238050609184,0.8413148497152152
360470563012,360470563012,Block Group 2; Census Tract 563.01; Kings County; New York,Brooklyn,1099,643,633,0.9844479004665628,618,289,0.4676375404530744,43,0.0391264786169244,193,0.1756141947224749,629,0.5723384895359418,139,0.1264786169244768,62,0.0564149226569608,240,0.2183803457688808,180,0.2799377916018662,36047056301,4683,623,0.1330343796711509,4683,444,0.0948110185778347,4683,104,0.0222079863335468,45061,0.045061,24389.161359046622,0.8765229980441696
360470563022,360470563022,Block Group 2; Census Tract 563.02; Kings County; New York,Brooklyn,1969,1169,1169,1.0,1291,606,0.4694035631293571,275,0.1396648044692737,114,0.0578974098527171,1058,0.537328593194515,198,0.1005586592178771,169,0.0858303707465718,492,0.249873031995937,89,0.0761334473909324,36047056302,2449,242,0.0988158432013066,2449,335,0.1367905267456104,2449,85,0.0347080440996325,140891,0.140891,13975.342640764848,0.882661893707807
360470564002,360470564002,Block Group 2; Census Tract 564; Kings County; New York,Brooklyn,659,293,127,0.4334470989761092,179,51,0.2849162011173184,153,0.2321699544764795,256,0.3884673748103187,463,0.7025796661608498,12,0.0182094081942336,79,0.1198786039453717,105,0.1593323216995447,30,0.1023890784982935,36047056400,2631,109,0.0414291144051691,2631,284,0.1079437476244773,2631,136,0.0516913721018624,63494,0.063494,10378.933442530004,0.880145698866858
360470565002,360470565002,Block Group 2; Census Tract 565; Kings County; New York,Brooklyn,1011,538,519,0.9646840148698884,741,320,0.4318488529014845,103,0.1018793273986152,168,0.1661721068249258,742,0.7339268051434223,0,0.0,92,0.0909990108803165,46,0.0454995054401582,87,0.1617100371747211,36047056500,3332,158,0.0474189675870348,3332,300,0.0900360144057623,3332,186,0.0558223289315726,45035,0.045035,22449.206172976577,0.64918855293846
360470566002,360470566002,Block Group 2; Census Tract 566; Kings County; New York,Brooklyn,958,315,196,0.6222222222222222,261,147,0.5632183908045977,133,0.138830897703549,166,0.1732776617954071,315,0.3288100208768267,0,0.0,581,0.6064718162839249,24,0.0250521920668058,83,0.2634920634920635,36047056600,2270,672,0.2960352422907489,2287,254,0.1110625273283777,2287,180,0.0787057280279842,83288,0.083288,11502.257227931996,0.8564773191270141
360470568002,360470568002,Block Group 2; Census Tract 568; Kings County; New York,Brooklyn,701,298,91,0.3053691275167785,386,173,0.4481865284974093,141,0.2011412268188302,191,0.2724679029957204,471,0.6718972895863052,0,0.0,83,0.1184022824536376,147,0.209700427960057,72,0.2416107382550335,36047056800,1319,190,0.1440485216072782,1319,155,0.1175132676269901,1319,6,0.0045489006823351,59107,0.059107,11859.84739540156,0.8545759530232037
360470569002,360470569002,Block Group 2; Census Tract 569; Kings County; New York,Brooklyn,831,441,341,0.7732426303854876,437,176,0.4027459954233409,73,0.0878459687123947,128,0.1540312876052948,627,0.7545126353790613,2,0.0024067388688327,65,0.0782190132370637,102,0.1227436823104693,33,0.0748299319727891,36047056900,1633,69,0.0422535211267605,1662,242,0.1456077015643802,1662,62,0.0373044524669073,80803,0.080803,10284.271623578332,0.6519052457956465
360470570002,360470570002,Block Group 2; Census Tract 570; Kings County; New York,Brooklyn,674,393,243,0.6183206106870229,299,159,0.5317725752508361,86,0.1275964391691394,348,0.516320474777448,483,0.7166172106824926,14,0.0207715133531157,39,0.0578635014836795,136,0.201780415430267,104,0.2646310432569974,36047057000,3309,448,0.1353883348443638,3309,722,0.2181928074947114,3309,59,0.0178301601692354,47144,0.047144,14296.62311216698,0.81717652196163
360470571002,360470571002,Block Group 2; Census Tract 571; Kings County; New York,Brooklyn,1162,606,527,0.8696369636963697,916,209,0.2281659388646288,184,0.1583476764199655,56,0.0481927710843373,888,0.7641996557659209,3,0.0025817555938037,23,0.0197934595524956,123,0.1058519793459552,19,0.0313531353135313,36047057100,3923,298,0.0759622737700739,3923,261,0.0665307162885546,3923,159,0.0405302064746367,37670,0.03767,30846.82771436156,0.8289942082784548
360470572002,360470572002,Block Group 2; Census Tract 572; Kings County; New York,Brooklyn,2301,814,814,1.0,917,486,0.529989094874591,630,0.2737940026075619,231,0.1003911342894393,95,0.0412863972186006,1265,0.549760973489787,171,0.074315514993481,724,0.3146458061712299,122,0.1498771498771498,36047057200,5501,1876,0.3410289038356662,5501,1238,0.2250499909107435,5501,34,0.0061806944191965,122017,0.122017,18858.027979707746,0.8703605224781455
360470573002,360470573002,Block Group 2; Census Tract 573; Kings County; New York,Brooklyn,1009,567,476,0.8395061728395061,769,391,0.5084525357607282,53,0.0525272547076313,138,0.1367690782953419,788,0.7809712586719524,149,0.1476709613478691,25,0.0247770069375619,36,0.0356788899900891,47,0.0828924162257495,36047057300,2707,191,0.0705578130772072,2720,263,0.0966911764705882,2720,260,0.0955882352941176,46106,0.046106,21884.35344640611,0.6532537994741138
360470574002,360470574002,Block Group 2; Census Tract 574; Kings County; New York,Brooklyn,1219,449,245,0.5456570155902004,521,152,0.291746641074856,155,0.1271534044298605,348,0.2854799015586546,713,0.5849056603773585,0,0.0,476,0.3904840032813781,19,0.0155865463494667,168,0.3741648106904232,36047057400,2647,305,0.1152247827729505,2647,231,0.0872686059690215,2647,183,0.0691348696637703,76591,0.076591,15915.708111919152,0.889817064083858
360470575002,360470575002,Block Group 2; Census Tract 575; Kings County; New York,Brooklyn,1156,621,621,1.0,886,532,0.600451467268623,123,0.1064013840830449,79,0.0683391003460207,463,0.4005190311418685,44,0.0380622837370242,35,0.0302768166089965,526,0.4550173010380622,0,0.0,36047057500,4497,470,0.1045141205247943,4572,155,0.0339020122484689,4572,445,0.097331583552056,33834,0.033834,34166.81444700597,0.5762868005109016
360470576002,360470576002,Block Group 2; Census Tract 576; Kings County; New York,Brooklyn,1598,548,338,0.6167883211678832,720,169,0.2347222222222222,318,0.1989987484355444,364,0.227784730913642,745,0.4662077596996245,0,0.0,802,0.5018773466833542,51,0.0319148936170212,155,0.2828467153284671,36047057600,2649,589,0.2223480558701396,2649,171,0.0645526613816534,2649,170,0.0641751604379011,77743,0.077743,20554.90526478268,0.8005948508381803
360470578002,360470578002,Block Group 2; Census Tract 578; Kings County; New York,Brooklyn,1613,565,533,0.9433628318584072,560,222,0.3964285714285714,481,0.2982021078735276,209,0.12957222566646,1032,0.6398016119032858,70,0.0433973961562306,269,0.1667699938003719,129,0.0799752014879107,193,0.3415929203539823,36047057800,2856,343,0.1200980392156862,2923,407,0.1392405063291139,2923,102,0.0348956551488197,90031,0.090031,17916.051137941377,0.8494306165411425
360470579012,360470579012,Block Group 2; Census Tract 579.01; Kings County; New York,Brooklyn,1163,407,344,0.8452088452088452,735,352,0.4789115646258503,101,0.0868443680137575,85,0.0730868443680137,577,0.4961306964746346,130,0.1117798796216681,73,0.0627687016337059,279,0.2398968185726569,25,0.0614250614250614,36047057901,1506,339,0.2250996015936255,1512,137,0.0906084656084656,1512,116,0.0767195767195767,191866,0.191866,6061.522103968395,0.9006609327855949
360470580002,360470580002,Block Group 2; Census Tract 580; Kings County; New York,Brooklyn,1394,507,424,0.8362919132149902,786,632,0.8040712468193384,122,0.0875179340028694,277,0.1987087517934002,294,0.2109038737446198,0,0.0,767,0.5502152080344332,167,0.1197991391678622,160,0.3155818540433925,36047058000,3008,839,0.2789228723404255,3008,480,0.1595744680851064,3008,210,0.069813829787234,77827,0.077827,17911.52170840454,0.8589325052215602
360470582002,360470582002,Block Group 2; Census Tract 582; Kings County; New York,Brooklyn,318,123,103,0.8373983739837398,122,0,0.0,74,0.2327044025157232,102,0.320754716981132,259,0.8144654088050315,0,0.0,46,0.1446540880503144,13,0.040880503144654,4,0.032520325203252,36047058200,2585,429,0.1659574468085106,2585,229,0.0885880077369439,2585,208,0.0804642166344294,43229,0.043229,7356.172939461936,0.8754971785783145
360470584002,360470584002,Block Group 2; Census Tract 584; Kings County; New York,Brooklyn,2341,857,606,0.7071178529754959,1085,317,0.2921658986175115,551,0.2353695002135839,193,0.0824434002563007,1496,0.6390431439555745,163,0.0696283639470311,573,0.2447671935070482,103,0.043998291328492,214,0.249708284714119,36047058400,3588,562,0.1566332218506131,3588,231,0.06438127090301,3588,155,0.0431995540691192,129267,0.129267,18109.80373954683,0.8655263149126378
360470586002,360470586002,Block Group 2; Census Tract 586; Kings County; New York,Brooklyn,1111,332,223,0.6716867469879518,481,193,0.4012474012474012,331,0.2979297929792979,117,0.1053105310531053,436,0.3924392439243924,114,0.1026102610261026,487,0.4383438343834383,49,0.0441044104410441,76,0.2289156626506024,36047058600,2264,747,0.3299469964664311,2256,196,0.0868794326241134,2256,125,0.0554078014184397,85947,0.085947,12926.57102633018,0.8002692931312225
360470588002,360470588002,Block Group 2; Census Tract 588; Kings County; New York,Brooklyn,1797,745,651,0.8738255033557047,669,316,0.4723467862481315,286,0.1591541457985531,591,0.328881469115192,1132,0.6299387868670006,91,0.0506399554813578,472,0.2626599888703395,70,0.0389538119087367,205,0.2751677852348993,36047058800,3539,382,0.1079400960723368,3539,563,0.1590844871432608,3539,160,0.0452105114439107,41030,0.04103,43797.22154521082,0.9393745734553296
360470589012,360470589012,Block Group 2; Census Tract 589.01; Kings County; New York,Brooklyn,874,417,329,0.7889688249400479,481,231,0.4802494802494803,160,0.183066361556064,95,0.108695652173913,752,0.8604118993135011,22,0.0251716247139588,6,0.0068649885583524,37,0.0423340961098398,9,0.0215827338129496,36047058901,2103,244,0.1160247265810746,2103,184,0.0874940561103185,2103,143,0.0679980979553019,135005,0.135005,6473.8343024332435,0.5517789824406149
360470058002,360470058002,Block Group 2; Census Tract 58; Kings County; New York,Brooklyn,1813,809,677,0.8368355995055624,956,502,0.5251046025104602,318,0.1753998896856039,416,0.229453943739658,1381,0.7617209045780474,0,0.0,62,0.0341974627688913,303,0.1671263099834528,101,0.1248454882571075,36047005800,3115,237,0.076083467094703,3110,436,0.140192926045016,3110,36,0.0115755627009646,95229,0.095229,19038.318159384224,0.826049226273938
360470591002,360470591002,Block Group 2; Census Tract 591; Kings County; New York,Brooklyn,1095,595,563,0.946218487394958,619,187,0.3021001615508885,117,0.1068493150684931,121,0.1105022831050228,824,0.7525114155251141,0,0.0,76,0.0694063926940639,111,0.1013698630136986,56,0.0941176470588235,36047059100,3952,200,0.0506072874493927,3952,256,0.0647773279352226,3952,405,0.1024797570850202,34949,0.034949,31331.36856562419,0.8319859065559455
360470592002,360470592002,Block Group 2; Census Tract 592; Kings County; New York,Brooklyn,1643,724,419,0.5787292817679558,586,298,0.5085324232081911,246,0.1497261107729762,578,0.3517954960438222,886,0.5392574558734023,0,0.0,418,0.2544126597687157,101,0.0614729153986609,255,0.3522099447513812,36047059200,3747,747,0.199359487590072,3747,605,0.1614625033360021,3747,74,0.0197491326394448,106788,0.106788,15385.623852867364,0.856126159444752
360470593002,360470593002,Block Group 2; Census Tract 593; Kings County; New York,Brooklyn,881,332,301,0.9066265060240964,397,121,0.3047858942065491,280,0.3178206583427923,9,0.0102156640181611,599,0.6799091940976163,0,0.0,21,0.0238365493757094,234,0.2656072644721907,0,0.0,36047059300,2669,414,0.1551142750093668,2669,266,0.0996627950543274,2669,63,0.0236043461970775,42831,0.042831,20569.21388713782,0.5548899851354074
360470594022,360470594022,Block Group 2; Census Tract 594.02; Kings County; New York,Brooklyn,1271,541,351,0.6487985212569316,464,57,0.1228448275862068,172,0.1353265145554681,544,0.4280094413847364,1049,0.8253343823760818,16,0.012588512981904,48,0.037765538945712,158,0.1243115656963021,248,0.4584103512014787,36047059402,5713,491,0.085944337475932,5713,469,0.0820934710309819,5713,172,0.0301067740241554,76076,0.076076,16706.977233293022,0.8462808698288131
360470594032,360470594032,Block Group 2; Census Tract 594.03; Kings County; New York,Brooklyn,835,266,171,0.6428571428571429,267,81,0.3033707865168539,210,0.2514970059880239,166,0.1988023952095808,421,0.5041916167664671,0,0.0,271,0.3245508982035928,54,0.0646706586826347,115,0.4323308270676692,36047059403,3062,283,0.0924232527759634,3062,508,0.1659046374918354,3062,85,0.027759634225996,76076,0.076076,10975.866239024132,0.8119455177814057
360470594042,360470594042,Block Group 2; Census Tract 594.04; Kings County; New York,Brooklyn,1016,358,186,0.5195530726256983,475,254,0.5347368421052632,236,0.2322834645669291,86,0.0846456692913385,268,0.2637795275590551,2,0.0019685039370078,581,0.5718503937007874,99,0.0974409448818897,104,0.2905027932960894,36047059404,3934,294,0.0747330960854092,3934,398,0.1011692933401118,3934,481,0.1222674123029994,75413,0.075413,13472.478219935556,0.8508106159842947
360470596002,360470596002,Block Group 2; Census Tract 596; Kings County; New York,Brooklyn,833,531,341,0.6421845574387948,421,191,0.4536817102137767,29,0.034813925570228,302,0.3625450180072029,823,0.9879951980792316,0,0.0,0,0.0,10,0.0120048019207683,255,0.480225988700565,36047059600,2261,277,0.1225121627598407,2261,387,0.1711632021229544,2261,257,0.1136665192392746,37846,0.037846,22010.252074195425,0.8513010384231007
360470598002,360470598002,Block Group 2; Census Tract 598; Kings County; New York,Brooklyn,848,502,253,0.5039840637450199,370,68,0.1837837837837838,53,0.0625,320,0.3773584905660377,571,0.6733490566037735,137,0.1615566037735849,117,0.1379716981132075,10,0.0117924528301886,122,0.2430278884462151,36047059800,3212,297,0.0924657534246575,3212,595,0.1852428393524283,3212,95,0.0295765877957658,97585,0.097585,8689.86012194497,0.8267309684425785
360470059002,360470059002,Block Group 2; Census Tract 59; Kings County; New York,Brooklyn,656,285,272,0.9543859649122808,339,117,0.3451327433628318,115,0.1753048780487804,90,0.1371951219512195,305,0.4649390243902439,173,0.2637195121951219,16,0.024390243902439,136,0.2073170731707317,0,0.0,36047005900,1488,358,0.2405913978494623,1515,204,0.1346534653465346,1515,64,0.0422442244224422,246356,0.246356,2662.8131646884995,0.8884295613567588
360470600002,360470600002,Block Group 2; Census Tract 600; Kings County; New York,Brooklyn,1133,476,264,0.5546218487394958,581,168,0.2891566265060241,190,0.1676963812886143,407,0.3592233009708738,1111,0.9805825242718448,7,0.0061782877316857,15,0.0132391879964695,0,0.0,161,0.3382352941176471,36047060000,6451,1027,0.1592001240117811,6451,625,0.0968842039993799,6451,161,0.0249573709502402,100800,0.1008,11240.079365079366,0.8041180311143109
360470606002,360470606002,Block Group 2; Census Tract 606; Kings County; New York,Brooklyn,861,306,162,0.5294117647058824,368,96,0.2608695652173913,149,0.173054587688734,170,0.197444831591173,389,0.4518002322880372,0,0.0,213,0.2473867595818815,166,0.1927990708478513,106,0.3464052287581699,36047060600,2790,411,0.1473118279569892,2790,314,0.1125448028673835,2790,137,0.0491039426523297,73556,0.073556,11705.367339170156,0.9341184218144324
360470608002,360470608002,Block Group 2; Census Tract 608; Kings County; New York,Brooklyn,1818,852,732,0.8591549295774648,1059,228,0.2152974504249291,268,0.1474147414741474,258,0.1419141914191419,954,0.5247524752475248,75,0.0412541254125412,380,0.209020902090209,184,0.1012101210121012,351,0.4119718309859155,36047060800,3443,511,0.1484170781295382,3443,568,0.1649724077839093,3443,296,0.0859715364507696,61101,0.061101,29754.013845927235,0.8295476143380484
360470060002,360470060002,Block Group 2; Census Tract 60; Kings County; New York,Brooklyn,876,347,219,0.6311239193083573,317,147,0.4637223974763407,146,0.1666666666666666,232,0.2648401826484018,363,0.4143835616438356,0,0.0,242,0.2762557077625571,227,0.2591324200913242,49,0.1412103746397694,36047006000,2793,91,0.0325814536340852,2793,204,0.0730397422126745,2793,205,0.0733977801646974,54936,0.054936,15945.827872433378,0.8181214065315707
360470610022,360470610022,Block Group 2; Census Tract 610.02; Kings County; New York,Brooklyn,1764,795,323,0.4062893081761006,909,342,0.3762376237623762,299,0.169501133786848,403,0.2284580498866213,1710,0.9693877551020408,0,0.0,38,0.0215419501133786,0,0.0,154,0.1937106918238993,36047061002,4696,648,0.1379897785349233,4681,755,0.1612903225806451,4681,334,0.0713522751548814,69749,0.069749,25290.685171113564,0.8612272636727348
360470610032,360470610032,Block Group 2; Census Tract 610.03; Kings County; New York,Brooklyn,1221,395,275,0.6962025316455697,485,130,0.268041237113402,291,0.2383292383292383,165,0.1351351351351351,465,0.3808353808353808,67,0.0548730548730548,411,0.3366093366093366,278,0.2276822276822276,149,0.3772151898734177,36047061003,2009,777,0.3867595818815331,2025,194,0.0958024691358024,2025,226,0.1116049382716049,43866,0.043866,27834.769525372725,0.8234872946572889
360470610042,360470610042,Block Group 2; Census Tract 610.04; Kings County; New York,Brooklyn,763,406,406,1.0,380,157,0.4131578947368421,109,0.1428571428571428,167,0.218872870249017,454,0.5950196592398427,0,0.0,226,0.2961992136304063,21,0.0275229357798165,235,0.5788177339901478,36047061004,5278,1155,0.2188328912466843,5278,1390,0.2633573323228496,5278,340,0.0644183402804092,52508,0.052508,14531.119067570657,0.8593586564413599
360470620002,360470620002,Block Group 2; Census Tract 620; Kings County; New York,Brooklyn,736,258,30,0.1162790697674418,279,23,0.082437275985663,99,0.1345108695652173,259,0.3519021739130434,736,1.0,0,0.0,0,0.0,0,0.0,35,0.1356589147286821,36047062000,1516,25,0.0164907651715039,1516,200,0.1319261213720316,1516,6,0.0039577836411609,168467,0.168467,4368.808134530798,0.8839842935571647
360470622002,360470622002,Block Group 2; Census Tract 622; Kings County; New York,Brooklyn,1612,568,403,0.7095070422535211,534,149,0.2790262172284644,303,0.1879652605459057,289,0.1792803970223325,938,0.5818858560794045,177,0.1098014888337469,211,0.1308933002481389,236,0.1464019851116625,275,0.4841549295774648,36047062200,2670,708,0.2651685393258427,2670,392,0.146816479400749,2670,191,0.0715355805243445,133704,0.133704,12056.482977323045,0.8226129447954871
360470626002,360470626002,Block Group 2; Census Tract 626; Kings County; New York,Brooklyn,2464,984,525,0.5335365853658537,1074,401,0.3733705772811918,344,0.1396103896103896,614,0.2491883116883116,1674,0.6793831168831169,215,0.0872564935064935,475,0.192775974025974,76,0.0308441558441558,355,0.3607723577235772,36047062600,3046,610,0.2002626395272488,3046,435,0.1428102429415627,3046,64,0.021011162179908,256625,0.256625,9601.55869459328,0.8548225107392212
360470628002,360470628002,Block Group 2; Census Tract 628; Kings County; New York,Brooklyn,1509,685,241,0.3518248175182482,518,142,0.2741312741312741,244,0.1616964877402253,547,0.3624917163684559,1233,0.8170974155069582,0,0.0,64,0.0424121935056328,205,0.1358515573227303,29,0.0423357664233576,36047062800,4838,283,0.0584952459694088,4838,585,0.1209177346010748,4838,38,0.0078544853245142,294386,0.294386,5125.923107756484,0.6552831617005622
360470062002,360470062002,Block Group 2; Census Tract 62; Kings County; New York,Brooklyn,692,349,331,0.9484240687679084,357,179,0.5014005602240896,105,0.1517341040462427,94,0.1358381502890173,408,0.5895953757225434,11,0.0158959537572254,93,0.134393063583815,170,0.245664739884393,46,0.1318051575931232,36047006200,2635,453,0.1719165085388994,2648,188,0.0709969788519637,2648,172,0.0649546827794562,48471,0.048471,14276.577747519135,0.8103199303190927
360470632002,360470632002,Block Group 2; Census Tract 632; Kings County; New York,Brooklyn,392,185,105,0.5675675675675675,139,10,0.0719424460431654,7,0.0178571428571428,179,0.4566326530612244,277,0.7066326530612245,0,0.0,106,0.2704081632653061,7,0.0178571428571428,22,0.1189189189189189,36047063200,1409,95,0.0674237047551454,1409,280,0.198722498225692,1409,0,0.0,57960,0.05796,6763.285024154589,0.6272035021490289
360470638002,360470638002,Block Group 2; Census Tract 638; Kings County; New York,Brooklyn,927,307,26,0.0846905537459283,364,131,0.3598901098901099,248,0.267529665587918,198,0.2135922330097087,668,0.7206040992448759,1,0.0010787486515641,234,0.2524271844660194,24,0.0258899676375404,29,0.0944625407166123,36047063800,1882,124,0.0658873538788522,1882,170,0.0903294367693942,1882,62,0.0329436769394261,81305,0.081305,11401.512822089662,0.7657602247637605
360470063002,360470063002,Block Group 2; Census Tract 63; Kings County; New York,Brooklyn,1121,532,413,0.7763157894736842,664,210,0.3162650602409638,231,0.2060660124888492,68,0.0606601248884924,770,0.6868867082961642,5,0.0044603033006244,62,0.055307760927743,84,0.0749330954504906,0,0.0,36047006300,1904,65,0.0341386554621848,1904,183,0.0961134453781512,1904,87,0.0456932773109243,69741,0.069741,16073.758621184095,0.8822207081578256
360470640002,360470640002,Block Group 2; Census Tract 640; Kings County; New York,Brooklyn,460,194,32,0.1649484536082474,133,16,0.1203007518796992,83,0.1804347826086956,141,0.3065217391304348,397,0.8630434782608696,0,0.0,33,0.0717391304347826,24,0.0521739130434782,22,0.1134020618556701,36047064000,1327,89,0.06706857573474,1317,76,0.0577069096431283,1317,64,0.0485952923310554,76631,0.076631,6002.792603515548,0.9116283674549016
360470642002,360470642002,Block Group 2; Census Tract 642; Kings County; New York,Brooklyn,1151,392,309,0.7882653061224489,371,103,0.2776280323450135,220,0.1911381407471763,324,0.2814943527367506,848,0.736750651607298,51,0.0443092962641181,84,0.0729800173761946,24,0.0208514335360556,143,0.3647959183673469,36047064200,2277,601,0.2639437856829161,2263,282,0.1246133451171011,2263,98,0.0433053468846663,70826,0.070826,16251.094230932144,0.973705202928996
360470644002,360470644002,Block Group 2; Census Tract 644; Kings County; New York,Brooklyn,52,18,0,0.0,18,18,1.0,6,0.1153846153846153,21,0.4038461538461538,52,1.0,0,0.0,0,0.0,0,0.0,0,0.0,36047064400,2166,531,0.2451523545706371,2159,205,0.0949513663733209,2159,17,0.0078740157480314,9932,0.009932,5235.602094240838,0.9087938598650572
360470646002,360470646002,Block Group 2; Census Tract 646; Kings County; New York,Brooklyn,1330,482,98,0.2033195020746888,408,127,0.3112745098039216,426,0.3203007518796992,311,0.2338345864661654,772,0.5804511278195489,2,0.0015037593984962,385,0.2894736842105263,143,0.1075187969924812,38,0.0788381742738589,36047064600,2154,201,0.0933147632311977,2154,191,0.0886722376973073,2154,67,0.0311049210770659,86372,0.086372,15398.50877599222,0.9335499590621166
360470648002,360470648002,Block Group 2; Census Tract 648; Kings County; New York,Brooklyn,998,302,49,0.162251655629139,437,89,0.2036613272311213,287,0.2875751503006012,234,0.2344689378757515,616,0.6172344689378757,10,0.0100200400801603,99,0.0991983967935871,273,0.2735470941883767,10,0.0331125827814569,36047064800,1828,133,0.0727571115973741,1828,258,0.1411378555798687,1828,27,0.0147702407002188,75288,0.075288,13255.764530868137,0.8626516339135196
360470064002,360470064002,Block Group 2; Census Tract 64; Kings County; New York,Brooklyn,848,285,192,0.6736842105263158,448,230,0.5133928571428571,210,0.2476415094339622,74,0.0872641509433962,576,0.6792452830188679,20,0.0235849056603773,65,0.0766509433962264,105,0.1238207547169811,11,0.0385964912280701,36047006400,3461,621,0.179427911008379,3461,373,0.1077723201386882,3461,77,0.0222479052297023,60803,0.060803,13946.680262487049,0.8017676679088875
360470650002,360470650002,Block Group 2; Census Tract 650; Kings County; New York,Brooklyn,893,405,199,0.491358024691358,424,118,0.2783018867924528,133,0.1489361702127659,160,0.1791713325867861,306,0.3426651735722284,432,0.4837625979843225,9,0.0100783874580067,122,0.1366181410974244,0,0.0,36047065000,1286,138,0.1073094867807153,1286,364,0.2830482115085536,1286,24,0.0186625194401244,87426,0.087426,10214.35270972022,0.9492545145629064
360470654002,360470654002,Block Group 2; Census Tract 654; Kings County; New York,Brooklyn,910,217,16,0.0737327188940092,320,63,0.196875,188,0.2065934065934065,326,0.3582417582417582,486,0.5340659340659341,0,0.0,363,0.3989010989010989,49,0.0538461538461538,18,0.0829493087557603,36047065400,1654,38,0.022974607013301,1648,277,0.1680825242718446,1648,4,0.0024271844660194,76147,0.076147,11950.56929360316,0.784152306991778
360470656002,360470656002,Block Group 2; Census Tract 656; Kings County; New York,Brooklyn,841,328,58,0.1768292682926829,342,109,0.3187134502923976,143,0.1700356718192628,233,0.2770511296076099,624,0.7419738406658739,0,0.0,115,0.1367419738406659,55,0.065398335315101,0,0.0,36047065600,1675,72,0.0429850746268656,1675,141,0.0841791044776119,1675,46,0.0274626865671641,76844,0.076844,10944.25068970902,0.6708356085588343
360470658002,360470658002,Block Group 2; Census Tract 658; Kings County; New York,Brooklyn,1166,377,132,0.3501326259946949,399,75,0.18796992481203,312,0.2675814751286449,253,0.2169811320754717,545,0.467409948542024,0,0.0,339,0.29073756432247,155,0.1329331046312178,11,0.0291777188328912,36047065800,1756,288,0.164009111617312,1756,195,0.1110478359908883,1756,30,0.0170842824601366,76449,0.076449,15251.998064068855,0.6443828847707882
360470065002,360470065002,Block Group 2; Census Tract 65; Kings County; New York,Brooklyn,717,243,153,0.6296296296296297,376,110,0.2925531914893617,248,0.3458856345885635,42,0.0585774058577405,465,0.6485355648535565,0,0.0,38,0.0529986052998605,92,0.1283124128312412,0,0.0,36047006500,6089,241,0.0395795697158811,6089,241,0.0395795697158811,6089,76,0.0124815240597799,30481,0.030481,23522.850300187,0.8850901264541913
360470660002,360470660002,Block Group 2; Census Tract 660; Kings County; New York,Brooklyn,958,335,131,0.3910447761194029,434,238,0.5483870967741935,174,0.1816283924843423,121,0.1263048016701461,600,0.6263048016701461,6,0.0062630480167014,239,0.2494780793319415,87,0.0908141962421711,54,0.1611940298507462,36047066000,1893,143,0.0755414685684099,1893,96,0.0507131537242472,1893,103,0.0544109878499735,76195,0.076195,12573.0034779185,0.8468817718986926
360470066002,360470066002,Block Group 2; Census Tract 66; Kings County; New York,Brooklyn,1159,541,427,0.789279112754159,601,251,0.4176372712146423,213,0.1837791199309749,170,0.1466781708369283,670,0.5780845556514237,40,0.0345125107851596,179,0.1544434857635893,260,0.2243313201035375,31,0.0573012939001848,36047006600,4104,713,0.1737329434697855,4104,420,0.1023391812865497,4104,155,0.0377680311890838,39405,0.039405,29412.511102651944,0.7933711347654626
360470670002,360470670002,Block Group 2; Census Tract 670; Kings County; New York,Brooklyn,1755,691,480,0.6946454413892909,848,431,0.5082547169811321,283,0.1612535612535612,234,0.1333333333333333,378,0.2153846153846154,938,0.5344729344729344,258,0.147008547008547,103,0.0586894586894586,17,0.024602026049204,36047067000,2486,361,0.1452131938857602,2486,369,0.1484312148028962,2486,51,0.0205148833467417,140420,0.14042,12498.219626833785,0.8179875836191649
360470674002,360470674002,Block Group 2; Census Tract 674; Kings County; New York,Brooklyn,886,259,37,0.1428571428571428,416,166,0.3990384615384615,99,0.1117381489841986,184,0.2076749435665914,83,0.0936794582392776,498,0.5620767494356659,56,0.0632054176072234,37,0.0417607223476298,26,0.1003861003861003,36047067400,1891,151,0.0798519301956636,1909,239,0.1251964379256155,1909,40,0.0209533787323205,94770,0.09477,9348.95008969083,0.8390623017150487
360470676002,360470676002,Block Group 2; Census Tract 676; Kings County; New York,Brooklyn,287,103,41,0.3980582524271844,148,44,0.2972972972972973,27,0.0940766550522648,96,0.3344947735191638,49,0.1707317073170731,142,0.494773519163763,30,0.1045296167247386,65,0.2264808362369338,8,0.0776699029126213,36047067600,1491,112,0.0751173708920187,1510,213,0.1410596026490066,1510,72,0.047682119205298,88594,0.088594,3239.497031401675,0.7782503064867289
360470678002,360470678002,Block Group 2; Census Tract 678; Kings County; New York,Brooklyn,1006,273,179,0.6556776556776557,337,205,0.6083086053412463,228,0.2266401590457256,110,0.1093439363817097,0,0.0,867,0.8618290258449304,1,0.0009940357852882,2,0.0019880715705765,0,0.0,36047067800,2569,490,0.1907356948228883,2569,367,0.1428571428571428,2569,240,0.0934215648112105,82529,0.082529,12189.654545674854,0.8409120832473495
360470067002,360470067002,Block Group 2; Census Tract 67; Kings County; New York,Brooklyn,1228,490,340,0.6938775510204082,647,222,0.3431221020092735,424,0.3452768729641693,68,0.0553745928338762,992,0.8078175895765473,0,0.0,89,0.0724755700325733,75,0.0610749185667752,0,0.0,36047006700,4032,154,0.0381944444444444,4032,304,0.0753968253968253,4032,86,0.021329365079365,28532,0.028532,43039.39436422263,0.8802598637885906
360470680002,360470680002,Block Group 2; Census Tract 680; Kings County; New York,Brooklyn,578,224,95,0.4241071428571428,270,81,0.3,99,0.1712802768166089,92,0.1591695501730103,82,0.1418685121107266,415,0.7179930795847751,0,0.0,81,0.1401384083044982,22,0.0982142857142857,36047068000,1759,101,0.0574189880613985,1759,123,0.0699260943718021,1759,112,0.0636725412166003,88219,0.088219,6551.876579875083,0.8348966902312903
360470682002,360470682002,Block Group 2; Census Tract 682; Kings County; New York,Brooklyn,1407,468,137,0.2927350427350427,546,161,0.2948717948717949,198,0.1407249466950959,478,0.339729921819474,165,0.1172707889125799,677,0.4811656005685856,15,0.0106609808102345,376,0.2672352523098791,12,0.0256410256410256,36047068200,2907,126,0.0433436532507739,2907,257,0.088407292741658,2907,94,0.0323357413140694,96326,0.096326,14606.648256960738,0.6209415763781054
360470686002,360470686002,Block Group 2; Census Tract 686; Kings County; New York,Brooklyn,912,358,193,0.5391061452513967,466,127,0.2725321888412017,225,0.2467105263157894,153,0.1677631578947368,404,0.4429824561403508,423,0.4638157894736842,60,0.0657894736842105,25,0.0274122807017543,13,0.0363128491620111,36047068600,1649,71,0.0430563978168587,1649,235,0.1425106124924196,1649,53,0.0321406913280776,76998,0.076998,11844.463492558249,0.629498662741017
360470688002,360470688002,Block Group 2; Census Tract 688; Kings County; New York,Brooklyn,728,293,81,0.2764505119453925,391,136,0.3478260869565217,155,0.2129120879120879,124,0.1703296703296703,101,0.1387362637362637,316,0.4340659340659341,183,0.2513736263736263,65,0.0892857142857142,5,0.0170648464163822,36047068800,1584,47,0.0296717171717171,1584,170,0.1073232323232323,1584,21,0.0132575757575757,72012,0.072012,10109.42620674332,0.634385488060681
360470068002,360470068002,Block Group 2; Census Tract 68; Kings County; New York,Brooklyn,1744,687,613,0.8922852983988355,699,389,0.5565092989985694,388,0.2224770642201834,461,0.2643348623853211,705,0.404243119266055,195,0.1118119266055045,338,0.1938073394495413,483,0.2769495412844037,209,0.3042212518195051,36047006800,4107,558,0.1358655953250548,4107,531,0.1292914536157779,4107,292,0.0710981251521792,55522,0.055522,31410.972227225244,0.6258104629103445
360470069012,360470069012,Block Group 2; Census Tract 69.01; Kings County; New York,Brooklyn,846,355,309,0.8704225352112676,505,245,0.4851485148514851,212,0.2505910165484633,91,0.1075650118203309,671,0.793144208037825,11,0.0130023640661938,52,0.0614657210401891,65,0.0768321513002364,0,0.0,36047006901,1749,126,0.072041166380789,1783,116,0.0650588895120583,1783,85,0.0476724621424565,41248,0.041248,20510.085337470908,0.8641556481330073
360470069022,360470069022,Block Group 2; Census Tract 69.02; Kings County; New York,Brooklyn,868,347,287,0.8270893371757925,512,244,0.4765625,269,0.3099078341013825,62,0.0714285714285714,463,0.533410138248848,5,0.0057603686635944,101,0.1163594470046082,110,0.1267281105990783,0,0.0,36047006902,1906,69,0.0362014690451206,1906,86,0.0451206715634837,1906,74,0.0388247639034627,54968,0.054968,15791.005676029688,0.8493707182049162
360470690002,360470690002,Block Group 2; Census Tract 690; Kings County; New York,Brooklyn,1102,310,191,0.6161290322580645,533,295,0.5534709193245778,210,0.190562613430127,200,0.1814882032667876,140,0.1270417422867513,523,0.4745916515426497,137,0.1243194192377495,266,0.2413793103448276,8,0.0258064516129032,36047069000,1668,201,0.1205035971223021,1664,182,0.109375,1664,141,0.0847355769230769,85543,0.085543,12882.410016015338,0.8418447494035375
360470692002,360470692002,Block Group 2; Census Tract 692; Kings County; New York,Brooklyn,890,308,136,0.4415584415584415,451,147,0.3259423503325942,119,0.1337078651685393,188,0.2112359550561797,65,0.0730337078651685,660,0.7415730337078652,1,0.0011235955056179,158,0.1775280898876404,0,0.0,36047069200,2293,131,0.0571303968600087,2301,370,0.160799652325076,2301,88,0.0382442416340721,59784,0.059784,14886.926267897768,0.843257026149145
360470696012,360470696012,Block Group 2; Census Tract 696.01; Kings County; New York,Brooklyn,1867,742,528,0.7115902964959568,904,212,0.2345132743362832,544,0.2913765399035886,294,0.1574718800214247,406,0.2174611676486341,1141,0.611140867702196,66,0.0353508302088912,193,0.1033743974290305,118,0.1590296495956873,36047069601,3434,193,0.0562026790914385,3434,410,0.1193942923704135,3434,112,0.0326150262085032,277092,0.277092,6737.834365481501,0.7626443074910053
360470696022,360470696022,Block Group 2; Census Tract 696.02; Kings County; New York,Brooklyn,2462,838,329,0.3926014319809069,1276,781,0.6120689655172413,285,0.1157595450852965,815,0.3310316815597076,761,0.3090982940698619,1164,0.4727863525588952,324,0.1316003249390739,194,0.0787977254264825,207,0.247016706443914,36047069602,5844,212,0.0362765229295003,5844,655,0.1120807665982204,5844,340,0.0581793292265571,261302,0.261302,9422.048051679669,0.6635213535577428
360470698002,360470698002,Block Group 2; Census Tract 698; Kings County; New York,Brooklyn,732,207,80,0.3864734299516908,339,59,0.1740412979351032,157,0.2144808743169398,251,0.3428961748633879,318,0.4344262295081967,84,0.1147540983606557,94,0.1284153005464481,163,0.2226775956284153,25,0.1207729468599033,36047069800,1337,47,0.0351533283470456,1337,178,0.1331338818249813,1337,58,0.0433807030665669,423542,0.423542,1728.2819649527084,0.747289680754464
360470700002,360470700002,Block Group 2; Census Tract 700; Kings County; New York,Brooklyn,525,317,232,0.7318611987381703,259,17,0.0656370656370656,65,0.1238095238095238,134,0.2552380952380952,438,0.8342857142857143,22,0.0419047619047619,2,0.0038095238095238,54,0.1028571428571428,25,0.0788643533123028,36047070000,1214,56,0.0461285008237232,1214,168,0.1383855024711696,1214,153,0.1260296540362438,110206,0.110206,4763.805963377675,0.4811381306409494
360470702012,360470702012,Block Group 2; Census Tract 702.01; Kings County; New York,Brooklyn,711,196,148,0.7551020408163265,164,124,0.7560975609756098,319,0.4486638537271448,122,0.1715893108298171,541,0.7609001406469761,43,0.060478199718706,6,0.0084388185654008,121,0.170182841068917,29,0.1479591836734693,36047070201,6531,261,0.0399632521819017,6531,813,0.1244832338079926,6531,265,0.0405757158168733,174530,0.17453,4073.79820088237,0.4971260514944519
360470706012,360470706012,Block Group 2; Census Tract 706.01; Kings County; New York,Brooklyn,1764,617,98,0.1588330632090761,733,143,0.1950886766712141,366,0.2074829931972789,490,0.2777777777777778,1334,0.7562358276643991,0,0.0,29,0.0164399092970521,32,0.0181405895691609,14,0.0226904376012965,36047070601,2437,8,0.003282724661469,2437,244,0.100123102174805,2437,43,0.0176446450553959,308698,0.308698,5714.322736136937,0.4914364457073448
360470070002,360470070002,Block Group 2; Census Tract 70; Kings County; New York,Brooklyn,882,374,298,0.7967914438502673,391,217,0.5549872122762148,104,0.1179138321995464,152,0.1723356009070294,446,0.5056689342403629,82,0.0929705215419501,68,0.0770975056689342,286,0.3242630385487528,62,0.1657754010695187,36047007000,2591,147,0.0567348514087225,2591,523,0.2018525665766113,2591,75,0.0289463527595522,54454,0.054454,16197.157233628384,0.8170451903688438
360470071002,360470071002,Block Group 2; Census Tract 71; Kings County; New York,Brooklyn,2103,886,870,0.981941309255079,705,279,0.3957446808510638,571,0.2715168806466952,502,0.2387066096053257,147,0.0699001426533523,1003,0.4769377080361388,240,0.1141226818830242,434,0.2063718497384688,147,0.1659142212189616,36047007100,4050,829,0.2046913580246913,4050,747,0.1844444444444444,4050,277,0.068395061728395,86300,0.0863,24368.48203939745,0.8558808889169249
360470722002,360470722002,Block Group 2; Census Tract 722; Kings County; New York,Brooklyn,1070,541,170,0.3142329020332717,609,178,0.2922824302134647,169,0.1579439252336448,209,0.1953271028037383,3,0.002803738317757,782,0.7308411214953271,0,0.0,13,0.0121495327102803,5,0.0092421441774491,36047072200,2242,241,0.107493309545049,2213,145,0.0655219159511974,2213,54,0.0244012652507907,107406,0.107406,9962.199504683163,0.8467935782048499
360470724002,360470724002,Block Group 2; Census Tract 724; Kings County; New York,Brooklyn,876,371,224,0.6037735849056604,427,211,0.4941451990632318,166,0.1894977168949771,178,0.2031963470319634,11,0.0125570776255707,809,0.9235159817351598,0,0.0,34,0.0388127853881278,0,0.0,36047072400,1586,276,0.1740226986128625,1586,169,0.1065573770491803,1586,33,0.0208070617906683,128710,0.12871,6805.997979954938,0.7983777567163782
360470728002,360470728002,Block Group 2; Census Tract 728; Kings County; New York,Brooklyn,584,231,42,0.1818181818181818,310,72,0.232258064516129,69,0.1181506849315068,254,0.4349315068493151,0,0.0,505,0.8647260273972602,0,0.0,8,0.0136986301369863,20,0.0865800865800865,36047072800,3070,321,0.1045602605863192,3153,318,0.1008563273073263,3153,178,0.0564541706311449,85712,0.085712,6813.5150270673885,0.7885157287108009
360470730002,360470730002,Block Group 2; Census Tract 730; Kings County; New York,Brooklyn,813,305,159,0.521311475409836,383,279,0.7284595300261096,30,0.03690036900369,175,0.2152521525215252,92,0.1131611316113161,598,0.7355473554735548,35,0.043050430504305,4,0.004920049200492,0,0.0,36047073000,2108,58,0.0275142314990512,2109,150,0.0711237553342816,2109,118,0.0559506875296349,67576,0.067576,12030.898543861727,0.8614073568775021
360470732002,360470732002,Block Group 2; Census Tract 732; Kings County; New York,Brooklyn,964,329,87,0.2644376899696048,304,104,0.3421052631578947,313,0.3246887966804979,155,0.1607883817427386,0,0.0,842,0.8734439834024896,34,0.0352697095435684,8,0.0082987551867219,0,0.0,36047073200,1877,273,0.1454448588172615,1877,95,0.0506126798082045,1877,131,0.069792221630261,84357,0.084357,11427.623078108514,0.7847224042009429
360470734002,360470734002,Block Group 2; Census Tract 734; Kings County; New York,Brooklyn,469,218,82,0.3761467889908257,265,118,0.4452830188679245,65,0.138592750533049,156,0.3326226012793177,33,0.0703624733475479,270,0.5756929637526652,24,0.0511727078891258,53,0.1130063965884861,0,0.0,36047073400,1133,70,0.0617828773168579,1142,207,0.1812609457092819,1142,49,0.0429071803852889,66908,0.066908,7009.625156931907,0.8661106931692565
360470736002,360470736002,Block Group 2; Census Tract 736; Kings County; New York,Brooklyn,655,287,156,0.5435540069686411,393,246,0.6259541984732825,35,0.0534351145038167,221,0.3374045801526718,22,0.0335877862595419,431,0.6580152671755726,82,0.1251908396946565,118,0.1801526717557252,32,0.1114982578397212,36047073600,2918,190,0.0651130911583276,2918,291,0.0997258396161754,2918,122,0.0418094585332419,52202,0.052202,12547.411976552625,0.9444679203704296
360470738002,360470738002,Block Group 2; Census Tract 738; Kings County; New York,Brooklyn,979,337,226,0.6706231454005934,488,376,0.7704918032786885,253,0.2584269662921348,127,0.1297242083758937,147,0.1501532175689479,226,0.2308478038815117,73,0.0745658835546476,245,0.2502553626149131,44,0.1305637982195845,36047073800,3517,168,0.0477679840773386,3517,406,0.1154392948535683,3517,128,0.0363946545351151,48339,0.048339,20252.797947826806,0.944134203438172
360470740002,360470740002,Block Group 2; Census Tract 740; Kings County; New York,Brooklyn,1690,465,321,0.6903225806451613,717,286,0.398884239888424,373,0.2207100591715976,333,0.1970414201183432,475,0.2810650887573964,488,0.2887573964497041,372,0.2201183431952662,228,0.1349112426035503,0,0.0,36047074000,3287,507,0.1542439914815941,3287,495,0.150593246121083,3287,275,0.0836629145117128,78538,0.078538,21518.245944638264,0.8621977291661628
360470742002,360470742002,Block Group 2; Census Tract 742; Kings County; New York,Brooklyn,1211,514,400,0.7782101167315175,627,237,0.3779904306220095,231,0.1907514450867052,204,0.1684558216350123,290,0.2394715111478117,401,0.3311312964492155,60,0.0495458298926507,175,0.1445086705202312,16,0.0311284046692607,36047074200,2516,273,0.1085055643879173,2516,449,0.1784578696343402,2516,112,0.0445151033386327,67054,0.067054,18060.070987562263,0.925689846417686
360470744002,360470744002,Block Group 2; Census Tract 744; Kings County; New York,Brooklyn,1197,313,56,0.1789137380191693,403,64,0.1588089330024814,378,0.3157894736842105,170,0.1420217209690893,1005,0.8395989974937343,48,0.0401002506265664,21,0.0175438596491228,29,0.0242272347535505,6,0.0191693290734824,36047074400,2648,324,0.1223564954682779,2648,197,0.0743957703927492,2648,92,0.0347432024169184,84282,0.084282,14202.320780237776,0.9232183948496252
360470746002,360470746002,Block Group 2; Census Tract 746; Kings County; New York,Brooklyn,1350,366,248,0.6775956284153005,531,161,0.3032015065913371,456,0.3377777777777778,220,0.1629629629629629,1284,0.9511111111111112,47,0.0348148148148148,0,0.0,19,0.014074074074074,15,0.040983606557377,36047074600,2334,255,0.1092544987146529,2334,198,0.0848329048843187,2334,39,0.0167095115681233,118078,0.118078,11433.12047968292,0.9536217623620732
360470748002,360470748002,Block Group 2; Census Tract 748; Kings County; New York,Brooklyn,911,455,347,0.7626373626373626,445,247,0.5550561797752809,229,0.2513721185510428,167,0.1833150384193194,392,0.4302963776070252,424,0.4654226125137212,12,0.0131723380900109,81,0.0889132821075741,7,0.0153846153846153,36047074800,1504,236,0.1569148936170212,1504,173,0.1150265957446808,1504,217,0.144281914893617,45752,0.045752,19911.697849274347,0.9624587866815602
360470074002,360470074002,Block Group 2; Census Tract 74; Kings County; New York,Brooklyn,1721,413,363,0.8789346246973365,595,151,0.253781512605042,634,0.368390470656595,231,0.1342242882045322,191,0.1109819872167344,0,0.0,575,0.3341080766995932,955,0.5549099360836722,178,0.4309927360774818,36047007400,5473,1134,0.2071989767951763,5478,348,0.0635268346111719,5478,814,0.1485943775100401,39354,0.039354,43731.25984652131,0.9153658167029466
360470750002,360470750002,Block Group 2; Census Tract 750; Kings County; New York,Brooklyn,1216,448,200,0.4464285714285714,698,214,0.3065902578796561,161,0.1324013157894736,215,0.1768092105263158,416,0.3421052631578947,465,0.3824013157894737,0,0.0,147,0.1208881578947368,57,0.1272321428571428,36047075000,2802,125,0.0446109921484653,2802,203,0.0724482512491077,2802,60,0.0214132762312633,86716,0.086716,14022.787028921995,0.889405991380488
360470754002,360470754002,Block Group 2; Census Tract 754; Kings County; New York,Brooklyn,437,207,43,0.2077294685990338,130,38,0.2923076923076923,16,0.0366132723112128,222,0.5080091533180778,437,1.0,0,0.0,0,0.0,0,0.0,0,0.0,36047075400,1000,15,0.015,1000,258,0.258,1000,2,0.002,86738,0.086738,5038.160898337523,0.8886798052482545
360470756002,360470756002,Block Group 2; Census Tract 756; Kings County; New York,Brooklyn,699,300,131,0.4366666666666666,230,11,0.0478260869565217,155,0.2217453505007153,227,0.3247496423462088,589,0.8426323319027181,34,0.0486409155937052,31,0.044349070100143,22,0.0314735336194563,6,0.02,36047075600,1720,178,0.1034883720930232,1720,125,0.0726744186046511,1720,97,0.0563953488372093,91207,0.091207,7663.885447388907,0.8958785687902133
360470758002,360470758002,Block Group 2; Census Tract 758; Kings County; New York,Brooklyn,948,502,366,0.7290836653386454,276,31,0.1123188405797101,154,0.1624472573839662,506,0.5337552742616034,862,0.9092827004219408,27,0.0284810126582278,29,0.030590717299578,18,0.0189873417721519,176,0.350597609561753,36047075800,1388,147,0.105907780979827,1400,456,0.3257142857142857,1400,16,0.0114285714285714,68718,0.068718,13795.512092901425,0.9040530989984498
360470075002,360470075002,Block Group 2; Census Tract 75; Kings County; New York,Brooklyn,1046,348,211,0.6063218390804598,634,309,0.4873817034700315,313,0.2992351816443594,126,0.1204588910133843,522,0.4990439770554493,24,0.022944550669216,124,0.1185468451242829,133,0.127151051625239,0,0.0,36047007500,4766,796,0.1670163659253042,4766,353,0.0740663029794376,4766,300,0.0629458665547629,56523,0.056523,18505.74102577712,0.8053365137674401
360470760002,360470760002,Block Group 2; Census Tract 760; Kings County; New York,Brooklyn,1206,534,353,0.6610486891385767,554,278,0.5018050541516246,215,0.1782752902155887,278,0.2305140961857379,1053,0.8731343283582089,2,0.0016583747927031,45,0.0373134328358208,11,0.0091210613598673,226,0.4232209737827715,36047076000,3205,273,0.085179407176287,3205,326,0.1017160686427457,3205,112,0.0349453978159126,47408,0.047408,25438.744515693554,0.8982852152182347
360470762002,360470762002,Block Group 2; Census Tract 762; Kings County; New York,Brooklyn,1218,504,376,0.746031746031746,623,280,0.449438202247191,243,0.1995073891625615,127,0.1042692939244663,507,0.4162561576354679,263,0.215927750410509,253,0.2077175697865353,162,0.1330049261083744,118,0.2341269841269841,36047076200,4176,1242,0.2974137931034483,4224,539,0.1276041666666666,4224,311,0.0736268939393939,70683,0.070683,17231.866219600186,0.8153105576288402
360470764002,360470764002,Block Group 2; Census Tract 764; Kings County; New York,Brooklyn,1852,537,537,1.0,845,515,0.6094674556213018,756,0.408207343412527,204,0.1101511879049676,103,0.0556155507559395,848,0.4578833693304535,351,0.1895248380129589,503,0.2715982721382289,134,0.249534450651769,36047076400,4301,975,0.2266914671006742,4301,465,0.10811439200186,4301,1013,0.23552662171588,49186,0.049186,37652.99068840727,0.6453870975437453
360470768002,360470768002,Block Group 2; Census Tract 768; Kings County; New York,Brooklyn,1110,385,283,0.7350649350649351,380,72,0.1894736842105263,200,0.1801801801801801,307,0.2765765765765766,793,0.7144144144144144,11,0.0099099099099099,231,0.2081081081081081,75,0.0675675675675675,131,0.3402597402597402,36047076800,3737,778,0.2081883864062081,3893,453,0.1163627022861546,3893,188,0.0482918058052915,73273,0.073273,15148.826989477706,0.8082318328388034
360470076002,360470076002,Block Group 2; Census Tract 76; Kings County; New York,Brooklyn,924,355,313,0.8816901408450705,534,336,0.6292134831460674,212,0.2294372294372294,128,0.1385281385281385,391,0.4231601731601732,0,0.0,49,0.053030303030303,484,0.5238095238095238,87,0.2450704225352112,36047007600,4095,600,0.1465201465201465,4096,514,0.12548828125,4096,649,0.158447265625,38692,0.038692,23880.90561356353,0.958860433849948
360470770002,360470770002,Block Group 2; Census Tract 770; Kings County; New York,Brooklyn,1355,551,416,0.7549909255898367,608,312,0.5131578947368421,327,0.2413284132841328,140,0.1033210332103321,213,0.1571955719557195,925,0.6826568265682657,8,0.0059040590405904,54,0.0398523985239852,0,0.0,36047077000,2607,346,0.1327196010740314,2780,327,0.1176258992805755,2780,87,0.0312949640287769,117436,0.117436,11538.199529956742,0.356693482947006
360470772002,360470772002,Block Group 2; Census Tract 772; Kings County; New York,Brooklyn,1418,613,518,0.8450244698205547,700,335,0.4785714285714286,236,0.1664315937940761,325,0.2291960507757404,715,0.504231311706629,384,0.2708039492242595,50,0.0352609308885754,63,0.044428772919605,123,0.200652528548124,36047077200,3063,759,0.2477962781586679,3063,509,0.1661769507019262,3063,90,0.029382957884427,279637,0.279637,5070.859721710646,0.8506693609104633
360470774002,360470774002,Block Group 2; Census Tract 774; Kings County; New York,Brooklyn,2079,859,796,0.9266589057043072,1184,859,0.7255067567567568,446,0.2145262145262145,322,0.1548821548821548,306,0.1471861471861472,1172,0.5637325637325638,65,0.0312650312650312,390,0.1875901875901875,133,0.1548311990686845,36047077400,2906,268,0.0922229869236063,2906,276,0.0949759119064005,2906,146,0.0502408809359944,88087,0.088087,23601.666534221848,0.8865049137653997
360470776002,360470776002,Block Group 2; Census Tract 776; Kings County; New York,Brooklyn,1429,821,602,0.7332521315468941,626,303,0.4840255591054313,226,0.1581525542337298,472,0.3303009097270818,25,0.0174947515745276,1130,0.7907627711686495,65,0.0454863540937718,121,0.0846745976207137,53,0.0645554202192448,36047077600,3448,264,0.0765661252900232,3448,630,0.1827146171693735,3448,101,0.0292923433874709,46429,0.046429,30778.17743220832,0.912273756977019
360470077002,360470077002,Block Group 2; Census Tract 77; Kings County; New York,Brooklyn,1358,434,297,0.684331797235023,825,308,0.3733333333333333,417,0.3070692194403535,29,0.0213549337260677,1110,0.8173784977908689,12,0.0088365243004418,43,0.0316642120765832,77,0.056701030927835,0,0.0,36047007700,5974,311,0.052058921995313,5974,422,0.070639437562772,5974,56,0.0093739537997991,85799,0.085799,15827.69029942074,0.8046475072306175
360470780002,360470780002,Block Group 2; Census Tract 780; Kings County; New York,Brooklyn,1338,392,132,0.336734693877551,652,402,0.6165644171779141,263,0.1965620328849028,307,0.2294469357249626,35,0.0261584454409566,1153,0.8617339312406577,0,0.0,120,0.0896860986547085,10,0.0255102040816326,36047078000,2161,50,0.0231374363720499,2161,230,0.1064322073114299,2161,23,0.0106432207311429,83556,0.083556,16013.21269567715,0.8593046181671842
360470782002,360470782002,Block Group 2; Census Tract 782; Kings County; New York,Brooklyn,2662,1073,996,0.9282385834109972,1097,640,0.5834092980856882,537,0.2017280240420736,548,0.2058602554470323,12,0.0045078888054094,1962,0.7370398196844478,16,0.0060105184072126,462,0.1735537190082644,132,0.1230195712954333,36047078200,4086,632,0.154674498286833,4086,664,0.162506118453255,4086,245,0.0599608418991678,63528,0.063528,41902.783024807955,0.8345029038265793
360470784002,360470784002,Block Group 2; Census Tract 784; Kings County; New York,Brooklyn,1250,466,355,0.7618025751072961,534,128,0.2397003745318352,209,0.1672,254,0.2032,27,0.0216,951,0.7608,70,0.056,104,0.0832,33,0.0708154506437768,36047078400,2448,189,0.0772058823529411,2463,268,0.1088103938286642,2463,140,0.0568412505075111,84950,0.08495,14714.537963507946,0.8646167249059581
360470786012,360470786012,Block Group 2; Census Tract 786.01; Kings County; New York,Brooklyn,900,446,352,0.7892376681614349,421,194,0.4608076009501187,164,0.1822222222222222,125,0.1388888888888889,136,0.1511111111111111,562,0.6244444444444445,131,0.1455555555555555,46,0.0511111111111111,41,0.0919282511210762,36047078601,2220,219,0.0986486486486486,2220,306,0.1378378378378378,2220,67,0.0301801801801801,42310,0.04231,21271.567005436067,0.8835869236092666
360470786022,360470786022,Block Group 2; Census Tract 786.02; Kings County; New York,Brooklyn,1210,419,370,0.883054892601432,525,310,0.5904761904761905,346,0.2859504132231405,142,0.1173553719008264,63,0.0520661157024793,911,0.7528925619834711,0,0.0,121,0.1,25,0.0596658711217183,36047078602,2072,420,0.2027027027027027,2104,314,0.1492395437262357,2104,58,0.0275665399239543,62089,0.062089,19488.154101370612,0.9185427388552616
360470788012,360470788012,Block Group 2; Census Tract 788.01; Kings County; New York,Brooklyn,893,319,245,0.768025078369906,405,165,0.4074074074074074,241,0.2698768197088466,82,0.0918253079507278,42,0.0470324748040313,480,0.5375139977603584,23,0.0257558790593505,206,0.2306830907054871,7,0.0219435736677116,36047078801,1659,346,0.2085593731163351,1695,277,0.1634218289085545,1695,104,0.0613569321533923,51068,0.051068,17486.48860343072,0.6346633168422858
360470078002,360470078002,Block Group 2; Census Tract 78; Kings County; New York,Brooklyn,1235,384,343,0.8932291666666666,577,247,0.4280762564991334,328,0.2655870445344129,131,0.1060728744939271,391,0.3165991902834008,29,0.0234817813765182,234,0.1894736842105263,513,0.4153846153846154,63,0.1640625,36047007800,4705,1025,0.2178533475026567,4713,368,0.0780819011245491,4713,547,0.1160619562911097,38658,0.038658,31946.81566558022,0.8797280789780639
360470790022,360470790022,Block Group 2; Census Tract 790.02; Kings County; New York,Brooklyn,718,307,284,0.9250814332247556,393,229,0.5826972010178118,150,0.2089136490250696,132,0.1838440111420612,10,0.0139275766016713,450,0.6267409470752089,72,0.1002785515320334,106,0.1476323119777158,4,0.013029315960912,36047079002,2768,497,0.1795520231213873,2708,239,0.0882570162481536,2708,78,0.0288035450516986,41377,0.041377,17352.635522149987,0.8555073285761894
360470792022,360470792022,Block Group 2; Census Tract 792.02; Kings County; New York,Brooklyn,848,268,196,0.7313432835820896,276,92,0.3333333333333333,306,0.3608490566037736,62,0.0731132075471698,6,0.0070754716981132,637,0.7511792452830188,6,0.0070754716981132,108,0.1273584905660377,0,0.0,36047079202,1942,563,0.2899073120494336,1942,224,0.1153450051493305,1942,247,0.127188465499485,34618,0.034618,24495.926974406375,0.6288377920140743
360470794002,360470794002,Block Group 2; Census Tract 794; Kings County; New York,Brooklyn,1610,387,347,0.896640826873385,818,543,0.6638141809290954,247,0.153416149068323,199,0.1236024844720496,139,0.086335403726708,886,0.5503105590062112,22,0.0136645962732919,201,0.1248447204968944,9,0.0232558139534883,36047079400,2334,387,0.1658097686375321,2366,213,0.0900253592561284,2366,113,0.0477599323753169,70508,0.070508,22834.28830770976,0.8562048014887543
360470796012,360470796012,Block Group 2; Census Tract 796.01; Kings County; New York,Brooklyn,1608,762,722,0.94750656167979,1023,545,0.5327468230694037,160,0.099502487562189,251,0.156094527363184,472,0.2935323383084577,619,0.3849502487562189,118,0.0733830845771144,168,0.1044776119402985,15,0.0196850393700787,36047079601,3232,613,0.1896658415841584,3232,405,0.125309405940594,3232,176,0.0544554455445544,55648,0.055648,28895.917193789533,0.8859030770005972
360470796022,360470796022,Block Group 2; Census Tract 796.02; Kings County; New York,Brooklyn,3331,1227,1211,0.986960065199674,1808,1229,0.6797566371681416,433,0.1299909936955869,453,0.1359951966376463,384,0.1152806964875412,1820,0.5463824677274092,155,0.0465325728009606,491,0.1474031822275593,2,0.0016299918500407,36047079602,5073,773,0.1523753203232801,5073,430,0.0847624679676719,5073,350,0.0689927064853144,69877,0.069877,47669.47636561387,0.8936672844346971
360470798012,360470798012,Block Group 2; Census Tract 798.01; Kings County; New York,Brooklyn,1669,550,400,0.7272727272727273,712,388,0.5449438202247191,510,0.3055721989215099,217,0.1300179748352306,708,0.4242061114439784,820,0.4913121629718394,26,0.0155781905332534,57,0.0341521869382864,0,0.0,36047079801,3316,178,0.0536791314837153,3316,319,0.0962002412545235,3316,161,0.0485524728588661,76090,0.07609,21934.551189380996,0.8964277635818464
360470798022,360470798022,Block Group 2; Census Tract 798.02; Kings County; New York,Brooklyn,1942,1107,1107,1.0,1436,754,0.5250696378830083,116,0.0597322348094747,280,0.1441812564366632,422,0.2173017507723995,1269,0.6534500514933058,103,0.0530381050463439,26,0.0133882595262615,114,0.1029810298102981,36047079802,5004,612,0.1223021582733813,5004,754,0.1506794564348521,5004,396,0.079136690647482,31380,0.03138,61886.55194391333,0.8245450333706196
360470007002,360470007002,Block Group 2; Census Tract 7; Kings County; New York,Brooklyn,645,371,169,0.4555256064690027,488,177,0.3627049180327868,61,0.0945736434108527,136,0.2108527131782945,462,0.7162790697674418,0,0.0,90,0.1395348837209302,44,0.0682170542635658,0,0.0,36047000700,4195,172,0.0410011918951132,4243,108,0.025453688427999,4243,89,0.0209757247230732,41879,0.041879,15401.513885240813,0.9588464057214984
360470800002,360470800002,Block Group 2; Census Tract 800; Kings County; New York,Brooklyn,918,328,160,0.4878048780487805,477,296,0.6205450733752621,258,0.2810457516339869,153,0.1666666666666666,430,0.4684095860566449,80,0.0871459694989106,18,0.0196078431372549,139,0.1514161220043573,0,0.0,36047080000,3205,438,0.1366614664586583,3217,405,0.1258936897730805,3217,153,0.0475598383587193,66043,0.066043,13900.034825795314,0.8807177270246338
360470802002,360470802002,Block Group 2; Census Tract 802; Kings County; New York,Brooklyn,1001,400,374,0.935,407,139,0.3415233415233415,248,0.2477522477522477,76,0.0759240759240759,231,0.2307692307692307,605,0.6043956043956044,56,0.0559440559440559,98,0.0979020979020979,28,0.07,36047080200,3878,626,0.1614234141309953,3878,552,0.1423414130995358,3878,242,0.0624033006704486,69522,0.069522,14398.319956272837,0.6325827703266402
360470804002,360470804002,Block Group 2; Census Tract 804; Kings County; New York,Brooklyn,1367,694,655,0.9438040345821326,868,244,0.2811059907834101,173,0.1265544989027066,309,0.2260424286759327,400,0.2926115581565471,586,0.4286759326993416,74,0.0541331382589612,213,0.1558156547183613,0,0.0,36047080400,3033,566,0.1866139136168809,3033,344,0.113419057039235,3033,198,0.0652818991097922,38906,0.038906,35135.96874518069,0.8859239935020636
360470806002,360470806002,Block Group 2; Census Tract 806; Kings County; New York,Brooklyn,1928,526,436,0.8288973384030418,806,363,0.4503722084367245,810,0.4201244813278008,101,0.0523858921161825,975,0.5057053941908713,469,0.2432572614107883,0,0.0,100,0.0518672199170124,0,0.0,36047080600,4038,1047,0.2592867756315007,4038,371,0.091877166914314,4038,201,0.0497771173848439,76690,0.07669,25140.174729430175,0.9264951020786132
360470080002,360470080002,Block Group 2; Census Tract 80; Kings County; New York,Brooklyn,800,375,368,0.9813333333333332,360,217,0.6027777777777777,127,0.15875,151,0.18875,94,0.1175,14,0.0175,153,0.19125,532,0.665,178,0.4746666666666667,36047008000,3275,656,0.2003053435114503,3296,561,0.1702063106796116,3296,458,0.1389563106796116,38610,0.03861,20720.02072002072,0.9025442797461308
360470810002,360470810002,Block Group 2; Census Tract 810; Kings County; New York,Brooklyn,1119,593,485,0.8178752107925801,582,227,0.3900343642611684,184,0.1644325290437891,138,0.1233243967828418,35,0.0312779267202859,893,0.7980339588918678,84,0.0750670241286863,92,0.0822162645218945,0,0.0,36047081000,2101,476,0.2265587815326035,2101,217,0.1032841504045692,2101,29,0.0138029509757258,109177,0.109177,10249.411506086448,0.8894753706805241
360470814002,360470814002,Block Group 2; Census Tract 814; Kings County; New York,Brooklyn,1773,584,407,0.696917808219178,760,241,0.3171052631578947,602,0.3395375070501974,208,0.1173152848279751,351,0.1979695431472081,1284,0.7241962774957699,28,0.0157924421883812,101,0.056965595036661,0,0.0,36047081400,2692,445,0.1653046062407132,2692,364,0.1352154531946508,2692,67,0.0248885586924219,83265,0.083265,21293.460637722932,0.9289173049334938
360470816002,360470816002,Block Group 2; Census Tract 816; Kings County; New York,Brooklyn,1604,589,466,0.7911714770797963,708,379,0.5353107344632768,300,0.1870324189526184,301,0.1876558603491271,149,0.0928927680798005,1242,0.7743142144638404,0,0.0,144,0.0897755610972568,0,0.0,36047081600,2893,117,0.0404424472865537,2893,371,0.1282405807120636,2893,242,0.0836501901140684,67724,0.067724,23684.365955938807,0.9156726375281962
360470818002,360470818002,Block Group 2; Census Tract 818; Kings County; New York,Brooklyn,743,241,241,1.0,361,75,0.2077562326869806,67,0.0901749663526245,3,0.0040376850605652,92,0.1238223418573351,414,0.5572005383580081,54,0.0726783310901749,157,0.2113055181695827,67,0.2780082987551867,36047081800,4450,1439,0.3233707865168539,4639,867,0.1868937270963569,4639,151,0.0325501185600344,47316,0.047316,15702.933468594134,0.8996345992976578
360470820002,360470820002,Block Group 2; Census Tract 820; Kings County; New York,Brooklyn,2073,930,930,1.0,1113,610,0.5480682839173405,415,0.2001929570670526,313,0.1509889049686444,361,0.1741437530149541,1492,0.7197298601061264,58,0.0279787747226242,162,0.0781476121562952,0,0.0,36047082000,4646,820,0.1764959104606112,4646,484,0.1041756349547998,4646,198,0.0426173052087817,40968,0.040968,50600.46865846515,0.920800962378994
360470822002,360470822002,Block Group 2; Census Tract 822; Kings County; New York,Brooklyn,2116,1019,1019,1.0,1299,830,0.6389530408006159,132,0.0623818525519848,268,0.1266540642722117,78,0.0368620037807183,1741,0.8227788279773157,5,0.0023629489603024,162,0.0765595463137996,73,0.071638861629048,36047082200,6968,487,0.0698909299655568,6968,738,0.1059127439724454,6968,420,0.0602755453501722,40175,0.040175,52669.57062850031,0.8717672115801874
360470824002,360470824002,Block Group 2; Census Tract 824; Kings County; New York,Brooklyn,1295,494,459,0.9291497975708504,618,391,0.6326860841423948,227,0.1752895752895752,176,0.1359073359073359,0,0.0,924,0.7135135135135136,18,0.0138996138996138,153,0.1181467181467181,0,0.0,36047082400,5088,1210,0.237814465408805,5125,393,0.0766829268292682,5125,586,0.1143414634146341,37014,0.037014,34986.76176581834,0.8995917391643361
360470826002,360470826002,Block Group 2; Census Tract 826; Kings County; New York,Brooklyn,497,323,293,0.9071207430340558,234,188,0.8034188034188035,52,0.1046277665995975,130,0.2615694164989939,0,0.0,410,0.8249496981891348,0,0.0,0,0.0,28,0.0866873065015479,36047082600,4116,684,0.1661807580174927,4122,502,0.1217855409995148,4122,91,0.022076661814653,51608,0.051608,9630.289877538366,0.9025374474796533
360470828002,360470828002,Block Group 2; Census Tract 828; Kings County; New York,Brooklyn,1115,462,394,0.8528138528138528,435,239,0.5494252873563218,35,0.0313901345291479,284,0.2547085201793722,191,0.1713004484304932,743,0.6663677130044843,9,0.0080717488789237,129,0.1156950672645739,54,0.1168831168831168,36047082800,3414,412,0.1206795547744581,3414,348,0.101933216168717,3414,61,0.0178676039835969,55160,0.05516,20213.92313270486,0.6269995520853114
360470082002,360470082002,Block Group 2; Census Tract 82; Kings County; New York,Brooklyn,1684,837,721,0.8614097968936678,920,521,0.566304347826087,183,0.1086698337292161,457,0.2713776722090261,149,0.088479809976247,332,0.1971496437054631,203,0.1205463182897862,989,0.58729216152019,294,0.3512544802867383,36047008200,3966,1228,0.3096318709026727,3985,538,0.1350062735257214,3985,288,0.0722710163111668,54225,0.054225,31055.786076532964,0.8970543800793508
360470830002,360470830002,Block Group 2; Census Tract 830; Kings County; New York,Brooklyn,1965,650,429,0.66,1089,859,0.7887970615243343,267,0.1358778625954198,343,0.1745547073791348,35,0.0178117048346055,1353,0.6885496183206107,0,0.0,577,0.2936386768447837,0,0.0,36047083000,5673,771,0.13590692755156,5673,755,0.1330865503261061,5673,534,0.094130089899524,67435,0.067435,29139.17105360718,0.9183299578622632
360470832002,360470832002,Block Group 2; Census Tract 832; Kings County; New York,Brooklyn,1010,414,212,0.5120772946859904,524,284,0.5419847328244275,91,0.0900990099009901,327,0.3237623762376238,35,0.0346534653465346,769,0.7613861386138614,5,0.0049504950495049,60,0.0594059405940594,11,0.0265700483091787,36047083200,2090,293,0.1401913875598086,2092,265,0.1266730401529636,2092,143,0.0683556405353728,63597,0.063597,15881.252260326744,0.8046959227831011
360470834002,360470834002,Block Group 2; Census Tract 834; Kings County; New York,Brooklyn,753,246,101,0.4105691056910569,311,138,0.4437299035369775,64,0.0849933598937583,272,0.3612217795484728,35,0.046480743691899,536,0.7118193891102258,0,0.0,29,0.0385126162018592,0,0.0,36047083400,1765,187,0.1059490084985835,1830,144,0.0786885245901639,1830,70,0.0382513661202185,63565,0.063565,11846.14174467081,0.8396671225968787
360470836002,360470836002,Block Group 2; Census Tract 836; Kings County; New York,Brooklyn,1180,363,171,0.4710743801652892,543,293,0.5395948434622467,283,0.2398305084745762,184,0.1559322033898305,10,0.0084745762711864,943,0.7991525423728814,0,0.0,19,0.0161016949152542,0,0.0,36047083600,1984,169,0.0851814516129032,1984,133,0.0670362903225806,1984,139,0.0700604838709677,125286,0.125286,9418.45058506138,0.3391737184561531
360470838002,360470838002,Block Group 2; Census Tract 838; Kings County; New York,Brooklyn,969,369,182,0.4932249322493225,415,215,0.5180722891566265,31,0.0319917440660474,372,0.3839009287925696,0,0.0,858,0.8854489164086687,21,0.0216718266253869,59,0.0608875128998968,10,0.02710027100271,36047083800,1931,330,0.1708959088555152,1931,315,0.1631279129984464,1931,35,0.018125323666494,84291,0.084291,11495.889240844215,0.7324133527759715
360470840002,360470840002,Block Group 2; Census Tract 840; Kings County; New York,Brooklyn,1026,441,280,0.6349206349206349,454,196,0.4317180616740088,92,0.0896686159844054,374,0.3645224171539961,12,0.0116959064327485,779,0.7592592592592593,0,0.0,26,0.0253411306042884,8,0.0181405895691609,36047084000,2226,192,0.0862533692722372,2226,453,0.2035040431266846,2226,76,0.0341419586702605,85738,0.085738,11966.68921598358,0.5975214858799227
360470846002,360470846002,Block Group 2; Census Tract 846; Kings County; New York,Brooklyn,842,310,162,0.5225806451612903,407,282,0.6928746928746928,147,0.17458432304038,180,0.2137767220902612,7,0.008313539192399,751,0.8919239904988123,0,0.0,0,0.0,0,0.0,36047084600,2038,168,0.0824337585868498,2038,264,0.1295387634936212,2038,162,0.0794896957801766,81228,0.081228,10365.883685428673,0.8860837078857702
360470848002,360470848002,Block Group 2; Census Tract 848; Kings County; New York,Brooklyn,663,269,160,0.5947955390334573,327,166,0.5076452599388379,31,0.0467571644042232,167,0.2518853695324283,15,0.0226244343891402,496,0.7481146304675717,0,0.0,91,0.1372549019607843,0,0.0,36047084800,1443,240,0.1663201663201663,1443,279,0.1933471933471933,1443,58,0.0401940401940401,69230,0.06923,9576.773075256391,0.6455733923334216
360470084002,360470084002,Block Group 2; Census Tract 84; Kings County; New York,Brooklyn,771,236,236,1.0,479,293,0.6116910229645094,219,0.2840466926070039,47,0.0609597924773022,64,0.0830090791180285,0,0.0,153,0.1984435797665369,554,0.7185473411154345,96,0.4067796610169492,36047008400,2867,327,0.1140565050575514,2994,451,0.1506346025384101,2994,601,0.2007348029392117,73254,0.073254,10525.02252436727,0.8629300464231849
360470854002,360470854002,Block Group 2; Census Tract 854; Kings County; New York,Brooklyn,1031,410,200,0.4878048780487805,529,281,0.5311909262759924,132,0.1280310378273521,357,0.3462657613967022,49,0.0475266731328807,715,0.6935014548981572,68,0.0659553831231813,53,0.0514064015518913,16,0.0390243902439024,36047085400,2046,300,0.1466275659824047,2062,318,0.1542192046556741,2062,35,0.0169738118331716,82473,0.082473,12501.06095328168,0.8003253972629503
360470856002,360470856002,Block Group 2; Census Tract 856; Kings County; New York,Brooklyn,1173,629,461,0.7329093799682035,719,321,0.4464534075104311,190,0.1619778346121057,202,0.1722080136402387,45,0.0383631713554987,1035,0.8823529411764706,14,0.0119352088661551,31,0.0264279624893435,36,0.0572337042925278,36047085600,3161,460,0.1455235684909838,3161,276,0.0873141410945903,3161,149,0.0471369819677317,42656,0.042656,27499.06226556639,0.8991322711930753
360470858002,360470858002,Block Group 2; Census Tract 858; Kings County; New York,Brooklyn,1033,443,360,0.8126410835214447,457,181,0.3960612691466083,237,0.2294288480154888,193,0.1868344627299129,7,0.0067763794772507,623,0.6030977734753146,116,0.1122942884801549,0,0.0,11,0.0248306997742663,36047085800,1950,246,0.1261538461538461,1951,196,0.1004613018964633,1951,162,0.0830343413634033,62802,0.062802,16448.520747746887,0.8915032613092807
360470085002,360470085002,Block Group 2; Census Tract 85; Kings County; New York,Brooklyn,2182,923,923,1.0,800,153,0.19125,286,0.1310724106324473,160,0.073327222731439,0,0.0,1126,0.5160403299725023,201,0.0921173235563703,808,0.3703024747937672,73,0.0790899241603467,36047008500,6401,2356,0.3680674894547727,6401,1472,0.2299640681143571,6401,499,0.077956569286049,60766,0.060766,35908.23815949709,0.7947552420108603
360470860002,360470860002,Block Group 2; Census Tract 860; Kings County; New York,Brooklyn,841,295,232,0.7864406779661017,337,181,0.5370919881305638,237,0.2818073721759809,151,0.1795481569560047,12,0.0142687277051129,766,0.910820451843044,0,0.0,63,0.074910820451843,46,0.1559322033898305,36047086000,2627,298,0.1134373810430148,2627,356,0.1355157974876285,2627,130,0.0494861058241339,59148,0.059148,14218.570365861906,0.8591591232663194
360470862002,360470862002,Block Group 2; Census Tract 862; Kings County; New York,Brooklyn,962,421,284,0.6745843230403801,588,385,0.6547619047619048,204,0.212058212058212,170,0.1767151767151767,9,0.0093555093555093,835,0.867983367983368,0,0.0,118,0.1226611226611226,0,0.0,36047086200,2608,596,0.2285276073619632,2626,246,0.0936785986290936,2626,140,0.0533130236100533,53027,0.053027,18141.701397401324,0.8582267552052146
360470864002,360470864002,Block Group 2; Census Tract 864; Kings County; New York,Brooklyn,1248,405,307,0.7580246913580246,629,340,0.5405405405405406,160,0.1282051282051282,256,0.2051282051282051,0,0.0,1002,0.8028846153846154,22,0.0176282051282051,195,0.15625,5,0.0123456790123456,36047086400,2219,447,0.2014420910319964,2219,402,0.1811626858945471,2219,98,0.0441640378548895,91311,0.091311,13667.575648059928,0.9233593679430624
360470866002,360470866002,Block Group 2; Census Tract 866; Kings County; New York,Brooklyn,989,476,431,0.9054621848739496,433,148,0.3418013856812933,177,0.1789686552072801,195,0.1971688574317492,0,0.0,829,0.8382204246713852,0,0.0,37,0.0374115267947421,0,0.0,36047086600,2908,455,0.1564649243466299,2984,396,0.1327077747989276,2984,188,0.0630026809651474,39495,0.039495,25041.144448664385,0.8509580543596325
360470868002,360470868002,Block Group 2; Census Tract 868; Kings County; New York,Brooklyn,711,278,189,0.6798561151079137,327,140,0.4281345565749235,232,0.3263009845288326,129,0.1814345991561181,92,0.1293952180028129,444,0.6244725738396625,21,0.0295358649789029,0,0.0,0,0.0,36047086800,2952,679,0.2300135501355013,2952,245,0.0829945799457994,2952,163,0.0552168021680216,56732,0.056732,12532.609462032013,0.9129769005745612
360470870002,360470870002,Block Group 2; Census Tract 870; Kings County; New York,Brooklyn,910,391,323,0.8260869565217391,327,222,0.6788990825688074,184,0.2021978021978022,239,0.2626373626373626,0,0.0,780,0.8571428571428571,0,0.0,15,0.0164835164835164,0,0.0,36047087000,2930,654,0.2232081911262798,3006,246,0.0818363273453093,3006,309,0.1027944111776447,65134,0.065134,13971.197838302576,0.922894937598008
360470872002,360470872002,Block Group 2; Census Tract 872; Kings County; New York,Brooklyn,1510,460,278,0.6043478260869565,668,240,0.3592814371257485,526,0.3483443708609272,72,0.047682119205298,167,0.1105960264900662,1209,0.8006622516556291,70,0.0463576158940397,0,0.0,0,0.0,36047087200,3118,836,0.268120590121873,3118,290,0.0930083386786401,3118,97,0.0311096856959589,41616,0.041616,36284.121491733946,0.8539497775880358
360470874012,360470874012,Block Group 2; Census Tract 874.01; Kings County; New York,Brooklyn,1930,955,942,0.9863874345549738,833,578,0.6938775510204082,461,0.238860103626943,216,0.1119170984455958,332,0.172020725388601,1136,0.5886010362694301,0,0.0,112,0.0580310880829015,0,0.0,36047087401,3127,566,0.1810041573393028,3127,394,0.125999360409338,3127,168,0.0537256156060121,57387,0.057387,33631.310227054906,0.8789588271907406
360470876002,360470876002,Block Group 2; Census Tract 876; Kings County; New York,Brooklyn,677,342,230,0.672514619883041,287,149,0.519163763066202,109,0.1610044313146233,161,0.2378138847858198,33,0.0487444608567208,528,0.7799113737075333,0,0.0,17,0.0251107828655834,19,0.0555555555555555,36047087600,1798,382,0.2124582869855394,1798,269,0.1496106785317019,1798,39,0.021690767519466,62366,0.062366,10855.273706827438,0.849958836355722
360470878002,360470878002,Block Group 2; Census Tract 878; Kings County; New York,Brooklyn,475,5,0,0.0,17,6,0.3529411764705882,0,0.0,289,0.608421052631579,35,0.0736842105263157,383,0.8063157894736842,16,0.0336842105263157,32,0.0673684210526315,0,0.0,36047087800,2134,392,0.1836925960637301,2134,258,0.1208997188378631,2134,179,0.0838800374882849,63160,0.06316,7520.582647245093,0.8992118444784036
360470880012,360470880012,Block Group 2; Census Tract 880.01; Kings County; New York,Brooklyn,709,313,249,0.7955271565495208,321,187,0.5825545171339563,141,0.1988716502115655,248,0.3497884344146685,0,0.0,516,0.7277856135401974,0,0.0,180,0.2538787023977433,0,0.0,36047088001,1700,328,0.1929411764705882,1700,366,0.2152941176470588,1700,91,0.0535294117647058,20293,0.020293,34938.1560143892,0.9284502204941968
360470882002,360470882002,Block Group 2; Census Tract 882; Kings County; New York,Brooklyn,1461,506,506,1.0,632,346,0.5474683544303798,294,0.2012320328542094,105,0.0718685831622176,7,0.0047912388774811,1315,0.9000684462696783,0,0.0,0,0.0,0,0.0,36047088200,6532,1558,0.2385180649112063,6532,550,0.0842008573178199,6532,270,0.041334966319657,37670,0.03767,38784.1783912928,0.9337551812201392
360470884002,360470884002,Block Group 2; Census Tract 884; Kings County; New York,Brooklyn,1687,542,407,0.7509225092250923,649,284,0.4375963020030816,338,0.2003556609365738,494,0.2928275044457617,0,0.0,1498,0.8879668049792531,0,0.0,104,0.0616478956727919,0,0.0,36047088400,5208,1825,0.3504224270353303,5208,734,0.140937019969278,5208,1001,0.1922043010752688,60794,0.060794,27749.448958778827,0.8667468056305075
360470886002,360470886002,Block Group 2; Census Tract 886; Kings County; New York,Brooklyn,1597,802,802,1.0,650,330,0.5076923076923077,189,0.1183469004383218,88,0.0551033187226048,0,0.0,1439,0.9010644959298684,0,0.0,64,0.0400751408891671,0,0.0,36047088600,4258,507,0.1190699859088774,4340,488,0.112442396313364,4340,156,0.0359447004608294,54502,0.054502,29301.6770026788,0.9101964400434036
360470888002,360470888002,Block Group 2; Census Tract 888; Kings County; New York,Brooklyn,1318,589,381,0.6468590831918506,439,240,0.5466970387243736,287,0.2177541729893778,430,0.3262518968133536,0,0.0,1087,0.8247344461305007,0,0.0,32,0.0242792109256449,0,0.0,36047088800,3783,654,0.1728786677240285,3783,333,0.0880253766851705,3783,470,0.1242400211472376,71780,0.07178,18361.660629701862,0.9497873267974306
360470088002,360470088002,Block Group 2; Census Tract 88; Kings County; New York,Brooklyn,1061,407,271,0.6658476658476659,522,195,0.3735632183908046,228,0.2148916116870876,116,0.1093308199811498,324,0.3053722902921772,0,0.0,532,0.5014137606032045,159,0.1498586239396795,119,0.2923832923832923,36047008800,3197,517,0.1617141069752893,3221,357,0.110835144365104,3221,262,0.0813411983855945,60987,0.060987,17397.150212340333,0.8915071486500588
360470890002,360470890002,Block Group 2; Census Tract 890; Kings County; New York,Brooklyn,1332,484,484,1.0,453,204,0.4503311258278146,180,0.1351351351351351,96,0.072072072072072,43,0.0322822822822822,987,0.740990990990991,0,0.0,302,0.2267267267267267,0,0.0,36047089000,7122,1472,0.2066835158663297,7122,1123,0.1576804268463914,7122,756,0.1061499578770008,44497,0.044497,29934.60233274153,0.9188406688020956
360470892002,360470892002,Block Group 2; Census Tract 892; Kings County; New York,Brooklyn,611,425,425,1.0,184,140,0.7608695652173914,17,0.027823240589198,245,0.4009819967266775,0,0.0,440,0.7201309328968903,0,0.0,144,0.2356792144026186,0,0.0,36047089200,2876,1466,0.5097357440890126,2876,1146,0.3984700973574409,2876,115,0.0399860917941585,44319,0.044319,13786.412148288546,0.8435048266389362
360470894002,360470894002,Block Group 2; Census Tract 894; Kings County; New York,Brooklyn,1087,389,268,0.6889460154241646,542,328,0.6051660516605166,149,0.1370745170193192,194,0.1784728610855565,0,0.0,911,0.8380864765409384,19,0.0174793008279668,68,0.062557497700092,29,0.0745501285347043,36047089400,3513,1012,0.2880728721890122,3513,539,0.1534301167093652,3513,368,0.1047537717050953,65795,0.065795,16521.012234972262,0.8962199546290079
360470896002,360470896002,Block Group 2; Census Tract 896; Kings County; New York,Brooklyn,2122,1018,892,0.8762278978388998,935,569,0.6085561497326203,153,0.0721017907634307,434,0.2045240339302544,44,0.0207351555136663,1162,0.5475966069745523,27,0.0127238454288407,255,0.1201696512723845,3,0.0029469548133595,36047089600,3956,1514,0.3827098078867543,3956,788,0.1991911021233569,3956,177,0.04474216380182,58744,0.058744,36122.83807708021,0.9361625539300618
360470898002,360470898002,Block Group 2; Census Tract 898; Kings County; New York,Brooklyn,1389,432,425,0.9837962962962964,631,519,0.8225039619651348,342,0.2462203023758099,171,0.1231101511879049,0,0.0,642,0.4622030237580993,135,0.0971922246220302,161,0.1159107271418286,26,0.0601851851851851,36047089800,2316,583,0.251727115716753,2316,157,0.0677892918825561,2316,20,0.0086355785837651,98142,0.098142,14152.962034602924,0.8972393147186036
360470900002,360470900002,Block Group 2; Census Tract 900; Kings County; New York,Brooklyn,494,189,174,0.9206349206349206,367,108,0.2942779291553133,70,0.1417004048582996,0,0.0,42,0.0850202429149797,338,0.6842105263157895,0,0.0,44,0.0890688259109311,0,0.0,36047090000,4964,2631,0.5300161160354553,4964,746,0.1502820306204673,4964,177,0.0356567284448025,39257,0.039257,12583.74302672135,0.842951796673206
360470902002,360470902002,Block Group 2; Census Tract 902; Kings County; New York,Brooklyn,779,45,0,0.0,202,106,0.5247524752475248,64,0.0821566110397946,75,0.0962772785622593,62,0.079589216944801,513,0.6585365853658537,10,0.0128369704749679,147,0.1887034659820282,0,0.0,36047090200,3929,1651,0.4202087045049631,4017,594,0.1478715459297983,4017,339,0.0843913368185212,14337,0.014337,54334.937574108946,0.8450309813251097
360470906002,360470906002,Block Group 2; Census Tract 906; Kings County; New York,Brooklyn,1715,664,655,0.9864457831325302,394,294,0.7461928934010152,682,0.397667638483965,136,0.0793002915451895,0,0.0,1564,0.9119533527696791,0,0.0,131,0.0763848396501457,28,0.0421686746987951,36047090600,4344,2066,0.475598526703499,4344,885,0.2037292817679558,4344,354,0.0814917127071823,92435,0.092435,18553.578190079515,0.8182160028271345
360470908002,360470908002,Block Group 2; Census Tract 908; Kings County; New York,Brooklyn,1291,598,582,0.9732441471571908,533,414,0.776735459662289,362,0.2804027885360186,153,0.1185127807900852,0,0.0,774,0.5995352439969016,0,0.0,314,0.2432223082881487,16,0.0267558528428093,36047090800,6230,3100,0.4975922953451043,6230,906,0.1454253611556982,6230,473,0.0759229534510433,57869,0.057869,22309.008277316007,0.8240082574736394
360470910002,360470910002,Block Group 2; Census Tract 910; Kings County; New York,Brooklyn,1137,464,464,1.0,578,495,0.856401384083045,223,0.1961301671064204,85,0.0747581354441512,0,0.0,938,0.8249780123131046,47,0.0413368513632365,152,0.1336851363236587,89,0.1918103448275862,36047091000,5837,2888,0.4947747130375193,5837,1609,0.2756553023813602,5837,340,0.0582491005653589,41293,0.041293,27534.933281670015,0.8708402585764496
360470912002,360470912002,Block Group 2; Census Tract 912; Kings County; New York,Brooklyn,1961,891,891,1.0,576,526,0.9131944444444444,582,0.296787353391127,24,0.0122386537480877,0,0.0,1013,0.5165731769505354,0,0.0,889,0.4533401325854156,0,0.0,36047091200,6301,2347,0.3724805586414855,6301,1782,0.2828122520234883,6301,593,0.0941120457070306,55441,0.055441,35370.93486769719,0.8386608823024816
360470916002,360470916002,Block Group 2; Census Tract 916; Kings County; New York,Brooklyn,1109,413,337,0.8159806295399515,215,74,0.3441860465116279,269,0.2425608656447249,437,0.39404869251578,2,0.0018034265103697,422,0.3805229936880072,187,0.1686203787195671,0,0.0,110,0.2663438256658595,36047091600,5617,1689,0.3006943208118212,5619,1200,0.2135611318739989,5619,327,0.0581954084356647,56184,0.056184,19738.715648583227,0.8825943072903807
360470918002,360470918002,Block Group 2; Census Tract 918; Kings County; New York,Brooklyn,825,350,78,0.2228571428571428,305,139,0.4557377049180328,134,0.1624242424242424,185,0.2242424242424242,114,0.1381818181818181,637,0.7721212121212121,0,0.0,17,0.0206060606060606,0,0.0,36047091800,2453,652,0.2657969832857725,2424,514,0.212046204620462,2424,7,0.0028877887788778,111482,0.111482,7400.297805923827,0.8983246405754567
360470092012,360470092012,Block Group 2; Census Tract 92.01; Kings County; New York,Brooklyn,1340,322,239,0.7422360248447205,733,239,0.3260572987721691,312,0.2328358208955223,146,0.108955223880597,47,0.0350746268656716,0,0.0,738,0.5507462686567164,489,0.3649253731343284,156,0.484472049689441,36047009201,1986,468,0.2356495468277945,1986,202,0.1017119838872104,1986,146,0.0735146022155085,37713,0.037713,35531.51433192798,0.8655258086958151
360470092022,360470092022,Block Group 2; Census Tract 92.02; Kings County; New York,Brooklyn,1310,441,412,0.9342403628117912,496,251,0.5060483870967742,208,0.1587786259541984,139,0.1061068702290076,95,0.0725190839694656,0,0.0,344,0.2625954198473282,794,0.6061068702290077,102,0.2312925170068027,36047009202,2628,781,0.2971841704718417,2648,349,0.131797583081571,2648,366,0.1382175226586102,18888,0.018888,69356.20499788226,0.899050217896305
360470920002,360470920002,Block Group 2; Census Tract 920; Kings County; New York,Brooklyn,1810,653,458,0.7013782542113323,434,191,0.4400921658986175,656,0.3624309392265193,585,0.3232044198895027,0,0.0,1251,0.6911602209944752,0,0.0,531,0.2933701657458563,39,0.0597243491577335,36047092000,3158,496,0.1570614312856238,3202,490,0.1530293566520924,3202,29,0.0090568394753279,58965,0.058965,30696.17569744764,0.9036377620036792
360470922002,360470922002,Block Group 2; Census Tract 922; Kings County; New York,Brooklyn,2217,1093,959,0.8774016468435498,1046,703,0.6720841300191205,225,0.10148849797023,452,0.2038791159224176,0,0.0,2062,0.930085701398286,51,0.0230040595399188,65,0.029318899413622,0,0.0,36047092200,2804,97,0.0345934379457917,2842,416,0.1463757916959887,2842,239,0.0840957072484166,78568,0.078568,28217.5949495978,0.9535411557461057
360470924002,360470924002,Block Group 2; Census Tract 924; Kings County; New York,Brooklyn,866,212,147,0.6933962264150944,269,216,0.8029739776951673,291,0.336027713625866,81,0.0935334872979214,0,0.0,523,0.6039260969976905,137,0.1581986143187067,164,0.1893764434180138,0,0.0,36047092400,3306,1284,0.3883847549909255,3354,553,0.1648777579010137,3354,129,0.0384615384615384,98434,0.098434,8797.773127171506,0.8603167642868723
360470928002,360470928002,Block Group 2; Census Tract 928; Kings County; New York,Brooklyn,1563,654,365,0.5581039755351682,691,413,0.597684515195369,232,0.1484325015994881,396,0.2533589251439539,0,0.0,1214,0.7767114523352527,0,0.0,92,0.0588611644273832,0,0.0,36047092800,2663,223,0.0837401426962072,2663,306,0.1149079984979346,2663,121,0.045437476530229,88739,0.088739,17613.450681211194,0.9161460492103236
360470930002,360470930002,Block Group 2; Census Tract 930; Kings County; New York,Brooklyn,1966,602,292,0.4850498338870432,930,641,0.689247311827957,411,0.2090539165818921,409,0.2080366225839267,0,0.0,1728,0.8789420142421159,0,0.0,0,0.0,5,0.0083056478405315,36047093000,2906,284,0.0977288368891947,2986,225,0.0753516409912927,2986,240,0.0803750837240455,117449,0.117449,16739.180410220608,0.8410779996026162
360470934002,360470934002,Block Group 2; Census Tract 934; Kings County; New York,Brooklyn,1066,487,194,0.3983572895277207,446,260,0.5829596412556054,163,0.1529080675422139,259,0.2429643527204502,36,0.0337711069418386,743,0.6969981238273921,0,0.0,31,0.0290806754221388,0,0.0,36047093400,2127,346,0.1626704278326281,2175,216,0.0993103448275862,2175,74,0.0340229885057471,96483,0.096483,11048.578506058062,0.8325283152768875
360470936002,360470936002,Block Group 2; Census Tract 936; Kings County; New York,Brooklyn,669,276,101,0.3659420289855072,213,85,0.3990610328638497,111,0.1659192825112107,211,0.3153961136023916,0,0.0,576,0.8609865470852018,51,0.0762331838565022,22,0.0328849028400597,6,0.0217391304347826,36047093600,1516,148,0.0976253298153034,1529,219,0.1432308698495749,1529,80,0.0523217789404839,103466,0.103466,6465.892177140317,0.8388968632473559
360470938002,360470938002,Block Group 2; Census Tract 938; Kings County; New York,Brooklyn,1204,476,275,0.5777310924369747,581,216,0.3717728055077453,142,0.1179401993355481,220,0.1827242524916943,65,0.0539867109634551,920,0.7641196013289037,30,0.0249169435215946,87,0.0722591362126245,0,0.0,36047093800,2227,308,0.1383026493039964,2227,278,0.1248316120341266,2227,319,0.143242029636282,69429,0.069429,17341.45673997897,0.9454446144625576
360470094012,360470094012,Block Group 2; Census Tract 94.01; Kings County; New York,Brooklyn,956,219,174,0.7945205479452054,376,118,0.3138297872340425,323,0.3378661087866109,107,0.1119246861924686,58,0.0606694560669456,0,0.0,735,0.7688284518828452,163,0.1705020920502092,98,0.4474885844748858,36047009401,1946,807,0.4146968139773895,1946,142,0.0729701952723535,1946,170,0.0873586844809866,37768,0.037768,25312.433806396948,0.8897364885596784
360470094022,360470094022,Block Group 2; Census Tract 94.02; Kings County; New York,Brooklyn,1672,472,418,0.885593220338983,670,220,0.3283582089552239,583,0.3486842105263157,112,0.0669856459330143,760,0.4545454545454545,0,0.0,624,0.3732057416267942,259,0.1549043062200956,224,0.4745762711864407,36047009402,3279,710,0.2165294297041781,3280,222,0.0676829268292683,3280,339,0.1033536585365853,37773,0.037773,44264.42167685913,0.936256368644256
360470944012,360470944012,Block Group 2; Census Tract 944.01; Kings County; New York,Brooklyn,705,266,77,0.2894736842105263,237,154,0.6497890295358649,42,0.0595744680851063,211,0.2992907801418439,23,0.0326241134751773,638,0.9049645390070922,0,0.0,0,0.0,34,0.1278195488721804,36047094401,3115,400,0.1284109149277688,3158,595,0.1884103863204559,3158,211,0.0668144395186827,116614,0.116614,6045.586293240949,0.8812184335134186
360470946002,360470946002,Block Group 2; Census Tract 946; Kings County; New York,Brooklyn,461,185,68,0.3675675675675676,230,148,0.6434782608695652,127,0.2754880694143167,64,0.1388286334056399,4,0.0086767895878524,454,0.9848156182212582,0,0.0,3,0.0065075921908893,0,0.0,36047094600,1772,71,0.0400677200902934,1772,153,0.0863431151241535,1772,7,0.0039503386004514,48780,0.04878,9450.59450594506,0.9243271742962336
360470950002,360470950002,Block Group 2; Census Tract 950; Kings County; New York,Brooklyn,1313,357,163,0.4565826330532213,529,254,0.4801512287334593,149,0.1134805788271134,419,0.3191165270373191,28,0.0213252094440213,1198,0.9124143183549124,0,0.0,45,0.0342726580350342,0,0.0,36047095000,2315,133,0.0574514038876889,2333,330,0.1414487783969138,2333,85,0.0364337762537505,80790,0.08079,16252.011387547964,0.8724450689923039
360470954002,360470954002,Block Group 2; Census Tract 954; Kings County; New York,Brooklyn,1910,667,402,0.6026986506746627,957,489,0.5109717868338558,420,0.2198952879581152,365,0.1910994764397905,74,0.0387434554973822,1807,0.9460732984293194,0,0.0,23,0.0120418848167539,57,0.0854572713643178,36047095400,3807,208,0.0546361964801681,3875,373,0.096258064516129,3875,173,0.0446451612903225,78655,0.078655,24283.26234822961,0.7383043549870084
360470956002,360470956002,Block Group 2; Census Tract 956; Kings County; New York,Brooklyn,2125,745,522,0.7006711409395974,979,576,0.5883554647599591,413,0.1943529411764706,268,0.1261176470588235,0,0.0,1692,0.796235294117647,0,0.0,50,0.0235294117647058,0,0.0,36047095600,3666,727,0.1983087834151664,3666,215,0.0586470267321331,3666,261,0.0711947626841243,115947,0.115947,18327.339215331143,0.5857670781469207
360470958002,360470958002,Block Group 2; Census Tract 958; Kings County; New York,Brooklyn,1819,679,458,0.6745213549337261,934,543,0.5813704496788008,387,0.2127542605827377,276,0.1517317207256734,70,0.0384826827927432,1177,0.6470588235294118,70,0.0384826827927432,134,0.0736668499175371,23,0.0338733431516936,36047095800,2760,479,0.1735507246376811,2760,229,0.0829710144927536,2760,304,0.1101449275362318,144369,0.144369,12599.657821277422,0.8840504767266413
360470964002,360470964002,Block Group 2; Census Tract 964; Kings County; New York,Brooklyn,948,318,170,0.5345911949685535,382,180,0.4712041884816754,232,0.2447257383966244,222,0.2341772151898734,24,0.0253164556962025,694,0.7320675105485233,25,0.0263713080168776,110,0.1160337552742616,53,0.1666666666666666,36047096400,2070,219,0.1057971014492753,2086,157,0.0752636625119846,2086,197,0.0944391179290508,88584,0.088584,10701.706854510972,0.8803699640241625
360470966002,360470966002,Block Group 2; Census Tract 966; Kings County; New York,Brooklyn,790,254,129,0.5078740157480315,302,103,0.3410596026490066,251,0.3177215189873417,82,0.1037974683544303,20,0.0253164556962025,676,0.8556962025316456,33,0.0417721518987341,7,0.0088607594936708,0,0.0,36047096600,1883,312,0.1656930430164631,1872,112,0.0598290598290598,1872,106,0.0566239316239316,105242,0.105242,7506.508808270462,0.6247071776623236
360470968002,360470968002,Block Group 2; Census Tract 968; Kings County; New York,Brooklyn,585,153,45,0.2941176470588235,256,166,0.6484375,131,0.2239316239316239,99,0.1692307692307692,0,0.0,291,0.4974358974358974,0,0.0,238,0.4068376068376068,17,0.1111111111111111,36047096800,1224,157,0.1282679738562091,1224,129,0.1053921568627451,1224,51,0.0416666666666666,68615,0.068615,8525.832543904395,0.8828481296907322
360470096002,360470096002,Block Group 2; Census Tract 96; Kings County; New York,Brooklyn,1360,412,326,0.7912621359223301,825,188,0.2278787878787878,225,0.1654411764705882,88,0.0647058823529411,65,0.0477941176470588,31,0.0227941176470588,623,0.4580882352941176,501,0.3683823529411765,114,0.2766990291262136,36047009600,6032,1287,0.2133620689655172,6025,736,0.1221576763485477,6025,785,0.1302904564315352,37773,0.037773,36004.55351706245,0.8616186530703152
360470970002,360470970002,Block Group 2; Census Tract 970; Kings County; New York,Brooklyn,752,263,106,0.403041825095057,304,163,0.5361842105263158,163,0.2167553191489361,134,0.1781914893617021,29,0.038563829787234,513,0.6821808510638298,0,0.0,135,0.1795212765957446,0,0.0,36047097000,1935,92,0.0475452196382428,1935,363,0.1875968992248062,1935,105,0.0542635658914728,75386,0.075386,9975.326983790095,0.8749760438954479
360470974002,360470974002,Block Group 2; Census Tract 974; Kings County; New York,Brooklyn,662,293,200,0.6825938566552902,303,158,0.5214521452145214,158,0.2386706948640483,130,0.1963746223564954,26,0.039274924471299,506,0.7643504531722054,2,0.0030211480362537,69,0.1042296072507553,0,0.0,36047097400,2049,517,0.2523182040019521,2094,230,0.1098376313276026,2094,190,0.0907354345749761,107714,0.107714,6145.904896299459,0.6377355327784439
360470982002,360470982002,Block Group 2; Census Tract 982; Kings County; New York,Brooklyn,1785,767,767,1.0,535,433,0.8093457943925234,506,0.2834733893557423,248,0.1389355742296918,0,0.0,1193,0.6683473389355742,0,0.0,509,0.2851540616246498,75,0.0977835723598435,36047098200,3962,1526,0.3851590106007067,3962,650,0.1640585562847047,3962,223,0.0562847046945986,207973,0.207973,8582.844888519183,0.8613142006353578
360470986002,360470986002,Block Group 2; Census Tract 986; Kings County; New York,Brooklyn,1130,510,322,0.6313725490196078,560,385,0.6875,152,0.1345132743362831,197,0.1743362831858407,93,0.0823008849557522,704,0.6230088495575221,20,0.0176991150442477,165,0.1460176991150442,5,0.0098039215686274,36047098600,2341,201,0.0858607432721059,2341,202,0.0862879111490815,2341,164,0.0700555318240068,77491,0.077491,14582.33859415932,0.7381615313928429
360470988002,360470988002,Block Group 2; Census Tract 988; Kings County; New York,Brooklyn,1207,515,267,0.5184466019417475,494,285,0.5769230769230769,192,0.1590720795360397,353,0.2924606462303231,30,0.0248550124275062,1086,0.899751449875725,39,0.032311516155758,52,0.0430820215410107,38,0.0737864077669902,36047098800,2415,135,0.0559006211180124,2415,357,0.1478260869565217,2415,156,0.0645962732919254,80421,0.080421,15008.517675731462,0.6356220733490182
360470098002,360470098002,Block Group 2; Census Tract 98; Kings County; New York,Brooklyn,2094,514,487,0.9474708171206224,833,376,0.4513805522208883,727,0.3471824259789876,160,0.0764087870105062,15,0.0071633237822349,0,0.0,731,0.3490926456542502,1348,0.6437440305635148,386,0.7509727626459144,36047009800,6583,1852,0.2813307002886222,6713,570,0.0849098763593028,6713,1206,0.1796514226128407,37782,0.037782,55423.217405113544,0.9524817760986888
360470996002,360470996002,Block Group 2; Census Tract 996; Kings County; New York,Brooklyn,1897,608,213,0.3503289473684211,752,236,0.3138297872340425,417,0.2198207696362678,432,0.2277279915656299,42,0.022140221402214,1482,0.7812335266209804,61,0.0321560358460727,173,0.0911966262519768,28,0.0460526315789473,36047099600,3079,279,0.0906138356609288,3079,332,0.1078272166287755,3079,326,0.1058785319909061,93146,0.093146,20365.877225001608,0.6441307036542441
360470998002,360470998002,Block Group 2; Census Tract 998; Kings County; New York,Brooklyn,1461,571,399,0.6987740805604203,621,207,0.3333333333333333,358,0.245037645448323,338,0.2313483915126625,0,0.0,1422,0.973305954825462,0,0.0,19,0.0130047912388774,32,0.0560420315236427,36047099800,3348,255,0.0761648745519713,3348,293,0.0875149342891278,3348,112,0.033452807646356,184077,0.184077,7936.895972880914,0.6589062587351433
360470009002,360470009002,Block Group 2; Census Tract 9; Kings County; New York,Brooklyn,2455,1004,847,0.8436254980079682,1453,510,0.3509979353062629,461,0.1877800407331975,65,0.0264765784114052,1283,0.5226069246435845,71,0.0289205702647657,259,0.1054989816700611,487,0.1983706720977597,28,0.0278884462151394,36047000900,4842,141,0.0291201982651796,5227,245,0.0468720107136024,5227,149,0.028505835087048,55053,0.055053,44593.39182242566,0.9414302610527684
360470100003,360470100003,Block Group 3; Census Tract 100; Kings County; New York,Brooklyn,1048,345,319,0.9246376811594202,393,180,0.4580152671755725,275,0.2624045801526717,201,0.191793893129771,11,0.0104961832061068,40,0.0381679389312977,777,0.7414122137404581,205,0.1956106870229007,197,0.5710144927536231,36047010000,5489,1291,0.2351976680633995,5489,365,0.0664966296228821,5489,628,0.1144106394607396,37717,0.037717,27785.879046583766,0.8054649911627875
360470101003,360470101003,Block Group 3; Census Tract 101; Kings County; New York,Brooklyn,1675,678,642,0.9469026548672568,1026,463,0.4512670565302144,231,0.137910447761194,43,0.0256716417910447,253,0.1510447761194029,104,0.0620895522388059,45,0.026865671641791,1262,0.7534328358208955,21,0.0309734513274336,36047010100,4573,765,0.1672862453531598,4606,433,0.0940078158923143,4606,403,0.0874945722970039,110079,0.110079,15216.344625223704,0.5779099200686691
360470102003,360470102003,Block Group 3; Census Tract 102; Kings County; New York,Brooklyn,1954,448,400,0.8928571428571429,720,384,0.5333333333333333,526,0.2691914022517912,200,0.1023541453428864,203,0.1038894575230296,48,0.0245649948822927,853,0.4365404298874104,840,0.4298874104401228,116,0.2589285714285714,36047010200,5152,1205,0.233889751552795,5201,412,0.0792155354739473,5201,407,0.0782541818880984,37741,0.037741,51773.932858164866,0.7831942053290526
360471058013,360471058013,Block Group 3; Census Tract 1058.01; Kings County; New York,Brooklyn,1403,1017,1017,1.0,425,146,0.3435294117647058,83,0.0591589451176051,730,0.5203136136849608,540,0.3848895224518888,544,0.3877405559515324,0,0.0,197,0.1404133998574483,352,0.3461160275319567,36047105801,5635,1876,0.332919254658385,5589,1865,0.3336911791018071,5589,128,0.0229021291823224,165528,0.165528,8475.907399352374,0.5915369333837767
360471058043,360471058043,Block Group 3; Census Tract 1058.04; Kings County; New York,Brooklyn,2309,963,942,0.9781931464174456,985,398,0.4040609137055838,499,0.2161108705067128,409,0.177132957990472,136,0.0588999566912083,1134,0.491121697704634,35,0.0151580770896491,945,0.4092680814205283,31,0.0321910695742471,36047105804,5933,1655,0.278948255519973,5933,1908,0.3215911006236305,5933,133,0.0224169897185235,98144,0.098144,23526.65471144441,0.5469055232932512
360471078003,360471078003,Block Group 3; Census Tract 1078; Kings County; New York,Brooklyn,717,217,124,0.5714285714285714,489,243,0.4969325153374233,68,0.0948396094839609,100,0.1394700139470014,0,0.0,472,0.6582984658298466,0,0.0,195,0.2719665271966527,0,0.0,36047107800,3687,273,0.0740439381611065,3687,508,0.1377813940873338,3687,74,0.0200705180363439,64431,0.064431,11128.183638310751,0.6679224867474856
360471104003,360471104003,Block Group 3; Census Tract 1104; Kings County; New York,Brooklyn,1297,394,234,0.5939086294416244,691,134,0.1939218523878437,204,0.1572860447185813,296,0.228218966846569,0,0.0,743,0.5728604471858134,0,0.0,42,0.0323824209714726,0,0.0,36047110400,5199,1266,0.2435083669936526,5199,734,0.141180996345451,5199,237,0.0455856895556837,117791,0.117791,11011.02800723315,0.812114143815199
360471124003,360471124003,Block Group 3; Census Tract 1124; Kings County; New York,Brooklyn,798,287,212,0.7386759581881533,320,227,0.709375,71,0.0889724310776942,74,0.0927318295739348,24,0.0300751879699248,673,0.843358395989975,0,0.0,101,0.1265664160401002,0,0.0,36047112400,3319,412,0.124133775233504,3380,349,0.1032544378698224,3380,215,0.0636094674556213,54017,0.054017,14773.12697854379,0.9089018362156978
360471126003,360471126003,Block Group 3; Census Tract 1126; Kings County; New York,Brooklyn,1828,591,384,0.649746192893401,700,343,0.49,448,0.2450765864332603,304,0.1663019693654266,10,0.0054704595185995,1480,0.8096280087527352,0,0.0,175,0.0957330415754923,34,0.0575296108291032,36047112600,4328,1319,0.3047597042513863,4406,622,0.1411711302768951,4406,307,0.0696777122106218,56296,0.056296,32471.223532755437,0.9044405909247486
360471128003,360471128003,Block Group 3; Census Tract 1128; Kings County; New York,Brooklyn,1577,502,498,0.9920318725099602,524,396,0.7557251908396947,531,0.336715282181357,117,0.0741915028535193,0,0.0,1030,0.6531388712745719,0,0.0,489,0.3100824350031705,0,0.0,36047112800,3933,1119,0.2845156369183829,3933,465,0.118230358504958,3933,156,0.0396643783371472,71179,0.071179,22155.41100605515,0.8865038844726874
360470112003,360470112003,Block Group 3; Census Tract 112; Kings County; New York,Brooklyn,1195,397,337,0.8488664987405542,455,286,0.6285714285714286,376,0.3146443514644351,128,0.107112970711297,511,0.4276150627615063,0,0.0,498,0.4167364016736402,186,0.1556485355648535,81,0.2040302267002519,36047011200,6584,1540,0.2339003645200486,6611,637,0.0963545605808501,6611,850,0.1285735894720919,37722,0.037722,31679.126239329835,0.933920341013724
360471130003,360471130003,Block Group 3; Census Tract 1130; Kings County; New York,Brooklyn,1989,779,687,0.8818998716302953,779,332,0.4261874197689345,613,0.3081950729009552,249,0.1251885369532428,234,0.1176470588235294,1138,0.572146807440925,0,0.0,422,0.2121669180492709,122,0.1566110397946084,36047113000,4448,781,0.1755845323741007,4490,502,0.1118040089086859,4490,221,0.0492204899777282,41460,0.04146,47973.95079594791,0.8853545190415884
360471134003,360471134003,Block Group 3; Census Tract 1134; Kings County; New York,Brooklyn,1088,492,492,1.0,611,307,0.502454991816694,134,0.1231617647058823,158,0.1452205882352941,0,0.0,993,0.9126838235294118,0,0.0,20,0.0183823529411764,0,0.0,36047113400,2615,703,0.2688336520076482,2615,506,0.1934990439770554,2615,187,0.07151051625239,39922,0.039922,27253.143630078655,0.8528602542095157
360471144003,360471144003,Block Group 3; Census Tract 1144; Kings County; New York,Brooklyn,704,272,272,1.0,190,102,0.5368421052631579,131,0.1860795454545454,140,0.1988636363636363,0,0.0,278,0.3948863636363636,0,0.0,409,0.5809659090909091,0,0.0,36047114400,2423,877,0.3619479983491539,2423,324,0.1337185307470078,2423,114,0.0470491126702435,69370,0.06937,10148.479169669889,0.7883076641415234
360470114003,360470114003,Block Group 3; Census Tract 114; Kings County; New York,Brooklyn,753,268,228,0.8507462686567164,363,83,0.2286501377410468,117,0.1553784860557769,72,0.095617529880478,88,0.1168658698539176,190,0.2523240371845949,445,0.5909694555112882,30,0.0398406374501992,44,0.1641791044776119,36047011400,3258,582,0.1786372007366482,3291,215,0.0653296870252203,3291,259,0.0786994834396839,56643,0.056643,13293.787405328108,0.9657926808427956
360471150003,360471150003,Block Group 3; Census Tract 1150; Kings County; New York,Brooklyn,898,235,156,0.6638297872340425,315,139,0.4412698412698412,278,0.309576837416481,96,0.1069042316258351,0,0.0,448,0.4988864142538975,0,0.0,337,0.3752783964365256,33,0.1404255319148936,36047115000,2920,536,0.1835616438356164,2962,317,0.1070222822417285,2962,142,0.0479405806887238,53138,0.053138,16899.39403063721,0.8120437004928054
360471152003,360471152003,Block Group 3; Census Tract 1152; Kings County; New York,Brooklyn,968,327,131,0.400611620795107,374,347,0.927807486631016,397,0.4101239669421487,0,0.0,0,0.0,709,0.7324380165289256,0,0.0,14,0.0144628099173553,0,0.0,36047115200,2558,283,0.1106333072713057,2558,405,0.1583268178264269,2558,64,0.0250195465207193,55763,0.055763,17359.180818822515,0.8350779157198931
360471156003,360471156003,Block Group 3; Census Tract 1156; Kings County; New York,Brooklyn,625,334,334,1.0,198,94,0.4747474747474747,133,0.2128,100,0.16,0,0.0,195,0.312,0,0.0,430,0.688,77,0.2305389221556886,36047115600,4044,1493,0.369188921859545,4103,657,0.1601267365342432,4103,173,0.0421642700463075,27356,0.027356,22846.907442608568,0.8246847387457209
360471158003,360471158003,Block Group 3; Census Tract 1158; Kings County; New York,Brooklyn,952,444,386,0.8693693693693694,296,233,0.7871621621621622,187,0.1964285714285714,284,0.2983193277310924,31,0.032563025210084,318,0.3340336134453781,0,0.0,422,0.4432773109243697,82,0.1846846846846846,36047115800,2529,587,0.2321075523922499,2529,535,0.2115460656385923,2529,162,0.0640569395017793,55031,0.055031,17299.340371790448,0.8950164836589684
360471160003,360471160003,Block Group 3; Census Tract 1160; Kings County; New York,Brooklyn,950,345,160,0.463768115942029,336,184,0.5476190476190477,198,0.2084210526315789,334,0.351578947368421,70,0.0736842105263157,696,0.7326315789473684,0,0.0,84,0.0884210526315789,17,0.0492753623188405,36047116000,2412,590,0.2446102819237147,2420,455,0.1880165289256198,2420,51,0.0210743801652892,53742,0.053742,17677.049607383426,0.9032890738741656
360471162003,360471162003,Block Group 3; Census Tract 1162; Kings County; New York,Brooklyn,1248,407,247,0.6068796068796068,655,411,0.6274809160305344,201,0.1610576923076923,253,0.2027243589743589,0,0.0,1144,0.9166666666666666,35,0.0280448717948717,55,0.0440705128205128,0,0.0,36047116200,2561,752,0.2936352987114408,2571,232,0.0902372617658498,2571,90,0.0350058343057176,50909,0.050909,24514.32948987409,0.8894885118156329
360471164003,360471164003,Block Group 3; Census Tract 1164; Kings County; New York,Brooklyn,1895,595,384,0.6453781512605042,815,266,0.3263803680981595,399,0.2105540897097625,331,0.1746701846965699,0,0.0,1655,0.8733509234828496,0,0.0,140,0.0738786279683377,0,0.0,36047116400,3899,250,0.0641190048730443,3936,392,0.0995934959349593,3936,166,0.0421747967479674,64355,0.064355,29446.041488617822,0.9192694644985538
360471166003,360471166003,Block Group 3; Census Tract 1166; Kings County; New York,Brooklyn,629,320,263,0.821875,275,164,0.5963636363636363,166,0.2639109697933227,121,0.1923688394276629,0,0.0,43,0.068362480127186,169,0.2686804451510334,231,0.3672496025437202,88,0.275,36047116600,2998,595,0.1984656437625083,2998,411,0.1370913942628419,2998,197,0.0657104736490994,53372,0.053372,11785.205725848758,0.8141229535313282
360470116003,360470116003,Block Group 3; Census Tract 116; Kings County; New York,Brooklyn,933,290,268,0.9241379310344828,458,231,0.5043668122270742,245,0.262593783494105,52,0.0557341907824222,35,0.037513397642015,0,0.0,735,0.7877813504823151,163,0.1747052518756698,203,0.7,36047011600,3212,892,0.2777085927770859,3233,161,0.0497989483451902,3233,138,0.0426848128673059,33583,0.033583,27781.913468123752,0.8503408908963065
360470117003,360470117003,Block Group 3; Census Tract 117; Kings County; New York,Brooklyn,1066,503,335,0.6660039761431411,686,396,0.577259475218659,103,0.0966228893058161,178,0.1669793621013133,452,0.424015009380863,58,0.0544090056285178,156,0.1463414634146341,358,0.3358348968105065,16,0.0318091451292246,36047011700,2729,98,0.0359105899596921,2776,309,0.1113112391930835,2776,201,0.0724063400576368,53004,0.053004,20111.68968379745,0.8588516584597382
360471184003,360471184003,Block Group 3; Census Tract 1184; Kings County; New York,Brooklyn,1885,648,393,0.6064814814814815,874,311,0.3558352402745995,215,0.1140583554376657,341,0.1809018567639257,0,0.0,287,0.1522546419098143,26,0.0137931034482758,1364,0.7236074270557029,153,0.2361111111111111,36047118400,4826,833,0.1726067136344799,4826,459,0.0951098217985909,4826,905,0.1875259013675922,71153,0.071153,26492.206934352736,0.7409294826896735
360471188003,360471188003,Block Group 3; Census Tract 1188; Kings County; New York,Brooklyn,2211,484,432,0.8925619834710744,1121,553,0.4933095450490633,516,0.2333785617367706,214,0.0967887833559475,135,0.0610583446404341,317,0.1433740388964269,887,0.4011759384893713,827,0.3740388964269561,264,0.5454545454545454,36047118800,4760,776,0.1630252100840336,4778,248,0.0519045625784847,4778,185,0.0387191293428212,52709,0.052709,41947.29552827791,0.2839848775499559
360470118003,360470118003,Block Group 3; Census Tract 118; Kings County; New York,Brooklyn,1271,444,439,0.9887387387387389,684,386,0.564327485380117,211,0.1660110149488591,212,0.1667977970102281,65,0.051140833988985,30,0.02360346184107,1024,0.8056648308418568,148,0.1164437450826121,296,0.6666666666666666,36047011800,1867,514,0.275307980717729,1867,126,0.0674879485806106,1867,69,0.0369576861274772,69903,0.069903,18182.33838318813,0.8006669435933615
360471192003,360471192003,Block Group 3; Census Tract 1192; Kings County; New York,Brooklyn,968,297,148,0.4983164983164983,472,101,0.2139830508474576,254,0.262396694214876,109,0.1126033057851239,91,0.0940082644628099,161,0.1663223140495867,48,0.0495867768595041,642,0.6632231404958677,95,0.3198653198653198,36047119200,3885,450,0.1158301158301158,3885,435,0.1119691119691119,3885,335,0.0862290862290862,97953,0.097953,9882.290486253612,0.7343010984251124
360471194003,360471194003,Block Group 3; Census Tract 1194; Kings County; New York,Brooklyn,1214,423,359,0.8486997635933806,707,461,0.652050919377652,189,0.1556836902800659,43,0.0354200988467874,0,0.0,841,0.6927512355848435,0,0.0,249,0.2051070840197693,54,0.1276595744680851,36047119400,4816,1689,0.3507059800664451,4816,342,0.0710132890365448,4816,616,0.127906976744186,69596,0.069596,17443.531237427436,0.9077089426097829
360471196003,360471196003,Block Group 3; Census Tract 1196; Kings County; New York,Brooklyn,1739,637,538,0.8445839874411303,684,485,0.7090643274853801,534,0.3070730304772858,122,0.0701552616446233,47,0.027027027027027,358,0.2058654399079931,328,0.1886141460609545,245,0.1408855664174813,156,0.2448979591836734,36047119600,5952,1185,0.1990927419354838,5972,663,0.1110180843938379,5972,262,0.0438713998660415,64203,0.064203,27085.96171518465,0.8050347567667385
360471198003,360471198003,Block Group 3; Census Tract 1198; Kings County; New York,Brooklyn,1448,364,279,0.7664835164835165,515,252,0.4893203883495146,326,0.2251381215469613,383,0.2645027624309392,0,0.0,64,0.0441988950276243,0,0.0,1334,0.9212707182320442,59,0.1620879120879121,36047119800,3268,1171,0.3583231334149326,3233,227,0.0702134240643365,3233,293,0.0906278997834828,99185,0.099185,14598.981700862028,0.5747114389137943
360471208013,360471208013,Block Group 3; Census Tract 1208.01; Kings County; New York,Brooklyn,1651,515,454,0.8815533980582524,668,443,0.6631736526946108,496,0.3004239854633555,228,0.1380981223500908,57,0.0345245305875227,785,0.4754694124772864,562,0.3403997577225923,101,0.0611750454270139,18,0.0349514563106796,36047120801,4834,639,0.1321886636326024,4834,449,0.0928837401737691,4834,440,0.0910219280099296,41663,0.041663,39627.48721887526,0.8465010235143481
360471237003,360471237003,Block Group 3; Census Tract 1237; Kings County; New York,Brooklyn,2384,352,206,0.5852272727272727,355,43,0.1211267605633802,1591,0.6673657718120806,0,0.0,2135,0.8955536912751678,206,0.0864093959731543,43,0.0180369127516778,0,0.0,46,0.1306818181818181,36047123700,9642,3861,0.4004355942750466,9642,234,0.0242688238954573,9642,35,0.0036299522920555,154429,0.154429,15437.514974519034,0.6732641376807151
360470126003,360470126003,Block Group 3; Census Tract 126; Kings County; New York,Brooklyn,487,196,113,0.576530612244898,194,65,0.3350515463917525,89,0.1827515400410677,104,0.2135523613963039,166,0.3408624229979466,0,0.0,232,0.4763860369609856,87,0.1786447638603696,22,0.1122448979591836,36047012600,3020,569,0.18841059602649,3020,280,0.0927152317880794,3020,390,0.1291390728476821,74534,0.074534,6533.930823516784,0.791171954219635
360470127003,360470127003,Block Group 3; Census Tract 127; Kings County; New York,Brooklyn,1209,418,391,0.9354066985645934,467,358,0.7665952890792291,401,0.3316790736145575,186,0.1538461538461538,13,0.010752688172043,743,0.6145574855252275,0,0.0,283,0.2340777502067824,59,0.1411483253588516,36047012700,4222,508,0.1203221222169587,4211,969,0.2301116124436001,4211,623,0.1479458560911897,29157,0.029157,41465.171313921186,0.8743583608851422
360470129013,360470129013,Block Group 3; Census Tract 129.01; Kings County; New York,Brooklyn,683,278,149,0.5359712230215827,435,176,0.4045977011494253,75,0.109809663250366,92,0.1346998535871156,301,0.4407027818448023,161,0.2357247437774524,41,0.0600292825768667,127,0.1859443631039531,16,0.0575539568345323,36047012901,2539,238,0.0937376920047262,2539,237,0.0933438361559669,2539,182,0.0716817644742024,38072,0.038072,17939.693212859846,0.9048178251701122
360470130003,360470130003,Block Group 3; Census Tract 130; Kings County; New York,Brooklyn,1395,417,341,0.8177458033573142,707,241,0.3408769448373409,477,0.3419354838709677,104,0.0745519713261648,630,0.4516129032258064,121,0.0867383512544802,48,0.0344086021505376,398,0.2853046594982079,48,0.1151079136690647,36047013000,5586,820,0.1467955603293949,5586,466,0.083422842821339,5586,499,0.0893304690297171,38899,0.038899,35862.10442427826,0.7898878594842712
360470131003,360470131003,Block Group 3; Census Tract 131; Kings County; New York,Brooklyn,838,319,238,0.7460815047021944,448,258,0.5758928571428571,265,0.3162291169451074,64,0.0763723150357995,557,0.6646778042959427,63,0.0751789976133651,50,0.0596658711217183,113,0.1348448687350835,0,0.0,36047013100,3504,378,0.1078767123287671,3533,391,0.1106708180016982,3533,55,0.0155675063685253,37639,0.037639,22264.140917665187,0.810785140241783
360470133003,360470133003,Block Group 3; Census Tract 133; Kings County; New York,Brooklyn,1504,635,447,0.7039370078740157,783,367,0.4687100893997445,272,0.1808510638297872,303,0.2014627659574468,969,0.644281914893617,35,0.0232712765957446,54,0.0359042553191489,393,0.2613031914893617,0,0.0,36047013300,4256,63,0.0148026315789473,4264,218,0.0511257035647279,4264,117,0.0274390243902439,34089,0.034089,44119.804042359705,0.8924623429254231
360470134003,360470134003,Block Group 3; Census Tract 134; Kings County; New York,Brooklyn,1090,406,301,0.7413793103448276,502,278,0.5537848605577689,265,0.2431192660550458,230,0.2110091743119266,716,0.6568807339449542,41,0.0376146788990825,164,0.1504587155963302,169,0.155045871559633,9,0.022167487684729,36047013400,4137,473,0.114334058496495,4207,371,0.0881863560732113,4207,89,0.0211552174946517,82214,0.082214,13258.08256501326,0.7991547524630365
360470135003,360470135003,Block Group 3; Census Tract 135; Kings County; New York,Brooklyn,1885,689,410,0.5950653120464441,1084,356,0.3284132841328413,594,0.3151193633952254,168,0.0891246684350132,1200,0.636604774535809,109,0.0578249336870026,238,0.1262599469496021,177,0.0938992042440318,9,0.0130624092888243,36047013500,4294,79,0.0183977643223102,4294,197,0.0458779692594317,4294,71,0.0165346995808104,38501,0.038501,48959.76727877198,0.8969825785940101
360470136003,360470136003,Block Group 3; Census Tract 136; Kings County; New York,Brooklyn,1055,500,361,0.722,546,289,0.5293040293040293,228,0.2161137440758294,146,0.138388625592417,520,0.4928909952606635,28,0.0265402843601895,148,0.1402843601895734,339,0.3213270142180094,17,0.034,36047013600,4015,509,0.1267745952677459,4088,459,0.112279843444227,4088,182,0.0445205479452054,40963,0.040963,25754.949588653177,0.8007852021517947
360470137003,360470137003,Block Group 3; Census Tract 137; Kings County; New York,Brooklyn,1188,591,518,0.8764805414551607,658,293,0.4452887537993921,224,0.1885521885521885,153,0.1287878787878787,794,0.6683501683501684,42,0.0353535353535353,27,0.0227272727272727,292,0.2457912457912457,18,0.0304568527918781,36047013700,3026,150,0.0495703899537343,3094,138,0.0446024563671622,3094,142,0.0458952811893988,76435,0.076435,15542.61791064303,0.9317205544068736
360470138003,360470138003,Block Group 3; Census Tract 138; Kings County; New York,Brooklyn,1081,361,337,0.9335180055401662,517,247,0.4777562862669245,235,0.217391304347826,116,0.1073080481036077,910,0.8418131359851989,0,0.0,81,0.0749306197964847,78,0.0721554116558741,140,0.3878116343490305,36047013800,3792,118,0.0311181434599156,3800,270,0.0710526315789473,3800,53,0.0139473684210526,41017,0.041017,26354.926006290076,0.8113543615776643
360470139003,360470139003,Block Group 3; Census Tract 139; Kings County; New York,Brooklyn,881,420,265,0.6309523809523809,571,370,0.647985989492119,47,0.0533484676503972,171,0.1940976163450624,627,0.7116912599318955,0,0.0,171,0.1940976163450624,35,0.039727582292849,0,0.0,36047013900,3560,213,0.0598314606741573,3560,237,0.0665730337078651,3560,172,0.048314606741573,38449,0.038449,22913.46979115192,0.9161302304548798
360470142003,360470142003,Block Group 3; Census Tract 142; Kings County; New York,Brooklyn,1470,411,308,0.7493917274939172,551,335,0.6079854809437386,581,0.3952380952380952,224,0.1523809523809524,593,0.4034013605442177,0,0.0,276,0.1877551020408163,601,0.408843537414966,155,0.3771289537712895,36047014200,3517,880,0.2502132499289167,3524,517,0.1467082860385925,3524,207,0.0587400681044267,40372,0.040372,36411.37421975627,0.8135736480808581
360470143003,360470143003,Block Group 3; Census Tract 143; Kings County; New York,Brooklyn,1594,547,428,0.7824497257769653,797,367,0.4604767879548306,471,0.2954830614805521,56,0.0351317440401505,851,0.5338770388958595,26,0.0163111668757841,24,0.015056461731493,547,0.3431618569636135,11,0.0201096892138939,36047014300,3653,347,0.0949904188338352,3675,256,0.0696598639455782,3675,256,0.0696598639455782,54110,0.05411,29458.510441692848,0.6382168996949767
360470145003,360470145003,Block Group 3; Census Tract 145; Kings County; New York,Brooklyn,880,325,298,0.916923076923077,396,116,0.2929292929292929,144,0.1636363636363636,98,0.1113636363636363,431,0.4897727272727272,58,0.0659090909090909,93,0.1056818181818181,248,0.2818181818181818,41,0.1261538461538461,36047014500,4681,567,0.1211279641102328,4681,406,0.086733603930784,4681,333,0.0711386455885494,47953,0.047953,18351.30231685192,0.8705951668718204
360470149023,360470149023,Block Group 3; Census Tract 149.02; Kings County; New York,Brooklyn,919,360,232,0.6444444444444445,542,213,0.3929889298892989,152,0.1653971708378672,125,0.1360174102285092,513,0.558215451577802,30,0.0326441784548422,157,0.1708378672470076,166,0.1806311207834602,15,0.0416666666666666,36047014902,4054,244,0.0601874691662555,4054,280,0.0690675875678342,4054,211,0.052047360631475,53838,0.053838,17069.72770162339,0.937826747263064
360471502003,360471502003,Block Group 3; Census Tract 1502; Kings County; New York,Brooklyn,862,409,241,0.589242053789731,476,172,0.361344537815126,184,0.2134570765661252,109,0.1264501160092807,819,0.9501160092807424,0,0.0,17,0.019721577726218,14,0.0162412993039443,0,0.0,36047150200,2869,112,0.0390379923318229,2884,192,0.0665742024965325,2884,126,0.0436893203883495,166047,0.166047,5191.301258077532,0.895584310023005
360470151003,360470151003,Block Group 3; Census Tract 151; Kings County; New York,Brooklyn,1065,492,371,0.7540650406504065,629,204,0.3243243243243243,151,0.1417840375586854,214,0.2009389671361502,857,0.8046948356807512,0,0.0,92,0.0863849765258216,98,0.092018779342723,0,0.0,36047015100,4060,182,0.0448275862068965,4060,252,0.0620689655172413,4060,74,0.0182266009852216,37460,0.03746,28430.325680726102,0.9292345995500078
360471522003,360471522003,Block Group 3; Census Tract 1522; Kings County; New York,Brooklyn,624,265,57,0.2150943396226415,277,167,0.6028880866425993,40,0.0641025641025641,299,0.4791666666666667,389,0.6233974358974359,5,0.0080128205128205,131,0.2099358974358974,0,0.0,0,0.0,36047152200,2912,107,0.0367445054945054,2913,180,0.0617919670442842,2913,13,0.0044627531754205,170155,0.170155,3667.244571126326,0.5803074217231148
360470152003,360470152003,Block Group 3; Census Tract 152; Kings County; New York,Brooklyn,981,403,226,0.5607940446650124,458,146,0.3187772925764192,209,0.2130479102956167,147,0.1498470948012232,451,0.4597349643221203,2,0.0020387359836901,294,0.2996941896024465,204,0.2079510703363914,51,0.1265508684863523,36047015200,2123,301,0.1417804992934526,2123,124,0.0584079133301931,2123,51,0.0240226095148374,56432,0.056432,17383.753898497307,0.6045888665079561
360470153003,360470153003,Block Group 3; Census Tract 153; Kings County; New York,Brooklyn,1016,499,430,0.8617234468937875,760,297,0.3907894736842105,228,0.2244094488188976,147,0.1446850393700787,627,0.6171259842519685,0,0.0,80,0.0787401574803149,263,0.2588582677165354,9,0.0180360721442885,36047015300,2554,109,0.0426781519185591,2578,144,0.0558572536850271,2578,85,0.0329712955779674,37825,0.037825,26860.54196959683,0.919822477970599
360470155003,360470155003,Block Group 3; Census Tract 155; Kings County; New York,Brooklyn,947,402,151,0.3756218905472637,513,186,0.3625730994152046,201,0.2122492080253432,91,0.0960929250263991,690,0.7286166842661035,15,0.0158394931362196,9,0.0095036958817317,32,0.0337909186906019,0,0.0,36047015500,3413,136,0.0398476413712276,3443,160,0.0464711007841998,3443,28,0.0081324426372349,37476,0.037476,25269.505817056248,0.986065512303653
360470157003,360470157003,Block Group 3; Census Tract 157; Kings County; New York,Brooklyn,1570,648,400,0.6172839506172839,814,425,0.5221130221130221,471,0.3,241,0.1535031847133758,1257,0.8006369426751593,29,0.0184713375796178,43,0.0273885350318471,149,0.0949044585987261,0,0.0,36047015700,5040,119,0.0236111111111111,5071,324,0.063892723328732,5071,0,0.0,54777,0.054777,28661.664567245374,0.9508341551099706
360470159003,360470159003,Block Group 3; Census Tract 159; Kings County; New York,Brooklyn,1106,484,284,0.5867768595041323,773,291,0.3764553686934023,188,0.1699819168173598,110,0.0994575045207956,883,0.798372513562387,0,0.0,99,0.089511754068716,36,0.0325497287522604,0,0.0,36047015900,5358,262,0.0488988428518103,5376,247,0.0459449404761904,5376,27,0.0050223214285714,40200,0.0402,27512.437810945274,0.8219312645888147
360470160003,360470160003,Block Group 3; Census Tract 160; Kings County; New York,Brooklyn,964,379,275,0.7255936675461742,493,197,0.3995943204868154,148,0.1535269709543568,246,0.2551867219917012,386,0.4004149377593361,15,0.0155601659751037,455,0.4719917012448132,82,0.0850622406639004,51,0.1345646437994723,36047016000,4426,738,0.166741979213737,4426,300,0.0677812923633077,4426,214,0.0483506552191595,60052,0.060052,16052.754279624323,0.8227493056860605
360470161003,360470161003,Block Group 3; Census Tract 161; Kings County; New York,Brooklyn,1112,523,450,0.8604206500956023,795,431,0.5421383647798742,99,0.0890287769784172,183,0.164568345323741,426,0.3830935251798561,90,0.0809352517985611,164,0.1474820143884892,401,0.3606115107913669,24,0.0458891013384321,36047016100,3432,67,0.0195221445221445,3461,296,0.0855244149089858,3461,55,0.0158913608783588,48349,0.048349,22999.441560321826,0.858832014855342
360470163003,360470163003,Block Group 3; Census Tract 163; Kings County; New York,Brooklyn,1221,586,505,0.8617747440273038,714,313,0.438375350140056,93,0.0761670761670761,236,0.1932841932841932,693,0.5675675675675675,329,0.2694512694512694,117,0.0958230958230958,25,0.0204750204750204,11,0.0187713310580204,36047016300,4357,347,0.0796419554739499,4370,418,0.0956521739130434,4370,133,0.0304347826086956,56258,0.056258,21703.57993529809,0.9073193693818532
360470165003,360470165003,Block Group 3; Census Tract 165; Kings County; New York,Brooklyn,1863,647,422,0.652241112828439,1173,373,0.3179880647911338,551,0.2957595276435856,250,0.1341921631776704,1275,0.6843800322061192,41,0.0220075147611379,38,0.0203972088030059,293,0.1572732152442297,0,0.0,36047016500,5742,119,0.0207244862417276,5742,157,0.0273423894113549,5742,80,0.0139324277255311,56549,0.056549,32944.87966188615,0.9579322830734956
360470167003,360470167003,Block Group 3; Census Tract 167; Kings County; New York,Brooklyn,1011,460,400,0.8695652173913043,534,223,0.4176029962546816,111,0.1097922848664688,153,0.1513353115727003,710,0.7022749752720079,0,0.0,132,0.1305637982195845,169,0.1671612265084075,94,0.2043478260869565,36047016700,4800,273,0.056875,4800,357,0.074375,4800,195,0.040625,37830,0.03783,26724.821570182394,0.9325591141237972
360470169003,360470169003,Block Group 3; Census Tract 169; Kings County; New York,Brooklyn,607,246,128,0.5203252032520326,523,217,0.4149139579349904,27,0.0444810543657331,0,0.0,517,0.8517298187808896,0,0.0,0,0.0,90,0.1482701812191103,13,0.0528455284552845,36047016900,4506,667,0.1480248557478917,4714,285,0.0604582095884599,4714,244,0.0517607127704709,61778,0.061778,9825.504224804949,0.9083392569089184
360470170003,360470170003,Block Group 3; Census Tract 170; Kings County; New York,Brooklyn,1191,419,187,0.4463007159904534,502,134,0.2669322709163346,122,0.1024349286314021,455,0.382031905961377,744,0.6246851385390428,0,0.0,208,0.1746431570109152,224,0.1880772460117548,73,0.1742243436754176,36047017000,3495,421,0.1204577968526466,3503,578,0.1650014273479874,3503,297,0.0847844704538966,75209,0.075209,15835.870706963262,0.7506368211603611
360470171003,360470171003,Block Group 3; Census Tract 171; Kings County; New York,Brooklyn,804,312,132,0.4230769230769231,433,215,0.4965357967667436,177,0.2201492537313432,122,0.1517412935323383,519,0.6455223880597015,0,0.0,32,0.0398009950248756,110,0.1368159203980099,0,0.0,36047017100,4139,75,0.0181203189176129,4139,147,0.0355158250785213,4139,50,0.0120802126117419,55314,0.055314,14535.199045449614,0.8556999417357889
360470179003,360470179003,Block Group 3; Census Tract 179; Kings County; New York,Brooklyn,587,248,205,0.8266129032258065,412,92,0.2233009708737864,38,0.0647359454855195,158,0.2691652470187393,234,0.3986371379897785,198,0.3373083475298126,3,0.0051107325383304,120,0.2044293015332197,0,0.0,36047017900,3868,1167,0.3017063081695967,3868,536,0.1385729058945191,3868,80,0.0206825232678386,38506,0.038506,15244.377499610451,0.915941445618196
360470181003,360470181003,Block Group 3; Census Tract 181; Kings County; New York,Brooklyn,1000,588,574,0.9761904761904762,801,309,0.3857677902621723,57,0.057,16,0.016,885,0.885,0,0.0,58,0.058,25,0.025,0,0.0,36047018100,3886,307,0.0790015440041173,3886,416,0.1070509521358723,3886,47,0.0120946989191971,38462,0.038462,25999.68800374395,0.956566267079942
360470183003,360470183003,Block Group 3; Census Tract 183; Kings County; New York,Brooklyn,957,429,305,0.710955710955711,523,287,0.5487571701720841,87,0.0909090909090909,196,0.2048066875653082,551,0.5757575757575758,130,0.1358411703239289,10,0.0104493207941483,230,0.2403343782654127,49,0.1142191142191142,36047018300,2821,68,0.0241049273307337,2821,147,0.0521091811414392,2821,60,0.021269053527118,28967,0.028967,33037.59450409086,0.9632271252748426
360470185013,360470185013,Block Group 3; Census Tract 185.01; Kings County; New York,Brooklyn,2027,712,712,1.0,597,270,0.4522613065326633,460,0.2269363591514553,387,0.1909225456339418,46,0.0226936359151455,904,0.4459792797237296,164,0.0809077454366058,886,0.437099161322151,113,0.1587078651685393,36047018501,4583,1054,0.2299803622081606,4583,1112,0.2426358280602225,4583,226,0.0493126772856207,24043,0.024043,84307.28278501019,0.8904997336503009
360470190003,360470190003,Block Group 3; Census Tract 190; Kings County; New York,Brooklyn,1862,743,682,0.917900403768506,953,377,0.3955928646379853,207,0.1111707841031149,453,0.2432867883995703,620,0.3329752953813104,0,0.0,1065,0.5719656283566058,177,0.0950590762620837,136,0.1830417227456258,36047019000,4171,911,0.2184128506353392,4171,486,0.1165188204267561,4171,780,0.1870055142651642,90282,0.090282,20624.26618816597,0.9019375456588176
360470191003,360470191003,Block Group 3; Census Tract 191; Kings County; New York,Brooklyn,688,308,282,0.9155844155844156,407,185,0.4545454545454545,154,0.2238372093023256,58,0.0843023255813953,536,0.7790697674418605,79,0.1148255813953488,10,0.0145348837209302,46,0.066860465116279,0,0.0,36047019100,2974,374,0.1257565568258238,3029,152,0.0501815780785737,3029,158,0.0521624298448332,52248,0.052248,13167.96815189098,0.8847869624941637
360470192003,360470192003,Block Group 3; Census Tract 192; Kings County; New York,Brooklyn,1017,272,205,0.7536764705882353,450,274,0.6088888888888889,262,0.2576204523107178,149,0.1465093411996066,87,0.0855457227138643,0,0.0,673,0.6617502458210422,257,0.2527040314650934,58,0.213235294117647,36047019200,3116,834,0.2676508344030808,3116,126,0.0404364569961489,3116,505,0.1620667522464698,57607,0.057607,17654.104535907096,0.8924605774863877
360470194003,360470194003,Block Group 3; Census Tract 194; Kings County; New York,Brooklyn,1104,373,170,0.4557640750670241,585,130,0.2222222222222222,219,0.1983695652173913,195,0.1766304347826087,151,0.1367753623188405,16,0.0144927536231884,782,0.7083333333333334,80,0.072463768115942,78,0.2091152815013404,36047019400,3288,863,0.2624695863746958,3288,367,0.11161800486618,3288,292,0.0888077858880778,78296,0.078296,14100.33718197609,0.8319089501723619
360470195003,360470195003,Block Group 3; Census Tract 195; Kings County; New York,Brooklyn,2027,921,683,0.741585233441911,1037,438,0.4223722275795564,472,0.2328564380858411,404,0.1993093241243216,693,0.3418845584607795,1122,0.5535273803650715,52,0.0256536753823384,72,0.0355204736063147,0,0.0,36047019500,4104,486,0.1184210526315789,4104,483,0.1176900584795321,4104,89,0.0216861598440545,33879,0.033879,59830.573511614864,0.9108481503131636
360470196003,360470196003,Block Group 3; Census Tract 196; Kings County; New York,Brooklyn,1344,335,321,0.9582089552238806,347,167,0.4812680115273775,359,0.2671130952380952,411,0.3058035714285714,546,0.40625,220,0.1636904761904762,353,0.2626488095238095,225,0.1674107142857142,132,0.3940298507462687,36047019600,3671,1202,0.327431217651866,3671,357,0.097248706074639,3671,147,0.0400435848542631,56520,0.05652,23779.193205944797,0.8351351507086724
360470197003,360470197003,Block Group 3; Census Tract 197; Kings County; New York,Brooklyn,1554,846,497,0.5874704491725768,812,297,0.3657635467980296,350,0.2252252252252252,285,0.1833976833976834,811,0.5218790218790219,370,0.238095238095238,40,0.0257400257400257,199,0.128056628056628,0,0.0,36047019700,3587,215,0.0599386674100919,3614,283,0.0783065855008301,3614,27,0.0074709463198671,55726,0.055726,27886.444388615728,0.9039040114705368
360470199003,360470199003,Block Group 3; Census Tract 199; Kings County; New York,Brooklyn,1877,1117,1091,0.9767233661593554,1240,624,0.5032258064516129,390,0.2077783697389451,0,0.0,904,0.4816196057538625,170,0.0905700586041555,236,0.1257325519445924,104,0.0554075652637187,131,0.11727842435094,36047019900,4304,290,0.0673791821561338,4304,280,0.0650557620817843,4304,119,0.0276486988847583,74712,0.074712,25123.139522432808,0.6872504156475716
360470001003,360470001003,Block Group 3; Census Tract 1; Kings County; New York,Brooklyn,1301,739,509,0.6887686062246279,821,253,0.3081607795371498,149,0.1145272867025365,334,0.2567255956956187,1123,0.8631821675634127,8,0.0061491160645657,80,0.0614911606456571,90,0.0691775557263643,123,0.1664411366711772,36047000100,4799,134,0.0279224838508022,4815,511,0.1061266874350986,4815,99,0.0205607476635514,55040,0.05504,23637.35465116279,0.8397275869214597
360470201003,360470201003,Block Group 3; Census Tract 201; Kings County; New York,Brooklyn,1449,657,455,0.6925418569254186,898,300,0.3340757238307349,217,0.1497584541062802,209,0.1442374051069703,750,0.5175983436853002,321,0.2215320910973084,44,0.0303657694962042,232,0.1601104209799862,0,0.0,36047020100,3993,147,0.0368144252441773,3993,255,0.0638617580766341,3993,160,0.0400701227147508,35876,0.035876,40389.11807336381,0.8207893825518581
360470205003,360470205003,Block Group 3; Census Tract 205; Kings County; New York,Brooklyn,1907,648,241,0.3719135802469135,958,317,0.3308977035490605,506,0.2653382275825904,341,0.1788148925013109,1038,0.5443104352385947,172,0.0901940220241216,133,0.069743051914001,459,0.2406921866806502,0,0.0,36047020500,3834,130,0.0339071465832029,3834,151,0.0393844548774126,3834,69,0.0179968701095461,53268,0.053268,35800.10512878276,0.7602261785770592
360470207003,360470207003,Block Group 3; Census Tract 207; Kings County; New York,Brooklyn,915,494,331,0.6700404858299596,528,240,0.4545454545454545,77,0.0841530054644808,162,0.1770491803278688,709,0.774863387978142,12,0.0131147540983606,70,0.0765027322404371,116,0.126775956284153,17,0.034412955465587,36047020700,4628,386,0.0834053586862575,4628,296,0.0639585133967156,4628,0,0.0,37652,0.037652,24301.4979283969,0.9464974343114
360470208003,360470208003,Block Group 3; Census Tract 208; Kings County; New York,Brooklyn,982,558,543,0.9731182795698924,548,170,0.3102189781021898,131,0.1334012219959267,166,0.1690427698574338,163,0.1659877800407332,0,0.0,723,0.7362525458248472,56,0.0570264765784114,328,0.5878136200716846,36047020800,2559,338,0.1320828448612739,2573,407,0.1581811115429459,2573,50,0.0194325689856199,49206,0.049206,19956.915823273583,0.8145478864575608
360470210003,360470210003,Block Group 3; Census Tract 210; Kings County; New York,Brooklyn,1013,322,254,0.7888198757763976,476,185,0.3886554621848739,254,0.2507403751233958,142,0.140177690029615,150,0.1480750246791707,59,0.0582428430404738,460,0.454096742349457,287,0.2833168805528134,117,0.3633540372670807,36047021000,3794,998,0.2630469161834475,3794,482,0.1270426989984185,3794,441,0.1162361623616236,36895,0.036895,27456.29489090663,0.8112643554968124
360470211003,360470211003,Block Group 3; Census Tract 211; Kings County; New York,Brooklyn,246,160,160,1.0,212,58,0.2735849056603773,0,0.0,26,0.1056910569105691,133,0.540650406504065,24,0.0975609756097561,13,0.0528455284552845,52,0.2113821138211382,0,0.0,36047021100,2778,424,0.1526277897768178,2778,381,0.1371490280777537,2778,275,0.0989920806335493,98154,0.098154,2506.265664160401,0.8453175726252464
360470212003,360470212003,Block Group 3; Census Tract 212; Kings County; New York,Brooklyn,1147,391,244,0.6240409207161125,410,75,0.1829268292682926,230,0.2005231037489102,323,0.2816041848299913,210,0.1830863121185701,0,0.0,921,0.8029642545771578,16,0.013949433304272,200,0.5115089514066496,36047021200,3150,660,0.2095238095238095,3150,413,0.1311111111111111,3150,224,0.0711111111111111,60849,0.060849,18849.940015448075,0.8059226989754958
360470213003,360470213003,Block Group 3; Census Tract 213; Kings County; New York,Brooklyn,1394,568,498,0.8767605633802817,771,355,0.4604409857328145,233,0.167144906743185,207,0.148493543758967,414,0.296987087517934,761,0.5459110473457676,38,0.0272596843615494,107,0.0767575322812051,24,0.0422535211267605,36047021300,4523,1088,0.2405483086447048,4523,461,0.1019235021003758,4523,271,0.0599159849657307,56651,0.056651,24606.803057315847,0.6170914811500171
360470214003,360470214003,Block Group 3; Census Tract 214; Kings County; New York,Brooklyn,718,163,137,0.8404907975460123,421,262,0.6223277909738717,119,0.1657381615598885,43,0.0598885793871866,19,0.0264623955431754,0,0.0,482,0.6713091922005571,217,0.3022284122562674,105,0.6441717791411042,36047021400,2542,829,0.3261211644374508,2580,175,0.067829457364341,2580,222,0.0860465116279069,77745,0.077745,9235.32059939546,0.8683486093865418
360470215003,360470215003,Block Group 3; Census Tract 215; Kings County; New York,Brooklyn,1144,460,460,1.0,748,324,0.4331550802139037,56,0.0489510489510489,164,0.1433566433566433,523,0.4571678321678322,225,0.1966783216783216,24,0.0209790209790209,281,0.2456293706293706,0,0.0,36047021500,5595,427,0.0763181411974977,5595,510,0.0911528150134048,5595,179,0.0319928507596067,30646,0.030646,37329.50466618808,0.7623685729163449
360470216003,360470216003,Block Group 3; Census Tract 216; Kings County; New York,Brooklyn,1245,328,307,0.9359756097560976,454,139,0.3061674008810572,502,0.4032128514056224,90,0.072289156626506,660,0.5301204819277109,18,0.0144578313253012,97,0.0779116465863453,367,0.2947791164658634,177,0.5396341463414634,36047021600,3885,1885,0.4851994851994852,3885,247,0.0635778635778635,3885,250,0.0643500643500643,55013,0.055013,22631.014487484776,0.8546778149586352
360470218003,360470218003,Block Group 3; Census Tract 218; Kings County; New York,Brooklyn,512,205,161,0.7853658536585366,196,63,0.3214285714285714,91,0.177734375,72,0.140625,348,0.6796875,17,0.033203125,90,0.17578125,57,0.111328125,93,0.4536585365853658,36047021800,2760,456,0.1652173913043478,2760,108,0.0391304347826087,2760,208,0.0753623188405797,44758,0.044758,11439.29576835426,0.851434848835559
360470219003,360470219003,Block Group 3; Census Tract 219; Kings County; New York,Brooklyn,1898,807,701,0.8686493184634448,1163,483,0.4153052450558899,205,0.1080084299262381,280,0.1475237091675448,625,0.3292939936775553,957,0.5042149631190727,40,0.0210748155953635,161,0.0848261327713382,10,0.0123915737298636,36047021900,4258,426,0.1000469704086425,4258,359,0.0843118835133865,4258,242,0.0568341944574917,63288,0.063288,29989.887498419925,0.8679239474359974
360470021003,360470021003,Block Group 3; Census Tract 21; Kings County; New York,Brooklyn,1152,621,461,0.7423510466988728,937,407,0.4343649946638207,118,0.1024305555555555,100,0.0868055555555555,755,0.6553819444444444,60,0.0520833333333333,146,0.1267361111111111,32,0.0277777777777777,42,0.0676328502415458,36047002100,6452,583,0.0903595784252944,6452,252,0.0390576565406075,6452,144,0.0223186608803471,278624,0.278624,4134.604341334559,0.6480585013988743
360470220003,360470220003,Block Group 3; Census Tract 220; Kings County; New York,Brooklyn,1748,393,356,0.905852417302799,668,86,0.1287425149700598,579,0.3312356979405034,117,0.0669336384439359,964,0.551487414187643,0,0.0,208,0.1189931350114416,307,0.1756292906178489,130,0.3307888040712468,36047022000,5854,1989,0.3397676802186539,5854,297,0.0507345404851383,5854,220,0.0375811411001024,42987,0.042987,40663.45639379347,0.9538873606441084
360470221003,360470221003,Block Group 3; Census Tract 221; Kings County; New York,Brooklyn,722,403,316,0.7841191066997518,494,134,0.2712550607287449,36,0.0498614958448753,111,0.1537396121883656,289,0.4002770083102493,281,0.389196675900277,12,0.0166204986149584,140,0.1939058171745152,0,0.0,36047022100,3724,787,0.2113319011815252,3724,697,0.1871643394199785,3724,315,0.0845864661654135,37766,0.037766,19117.72493777472,0.8100370992230578
360470222003,360470222003,Block Group 3; Census Tract 222; Kings County; New York,Brooklyn,1824,504,406,0.8055555555555556,802,276,0.3441396508728179,700,0.3837719298245614,282,0.1546052631578947,1384,0.7587719298245614,24,0.0131578947368421,0,0.0,382,0.2094298245614035,252,0.5,36047022200,4031,2052,0.5090548251054329,4050,176,0.0434567901234567,4050,320,0.0790123456790123,73804,0.073804,24714.10763644247,0.8718184284198982
360470224003,360470224003,Block Group 3; Census Tract 224; Kings County; New York,Brooklyn,1769,335,267,0.7970149253731343,438,132,0.3013698630136986,862,0.4872809496890898,211,0.1192764273600904,1019,0.576031656302996,14,0.0079140757490107,250,0.1413227812323346,437,0.2470322215941209,209,0.6238805970149254,36047022400,5786,1979,0.3420324922226063,5786,406,0.0701693743518838,5786,215,0.0371586588316626,43442,0.043442,40720.961281708944,0.8708638364618558
360470227003,360470227003,Block Group 3; Census Tract 227; Kings County; New York,Brooklyn,766,395,395,1.0,544,435,0.7996323529411765,0,0.0,30,0.0391644908616188,241,0.314621409921671,337,0.4399477806788511,77,0.1005221932114882,75,0.097911227154047,0,0.0,36047022700,4823,668,0.1385030064275347,4833,672,0.1390440720049658,4833,422,0.0873163666459755,45529,0.045529,16824.441564716995,0.9226642142863856
360470228003,360470228003,Block Group 3; Census Tract 228; Kings County; New York,Brooklyn,268,43,18,0.4186046511627907,89,37,0.4157303370786517,153,0.5708955223880597,18,0.0671641791044776,262,0.9776119402985076,0,0.0,6,0.0223880597014925,0,0.0,0,0.0,36047022800,3376,1299,0.3847748815165877,3485,363,0.1041606886657101,3485,54,0.0154949784791965,75428,0.075428,3553.057220130456,0.821379634585779
360470229003,360470229003,Block Group 3; Census Tract 229; Kings County; New York,Brooklyn,585,280,243,0.8678571428571429,461,207,0.4490238611713666,0,0.0,89,0.1521367521367521,233,0.3982905982905982,144,0.2461538461538461,23,0.0393162393162393,150,0.2564102564102564,0,0.0,36047022900,3645,401,0.1100137174211248,3645,247,0.0677640603566529,3645,188,0.0515775034293552,38359,0.038359,15250.658254907585,0.9074306753070174
360470022003,360470022003,Block Group 3; Census Tract 22; Kings County; New York,Brooklyn,1170,297,178,0.5993265993265994,390,119,0.3051282051282051,327,0.2794871794871795,293,0.2504273504273504,325,0.2777777777777778,39,0.0333333333333333,189,0.1615384615384615,589,0.5034188034188034,83,0.2794612794612794,36047002200,4643,1161,0.2500538444970924,4643,825,0.1776868404049106,4643,514,0.1107042860219685,95808,0.095808,12211.92384769539,0.8858629274185226
360470230003,360470230003,Block Group 3; Census Tract 230; Kings County; New York,Brooklyn,1788,513,379,0.7387914230019493,488,158,0.3237704918032787,587,0.3282997762863535,175,0.0978747203579418,1089,0.6090604026845637,38,0.0212527964205816,47,0.0262863534675615,597,0.3338926174496644,39,0.0760233918128654,36047023000,4202,2197,0.52284626368396,4202,276,0.065683008091385,4202,289,0.0687767729652546,56577,0.056577,31602.948194495995,0.6344776486660038
360470231003,360470231003,Block Group 3; Census Tract 231; Kings County; New York,Brooklyn,697,391,335,0.8567774936061381,368,180,0.4891304347826087,0,0.0,105,0.1506456241032998,308,0.4418938307030129,210,0.3012912482065997,42,0.0602582496413199,123,0.1764705882352941,41,0.1048593350383631,36047023100,3530,331,0.0937677053824362,3530,292,0.0827195467422096,3530,180,0.0509915014164305,39835,0.039835,17497.175850382828,0.8683698086472991
360470232003,360470232003,Block Group 3; Census Tract 232; Kings County; New York,Brooklyn,959,299,259,0.8662207357859532,351,131,0.3732193732193732,298,0.310740354535975,161,0.1678832116788321,728,0.7591240875912408,0,0.0,174,0.1814389989572471,0,0.0,135,0.451505016722408,36047023200,6610,2475,0.3744326777609682,6610,269,0.0406959152798789,6610,44,0.0066565809379727,37745,0.037745,25407.338720360312,0.8322005117060077
360470233003,360470233003,Block Group 3; Census Tract 233; Kings County; New York,Brooklyn,2191,736,688,0.9347826086956522,1243,569,0.4577634754625905,635,0.2898219990871748,0,0.0,1406,0.6417161113646737,81,0.0369694203560018,207,0.0944774075764491,244,0.1113646736649931,96,0.1304347826086956,36047023300,5988,2034,0.3396793587174349,5988,484,0.0808283233132932,5988,96,0.0160320641282565,71980,0.07198,30439.010836343423,0.8546938912245338
360470234003,360470234003,Block Group 3; Census Tract 234; Kings County; New York,Brooklyn,1462,479,429,0.8956158663883089,506,53,0.1047430830039525,476,0.3255813953488372,217,0.1484268125854993,1336,0.9138166894664844,0,0.0,0,0.0,126,0.0861833105335157,296,0.6179540709812108,36047023400,5623,2019,0.3590609994664769,5663,360,0.0635705456471834,5663,92,0.0162458061098357,56586,0.056586,25836.779415403103,0.8155124571206144
360470236003,360470236003,Block Group 3; Census Tract 236; Kings County; New York,Brooklyn,1272,284,284,1.0,357,67,0.1876750700280112,656,0.5157232704402516,79,0.0621069182389937,1162,0.9135220125786164,0,0.0,0,0.0,0,0.0,136,0.4788732394366197,36047023600,6444,2163,0.3356610800744879,6444,292,0.0453134698944754,6444,61,0.0094661700806952,37807,0.037807,33644.56317613141,0.8513643532611669
360470238003,360470238003,Block Group 3; Census Tract 238; Kings County; New York,Brooklyn,976,233,158,0.6781115879828327,226,83,0.3672566371681416,447,0.4579918032786885,126,0.1290983606557377,709,0.7264344262295082,0,0.0,54,0.055327868852459,105,0.1075819672131147,111,0.4763948497854077,36047023800,5584,1579,0.2827722063037249,5584,263,0.0470988538681948,5584,78,0.0139684813753581,56641,0.056641,17231.334192546037,0.884598552978905
360470023003,360470023003,Block Group 3; Census Tract 23; Kings County; New York,Brooklyn,1220,385,385,1.0,474,469,0.989451476793249,501,0.410655737704918,97,0.0795081967213114,0,0.0,264,0.2163934426229508,34,0.0278688524590163,922,0.7557377049180328,86,0.2233766233766233,36047002300,3385,1132,0.3344165435745937,3385,862,0.2546528803545052,3385,255,0.0753323485967503,105012,0.105012,11617.719879632805,0.6234306647952581
360470240003,360470240003,Block Group 3; Census Tract 240; Kings County; New York,Brooklyn,2192,469,411,0.8763326226012793,549,38,0.0692167577413479,1124,0.5127737226277372,246,0.1122262773722627,2064,0.9416058394160584,29,0.0132299270072992,7,0.0031934306569343,91,0.0415145985401459,165,0.3518123667377398,36047024000,5530,2669,0.4826401446654611,5530,277,0.0500904159132007,5530,90,0.0162748643761302,53762,0.053762,40772.292697444296,0.884050829739907
360470243003,360470243003,Block Group 3; Census Tract 243; Kings County; New York,Brooklyn,1287,572,438,0.7657342657342657,669,362,0.5411061285500748,266,0.2066822066822067,189,0.1468531468531468,237,0.1841491841491841,552,0.4289044289044289,19,0.0147630147630147,451,0.3504273504273504,96,0.1678321678321678,36047024300,4419,600,0.1357773251866938,4419,638,0.1443765557818511,4419,109,0.0246662140755827,51446,0.051446,25016.52217859503,0.8108662174349777
360470244003,360470244003,Block Group 3; Census Tract 244; Kings County; New York,Brooklyn,1628,489,390,0.7975460122699386,468,145,0.3098290598290598,712,0.4373464373464373,163,0.1001228501228501,1368,0.8402948402948403,0,0.0,129,0.0792383292383292,130,0.0798525798525798,139,0.2842535787321063,36047024400,3529,1305,0.3697931425332955,3556,77,0.0216535433070866,3556,292,0.0821147356580427,58636,0.058636,27764.51326829934,0.8456140860121573
360470245003,360470245003,Block Group 3; Census Tract 245; Kings County; New York,Brooklyn,1009,486,392,0.8065843621399177,647,411,0.6352395672333848,72,0.0713577799801783,84,0.0832507433102081,411,0.4073339940535183,419,0.4152626362735381,59,0.0584737363726461,84,0.0832507433102081,0,0.0,36047024500,4383,459,0.1047227926078028,4383,423,0.0965092402464065,4383,291,0.0663928815879534,25702,0.025702,39257.6453194304,0.9037039064876232
360470246003,360470246003,Block Group 3; Census Tract 246; Kings County; New York,Brooklyn,1324,316,194,0.6139240506329114,536,251,0.4682835820895522,447,0.3376132930513595,165,0.1246223564954682,373,0.2817220543806646,18,0.0135951661631419,663,0.5007552870090635,253,0.1910876132930513,170,0.5379746835443038,36047024600,3234,748,0.2312925170068027,3298,238,0.0721649484536082,3298,420,0.1273499090357792,58027,0.058027,22816.964516518172,0.7427437854025593
360470249003,360470249003,Block Group 3; Census Tract 249; Kings County; New York,Brooklyn,932,453,416,0.9183222958057397,557,319,0.5727109515260324,121,0.1298283261802575,78,0.0836909871244635,343,0.3680257510729613,354,0.3798283261802575,23,0.0246781115879828,166,0.1781115879828326,0,0.0,36047024900,4124,577,0.1399127061105722,4147,583,0.1405835543766578,4147,264,0.0636604774535809,46121,0.046121,20207.714490145485,0.8929520898176007
360470251003,360470251003,Block Group 3; Census Tract 251; Kings County; New York,Brooklyn,1398,655,642,0.9801526717557252,642,279,0.4345794392523364,223,0.1595135908440629,159,0.1137339055793991,287,0.2052932761087267,668,0.4778254649499284,40,0.0286123032904148,335,0.2396280400572246,57,0.0870229007633587,36047025100,3990,1493,0.3741854636591478,3975,619,0.1557232704402515,3975,232,0.0583647798742138,46172,0.046172,30278.090617690377,0.6891246998312711
360470252003,360470252003,Block Group 3; Census Tract 252; Kings County; New York,Brooklyn,1349,417,254,0.6091127098321343,516,325,0.6298449612403101,300,0.2223869532987398,189,0.140103780578206,164,0.1215715344699777,0,0.0,972,0.720533728687917,131,0.0971089696071163,60,0.1438848920863309,36047025200,4460,729,0.1634529147982062,4460,400,0.0896860986547085,4460,245,0.0549327354260089,52036,0.052036,25924.360058421094,0.805612163324183
360470253003,360470253003,Block Group 3; Census Tract 253; Kings County; New York,Brooklyn,772,393,269,0.6844783715012722,560,421,0.7517857142857143,53,0.0686528497409326,21,0.0272020725388601,212,0.2746113989637305,224,0.2901554404145077,31,0.0401554404145077,218,0.2823834196891192,0,0.0,36047025300,3904,1192,0.305327868852459,3904,343,0.087858606557377,3904,220,0.0563524590163934,69247,0.069247,11148.497407829942,0.8593931484854803
360470254003,360470254003,Block Group 3; Census Tract 254; Kings County; New York,Brooklyn,665,247,169,0.6842105263157895,418,221,0.5287081339712919,79,0.118796992481203,136,0.2045112781954887,354,0.5323308270676692,0,0.0,196,0.2947368421052631,115,0.1729323308270676,87,0.3522267206477733,36047025400,3437,870,0.2531277276694792,3437,291,0.084666860634274,3437,235,0.0683735816118708,57934,0.057934,11478.579072737944,0.7447997172353349
360470257003,360470257003,Block Group 3; Census Tract 257; Kings County; New York,Brooklyn,504,172,132,0.7674418604651163,331,45,0.1359516616314199,0,0.0,69,0.1369047619047619,302,0.5992063492063492,0,0.0,45,0.0892857142857142,140,0.2777777777777778,0,0.0,36047025700,3370,1317,0.3908011869436202,3370,207,0.0614243323442136,3370,377,0.1118694362017804,80327,0.080327,6274.353579742801,0.8947810981980191
360470258003,360470258003,Block Group 3; Census Tract 258; Kings County; New York,Brooklyn,1484,496,466,0.939516129032258,613,441,0.7194127243066885,290,0.1954177897574124,406,0.2735849056603773,269,0.1812668463611859,165,0.1111859838274932,745,0.5020215633423181,269,0.1812668463611859,204,0.4112903225806452,36047025800,4068,1277,0.313913470993117,4068,442,0.1086529006882989,4068,297,0.0730088495575221,56508,0.056508,26261.768245204217,0.8203091678251095
360470260003,360470260003,Block Group 3; Census Tract 260; Kings County; New York,Brooklyn,924,380,308,0.8105263157894737,450,209,0.4644444444444444,121,0.1309523809523809,244,0.264069264069264,243,0.262987012987013,13,0.014069264069264,374,0.4047619047619047,230,0.2489177489177489,102,0.2684210526315789,36047026000,2861,371,0.129674938832576,2909,403,0.1385355792368511,2909,331,0.1137848057751804,73732,0.073732,12531.87218575381,0.8158784710702254
360470261003,360470261003,Block Group 3; Census Tract 261; Kings County; New York,Brooklyn,1068,368,368,1.0,610,229,0.3754098360655737,173,0.1619850187265917,26,0.0243445692883895,90,0.0842696629213483,321,0.300561797752809,475,0.4447565543071161,155,0.1451310861423221,0,0.0,36047026100,5728,1657,0.2892807262569832,5741,730,0.1271555478139697,5741,517,0.0900539975614004,39872,0.039872,26785.714285714286,0.9164683955840184
360470264003,360470264003,Block Group 3; Census Tract 264; Kings County; New York,Brooklyn,861,384,204,0.53125,380,258,0.6789473684210526,180,0.2090592334494773,31,0.0360046457607433,360,0.4181184668989547,0,0.0,337,0.3914053426248548,164,0.1904761904761904,291,0.7578125,36047026400,4491,904,0.201291471832554,4554,320,0.0702678963548528,4554,658,0.1444883618796662,59301,0.059301,14519.14807507462,0.819056648664913
360470265003,360470265003,Block Group 3; Census Tract 265; Kings County; New York,Brooklyn,804,431,413,0.9582366589327146,418,232,0.5550239234449761,35,0.0435323383084577,75,0.0932835820895522,156,0.1940298507462686,294,0.3656716417910448,0,0.0,118,0.1467661691542288,0,0.0,36047026500,4099,870,0.2122468894852403,4099,361,0.0880702610392778,4099,343,0.0836789460844108,39844,0.039844,20178.696917980124,0.6738815745955824
360470266003,360470266003,Block Group 3; Census Tract 266; Kings County; New York,Brooklyn,795,248,159,0.6411290322580645,402,154,0.3830845771144278,110,0.1383647798742138,104,0.130817610062893,296,0.3723270440251572,0,0.0,433,0.5446540880503145,66,0.0830188679245283,75,0.3024193548387097,36047026600,3399,656,0.1929979405707561,3401,150,0.0441046750955601,3401,187,0.0549838282857982,52441,0.052441,15159.893976087413,0.8179626372330285
360470267003,360470267003,Block Group 3; Census Tract 267; Kings County; New York,Brooklyn,1329,594,401,0.6750841750841751,875,577,0.6594285714285715,192,0.1444695259593679,102,0.0767494356659142,283,0.2129420617005267,496,0.3732129420617005,117,0.0880361173814898,264,0.1986455981941309,0,0.0,36047026700,3933,245,0.0622934146961606,3933,164,0.0416984490211034,3933,71,0.0180523773201118,39891,0.039891,33315.78551552982,0.8885981629910202
360470268003,360470268003,Block Group 3; Census Tract 268; Kings County; New York,Brooklyn,1503,487,331,0.6796714579055442,647,151,0.2333848531684698,326,0.2168995342648037,167,0.1111111111111111,550,0.3659347970725216,4,0.0026613439787092,783,0.5209580838323353,166,0.1104457751164338,35,0.0718685831622176,36047026800,4414,631,0.1429542365201631,4414,340,0.0770276393294064,4414,334,0.0756683280471227,59379,0.059379,25311.97898246855,0.8255883287029805
360470269003,360470269003,Block Group 3; Census Tract 269; Kings County; New York,Brooklyn,1184,524,468,0.8931297709923665,670,349,0.5208955223880597,77,0.0650337837837837,146,0.1233108108108108,195,0.1646959459459459,608,0.5135135135135135,37,0.03125,287,0.2423986486486486,0,0.0,36047026900,3444,630,0.1829268292682926,3444,335,0.0972706155632985,3444,200,0.0580720092915214,60535,0.060535,19558.932848765176,0.885134282989548
360470272003,360470272003,Block Group 3; Census Tract 272; Kings County; New York,Brooklyn,1213,584,277,0.4743150684931507,707,175,0.2475247524752475,107,0.0882110469909315,317,0.2613355317394888,545,0.4492992580379225,0,0.0,618,0.5094806265457543,50,0.0412201154163231,238,0.4075342465753425,36047027200,3750,977,0.2605333333333333,3750,479,0.1277333333333333,3750,457,0.1218666666666666,56537,0.056537,21454.976387144703,0.8248386138256787
360470273003,360470273003,Block Group 3; Census Tract 273; Kings County; New York,Brooklyn,2397,785,665,0.8471337579617835,1118,504,0.4508050089445438,759,0.3166458072590738,297,0.1239048811013767,108,0.0450563204005006,1453,0.606174384647476,115,0.047976637463496,503,0.2098456403838131,11,0.0140127388535031,36047027300,4154,347,0.0835339431872893,4175,615,0.1473053892215569,4175,135,0.0323353293413173,68658,0.068658,34912.17338110635,0.9411838615409212
360470275003,360470275003,Block Group 3; Census Tract 275; Kings County; New York,Brooklyn,752,287,246,0.8571428571428571,329,192,0.5835866261398176,87,0.1156914893617021,113,0.1502659574468085,95,0.1263297872340425,596,0.7925531914893617,21,0.0279255319148936,40,0.0531914893617021,0,0.0,36047027500,5272,1255,0.2380500758725341,5256,713,0.1356544901065449,5256,455,0.0865677321156773,40513,0.040513,18561.94307999901,0.9543587976263672
360470276003,360470276003,Block Group 3; Census Tract 276; Kings County; New York,Brooklyn,1252,518,393,0.7586872586872587,690,359,0.5202898550724637,138,0.1102236421725239,191,0.152555910543131,405,0.323482428115016,0,0.0,488,0.389776357827476,359,0.2867412140575079,180,0.3474903474903475,36047027600,3665,604,0.1648021828103683,3680,254,0.0690217391304347,3680,212,0.0576086956521739,70988,0.070988,17636.783681749028,0.813095907858753
360470277003,360470277003,Block Group 3; Census Tract 277; Kings County; New York,Brooklyn,509,297,297,1.0,341,128,0.375366568914956,12,0.0235756385068762,68,0.1335952848722986,98,0.1925343811394892,304,0.5972495088408645,40,0.0785854616895874,55,0.1080550098231827,0,0.0,36047027700,4286,1233,0.2876808212785814,4301,753,0.1750755638223669,4301,443,0.1029993024877935,39915,0.039915,12752.098208693476,0.8823003886405438
360470279003,360470279003,Block Group 3; Census Tract 279; Kings County; New York,Brooklyn,1144,509,346,0.6797642436149313,683,308,0.4509516837481698,173,0.1512237762237762,103,0.090034965034965,467,0.4082167832167832,542,0.4737762237762238,28,0.0244755244755244,32,0.0279720279720279,0,0.0,36047027900,4260,766,0.1798122065727699,4260,432,0.1014084507042253,4260,411,0.0964788732394366,40516,0.040516,28235.758712607363,0.9152878308108592
360470281003,360470281003,Block Group 3; Census Tract 281; Kings County; New York,Brooklyn,2076,828,794,0.9589371980676328,1147,520,0.4533565823888404,203,0.0977842003853564,186,0.0895953757225433,441,0.2124277456647398,559,0.2692678227360308,104,0.0500963391136801,956,0.4605009633911368,75,0.0905797101449275,36047028100,5194,1950,0.3754331921447824,5238,711,0.1357388316151202,5238,519,0.0990836197021764,79750,0.07975,26031.34796238245,0.9072381250666326
360470282003,360470282003,Block Group 3; Census Tract 282; Kings County; New York,Brooklyn,773,218,180,0.8256880733944955,219,85,0.3881278538812785,340,0.4398447606727037,90,0.1164294954721862,155,0.2005174644243208,11,0.0142302716688227,184,0.2380336351875808,413,0.5342820181112549,118,0.5412844036697247,36047028200,3239,758,0.2340228465575795,3239,391,0.1207162704538437,3239,574,0.1772151898734177,27408,0.027408,28203.44424985406,0.8325819930167777
360470283003,360470283003,Block Group 3; Census Tract 283; Kings County; New York,Brooklyn,1298,473,439,0.9281183932346724,560,289,0.5160714285714286,260,0.2003081664098613,135,0.1040061633281972,248,0.1910631741140215,681,0.524653312788906,78,0.0600924499229583,145,0.1117103235747303,30,0.0634249471458773,36047028300,3951,1182,0.29916476841306,3963,722,0.1821852132223063,3963,474,0.1196063588190764,40554,0.040554,32006.70710657395,0.9051114477290731
360470284003,360470284003,Block Group 3; Census Tract 284; Kings County; New York,Brooklyn,1336,423,363,0.8581560283687943,598,232,0.3879598662207358,369,0.2761976047904191,107,0.0800898203592814,362,0.2709580838323353,0,0.0,670,0.5014970059880239,304,0.2275449101796407,24,0.0567375886524822,36047028400,3675,776,0.211156462585034,3675,498,0.1355102040816326,3675,90,0.0244897959183673,68592,0.068592,19477.49008630744,0.8222375740366462
360470286003,360470286003,Block Group 3; Census Tract 286; Kings County; New York,Brooklyn,1162,502,502,1.0,333,15,0.045045045045045,454,0.3907056798623063,206,0.1772805507745266,214,0.1841652323580034,111,0.0955249569707401,393,0.338209982788296,114,0.0981067125645439,152,0.3027888446215139,36047028600,5092,2224,0.436763550667714,5092,1001,0.1965828750981932,5092,301,0.0591123330714846,20972,0.020972,55407.20961281709,0.5610496738656773
360470287003,360470287003,Block Group 3; Census Tract 287; Kings County; New York,Brooklyn,1634,575,547,0.951304347826087,530,288,0.5433962264150943,369,0.2258261933904528,80,0.0489596083231334,212,0.1297429620563035,768,0.4700122399020808,46,0.0281517747858017,585,0.3580171358629131,34,0.0591304347826086,36047028700,3396,1224,0.3604240282685512,3398,512,0.1506768687463213,3398,100,0.0294290759270158,40541,0.040541,40304.87654473249,0.9282321347923146
360470288003,360470288003,Block Group 3; Census Tract 288; Kings County; New York,Brooklyn,1565,440,357,0.8113636363636364,659,298,0.4522003034901365,424,0.2709265175718849,228,0.1456869009584664,300,0.1916932907348242,0,0.0,554,0.3539936102236422,666,0.4255591054313099,142,0.3227272727272727,36047028800,3556,782,0.2199100112485939,3578,357,0.0997764114030184,3578,395,0.1103968697596422,57249,0.057249,27336.722038812903,0.6558039555935551
360470289003,360470289003,Block Group 3; Census Tract 289; Kings County; New York,Brooklyn,351,156,129,0.8269230769230769,215,54,0.2511627906976744,0,0.0,38,0.1082621082621082,292,0.8319088319088319,0,0.0,13,0.037037037037037,46,0.131054131054131,38,0.2435897435897435,36047028900,4137,1401,0.3386511965192168,4147,321,0.0774053532674222,4147,640,0.1543284301904991,41110,0.04111,8538.068596448553,0.9328591827402724
360470290003,360470290003,Block Group 3; Census Tract 290; Kings County; New York,Brooklyn,1527,687,660,0.960698689956332,654,366,0.5596330275229358,244,0.1597904387688277,362,0.2370661427635887,852,0.5579567779960707,0,0.0,231,0.1512770137524558,444,0.2907662082514735,275,0.4002911208151383,36047029000,3710,1037,0.2795148247978437,3710,645,0.1738544474393531,3710,81,0.021832884097035,78406,0.078406,19475.550340535163,0.6465296860802614
360470291003,360470291003,Block Group 3; Census Tract 291; Kings County; New York,Brooklyn,1151,575,491,0.8539130434782609,500,180,0.36,266,0.2311033883579496,186,0.1615986099044309,150,0.1303214596003475,776,0.6741963509991312,29,0.0251954821894005,98,0.0851433536055603,47,0.0817391304347826,36047029100,3461,665,0.1921409997110661,3461,390,0.1126841953192718,3461,177,0.0511412886449003,41082,0.041082,28017.136458789737,0.6739143464171481
360470293003,360470293003,Block Group 3; Census Tract 293; Kings County; New York,Brooklyn,715,255,141,0.5529411764705883,342,143,0.4181286549707602,185,0.2587412587412587,163,0.2279720279720279,112,0.1566433566433566,557,0.779020979020979,25,0.0349650349650349,0,0.0,0,0.0,36047029300,3181,1127,0.3542911034265954,3181,385,0.1210311222885884,3181,83,0.0260924237661112,41126,0.041126,17385.595487039827,0.8983856824640077
360470295003,360470295003,Block Group 3; Census Tract 295; Kings County; New York,Brooklyn,689,387,178,0.4599483204134367,363,218,0.6005509641873278,51,0.0740203193033381,265,0.3846153846153846,218,0.3164005805515239,388,0.5631349782293179,6,0.0087082728592162,56,0.081277213352685,0,0.0,36047029500,4043,959,0.2372000989364333,4043,329,0.0813752164234479,4043,207,0.0511996042542666,41107,0.041107,16761.135573016763,0.8703179655448782
360470296003,360470296003,Block Group 3; Census Tract 296; Kings County; New York,Brooklyn,1873,630,445,0.7063492063492064,854,391,0.4578454332552693,521,0.2781633742658836,232,0.1238654564869193,548,0.2925787506673785,0,0.0,605,0.3230112119594234,720,0.384410037373198,183,0.2904761904761905,36047029600,6463,1860,0.2877920470369797,6463,458,0.070864923410181,6463,843,0.1304347826086956,58170,0.05817,32198.727866597903,0.8319024042618585
360470297003,360470297003,Block Group 3; Census Tract 297; Kings County; New York,Brooklyn,900,445,364,0.8179775280898877,448,194,0.4330357142857143,176,0.1955555555555555,225,0.25,214,0.2377777777777777,486,0.54,29,0.0322222222222222,108,0.12,0,0.0,36047029700,4004,929,0.232017982017982,4004,794,0.1983016983016983,4004,126,0.0314685314685314,61704,0.061704,14585.764294049008,0.8889138603666717
360470298003,360470298003,Block Group 3; Census Tract 298; Kings County; New York,Brooklyn,983,299,258,0.862876254180602,465,188,0.4043010752688172,166,0.1688708036622584,156,0.1586978636826042,356,0.3621566632756867,1,0.0010172939979654,398,0.4048830111902339,216,0.2197355035605289,71,0.2374581939799331,36047029800,3868,770,0.1990692864529472,3877,349,0.0900180551973175,3877,266,0.0686097498065514,58034,0.058034,16938.34648654237,0.8681811946847036
360470003013,360470003013,Block Group 3; Census Tract 3.01; Kings County; New York,Brooklyn,498,292,234,0.8013698630136986,321,147,0.4579439252336448,16,0.0321285140562249,123,0.2469879518072289,329,0.6606425702811245,0,0.0,16,0.0321285140562249,136,0.2730923694779116,13,0.0445205479452054,36047000301,4384,227,0.0517791970802919,4501,366,0.0813152632748278,4501,86,0.0191068651410797,21990,0.02199,22646.657571623466,0.8353200843587032
360470300003,360470300003,Block Group 3; Census Tract 300; Kings County; New York,Brooklyn,695,255,188,0.7372549019607844,429,224,0.5221445221445221,112,0.1611510791366906,122,0.1755395683453237,141,0.2028776978417266,0,0.0,342,0.4920863309352518,212,0.3050359712230215,85,0.3333333333333333,36047030000,4165,765,0.1836734693877551,4165,377,0.090516206482593,4165,320,0.0768307322929171,37930,0.03793,18323.22699709992,0.8878919440602165
360470301003,360470301003,Block Group 3; Census Tract 301; Kings County; New York,Brooklyn,751,420,279,0.6642857142857143,399,244,0.6115288220551378,87,0.1158455392809587,110,0.1464713715046604,182,0.2423435419440745,469,0.6245006657789614,14,0.0186418109187749,74,0.0985352862849534,0,0.0,36047030100,3169,678,0.2139476175449668,3170,293,0.0924290220820189,3170,40,0.0126182965299684,93748,0.093748,8010.8375645347105,0.867993235007906
360470302003,360470302003,Block Group 3; Census Tract 302; Kings County; New York,Brooklyn,1443,440,253,0.575,582,252,0.4329896907216495,190,0.1316701316701316,254,0.176022176022176,306,0.212058212058212,48,0.0332640332640332,919,0.6368676368676369,127,0.088011088011088,140,0.3181818181818182,36047030200,3850,692,0.1797402597402597,3850,400,0.1038961038961039,3850,202,0.0524675324675324,63787,0.063787,22622.164390863345,0.8585953087212188
360470303003,360470303003,Block Group 3; Census Tract 303; Kings County; New York,Brooklyn,1791,1009,955,0.9464816650148662,644,372,0.577639751552795,262,0.146286990508096,695,0.3880513679508654,66,0.0368509212730318,1253,0.699609156895589,0,0.0,222,0.1239530988274706,46,0.0455896927651139,36047030300,5465,1520,0.2781335773101555,5465,864,0.1580969807868252,5465,296,0.0541628545288197,86720,0.08672,20652.675276752765,0.8394249674536536
360470304003,360470304003,Block Group 3; Census Tract 304; Kings County; New York,Brooklyn,785,334,316,0.9461077844311376,407,177,0.4348894348894349,113,0.1439490445859872,206,0.2624203821656051,320,0.4076433121019108,42,0.0535031847133758,317,0.4038216560509554,101,0.1286624203821656,178,0.5329341317365269,36047030400,4498,616,0.1369497554468652,4525,484,0.1069613259668508,4525,389,0.0859668508287292,89477,0.089477,8773.20428713524,0.6548223386316028
360470305003,360470305003,Block Group 3; Census Tract 305; Kings County; New York,Brooklyn,2000,1060,958,0.9037735849056604,1535,404,0.2631921824104234,231,0.1155,75,0.0375,888,0.444,522,0.261,82,0.041,319,0.1595,28,0.0264150943396226,36047030500,6688,873,0.1305322966507177,6688,516,0.0771531100478468,6688,283,0.0423145933014354,57498,0.057498,34783.81856760235,0.6618041193655851
360470307003,360470307003,Block Group 3; Census Tract 307; Kings County; New York,Brooklyn,3208,1249,752,0.6020816653322658,1342,473,0.3524590163934426,836,0.2605985037406483,213,0.0663965087281795,464,0.1446384039900249,2130,0.6639650872817955,243,0.0757481296758104,143,0.044576059850374,180,0.144115292233787,36047030700,6279,1754,0.2793438445612358,6299,966,0.153357675821559,6299,572,0.090808064772186,183057,0.183057,17524.59616403634,0.8982076507691158
360470311003,360470311003,Block Group 3; Census Tract 311; Kings County; New York,Brooklyn,1427,541,407,0.7523105360443623,857,393,0.4585764294049008,370,0.2592852137351086,97,0.0679747722494744,258,0.1807988787666433,636,0.4456902592852137,110,0.0770847932725998,362,0.2536790469516468,0,0.0,36047031100,3534,776,0.2195812110922467,3534,339,0.0959252971137521,3534,106,0.0299943406904357,44119,0.044119,32344.341440195836,0.9552423575291786
360470313003,360470313003,Block Group 3; Census Tract 313; Kings County; New York,Brooklyn,1748,974,913,0.9373716632443532,1131,781,0.6905393457117595,191,0.1092677345537757,219,0.1252860411899313,350,0.200228832951945,1072,0.6132723112128147,6,0.0034324942791762,229,0.1310068649885583,0,0.0,36047031300,4352,760,0.1746323529411764,4398,960,0.2182810368349249,4398,178,0.0404729422464756,43583,0.043583,40107.38131840397,0.8602119177934217
360470314013,360470314013,Block Group 3; Census Tract 314.01; Kings County; New York,Brooklyn,543,232,99,0.4267241379310345,157,102,0.6496815286624203,50,0.0920810313075506,167,0.3075506445672191,182,0.3351749539594843,10,0.0184162062615101,311,0.572744014732965,40,0.0736648250460405,68,0.293103448275862,36047031401,4910,501,0.1020366598778004,4910,766,0.1560081466395112,4910,468,0.095315682281059,200815,0.200815,2703.9812762990814,0.7368642601529524
360470315003,360470315003,Block Group 3; Census Tract 315; Kings County; New York,Brooklyn,1339,622,600,0.964630225080386,865,365,0.4219653179190751,155,0.1157580283793876,50,0.0373412994772218,492,0.3674383868558626,589,0.4398805078416729,133,0.09932785660941,94,0.070201643017177,0,0.0,36047031500,5179,749,0.1446225139988414,5179,452,0.0872755358177254,5179,149,0.0287700328248696,43797,0.043797,30572.87028791926,0.8021765802625123
360470317013,360470317013,Block Group 3; Census Tract 317.01; Kings County; New York,Brooklyn,1024,435,375,0.8620689655172413,737,367,0.4979647218453188,81,0.0791015625,169,0.1650390625,236,0.23046875,667,0.6513671875,84,0.08203125,13,0.0126953125,0,0.0,36047031701,4262,472,0.1107461285781323,4300,366,0.0851162790697674,4300,229,0.0532558139534883,46608,0.046608,21970.477171301067,0.8527414426772792
360470317023,360470317023,Block Group 3; Census Tract 317.02; Kings County; New York,Brooklyn,1689,719,665,0.9248956884561892,1181,688,0.5825571549534293,255,0.1509769094138543,7,0.0041444641799881,352,0.2084073416222616,885,0.5239786856127886,95,0.0562462995855535,227,0.1343990526939017,0,0.0,36047031702,3609,366,0.1014131338320864,3622,297,0.0819988956377691,3622,140,0.0386526780784097,46569,0.046569,36268.7624814791,0.6382904307979468
360470319003,360470319003,Block Group 3; Census Tract 319; Kings County; New York,Brooklyn,434,233,229,0.9828326180257512,253,98,0.3873517786561264,34,0.0783410138248847,157,0.3617511520737327,58,0.1336405529953917,320,0.7373271889400922,17,0.0391705069124423,39,0.0898617511520737,0,0.0,36047031900,3412,247,0.0723915592028136,3412,354,0.1037514654161781,3412,7,0.0020515826494724,58146,0.058146,7463.970006535273,0.8438223328930629
360470321003,360470321003,Block Group 3; Census Tract 321; Kings County; New York,Brooklyn,1316,746,746,1.0,676,391,0.5784023668639053,125,0.0949848024316109,92,0.0699088145896656,229,0.1740121580547112,532,0.4042553191489361,241,0.1831306990881459,261,0.1983282674772036,33,0.0442359249329758,36047032100,4975,771,0.1549748743718593,4989,693,0.1389055923030667,4989,299,0.0599318500701543,23272,0.023272,56548.64214506703,0.8449097835010069
360470323003,360470323003,Block Group 3; Census Tract 323; Kings County; New York,Brooklyn,1177,531,396,0.7457627118644068,573,246,0.4293193717277487,209,0.1775700934579439,205,0.1741716227697536,280,0.237892948173322,583,0.4953271028037383,0,0.0,129,0.1096006796941376,0,0.0,36047032300,3589,604,0.1682920033435497,3589,497,0.1384786848704374,3589,164,0.0456951797157982,64204,0.064204,18332.191140738894,0.8303063038617113
360470325003,360470325003,Block Group 3; Census Tract 325; Kings County; New York,Brooklyn,3314,1188,1188,1.0,1517,892,0.5880026367831246,705,0.2127338563669281,661,0.1994568497284248,117,0.0353047676523838,2997,0.9043452021726012,16,0.0048280024140012,38,0.0114665057332528,114,0.0959595959595959,36047032500,7964,738,0.0926670015067805,7926,775,0.0977794600050466,7926,220,0.0277567499369164,72663,0.072663,45607.80589846277,0.6093954532005661
360470326003,360470326003,Block Group 3; Census Tract 326; Kings County; New York,Brooklyn,2058,863,819,0.9490150637311704,450,314,0.6977777777777778,751,0.3649173955296404,213,0.1034985422740524,9,0.0043731778425655,906,0.4402332361516035,237,0.1151603498542274,558,0.271137026239067,62,0.0718424101969872,36047032600,10436,3568,0.3418934457646608,10522,1176,0.111765823987835,10522,376,0.0357346512069948,45022,0.045022,45710.98574030474,0.5605127332885385
360470327003,360470327003,Block Group 3; Census Tract 327; Kings County; New York,Brooklyn,830,564,564,1.0,529,296,0.5595463137996219,94,0.1132530120481927,130,0.1566265060240964,242,0.2915662650602409,370,0.4457831325301205,39,0.0469879518072289,78,0.0939759036144578,63,0.1117021276595744,36047032700,2980,389,0.1305369127516778,2980,227,0.0761744966442953,2980,0,0.0,49216,0.049216,16864.43433029909,0.8255060828121786
360470328003,360470328003,Block Group 3; Census Tract 328; Kings County; New York,Brooklyn,1033,419,384,0.9164677804295944,408,301,0.7377450980392157,228,0.2207163601161665,240,0.2323330106485963,223,0.2158760890609874,314,0.3039690222652468,262,0.2536302032913843,234,0.2265246853823814,136,0.324582338902148,36047032800,2847,777,0.2729188619599578,2918,535,0.1833447566826593,2918,141,0.0483207676490747,46039,0.046039,22437.49864245531,0.8318346188675402
360470329003,360470329003,Block Group 3; Census Tract 329; Kings County; New York,Brooklyn,1205,628,628,1.0,747,338,0.4524765729585007,225,0.1867219917012448,156,0.129460580912863,409,0.3394190871369295,662,0.5493775933609959,71,0.0589211618257261,63,0.0522821576763485,0,0.0,36047032900,5411,1249,0.2308260949916836,5411,531,0.0981334318979855,5411,392,0.0724450194049159,42197,0.042197,28556.532454913857,0.8925073545509413
360470330003,360470330003,Block Group 3; Census Tract 330; Kings County; New York,Brooklyn,1368,603,603,1.0,570,305,0.5350877192982456,312,0.2280701754385964,240,0.175438596491228,0,0.0,423,0.3092105263157895,125,0.0913742690058479,610,0.445906432748538,51,0.0845771144278607,36047033000,4721,1935,0.409870790086846,4721,1094,0.2317305655581444,4721,122,0.0258419826307985,231550,0.23155,5908.0112286763115,0.8331472612959386
360470331003,360470331003,Block Group 3; Census Tract 331; Kings County; New York,Brooklyn,589,224,202,0.9017857142857144,181,55,0.3038674033149171,143,0.2427843803056027,153,0.2597623089983022,398,0.6757215619694398,59,0.100169779286927,0,0.0,0,0.0,21,0.09375,36047033100,3822,1134,0.2967032967032967,3822,482,0.1261119832548404,3822,458,0.1198325484039769,49816,0.049816,11823.510518708848,0.848841221384214
360470333003,360470333003,Block Group 3; Census Tract 333; Kings County; New York,Brooklyn,1824,416,347,0.8341346153846154,591,82,0.1387478849407783,914,0.5010964912280702,97,0.0531798245614035,1634,0.8958333333333334,139,0.0762061403508772,0,0.0,51,0.0279605263157894,15,0.0360576923076923,36047033300,4519,925,0.2046913033857048,4519,301,0.0666076565611861,4519,154,0.0340783359150254,69847,0.069847,26114.22108322476,0.8535798943240364
360470335003,360470335003,Block Group 3; Census Tract 335; Kings County; New York,Brooklyn,1018,358,237,0.6620111731843575,506,241,0.4762845849802372,265,0.2603143418467583,122,0.1198428290766208,616,0.6051080550098232,205,0.2013752455795678,1,0.0009823182711198,117,0.1149312377210216,0,0.0,36047033500,3400,593,0.1744117647058823,3743,346,0.0924392198771039,3743,128,0.0341971680470211,90907,0.090907,11198.25755992388,0.8574887287375657
360470336003,360470336003,Block Group 3; Census Tract 336; Kings County; New York,Brooklyn,361,136,65,0.4779411764705882,125,10,0.08,114,0.3157894736842105,64,0.1772853185595568,336,0.9307479224376732,0,0.0,25,0.0692520775623268,0,0.0,14,0.1029411764705882,36047033600,4674,499,0.1067608044501497,4757,500,0.1051082615093546,4757,202,0.0424637376497792,111091,0.111091,3249.5881754597585,0.3362395338789461
360470339003,360470339003,Block Group 3; Census Tract 339; Kings County; New York,Brooklyn,1068,560,541,0.9660714285714286,485,171,0.3525773195876289,181,0.1694756554307116,389,0.3642322097378277,399,0.3735955056179775,501,0.4691011235955056,39,0.0365168539325842,129,0.1207865168539325,20,0.0357142857142857,36047033900,5010,1267,0.2528942115768463,5010,713,0.142315369261477,5010,203,0.0405189620758483,45151,0.045151,23653.96115257691,0.8124016290698658
360470341003,360470341003,Block Group 3; Census Tract 341; Kings County; New York,Brooklyn,986,464,440,0.9482758620689656,581,408,0.7022375215146299,173,0.1754563894523326,67,0.0679513184584178,324,0.3286004056795132,219,0.2221095334685598,0,0.0,220,0.2231237322515213,9,0.0193965517241379,36047034100,2319,455,0.1962052608883139,2319,186,0.0802069857697283,2319,125,0.0539025442000862,46571,0.046571,21171.97397522063,0.8258804643908062
360470342003,360470342003,Block Group 3; Census Tract 342; Kings County; New York,Brooklyn,1591,1073,1059,0.9869524697110904,377,339,0.8992042440318302,0,0.0,868,0.5455688246385921,520,0.32683846637335,772,0.4852294154619736,69,0.0433689503456945,125,0.0785669390320553,425,0.3960857409133271,36047034200,6608,2245,0.3397397094430993,6608,1601,0.2422820823244552,6608,186,0.0281476997578692,68192,0.068192,23331.18254340685,0.8279137835572249
360470343003,360470343003,Block Group 3; Census Tract 343; Kings County; New York,Brooklyn,550,328,328,1.0,138,73,0.5289855072463768,14,0.0254545454545454,188,0.3418181818181818,0,0.0,343,0.6236363636363637,0,0.0,143,0.26,25,0.0762195121951219,36047034300,4548,1971,0.433377308707124,4548,981,0.2156992084432717,4548,467,0.1026824978012313,45583,0.045583,12065.901761621655,0.9058877858535068
360470347003,360470347003,Block Group 3; Census Tract 347; Kings County; New York,Brooklyn,1505,821,797,0.9707673568818516,804,519,0.6455223880597015,129,0.0857142857142857,288,0.1913621262458471,71,0.0471760797342192,1261,0.837873754152824,0,0.0,55,0.0365448504983388,0,0.0,36047034700,3728,808,0.2167381974248927,3728,524,0.1405579399141631,3728,307,0.0823497854077253,46558,0.046558,32325.271704111,0.8986570661083787
360470349023,360470349023,Block Group 3; Census Tract 349.02; Kings County; New York,Brooklyn,1270,836,836,1.0,521,370,0.710172744721689,227,0.1787401574803149,83,0.0653543307086614,198,0.1559055118110236,938,0.7385826771653543,0,0.0,134,0.105511811023622,0,0.0,36047034902,3396,531,0.1563604240282685,3396,286,0.0842167255594817,3396,115,0.0338633686690223,23338,0.023338,54417.68789099323,0.8957052078692271
360470034003,360470034003,Block Group 3; Census Tract 34; Kings County; New York,Brooklyn,1076,464,267,0.5754310344827587,540,233,0.4314814814814814,174,0.1617100371747211,291,0.2704460966542751,649,0.6031598513011153,24,0.0223048327137546,173,0.1607806691449814,183,0.1700743494423791,0,0.0,36047003400,3349,250,0.0746491489997014,3349,544,0.1624365482233502,3349,252,0.075246342191699,63683,0.063683,16896.188935822745,0.7471964670035796
360470354003,360470354003,Block Group 3; Census Tract 354; Kings County; New York,Brooklyn,1911,762,444,0.5826771653543307,650,263,0.4046153846153846,512,0.2679225536368393,552,0.2888540031397174,1847,0.9665096807953952,0,0.0,33,0.0172684458398744,0,0.0,287,0.3766404199475066,36047035400,6075,587,0.0966255144032921,6075,1374,0.2261728395061728,6075,55,0.0090534979423868,46520,0.04652,41079.10576096303,0.850498794805854
360470355003,360470355003,Block Group 3; Census Tract 355; Kings County; New York,Brooklyn,2199,834,814,0.9760191846522782,948,425,0.4483122362869198,429,0.1950886766712141,513,0.233287858117326,755,0.343337880854934,1032,0.4693042291950887,0,0.0,281,0.1277853569804456,147,0.1762589928057553,36047035500,5046,578,0.1145461751882679,5046,811,0.1607213634562029,5046,356,0.0705509314308363,56744,0.056744,38752.995911462,0.897023262244596
360470356023,360470356023,Block Group 3; Census Tract 356.02; Kings County; New York,Brooklyn,2418,1046,1046,1.0,950,344,0.3621052631578947,520,0.2150537634408602,686,0.2837055417700579,1913,0.7911497105045492,3,0.0012406947890818,139,0.0574855252274607,147,0.0607940446650124,466,0.4455066921606118,36047035602,6581,1027,0.1560553107430481,6581,1509,0.2292964595046345,6581,270,0.0410271995137517,58393,0.058393,41409.07300532598,0.8861360369104303
360470359003,360470359003,Block Group 3; Census Tract 359; Kings County; New York,Brooklyn,2827,957,798,0.8338557993730408,1003,645,0.6430707876370887,638,0.22568093385214,230,0.0813583303855677,63,0.0222851078882207,2416,0.8546162009197029,11,0.0038910505836575,200,0.0707463742483197,0,0.0,36047035900,6788,1465,0.2158220388921626,6788,902,0.1328815556865056,6788,465,0.0685032410135533,49123,0.049123,57549.4167701484,0.8952624469094282
360470360013,360470360013,Block Group 3; Census Tract 360.01; Kings County; New York,Brooklyn,1180,644,644,1.0,310,117,0.3774193548387097,301,0.2550847457627118,383,0.3245762711864406,890,0.7542372881355932,0,0.0,80,0.0677966101694915,43,0.0364406779661016,430,0.6677018633540373,36047036001,2844,1005,0.3533755274261603,2844,871,0.3062587904360056,2844,279,0.0981012658227848,37827,0.037827,31194.649324556533,0.8935212419241763
360470361003,360470361003,Block Group 3; Census Tract 361; Kings County; New York,Brooklyn,1315,493,493,1.0,317,231,0.7287066246056783,294,0.223574144486692,278,0.2114068441064638,62,0.047148288973384,683,0.5193916349809886,0,0.0,397,0.3019011406844106,0,0.0,36047036100,3357,1238,0.3687816502829907,3358,786,0.2340678975580702,3358,424,0.1262656343061346,42069,0.042069,31258.171099859752,0.7698269180342996
360470362003,360470362003,Block Group 3; Census Tract 362; Kings County; New York,Brooklyn,852,415,281,0.6771084337349398,539,59,0.1094619666048237,139,0.1631455399061032,140,0.1643192488262911,446,0.5234741784037559,4,0.0046948356807511,121,0.142018779342723,64,0.0751173708920187,189,0.4554216867469879,36047036200,3078,1167,0.3791423001949318,3090,330,0.1067961165048543,3090,373,0.1207119741100323,56510,0.05651,15076.977526101577,0.8888630889037938
360470363003,360470363003,Block Group 3; Census Tract 363; Kings County; New York,Brooklyn,1102,511,365,0.7142857142857143,454,226,0.4977973568281938,137,0.1243194192377495,147,0.1333938294010889,13,0.0117967332123411,959,0.8702359346642469,0,0.0,83,0.0753176043557168,0,0.0,36047036300,5430,1056,0.1944751381215469,5430,808,0.1488029465930018,5430,241,0.0443830570902394,69712,0.069712,15807.895340830848,0.7828641184137026
360470366003,360470366003,Block Group 3; Census Tract 366; Kings County; New York,Brooklyn,1701,440,347,0.7886363636363637,855,247,0.2888888888888888,422,0.2480893592004703,171,0.1005291005291005,337,0.1981187536743092,64,0.0376249265138154,114,0.0670194003527336,643,0.3780129335684891,158,0.359090909090909,36047036600,4134,948,0.2293178519593613,4134,361,0.0873246250604741,4134,820,0.1983551040154813,41825,0.041825,40669.4560669456,0.8980725033941543
360470367003,360470367003,Block Group 3; Census Tract 367; Kings County; New York,Brooklyn,660,343,225,0.6559766763848397,466,181,0.388412017167382,28,0.0424242424242424,92,0.1393939393939394,37,0.056060606060606,285,0.4318181818181818,18,0.0272727272727272,226,0.3424242424242424,11,0.032069970845481,36047036700,2091,594,0.2840746054519368,2091,154,0.0736489717838354,2091,388,0.1855571496891439,56115,0.056115,11761.561079925154,0.8166483970420925
360470369003,360470369003,Block Group 3; Census Tract 369; Kings County; New York,Brooklyn,1281,741,615,0.8299595141700404,717,456,0.6359832635983264,0,0.0,263,0.2053083528493364,470,0.3669008587041374,289,0.2256049960967993,90,0.0702576112412178,396,0.3091334894613583,0,0.0,36047036900,5616,1442,0.2567663817663818,5616,984,0.1752136752136752,5616,857,0.1525997150997151,56124,0.056124,22824.46012401112,0.8099726983327821
360470036003,360470036003,Block Group 3; Census Tract 36; Kings County; New York,Brooklyn,766,351,213,0.6068376068376068,338,46,0.136094674556213,175,0.2284595300261096,213,0.2780678851174935,654,0.8537859007832899,0,0.0,77,0.1005221932114882,35,0.0456919060052219,40,0.1139601139601139,36047003600,3841,765,0.1991668836240562,3841,487,0.1267898984639416,3841,183,0.047643842749284,38002,0.038002,20156.833850849955,0.7449169357347232
360470370003,360470370003,Block Group 3; Census Tract 370; Kings County; New York,Brooklyn,1567,427,329,0.7704918032786885,554,225,0.4061371841155234,214,0.1365666879387364,434,0.2769623484365028,263,0.167836630504148,218,0.1391193363114231,799,0.5098915124441609,116,0.0740268028079132,86,0.2014051522248243,36047037000,3875,524,0.1352258064516129,3904,417,0.1068135245901639,3904,70,0.0179303278688524,130378,0.130378,12018.898893985182,0.9496436226291796
360470371003,360470371003,Block Group 3; Census Tract 371; Kings County; New York,Brooklyn,1109,456,368,0.8070175438596491,630,217,0.3444444444444444,161,0.145175834084761,59,0.0532010820559062,84,0.0757439134355275,807,0.7276825969341749,0,0.0,218,0.1965734896302975,0,0.0,36047037100,4244,812,0.1913289349670122,4309,266,0.0617312601531677,4309,258,0.0598746809004409,37726,0.037726,29396.172400996657,0.6216537325454558
360470373003,360470373003,Block Group 3; Census Tract 373; Kings County; New York,Brooklyn,724,324,216,0.6666666666666666,298,143,0.4798657718120805,137,0.1892265193370165,281,0.3881215469613259,144,0.1988950276243093,539,0.744475138121547,29,0.0400552486187845,0,0.0,53,0.1635802469135802,36047037300,4946,1016,0.2054185200161747,4952,715,0.1443861066235864,4952,494,0.0997576736672051,37420,0.03742,19347.942276857295,0.8282768612753157
360470374013,360470374013,Block Group 3; Census Tract 374.01; Kings County; New York,Brooklyn,988,323,196,0.6068111455108359,120,27,0.225,402,0.4068825910931174,84,0.0850202429149797,948,0.9595141700404858,0,0.0,40,0.0404858299595141,0,0.0,118,0.3653250773993808,36047037401,4758,758,0.1593106347204707,4758,921,0.1935687263556116,4758,151,0.0317360235393022,38098,0.038098,25933.11984881096,0.9063964940651936
360470374023,360470374023,Block Group 3; Census Tract 374.02; Kings County; New York,Brooklyn,949,467,467,1.0,376,147,0.3909574468085106,111,0.1169652265542676,332,0.3498419388830348,607,0.6396206533192834,18,0.0189673340358271,226,0.238145416227608,42,0.0442571127502634,185,0.3961456102783726,36047037402,5843,1097,0.1877460208796851,5843,935,0.1600205373951737,5843,151,0.0258428889269211,39822,0.039822,23831.04816433127,0.9207624223697444
360470375003,360470375003,Block Group 3; Census Tract 375; Kings County; New York,Brooklyn,1457,462,441,0.9545454545454546,700,344,0.4914285714285714,287,0.1969800960878517,173,0.1187371310912834,80,0.0549073438572409,768,0.5271105010295127,100,0.0686341798215511,509,0.3493479752916952,0,0.0,36047037500,3740,772,0.2064171122994652,3746,437,0.1166577682861719,3746,450,0.1201281366791244,36514,0.036514,39902.503149476914,0.8337775384031031
360470377003,360470377003,Block Group 3; Census Tract 377; Kings County; New York,Brooklyn,1236,590,471,0.7983050847457627,629,411,0.6534181240063593,161,0.1302588996763754,403,0.326051779935275,192,0.1553398058252427,831,0.6723300970873787,13,0.0105177993527508,141,0.1140776699029126,0,0.0,36047037700,4985,989,0.19839518555667,5090,641,0.1259332023575638,5090,283,0.0555992141453831,38229,0.038229,32331.476104527977,0.6210358913358035
360470379003,360470379003,Block Group 3; Census Tract 379; Kings County; New York,Brooklyn,1725,625,541,0.8656,678,407,0.6002949852507374,487,0.2823188405797101,354,0.2052173913043478,154,0.0892753623188405,1412,0.8185507246376812,0,0.0,95,0.0550724637681159,0,0.0,36047037900,4012,1414,0.3524426719840479,4012,466,0.1161515453639082,4012,206,0.051345962113659,68980,0.06898,25007.24847781966,0.8675613354921505
360470381003,360470381003,Block Group 3; Census Tract 381; Kings County; New York,Brooklyn,695,322,322,1.0,552,292,0.5289855072463768,81,0.116546762589928,11,0.0158273381294964,273,0.3928057553956834,92,0.1323741007194244,162,0.2330935251798561,143,0.2057553956834532,11,0.0341614906832298,36047038100,5138,975,0.1897625535227715,5138,817,0.1590112884390813,5138,276,0.053717399766446,66405,0.066405,10466.079361493865,0.6912600831617024
360470382003,360470382003,Block Group 3; Census Tract 382; Kings County; New York,Brooklyn,2129,819,819,1.0,233,184,0.7896995708154506,770,0.361672146547675,563,0.2644434006575857,100,0.0469704086425551,1491,0.7003287928604979,129,0.0605918271488961,374,0.1756693283231564,155,0.1892551892551892,36047038200,5222,2497,0.4781692837993106,5222,1393,0.2667560321715818,5222,147,0.0281501340482573,109568,0.109568,19430.855724299065,0.8651853340414962
360470383003,360470383003,Block Group 3; Census Tract 383; Kings County; New York,Brooklyn,1346,529,354,0.6691871455576559,994,321,0.3229376257545271,197,0.1463595839524517,194,0.1441307578008915,132,0.0980683506686478,825,0.6129271916790491,14,0.0104011887072808,231,0.1716196136701337,0,0.0,36047038300,5465,1199,0.2193961573650503,5394,422,0.0782350760103819,5394,307,0.0569150908416759,43598,0.043598,30872.97582457911,0.8361255263351034
360470385003,360470385003,Block Group 3; Census Tract 385; Kings County; New York,Brooklyn,1277,533,410,0.7692307692307693,684,459,0.6710526315789473,112,0.0877055599060297,276,0.216131558339859,707,0.5536413469068129,410,0.3210649960845732,0,0.0,132,0.1033672670321065,0,0.0,36047038500,3823,495,0.1294794663876536,3823,472,0.1234632487575202,3823,194,0.0507454878367774,43786,0.043786,29164.573151235556,0.6444629786740441
360470387003,360470387003,Block Group 3; Census Tract 387; Kings County; New York,Brooklyn,606,274,244,0.8905109489051095,332,252,0.7590361445783133,98,0.1617161716171617,51,0.0841584158415841,232,0.3828382838283828,253,0.4174917491749175,12,0.0198019801980198,77,0.127062706270627,7,0.0255474452554744,36047038700,5311,1378,0.2594614950103558,5311,338,0.063641498776125,5311,126,0.0237243456976087,41130,0.04113,14733.770970094822,0.8388420415227338
360470388003,360470388003,Block Group 3; Census Tract 388; Kings County; New York,Brooklyn,1355,328,174,0.5304878048780488,451,177,0.3924611973392461,502,0.3704797047970479,91,0.0671586715867158,999,0.7372693726937269,0,0.0,28,0.0206642066420664,175,0.1291512915129151,74,0.2256097560975609,36047038800,5301,1003,0.1892095830975287,5353,380,0.0709882308985615,5353,257,0.0480104614235008,56583,0.056583,23947.12192708057,0.8391467469643923
360470389003,360470389003,Block Group 3; Census Tract 389; Kings County; New York,Brooklyn,1007,455,435,0.956043956043956,690,531,0.7695652173913043,43,0.0427010923535253,91,0.0903674280039722,280,0.2780536246276067,37,0.0367428003972194,62,0.0615690168818272,613,0.608738828202582,93,0.2043956043956044,36047038900,3248,415,0.1277709359605911,3277,350,0.1068050045773573,3277,440,0.1342691486115349,43722,0.043722,23031.883262430816,0.9742159519986492
360470393003,360470393003,Block Group 3; Census Tract 393; Kings County; New York,Brooklyn,1332,543,485,0.8931860036832413,769,410,0.5331599479843954,73,0.0548048048048048,0,0.0,287,0.2154654654654654,189,0.1418918918918918,86,0.0645645645645645,639,0.4797297297297297,54,0.0994475138121546,36047039300,3798,620,0.163243812532912,3798,309,0.0813586097946287,3798,450,0.1184834123222748,65423,0.065423,20359.81229842716,0.8672183436697302
360470394003,360470394003,Block Group 3; Census Tract 394; Kings County; New York,Brooklyn,573,234,169,0.7222222222222222,226,21,0.0929203539823008,151,0.2635253054101221,102,0.1780104712041884,495,0.8638743455497382,0,0.0,69,0.1204188481675392,0,0.0,36,0.1538461538461538,36047039400,2259,683,0.3023461708720673,2259,209,0.0925188136343514,2259,62,0.0274457724656927,96485,0.096485,5938.746955485309,0.8938979916648855
360470395003,360470395003,Block Group 3; Census Tract 395; Kings County; New York,Brooklyn,1699,883,723,0.8187995469988675,1411,814,0.5768958185683912,113,0.0665097115950559,4,0.0023543260741612,654,0.3849323131253678,387,0.227781047675103,179,0.1053560918187169,426,0.2507357268981754,86,0.0973952434881087,36047039500,4083,1108,0.2713690913543963,4083,514,0.1258878275777614,4083,515,0.1261327455302473,47880,0.04788,35484.54469507101,0.9600185977069118
360470397003,360470397003,Block Group 3; Census Tract 397; Kings County; New York,Brooklyn,1405,832,819,0.984375,867,665,0.7670126874279123,8,0.0056939501779359,133,0.094661921708185,382,0.2718861209964412,582,0.4142348754448398,6,0.0042704626334519,300,0.2135231316725978,40,0.048076923076923,36047039700,3332,731,0.2193877551020408,3356,251,0.0747914183551847,3356,605,0.1802741358760429,64579,0.064579,21756.2984871243,0.8369008750496852
360470399003,360470399003,Block Group 3; Census Tract 399; Kings County; New York,Brooklyn,1574,793,778,0.9810844892812106,585,392,0.67008547008547,412,0.2617534942820839,380,0.241423125794155,129,0.0819567979669631,346,0.2198221092757306,76,0.048284625158831,1000,0.6353240152477764,87,0.1097099621689785,36047039900,3729,1056,0.2831858407079646,3745,708,0.1890520694259012,3745,334,0.0891855807743658,39715,0.039715,39632.38071257711,0.8353507539930467
360470039003,360470039003,Block Group 3; Census Tract 39; Kings County; New York,Brooklyn,782,248,171,0.6895161290322581,451,165,0.3658536585365853,276,0.3529411764705882,13,0.0166240409207161,425,0.5434782608695652,25,0.0319693094629156,76,0.0971867007672634,0,0.0,0,0.0,36047003900,2986,356,0.1192230408573342,2986,194,0.0649698593436034,2986,58,0.0194239785666443,53879,0.053879,14514.00360066074,0.9230800722410006
360470400003,360470400003,Block Group 3; Census Tract 400; Kings County; New York,Brooklyn,944,303,134,0.4422442244224422,265,69,0.260377358490566,158,0.1673728813559322,222,0.2351694915254237,141,0.149364406779661,24,0.0254237288135593,710,0.7521186440677966,69,0.073093220338983,144,0.4752475247524752,36047040000,2549,511,0.2004707728520988,2570,235,0.0914396887159533,2570,205,0.0797665369649805,61722,0.061722,15294.384498234018,0.8482663544212175
360470401003,360470401003,Block Group 3; Census Tract 401; Kings County; New York,Brooklyn,1326,701,653,0.9315263908701854,589,279,0.4736842105263157,213,0.1606334841628959,251,0.1892911010558069,246,0.1855203619909502,222,0.167420814479638,84,0.0633484162895927,708,0.5339366515837104,122,0.1740370898716119,36047040100,3349,924,0.2759032547028964,3349,398,0.1188414452075246,3349,145,0.0432965064198268,64339,0.064339,20609.583611806214,0.8295340175207861
360470402003,360470402003,Block Group 3; Census Tract 402; Kings County; New York,Brooklyn,667,242,158,0.6528925619834711,310,104,0.3354838709677419,128,0.191904047976012,123,0.184407796101949,105,0.1574212893553223,0,0.0,493,0.7391304347826086,29,0.0434782608695652,90,0.371900826446281,36047040200,2414,727,0.3011599005799503,2414,105,0.0434962717481358,2414,104,0.0430820215410107,40142,0.040142,16616.013153305765,0.8750845705709642
360470403003,360470403003,Block Group 3; Census Tract 403; Kings County; New York,Brooklyn,1595,576,340,0.5902777777777778,1098,727,0.6621129326047359,201,0.1260188087774294,127,0.0796238244514106,572,0.3586206896551724,736,0.4614420062695925,19,0.0119122257053291,204,0.1278996865203761,20,0.0347222222222222,36047040300,3970,518,0.1304785894206549,3980,486,0.1221105527638191,3980,207,0.0520100502512562,48703,0.048703,32749.52261667659,0.8407676472028927
360470406003,360470406003,Block Group 3; Census Tract 406; Kings County; New York,Brooklyn,918,235,197,0.8382978723404255,527,266,0.5047438330170778,140,0.1525054466230936,141,0.15359477124183,50,0.0544662309368191,0,0.0,697,0.7592592592592593,171,0.1862745098039215,45,0.1914893617021276,36047040600,3706,452,0.1219643820831084,3726,364,0.097691894793344,3726,109,0.0292538915727321,42539,0.042539,21580.196995698065,0.876924230890618
360470408003,360470408003,Block Group 3; Census Tract 408; Kings County; New York,Brooklyn,1151,364,241,0.6620879120879121,444,170,0.3828828828828828,256,0.2224152910512597,180,0.156385751520417,418,0.3631624674196351,0,0.0,613,0.5325803649000869,120,0.104257167680278,96,0.2637362637362637,36047040800,3676,953,0.2592491838955386,3676,448,0.1218715995647442,3676,342,0.0930359085963003,62570,0.06257,18395.39715518619,0.7792839388169637
360470409003,360470409003,Block Group 3; Census Tract 409; Kings County; New York,Brooklyn,1032,366,351,0.9590163934426228,709,337,0.4753173483779971,182,0.1763565891472868,95,0.0920542635658914,317,0.3071705426356589,215,0.2083333333333333,19,0.0184108527131782,414,0.4011627906976744,32,0.087431693989071,36047040900,3891,781,0.2007196093549216,3891,563,0.1446928810074531,3891,305,0.0783860190182472,33652,0.033652,30666.82515155117,0.7762322794948314
360470411003,360470411003,Block Group 3; Census Tract 411; Kings County; New York,Brooklyn,533,169,153,0.9053254437869822,169,18,0.1065088757396449,198,0.3714821763602251,0,0.0,52,0.0975609756097561,117,0.2195121951219512,34,0.0637898686679174,330,0.6191369606003753,51,0.301775147928994,36047041100,2631,695,0.2641581147852527,2631,313,0.1189661725579627,2631,374,0.1421512732801216,32383,0.032383,16459.253311922923,0.8271511592491128
360470413003,360470413003,Block Group 3; Census Tract 413; Kings County; New York,Brooklyn,1285,438,253,0.5776255707762558,740,266,0.3594594594594594,49,0.0381322957198443,195,0.1517509727626459,290,0.22568093385214,208,0.1618677042801556,119,0.0926070038910505,427,0.3322957198443579,53,0.1210045662100456,36047041300,3851,763,0.1981303557517527,3851,352,0.0914048299143079,3851,237,0.0615424565048039,48693,0.048693,26389.830160392663,0.8186127364826049
360470415003,360470415003,Block Group 3; Census Tract 415; Kings County; New York,Brooklyn,1470,530,404,0.7622641509433963,578,126,0.2179930795847751,321,0.2183673469387755,275,0.1870748299319728,24,0.0163265306122449,767,0.5217687074829932,0,0.0,552,0.3755102040816326,0,0.0,36047041500,4300,631,0.1467441860465116,4300,381,0.0886046511627907,4300,677,0.1574418604651162,49172,0.049172,29895.062230537704,0.8566171618877281
360470417003,360470417003,Block Group 3; Census Tract 417; Kings County; New York,Brooklyn,1413,518,464,0.8957528957528957,679,410,0.6038291605301914,403,0.2852087756546355,245,0.1733899504600141,27,0.019108280254777,263,0.1861288039631988,135,0.0955414012738853,973,0.6886058032554848,139,0.2683397683397683,36047041700,3402,1169,0.3436213991769547,3402,940,0.2763080540858318,3402,195,0.0573192239858906,35771,0.035771,39501.27198009561,0.854705130467976
360470419003,360470419003,Block Group 3; Census Tract 419; Kings County; New York,Brooklyn,852,369,338,0.9159891598915988,559,349,0.6243291592128801,8,0.0093896713615023,62,0.0727699530516431,362,0.4248826291079812,258,0.3028169014084507,77,0.0903755868544601,141,0.1654929577464788,0,0.0,36047041900,3479,1129,0.3245185398102903,3479,627,0.1802242023569991,3479,140,0.0402414486921529,38340,0.03834,22222.222222222223,0.6984333563844553
360470041003,360470041003,Block Group 3; Census Tract 41; Kings County; New York,Brooklyn,955,423,368,0.8699763593380615,606,364,0.6006600660066007,169,0.1769633507853403,141,0.1476439790575916,644,0.6743455497382199,22,0.0230366492146596,66,0.069109947643979,93,0.0973821989528795,0,0.0,36047004100,3114,306,0.0982658959537572,3131,285,0.0910252315554136,3131,47,0.0150111785372085,48972,0.048972,19500.939312260067,0.8651839714644844
360470421003,360470421003,Block Group 3; Census Tract 421; Kings County; New York,Brooklyn,1203,527,452,0.857685009487666,601,279,0.4642262895174708,93,0.0773067331670823,172,0.142975893599335,162,0.1346633416458852,123,0.1022443890274314,289,0.2402327514546965,600,0.4987531172069825,76,0.1442125237191651,36047042100,4712,1259,0.2671901528013582,4712,626,0.1328522920203735,4712,367,0.0778862478777589,38314,0.038314,31398.44443284439,0.9645933014648624
360470422003,360470422003,Block Group 3; Census Tract 422; Kings County; New York,Brooklyn,538,210,183,0.8714285714285714,182,23,0.1263736263736263,83,0.1542750929368029,55,0.1022304832713754,202,0.3754646840148699,0,0.0,35,0.0650557620817843,273,0.5074349442379182,96,0.4571428571428571,36047042200,3037,891,0.2933816266052025,3163,278,0.0878912424913057,3163,386,0.1220360417325324,62335,0.062335,8630.785273121039,0.7738059103625686
360470423003,360470423003,Block Group 3; Census Tract 423; Kings County; New York,Brooklyn,1028,406,360,0.8866995073891626,652,324,0.4969325153374233,177,0.1721789883268482,29,0.0282101167315175,582,0.566147859922179,13,0.0126459143968871,42,0.0408560311284046,308,0.2996108949416342,24,0.0591133004926108,36047042300,4283,395,0.0922250758813915,4283,281,0.0656082185384076,4283,1346,0.3142657016110203,32376,0.032376,31751.91499876451,0.961355746214459
360470424003,360470424003,Block Group 3; Census Tract 424; Kings County; New York,Brooklyn,971,396,250,0.6313131313131313,402,161,0.4004975124378109,157,0.1616889804325437,273,0.2811534500514933,267,0.2749742533470649,82,0.0844490216271884,460,0.4737384140061792,129,0.1328527291452111,123,0.3106060606060606,36047042400,3720,786,0.2112903225806451,3720,358,0.0962365591397849,3720,250,0.0672043010752688,40930,0.04093,23723.430246762764,0.523763420553024
360470425003,360470425003,Block Group 3; Census Tract 425; Kings County; New York,Brooklyn,486,306,286,0.934640522875817,267,125,0.4681647940074906,1,0.0020576131687242,165,0.3395061728395062,90,0.1851851851851851,98,0.2016460905349794,0,0.0,298,0.6131687242798354,0,0.0,36047042500,2698,391,0.1449221645663454,2699,301,0.1115227862171174,2699,67,0.0248240088921822,54169,0.054169,8971.921209547896,0.9339838592473684
360470426003,360470426003,Block Group 3; Census Tract 426; Kings County; New York,Brooklyn,1291,488,371,0.7602459016393442,628,264,0.4203821656050955,183,0.1417505809450038,232,0.179705654531371,437,0.3384972889233152,0,0.0,637,0.493415956622773,217,0.1680867544539117,203,0.415983606557377,36047042600,4478,1004,0.2242072353729343,4528,574,0.1267667844522968,4528,415,0.0916519434628975,40926,0.040926,31544.739285539756,0.5366784418176311
360470427003,360470427003,Block Group 3; Census Tract 427; Kings County; New York,Brooklyn,930,460,460,1.0,619,449,0.7253634894991923,142,0.1526881720430107,0,0.0,308,0.3311827956989247,83,0.0892473118279569,107,0.1150537634408602,326,0.3505376344086021,56,0.1217391304347826,36047042700,4098,481,0.1173743289409468,4098,272,0.066373840897999,4098,557,0.1359199609565641,33641,0.033641,27644.838143931513,0.8220137389730076
360470428003,360470428003,Block Group 3; Census Tract 428; Kings County; New York,Brooklyn,1385,452,324,0.7168141592920354,528,222,0.4204545454545454,412,0.2974729241877256,262,0.1891696750902527,658,0.4750902527075812,62,0.0447653429602888,411,0.2967509025270758,222,0.1602888086642599,229,0.5066371681415929,36047042800,3636,185,0.0508800880088008,3636,433,0.119086908690869,3636,174,0.0478547854785478,60988,0.060988,22709.385452875977,0.9098007390008228
360470429003,360470429003,Block Group 3; Census Tract 429; Kings County; New York,Brooklyn,1414,681,604,0.8869309838472834,825,331,0.4012121212121212,194,0.1371994342291372,74,0.0523338048090523,405,0.2864214992927864,259,0.1831683168316831,201,0.1421499292786421,499,0.3528995756718528,16,0.0234948604992657,36047042900,4630,1255,0.2710583153347732,4630,480,0.1036717062634989,4630,762,0.1645788336933045,33603,0.033603,42079.576228312944,0.909563895248716
360470430003,360470430003,Block Group 3; Census Tract 430; Kings County; New York,Brooklyn,1541,592,562,0.9493243243243245,750,345,0.46,343,0.2225827384815055,143,0.0927968851395198,693,0.4497079818299805,0,0.0,114,0.0739779364049318,444,0.2881245944192083,366,0.6182432432432432,36047043000,3666,511,0.1393889798145117,3666,378,0.1031096563011456,3666,521,0.1421167484997272,84649,0.084649,18204.585996290563,0.8931080574199624
360470431003,360470431003,Block Group 3; Census Tract 431; Kings County; New York,Brooklyn,1127,525,456,0.8685714285714285,628,477,0.7595541401273885,350,0.3105590062111801,0,0.0,170,0.1508429458740017,75,0.0665483584738243,38,0.0337178349600709,844,0.748890860692103,60,0.1142857142857142,36047043100,3864,392,0.1014492753623188,3864,387,0.1001552795031055,3864,594,0.1537267080745341,33629,0.033629,33512.74197864938,0.9117372438520712
360470432003,360470432003,Block Group 3; Census Tract 432; Kings County; New York,Brooklyn,1211,370,303,0.8189189189189189,448,234,0.5223214285714286,163,0.134599504541701,275,0.227085053674649,397,0.3278282411230388,1,0.0008257638315441,631,0.5210569777043765,65,0.0536746490503715,66,0.1783783783783784,36047043200,3874,579,0.1494579246257098,3874,354,0.0913784202374806,3874,296,0.0764068146618482,47183,0.047183,25666.02377975118,0.7602686990905039
360470433003,360470433003,Block Group 3; Census Tract 433; Kings County; New York,Brooklyn,2157,630,472,0.7492063492063492,964,535,0.5549792531120332,504,0.2336578581363004,283,0.1312007417709782,156,0.0723226703755215,533,0.2471024571163653,15,0.0069541029207232,1386,0.6425591098748261,42,0.0666666666666666,36047043300,4029,1205,0.2990816579796475,4029,470,0.1166542566393646,4029,277,0.0687515512534127,52282,0.052282,41257.0291878658,0.946208662441921
360470434003,360470434003,Block Group 3; Census Tract 434; Kings County; New York,Brooklyn,1418,494,401,0.8117408906882592,408,175,0.4289215686274509,424,0.2990126939351198,212,0.1495063469675599,527,0.3716502115655853,55,0.038787023977433,191,0.1346967559943582,144,0.1015514809590973,116,0.2348178137651821,36047043400,4095,1271,0.3103785103785104,4095,347,0.0847374847374847,4095,235,0.0573870573870573,44884,0.044884,31592.54968362891,0.6357977770779268
360470435003,360470435003,Block Group 3; Census Tract 435; Kings County; New York,Brooklyn,1775,617,428,0.6936790923824959,1246,711,0.5706260032102729,141,0.0794366197183098,126,0.0709859154929577,607,0.3419718309859155,46,0.0259154929577464,90,0.0507042253521126,902,0.508169014084507,63,0.1021069692058346,36047043500,4897,1442,0.2944659995915867,4897,504,0.1029201551970594,4897,521,0.1063916683683888,49875,0.049875,35588.972431077695,0.6915621036961981
360470436003,360470436003,Block Group 3; Census Tract 436; Kings County; New York,Brooklyn,1643,541,444,0.8207024029574861,751,403,0.5366178428761651,407,0.2477175897748021,220,0.1339013998782714,770,0.46865489957395,99,0.0602556299452221,545,0.3317102860620816,120,0.0730371272063298,176,0.3253234750462107,36047043600,4341,892,0.2054826076940797,4341,509,0.1172540889196037,4341,722,0.1663211241649389,38205,0.038205,43004.84229812851,0.8361337340725398
360470437003,360470437003,Block Group 3; Census Tract 437; Kings County; New York,Brooklyn,957,469,469,1.0,609,157,0.257799671592775,14,0.0146290491118077,79,0.0825496342737722,270,0.2821316614420062,0,0.0,11,0.0114942528735632,651,0.6802507836990596,0,0.0,36047043700,5034,974,0.1934843067143424,5034,348,0.069129916567342,5034,348,0.069129916567342,33640,0.03364,28448.275862068964,0.7029197783919832
360470439003,360470439003,Block Group 3; Census Tract 439; Kings County; New York,Brooklyn,918,309,237,0.7669902912621359,504,222,0.4404761904761904,144,0.1568627450980392,30,0.0326797385620915,161,0.1753812636165577,34,0.037037037037037,204,0.2222222222222222,519,0.565359477124183,1,0.0032362459546925,36047043900,4172,680,0.1629913710450623,4172,603,0.1445349952061361,4172,368,0.0882070949185043,71026,0.071026,12924.84442316898,0.9712164055205644
360470043003,360470043003,Block Group 3; Census Tract 43; Kings County; New York,Brooklyn,776,401,374,0.9326683291770572,481,244,0.5072765072765073,68,0.0876288659793814,100,0.1288659793814432,431,0.5554123711340206,8,0.0103092783505154,147,0.1894329896907216,168,0.2164948453608247,0,0.0,36047004300,3706,351,0.0947112790070156,3765,287,0.0762284196547144,3765,39,0.0103585657370517,49146,0.049146,15789.687868799088,0.9237307828922674
360470440003,360470440003,Block Group 3; Census Tract 440; Kings County; New York,Brooklyn,1196,330,280,0.8484848484848485,342,162,0.4736842105263157,498,0.4163879598662207,144,0.1204013377926421,754,0.6304347826086957,1,0.0008361204013377,108,0.0903010033444816,300,0.2508361204013378,54,0.1636363636363636,36047044000,2586,426,0.1647331786542923,2586,183,0.0707656612529002,2586,117,0.0452436194895591,68863,0.068863,17367.817260357522,0.8217030060771151
360470441003,360470441003,Block Group 3; Census Tract 441; Kings County; New York,Brooklyn,1877,666,630,0.945945945945946,901,371,0.4117647058823529,317,0.1688865210442195,302,0.1608950452850293,267,0.1422482685135855,0,0.0,64,0.0340969632392115,1523,0.8114011720831114,135,0.2027027027027027,36047044100,4632,1201,0.2592832469775475,4632,275,0.0593696027633851,4632,1199,0.2588514680483592,37036,0.037036,50680.41905173345,0.8995907172587204
360470443003,360470443003,Block Group 3; Census Tract 443; Kings County; New York,Brooklyn,898,349,349,1.0,779,480,0.6161745827984596,25,0.0278396436525612,10,0.0111358574610244,246,0.2739420935412027,0,0.0,73,0.0812917594654788,556,0.6191536748329621,0,0.0,36047044300,4740,492,0.1037974683544303,4740,493,0.1040084388185654,4740,492,0.1037974683544303,34610,0.03461,25946.25830684773,0.9049031553398053
360470444003,360470444003,Block Group 3; Census Tract 444; Kings County; New York,Brooklyn,1026,342,319,0.932748538011696,413,131,0.3171912832929782,292,0.2846003898635477,183,0.1783625730994152,815,0.7943469785575049,0,0.0,0,0.0,211,0.2056530214424951,137,0.4005847953216374,36047044400,2677,856,0.3197609264101606,2677,265,0.0989914082928651,2677,155,0.057900635039223,44616,0.044616,22996.234534696072,0.8099417191690808
360470445003,360470445003,Block Group 3; Census Tract 445; Kings County; New York,Brooklyn,1265,588,528,0.8979591836734694,808,477,0.5903465346534653,105,0.0830039525691699,146,0.1154150197628458,411,0.324901185770751,43,0.03399209486166,232,0.183399209486166,579,0.4577075098814229,87,0.1479591836734693,36047044500,3944,574,0.1455375253549695,3944,537,0.136156186612576,3944,511,0.1295638945233265,48240,0.04824,26223.051409618576,0.9150675870640296
360470045003,360470045003,Block Group 3; Census Tract 45; Kings County; New York,Brooklyn,708,337,156,0.4629080118694362,477,250,0.5241090146750524,105,0.1483050847457627,136,0.192090395480226,553,0.7810734463276836,7,0.0098870056497175,42,0.059322033898305,23,0.0324858757062146,0,0.0,36047004500,3897,155,0.039774185270721,3898,179,0.0459209851205746,3898,62,0.0159055926115956,32172,0.032172,22006.713912719137,0.9466645738619944
360470460003,360470460003,Block Group 3; Census Tract 460; Kings County; New York,Brooklyn,716,200,48,0.24,279,50,0.1792114695340501,279,0.3896648044692737,52,0.0726256983240223,333,0.4650837988826816,11,0.0153631284916201,140,0.1955307262569832,159,0.2220670391061452,11,0.055,36047046000,2997,601,0.2005338672005338,2997,371,0.1237904571237904,2997,165,0.055055055055055,100455,0.100455,7127.569558508785,0.8350909159977051
360470472003,360470472003,Block Group 3; Census Tract 472; Kings County; New York,Brooklyn,1177,223,138,0.6188340807174888,261,0,0.0,688,0.5845369583687341,170,0.1444350042480883,1160,0.9855564995751912,0,0.0,0,0.0,0,0.0,40,0.179372197309417,36047047200,2772,768,0.277056277056277,2772,243,0.0876623376623376,2772,13,0.0046897546897546,77817,0.077817,15125.229705591324,0.878293281630914
360470476003,360470476003,Block Group 3; Census Tract 476; Kings County; New York,Brooklyn,1107,322,145,0.4503105590062112,295,37,0.1254237288135593,393,0.3550135501355013,218,0.1969286359530262,1079,0.974706413730804,0,0.0,28,0.025293586269196,0,0.0,276,0.8571428571428571,36047047600,3865,886,0.2292367399741267,3865,149,0.0385510996119016,3865,82,0.0212160413971539,84534,0.084534,13095.322592093122,0.8725704985780991
360470478003,360470478003,Block Group 3; Census Tract 478; Kings County; New York,Brooklyn,2227,474,350,0.7383966244725738,689,41,0.0595065312046444,1039,0.4665469241131567,178,0.079928154467894,1905,0.855410866636731,8,0.0035922766052986,41,0.0184104176021553,171,0.0767849124382577,30,0.0632911392405063,36047047800,5188,1378,0.2656129529683886,5251,248,0.0472290992191963,5251,341,0.0649400114263949,86391,0.086391,25778.148186732415,0.7406077983763337
360470481003,360470481003,Block Group 3; Census Tract 481; Kings County; New York,Brooklyn,1753,706,654,0.9263456090651558,901,427,0.4739178690344062,454,0.2589845978322875,14,0.0079863091842555,756,0.4312606959498003,50,0.0285225328009127,152,0.0867084997147746,783,0.4466628636622932,82,0.1161473087818696,36047048100,3010,444,0.1475083056478405,3010,418,0.1388704318936877,3010,84,0.027906976744186,64972,0.064972,26980.85329064828,0.8488594649295346
360470482003,360470482003,Block Group 3; Census Tract 482; Kings County; New York,Brooklyn,2484,962,821,0.8534303534303534,936,228,0.2435897435897435,667,0.2685185185185185,339,0.1364734299516908,892,0.359098228663446,109,0.0438808373590982,954,0.3840579710144927,190,0.0764895330112721,415,0.4313929313929314,36047048200,5580,1095,0.1962365591397849,5553,638,0.1148928507113272,5553,235,0.0423194669547992,47343,0.047343,52468.157911412454,0.7462785199092077
360470484003,360470484003,Block Group 3; Census Tract 484; Kings County; New York,Brooklyn,1251,301,267,0.8870431893687708,686,165,0.2405247813411078,227,0.1814548361310951,159,0.1270983213429256,1013,0.8097521982414069,10,0.0079936051159072,134,0.1071143085531574,30,0.0239808153477218,82,0.2724252491694352,36047048400,4844,364,0.0751445086705202,4904,327,0.0666802610114192,4904,251,0.0511827079934747,50657,0.050657,24695.501115344377,0.7894603757453252
360470486003,360470486003,Block Group 3; Census Tract 486; Kings County; New York,Brooklyn,653,146,118,0.8082191780821918,255,82,0.3215686274509804,188,0.2879019908116386,52,0.0796324655436447,164,0.2511485451761102,0,0.0,322,0.4931087289433384,142,0.2174578866768759,14,0.0958904109589041,36047048600,3173,460,0.1449732114717932,3189,224,0.0702414550015678,3189,309,0.0968955785512699,68948,0.068948,9470.905610024947,0.8239762013510565
360470488003,360470488003,Block Group 3; Census Tract 488; Kings County; New York,Brooklyn,2331,822,491,0.597323600973236,881,332,0.376844494892168,586,0.2513942513942513,213,0.0913770913770913,867,0.3719433719433719,248,0.1063921063921063,596,0.2556842556842557,199,0.0853710853710853,140,0.170316301703163,36047048800,4806,1130,0.2351227632126508,4932,422,0.0855636658556366,4932,96,0.0194647201946472,46132,0.046132,50528.917020723144,0.5990247071006408
360470489003,360470489003,Block Group 3; Census Tract 489; Kings County; New York,Brooklyn,1666,573,538,0.9389179755671904,386,194,0.5025906735751295,862,0.517406962785114,140,0.0840336134453781,0,0.0,975,0.5852340936374549,0,0.0,691,0.414765906362545,78,0.1361256544502617,36047048900,3484,1478,0.4242250287026406,3597,1123,0.3122046149569085,3597,168,0.0467055879899916,39497,0.039497,42180.41876598223,0.945307181793174
360470490003,360470490003,Block Group 3; Census Tract 490; Kings County; New York,Brooklyn,567,188,188,1.0,338,80,0.2366863905325443,4,0.0070546737213403,169,0.2980599647266314,135,0.238095238095238,1,0.001763668430335,305,0.5379188712522046,126,0.2222222222222222,38,0.202127659574468,36047049000,5364,522,0.0973154362416107,5364,711,0.1325503355704698,5364,37,0.0068978374347501,42518,0.042518,13335.52848205466,0.7923357950133348
360470491003,360470491003,Block Group 3; Census Tract 491; Kings County; New York,Brooklyn,1383,647,647,1.0,587,446,0.7597955706984668,280,0.2024584237165582,284,0.205350686912509,153,0.1106290672451193,296,0.2140274765003615,201,0.1453362255965292,733,0.5300072306579898,155,0.2395672333848531,36047049100,6213,2108,0.339288588443586,6213,1050,0.1690004828585224,6213,201,0.0323515210043457,59746,0.059746,23147.99317109095,0.9335804129116084
360470492003,360470492003,Block Group 3; Census Tract 492; Kings County; New York,Brooklyn,834,529,421,0.7958412098298677,407,171,0.4201474201474201,105,0.1258992805755395,165,0.197841726618705,516,0.6187050359712231,92,0.1103117505995203,104,0.1247002398081534,122,0.1462829736211031,63,0.1190926275992438,36047049200,3098,528,0.170432537120723,3098,714,0.2304712717882505,3098,100,0.0322788896061975,49303,0.049303,16915.806340384966,0.5996674018303678
360470493023,360470493023,Block Group 3; Census Tract 493.02; Kings County; New York,Brooklyn,1724,852,852,1.0,306,120,0.392156862745098,262,0.1519721577726218,356,0.2064965197215777,51,0.0295823665893271,231,0.1339907192575406,21,0.0121809744779582,1421,0.824245939675174,283,0.3321596244131455,36047049302,4714,1521,0.3226559185405176,4714,738,0.1565549427238014,4714,288,0.0610946117946542,39306,0.039306,43860.988144303665,0.8403713948984503
360470494003,360470494003,Block Group 3; Census Tract 494; Kings County; New York,Brooklyn,1856,832,481,0.578125,945,446,0.4719576719576719,225,0.121228448275862,272,0.146551724137931,779,0.4197198275862069,182,0.0980603448275862,50,0.0269396551724137,699,0.3766163793103448,90,0.1081730769230769,36047049400,5493,1032,0.1878754778809394,5499,517,0.094017094017094,5499,120,0.0218221494817239,46125,0.046125,40238.48238482385,0.5740749976151315
360470495003,360470495003,Block Group 3; Census Tract 495; Kings County; New York,Brooklyn,1129,488,459,0.9405737704918032,798,297,0.3721804511278195,152,0.1346324180690876,14,0.012400354295837,631,0.5589016829052259,107,0.0947741364038972,19,0.0168290522586359,372,0.3294951284322409,30,0.0614754098360655,36047049500,3284,307,0.093483556638246,3284,216,0.0657734470158343,3284,579,0.1763093788063337,46522,0.046522,24268.08821632776,0.8143052680447819
360470496003,360470496003,Block Group 3; Census Tract 496; Kings County; New York,Brooklyn,1212,293,264,0.9010238907849828,488,310,0.6352459016393442,246,0.2029702970297029,269,0.2219471947194719,136,0.1122112211221122,0,0.0,646,0.533003300330033,430,0.3547854785478548,45,0.1535836177474402,36047049600,4110,1113,0.2708029197080292,4225,453,0.1072189349112426,4225,303,0.0717159763313609,60185,0.060185,20137.90811664036,0.8368501133912318
360470497003,360470497003,Block Group 3; Census Tract 497; Kings County; New York,Brooklyn,1369,716,556,0.776536312849162,1147,683,0.5954664341761116,129,0.0942293644996347,126,0.0920379839298758,920,0.6720233747260774,41,0.0299488677867056,210,0.1533966398831263,182,0.1329437545653762,46,0.0642458100558659,36047049700,3361,239,0.0711097887533472,3348,218,0.0651135005973715,3348,96,0.028673835125448,57162,0.057162,23949.47692523005,0.8987619242101413
360470498003,360470498003,Block Group 3; Census Tract 498; Kings County; New York,Brooklyn,1027,331,281,0.8489425981873112,440,172,0.3909090909090909,436,0.424537487828627,29,0.0282375851996105,173,0.1684518013631937,63,0.0613437195715676,380,0.3700097370983446,207,0.2015579357351509,111,0.3353474320241691,36047049800,3950,348,0.0881012658227848,3950,390,0.0987341772151898,3950,217,0.0549367088607594,57606,0.057606,17828.004027358264,0.8130217841050077
360470049003,360470049003,Block Group 3; Census Tract 49; Kings County; New York,Brooklyn,836,395,349,0.8835443037974684,441,181,0.4104308390022675,173,0.2069377990430622,64,0.0765550239234449,603,0.7212918660287081,0,0.0,24,0.0287081339712918,75,0.089712918660287,0,0.0,36047004900,2460,254,0.1032520325203252,2460,70,0.0284552845528455,2460,0,0.0,31611,0.031611,26446.49014583531,0.944368683799734
360470005013,360470005013,Block Group 3; Census Tract 5.01; Kings County; New York,Brooklyn,687,385,336,0.8727272727272727,468,170,0.3632478632478632,35,0.0509461426491994,170,0.24745269286754,467,0.6797671033478894,0,0.0,153,0.222707423580786,52,0.0756914119359534,12,0.0311688311688311,36047000501,3381,285,0.0842945874001774,4541,629,0.1385157454305219,4541,17,0.0037436687954195,28381,0.028381,24206.33522426976,0.9081767729824732
360470501003,360470501003,Block Group 3; Census Tract 501; Kings County; New York,Brooklyn,1149,589,474,0.8047538200339559,831,417,0.5018050541516246,114,0.0992167101827676,40,0.0348128807658833,700,0.6092254134029591,0,0.0,194,0.1688424717145343,156,0.1357702349869451,0,0.0,36047050100,3089,463,0.1498866947232114,3089,201,0.0650696018128844,3089,294,0.0951764325024279,93925,0.093925,12233.164759116316,0.7261488277630631
360470503003,360470503003,Block Group 3; Census Tract 503; Kings County; New York,Brooklyn,899,434,406,0.935483870967742,720,279,0.3875,88,0.0978865406006674,43,0.0478309232480533,646,0.7185761957730812,16,0.0177975528364849,177,0.1968854282536151,0,0.0,14,0.032258064516129,36047050300,2803,180,0.0642169104530859,2803,115,0.0410274705672493,2803,112,0.0399571887263646,45496,0.045496,19759.978899243888,0.7179240292617832
360470505003,360470505003,Block Group 3; Census Tract 505; Kings County; New York,Brooklyn,969,488,454,0.930327868852459,625,315,0.504,61,0.0629514963880289,184,0.1898864809081527,111,0.1145510835913312,132,0.1362229102167182,206,0.2125902992776057,520,0.5366357069143447,49,0.1004098360655737,36047050500,4121,1419,0.3443338995389468,4121,1179,0.2860956078621693,4121,166,0.0402814850764377,56673,0.056673,17098.089037107617,0.9423711865511224
360470506003,360470506003,Block Group 3; Census Tract 506; Kings County; New York,Brooklyn,1197,432,409,0.9467592592592592,457,110,0.2407002188183807,181,0.1512113617376775,412,0.3441938178780284,197,0.164578111946533,89,0.0743525480367585,660,0.5513784461152882,178,0.1487050960735171,190,0.4398148148148148,36047050600,5126,914,0.1783066718689036,5126,399,0.0778384705423332,5126,247,0.0481857198595396,34130,0.03413,35071.78435394081,0.6416367895886852
360470508043,360470508043,Block Group 3; Census Tract 508.04; Kings County; New York,Brooklyn,1913,698,608,0.8710601719197708,788,346,0.4390862944162436,526,0.2749607945635128,335,0.1751176163094615,482,0.2519602718243596,821,0.4291688447464715,59,0.0308416100365917,498,0.2603240982749608,94,0.1346704871060172,36047050804,6637,397,0.0598161820099442,6637,591,0.0890462558384812,6637,300,0.0452011450956757,35093,0.035093,54512.29589946713,0.8427656681657746
360470050003,360470050003,Block Group 3; Census Tract 50; Kings County; New York,Brooklyn,763,184,48,0.2608695652173913,293,40,0.136518771331058,288,0.3774574049803407,92,0.1205766710353866,527,0.690694626474443,0,0.0,150,0.1965923984272608,28,0.036697247706422,16,0.0869565217391304,36047005000,2564,263,0.1025741029641185,2564,319,0.1244149765990639,2564,41,0.015990639625585,81979,0.081979,9307.261615779653,0.8189327533657837
360470510023,360470510023,Block Group 3; Census Tract 510.02; Kings County; New York,Brooklyn,686,284,284,1.0,373,221,0.5924932975871313,164,0.239067055393586,62,0.0903790087463556,170,0.2478134110787172,231,0.336734693877551,17,0.0247813411078717,255,0.3717201166180758,27,0.0950704225352112,36047051002,3675,637,0.1733333333333333,3675,358,0.0974149659863945,3675,377,0.1025850340136054,16076,0.016076,42672.3065439164,0.8141926107092035
360470511003,360470511003,Block Group 3; Census Tract 511; Kings County; New York,Brooklyn,1040,607,570,0.9390444810543658,627,194,0.3094098883572568,102,0.098076923076923,151,0.1451923076923077,430,0.4134615384615384,12,0.0115384615384615,70,0.0673076923076923,489,0.4701923076923077,113,0.186161449752883,36047051100,3817,747,0.1957034320146712,3817,498,0.1304689546764474,3817,164,0.0429656798532879,52839,0.052839,19682.431537311455,0.9366302785996192
360470512003,360470512003,Block Group 3; Census Tract 512; Kings County; New York,Brooklyn,837,358,358,1.0,535,447,0.8355140186915888,101,0.1206690561529271,119,0.1421744324970131,167,0.1995221027479091,550,0.6571087216248507,0,0.0,118,0.1409796893667861,14,0.0391061452513966,36047051200,6227,720,0.1156255018467962,6227,443,0.0711418018307371,6227,477,0.0766018949735024,21988,0.021988,38066.21793705657,0.8399247335234826
360470513003,360470513003,Block Group 3; Census Tract 513; Kings County; New York,Brooklyn,2283,1163,942,0.8099742046431643,1614,824,0.5105328376703842,248,0.1086289969338589,38,0.0166447656592203,1037,0.4542268944371441,149,0.0652650021901007,326,0.1427945685501533,442,0.1936049058256679,0,0.0,36047051300,5961,956,0.1603757758765308,5970,965,0.1616415410385259,5970,401,0.0671691792294807,92297,0.092297,24735.365179799992,0.8399711404929443
360470514003,360470514003,Block Group 3; Census Tract 514; Kings County; New York,Brooklyn,2111,840,825,0.9821428571428572,1079,594,0.5505097312326228,637,0.3017527238275698,189,0.0895310279488394,398,0.1885362387494078,1186,0.561819043107532,37,0.0175272382756987,346,0.1639033633349123,73,0.0869047619047619,36047051400,7191,1040,0.1446252259769156,7213,600,0.0831831415499792,7213,641,0.0888673228892277,38690,0.03869,54561.902300336,0.7737437422277029
360470516013,360470516013,Block Group 3; Census Tract 516.01; Kings County; New York,Brooklyn,1931,657,574,0.8736681887366818,954,495,0.5188679245283019,506,0.2620403935784567,263,0.1361988606939409,197,0.1020196789228379,1017,0.5266701191092699,278,0.1439668565510098,410,0.2123252200932159,30,0.045662100456621,36047051601,4901,856,0.1746582330136706,4936,539,0.1091977309562398,4936,146,0.029578606158833,60031,0.060031,32166.71386450334,0.5865426280479642
360470518003,360470518003,Block Group 3; Census Tract 518; Kings County; New York,Brooklyn,842,273,225,0.8241758241758241,384,174,0.453125,247,0.2933491686460807,204,0.2422802850356294,206,0.2446555819477434,177,0.2102137767220902,223,0.2648456057007126,140,0.166270783847981,19,0.0695970695970696,36047051800,3386,312,0.0921441228588304,3386,291,0.0859421145894861,3386,105,0.0310100413467217,47670,0.04767,17663.100482483744,0.804233482798224
360470519003,360470519003,Block Group 3; Census Tract 519; Kings County; New York,Brooklyn,1527,799,630,0.7884856070087609,1132,812,0.7173144876325088,172,0.1126391617550753,138,0.0903732809430255,602,0.3942370661427636,0,0.0,270,0.1768172888015717,483,0.3163064833005894,57,0.0713391739674593,36047051900,6051,320,0.0528838208560568,6051,283,0.0467691290695752,6051,125,0.0206577425218972,72249,0.072249,21135.240626167837,0.6977903986511329
360470051003,360470051003,Block Group 3; Census Tract 51; Kings County; New York,Brooklyn,1049,463,284,0.6133909287257019,748,264,0.3529411764705882,140,0.1334604385128694,95,0.0905624404194471,838,0.7988560533841754,2,0.0019065776930409,4,0.0038131553860819,105,0.100095328884652,0,0.0,36047005100,2417,122,0.05047579644187,2436,140,0.057471264367816,2436,46,0.0188834154351395,68949,0.068949,15214.143787437091,0.9518159863552011
360470520003,360470520003,Block Group 3; Census Tract 520; Kings County; New York,Brooklyn,615,261,261,1.0,300,117,0.39,93,0.1512195121951219,109,0.1772357723577236,150,0.2439024390243902,23,0.0373983739837398,212,0.3447154471544715,212,0.3447154471544715,142,0.5440613026819924,36047052000,3511,537,0.1529478780974081,3511,260,0.0740529763600113,3511,42,0.0119624038735403,26863,0.026863,22893.943342143462,0.6880766526602021
360470523003,360470523003,Block Group 3; Census Tract 523; Kings County; New York,Brooklyn,1118,427,427,1.0,670,319,0.4761194029850746,131,0.1171735241502683,110,0.0983899821109123,271,0.2423971377459749,131,0.1171735241502683,102,0.0912343470483005,614,0.5491949910554562,63,0.1475409836065573,36047052300,5077,1338,0.2635414614930076,5077,701,0.1380736655505219,5077,398,0.0783927516249753,38476,0.038476,29057.074539972968,0.8855761067031573
360470526003,360470526003,Block Group 3; Census Tract 526; Kings County; New York,Brooklyn,1312,546,433,0.793040293040293,734,234,0.3188010899182561,178,0.135670731707317,160,0.1219512195121951,456,0.3475609756097561,40,0.0304878048780487,320,0.2439024390243902,494,0.3765243902439024,182,0.3333333333333333,36047052600,3935,255,0.0648030495552731,3910,247,0.0631713554987212,3910,172,0.0439897698209718,46339,0.046339,28313.084011307972,0.8057651496367128
360470527003,360470527003,Block Group 3; Census Tract 527; Kings County; New York,Brooklyn,899,264,264,1.0,463,167,0.3606911447084233,73,0.0812013348164627,100,0.1112347052280311,204,0.2269187986651835,0,0.0,452,0.5027808676307007,221,0.2458286985539488,49,0.1856060606060606,36047052700,5536,1363,0.2462066473988439,5548,1107,0.1995313626532083,5548,214,0.0385724585436193,38272,0.038272,23489.757525083613,0.9696671760603376
360470529003,360470529003,Block Group 3; Census Tract 529; Kings County; New York,Brooklyn,1285,518,518,1.0,524,163,0.3110687022900763,154,0.1198443579766537,144,0.1120622568093385,639,0.4972762645914397,28,0.0217898832684824,250,0.1945525291828793,343,0.2669260700389105,125,0.2413127413127413,36047052900,3721,612,0.1644719161515721,3721,268,0.0720236495565708,3721,26,0.0069873689868314,62533,0.062533,20549.150048774245,0.9714264262640542
360470053023,360470053023,Block Group 3; Census Tract 53.02; Kings County; New York,Brooklyn,110,32,32,1.0,32,0,0.0,58,0.5272727272727272,0,0.0,51,0.4636363636363636,0,0.0,0,0.0,59,0.5363636363636364,0,0.0,36047005302,123,0,0.0,123,0,0.0,123,0,0.0,82715,0.082715,1329.8676177235084,0.5931656577886779
360470530003,360470530003,Block Group 3; Census Tract 530; Kings County; New York,Brooklyn,1036,409,250,0.6112469437652812,317,150,0.473186119873817,218,0.2104247104247104,397,0.3832046332046332,680,0.6563706563706564,36,0.0347490347490347,216,0.2084942084942085,80,0.0772200772200772,154,0.3765281173594132,36047053000,3327,736,0.2212203186053501,3327,413,0.1241358581304478,3327,160,0.0480913736098587,88249,0.088249,11739.509796145,0.7954830695972582
360470533003,360470533003,Block Group 3; Census Tract 533; Kings County; New York,Brooklyn,1126,332,312,0.9397590361445785,330,14,0.0424242424242424,405,0.3596802841918294,180,0.1598579040852575,1112,0.9875666074600356,0,0.0,0,0.0,14,0.0124333925399644,0,0.0,36047053300,6421,2933,0.4567824326428905,6551,555,0.0847198900931155,6551,312,0.0476263165928865,31791,0.031791,35418.829228397975,0.8673174313528013
360470534003,360470534003,Block Group 3; Census Tract 534; Kings County; New York,Brooklyn,992,287,197,0.686411149825784,320,37,0.115625,433,0.4364919354838709,146,0.1471774193548387,714,0.719758064516129,234,0.2358870967741935,18,0.0181451612903225,6,0.0060483870967741,30,0.1045296167247386,36047053400,4442,436,0.0981539846915803,4442,568,0.1278703286807744,4442,262,0.0589824403421882,42447,0.042447,23370.320635145006,0.7933323017658971
360470535003,360470535003,Block Group 3; Census Tract 535; Kings County; New York,Brooklyn,1117,192,192,1.0,251,0,0.0,661,0.5917636526410027,97,0.0868397493285586,1117,1.0,0,0.0,0,0.0,0,0.0,22,0.1145833333333333,36047053500,4611,1663,0.3606592929950119,4611,627,0.1359791802212101,4611,34,0.0073736716547386,30717,0.030717,36364.22827750105,0.854842781838179
360470538003,360470538003,Block Group 3; Census Tract 538; Kings County; New York,Brooklyn,1539,633,539,0.8515007898894155,545,293,0.5376146788990825,513,0.3333333333333333,376,0.244314489928525,718,0.4665367121507472,446,0.2897985705003248,182,0.1182586094866796,0,0.0,217,0.3428120063191153,36047053800,5181,737,0.1422505307855626,5181,959,0.1850994016599112,5181,126,0.0243196294151708,66180,0.06618,23254.759746146872,0.8724948977084613
360470542003,360470542003,Block Group 3; Census Tract 542; Kings County; New York,Brooklyn,558,283,221,0.7809187279151943,150,29,0.1933333333333333,168,0.3010752688172043,221,0.3960573476702509,302,0.5412186379928315,52,0.0931899641577061,34,0.060931899641577,0,0.0,154,0.5441696113074205,36047054200,4061,988,0.2432898300911105,4061,772,0.1901009603545924,4061,496,0.1221374045801526,47280,0.04728,11802.030456852792,0.8969945258238277
360470544003,360470544003,Block Group 3; Census Tract 544; Kings County; New York,Brooklyn,1391,341,199,0.5835777126099707,506,9,0.0177865612648221,576,0.4140905823148814,124,0.0891445003594536,1291,0.9281092739036664,0,0.0,100,0.0718907260963335,0,0.0,31,0.0909090909090909,36047054400,3521,549,0.1559216131780744,3544,634,0.1788939051918736,3544,228,0.064334085778781,72905,0.072905,19079.62416843838,0.8856852485656515
360470545003,360470545003,Block Group 3; Census Tract 545; Kings County; New York,Brooklyn,1253,392,392,1.0,439,264,0.6013667425968109,189,0.1508379888268156,273,0.217877094972067,51,0.0407023144453312,798,0.6368715083798883,0,0.0,332,0.2649640861931365,66,0.1683673469387755,36047054500,8349,2858,0.3423164450832435,8349,840,0.1006108515989939,8349,131,0.0156905018565097,36069,0.036069,34738.97252488287,0.8472497375220034
360470546003,360470546003,Block Group 3; Census Tract 546; Kings County; New York,Brooklyn,1466,534,483,0.904494382022472,753,232,0.3081009296148738,298,0.2032742155525238,184,0.1255115961800818,529,0.3608458390177353,126,0.0859481582537517,535,0.3649386084583901,109,0.0743519781718963,34,0.0636704119850187,36047054600,5367,1294,0.2411030370784423,5367,817,0.1522265697782746,5367,512,0.0953978013787963,56965,0.056965,25735.10050030721,0.9433645522013592
360470547003,360470547003,Block Group 3; Census Tract 547; Kings County; New York,Brooklyn,7764,2234,2110,0.9444941808415398,2812,1180,0.4196301564722617,3874,0.4989696032972694,125,0.0160999484801648,6067,0.7814270994332818,221,0.0284647089129314,320,0.041215868109222,729,0.0938948995363214,64,0.0286481647269471,36047054700,9666,947,0.0979722739499275,9666,628,0.0649699979308917,9666,200,0.0206910821435961,101964,0.101964,76144.52159585737,0.8017972143208758
360470054003,360470054003,Block Group 3; Census Tract 54; Kings County; New York,Brooklyn,1067,496,450,0.907258064516129,789,402,0.5095057034220533,91,0.0852858481724461,175,0.1640112464854733,595,0.5576382380506092,92,0.0862230552952202,61,0.0571696344892221,290,0.2717900656044986,27,0.0544354838709677,36047005400,3425,232,0.0677372262773722,3425,351,0.1024817518248175,3425,72,0.0210218978102189,41602,0.041602,25647.805393971445,0.8312736723490407
360470550003,360470550003,Block Group 3; Census Tract 550; Kings County; New York,Brooklyn,1531,712,596,0.8370786516853933,648,202,0.3117283950617284,283,0.1848465055519268,304,0.1985630306988896,710,0.4637491835401698,117,0.0764206401045068,344,0.2246897452645329,176,0.1149575440888308,327,0.4592696629213483,36047055000,3408,858,0.2517605633802817,3408,395,0.1159037558685446,3408,218,0.0639671361502347,54339,0.054339,28174.975616040047,0.9166743672755332
360470551003,360470551003,Block Group 3; Census Tract 551; Kings County; New York,Brooklyn,1310,623,592,0.9502407704654896,1059,286,0.2700661000944287,132,0.1007633587786259,0,0.0,604,0.4610687022900763,220,0.1679389312977099,121,0.0923664122137404,318,0.2427480916030534,0,0.0,36047055100,6184,1030,0.1665588615782665,6185,476,0.0769603880355699,6185,220,0.0355699272433306,35225,0.035225,37189.49609652236,0.8789042363699585
360470552003,360470552003,Block Group 3; Census Tract 552; Kings County; New York,Brooklyn,752,169,135,0.7988165680473372,445,251,0.5640449438202247,135,0.1795212765957446,210,0.2792553191489361,408,0.5425531914893617,0,0.0,212,0.2819148936170212,59,0.0784574468085106,13,0.0769230769230769,36047055200,3359,596,0.1774337600476332,3359,342,0.1018160166716284,3359,114,0.0339386722238761,72130,0.07213,10425.620407597393,0.9215272810535234
360470553003,360470553003,Block Group 3; Census Tract 553; Kings County; New York,Brooklyn,830,486,462,0.9506172839506172,709,271,0.382228490832158,40,0.0481927710843373,13,0.0156626506024096,655,0.7891566265060241,0,0.0,38,0.0457831325301204,22,0.0265060240963855,13,0.0267489711934156,36047055300,3603,756,0.2098251457119067,3603,399,0.1107410491257285,3603,72,0.0199833472106577,56377,0.056377,14722.31583801905,0.6553077642170423
360470554003,360470554003,Block Group 3; Census Tract 554; Kings County; New York,Brooklyn,740,374,363,0.9705882352941176,540,201,0.3722222222222222,74,0.1,22,0.0297297297297297,334,0.4513513513513513,8,0.0108108108108108,91,0.1229729729729729,307,0.4148648648648648,216,0.5775401069518716,36047055400,3989,510,0.1278515918776635,3989,319,0.0799699172724993,3989,318,0.0797192278766608,62865,0.062865,11771.255865744051,0.9300429520101884
360470556003,360470556003,Block Group 3; Census Tract 556; Kings County; New York,Brooklyn,1020,319,114,0.3573667711598746,258,44,0.1705426356589147,333,0.3264705882352941,297,0.2911764705882353,921,0.9029411764705882,8,0.0078431372549019,89,0.0872549019607843,2,0.0019607843137254,75,0.2351097178683385,36047055600,3351,1076,0.3210981796478663,3351,189,0.0564010743061772,3351,117,0.0349149507609668,59421,0.059421,17165.648508103197,0.8142005490397459
360470560003,360470560003,Block Group 3; Census Tract 560; Kings County; New York,Brooklyn,655,236,214,0.9067796610169492,246,136,0.5528455284552846,207,0.316030534351145,164,0.250381679389313,480,0.732824427480916,0,0.0,155,0.2366412213740458,20,0.0305343511450381,127,0.538135593220339,36047056000,3475,362,0.1041726618705036,3475,459,0.1320863309352518,3475,156,0.0448920863309352,43740,0.04374,14974.85139460448,0.8399917090547769
360470561003,360470561003,Block Group 3; Census Tract 561; Kings County; New York,Brooklyn,1004,419,362,0.863961813842482,721,189,0.2621359223300971,38,0.0378486055776892,87,0.0866533864541832,553,0.5507968127490039,56,0.0557768924302788,15,0.0149402390438247,283,0.2818725099601594,50,0.1193317422434367,36047056100,3697,225,0.0608601568839599,3698,224,0.0605732828555976,3698,173,0.0467820443482963,51825,0.051825,19372.889532079113,0.9176552478506754
360470563013,360470563013,Block Group 3; Census Tract 563.01; Kings County; New York,Brooklyn,1090,580,512,0.8827586206896552,687,311,0.4526928675400291,96,0.0880733944954128,88,0.0807339449541284,817,0.7495412844036697,2,0.0018348623853211,85,0.0779816513761468,185,0.1697247706422018,51,0.0879310344827586,36047056301,4683,623,0.1330343796711509,4683,444,0.0948110185778347,4683,104,0.0222079863335468,45050,0.04505,24195.338512763596,0.8720617893202275
360470564003,360470564003,Block Group 3; Census Tract 564; Kings County; New York,Brooklyn,280,94,16,0.1702127659574468,129,23,0.1782945736434108,59,0.2107142857142857,78,0.2785714285714286,106,0.3785714285714285,0,0.0,125,0.4464285714285714,49,0.175,0,0.0,36047056400,2631,109,0.0414291144051691,2631,284,0.1079437476244773,2631,136,0.0516913721018624,61535,0.061535,4550.255951897294,0.9323807855010324
360470565003,360470565003,Block Group 3; Census Tract 565; Kings County; New York,Brooklyn,1036,612,566,0.9248366013071896,843,392,0.465005931198102,24,0.0231660231660231,137,0.1322393822393822,849,0.8194980694980695,29,0.0279922779922779,23,0.0222007722007722,83,0.0801158301158301,7,0.011437908496732,36047056500,3332,158,0.0474189675870348,3332,300,0.0900360144057623,3332,186,0.0558223289315726,45865,0.045865,22588.030088302625,0.6516484860014005
360470570003,360470570003,Block Group 3; Census Tract 570; Kings County; New York,Brooklyn,447,239,157,0.6569037656903766,185,62,0.3351351351351351,54,0.1208053691275167,229,0.5123042505592841,264,0.5906040268456376,51,0.1140939597315436,63,0.1409395973154362,50,0.1118568232662192,22,0.0920502092050209,36047057000,3309,448,0.1353883348443638,3309,722,0.2181928074947114,3309,59,0.0178301601692354,36323,0.036323,12306.252236874709,0.8725165431213915
360470571003,360470571003,Block Group 3; Census Tract 571; Kings County; New York,Brooklyn,699,399,379,0.949874686716792,387,262,0.6770025839793282,63,0.0901287553648068,127,0.1816881258941344,541,0.7739628040057225,0,0.0,66,0.0944206008583691,72,0.1030042918454935,64,0.1604010025062656,36047057100,3923,298,0.0759622737700739,3923,261,0.0665307162885546,3923,159,0.0405302064746367,49287,0.049287,14182.238724207196,0.8997645511349384
360470573003,360470573003,Block Group 3; Census Tract 573; Kings County; New York,Brooklyn,1127,528,369,0.6988636363636364,759,203,0.2674571805006587,140,0.124223602484472,115,0.1020408163265306,894,0.7932564330079858,0,0.0,40,0.0354924578527063,70,0.062111801242236,0,0.0,36047057300,2707,191,0.0705578130772072,2720,263,0.0966911764705882,2720,260,0.0955882352941176,44481,0.044481,25336.660596659247,0.8673040480067815
360470575003,360470575003,Block Group 3; Census Tract 575; Kings County; New York,Brooklyn,1228,533,460,0.8630393996247655,659,273,0.4142640364188164,173,0.1408794788273615,98,0.0798045602605863,638,0.5195439739413681,113,0.0920195439739413,111,0.0903908794788273,168,0.1368078175895765,0,0.0,36047057500,4497,470,0.1045141205247943,4572,155,0.0339020122484689,4572,445,0.097331583552056,51418,0.051418,23882.68699677156,0.6751447913948304
360470582003,360470582003,Block Group 3; Census Tract 582; Kings County; New York,Brooklyn,680,350,350,1.0,404,298,0.7376237623762376,54,0.0794117647058823,61,0.0897058823529411,456,0.6705882352941176,0,0.0,30,0.0441176470588235,30,0.0441176470588235,78,0.2228571428571428,36047058200,2585,429,0.1659574468085106,2585,229,0.0885880077369439,2585,208,0.0804642166344294,60622,0.060622,11217.049915872123,0.8143150449273775
360470058003,360470058003,Block Group 3; Census Tract 58; Kings County; New York,Brooklyn,650,231,171,0.7402597402597403,307,79,0.257328990228013,110,0.1692307692307692,98,0.1507692307692307,491,0.7553846153846154,0,0.0,52,0.08,97,0.1492307692307692,11,0.0476190476190476,36047005800,3115,237,0.076083467094703,3110,436,0.140192926045016,3110,36,0.0115755627009646,37736,0.037736,17224.9311002756,0.8027809050017748
360470591003,360470591003,Block Group 3; Census Tract 591; Kings County; New York,Brooklyn,1515,653,512,0.7840735068912711,986,412,0.4178498985801217,276,0.1821782178217821,70,0.0462046204620462,1081,0.7135313531353136,12,0.0079207920792079,0,0.0,277,0.1828382838283828,11,0.0168453292496171,36047059100,3952,200,0.0506072874493927,3952,256,0.0647773279352226,3952,405,0.1024797570850202,48122,0.048122,31482.4820248535,0.7467683100868117
360470592003,360470592003,Block Group 3; Census Tract 592; Kings County; New York,Brooklyn,914,451,285,0.6319290465631929,502,278,0.5537848605577689,46,0.0503282275711159,246,0.2691466083150984,414,0.4529540481400437,31,0.0339168490153172,447,0.4890590809628009,22,0.024070021881838,151,0.3348115299334812,36047059200,3747,747,0.199359487590072,3747,605,0.1614625033360021,3747,74,0.0197491326394448,63248,0.063248,14451.049835567925,0.948288215817304
360470594023,360470594023,Block Group 3; Census Tract 594.02; Kings County; New York,Brooklyn,1592,606,302,0.4983498349834983,736,187,0.2540760869565217,317,0.1991206030150753,569,0.3574120603015075,1113,0.6991206030150754,0,0.0,333,0.2091708542713568,83,0.0521356783919597,136,0.2244224422442244,36047059402,5713,491,0.085944337475932,5713,469,0.0820934710309819,5713,172,0.0301067740241554,76081,0.076081,20925.066705222067,0.587326175672415
360470594033,360470594033,Block Group 3; Census Tract 594.03; Kings County; New York,Brooklyn,1248,572,401,0.701048951048951,562,234,0.4163701067615658,238,0.1907051282051282,410,0.328525641025641,709,0.5681089743589743,75,0.0600961538461538,365,0.2924679487179487,0,0.0,217,0.3793706293706294,36047059403,3062,283,0.0924232527759634,3062,508,0.1659046374918354,3062,85,0.027759634225996,66017,0.066017,18904.22163988063,0.8311739282469675
360470594043,360470594043,Block Group 3; Census Tract 594.04; Kings County; New York,Brooklyn,1789,818,783,0.9572127139364304,875,483,0.552,405,0.2263834544438233,253,0.1414197875908328,1436,0.8026830631637787,0,0.0,305,0.1704863051984348,29,0.0162101732811626,435,0.5317848410757946,36047059404,3934,294,0.0747330960854092,3934,398,0.1011692933401118,3934,481,0.1222674123029994,42052,0.042052,42542.56634642823,0.8476579213489807
360470596003,360470596003,Block Group 3; Census Tract 596; Kings County; New York,Brooklyn,940,385,148,0.3844155844155844,449,155,0.3452115812917594,169,0.1797872340425532,211,0.2244680851063829,489,0.5202127659574468,0,0.0,386,0.4106382978723404,43,0.0457446808510638,83,0.2155844155844155,36047059600,2261,277,0.1225121627598407,2261,387,0.1711632021229544,2261,257,0.1136665192392746,97101,0.097101,9680.641805954623,0.7335599172249708
360470600003,360470600003,Block Group 3; Census Tract 600; Kings County; New York,Brooklyn,2502,836,577,0.6901913875598086,1128,429,0.3803191489361702,454,0.1814548361310951,408,0.1630695443645084,1671,0.6678657074340527,0,0.0,207,0.0827338129496402,444,0.1774580335731415,270,0.3229665071770335,36047060000,6451,1027,0.1592001240117811,6451,625,0.0968842039993799,6451,161,0.0249573709502402,132855,0.132855,18832.561815513152,0.7954521608347737
360470608003,360470608003,Block Group 3; Census Tract 608; Kings County; New York,Brooklyn,1088,589,513,0.8709677419354839,456,154,0.337719298245614,105,0.0965073529411764,382,0.3511029411764705,852,0.7830882352941176,7,0.0064338235294117,99,0.0909926470588235,26,0.0238970588235294,188,0.3191850594227504,36047060800,3443,511,0.1484170781295382,3443,568,0.1649724077839093,3443,296,0.0859715364507696,101655,0.101655,10702.867542176971,0.8044499412956228
360470060003,360470060003,Block Group 3; Census Tract 60; Kings County; New York,Brooklyn,519,220,149,0.6772727272727272,254,122,0.4803149606299212,128,0.2466281310211946,112,0.2157996146435452,384,0.7398843930635838,0,0.0,13,0.02504816955684,110,0.2119460500963391,0,0.0,36047006000,2793,91,0.0325814536340852,2793,204,0.0730397422126745,2793,205,0.0733977801646974,37666,0.037666,13779.0049381405,0.817462874351475
360470610023,360470610023,Block Group 3; Census Tract 610.02; Kings County; New York,Brooklyn,1851,1189,1012,0.8511354079058032,868,455,0.5241935483870968,141,0.0761750405186385,697,0.3765532144786602,1803,0.974068071312804,0,0.0,27,0.0145867098865478,0,0.0,962,0.8090832632464255,36047061002,4696,648,0.1379897785349233,4681,755,0.1612903225806451,4681,334,0.0713522751548814,32455,0.032455,57032.81466646126,0.9086865632979388
360470610043,360470610043,Block Group 3; Census Tract 610.04; Kings County; New York,Brooklyn,789,356,227,0.6376404494382022,469,248,0.5287846481876333,33,0.0418250950570342,72,0.091254752851711,609,0.7718631178707225,0,0.0,0,0.0,180,0.2281368821292775,200,0.5617977528089888,36047061004,5278,1155,0.2188328912466843,5278,1390,0.2633573323228496,5278,340,0.0644183402804092,22517,0.022517,35040.19185504286,0.9080844238163016
360470628003,360470628003,Block Group 3; Census Tract 628; Kings County; New York,Brooklyn,628,221,21,0.0950226244343891,260,52,0.2,150,0.2388535031847133,111,0.1767515923566879,431,0.6863057324840764,0,0.0,55,0.0875796178343949,104,0.1656050955414012,19,0.085972850678733,36047062800,4838,283,0.0584952459694088,4838,585,0.1209177346010748,4838,38,0.0078544853245142,122219,0.122219,5138.317282910186,0.6293578070048559
360470062003,360470062003,Block Group 3; Census Tract 62; Kings County; New York,Brooklyn,470,230,78,0.3391304347826087,246,45,0.1829268292682926,47,0.1,162,0.3446808510638298,315,0.6702127659574468,0,0.0,15,0.0319148936170212,91,0.1936170212765957,8,0.0347826086956521,36047006200,2635,453,0.1719165085388994,2648,188,0.0709969788519637,2648,172,0.0649546827794562,56502,0.056502,8318.289618066618,0.8104676509264148
360470644003,360470644003,Block Group 3; Census Tract 644; Kings County; New York,Brooklyn,1066,411,210,0.5109489051094891,450,154,0.3422222222222222,335,0.3142589118198874,166,0.1557223264540337,481,0.4512195121951219,295,0.2767354596622889,142,0.1332082551594746,49,0.0459662288930581,3,0.0072992700729927,36047064400,2166,531,0.2451523545706371,2159,205,0.0949513663733209,2159,17,0.0078740157480314,97145,0.097145,10973.287353955428,0.9236256071999808
360470064003,360470064003,Block Group 3; Census Tract 64; Kings County; New York,Brooklyn,1475,676,632,0.9349112426035504,703,278,0.3954480796586059,234,0.1586440677966101,352,0.2386440677966101,938,0.6359322033898305,8,0.0054237288135593,84,0.0569491525423728,408,0.2766101694915254,13,0.0192307692307692,36047006400,3461,621,0.179427911008379,3461,373,0.1077723201386882,3461,77,0.0222479052297023,61054,0.061054,24158.941265109577,0.8029675299099752
360470065003,360470065003,Block Group 3; Census Tract 65; Kings County; New York,Brooklyn,718,266,190,0.7142857142857143,424,122,0.2877358490566037,69,0.096100278551532,182,0.2534818941504178,551,0.7674094707520891,0,0.0,14,0.0194986072423398,90,0.1253481894150417,0,0.0,36047006500,6089,241,0.0395795697158811,6089,241,0.0395795697158811,6089,76,0.0124815240597799,33431,0.033431,21477.072178516944,0.8872817375827677
360470066003,360470066003,Block Group 3; Census Tract 66; Kings County; New York,Brooklyn,1442,641,509,0.7940717628705148,1021,690,0.6758080313418218,186,0.1289875173370319,156,0.1081830790568654,769,0.5332871012482663,20,0.0138696255201109,99,0.0686546463245492,309,0.2142857142857142,49,0.0764430577223088,36047006600,4104,713,0.1737329434697855,4104,420,0.1023391812865497,4104,155,0.0377680311890838,56782,0.056782,25395.37177274489,0.7936415448293368
360470067003,360470067003,Block Group 3; Census Tract 67; Kings County; New York,Brooklyn,399,174,83,0.4770114942528735,299,88,0.294314381270903,67,0.1679197994987468,26,0.0651629072681704,375,0.9398496240601504,0,0.0,24,0.0601503759398496,0,0.0,0,0.0,36047006700,4032,154,0.0381944444444444,4032,304,0.0753968253968253,4032,86,0.021329365079365,27440,0.02744,14540.816326530612,0.88122656662843
360470068003,360470068003,Block Group 3; Census Tract 68; Kings County; New York,Brooklyn,456,215,170,0.7906976744186046,285,204,0.7157894736842105,49,0.1074561403508772,98,0.2149122807017544,280,0.6140350877192983,13,0.0285087719298245,21,0.0460526315789473,94,0.2061403508771929,45,0.2093023255813953,36047006800,4107,558,0.1358655953250548,4107,531,0.1292914536157779,4107,292,0.0710981251521792,37060,0.03706,12304.371289800323,0.7910363966281494
360470696023,360470696023,Block Group 3; Census Tract 696.02; Kings County; New York,Brooklyn,2195,754,266,0.3527851458885941,1054,224,0.2125237191650854,472,0.2150341685649202,549,0.2501138952164009,1803,0.8214123006833713,160,0.0728929384965831,102,0.0464692482915717,67,0.0305239179954441,136,0.1803713527851458,36047069602,5844,212,0.0362765229295003,5844,655,0.1120807665982204,5844,340,0.0581793292265571,333389,0.333389,6583.900488618401,0.6341801780776902
360470702013,360470702013,Block Group 3; Census Tract 702.01; Kings County; New York,Brooklyn,1128,416,38,0.0913461538461538,190,0,0.0,258,0.2287234042553191,373,0.3306737588652482,906,0.8031914893617021,0,0.0,0,0.0,0,0.0,36,0.0865384615384615,36047070201,6531,261,0.0399632521819017,6531,813,0.1244832338079926,6531,265,0.0405757158168733,233844,0.233844,4823.728639605891,0.4353071228232465
360470071003,360470071003,Block Group 3; Census Tract 71; Kings County; New York,Brooklyn,1142,354,345,0.9745762711864406,363,323,0.8898071625344353,438,0.3835376532399299,157,0.137478108581436,35,0.0306479859894921,268,0.2346760070052539,196,0.1716287215411558,643,0.5630472854640981,73,0.2062146892655367,36047007100,4050,829,0.2046913580246913,4050,747,0.1844444444444444,4050,277,0.068395061728395,32015,0.032015,35670.77932219272,0.6489170962182023
360470736003,360470736003,Block Group 3; Census Tract 736; Kings County; New York,Brooklyn,1213,317,206,0.6498422712933754,564,233,0.4131205673758865,171,0.1409727947238252,111,0.0915086562242374,0,0.0,379,0.3124484748557296,409,0.3371805441055235,154,0.1269579554822753,33,0.1041009463722397,36047073600,2918,190,0.0651130911583276,2918,291,0.0997258396161754,2918,122,0.0418094585332419,66377,0.066377,18274.40227789746,0.8624522075452502
360470738003,360470738003,Block Group 3; Census Tract 738; Kings County; New York,Brooklyn,1078,471,215,0.4564755838641189,405,135,0.3333333333333333,231,0.2142857142857142,217,0.2012987012987013,294,0.2727272727272727,518,0.4805194805194805,77,0.0714285714285714,189,0.1753246753246753,18,0.0382165605095541,36047073800,3517,168,0.0477679840773386,3517,406,0.1154392948535683,3517,128,0.0363946545351151,61721,0.061721,17465.692389948315,0.9423572395248776
360470074003,360470074003,Block Group 3; Census Tract 74; Kings County; New York,Brooklyn,973,270,221,0.8185185185185185,533,305,0.5722326454033771,363,0.3730729701952723,10,0.0102774922918807,76,0.0781089414182939,0,0.0,64,0.065775950668037,656,0.6742034943473793,0,0.0,36047007400,5473,1134,0.2071989767951763,5478,348,0.0635268346111719,5478,814,0.1485943775100401,32400,0.0324,30030.864197530867,0.9147036629221568
360470075003,360470075003,Block Group 3; Census Tract 75; Kings County; New York,Brooklyn,1382,523,280,0.5353728489483748,585,366,0.6256410256410256,269,0.1946454413892908,198,0.1432706222865412,767,0.5549927641099855,56,0.0405209840810419,81,0.0586107091172214,370,0.2677279305354558,0,0.0,36047007500,4766,796,0.1670163659253042,4766,353,0.0740663029794376,4766,300,0.0629458665547629,88604,0.088604,15597.489955306755,0.8062968272213543
360470760003,360470760003,Block Group 3; Census Tract 760; Kings County; New York,Brooklyn,1437,549,509,0.9271402550091076,743,295,0.3970390309555854,303,0.2108559498956158,227,0.1579679888656924,598,0.4161447459986082,302,0.2101600556715379,92,0.0640222686151704,248,0.1725817675713291,187,0.3406193078324226,36047076000,3205,273,0.085179407176287,3205,326,0.1017160686427457,3205,112,0.0349453978159126,49157,0.049157,29232.86612283093,0.8539537740696888
360470762003,360470762003,Block Group 3; Census Tract 762; Kings County; New York,Brooklyn,1955,727,705,0.969738651994498,727,426,0.5859697386519945,482,0.2465473145780051,290,0.1483375959079284,603,0.3084398976982097,41,0.0209718670076726,431,0.220460358056266,804,0.4112531969309463,268,0.3686382393397524,36047076200,4176,1242,0.2974137931034483,4224,539,0.1276041666666666,4224,311,0.0736268939393939,51200,0.0512,38183.59375,0.8199232236282388
360470764003,360470764003,Block Group 3; Census Tract 764; Kings County; New York,Brooklyn,1035,534,486,0.9101123595505618,579,218,0.3765112262521589,61,0.0589371980676328,193,0.1864734299516908,467,0.451207729468599,167,0.1613526570048309,53,0.051207729468599,252,0.2434782608695652,28,0.0524344569288389,36047076400,4301,975,0.2266914671006742,4301,465,0.10811439200186,4301,1013,0.23552662171588,49362,0.049362,20967.545885498967,0.7694538004793388
360470768003,360470768003,Block Group 3; Census Tract 768; Kings County; New York,Brooklyn,1383,445,348,0.7820224719101123,443,126,0.2844243792325056,364,0.2631959508315257,304,0.2198120028922632,787,0.5690527838033261,9,0.0065075921908893,375,0.2711496746203904,161,0.1164135936370209,97,0.2179775280898876,36047076800,3737,778,0.2081883864062081,3893,453,0.1163627022861546,3893,188,0.0482918058052915,78705,0.078705,17571.94587383267,0.694170546881555
360470076003,360470076003,Block Group 3; Census Tract 76; Kings County; New York,Brooklyn,1602,484,458,0.9462809917355371,653,340,0.5206738131699847,602,0.3757802746566791,208,0.1298377028714107,4,0.0024968789013732,0,0.0,211,0.1317103620474407,1387,0.865792759051186,247,0.5103305785123967,36047007600,4095,600,0.1465201465201465,4096,514,0.12548828125,4096,649,0.158447265625,46050,0.04605,34788.27361563518,0.9540368525254062
360470776003,360470776003,Block Group 3; Census Tract 776; Kings County; New York,Brooklyn,1130,366,113,0.3087431693989071,356,137,0.3848314606741573,253,0.2238938053097345,430,0.3805309734513274,433,0.3831858407079646,454,0.4017699115044247,204,0.1805309734513274,31,0.027433628318584,13,0.0355191256830601,36047077600,3448,264,0.0765661252900232,3448,630,0.1827146171693735,3448,101,0.0292923433874709,85368,0.085368,13236.810045918846,0.8534163635381735
360470077003,360470077003,Block Group 3; Census Tract 77; Kings County; New York,Brooklyn,1465,753,664,0.8818061088977424,1035,412,0.3980676328502415,214,0.146075085324232,80,0.0546075085324232,1269,0.8662116040955632,2,0.0013651877133105,77,0.0525597269624573,46,0.0313993174061433,0,0.0,36047007700,5974,311,0.052058921995313,5974,422,0.070639437562772,5974,56,0.0093739537997991,179814,0.179814,8147.307773588263,0.8088835517652349
360470078003,360470078003,Block Group 3; Census Tract 78; Kings County; New York,Brooklyn,1137,314,239,0.7611464968152867,489,257,0.5255623721881391,338,0.297273526824978,268,0.2357080035180299,46,0.040457343887423,9,0.0079155672823219,247,0.2172383465259454,818,0.7194371152154794,147,0.4681528662420382,36047007800,4705,1025,0.2178533475026567,4713,368,0.0780819011245491,4713,547,0.1160619562911097,34717,0.034717,32750.52567906213,0.8745078268504766
360470790023,360470790023,Block Group 3; Census Tract 790.02; Kings County; New York,Brooklyn,979,523,506,0.9674952198852772,564,409,0.725177304964539,119,0.1215526046986721,237,0.2420837589376915,14,0.0143003064351378,783,0.7997957099080695,50,0.0510725229826353,92,0.093973442288049,88,0.1682600382409178,36047079002,2768,497,0.1795520231213873,2708,239,0.0882570162481536,2708,78,0.0288035450516986,38844,0.038844,25203.377613016168,0.6321835194582479
360470798023,360470798023,Block Group 3; Census Tract 798.02; Kings County; New York,Brooklyn,1359,663,663,1.0,819,451,0.5506715506715507,287,0.2111846946284032,192,0.141280353200883,587,0.4319352465047829,341,0.2509197939661516,154,0.1133186166298749,232,0.1707137601177336,74,0.1116138763197586,36047079802,5004,612,0.1223021582733813,5004,754,0.1506794564348521,5004,396,0.079136690647482,44033,0.044033,30863.216224195487,0.8927594393360421
360470007003,360470007003,Block Group 3; Census Tract 7; Kings County; New York,Brooklyn,1360,675,617,0.914074074074074,818,436,0.5330073349633252,319,0.2345588235294117,114,0.0838235294117647,1112,0.8176470588235294,1,0.000735294117647,132,0.0970588235294117,20,0.0147058823529411,23,0.034074074074074,36047000700,4195,172,0.0410011918951132,4243,108,0.025453688427999,4243,89,0.0209757247230732,49706,0.049706,27360.88198607814,0.9678746067063668
360470800003,360470800003,Block Group 3; Census Tract 800; Kings County; New York,Brooklyn,1317,665,526,0.7909774436090226,495,318,0.6424242424242425,144,0.1093394077448747,414,0.3143507972665148,290,0.2201974183750949,758,0.5755504935459378,25,0.0189825360668185,163,0.1237661351556567,0,0.0,36047080000,3205,438,0.1366614664586583,3217,405,0.1258936897730805,3217,153,0.0475598383587193,61340,0.06134,21470.492337789372,0.8764776484440362
360470802003,360470802003,Block Group 3; Census Tract 802; Kings County; New York,Brooklyn,1598,781,651,0.8335467349551856,1000,477,0.477,162,0.1013767209011264,349,0.218397997496871,399,0.2496871088861076,913,0.5713391739674594,43,0.0269086357947434,161,0.1007509386733416,66,0.0845070422535211,36047080200,3878,626,0.1614234141309953,3878,552,0.1423414130995358,3878,242,0.0624033006704486,50404,0.050404,31703.833029124675,0.8744516757243039
360470804003,360470804003,Block Group 3; Census Tract 804; Kings County; New York,Brooklyn,873,347,272,0.7838616714697406,389,220,0.5655526992287918,121,0.138602520045819,204,0.2336769759450171,125,0.143184421534937,512,0.586483390607102,10,0.0114547537227949,70,0.0801832760595647,0,0.0,36047080400,3033,566,0.1866139136168809,3033,344,0.113419057039235,3033,198,0.0652818991097922,89699,0.089699,9732.54997268643,0.9237041676927028
360470080003,360470080003,Block Group 3; Census Tract 80; Kings County; New York,Brooklyn,931,379,310,0.8179419525065963,330,94,0.2848484848484848,180,0.1933404940923738,382,0.4103114930182599,38,0.0408163265306122,60,0.0644468313641246,78,0.0837808807733619,692,0.7432867883995704,241,0.6358839050131926,36047008000,3275,656,0.2003053435114503,3296,561,0.1702063106796116,3296,458,0.1389563106796116,46158,0.046158,20169.851380042463,0.9019359730497372
360470818003,360470818003,Block Group 3; Census Tract 818; Kings County; New York,Brooklyn,1795,539,539,1.0,737,461,0.6255088195386703,656,0.3654596100278551,30,0.0167130919220055,137,0.0763231197771587,1499,0.8350974930362117,0,0.0,105,0.0584958217270195,50,0.0927643784786641,36047081800,4450,1439,0.3233707865168539,4639,867,0.1868937270963569,4639,151,0.0325501185600344,34153,0.034153,52557.60840921734,0.8928202738881701
360470820003,360470820003,Block Group 3; Census Tract 820; Kings County; New York,Brooklyn,1307,849,824,0.9705535924617196,841,544,0.6468489892984542,98,0.0749808722264728,95,0.0726855394032134,117,0.0895179801071155,920,0.703902065799541,0,0.0,151,0.115531752104055,78,0.0918727915194346,36047082000,4646,820,0.1764959104606112,4646,484,0.1041756349547998,4646,198,0.0426173052087817,50043,0.050043,26117.538916531783,0.8925877840764216
360470822003,360470822003,Block Group 3; Census Tract 822; Kings County; New York,Brooklyn,2655,997,997,1.0,1240,829,0.6685483870967742,524,0.1973634651600753,490,0.1845574387947269,346,0.1303201506591337,1915,0.7212806026365348,227,0.0854990583804143,67,0.0252354048964218,0,0.0,36047082200,6968,487,0.0698909299655568,6968,738,0.1059127439724454,6968,420,0.0602755453501722,46598,0.046598,56976.69427872441,0.8762774316713512
360470824003,360470824003,Block Group 3; Census Tract 824; Kings County; New York,Brooklyn,958,406,328,0.8078817733990148,595,528,0.8873949579831932,183,0.1910229645093945,39,0.0407098121085595,128,0.1336116910229645,689,0.7192066805845512,0,0.0,98,0.1022964509394572,0,0.0,36047082400,5088,1210,0.237814465408805,5125,393,0.0766829268292682,5125,586,0.1143414634146341,79318,0.079318,12077.964648629568,0.8320530444057589
360470826003,360470826003,Block Group 3; Census Tract 826; Kings County; New York,Brooklyn,1313,577,572,0.9913344887348352,664,571,0.8599397590361446,112,0.0853008377760853,96,0.0731150038080731,57,0.0434120335110434,997,0.7593297791317594,127,0.0967250571210967,60,0.0456968773800457,0,0.0,36047082600,4116,684,0.1661807580174927,4122,502,0.1217855409995148,4122,91,0.022076661814653,51597,0.051597,25447.2159234064,0.6531923780400232
360470828003,360470828003,Block Group 3; Census Tract 828; Kings County; New York,Brooklyn,1432,579,470,0.8117443868739206,889,641,0.7210348706411699,293,0.204608938547486,209,0.145949720670391,106,0.074022346368715,1071,0.7479050279329609,8,0.0055865921787709,69,0.0481843575418994,105,0.1813471502590673,36047082800,3414,412,0.1206795547744581,3414,348,0.101933216168717,3414,61,0.0178676039835969,62834,0.062834,22790.20912244963,0.6275435179748147
360470082003,360470082003,Block Group 3; Census Tract 82; Kings County; New York,Brooklyn,547,230,222,0.9652173913043478,237,105,0.4430379746835443,50,0.0914076782449725,164,0.29981718464351,99,0.1809872029250457,0,0.0,110,0.2010968921389396,338,0.6179159049360147,43,0.1869565217391304,36047008200,3966,1228,0.3096318709026727,3985,538,0.1350062735257214,3985,288,0.0722710163111668,46698,0.046698,11713.563750053534,0.9032541513361136
360470830003,360470830003,Block Group 3; Census Tract 830; Kings County; New York,Brooklyn,1488,509,490,0.962671905697446,769,508,0.6605981794538361,378,0.2540322580645161,177,0.1189516129032258,0,0.0,1168,0.7849462365591398,0,0.0,0,0.0,89,0.174852652259332,36047083000,5673,771,0.13590692755156,5673,755,0.1330865503261061,5673,534,0.094130089899524,37455,0.037455,39727.67320784942,0.6328376761472956
360470084003,360470084003,Block Group 3; Census Tract 84; Kings County; New York,Brooklyn,1342,426,426,1.0,601,343,0.5707154742096506,181,0.1348733233979135,93,0.0692995529061102,65,0.048435171385991,61,0.0454545454545454,11,0.0081967213114754,1144,0.8524590163934426,192,0.4507042253521127,36047008400,2867,327,0.1140565050575514,2994,451,0.1506346025384101,2994,601,0.2007348029392117,93251,0.093251,14391.26658159162,0.9082331700864704
360470856003,360470856003,Block Group 3; Census Tract 856; Kings County; New York,Brooklyn,1571,531,415,0.7815442561205274,572,271,0.4737762237762238,419,0.2667091024824952,330,0.2100572883513685,33,0.0210057288351368,1100,0.7001909611712285,65,0.0413749204328453,90,0.057288351368555,0,0.0,36047085600,3161,460,0.1455235684909838,3161,276,0.0873141410945903,3161,149,0.0471369819677317,66344,0.066344,23679.60930905583,0.8979839094030295
360470085003,360470085003,Block Group 3; Census Tract 85; Kings County; New York,Brooklyn,2215,1114,1114,1.0,575,432,0.7513043478260869,681,0.3074492099322799,261,0.1178329571106094,206,0.0930022573363431,535,0.2415349887133182,201,0.0907449209932279,1197,0.5404063205417607,277,0.248653500897666,36047008500,6401,2356,0.3680674894547727,6401,1472,0.2299640681143571,6401,499,0.077956569286049,68334,0.068334,32414.317909093566,0.7982428911085173
360470860003,360470860003,Block Group 3; Census Tract 860; Kings County; New York,Brooklyn,947,435,435,1.0,529,310,0.5860113421550095,114,0.1203801478352692,118,0.1246040126715945,4,0.0042238648363252,706,0.7455121436114044,0,0.0,164,0.1731784582893347,0,0.0,36047086000,2627,298,0.1134373810430148,2627,356,0.1355157974876285,2627,130,0.0494861058241339,50758,0.050758,18657.15749241499,0.8647380997507595
360470862003,360470862003,Block Group 3; Census Tract 862; Kings County; New York,Brooklyn,989,431,409,0.948955916473318,508,368,0.7244094488188977,203,0.2052578361981799,145,0.1466127401415571,0,0.0,782,0.7906976744186046,20,0.0202224469160768,106,0.1071789686552072,34,0.0788863109048723,36047086200,2608,596,0.2285276073619632,2626,246,0.0936785986290936,2626,140,0.0533130236100533,50792,0.050792,19471.5703260356,0.8649076487194824
360470866003,360470866003,Block Group 3; Census Tract 866; Kings County; New York,Brooklyn,1160,512,449,0.876953125,626,293,0.4680511182108626,115,0.0991379310344827,156,0.1344827586206896,33,0.0284482758620689,960,0.8275862068965517,0,0.0,167,0.1439655172413793,0,0.0,36047086600,2908,455,0.1564649243466299,2984,396,0.1327077747989276,2984,188,0.0630026809651474,41066,0.041066,28247.21180538645,0.92353725488132
360470868003,360470868003,Block Group 3; Census Tract 868; Kings County; New York,Brooklyn,1401,625,609,0.9744,695,540,0.7769784172661871,321,0.2291220556745182,235,0.1677373304782298,0,0.0,1220,0.8708065667380442,79,0.0563882940756602,102,0.0728051391862955,28,0.0448,36047086800,2952,679,0.2300135501355013,2952,245,0.0829945799457994,2952,163,0.0552168021680216,70468,0.070468,19881.364591020036,0.9177470384946966
360470870003,360470870003,Block Group 3; Census Tract 870; Kings County; New York,Brooklyn,793,296,220,0.7432432432432432,402,160,0.3980099502487562,201,0.253467843631778,121,0.1525851197982345,69,0.0870113493064312,581,0.7326607818411097,113,0.1424968474148802,11,0.0138713745271122,0,0.0,36047087000,2930,654,0.2232081911262798,3006,246,0.0818363273453093,3006,309,0.1027944111776447,47867,0.047867,16566.737000438716,0.9184604346955906
360470872003,360470872003,Block Group 3; Census Tract 872; Kings County; New York,Brooklyn,1024,391,279,0.7135549872122762,503,246,0.489065606361829,200,0.1953125,247,0.2412109375,0,0.0,574,0.560546875,45,0.0439453125,48,0.046875,0,0.0,36047087200,3118,836,0.268120590121873,3118,290,0.0930083386786401,3118,97,0.0311096856959589,71159,0.071159,14390.309026265124,0.8578789808630652
360470878003,360470878003,Block Group 3; Census Tract 878; Kings County; New York,Brooklyn,1404,548,529,0.9653284671532848,687,466,0.6783114992721979,231,0.1645299145299145,220,0.1566951566951566,0,0.0,1050,0.7478632478632479,29,0.0206552706552706,64,0.0455840455840455,27,0.0492700729927007,36047087800,2134,392,0.1836925960637301,2134,258,0.1208997188378631,2134,179,0.0838800374882849,46155,0.046155,30419.239519012022,0.8861930960570961
360470882003,360470882003,Block Group 3; Census Tract 882; Kings County; New York,Brooklyn,1105,364,364,1.0,335,335,1.0,389,0.3520361990950226,97,0.0877828054298642,46,0.0416289592760181,988,0.8941176470588236,0,0.0,1,0.0009049773755656,0,0.0,36047088200,6532,1558,0.2385180649112063,6532,550,0.0842008573178199,6532,270,0.041334966319657,37656,0.037656,29344.593159124703,0.8544394453599522
360470884003,360470884003,Block Group 3; Census Tract 884; Kings County; New York,Brooklyn,1514,502,423,0.8426294820717132,819,605,0.7387057387057387,299,0.1974900924702774,202,0.1334214002642008,0,0.0,1452,0.9590488771466316,0,0.0,62,0.0409511228533685,62,0.1235059760956175,36047088400,5208,1825,0.3504224270353303,5208,734,0.140937019969278,5208,1001,0.1922043010752688,60852,0.060852,24880.036810622492,0.845597966649706
360470886003,360470886003,Block Group 3; Census Tract 886; Kings County; New York,Brooklyn,1221,479,427,0.8914405010438413,741,423,0.5708502024291497,247,0.2022932022932023,261,0.2137592137592137,31,0.0253890253890253,1117,0.9148239148239148,0,0.0,25,0.0204750204750204,0,0.0,36047088600,4258,507,0.1190699859088774,4340,488,0.112442396313364,4340,156,0.0359447004608294,76908,0.076908,15876.111717896709,0.9041134455944222
360470888003,360470888003,Block Group 3; Census Tract 888; Kings County; New York,Brooklyn,978,420,404,0.961904761904762,422,190,0.4502369668246445,220,0.2249488752556237,246,0.2515337423312883,0,0.0,747,0.7638036809815951,79,0.0807770961145194,133,0.1359918200408998,62,0.1476190476190476,36047088800,3783,654,0.1728786677240285,3783,333,0.0880253766851705,3783,470,0.1242400211472376,82767,0.082767,11816.303599260576,0.951811917359592
360470890003,360470890003,Block Group 3; Census Tract 890; Kings County; New York,Brooklyn,888,219,219,1.0,427,182,0.4262295081967213,368,0.4144144144144144,45,0.0506756756756756,0,0.0,822,0.9256756756756755,0,0.0,0,0.0,0,0.0,36047089000,7122,1472,0.2066835158663297,7122,1123,0.1576804268463914,7122,756,0.1061499578770008,23078,0.023078,38478.204350463646,0.9430525822256726
360470892003,360470892003,Block Group 3; Census Tract 892; Kings County; New York,Brooklyn,790,435,412,0.9471264367816092,210,118,0.5619047619047619,66,0.0835443037974683,164,0.2075949367088607,81,0.1025316455696202,565,0.7151898734177216,0,0.0,144,0.1822784810126582,57,0.1310344827586207,36047089200,2876,1466,0.5097357440890126,2876,1146,0.3984700973574409,2876,115,0.0399860917941585,51015,0.051015,15485.641477996667,0.9073785360260104
360470894003,360470894003,Block Group 3; Census Tract 894; Kings County; New York,Brooklyn,521,183,114,0.6229508196721312,162,154,0.9506172839506172,38,0.072936660268714,63,0.1209213051823416,18,0.0345489443378119,342,0.6564299424184261,0,0.0,148,0.2840690978886756,0,0.0,36047089400,3513,1012,0.2880728721890122,3513,539,0.1534301167093652,3513,368,0.1047537717050953,28559,0.028559,18242.935677019505,0.9193533380378698
360470896003,360470896003,Block Group 3; Census Tract 896; Kings County; New York,Brooklyn,1277,481,481,1.0,706,657,0.9305949008498584,343,0.2685982772122161,9,0.0070477682067345,0,0.0,1181,0.9248238057948316,0,0.0,96,0.0751761942051683,55,0.1143451143451143,36047089600,3956,1514,0.3827098078867543,3956,788,0.1991911021233569,3956,177,0.04474216380182,48423,0.048423,26371.76548334469,0.961375140122086
360470900003,360470900003,Block Group 3; Census Tract 900; Kings County; New York,Brooklyn,758,317,287,0.9053627760252366,221,106,0.4796380090497738,44,0.0580474934036939,99,0.1306068601583113,0,0.0,681,0.8984168865435356,0,0.0,22,0.0290237467018469,22,0.0694006309148265,36047090000,4964,2631,0.5300161160354553,4964,746,0.1502820306204673,4964,177,0.0356567284448025,36277,0.036277,20894.781817680625,0.8451232193264724
360470902003,360470902003,Block Group 3; Census Tract 902; Kings County; New York,Brooklyn,535,39,20,0.5128205128205128,189,174,0.9206349206349206,53,0.0990654205607476,34,0.0635514018691588,25,0.0467289719626168,256,0.4785046728971963,7,0.0130841121495327,247,0.4616822429906542,0,0.0,36047090200,3929,1651,0.4202087045049631,4017,594,0.1478715459297983,4017,339,0.0843913368185212,13777,0.013777,38832.83733759164,0.8583528491960357
360470906003,360470906003,Block Group 3; Census Tract 906; Kings County; New York,Brooklyn,1378,615,615,1.0,298,249,0.8355704697986577,443,0.3214804063860668,67,0.048621190130624,0,0.0,831,0.6030478955007257,0,0.0,534,0.3875181422351234,33,0.0536585365853658,36047090600,4344,2066,0.475598526703499,4344,885,0.2037292817679558,4344,354,0.0814917127071823,57196,0.057196,24092.593887684456,0.5906150850416645
360470908003,360470908003,Block Group 3; Census Tract 908; Kings County; New York,Brooklyn,297,165,165,1.0,114,112,0.9824561403508772,9,0.0303030303030303,48,0.1616161616161616,0,0.0,135,0.4545454545454545,0,0.0,162,0.5454545454545454,26,0.1575757575757575,36047090800,6230,3100,0.4975922953451043,6230,906,0.1454253611556982,6230,473,0.0759229534510433,57790,0.05779,5139.297456307319,0.8010661601385802
360470910003,360470910003,Block Group 3; Census Tract 910; Kings County; New York,Brooklyn,1840,845,845,1.0,654,555,0.8486238532110092,493,0.2679347826086956,567,0.3081521739130435,11,0.0059782608695652,1090,0.592391304347826,21,0.0114130434782608,202,0.1097826086956521,251,0.2970414201183431,36047091000,5837,2888,0.4947747130375193,5837,1609,0.2756553023813602,5837,340,0.0582491005653589,42152,0.042152,43651.546783070786,0.8446035345984304
360470912003,360470912003,Block Group 3; Census Tract 912; Kings County; New York,Brooklyn,2806,1182,1182,1.0,1312,1077,0.8208841463414634,499,0.1778332145402708,269,0.0958660014255167,72,0.0256593014967925,1396,0.4975053456878118,0,0.0,1285,0.4579472558802566,124,0.104906937394247,36047091200,6301,2347,0.3724805586414855,6301,1782,0.2828122520234883,6301,593,0.0941120457070306,56362,0.056362,49785.31634789397,0.8838422531960421
360470916003,360470916003,Block Group 3; Census Tract 916; Kings County; New York,Brooklyn,1325,305,305,1.0,445,213,0.4786516853932584,512,0.3864150943396226,118,0.0890566037735849,147,0.1109433962264151,1130,0.8528301886792453,0,0.0,48,0.0362264150943396,28,0.0918032786885245,36047091600,5617,1689,0.3006943208118212,5619,1200,0.2135611318739989,5619,327,0.0581954084356647,58679,0.058679,22580.480239949557,0.9094006660523304
360470920003,360470920003,Block Group 3; Census Tract 920; Kings County; New York,Brooklyn,1376,676,600,0.8875739644970414,745,408,0.5476510067114094,353,0.2565406976744186,204,0.1482558139534883,0,0.0,684,0.4970930232558139,0,0.0,343,0.2492732558139535,0,0.0,36047092000,3158,496,0.1570614312856238,3202,490,0.1530293566520924,3202,29,0.0090568394753279,123222,0.123222,11166.837090779243,0.9094727948080829
360470924003,360470924003,Block Group 3; Census Tract 924; Kings County; New York,Brooklyn,1218,386,386,1.0,310,251,0.8096774193548387,626,0.5139573070607554,54,0.0443349753694581,203,0.1666666666666666,1015,0.8333333333333334,0,0.0,0,0.0,0,0.0,36047092400,3306,1284,0.3883847549909255,3354,553,0.1648777579010137,3354,129,0.0384615384615384,28063,0.028063,43402.34472437017,0.8891677829056188
360470944013,360470944013,Block Group 3; Census Tract 944.01; Kings County; New York,Brooklyn,900,238,110,0.4621848739495798,549,196,0.3570127504553734,122,0.1355555555555555,203,0.2255555555555555,19,0.0211111111111111,843,0.9366666666666666,0,0.0,0,0.0,0,0.0,36047094401,3115,400,0.1284109149277688,3158,595,0.1884103863204559,3158,211,0.0668144395186827,133047,0.133047,6764.526821348847,0.8701107278465423
360470946003,360470946003,Block Group 3; Census Tract 946; Kings County; New York,Brooklyn,912,294,144,0.4897959183673469,381,284,0.7454068241469817,171,0.1875,286,0.3135964912280701,13,0.0142543859649122,741,0.8125,30,0.0328947368421052,55,0.0603070175438596,23,0.0782312925170068,36047094600,1772,71,0.0400677200902934,1772,153,0.0863431151241535,1772,7,0.0039503386004514,163804,0.163804,5567.629606114625,0.9286772406695486
360470954003,360470954003,Block Group 3; Census Tract 954; Kings County; New York,Brooklyn,732,362,280,0.7734806629834254,435,242,0.5563218390804597,56,0.0765027322404371,239,0.3265027322404371,38,0.0519125683060109,528,0.7213114754098361,0,0.0,36,0.0491803278688524,13,0.0359116022099447,36047095400,3807,208,0.0546361964801681,3875,373,0.096258064516129,3875,173,0.0446451612903225,70432,0.070432,10393.003180372558,0.8081280867073961
360470096003,360470096003,Block Group 3; Census Tract 96; Kings County; New York,Brooklyn,1036,374,237,0.6336898395721925,533,330,0.6191369606003753,100,0.0965250965250965,231,0.2229729729729729,395,0.3812741312741313,28,0.027027027027027,346,0.333976833976834,209,0.2017374517374517,60,0.160427807486631,36047009600,6032,1287,0.2133620689655172,6025,736,0.1221576763485477,6025,785,0.1302904564315352,37682,0.037682,27493.232843267346,0.8267693666066064
360470098003,360470098003,Block Group 3; Census Tract 98; Kings County; New York,Brooklyn,1616,442,430,0.9728506787330315,635,211,0.3322834645669291,356,0.2202970297029703,266,0.1646039603960396,0,0.0,30,0.0185643564356435,1080,0.6683168316831684,506,0.3131188118811881,244,0.5520361990950227,36047009800,6583,1852,0.2813307002886222,6713,570,0.0849098763593028,6713,1206,0.1796514226128407,37756,0.037756,42801.14418900308,0.9483221760799216
360470100004,360470100004,Block Group 4; Census Tract 100; Kings County; New York,Brooklyn,1412,638,476,0.7460815047021944,765,439,0.5738562091503268,251,0.1777620396600566,345,0.2443342776203966,80,0.0566572237960339,0,0.0,289,0.2046742209631728,1032,0.7308781869688386,336,0.5266457680250783,36047010000,5489,1291,0.2351976680633995,5489,365,0.0664966296228821,5489,628,0.1144106394607396,37744,0.037744,37409.919457397205,0.8757674145176335
360471058044,360471058044,Block Group 4; Census Tract 1058.04; Kings County; New York,Brooklyn,2133,1007,1007,1.0,664,355,0.5346385542168675,634,0.2972339428035631,428,0.2006563525550867,48,0.0225035161744022,1813,0.8499765588373184,112,0.0525082044069385,138,0.0646976090014064,78,0.0774577954319761,36047105804,5933,1655,0.278948255519973,5933,1908,0.3215911006236305,5933,133,0.0224169897185235,247809,0.247809,8607.43556529424,0.5937322664993945
360471078004,360471078004,Block Group 4; Census Tract 1078; Kings County; New York,Brooklyn,907,552,221,0.4003623188405797,399,134,0.3358395989974937,52,0.0573318632855567,281,0.3098125689084895,0,0.0,697,0.7684674751929438,0,0.0,101,0.1113561190738699,0,0.0,36047107800,3687,273,0.0740439381611065,3687,508,0.1377813940873338,3687,74,0.0200705180363439,48522,0.048522,18692.55183215861,0.6695511114734678
360471104004,360471104004,Block Group 4; Census Tract 1104; Kings County; New York,Brooklyn,1394,476,257,0.5399159663865546,489,275,0.5623721881390593,425,0.3048780487804878,262,0.187948350071736,12,0.0086083213773314,692,0.4964131994261119,0,0.0,690,0.4949784791965567,35,0.0735294117647058,36047110400,5199,1266,0.2435083669936526,5199,734,0.141180996345451,5199,237,0.0455856895556837,115093,0.115093,12111.94425377738,0.88002446566944
360470112004,360470112004,Block Group 4; Census Tract 112; Kings County; New York,Brooklyn,1458,475,447,0.9410526315789474,584,207,0.3544520547945205,252,0.1728395061728395,350,0.2400548696844993,392,0.2688614540466392,62,0.0425240054869684,522,0.3580246913580246,482,0.3305898491083676,251,0.5284210526315789,36047011200,6584,1540,0.2339003645200486,6611,637,0.0963545605808501,6611,850,0.1285735894720919,37763,0.037763,38609.22066573101,0.8722938504155967
360471130004,360471130004,Block Group 4; Census Tract 1130; Kings County; New York,Brooklyn,986,300,199,0.6633333333333333,330,184,0.5575757575757576,245,0.2484787018255578,212,0.2150101419878296,0,0.0,693,0.7028397565922921,32,0.0324543610547667,217,0.2200811359026369,0,0.0,36047113000,4448,781,0.1755845323741007,4490,502,0.1118040089086859,4490,221,0.0492204899777282,69742,0.069742,14137.82225918385,0.8830447673975447
360471144004,360471144004,Block Group 4; Census Tract 1144; Kings County; New York,Brooklyn,694,211,211,1.0,199,130,0.6532663316582915,177,0.255043227665706,90,0.1296829971181556,0,0.0,498,0.7175792507204611,66,0.0951008645533141,27,0.0389048991354466,0,0.0,36047114400,2423,877,0.3619479983491539,2423,324,0.1337185307470078,2423,114,0.0470491126702435,69596,0.069596,9971.837461923098,0.832164221817788
360471156004,360471156004,Block Group 4; Census Tract 1156; Kings County; New York,Brooklyn,1498,739,739,1.0,520,285,0.5480769230769231,345,0.2303070761014686,152,0.1014686248331108,0,0.0,562,0.3751668891855808,0,0.0,936,0.6248331108144193,199,0.2692828146143437,36047115600,4044,1493,0.369188921859545,4103,657,0.1601267365342432,4103,173,0.0421642700463075,48803,0.048803,30694.83433395488,0.434533036412363
360471196004,360471196004,Block Group 4; Census Tract 1196; Kings County; New York,Brooklyn,1688,564,551,0.9769503546099292,741,201,0.2712550607287449,235,0.139218009478673,122,0.0722748815165876,0,0.0,445,0.2636255924170616,768,0.4549763033175355,451,0.2671800947867299,75,0.1329787234042553,36047119600,5952,1185,0.1990927419354838,5972,663,0.1110180843938379,5972,262,0.0438713998660415,64034,0.064034,26360.99572102321,0.8013133016715812
360471208014,360471208014,Block Group 4; Census Tract 1208.01; Kings County; New York,Brooklyn,1047,365,131,0.3589041095890411,479,253,0.5281837160751566,268,0.2559694364851958,114,0.1088825214899713,64,0.0611270296084049,440,0.4202483285577841,181,0.1728748806112703,323,0.3085004775549188,24,0.0657534246575342,36047120801,4834,639,0.1321886636326024,4834,449,0.0928837401737691,4834,440,0.0910219280099296,78040,0.07804,13416.196822142492,0.8387521486396651
360470122004,360470122004,Block Group 4; Census Tract 122; Kings County; New York,Brooklyn,1379,490,357,0.7285714285714285,556,292,0.5251798561151079,364,0.2639593908629442,151,0.1094996374184191,296,0.2146482958665699,0,0.0,461,0.3343002175489485,622,0.4510514865844815,175,0.3571428571428571,36047012200,4655,1330,0.2857142857142857,4655,213,0.0457572502685284,4655,341,0.0732545649838883,91715,0.091715,15035.70844463828,0.8411065013780614
360470129014,360470129014,Block Group 4; Census Tract 129.01; Kings County; New York,Brooklyn,985,391,305,0.7800511508951407,789,488,0.6185044359949303,128,0.1299492385786802,23,0.0233502538071065,622,0.6314720812182741,91,0.0923857868020304,26,0.0263959390862944,184,0.1868020304568527,22,0.0562659846547314,36047012901,2539,238,0.0937376920047262,2539,237,0.0933438361559669,2539,182,0.0716817644742024,38357,0.038357,25679.797690121748,0.8966928572125196
360470130004,360470130004,Block Group 4; Census Tract 130; Kings County; New York,Brooklyn,1086,421,346,0.8218527315914489,535,250,0.4672897196261682,223,0.2053406998158379,161,0.1482504604051565,401,0.3692449355432781,133,0.1224677716390423,138,0.1270718232044199,397,0.365561694290976,11,0.0261282660332541,36047013000,5586,820,0.1467955603293949,5586,466,0.083422842821339,5586,499,0.0893304690297171,49468,0.049468,21953.58615670737,0.6193678553518777
360470131004,360470131004,Block Group 4; Census Tract 131; Kings County; New York,Brooklyn,1013,625,561,0.8976,531,320,0.6026365348399246,76,0.0750246791707798,366,0.3613030602171767,624,0.6159921026653504,129,0.1273445212240868,47,0.0463968410661401,92,0.0908193484698914,11,0.0176,36047013100,3504,378,0.1078767123287671,3533,391,0.1106708180016982,3533,55,0.0155675063685253,38855,0.038855,26071.290696178097,0.9044204548463922
360470133004,360470133004,Block Group 4; Census Tract 133; Kings County; New York,Brooklyn,1156,412,261,0.633495145631068,563,317,0.5630550621669627,461,0.3987889273356401,38,0.0328719723183391,852,0.7370242214532872,12,0.0103806228373702,105,0.0908304498269896,80,0.0692041522491349,12,0.029126213592233,36047013300,4256,63,0.0148026315789473,4264,218,0.0511257035647279,4264,117,0.0274390243902439,37946,0.037946,30464.344067885944,0.892508587896059
360470136004,360470136004,Block Group 4; Census Tract 136; Kings County; New York,Brooklyn,709,392,376,0.9591836734693876,416,157,0.3774038461538461,100,0.1410437235543018,124,0.1748942172073342,392,0.5528913963328632,0,0.0,12,0.0169252468265162,289,0.4076163610719323,12,0.0306122448979591,36047013600,4015,509,0.1267745952677459,4088,459,0.112279843444227,4088,182,0.0445205479452054,40840,0.04084,17360.430950048973,0.6236388098593721
360470139004,360470139004,Block Group 4; Census Tract 139; Kings County; New York,Brooklyn,909,289,246,0.8512110726643599,532,225,0.4229323308270676,236,0.2596259625962596,54,0.0594059405940594,352,0.3872387238723872,236,0.2596259625962596,57,0.0627062706270627,255,0.2805280528052805,0,0.0,36047013900,3560,213,0.0598314606741573,3560,237,0.0665730337078651,3560,172,0.048314606741573,37441,0.037441,24278.197697711064,0.933199585641172
360470145004,360470145004,Block Group 4; Census Tract 145; Kings County; New York,Brooklyn,746,419,358,0.8544152744630071,471,125,0.2653927813163482,65,0.0871313672922252,106,0.1420911528150134,392,0.5254691689008043,11,0.0147453083109919,96,0.128686327077748,170,0.227882037533512,0,0.0,36047014500,4681,567,0.1211279641102328,4681,406,0.086733603930784,4681,333,0.0711386455885494,54533,0.054533,13679.79021876662,0.6372066029895376
360470151004,360470151004,Block Group 4; Census Tract 151; Kings County; New York,Brooklyn,701,334,206,0.6167664670658682,369,155,0.4200542005420054,121,0.1726105563480741,172,0.2453637660485021,594,0.8473609129814551,15,0.021398002853067,56,0.0798858773181169,22,0.0313837375178316,0,0.0,36047015100,4060,182,0.0448275862068965,4060,252,0.0620689655172413,4060,74,0.0182266009852216,37216,0.037216,18835.9845227859,0.9253397886573552
360470153004,360470153004,Block Group 4; Census Tract 153; Kings County; New York,Brooklyn,715,352,276,0.7840909090909091,442,169,0.3823529411764705,124,0.1734265734265734,153,0.213986013986014,506,0.7076923076923077,0,0.0,138,0.193006993006993,41,0.0573426573426573,0,0.0,36047015300,2554,109,0.0426781519185591,2578,144,0.0558572536850271,2578,85,0.0329712955779674,37521,0.037521,19055.995309293463,0.9521654238095114
360470155004,360470155004,Block Group 4; Census Tract 155; Kings County; New York,Brooklyn,746,287,80,0.2787456445993031,453,190,0.4194260485651214,211,0.2828418230563003,36,0.0482573726541554,551,0.7386058981233244,8,0.0107238605898123,62,0.0831099195710455,103,0.1380697050938338,14,0.048780487804878,36047015500,3413,136,0.0398476413712276,3443,160,0.0464711007841998,3443,28,0.0081324426372349,37310,0.03731,19994.63950683463,0.9867337888859538
360470157004,360470157004,Block Group 4; Census Tract 157; Kings County; New York,Brooklyn,1454,631,516,0.8177496038034865,1001,499,0.4985014985014985,252,0.1733149931224209,208,0.1430536451169188,949,0.6526822558459422,271,0.186382393397524,136,0.09353507565337,0,0.0,7,0.011093502377179,36047015700,5040,119,0.0236111111111111,5071,324,0.063892723328732,5071,0,0.0,37393,0.037393,38884.28315460113,0.9757460908117171
360470159004,360470159004,Block Group 4; Census Tract 159; Kings County; New York,Brooklyn,1166,527,334,0.6337760910815939,877,337,0.3842645381984036,202,0.1732418524871355,127,0.1089193825042881,870,0.7461406518010292,23,0.0197255574614065,133,0.1140651801029159,140,0.1200686106346483,0,0.0,36047015900,5358,262,0.0488988428518103,5376,247,0.0459449404761904,5376,27,0.0050223214285714,38745,0.038745,30094.2057039618,0.8200054185347381
360470160004,360470160004,Block Group 4; Census Tract 160; Kings County; New York,Brooklyn,993,502,440,0.8764940239043825,741,331,0.446693657219973,146,0.1470292044310171,101,0.1017119838872104,326,0.3282980866062437,25,0.0251762336354481,103,0.1037260825780463,411,0.4138972809667673,112,0.2231075697211155,36047016000,4426,738,0.166741979213737,4426,300,0.0677812923633077,4426,214,0.0483506552191595,85634,0.085634,11595.86145689796,0.8186456884936544
360470161004,360470161004,Block Group 4; Census Tract 161; Kings County; New York,Brooklyn,1093,520,427,0.8211538461538461,621,211,0.3397745571658615,234,0.2140896614821592,206,0.1884720951509606,804,0.7355901189387009,36,0.0329368709972552,102,0.0933211344922232,82,0.0750228728270814,0,0.0,36047016100,3432,67,0.0195221445221445,3461,296,0.0855244149089858,3461,55,0.0158913608783588,56188,0.056188,19452.55214636577,0.6560516343533783
360470163004,360470163004,Block Group 4; Census Tract 163; Kings County; New York,Brooklyn,885,387,328,0.8475452196382429,515,201,0.3902912621359223,247,0.2790960451977401,145,0.1638418079096045,379,0.4282485875706214,174,0.1966101694915254,78,0.0881355932203389,110,0.1242937853107344,0,0.0,36047016300,4357,347,0.0796419554739499,4370,418,0.0956521739130434,4370,133,0.0304347826086956,25763,0.025763,34351.58948880177,0.9054548719942784
360470165004,360470165004,Block Group 4; Census Tract 165; Kings County; New York,Brooklyn,1494,571,387,0.6777583187390543,918,225,0.2450980392156862,221,0.1479250334672021,108,0.072289156626506,1111,0.7436412315930389,100,0.0669344042838018,90,0.0602409638554216,193,0.1291834002677376,0,0.0,36047016500,5742,119,0.0207244862417276,5742,157,0.0273423894113549,5742,80,0.0139324277255311,37670,0.03767,39660.207061322006,0.8850863173469918
360470167004,360470167004,Block Group 4; Census Tract 167; Kings County; New York,Brooklyn,1583,687,443,0.6448326055312955,869,337,0.3878020713463751,238,0.1503474415666456,315,0.1989892608970309,1148,0.7252053063802906,16,0.0101073910296904,109,0.0688566013897662,264,0.1667719519898926,51,0.074235807860262,36047016700,4800,273,0.056875,4800,357,0.074375,4800,195,0.040625,55641,0.055641,28450.243525457845,0.914811189504296
360470169004,360470169004,Block Group 4; Census Tract 169; Kings County; New York,Brooklyn,1330,548,325,0.593065693430657,740,396,0.5351351351351351,192,0.1443609022556391,259,0.1947368421052631,1162,0.8736842105263158,0,0.0,0,0.0,168,0.1263157894736842,0,0.0,36047016900,4506,667,0.1480248557478917,4714,285,0.0604582095884599,4714,244,0.0517607127704709,36242,0.036242,36697.7539870868,0.9109617100833816
360470171004,360470171004,Block Group 4; Census Tract 171; Kings County; New York,Brooklyn,697,272,175,0.6433823529411765,402,178,0.4427860696517413,163,0.2338593974175035,93,0.133428981348637,508,0.7288378766140603,0,0.0,1,0.0014347202295552,78,0.1119081779053084,0,0.0,36047017100,4139,75,0.0181203189176129,4139,147,0.0355158250785213,4139,50,0.0120802126117419,49027,0.049027,14216.65612825586,0.8552837575841679
360470181004,360470181004,Block Group 4; Census Tract 181; Kings County; New York,Brooklyn,487,272,252,0.9264705882352942,365,263,0.7205479452054795,83,0.1704312114989733,52,0.1067761806981519,355,0.728952772073922,7,0.0143737166324435,16,0.0328542094455852,45,0.0924024640657084,0,0.0,36047018100,3886,307,0.0790015440041173,3886,416,0.1070509521358723,3886,47,0.0120946989191971,62882,0.062882,7744.6646099042655,0.961834574415088
360470185014,360470185014,Block Group 4; Census Tract 185.01; Kings County; New York,Brooklyn,416,205,205,1.0,165,140,0.8484848484848485,36,0.0865384615384615,155,0.3725961538461538,0,0.0,155,0.3725961538461538,167,0.4014423076923077,94,0.2259615384615384,29,0.1414634146341463,36047018501,4583,1054,0.2299803622081606,4583,1112,0.2426358280602225,4583,226,0.0493126772856207,25388,0.025388,16385.694028674963,0.8826252803471537
360470192004,360470192004,Block Group 4; Census Tract 192; Kings County; New York,Brooklyn,6,6,6,1.0,6,0,0.0,0,0.0,0,0.0,0,0.0,0,0.0,6,1.0,0,0.0,0,0.0,36047019200,3116,834,0.2676508344030808,3116,126,0.0404364569961489,3116,505,0.1620667522464698,8086,0.008086,742.0232500618354,0.8862613866992324
360470193004,360470193004,Block Group 4; Census Tract 193; Kings County; New York,Brooklyn,1606,982,906,0.9226069246435844,703,242,0.3442389758179232,208,0.1295143212951432,356,0.2216687422166874,520,0.323785803237858,660,0.410958904109589,117,0.072851805728518,150,0.0933997509339975,0,0.0,36047019300,4390,798,0.1817767653758542,6601,799,0.1210422663232843,6601,156,0.02363278291168,68278,0.068278,23521.485690852103,0.9144351370055748
360470195004,360470195004,Block Group 4; Census Tract 195; Kings County; New York,Brooklyn,442,305,252,0.8262295081967214,354,118,0.3333333333333333,12,0.0271493212669683,52,0.1176470588235294,344,0.7782805429864253,4,0.0090497737556561,13,0.0294117647058823,57,0.1289592760180995,0,0.0,36047019500,4104,486,0.1184210526315789,4104,483,0.1176900584795321,4104,89,0.0216861598440545,35198,0.035198,12557.531677936246,0.859098257253895
360470197004,360470197004,Block Group 4; Census Tract 197; Kings County; New York,Brooklyn,716,370,267,0.7216216216216216,490,151,0.3081632653061224,79,0.1103351955307262,127,0.1773743016759776,170,0.2374301675977653,213,0.297486033519553,99,0.138268156424581,168,0.2346368715083799,0,0.0,36047019700,3587,215,0.0599386674100919,3614,283,0.0783065855008301,3614,27,0.0074709463198671,44381,0.044381,16133.029900182511,0.9064233285491372
360470199004,360470199004,Block Group 4; Census Tract 199; Kings County; New York,Brooklyn,926,525,451,0.8590476190476191,573,307,0.5357766143106457,110,0.1187904967602591,42,0.0453563714902807,358,0.386609071274298,17,0.0183585313174946,151,0.1630669546436285,229,0.2473002159827214,124,0.2361904761904762,36047019900,4304,290,0.0673791821561338,4304,280,0.0650557620817843,4304,119,0.0276486988847583,42079,0.042079,22006.22638370684,0.9111600417677068
360470001004,360470001004,Block Group 4; Census Tract 1; Kings County; New York,Brooklyn,1769,924,491,0.5313852813852814,890,462,0.5191011235955056,287,0.1622385528547202,714,0.4036178631995478,983,0.5556811758055399,269,0.1520633126059921,187,0.1057094403617863,232,0.1311475409836065,17,0.0183982683982684,36047000100,4799,134,0.0279224838508022,4815,511,0.1061266874350986,4815,99,0.0205607476635514,35534,0.035534,49783.30612934091,0.8850666550381813
360470201004,360470201004,Block Group 4; Census Tract 201; Kings County; New York,Brooklyn,748,352,250,0.7102272727272727,436,158,0.3623853211009174,121,0.1617647058823529,96,0.1283422459893048,304,0.4064171122994652,179,0.2393048128342246,41,0.0548128342245989,88,0.1176470588235294,0,0.0,36047020100,3993,147,0.0368144252441773,3993,255,0.0638617580766341,3993,160,0.0400701227147508,42482,0.042482,17607.457276022786,0.9112753790379516
360470215004,360470215004,Block Group 4; Census Tract 215; Kings County; New York,Brooklyn,2656,1312,811,0.618140243902439,1559,908,0.5824246311738294,389,0.1464608433734939,548,0.2063253012048193,1538,0.579066265060241,409,0.1539909638554217,324,0.1219879518072289,134,0.0504518072289156,0,0.0,36047021500,5595,427,0.0763181411974977,5595,510,0.0911528150134048,5595,179,0.0319928507596067,41849,0.041849,63466.2715954981,0.8287159251492513
360470220004,360470220004,Block Group 4; Census Tract 220; Kings County; New York,Brooklyn,2068,440,343,0.7795454545454545,468,143,0.3055555555555556,1220,0.5899419729206963,155,0.0749516441005802,1886,0.9119922630560928,0,0.0,0,0.0,164,0.0793036750483558,240,0.5454545454545454,36047022000,5854,1989,0.3397676802186539,5854,297,0.0507345404851383,5854,220,0.0375811411001024,57229,0.057229,36135.52569501477,0.9507620119416512
360470224004,360470224004,Block Group 4; Census Tract 224; Kings County; New York,Brooklyn,1224,333,199,0.5975975975975976,364,121,0.3324175824175824,467,0.3815359477124183,34,0.0277777777777777,900,0.7352941176470589,18,0.0147058823529411,65,0.0531045751633986,212,0.1732026143790849,43,0.1291291291291291,36047022400,5786,1979,0.3420324922226063,5786,406,0.0701693743518838,5786,215,0.0371586588316626,56568,0.056568,21637.675010606705,0.8971403706518144
360470227004,360470227004,Block Group 4; Census Tract 227; Kings County; New York,Brooklyn,1416,719,709,0.9860917941585536,891,709,0.7957351290684624,276,0.1949152542372881,78,0.0550847457627118,428,0.3022598870056497,491,0.3467514124293785,48,0.0338983050847457,380,0.268361581920904,20,0.0278164116828929,36047022700,4823,668,0.1385030064275347,4833,672,0.1390440720049658,4833,422,0.0873163666459755,74569,0.074569,18989.124166879,0.8329779142184673
360470229004,360470229004,Block Group 4; Census Tract 229; Kings County; New York,Brooklyn,1075,440,382,0.8681818181818182,624,223,0.3573717948717949,180,0.1674418604651162,4,0.0037209302325581,780,0.7255813953488373,109,0.1013953488372093,21,0.0195348837209302,117,0.1088372093023255,40,0.0909090909090909,36047022900,3645,401,0.1100137174211248,3645,247,0.0677640603566529,3645,188,0.0515775034293552,57564,0.057564,18674.866235841848,0.8795727029910188
360470022004,360470022004,Block Group 4; Census Tract 22; Kings County; New York,Brooklyn,680,366,229,0.6256830601092896,329,165,0.5015197568389058,62,0.0911764705882352,230,0.3382352941176471,417,0.6132352941176471,76,0.1117647058823529,27,0.0397058823529411,150,0.2205882352941176,115,0.314207650273224,36047002200,4643,1161,0.2500538444970924,4643,825,0.1776868404049106,4643,514,0.1107042860219685,38008,0.038008,17890.970322037465,0.8094455883975586
360470232004,360470232004,Block Group 4; Census Tract 232; Kings County; New York,Brooklyn,591,248,209,0.842741935483871,270,73,0.2703703703703703,116,0.1962774957698815,209,0.3536379018612521,406,0.6869712351945855,0,0.0,44,0.0744500846023688,112,0.1895093062605753,84,0.3387096774193548,36047023200,6610,2475,0.3744326777609682,6610,269,0.0406959152798789,6610,44,0.0066565809379727,37738,0.037738,15660.607345381311,0.6415033551372713
360470236004,360470236004,Block Group 4; Census Tract 236; Kings County; New York,Brooklyn,770,255,255,1.0,251,23,0.0916334661354581,354,0.4597402597402597,74,0.0961038961038961,757,0.9831168831168832,0,0.0,0,0.0,0,0.0,76,0.2980392156862745,36047023600,6444,2163,0.3356610800744879,6444,292,0.0453134698944754,6444,61,0.0094661700806952,37700,0.0377,20424.403183023875,0.9413580014980204
360470245004,360470245004,Block Group 4; Census Tract 245; Kings County; New York,Brooklyn,375,239,207,0.8661087866108786,325,182,0.56,17,0.0453333333333333,7,0.0186666666666666,71,0.1893333333333333,211,0.5626666666666666,41,0.1093333333333333,0,0.0,0,0.0,36047024500,4383,459,0.1047227926078028,4383,423,0.0965092402464065,4383,291,0.0663928815879534,38289,0.038289,9793.935595079529,0.8961657386782607
360470249004,360470249004,Block Group 4; Census Tract 249; Kings County; New York,Brooklyn,492,260,260,1.0,336,199,0.5922619047619048,57,0.1158536585365853,34,0.0691056910569105,44,0.089430894308943,304,0.6178861788617886,104,0.2113821138211382,14,0.0284552845528455,14,0.0538461538461538,36047024900,4124,577,0.1399127061105722,4147,583,0.1405835543766578,4147,264,0.0636604774535809,30020,0.03002,16389.073950699534,0.8894838022469318
360470252004,360470252004,Block Group 4; Census Tract 252; Kings County; New York,Brooklyn,1180,409,348,0.8508557457212714,375,148,0.3946666666666666,334,0.2830508474576271,102,0.0864406779661016,269,0.2279661016949152,18,0.0152542372881355,569,0.4822033898305085,253,0.2144067796610169,105,0.2567237163814181,36047025200,4460,729,0.1634529147982062,4460,400,0.0896860986547085,4460,245,0.0549327354260089,43605,0.043605,27061.11684439858,0.8064440443820048
360470261004,360470261004,Block Group 4; Census Tract 261; Kings County; New York,Brooklyn,505,266,266,1.0,271,165,0.6088560885608856,66,0.1306930693069307,0,0.0,180,0.3564356435643564,119,0.2356435643564356,10,0.0198019801980198,170,0.3366336633663366,0,0.0,36047026100,5728,1657,0.2892807262569832,5741,730,0.1271555478139697,5741,517,0.0900539975614004,39878,0.039878,12663.624053362755,0.9163196448010122
360470264004,360470264004,Block Group 4; Census Tract 264; Kings County; New York,Brooklyn,1695,452,380,0.8407079646017699,727,373,0.5130674002751031,491,0.2896755162241888,102,0.0601769911504424,315,0.1858407079646017,0,0.0,820,0.4837758112094395,547,0.3227138643067846,210,0.4646017699115044,36047026400,4491,904,0.201291471832554,4554,320,0.0702678963548528,4554,658,0.1444883618796662,47453,0.047453,35719.55408509472,0.8119726724967721
360470265004,360470265004,Block Group 4; Census Tract 265; Kings County; New York,Brooklyn,484,268,226,0.8432835820895522,345,114,0.3304347826086956,42,0.0867768595041322,0,0.0,210,0.4338842975206611,210,0.4338842975206611,42,0.0867768595041322,0,0.0,0,0.0,36047026500,4099,870,0.2122468894852403,4099,361,0.0880702610392778,4099,343,0.0836789460844108,39912,0.039912,12126.678693124872,0.668889481385893
360470267004,360470267004,Block Group 4; Census Tract 267; Kings County; New York,Brooklyn,701,365,263,0.7205479452054795,331,208,0.6283987915407855,70,0.0998573466476462,148,0.2111269614835948,104,0.1483594864479315,396,0.5649072753209701,28,0.0399429386590584,79,0.1126961483594864,0,0.0,36047026700,3933,245,0.0622934146961606,3933,164,0.0416984490211034,3933,71,0.0180523773201118,39878,0.039878,17578.614775063947,0.8865000782841427
360470268004,360470268004,Block Group 4; Census Tract 268; Kings County; New York,Brooklyn,949,317,269,0.8485804416403786,328,183,0.5579268292682927,235,0.2476290832455216,296,0.3119072708113804,363,0.3825079030558482,13,0.0136986301369863,447,0.4710221285563751,72,0.0758693361433087,80,0.252365930599369,36047026800,4414,631,0.1429542365201631,4414,340,0.0770276393294064,4414,334,0.0756683280471227,39115,0.039115,24261.79215134859,0.7348865652346033
360470275004,360470275004,Block Group 4; Census Tract 275; Kings County; New York,Brooklyn,1153,460,348,0.7565217391304347,584,297,0.5085616438356164,223,0.1934084995663486,193,0.1673894189071986,162,0.1405030355594102,718,0.6227233304423244,17,0.0147441457068516,149,0.1292281006071118,0,0.0,36047027500,5272,1255,0.2380500758725341,5256,713,0.1356544901065449,5256,455,0.0865677321156773,40566,0.040566,28422.817137504317,0.9507343649272976
360470277004,360470277004,Block Group 4; Census Tract 277; Kings County; New York,Brooklyn,1790,572,529,0.9248251748251748,462,283,0.6125541125541125,539,0.3011173184357542,228,0.1273743016759776,61,0.0340782122905027,945,0.5279329608938548,9,0.0050279329608938,427,0.2385474860335195,0,0.0,36047027700,4286,1233,0.2876808212785814,4301,753,0.1750755638223669,4301,443,0.1029993024877935,39886,0.039886,44877.90202075917,0.890210195480953
360470279004,360470279004,Block Group 4; Census Tract 279; Kings County; New York,Brooklyn,1262,469,341,0.7270788912579957,587,311,0.5298126064735945,232,0.1838351822503962,56,0.0443740095087163,472,0.3740095087163232,646,0.5118858954041204,25,0.019809825673534,94,0.0744849445324881,0,0.0,36047027900,4260,766,0.1798122065727699,4260,432,0.1014084507042253,4260,411,0.0964788732394366,40480,0.04048,31175.88932806324,0.8901957362422673
360470286004,360470286004,Block Group 4; Census Tract 286; Kings County; New York,Brooklyn,710,152,85,0.5592105263157895,297,145,0.4882154882154882,313,0.4408450704225352,31,0.0436619718309859,202,0.2845070422535211,52,0.0732394366197183,169,0.2380281690140845,215,0.3028169014084507,74,0.4868421052631579,36047028600,5092,2224,0.436763550667714,5092,1001,0.1965828750981932,5092,301,0.0591123330714846,41740,0.04174,17010.06229036895,0.5629915785123336
360470289004,360470289004,Block Group 4; Census Tract 289; Kings County; New York,Brooklyn,1618,544,525,0.9650735294117648,450,231,0.5133333333333333,352,0.2175525339925834,290,0.1792336217552534,222,0.1372064276885043,544,0.3362175525339926,47,0.0290482076637824,767,0.4740420271940667,43,0.0790441176470588,36047028900,4137,1401,0.3386511965192168,4147,321,0.0774053532674222,4147,640,0.1543284301904991,41081,0.041081,39385.60405053431,0.9301800601807038
360470293004,360470293004,Block Group 4; Census Tract 293; Kings County; New York,Brooklyn,794,428,392,0.9158878504672896,437,336,0.7688787185354691,78,0.0982367758186398,138,0.1738035264483627,162,0.2040302267002519,349,0.4395465994962216,38,0.0478589420654911,245,0.3085642317380352,0,0.0,36047029300,3181,1127,0.3542911034265954,3181,385,0.1210311222885884,3181,83,0.0260924237661112,41072,0.041072,19331.904947409428,0.8949465656536202
360470295004,360470295004,Block Group 4; Census Tract 295; Kings County; New York,Brooklyn,1248,484,213,0.4400826446280991,633,243,0.3838862559241706,355,0.2844551282051282,150,0.1201923076923077,125,0.1001602564102564,857,0.686698717948718,0,0.0,84,0.0673076923076923,10,0.0206611570247933,36047029500,4043,959,0.2372000989364333,4043,329,0.0813752164234479,4043,207,0.0511996042542666,41159,0.041159,30321.436380864452,0.8747242099721328
360470296004,360470296004,Block Group 4; Census Tract 296; Kings County; New York,Brooklyn,1813,538,520,0.966542750929368,839,602,0.7175208581644815,645,0.3557639271924986,387,0.2134583563154991,628,0.3463872035300607,0,0.0,292,0.1610590182018753,845,0.4660783232211803,264,0.4907063197026022,36047029600,6463,1860,0.2877920470369797,6463,458,0.070864923410181,6463,843,0.1304347826086956,39068,0.039068,46406.26599774752,0.8902612110548683
360470003014,360470003014,Block Group 4; Census Tract 3.01; Kings County; New York,Brooklyn,1159,411,181,0.4403892944038929,695,318,0.4575539568345323,270,0.2329594477998274,87,0.0750647109577221,966,0.8334771354616048,0,0.0,80,0.0690250215703192,68,0.0586712683347713,0,0.0,36047000301,4384,227,0.0517791970802919,4501,366,0.0813152632748278,4501,86,0.0191068651410797,60901,0.060901,19030.886192344955,0.8003633975669858
360470300004,360470300004,Block Group 4; Census Tract 300; Kings County; New York,Brooklyn,793,233,149,0.6394849785407726,422,146,0.3459715639810427,179,0.2257250945775536,111,0.1399747793190416,57,0.0718789407313997,0,0.0,368,0.4640605296343001,146,0.1841109709962169,65,0.278969957081545,36047030000,4165,765,0.1836734693877551,4165,377,0.090516206482593,4165,320,0.0768307322929171,37883,0.037883,20932.872264604175,0.8838342753507711
360470305004,360470305004,Block Group 4; Census Tract 305; Kings County; New York,Brooklyn,1525,578,520,0.8996539792387543,791,311,0.393173198482933,205,0.1344262295081967,406,0.2662295081967213,356,0.2334426229508196,689,0.4518032786885246,50,0.0327868852459016,374,0.2452459016393442,73,0.1262975778546712,36047030500,6688,873,0.1305322966507177,6688,516,0.0771531100478468,6688,283,0.0423145933014354,57511,0.057511,26516.666376867033,0.6441805813929171
360470313004,360470313004,Block Group 4; Census Tract 313; Kings County; New York,Brooklyn,838,445,401,0.901123595505618,400,197,0.4925,3,0.0035799522673031,268,0.3198090692124105,208,0.2482100238663484,555,0.662291169451074,0,0.0,53,0.0632458233890214,0,0.0,36047031300,4352,760,0.1746323529411764,4398,960,0.2182810368349249,4398,178,0.0404729422464756,43586,0.043586,19226.357087138073,0.8858327089751256
360470315004,360470315004,Block Group 4; Census Tract 315; Kings County; New York,Brooklyn,954,638,571,0.8949843260188087,837,518,0.6188769414575866,0,0.0,0,0.0,227,0.2379454926624738,537,0.5628930817610063,101,0.1058700209643605,29,0.030398322851153,0,0.0,36047031500,5179,749,0.1446225139988414,5179,452,0.0872755358177254,5179,149,0.0287700328248696,48944,0.048944,19491.663942464857,0.8027460385573874
360470321004,360470321004,Block Group 4; Census Tract 321; Kings County; New York,Brooklyn,1537,742,722,0.973045822102426,870,560,0.6436781609195402,158,0.1027976577748861,202,0.1314248536109303,499,0.324658425504229,416,0.2706571242680546,24,0.0156148340923877,497,0.3233571893298633,0,0.0,36047032100,4975,771,0.1549748743718593,4989,693,0.1389055923030667,4989,299,0.0599318500701543,43575,0.043575,35272.51864601262,0.8972227914964243
360470326004,360470326004,Block Group 4; Census Tract 326; Kings County; New York,Brooklyn,759,270,270,1.0,171,155,0.9064327485380116,308,0.4057971014492754,160,0.2108036890645586,58,0.0764163372859025,533,0.7022397891963109,57,0.075098814229249,111,0.1462450592885375,146,0.5407407407407407,36047032600,10436,3568,0.3418934457646608,10522,1176,0.111765823987835,10522,376,0.0357346512069948,47195,0.047195,16082.212098739274,0.821153854429852
360470328004,360470328004,Block Group 4; Census Tract 328; Kings County; New York,Brooklyn,593,236,154,0.652542372881356,121,9,0.0743801652892562,94,0.1585160202360876,331,0.5581787521079258,29,0.0489038785834738,249,0.4198988195615514,277,0.4671163575042159,38,0.0640809443507588,0,0.0,36047032800,2847,777,0.2729188619599578,2918,535,0.1833447566826593,2918,141,0.0483207676490747,45874,0.045874,12926.7122989057,0.8333540189535915
360470329004,360470329004,Block Group 4; Census Tract 329; Kings County; New York,Brooklyn,667,338,272,0.8047337278106509,442,246,0.5565610859728507,89,0.1334332833583208,24,0.0359820089955022,195,0.2923538230884557,162,0.2428785607196401,17,0.025487256371814,145,0.217391304347826,0,0.0,36047032900,5411,1249,0.2308260949916836,5411,531,0.0981334318979855,5411,392,0.0724450194049159,42362,0.042362,15745.2433784996,0.8925299998134705
360470336004,360470336004,Block Group 4; Census Tract 336; Kings County; New York,Brooklyn,981,254,57,0.2244094488188976,477,33,0.0691823899371069,193,0.1967380224260958,273,0.2782874617737003,951,0.9694189602446484,0,0.0,0,0.0,30,0.0305810397553516,41,0.1614173228346456,36047033600,4674,499,0.1067608044501497,4757,500,0.1051082615093546,4757,202,0.0424637376497792,104870,0.10487,9354.438829026412,0.7077012714976308
360470339004,360470339004,Block Group 4; Census Tract 339; Kings County; New York,Brooklyn,1362,667,371,0.5562218890554723,639,329,0.514866979655712,307,0.2254038179148311,293,0.2151248164464023,104,0.0763582966226138,1075,0.78928046989721,105,0.0770925110132158,43,0.0315712187958884,89,0.1334332833583208,36047033900,5010,1267,0.2528942115768463,5010,713,0.142315369261477,5010,203,0.0405189620758483,44959,0.044959,30294.26811094553,0.8478568033067457
360470342004,360470342004,Block Group 4; Census Tract 342; Kings County; New York,Brooklyn,948,544,544,1.0,18,0,0.0,0,0.0,797,0.8407172995780591,773,0.8154008438818565,128,0.1350210970464135,1,0.0010548523206751,33,0.0348101265822784,511,0.9393382352941176,36047034200,6608,2245,0.3397397094430993,6608,1601,0.2422820823244552,6608,186,0.0281476997578692,33269,0.033269,28494.995341008147,0.8313317414679313
360470343004,360470343004,Block Group 4; Census Tract 343; Kings County; New York,Brooklyn,2116,665,665,1.0,393,252,0.6412213740458015,698,0.329867674858223,427,0.2017958412098298,0,0.0,1050,0.4962192816635161,95,0.0448960302457466,938,0.443289224952741,190,0.2857142857142857,36047034300,4548,1971,0.433377308707124,4548,981,0.2156992084432717,4548,467,0.1026824978012313,22761,0.022761,92966.03839901586,0.9439677672447656
360470359004,360470359004,Block Group 4; Census Tract 359; Kings County; New York,Brooklyn,776,236,236,1.0,297,231,0.7777777777777778,32,0.0412371134020618,85,0.1095360824742268,32,0.0412371134020618,406,0.5231958762886598,88,0.1134020618556701,0,0.0,0,0.0,36047035900,6788,1465,0.2158220388921626,6788,902,0.1328815556865056,6788,465,0.0685032410135533,35306,0.035306,21979.266980116696,0.8848766791509923
360470363004,360470363004,Block Group 4; Census Tract 363; Kings County; New York,Brooklyn,1938,615,615,1.0,856,532,0.6214953271028038,655,0.3379772961816305,80,0.0412796697626419,0,0.0,1590,0.8204334365325078,0,0.0,286,0.1475748194014448,0,0.0,36047036300,5430,1056,0.1944751381215469,5430,808,0.1488029465930018,5430,241,0.0443830570902394,46592,0.046592,41595.12362637363,0.8779618784847748
360470369004,360470369004,Block Group 4; Census Tract 369; Kings County; New York,Brooklyn,2682,823,769,0.9343863912515188,778,361,0.4640102827763496,666,0.2483221476510067,214,0.0797912005965697,88,0.0328113348247576,652,0.2431021625652498,155,0.0577926920208799,1480,0.551826994780015,108,0.1312272174969623,36047036900,5616,1442,0.2567663817663818,5616,984,0.1752136752136752,5616,857,0.1525997150997151,62103,0.062103,43186.31950147336,0.9105996141810316
360470370004,360470370004,Block Group 4; Census Tract 370; Kings County; New York,Brooklyn,618,284,34,0.1197183098591549,238,65,0.2731092436974789,93,0.1504854368932038,195,0.3155339805825243,514,0.8317152103559871,10,0.0161812297734627,59,0.0954692556634304,35,0.0566343042071197,40,0.1408450704225352,36047037000,3875,524,0.1352258064516129,3904,417,0.1068135245901639,3904,70,0.0179303278688524,52911,0.052911,11679.990928162386,0.9220099219795248
360470371004,360470371004,Block Group 4; Census Tract 371; Kings County; New York,Brooklyn,1126,403,290,0.7196029776674938,655,207,0.316030534351145,190,0.1687388987566607,78,0.0692717584369449,43,0.0381882770870337,796,0.7069271758436945,11,0.0097690941385435,276,0.2451154529307282,0,0.0,36047037100,4244,812,0.1913289349670122,4309,266,0.0617312601531677,4309,258,0.0598746809004409,37059,0.037059,30383.98229849699,0.877270168807391
360470373004,360470373004,Block Group 4; Census Tract 373; Kings County; New York,Brooklyn,1403,386,376,0.9740932642487048,714,413,0.5784313725490197,218,0.1553813257305773,105,0.074839629365645,116,0.082679971489665,868,0.6186742694226657,19,0.0135424091233072,329,0.2344975053456878,0,0.0,36047037300,4946,1016,0.2054185200161747,4952,715,0.1443861066235864,4952,494,0.0997576736672051,37355,0.037355,37558.55976442243,0.6368741392924516
360470374014,360470374014,Block Group 4; Census Tract 374.01; Kings County; New York,Brooklyn,841,274,155,0.5656934306569343,361,203,0.5623268698060941,272,0.3234244946492271,124,0.1474435196195005,422,0.5017835909631391,39,0.0463733650416171,188,0.2235434007134364,130,0.1545778834720571,23,0.083941605839416,36047037401,4758,758,0.1593106347204707,4758,921,0.1935687263556116,4758,151,0.0317360235393022,37671,0.037671,22324.86528098537,0.92000736416328
360470374024,360470374024,Block Group 4; Census Tract 374.02; Kings County; New York,Brooklyn,584,266,138,0.518796992481203,257,100,0.3891050583657587,88,0.1506849315068493,152,0.2602739726027397,386,0.660958904109589,59,0.1010273972602739,0,0.0,33,0.0565068493150684,45,0.169172932330827,36047037402,5843,1097,0.1877460208796851,5843,935,0.1600205373951737,5843,151,0.0258428889269211,56570,0.05657,10323.49301750044,0.922021665406654
360470377004,360470377004,Block Group 4; Census Tract 377; Kings County; New York,Brooklyn,1583,585,363,0.6205128205128205,748,275,0.3676470588235294,434,0.2741629816803537,135,0.0852811118130132,560,0.3537586860391661,701,0.4428300694883133,18,0.0113708149084017,253,0.1598231206569804,40,0.0683760683760683,36047037700,4985,989,0.19839518555667,5090,641,0.1259332023575638,5090,283,0.0555992141453831,56077,0.056077,28229.042209818643,0.8271316509919274
360470381004,360470381004,Block Group 4; Census Tract 381; Kings County; New York,Brooklyn,1207,601,601,1.0,600,285,0.475,128,0.1060480530240265,147,0.1217895608947804,382,0.3164871582435791,756,0.6263463131731566,28,0.0231980115990058,22,0.0182270091135045,0,0.0,36047038100,5138,975,0.1897625535227715,5138,817,0.1590112884390813,5138,276,0.053717399766446,41190,0.04119,29303.22893906288,0.6975089543304184
360470383004,360470383004,Block Group 4; Census Tract 383; Kings County; New York,Brooklyn,1217,596,259,0.4345637583892617,544,251,0.4613970588235294,228,0.1873459326211996,127,0.1043549712407559,145,0.1191454396055875,780,0.6409202958093673,14,0.0115036976170912,175,0.1437962202136401,50,0.0838926174496644,36047038300,5465,1199,0.2193961573650503,5394,422,0.0782350760103819,5394,307,0.0569150908416759,43646,0.043646,27883.42574348165,0.8354246503510726
360470385004,360470385004,Block Group 4; Census Tract 385; Kings County; New York,Brooklyn,760,336,246,0.7321428571428571,474,252,0.5316455696202531,75,0.0986842105263157,112,0.1473684210526315,211,0.2776315789473684,418,0.55,38,0.05,71,0.0934210526315789,29,0.0863095238095238,36047038500,3823,495,0.1294794663876536,3823,472,0.1234632487575202,3823,194,0.0507454878367774,43538,0.043538,17456.015434792596,0.642372269062884
360470387004,360470387004,Block Group 4; Census Tract 387; Kings County; New York,Brooklyn,1629,571,285,0.4991243432574431,1107,255,0.2303523035230352,308,0.1890730509515039,162,0.0994475138121546,66,0.0405156537753222,1039,0.6378146101903008,24,0.0147329650092081,131,0.0804174340085942,0,0.0,36047038700,5311,1378,0.2594614950103558,5311,338,0.063641498776125,5311,126,0.0237243456976087,41091,0.041091,39643.71760239468,0.8109949056625314
360470388004,360470388004,Block Group 4; Census Tract 388; Kings County; New York,Brooklyn,1238,381,128,0.3359580052493438,672,177,0.2633928571428571,300,0.2423263327948303,70,0.0565428109854604,683,0.5516962843295639,0,0.0,53,0.04281098546042,502,0.4054927302100161,225,0.5905511811023622,36047038800,5301,1003,0.1892095830975287,5353,380,0.0709882308985615,5353,257,0.0480104614235008,41475,0.041475,29849.306811332128,0.845112105961989
360470402004,360470402004,Block Group 4; Census Tract 402; Kings County; New York,Brooklyn,851,319,239,0.7492163009404389,448,265,0.5915178571428571,148,0.1739130434782608,119,0.1398354876615746,147,0.172737955346651,0,0.0,597,0.7015276145710928,107,0.1257344300822561,70,0.219435736677116,36047040200,2414,727,0.3011599005799503,2414,105,0.0434962717481358,2414,104,0.0430820215410107,75388,0.075388,11288.268689977183,0.8946902113495268
360470417004,360470417004,Block Group 4; Census Tract 417; Kings County; New York,Brooklyn,1002,499,499,1.0,308,196,0.6363636363636364,150,0.1497005988023952,292,0.2914171656686626,67,0.0668662674650698,377,0.3762475049900199,0,0.0,500,0.499001996007984,132,0.2645290581162324,36047041700,3402,1169,0.3436213991769547,3402,940,0.2763080540858318,3402,195,0.0573192239858906,36797,0.036797,27230.480745712965,0.855398753293033
360470421004,360470421004,Block Group 4; Census Tract 421; Kings County; New York,Brooklyn,675,262,228,0.8702290076335878,336,177,0.5267857142857143,32,0.0474074074074074,111,0.1644444444444444,499,0.7392592592592593,64,0.0948148148148148,19,0.0281481481481481,84,0.1244444444444444,19,0.0725190839694656,36047042100,4712,1259,0.2671901528013582,4712,626,0.1328522920203735,4712,367,0.0778862478777589,38315,0.038315,17617.121231893514,0.698479831806502
360470427004,360470427004,Block Group 4; Census Tract 427; Kings County; New York,Brooklyn,1013,375,269,0.7173333333333334,503,124,0.246520874751491,79,0.0779861796643632,61,0.0602171767028627,349,0.3445212240868707,241,0.2379072063178677,14,0.0138203356367226,349,0.3445212240868707,0,0.0,36047042700,4098,481,0.1173743289409468,4098,272,0.066373840897999,4098,557,0.1359199609565641,47321,0.047321,21406.986327423343,0.8211487324887968
360470429004,360470429004,Block Group 4; Census Tract 429; Kings County; New York,Brooklyn,1537,733,733,1.0,913,454,0.4972617743702081,114,0.0741704619388419,292,0.1899804814573845,262,0.1704619388418998,26,0.0169160702667534,0,0.0,963,0.6265452179570592,247,0.3369713506139154,36047042900,4630,1255,0.2710583153347732,4630,480,0.1036717062634989,4630,762,0.1645788336933045,33648,0.033648,45678.79220161674,0.9091532202047397
360470431004,360470431004,Block Group 4; Census Tract 431; Kings County; New York,Brooklyn,975,451,451,1.0,645,285,0.4418604651162791,50,0.0512820512820512,28,0.0287179487179487,416,0.4266666666666667,297,0.3046153846153846,78,0.08,104,0.1066666666666666,0,0.0,36047043100,3864,392,0.1014492753623188,3864,387,0.1001552795031055,3864,594,0.1537267080745341,33663,0.033663,28963.55048569646,0.9137792551835752
360470437004,360470437004,Block Group 4; Census Tract 437; Kings County; New York,Brooklyn,641,324,296,0.9135802469135802,395,223,0.5645569620253165,26,0.0405616224648986,131,0.204368174726989,79,0.1232449297971918,77,0.1201248049921996,28,0.0436817472698908,439,0.6848673946957878,44,0.1358024691358024,36047043700,5034,974,0.1934843067143424,5034,348,0.069129916567342,5034,348,0.069129916567342,34853,0.034853,18391.5301408774,0.924064194000368
360470043004,360470043004,Block Group 4; Census Tract 43; Kings County; New York,Brooklyn,1239,696,622,0.8936781609195402,864,400,0.4629629629629629,122,0.0984665052461662,133,0.1073446327683615,891,0.7191283292978208,21,0.0169491525423728,77,0.0621468926553672,172,0.138821630347054,0,0.0,36047004300,3706,351,0.0947112790070156,3765,287,0.0762284196547144,3765,39,0.0103585657370517,64046,0.064046,19345.470443119008,0.9402391841688864
360470443004,360470443004,Block Group 4; Census Tract 443; Kings County; New York,Brooklyn,697,349,339,0.97134670487106,336,209,0.6220238095238095,58,0.0832137733142037,133,0.1908177905308465,302,0.4332855093256815,0,0.0,94,0.1348637015781922,278,0.3988522238163558,76,0.2177650429799427,36047044300,4740,492,0.1037974683544303,4740,493,0.1040084388185654,4740,492,0.1037974683544303,49548,0.049548,14067.16719141035,0.9058765848951372
360470449014,360470449014,Block Group 4; Census Tract 449.01; Kings County; New York,Brooklyn,79,13,13,1.0,79,0,0.0,0,0.0,0,0.0,79,1.0,0,0.0,0,0.0,0,0.0,0,0.0,36047044901,2715,714,0.2629834254143646,2715,359,0.1322283609576427,2715,396,0.1458563535911602,69503,0.069503,1136.641583816526,0.6400294638781827
360470045004,360470045004,Block Group 4; Census Tract 45; Kings County; New York,Brooklyn,564,280,264,0.9428571428571428,432,163,0.3773148148148148,51,0.0904255319148936,80,0.1418439716312056,421,0.7464539007092199,23,0.0407801418439716,10,0.0177304964539007,70,0.1241134751773049,22,0.0785714285714285,36047004500,3897,155,0.039774185270721,3898,179,0.0459209851205746,3898,62,0.0159055926115956,39898,0.039898,14136.046919645094,0.9473974789610948
360470482004,360470482004,Block Group 4; Census Tract 482; Kings County; New York,Brooklyn,632,267,124,0.4644194756554307,303,58,0.1914191419141914,110,0.1740506329113924,99,0.1566455696202531,94,0.1487341772151898,0,0.0,40,0.0632911392405063,498,0.7879746835443038,127,0.4756554307116105,36047048200,5580,1095,0.1962365591397849,5553,638,0.1148928507113272,5553,235,0.0423194669547992,17713,0.017713,35680.00903291368,0.6242782652494604
360470491004,360470491004,Block Group 4; Census Tract 491; Kings County; New York,Brooklyn,1974,802,774,0.9650872817955112,783,625,0.7982120051085568,349,0.1767983789260385,557,0.2821681864235055,186,0.094224924012158,379,0.1919959473150962,756,0.3829787234042553,587,0.2973657548125633,229,0.2855361596009975,36047049100,6213,2108,0.339288588443586,6213,1050,0.1690004828585224,6213,201,0.0323515210043457,48007,0.048007,41119.00347865936,0.9398228011672328
360470493024,360470493024,Block Group 4; Census Tract 493.02; Kings County; New York,Brooklyn,505,254,254,1.0,284,147,0.5176056338028169,116,0.2297029702970297,0,0.0,149,0.295049504950495,0,0.0,48,0.095049504950495,254,0.502970297029703,33,0.1299212598425196,36047049302,4714,1521,0.3226559185405176,4714,738,0.1565549427238014,4714,288,0.0610946117946542,46057,0.046057,10964.67420804655,0.879438888937565
360470494004,360470494004,Block Group 4; Census Tract 494; Kings County; New York,Brooklyn,563,308,279,0.905844155844156,365,117,0.3205479452054794,42,0.0746003552397868,120,0.2131438721136767,411,0.7300177619893428,27,0.0479573712255772,52,0.0923623445825932,73,0.1296625222024866,73,0.237012987012987,36047049400,5493,1032,0.1878754778809394,5499,517,0.094017094017094,5499,120,0.0218221494817239,24123,0.024123,23338.722381130043,0.8458852284293513
360470506004,360470506004,Block Group 4; Census Tract 506; Kings County; New York,Brooklyn,1880,705,640,0.9078014184397164,1217,745,0.6121610517666393,173,0.0920212765957446,254,0.1351063829787234,264,0.1404255319148936,848,0.451063829787234,98,0.052127659574468,603,0.3207446808510638,17,0.0241134751773049,36047050600,5126,914,0.1783066718689036,5126,399,0.0778384705423332,5126,247,0.0481857198595396,48404,0.048404,38839.765308652175,0.8517864431775504
360470512004,360470512004,Block Group 4; Census Tract 512; Kings County; New York,Brooklyn,1308,543,521,0.9594843462246776,753,424,0.5630810092961488,189,0.1444954128440367,191,0.1460244648318042,208,0.1590214067278287,426,0.3256880733944954,80,0.0611620795107033,530,0.4051987767584097,156,0.287292817679558,36047051200,6227,720,0.1156255018467962,6227,443,0.0711418018307371,6227,477,0.0766018949735024,43580,0.04358,30013.767783386873,0.6393620613248929
360470513004,360470513004,Block Group 4; Census Tract 513; Kings County; New York,Brooklyn,903,530,436,0.8226415094339623,422,336,0.7962085308056872,52,0.0575858250276854,135,0.1495016611295681,171,0.1893687707641196,28,0.0310077519379844,73,0.0808416389811738,587,0.6500553709856035,192,0.3622641509433962,36047051300,5961,956,0.1603757758765308,5970,965,0.1616415410385259,5970,401,0.0671691792294807,71568,0.071568,12617.370892018778,0.9304767630989146
360470514004,360470514004,Block Group 4; Census Tract 514; Kings County; New York,Brooklyn,2510,817,817,1.0,1249,816,0.6533226581265013,376,0.149800796812749,348,0.1386454183266932,63,0.0250996015936255,1113,0.4434262948207171,0,0.0,1312,0.5227091633466135,64,0.0783353733170134,36047051400,7191,1040,0.1446252259769156,7213,600,0.0831831415499792,7213,641,0.0888673228892277,42380,0.04238,59226.050023596035,0.8342605987152794
360470523004,360470523004,Block Group 4; Census Tract 523; Kings County; New York,Brooklyn,554,279,228,0.8172043010752689,372,214,0.5752688172043011,30,0.0541516245487364,60,0.1083032490974729,329,0.5938628158844765,21,0.0379061371841155,26,0.0469314079422382,178,0.3212996389891697,0,0.0,36047052300,5077,1338,0.2635414614930076,5077,701,0.1380736655505219,5077,398,0.0783927516249753,20026,0.020026,27664.036752222113,0.9087530892241238
360470527004,360470527004,Block Group 4; Census Tract 527; Kings County; New York,Brooklyn,668,317,317,1.0,336,151,0.4494047619047619,133,0.1991017964071856,0,0.0,159,0.2380239520958083,46,0.0688622754491018,0,0.0,402,0.6017964071856288,64,0.2018927444794952,36047052700,5536,1363,0.2462066473988439,5548,1107,0.1995313626532083,5548,214,0.0385724585436193,29531,0.029531,22620.29731468626,0.9710905206023124
360470533004,360470533004,Block Group 4; Census Tract 533; Kings County; New York,Brooklyn,2090,420,395,0.9404761904761904,389,25,0.0642673521850899,1186,0.5674641148325359,251,0.1200956937799043,2040,0.9760765550239234,10,0.0047846889952153,0,0.0,40,0.0191387559808612,23,0.0547619047619047,36047053300,6421,2933,0.4567824326428905,6551,555,0.0847198900931155,6551,312,0.0476263165928865,34851,0.034851,59969.58480387937,0.8680111340942894
360470534004,360470534004,Block Group 4; Census Tract 534; Kings County; New York,Brooklyn,970,215,175,0.813953488372093,239,116,0.4853556485355648,311,0.3206185567010309,175,0.1804123711340206,541,0.5577319587628866,124,0.1278350515463917,270,0.2783505154639175,35,0.0360824742268041,28,0.1302325581395348,36047053400,4442,436,0.0981539846915803,4442,568,0.1278703286807744,4442,262,0.0589824403421882,45871,0.045871,21146.25798434741,0.7954065416762154
360470535004,360470535004,Block Group 4; Census Tract 535; Kings County; New York,Brooklyn,1600,436,223,0.5114678899082569,336,86,0.2559523809523809,812,0.5075,325,0.203125,1260,0.7875,0,0.0,0,0.0,175,0.109375,201,0.4610091743119266,36047053500,4611,1663,0.3606592929950119,4611,627,0.1359791802212101,4611,34,0.0073736716547386,45489,0.045489,35173.338609334125,0.8555040206953419
360470545004,360470545004,Block Group 4; Census Tract 545; Kings County; New York,Brooklyn,103,103,103,1.0,103,0,0.0,0,0.0,38,0.3689320388349514,103,1.0,0,0.0,0,0.0,0,0.0,65,0.6310679611650486,36047054500,8349,2858,0.3423164450832435,8349,840,0.1006108515989939,8349,131,0.0156905018565097,11951,0.011951,8618.525646389424,0.8472714678311741
360470551004,360470551004,Block Group 4; Census Tract 551; Kings County; New York,Brooklyn,495,327,327,1.0,351,49,0.1396011396011396,24,0.0484848484848484,20,0.0404040404040404,266,0.5373737373737374,0,0.0,0,0.0,229,0.4626262626262626,5,0.0152905198776758,36047055100,6184,1030,0.1665588615782665,6185,476,0.0769603880355699,6185,220,0.0355699272433306,21779,0.021779,22728.31626796455,0.8784363254299855
360470561004,360470561004,Block Group 4; Census Tract 561; Kings County; New York,Brooklyn,876,435,407,0.935632183908046,584,329,0.5633561643835616,112,0.1278538812785388,69,0.0787671232876712,497,0.567351598173516,15,0.0171232876712328,64,0.0730593607305936,263,0.3002283105022831,35,0.0804597701149425,36047056100,3697,225,0.0608601568839599,3698,224,0.0605732828555976,3698,173,0.0467820443482963,85471,0.085471,10249.090334733415,0.848069020949502
360470563014,360470563014,Block Group 4; Census Tract 563.01; Kings County; New York,Brooklyn,1232,588,543,0.923469387755102,869,207,0.238204833141542,145,0.1176948051948052,135,0.109577922077922,796,0.6461038961038961,60,0.0487012987012987,65,0.0527597402597402,236,0.1915584415584415,74,0.1258503401360544,36047056301,4683,623,0.1330343796711509,4683,444,0.0948110185778347,4683,104,0.0222079863335468,44970,0.04497,27396.04180564821,0.6531444707783236
360470570004,360470570004,Block Group 4; Census Tract 570; Kings County; New York,Brooklyn,1344,331,146,0.4410876132930513,586,293,0.5,227,0.1688988095238095,354,0.2633928571428571,225,0.1674107142857142,69,0.0513392857142857,753,0.5602678571428571,290,0.2157738095238095,110,0.3323262839879154,36047057000,3309,448,0.1353883348443638,3309,722,0.2181928074947114,3309,59,0.0178301601692354,136542,0.136542,9843.12519224854,0.8657203781826482
360470571004,360470571004,Block Group 4; Census Tract 571; Kings County; New York,Brooklyn,1176,611,568,0.9296235679214404,571,223,0.3905429071803853,228,0.1938775510204081,185,0.157312925170068,955,0.8120748299319728,0,0.0,19,0.016156462585034,99,0.0841836734693877,139,0.2274959083469721,36047057100,3923,298,0.0759622737700739,3923,261,0.0665307162885546,3923,159,0.0405302064746367,46387,0.046387,25351.93049776877,0.6509422666444848
360470575004,360470575004,Block Group 4; Census Tract 575; Kings County; New York,Brooklyn,1147,510,472,0.9254901960784314,867,314,0.3621683967704729,174,0.1517000871839581,45,0.039232781168265,658,0.5736704446381866,29,0.025283347863993,34,0.029642545771578,202,0.1761115954664341,20,0.0392156862745098,36047057500,4497,470,0.1045141205247943,4572,155,0.0339020122484689,4572,445,0.097331583552056,48459,0.048459,23669.49379888153,0.5812012287252568
360470591004,360470591004,Block Group 4; Census Tract 591; Kings County; New York,Brooklyn,759,398,343,0.8618090452261307,423,205,0.4846335697399527,80,0.1054018445322793,116,0.152832674571805,580,0.764163372859025,11,0.0144927536231884,54,0.0711462450592885,30,0.0395256916996047,28,0.0703517587939698,36047059100,3952,200,0.0506072874493927,3952,256,0.0647773279352226,3952,405,0.1024797570850202,78892,0.078892,9620.7473508087,0.831121767150568
360470594024,360470594024,Block Group 4; Census Tract 594.02; Kings County; New York,Brooklyn,1632,674,129,0.1913946587537092,829,178,0.2147165259348613,464,0.284313725490196,189,0.1158088235294117,729,0.4466911764705882,54,0.0330882352941176,849,0.5202205882352942,0,0.0,343,0.5089020771513353,36047059402,5713,491,0.085944337475932,5713,469,0.0820934710309819,5713,172,0.0301067740241554,85904,0.085904,18997.951201341035,0.8435922686393817
360470600004,360470600004,Block Group 4; Census Tract 600; Kings County; New York,Brooklyn,820,428,248,0.5794392523364486,371,126,0.3396226415094339,97,0.1182926829268292,170,0.2073170731707317,557,0.6792682926829269,0,0.0,200,0.2439024390243902,24,0.0292682926829268,123,0.2873831775700934,36047060000,6451,1027,0.1592001240117811,6451,625,0.0968842039993799,6451,161,0.0249573709502402,68139,0.068139,12034.224159438794,0.8483128318829051
360470610044,360470610044,Block Group 4; Census Tract 610.04; Kings County; New York,Brooklyn,1069,712,712,1.0,539,109,0.2022263450834879,173,0.1618334892422825,233,0.2179607109448082,869,0.8129092609915809,0,0.0,60,0.0561272217025257,0,0.0,563,0.7907303370786517,36047061004,5278,1155,0.2188328912466843,5278,1390,0.2633573323228496,5278,340,0.0644183402804092,29901,0.029901,35751.31266512826,0.905896993549039
360470628004,360470628004,Block Group 4; Census Tract 628; Kings County; New York,Brooklyn,1556,449,101,0.2249443207126948,559,208,0.3720930232558139,581,0.3733933161953727,148,0.0951156812339331,1050,0.6748071979434447,0,0.0,147,0.0944730077120822,100,0.0642673521850899,26,0.0579064587973273,36047062800,4838,283,0.0584952459694088,4838,585,0.1209177346010748,4838,38,0.0078544853245142,168464,0.168464,9236.394719346566,0.6252215703635622
360470065004,360470065004,Block Group 4; Census Tract 65; Kings County; New York,Brooklyn,962,393,231,0.5877862595419847,688,213,0.3095930232558139,226,0.2349272349272349,0,0.0,758,0.7879417879417879,0,0.0,12,0.0124740124740124,81,0.0841995841995842,0,0.0,36047006500,6089,241,0.0395795697158811,6089,241,0.0395795697158811,6089,76,0.0124815240597799,33439,0.033439,28768.80289482341,0.8897625368915808
360470067004,360470067004,Block Group 4; Census Tract 67; Kings County; New York,Brooklyn,777,276,189,0.6847826086956522,345,190,0.5507246376811594,259,0.3333333333333333,99,0.1274131274131274,475,0.6113256113256114,0,0.0,54,0.0694980694980695,130,0.1673101673101673,37,0.1340579710144927,36047006700,4032,154,0.0381944444444444,4032,304,0.0753968253968253,4032,86,0.021329365079365,26489,0.026489,29332.93065045868,0.8766548957826529
360470068004,360470068004,Block Group 4; Census Tract 68; Kings County; New York,Brooklyn,492,263,254,0.9657794676806084,218,77,0.3532110091743119,22,0.0447154471544715,185,0.3760162601626016,279,0.5670731707317073,2,0.0040650406504065,121,0.2459349593495935,90,0.1829268292682926,44,0.1673003802281368,36047006800,4107,558,0.1358655953250548,4107,531,0.1292914536157779,4107,292,0.0710981251521792,52475,0.052475,9375.893282515484,0.7866731983483503
360470702014,360470702014,Block Group 4; Census Tract 702.01; Kings County; New York,Brooklyn,1396,570,220,0.3859649122807017,682,133,0.1950146627565982,264,0.1891117478510028,322,0.2306590257879656,1179,0.8445558739255015,0,0.0,217,0.1554441260744985,0,0.0,26,0.0456140350877193,36047070201,6531,261,0.0399632521819017,6531,813,0.1244832338079926,6531,265,0.0405757158168733,197597,0.197597,7064.88458832877,0.4946235478390178
360470074004,360470074004,Block Group 4; Census Tract 74; Kings County; New York,Brooklyn,1492,516,494,0.9573643410852714,724,486,0.6712707182320442,389,0.2607238605898123,106,0.0710455764075067,21,0.0140750670241286,0,0.0,204,0.1367292225201072,1267,0.849195710455764,388,0.751937984496124,36047007400,5473,1134,0.2071989767951763,5478,348,0.0635268346111719,5478,814,0.1485943775100401,30893,0.030893,48295.73042436798,0.8967664050042088
360470075004,360470075004,Block Group 4; Census Tract 75; Kings County; New York,Brooklyn,1064,491,398,0.8105906313645621,585,203,0.347008547008547,113,0.106203007518797,309,0.2904135338345864,777,0.7302631578947368,0,0.0,53,0.0498120300751879,90,0.0845864661654135,0,0.0,36047007500,4766,796,0.1670163659253042,4766,353,0.0740663029794376,4766,300,0.0629458665547629,38821,0.038821,27407.846268772057,0.8577313691325016
360470077004,360470077004,Block Group 4; Census Tract 77; Kings County; New York,Brooklyn,787,415,389,0.9373493975903614,535,248,0.4635514018691589,113,0.1435832274459974,108,0.1372299872935197,702,0.8919949174078781,0,0.0,15,0.0190597204574332,70,0.0889453621346886,32,0.0771084337349397,36047007700,5974,311,0.052058921995313,5974,422,0.070639437562772,5974,56,0.0093739537997991,56513,0.056513,13925.999327588344,0.8581533650647067
360470078004,360470078004,Block Group 4; Census Tract 78; Kings County; New York,Brooklyn,637,258,229,0.8875968992248062,435,271,0.6229885057471264,51,0.0800627943485086,12,0.0188383045525902,73,0.1145996860282574,0,0.0,67,0.1051805337519623,497,0.7802197802197802,90,0.3488372093023256,36047007800,4705,1025,0.2178533475026567,4713,368,0.0780819011245491,4713,547,0.1160619562911097,30386,0.030386,20963.601658658594,0.879085690908587
360470822004,360470822004,Block Group 4; Census Tract 822; Kings County; New York,Brooklyn,1384,587,491,0.8364565587734242,553,408,0.7377938517179023,335,0.2420520231213873,270,0.1950867052023121,128,0.0924855491329479,1142,0.8251445086705202,0,0.0,54,0.0390173410404624,0,0.0,36047082200,6968,487,0.0698909299655568,6968,738,0.1059127439724454,6968,420,0.0602755453501722,56930,0.05693,24310.55682417003,0.8773815116150041
360470824004,360470824004,Block Group 4; Census Tract 824; Kings County; New York,Brooklyn,1114,472,420,0.8898305084745762,594,403,0.6784511784511784,102,0.0915619389587073,165,0.1481149012567325,56,0.0502692998204667,915,0.8213644524236984,0,0.0,0,0.0,100,0.211864406779661,36047082400,5088,1210,0.237814465408805,5125,393,0.0766829268292682,5125,586,0.1143414634146341,44902,0.044902,24809.58531913946,0.9184342746106464
360470826004,360470826004,Block Group 4; Census Tract 826; Kings County; New York,Brooklyn,1165,424,273,0.6438679245283019,576,364,0.6319444444444444,212,0.1819742489270386,278,0.23862660944206,15,0.0128755364806866,894,0.7673819742489271,0,0.0,155,0.1330472103004291,0,0.0,36047082600,4116,684,0.1661807580174927,4122,502,0.1217855409995148,4122,91,0.022076661814653,48798,0.048798,23873.92925939588,0.8529428578367088
360470830004,360470830004,Block Group 4; Census Tract 830; Kings County; New York,Brooklyn,1395,657,657,1.0,560,315,0.5625,257,0.1842293906810035,166,0.1189964157706093,77,0.0551971326164874,1209,0.8666666666666667,42,0.0301075268817204,0,0.0,17,0.0258751902587519,36047083000,5673,771,0.13590692755156,5673,755,0.1330865503261061,5673,534,0.094130089899524,37721,0.037721,36982.052437634215,0.6287615436490457
360470882004,360470882004,Block Group 4; Census Tract 882; Kings County; New York,Brooklyn,1696,813,792,0.974169741697417,750,409,0.5453333333333333,211,0.1244103773584905,229,0.1350235849056603,0,0.0,1042,0.6143867924528302,0,0.0,56,0.0330188679245283,99,0.1217712177121771,36047088200,6532,1558,0.2385180649112063,6532,550,0.0842008573178199,6532,270,0.041334966319657,57871,0.057871,29306.56114461475,0.838076762369564
360470890004,360470890004,Block Group 4; Census Tract 890; Kings County; New York,Brooklyn,2268,657,657,1.0,1103,644,0.5838621940163191,160,0.0705467372134038,110,0.0485008818342151,0,0.0,1752,0.7724867724867724,0,0.0,71,0.0313051146384479,0,0.0,36047089000,7122,1472,0.2066835158663297,7122,1123,0.1576804268463914,7122,756,0.1061499578770008,44147,0.044147,51373.81928556867,0.9442840478489932
360470892004,360470892004,Block Group 4; Census Tract 892; Kings County; New York,Brooklyn,1094,411,397,0.9659367396593674,312,152,0.4871794871794871,79,0.0722120658135283,173,0.1581352833638025,20,0.0182815356489945,998,0.9122486288848264,0,0.0,28,0.0255941499085923,165,0.4014598540145985,36047089200,2876,1466,0.5097357440890126,2876,1146,0.3984700973574409,2876,115,0.0399860917941585,42756,0.042756,25587.05210964543,0.9042333575422646
360470894004,360470894004,Block Group 4; Census Tract 894; Kings County; New York,Brooklyn,1283,333,309,0.927927927927928,497,166,0.3340040241448692,208,0.162120031176929,208,0.162120031176929,0,0.0,983,0.7661730319563523,0,0.0,195,0.151987529228371,57,0.1711711711711711,36047089400,3513,1012,0.2880728721890122,3513,539,0.1534301167093652,3513,368,0.1047537717050953,35472,0.035472,36169.37302661254,0.9157399373348166
360470900004,360470900004,Block Group 4; Census Tract 900; Kings County; New York,Brooklyn,675,322,322,1.0,71,19,0.2676056338028169,86,0.1274074074074074,81,0.12,148,0.2192592592592592,259,0.3837037037037037,0,0.0,263,0.3896296296296296,78,0.2422360248447205,36047090000,4964,2631,0.5300161160354553,4964,746,0.1502820306204673,4964,177,0.0356567284448025,38434,0.038434,17562.574803559346,0.8463490029792808
360470902004,360470902004,Block Group 4; Census Tract 902; Kings County; New York,Brooklyn,486,172,90,0.5232558139534884,243,128,0.5267489711934157,71,0.1460905349794238,84,0.1728395061728395,44,0.0905349794238683,354,0.7283950617283951,5,0.0102880658436214,59,0.1213991769547325,0,0.0,36047090200,3929,1651,0.4202087045049631,4017,594,0.1478715459297983,4017,339,0.0843913368185212,51553,0.051553,9427.191434058152,0.855731177660337
360470910004,360470910004,Block Group 4; Census Tract 910; Kings County; New York,Brooklyn,1399,661,661,1.0,194,28,0.1443298969072164,516,0.3688348820586133,444,0.3173695496783417,22,0.0157255182273052,281,0.2008577555396712,27,0.0192994996426018,1069,0.7641172265904217,292,0.4417549167927382,36047091000,5837,2888,0.4947747130375193,5837,1609,0.2756553023813602,5837,340,0.0582491005653589,87165,0.087165,16050.020076865714,0.8692789856982397
360470916004,360470916004,Block Group 4; Census Tract 916; Kings County; New York,Brooklyn,822,326,204,0.6257668711656442,332,186,0.5602409638554217,165,0.2007299270072992,90,0.1094890510948905,42,0.0510948905109489,579,0.7043795620437956,0,0.0,77,0.0936739659367396,48,0.147239263803681,36047091600,5617,1689,0.3006943208118212,5619,1200,0.2135611318739989,5619,327,0.0581954084356647,58656,0.058656,14013.9116202946,0.9522966511460608
360470944014,360470944014,Block Group 4; Census Tract 944.01; Kings County; New York,Brooklyn,148,75,0,0.0,82,20,0.2439024390243902,0,0.0,96,0.6486486486486487,0,0.0,148,1.0,0,0.0,0,0.0,0,0.0,36047094401,3115,400,0.1284109149277688,3158,595,0.1884103863204559,3158,211,0.0668144395186827,48595,0.048595,3045.5808210721266,0.8711901008071535
360470096004,360470096004,Block Group 4; Census Tract 96; Kings County; New York,Brooklyn,1851,632,535,0.8465189873417721,901,510,0.5660377358490566,408,0.2204213938411669,209,0.1129119394921664,550,0.2971366828741221,0,0.0,86,0.0464613722312263,1157,0.6250675310642896,249,0.3939873417721519,36047009600,6032,1287,0.2133620689655172,6025,736,0.1221576763485477,6025,785,0.1302904564315352,37638,0.037638,49179.02120197673,0.8308275320063147
360470098004,360470098004,Block Group 4; Census Tract 98; Kings County; New York,Brooklyn,1443,417,347,0.8321342925659473,529,293,0.553875236294896,365,0.2529452529452529,190,0.1316701316701316,42,0.0291060291060291,0,0.0,504,0.3492723492723493,897,0.6216216216216216,311,0.7458033573141487,36047009800,6583,1852,0.2813307002886222,6713,570,0.0849098763593028,6713,1206,0.1796514226128407,37725,0.037725,38250.497017892645,0.8985045756397928
360471098005,360471098005,Block Group 5; Census Tract 1098; Kings County; New York,Brooklyn,1361,431,394,0.91415313225058,411,217,0.5279805352798054,307,0.2255694342395297,152,0.1116825863335782,24,0.017634092578986,1134,0.8332108743570904,40,0.02939015429831,62,0.0455547391623806,58,0.1345707656612529,36047109800,2257,652,0.2888790429774036,2348,215,0.0915672913117546,2348,121,0.0515332197614991,140171,0.140171,9709.569026403466,0.7605961994617978
360470169005,360470169005,Block Group 5; Census Tract 169; Kings County; New York,Brooklyn,286,208,180,0.8653846153846154,228,129,0.5657894736842105,20,0.0699300699300699,0,0.0,170,0.5944055944055944,24,0.0839160839160839,43,0.1503496503496503,0,0.0,15,0.0721153846153846,36047016900,4506,667,0.1480248557478917,4714,285,0.0604582095884599,4714,244,0.0517607127704709,37810,0.03781,7564.136471832848,0.913028156972986
360470232005,360470232005,Block Group 5; Census Tract 232; Kings County; New York,Brooklyn,757,146,120,0.821917808219178,168,51,0.3035714285714285,326,0.4306472919418758,38,0.0501981505944517,481,0.6354029062087186,0,0.0,276,0.3645970937912813,0,0.0,79,0.541095890410959,36047023200,6610,2475,0.3744326777609682,6610,269,0.0406959152798789,6610,44,0.0066565809379727,37726,0.037726,20065.73715739808,0.832152346565801
360470261005,360470261005,Block Group 5; Census Tract 261; Kings County; New York,Brooklyn,1924,813,813,1.0,1093,302,0.2763037511436413,412,0.2141372141372141,0,0.0,317,0.1647609147609147,527,0.2739085239085239,78,0.0405405405405405,981,0.5098752598752598,0,0.0,36047026100,5728,1657,0.2892807262569832,5741,730,0.1271555478139697,5741,517,0.0900539975614004,39883,0.039883,48241.10523280595,0.9109855678484616
360470286005,360470286005,Block Group 5; Census Tract 286; Kings County; New York,Brooklyn,1261,351,268,0.7635327635327636,294,103,0.3503401360544217,558,0.4425059476605868,141,0.1118160190325138,726,0.5757335448057097,24,0.0190325138778747,473,0.3750991276764472,0,0.0,259,0.7378917378917379,36047028600,5092,2224,0.436763550667714,5092,1001,0.1965828750981932,5092,301,0.0591123330714846,51138,0.051138,24658.766475028355,0.5677767776223318
360470003015,360470003015,Block Group 5; Census Tract 3.01; Kings County; New York,Brooklyn,493,280,120,0.4285714285714285,264,42,0.1590909090909091,67,0.1359026369168357,243,0.4929006085192697,459,0.9310344827586208,0,0.0,0,0.0,34,0.0689655172413793,0,0.0,36047000301,4384,227,0.0517791970802919,4501,366,0.0813152632748278,4501,86,0.0191068651410797,71382,0.071382,6906.503039982068,0.874736603911906
360470300005,360470300005,Block Group 5; Census Tract 300; Kings County; New York,Brooklyn,374,115,59,0.5130434782608696,188,104,0.5531914893617021,52,0.1390374331550802,38,0.1016042780748663,15,0.0401069518716577,0,0.0,259,0.6925133689839572,68,0.1818181818181818,17,0.1478260869565217,36047030000,4165,765,0.1836734693877551,4165,377,0.090516206482593,4165,320,0.0768307322929171,32952,0.032952,11349.842194707451,0.8808655986733893
360470314015,360470314015,Block Group 5; Census Tract 314.01; Kings County; New York,Brooklyn,1519,539,358,0.6641929499072357,828,371,0.4480676328502415,204,0.1342988808426596,300,0.1974983541803818,526,0.3462804476629361,0,0.0,479,0.315339038841343,514,0.3383805134957208,91,0.1688311688311688,36047031401,4910,501,0.1020366598778004,4910,766,0.1560081466395112,4910,468,0.095315682281059,48008,0.048008,31640.559906682214,0.744901018644914
360470326005,360470326005,Block Group 5; Census Tract 326; Kings County; New York,Brooklyn,1911,676,63,0.0931952662721893,1112,153,0.1375899280575539,419,0.2192569335426478,18,0.0094191522762951,45,0.0235478806907378,148,0.0774463631606488,783,0.4097331240188383,810,0.423861852433281,8,0.0118343195266272,36047032600,10436,3568,0.3418934457646608,10522,1176,0.111765823987835,10522,376,0.0357346512069948,94023,0.094023,20324.81414122077,0.7848354409240074
360470336005,360470336005,Block Group 5; Census Tract 336; Kings County; New York,Brooklyn,1927,579,381,0.6580310880829016,760,130,0.1710526315789473,746,0.3871302542812662,341,0.1769590036325895,1644,0.8531395952257395,90,0.0467047223663726,80,0.0415153087701089,113,0.0586403736377789,282,0.4870466321243523,36047033600,4674,499,0.1067608044501497,4757,500,0.1051082615093546,4757,202,0.0424637376497792,220253,0.220253,8749.029525137,0.3435858825335484
360470371005,360470371005,Block Group 5; Census Tract 371; Kings County; New York,Brooklyn,394,215,182,0.8465116279069768,250,129,0.516,37,0.0939086294416243,64,0.1624365482233502,0,0.0,314,0.7969543147208121,11,0.0279187817258883,52,0.1319796954314721,52,0.241860465116279,36047037100,4244,812,0.1913289349670122,4309,266,0.0617312601531677,4309,258,0.0598746809004409,39887,0.039887,9877.905081856245,0.8718672959935423
360470374015,360470374015,Block Group 5; Census Tract 374.01; Kings County; New York,Brooklyn,1425,721,665,0.9223300970873788,520,187,0.3596153846153846,217,0.1522807017543859,364,0.2554385964912281,1066,0.7480701754385964,37,0.0259649122807017,136,0.095438596491228,186,0.1305263157894736,441,0.6116504854368932,36047037401,4758,758,0.1593106347204707,4758,921,0.1935687263556116,4758,151,0.0317360235393022,55521,0.055521,25665.964229750905,0.9209005464748488
360470482005,360470482005,Block Group 5; Census Tract 482; Kings County; New York,Brooklyn,358,74,14,0.1891891891891892,126,77,0.6111111111111112,34,0.0949720670391061,135,0.3770949720670391,252,0.7039106145251397,22,0.0614525139664804,0,0.0,63,0.1759776536312849,0,0.0,36047048200,5580,1095,0.1962365591397849,5553,638,0.1148928507113272,5553,235,0.0423194669547992,40685,0.040685,8799.311785670394,0.8099970630349642
360470523005,360470523005,Block Group 5; Census Tract 523; Kings County; New York,Brooklyn,301,209,209,1.0,161,73,0.453416149068323,0,0.0,89,0.2956810631229236,161,0.5348837209302325,24,0.0797342192691029,11,0.0365448504983388,105,0.3488372093023256,28,0.1339712918660287,36047052300,5077,1338,0.2635414614930076,5077,701,0.1380736655505219,5077,398,0.0783927516249753,20187,0.020187,14910.586020706394,0.6023003929087402
360470527005,360470527005,Block Group 5; Census Tract 527; Kings County; New York,Brooklyn,543,286,286,1.0,295,126,0.4271186440677966,77,0.141804788213628,112,0.2062615101289134,260,0.4788213627992633,0,0.0,0,0.0,283,0.5211786372007366,90,0.3146853146853147,36047052700,5536,1363,0.2462066473988439,5548,1107,0.1995313626532083,5548,214,0.0385724585436193,34580,0.03458,15702.718334297282,0.9012913480075792
360470533005,360470533005,Block Group 5; Census Tract 533; Kings County; New York,Brooklyn,1113,242,182,0.7520661157024794,417,53,0.1270983213429256,514,0.4618149146451033,53,0.0476190476190476,1111,0.9982030548068284,0,0.0,0,0.0,0,0.0,68,0.2809917355371901,36047053300,6421,2933,0.4567824326428905,6551,555,0.0847198900931155,6551,312,0.0476263165928865,60272,0.060272,18466.286169365543,0.8693016945461236
360470545005,360470545005,Block Group 5; Census Tract 545; Kings County; New York,Brooklyn,3811,1311,1311,1.0,1051,918,0.873453853472883,1507,0.395434269220677,404,0.1060089215429021,175,0.0459197061138808,2854,0.7488848071372344,0,0.0,782,0.2051954867488848,166,0.1266209000762776,36047054500,8349,2858,0.3423164450832435,8349,840,0.1006108515989939,8349,131,0.0156905018565097,32719,0.032719,116476.6649347474,0.8479007314854421
360470600005,360470600005,Block Group 5; Census Tract 600; Kings County; New York,Brooklyn,780,361,299,0.8282548476454293,177,36,0.2033898305084746,228,0.2923076923076923,336,0.4307692307692308,613,0.7858974358974359,12,0.0153846153846153,37,0.0474358974358974,68,0.0871794871794871,202,0.5595567867036011,36047060000,6451,1027,0.1592001240117811,6451,625,0.0968842039993799,6451,161,0.0249573709502402,69896,0.069896,11159.436877646787,0.950428458092372
360470610045,360470610045,Block Group 5; Census Tract 610.04; Kings County; New York,Brooklyn,1016,676,647,0.9571005917159764,320,172,0.5375,13,0.0127952755905511,456,0.4488188976377952,918,0.903543307086614,56,0.0551181102362204,35,0.0344488188976378,0,0.0,417,0.6168639053254438,36047061004,5278,1155,0.2188328912466843,5278,1390,0.2633573323228496,5278,340,0.0644183402804092,65937,0.065937,15408.647648512975,0.8678914948577933
360470065005,360470065005,Block Group 5; Census Tract 65; Kings County; New York,Brooklyn,694,215,107,0.4976744186046511,204,27,0.1323529411764706,211,0.3040345821325648,186,0.2680115273775216,507,0.7305475504322767,3,0.0043227665706051,0,0.0,152,0.2190201729106628,0,0.0,36047006500,6089,241,0.0395795697158811,6089,241,0.0395795697158811,6089,76,0.0124815240597799,33380,0.03338,20790.89275014979,0.8919650148858174
360470067005,360470067005,Block Group 5; Census Tract 67; Kings County; New York,Brooklyn,812,298,222,0.7449664429530202,431,152,0.3526682134570765,163,0.2007389162561576,84,0.1034482758620689,457,0.562807881773399,11,0.0135467980295566,86,0.105911330049261,138,0.1699507389162561,0,0.0,36047006700,4032,154,0.0381944444444444,4032,304,0.0753968253968253,4032,86,0.021329365079365,36435,0.036435,22286.26320845341,0.891771155386201
360470702015,360470702015,Block Group 5; Census Tract 702.01; Kings County; New York,Brooklyn,1770,615,85,0.1382113821138211,721,136,0.188626907073509,490,0.2768361581920904,504,0.2847457627118644,1416,0.8,0,0.0,231,0.1305084745762711,0,0.0,36,0.0585365853658536,36047070201,6531,261,0.0399632521819017,6531,813,0.1244832338079926,6531,265,0.0405757158168733,203867,0.203867,8682.130997169723,0.4323938115194946
360470075005,360470075005,Block Group 5; Census Tract 75; Kings County; New York,Brooklyn,532,256,256,1.0,301,144,0.4784053156146179,38,0.0714285714285714,165,0.3101503759398496,286,0.5375939849624061,0,0.0,71,0.1334586466165413,149,0.2800751879699248,0,0.0,36047007500,4766,796,0.1670163659253042,4766,353,0.0740663029794376,4766,300,0.0629458665547629,41263,0.041263,12892.90647795846,0.8446602030043324
360470890005,360470890005,Block Group 5; Census Tract 890; Kings County; New York,Brooklyn,996,353,353,1.0,652,492,0.754601226993865,140,0.1405622489959839,69,0.0692771084337349,0,0.0,996,1.0,0,0.0,0,0.0,0,0.0,36047089000,7122,1472,0.2066835158663297,7122,1123,0.1576804268463914,7122,756,0.1061499578770008,40525,0.040525,24577.42134484886,0.9617469430686444
360470900005,360470900005,Block Group 5; Census Tract 900; Kings County; New York,Brooklyn,1809,614,567,0.9234527687296415,245,192,0.7836734693877551,672,0.3714759535655058,219,0.12106135986733,0,0.0,1507,0.8330569375345495,0,0.0,290,0.1603095632946379,41,0.0667752442996742,36047090000,4964,2631,0.5300161160354553,4964,746,0.1502820306204673,4964,177,0.0356567284448025,32667,0.032667,55376.985949122965,0.9220732137555868
360470902005,360470902005,Block Group 5; Census Tract 902; Kings County; New York,Brooklyn,439,181,138,0.7624309392265194,126,73,0.5793650793650794,61,0.1389521640091116,174,0.3963553530751708,9,0.020501138952164,380,0.8656036446469249,0,0.0,39,0.0888382687927107,20,0.1104972375690607,36047090200,3929,1651,0.4202087045049631,4017,594,0.1478715459297983,4017,339,0.0843913368185212,68604,0.068604,6399.043787534255,0.8633271188642568
360470159006,360470159006,Block Group 6; Census Tract 159; Kings County; New York,Brooklyn,986,652,446,0.6840490797546013,645,252,0.3906976744186046,88,0.0892494929006085,327,0.3316430020283976,518,0.5253549695740365,195,0.1977687626774847,70,0.0709939148073022,17,0.0172413793103448,13,0.0199386503067484,36047015900,5358,262,0.0488988428518103,5376,247,0.0459449404761904,5376,27,0.0050223214285714,36394,0.036394,27092.377864483155,0.8993147330245649
360470314016,360470314016,Block Group 6; Census Tract 314.01; Kings County; New York,Brooklyn,453,139,84,0.60431654676259,184,68,0.3695652173913043,143,0.3156732891832229,24,0.0529801324503311,258,0.5695364238410596,0,0.0,151,0.3333333333333333,19,0.0419426048565121,0,0.0,36047031401,4910,501,0.1020366598778004,4910,766,0.1560081466395112,4910,468,0.095315682281059,56215,0.056215,8058.347416170061,0.6077344610255591
360470527006,360470527006,Block Group 6; Census Tract 527; Kings County; New York,Brooklyn,899,436,436,1.0,514,377,0.7334630350194552,209,0.2324805339265851,66,0.0734149054505005,327,0.3637374860956618,21,0.0233592880978865,51,0.0567296996662958,500,0.5561735261401557,98,0.2247706422018348,36047052700,5536,1363,0.2462066473988439,5548,1107,0.1995313626532083,5548,214,0.0385724585436193,21489,0.021489,41835.357624831304,0.9713462776334844
360470545006,360470545006,Block Group 6; Census Tract 545; Kings County; New York,Brooklyn,1200,398,398,1.0,214,65,0.3037383177570093,368,0.3066666666666666,289,0.2408333333333333,660,0.55,344,0.2866666666666667,21,0.0175,175,0.1458333333333333,0,0.0,36047054500,8349,2858,0.3423164450832435,8349,840,0.1006108515989939,8349,131,0.0156905018565097,38014,0.038014,31567.317304151104,0.6358076492664524
360470065006,360470065006,Block Group 6; Census Tract 65; Kings County; New York,Brooklyn,1477,638,367,0.5752351097178683,1023,515,0.5034213098729228,353,0.2389979688557887,80,0.0541638456330399,1210,0.8192281651997292,58,0.0392687880839539,10,0.0067704807041299,35,0.0236966824644549,0,0.0,36047006500,6089,241,0.0395795697158811,6089,241,0.0395795697158811,6089,76,0.0124815240597799,52647,0.052647,28054.779949474803,0.8115806132281407
360470890006,360470890006,Block Group 6; Census Tract 890; Kings County; New York,Brooklyn,910,143,143,1.0,43,43,1.0,0,0.0,610,0.6703296703296703,99,0.1087912087912088,667,0.7329670329670329,15,0.0164835164835164,124,0.1362637362637362,65,0.4545454545454545,36047089000,7122,1472,0.2066835158663297,7122,1123,0.1576804268463914,7122,756,0.1061499578770008,58508,0.058508,15553.42859096192,0.9442923393203896
360470900006,360470900006,Block Group 6; Census Tract 900; Kings County; New York,Brooklyn,415,172,115,0.6686046511627907,202,173,0.8564356435643564,0,0.0,65,0.1566265060240964,0,0.0,415,1.0,0,0.0,0,0.0,0,0.0,36047090000,4964,2631,0.5300161160354553,4964,746,0.1502820306204673,4964,177,0.0356567284448025,31461,0.031461,13190.9348081752,0.9216990275159
360470527007,360470527007,Block Group 7; Census Tract 527; Kings County; New York,Brooklyn,590,321,287,0.8940809968847352,283,40,0.1413427561837456,0,0.0,151,0.2559322033898305,34,0.0576271186440678,0,0.0,0,0.0,556,0.9423728813559322,0,0.0,36047052700,5536,1363,0.2462066473988439,5548,1107,0.1995313626532083,5548,214,0.0385724585436193,22745,0.022745,25939.76698175423,0.8152683043980036
360470065007,360470065007,Block Group 7; Census Tract 65; Kings County; New York,Brooklyn,650,343,298,0.8688046647230321,549,198,0.360655737704918,77,0.1184615384615384,0,0.0,526,0.8092307692307692,0,0.0,50,0.0769230769230769,0,0.0,0,0.0,36047006500,6089,241,0.0395795697158811,6089,241,0.0395795697158811,6089,76,0.0124815240597799,39226,0.039226,16570.64192117473,0.814686771797947
360470900007,360470900007,Block Group 7; Census Tract 900; Kings County; New York,Brooklyn,329,139,139,1.0,135,97,0.7185185185185186,72,0.2188449848024316,21,0.0638297872340425,0,0.0,291,0.8844984802431611,0,0.0,38,0.1155015197568389,0,0.0,36047090000,4964,2631,0.5300161160354553,4964,746,0.1502820306204673,4964,177,0.0356567284448025,25094,0.025094,13110.70375388539,0.844833328537819
