GEOID_TEXT,GEOID,NAME,borough,total_population,total_households,no_vehicle_households,no_vehicle_rate,total_workers_16_plus,public_transit_workers,public_transit_commute_rate,under_18_population,under_18_rate,age_65_plus_population,age_65_plus_rate,white_non_hispanic_population,white_non_hispanic_rate,black_non_hispanic_population,black_non_hispanic_rate,asian_non_hispanic_population,asian_non_hispanic_rate,hispanic_population,hispanic_rate,limited_english_households,limited_english_rate,TRACT_GEOID,tract_poverty_universe,tract_below_poverty_population,tract_poverty_rate,tract_disability_universe,tract_disabled_population,tract_disability_rate,tract_insurance_universe,tract_uninsured_population,tract_uninsured_rate,ALAND,land_area_sq_km,population_density_per_sq_km,ewm_accessibility_score
360610010011,360610010011,Block Group 1; Census Tract 10.01; New York County; New York,Manhattan,1745,812,472,0.5812807881773399,983,349,0.3550356052899288,329,0.188538681948424,334,0.191404011461318,997,0.5713467048710602,52,0.0297994269340974,204,0.1169054441260745,323,0.1851002865329513,32,0.0394088669950738,36061001001,1745,69,0.0395415472779369,1745,109,0.0624641833810888,1745,0,0.0,80143,0.080143,21773.579726239343,0.7315615313739071
360610010021,360610010021,Block Group 1; Census Tract 10.02; New York County; New York,Manhattan,2335,783,783,1.0,591,324,0.5482233502538071,683,0.2925053533190578,262,0.1122055674518201,57,0.0244111349036402,219,0.0937901498929336,66,0.0282655246252676,1736,0.7434689507494646,95,0.1213282247765006,36061001002,6494,3097,0.4769017554665845,6513,1092,0.1676646706586826,6513,321,0.0492860432980193,40446,0.040446,57731.29604905305,0.672498024069544
360610100001,360610100001,Block Group 1; Census Tract 100; New York County; New York,Manhattan,361,217,183,0.8433179723502304,246,25,0.1016260162601626,40,0.1108033240997229,67,0.185595567867036,227,0.628808864265928,4,0.0110803324099723,63,0.1745152354570637,41,0.113573407202216,0,0.0,36061010000,1618,122,0.0754017305315204,1618,90,0.0556242274412855,1618,64,0.0395550061804697,86975,0.086975,4150.617993676344,0.6629432906839972
360610101001,360610101001,Block Group 1; Census Tract 101; New York County; New York,Manhattan,1862,1169,1169,1.0,1325,577,0.4354716981132076,0,0.0,125,0.0671321160042964,690,0.3705692803437164,246,0.1321160042964554,659,0.3539205155746509,233,0.1251342642320086,129,0.1103507271171941,36061010100,1862,350,0.18796992481203,1862,146,0.0784103114930182,1862,85,0.0456498388829215,175520,0.17552,10608.477666362807,0.9509346801508674
360610102001,360610102001,Block Group 1; Census Tract 102; New York County; New York,Manhattan,46,21,0,0.0,46,46,1.0,0,0.0,0,0.0,21,0.4565217391304347,25,0.5434782608695652,0,0.0,0,0.0,0,0.0,36061010200,267,11,0.0411985018726591,262,3,0.0114503816793893,262,5,0.0190839694656488,86526,0.086526,531.632110579479,0.588774161506211
360610103001,360610103001,Block Group 1; Census Tract 103; New York County; New York,Manhattan,2981,1277,1272,0.9960845732184808,1881,802,0.4263689526847422,122,0.0409258638040925,249,0.0835290171083529,1383,0.4639382757463938,289,0.0969473331096947,867,0.2908419993290842,274,0.0919154646091915,151,0.1182458888018794,36061010300,2761,101,0.0365809489315465,3410,44,0.0129032258064516,3410,76,0.0222873900293255,107858,0.107858,27638.19095477387,0.815400313283499
360610104001,360610104001,Block Group 1; Census Tract 104; New York County; New York,Manhattan,1058,596,537,0.901006711409396,672,141,0.2098214285714285,27,0.0255198487712665,290,0.2741020793950851,693,0.6550094517958412,13,0.0122873345935727,265,0.2504725897920605,41,0.0387523629489603,25,0.0419463087248322,36061010400,1057,26,0.0245979186376537,1058,93,0.0879017013232514,1058,11,0.0103969754253308,173230,0.17323,6107.487155804422,0.6895736632656371
360610106011,360610106011,Block Group 1; Census Tract 106.01; New York County; New York,Manhattan,1103,511,256,0.5009784735812133,608,51,0.0838815789473684,257,0.2330009066183136,432,0.3916591115140526,819,0.742520398912058,0,0.0,80,0.0725294650951949,122,0.1106074342701722,0,0.0,36061010601,7753,273,0.0352121759318973,7753,645,0.0831936024764607,7753,33,0.0042564168708886,17441,0.017441,63241.78659480534,0.8289355629052183
360610106021,360610106021,Block Group 1; Census Tract 106.02; New York County; New York,Manhattan,1504,733,483,0.6589358799454298,825,183,0.2218181818181818,228,0.151595744680851,387,0.257313829787234,1195,0.7945478723404256,0,0.0,160,0.1063829787234042,39,0.0259308510638297,0,0.0,36061010602,5199,462,0.0888632429313329,5214,263,0.0504411200613732,5214,88,0.0168776371308016,17123,0.017123,87835.07562927058,0.9090453420903672
360610108011,360610108011,Block Group 1; Census Tract 108.01; New York County; New York,Manhattan,1463,800,713,0.89125,873,216,0.2474226804123711,200,0.1367053998632946,343,0.2344497607655502,818,0.5591250854408749,86,0.0587833219412166,236,0.1613123718386876,45,0.0307587149692412,18,0.0225,36061010801,3013,205,0.0680384998340524,3160,303,0.095886075949367,3160,79,0.025,34347,0.034347,42594.69531545695,0.8432358822037485
360610108021,360610108021,Block Group 1; Census Tract 108.02; New York County; New York,Manhattan,1823,1034,942,0.9110251450676984,1074,173,0.1610800744878957,45,0.0246845858475041,832,0.4563905650027427,1453,0.7970378496982995,0,0.0,296,0.1623697202413604,43,0.0235874931431705,89,0.086073500967118,36061010802,4136,383,0.0926015473887814,4136,310,0.0749516441005802,4136,0,0.0,25321,0.025321,71995.57679396549,0.8509160638890217
360610108031,360610108031,Block Group 1; Census Tract 108.03; New York County; New York,Manhattan,1129,639,579,0.9061032863849764,704,254,0.3607954545454545,173,0.1532329495128432,203,0.1798051372896368,777,0.6882196634189548,112,0.0992028343666961,188,0.16651904340124,32,0.0283436669619132,9,0.0140845070422535,36061010803,1922,105,0.054630593132154,1922,128,0.0665972944849115,1922,48,0.0249739854318418,35833,0.035833,31507.269835068237,0.8475109370943725
360610109001,360610109001,Block Group 1; Census Tract 109; New York County; New York,Manhattan,208,113,111,0.9823008849557522,151,24,0.1589403973509933,0,0.0,11,0.0528846153846153,99,0.4759615384615384,37,0.1778846153846154,47,0.2259615384615384,14,0.0673076923076923,3,0.0265486725663716,36061010900,208,59,0.2836538461538461,208,5,0.0240384615384615,208,3,0.0144230769230769,175741,0.175741,1183.5598978041548,0.5957340266464507
360610110001,360610110001,Block Group 1; Census Tract 110; New York County; New York,Manhattan,1138,447,446,0.9977628635346756,469,194,0.4136460554371002,439,0.3857644991212653,173,0.1520210896309314,618,0.5430579964850615,0,0.0,12,0.0105448154657293,508,0.4463971880492091,0,0.0,36061011000,6760,110,0.0162721893491124,6760,473,0.0699704142011834,6760,38,0.0056213017751479,17106,0.017106,66526.36501812229,0.8812380438929769
360610111001,360610111001,Block Group 1; Census Tract 111; New York County; New York,Manhattan,2370,1185,1125,0.9493670886075948,1557,542,0.3481053307642903,243,0.1025316455696202,142,0.0599156118143459,1027,0.4333333333333333,330,0.1392405063291139,654,0.2759493670886076,291,0.1227848101265822,221,0.1864978902953586,36061011100,4695,705,0.1501597444089457,4711,476,0.101040118870728,4711,292,0.0619825939291021,87690,0.08769,27027.027027027027,0.606375911747238
360610112011,360610112011,Block Group 1; Census Tract 112.01; New York County; New York,Manhattan,862,516,508,0.9844961240310076,436,129,0.2958715596330275,82,0.0951276102088167,212,0.2459396751740139,583,0.6763341067285383,0,0.0,157,0.1821345707656612,79,0.0916473317865429,6,0.0116279069767441,36061011201,862,119,0.1380510440835266,862,102,0.1183294663573085,862,8,0.0092807424593967,79536,0.079536,10837.85958559646,0.7135513121552237
360610112021,360610112021,Block Group 1; Census Tract 112.02; New York County; New York,Manhattan,518,313,224,0.7156549520766773,270,33,0.1222222222222222,26,0.0501930501930501,314,0.6061776061776062,418,0.806949806949807,0,0.0,37,0.0714285714285714,5,0.0096525096525096,0,0.0,36061011202,518,13,0.025096525096525,518,40,0.0772200772200772,518,10,0.0193050193050193,78008,0.078008,6640.344580043073,0.5940046191705706
360610112031,360610112031,Block Group 1; Census Tract 112.03; New York County; New York,Manhattan,584,355,345,0.971830985915493,338,111,0.3284023668639053,61,0.1044520547945205,141,0.2414383561643835,338,0.5787671232876712,0,0.0,130,0.2226027397260274,7,0.011986301369863,15,0.0422535211267605,36061011203,986,38,0.0385395537525354,986,81,0.0821501014198783,986,14,0.0141987829614604,38738,0.038738,15075.63632608808,0.8577369635638978
360610113001,360610113001,Block Group 1; Census Tract 113; New York County; New York,Manhattan,136,49,35,0.7142857142857143,56,22,0.3928571428571428,0,0.0,18,0.1323529411764706,33,0.2426470588235294,42,0.3088235294117647,29,0.213235294117647,26,0.1911764705882352,7,0.1428571428571428,36061011300,136,74,0.5441176470588235,136,25,0.1838235294117647,136,5,0.0367647058823529,175653,0.175653,774.2537844500237,0.7186603280101568
360610114011,360610114011,Block Group 1; Census Tract 114.01; New York County; New York,Manhattan,502,327,291,0.8899082568807339,144,16,0.1111111111111111,67,0.1334661354581673,260,0.5179282868525896,374,0.7450199203187251,4,0.0079681274900398,99,0.197211155378486,9,0.0179282868525896,10,0.0305810397553516,36061011401,1026,197,0.1920077972709551,1026,111,0.1081871345029239,1026,2,0.0019493177387914,49390,0.04939,10164.00080988054,0.6863877227004693
360610114021,360610114021,Block Group 1; Census Tract 114.02; New York County; New York,Manhattan,1433,716,545,0.7611731843575419,852,443,0.5199530516431925,176,0.1228192602930914,441,0.3077459874389393,1112,0.7759944173063503,19,0.0132588974180041,176,0.1228192602930914,117,0.0816468946266573,3,0.0041899441340782,36061011402,2298,76,0.0330722367275892,2298,284,0.1235857267188859,2298,23,0.0100087032201914,49160,0.04916,29149.715215622455,0.7834424429658946
360610115001,360610115001,Block Group 1; Census Tract 115; New York County; New York,Manhattan,1421,758,691,0.9116094986807388,957,303,0.3166144200626959,68,0.047853624208304,119,0.083743842364532,421,0.2962702322308234,111,0.0781140042223786,570,0.4011259676284306,302,0.2125263898662913,50,0.0659630606860158,36061011500,3910,781,0.1997442455242966,3947,352,0.0891816569546491,3947,238,0.060298961236382,87821,0.087821,16180.64016579178,0.7230913734418147
360610116001,360610116001,Block Group 1; Census Tract 116; New York County; New York,Manhattan,627,334,311,0.9311377245508982,282,82,0.2907801418439716,42,0.0669856459330143,7,0.011164274322169,348,0.5550239234449761,46,0.0733652312599681,137,0.2185007974481658,96,0.1531100478468899,0,0.0,36061011600,2607,316,0.1212121212121212,2710,369,0.1361623616236162,2710,24,0.0088560885608856,160959,0.160959,3895.401934654167,0.9421580721816762
360610117001,360610117001,Block Group 1; Census Tract 117; New York County; New York,Manhattan,1440,930,930,1.0,1141,419,0.3672217353198948,0,0.0,58,0.0402777777777777,690,0.4791666666666667,111,0.0770833333333333,284,0.1972222222222222,164,0.1138888888888888,0,0.0,36061011700,5363,485,0.090434458325564,5363,297,0.055379451799366,5363,249,0.0464292373671452,87124,0.087124,16528.16675083789,0.7796873673036834
360610118001,360610118001,Block Group 1; Census Tract 118; New York County; New York,Manhattan,1680,959,478,0.4984358706986444,616,145,0.2353896103896104,333,0.1982142857142857,534,0.3178571428571428,1483,0.8827380952380952,36,0.0214285714285714,161,0.0958333333333333,0,0.0,43,0.0448383733055265,36061011800,9264,676,0.0729706390328152,9264,1485,0.1602979274611398,9264,56,0.0060449050086355,17510,0.01751,95945.17418617933,0.7981942426935109
360610119001,360610119001,Block Group 1; Census Tract 119; New York County; New York,Manhattan,435,362,362,1.0,79,31,0.3924050632911392,22,0.0505747126436781,311,0.7149425287356321,127,0.2919540229885057,201,0.4620689655172413,6,0.0137931034482758,65,0.1494252873563218,37,0.1022099447513812,36061011900,1319,604,0.4579226686884003,1352,623,0.4607988165680473,1352,50,0.03698224852071,88724,0.088724,4902.844777061449,0.6755312562403024
360610120001,360610120001,Block Group 1; Census Tract 120; New York County; New York,Manhattan,679,388,373,0.961340206185567,199,96,0.4824120603015075,158,0.2326951399116347,302,0.4447717231222385,513,0.7555228276877761,0,0.0,131,0.1929307805596465,18,0.0265095729013254,0,0.0,36061012000,3489,280,0.0802522212668386,3489,280,0.0802522212668386,3489,16,0.0045858412152479,24806,0.024806,27372.409900830444,0.7476747766127381
360610121011,360610121011,Block Group 1; Census Tract 121.01; New York County; New York,Manhattan,967,567,547,0.964726631393298,819,199,0.2429792429792429,19,0.0196483971044467,35,0.0361944157187176,417,0.4312306101344364,85,0.0879007238883143,85,0.0879007238883143,198,0.2047569803516029,0,0.0,36061012101,3207,945,0.29466791393826,3207,349,0.1088244465232304,3207,219,0.0682881197380729,45262,0.045262,21364.50002209359,0.7116319043733472
360610121021,360610121021,Block Group 1; Census Tract 121.02; New York County; New York,Manhattan,1895,1258,1258,1.0,1146,285,0.2486910994764398,27,0.0142480211081794,891,0.4701846965699208,1192,0.629023746701847,41,0.0216358839050131,158,0.083377308707124,302,0.1593667546174142,111,0.088235294117647,36061012102,4984,536,0.1075441412520064,5029,1350,0.2684430304235434,5029,88,0.0174985086498309,27668,0.027668,68490.67514818562,0.758597614543967
360610122001,360610122001,Block Group 1; Census Tract 122; New York County; New York,Manhattan,707,396,278,0.702020202020202,435,125,0.2873563218390804,24,0.0339462517680339,308,0.4356435643564356,613,0.867043847241867,0,0.0,32,0.0452616690240452,62,0.0876944837340877,0,0.0,36061012200,3103,65,0.0209474701901385,3103,297,0.0957138253303254,3103,0,0.0,49456,0.049456,14295.535425428665,0.723325055927994
360610124001,360610124001,Block Group 1; Census Tract 124; New York County; New York,Manhattan,1143,847,847,1.0,886,629,0.7099322799097065,25,0.0218722659667541,78,0.0682414698162729,732,0.6404199475065617,56,0.0489938757655293,127,0.1111111111111111,175,0.153105861767279,28,0.0330578512396694,36061012400,8258,445,0.0538871397432792,8670,722,0.083275663206459,8670,142,0.0163783160322952,38419,0.038419,29750.904500377415,0.8898768830292996
360610125001,360610125001,Block Group 1; Census Tract 125; New York County; New York,Manhattan,385,122,122,1.0,196,44,0.2244897959183673,53,0.1376623376623376,23,0.0597402597402597,238,0.6181818181818182,79,0.2051948051948052,16,0.0415584415584415,52,0.135064935064935,0,0.0,36061012500,2680,324,0.1208955223880597,2680,245,0.0914179104477612,2680,161,0.0600746268656716,87176,0.087176,4416.353124713223,0.8077103167603293
360610126011,360610126011,Block Group 1; Census Tract 126.01; New York County; New York,Manhattan,546,360,302,0.8388888888888889,353,166,0.4702549575070821,52,0.0952380952380952,159,0.2912087912087912,353,0.6465201465201466,0,0.0,193,0.3534798534798535,0,0.0,0,0.0,36061012601,7014,308,0.0439121756487025,7014,534,0.0761334473909324,7014,70,0.0099800399201596,19837,0.019837,27524.323234360032,0.6159391013979721
360610126021,360610126021,Block Group 1; Census Tract 126.02; New York County; New York,Manhattan,1690,924,821,0.8885281385281385,962,260,0.2702702702702703,231,0.1366863905325444,513,0.3035502958579881,1621,0.959171597633136,0,0.0,8,0.0047337278106508,47,0.0278106508875739,0,0.0,36061012602,4980,118,0.0236947791164658,4980,280,0.0562248995983935,4980,0,0.0,36168,0.036168,46726.38796726388,0.8012835586595332
360610127001,360610127001,Block Group 1; Census Tract 127; New York County; New York,Manhattan,724,490,490,1.0,617,219,0.3549432739059968,0,0.0,54,0.074585635359116,538,0.7430939226519337,0,0.0,99,0.1367403314917127,0,0.0,0,0.0,36061012700,6307,709,0.1124147772316473,6307,840,0.1331853496115427,6307,356,0.0564452195972728,21763,0.021763,33267.47231539769,0.6624180486819441
360610128001,360610128001,Block Group 1; Census Tract 128; New York County; New York,Manhattan,1500,695,534,0.7683453237410072,838,179,0.2136038186157517,237,0.158,452,0.3013333333333333,1217,0.8113333333333334,2,0.0013333333333333,68,0.0453333333333333,207,0.138,15,0.0215827338129496,36061012800,5163,161,0.031183420491962,5163,413,0.0799922525663374,5163,56,0.0108464071276389,37374,0.037374,40134.85310643764,0.8697430854521249
360610129011,360610129011,Block Group 1; Census Tract 129.01; New York County; New York,Manhattan,3060,1318,1015,0.7701062215477997,2063,1091,0.5288414929714008,550,0.1797385620915032,96,0.0313725490196078,1419,0.4637254901960784,156,0.0509803921568627,773,0.2526143790849673,418,0.1366013071895424,27,0.0204855842185129,36061012901,6762,526,0.0777876367938479,6806,288,0.0423156038789303,6806,67,0.0098442550690567,23511,0.023511,130151.84381778742,0.7716281813547027
360610129021,360610129021,Block Group 1; Census Tract 129.02; New York County; New York,Manhattan,1438,582,582,1.0,739,311,0.4208389715832206,311,0.2162726008344923,103,0.0716272600834492,333,0.2315716272600834,229,0.1592489568845619,301,0.2093184979137691,429,0.2983310152990264,16,0.0274914089347079,36061012902,2383,451,0.1892572387746538,2594,126,0.0485736314572089,2594,161,0.0620663068619892,43691,0.043691,32912.95690187911,0.8108136617561054
360610012001,360610012001,Block Group 1; Census Tract 12; New York County; New York,Manhattan,1194,583,583,1.0,467,322,0.6895074946466809,128,0.1072026800670016,496,0.4154103852596315,218,0.1825795644891122,45,0.0376884422110552,345,0.2889447236180904,583,0.4882747068676717,277,0.4751286449399657,36061001200,4124,498,0.120756547041707,4124,560,0.1357904946653734,4124,79,0.0191561590688651,47666,0.047666,25049.301388830612,0.7571369381020654
360610130001,360610130001,Block Group 1; Census Tract 130; New York County; New York,Manhattan,455,177,131,0.7401129943502824,253,0,0.0,136,0.2989010989010989,62,0.1362637362637362,314,0.6901098901098901,9,0.0197802197802197,41,0.0901098901098901,91,0.2,0,0.0,36061013000,3311,381,0.1150709755360918,3336,416,0.1247002398081534,3336,45,0.0134892086330935,37592,0.037592,12103.639072143009,0.8426444859682578
360610131001,360610131001,Block Group 1; Census Tract 131; New York County; New York,Manhattan,1658,1090,1090,1.0,1078,400,0.3710575139146567,15,0.0090470446320868,387,0.2334137515078407,742,0.4475271411338962,176,0.106151990349819,303,0.1827503015681544,259,0.1562123039806996,169,0.155045871559633,36061013100,3470,313,0.0902017291066282,3485,458,0.1314203730272596,3485,92,0.0263988522238163,65471,0.065471,25324.18933573643,0.7456002267827574
360610132011,360610132011,Block Group 1; Census Tract 132.01; New York County; New York,Manhattan,732,422,422,1.0,514,344,0.669260700389105,41,0.0560109289617486,76,0.1038251366120218,521,0.7117486338797814,48,0.0655737704918032,74,0.1010928961748633,79,0.1079234972677595,12,0.0284360189573459,36061013201,2351,57,0.0242450021267545,2351,348,0.1480221182475542,2351,62,0.0263717566992769,17522,0.017522,41776.052961990645,0.8806533976597111
360610132021,360610132021,Block Group 1; Census Tract 132.02; New York County; New York,Manhattan,2027,1040,964,0.926923076923077,957,312,0.3260188087774294,381,0.1879625061667489,626,0.3088307844104588,1527,0.753330044400592,86,0.0424272323630981,102,0.0503206709422792,247,0.1218549580661075,40,0.0384615384615384,36061013202,3616,447,0.1236172566371681,3616,407,0.1125553097345132,3616,24,0.0066371681415929,44494,0.044494,45556.704274733675,0.942255221894388
360610132031,360610132031,Block Group 1; Census Tract 132.03; New York County; New York,Manhattan,477,461,461,1.0,331,207,0.6253776435045317,0,0.0,102,0.2138364779874214,429,0.89937106918239,29,0.060796645702306,0,0.0,19,0.0398322851153039,19,0.0412147505422993,36061013203,4276,1437,0.3360617399438728,4276,133,0.0311038353601496,4276,144,0.0336763330215154,17532,0.017532,27207.392197125257,0.9421736268413432
360610133001,360610133001,Block Group 1; Census Tract 133; New York County; New York,Manhattan,661,538,538,1.0,608,370,0.6085526315789473,21,0.0317700453857791,0,0.0,265,0.4009077155824508,0,0.0,321,0.4856278366111952,36,0.0544629349470499,0,0.0,36061013300,6146,712,0.1158477058249267,6146,293,0.0476732834363813,6146,285,0.0463716238203709,11858,0.011858,55742.958340360936,0.7422952505928463
360610134001,360610134001,Block Group 1; Census Tract 134; New York County; New York,Manhattan,486,201,201,1.0,481,309,0.6424116424116424,0,0.0,54,0.1111111111111111,225,0.4629629629629629,4,0.0082304526748971,0,0.0,3,0.0061728395061728,0,0.0,36061013400,10399,1010,0.0971247235311087,10475,840,0.0801909307875895,10475,90,0.0085918854415274,17419,0.017419,27900.568344910727,0.8073755859985681
360610135011,360610135011,Block Group 1; Census Tract 135.01; New York County; New York,Manhattan,2027,1116,1116,1.0,1018,665,0.6532416502946955,17,0.0083867784903798,605,0.2984706462752837,939,0.4632461766156882,25,0.0123334977799704,227,0.1119881598421312,721,0.3556980759743463,128,0.1146953405017921,36061013501,4872,396,0.0812807881773399,4854,397,0.0817882159044087,4854,271,0.0558302430984754,70446,0.070446,28773.812565653127,0.8132466809286308
360610135021,360610135021,Block Group 1; Census Tract 135.02; New York County; New York,Manhattan,1382,873,873,1.0,257,70,0.2723735408560311,11,0.0079594790159189,875,0.6331403762662807,568,0.4109985528219971,96,0.0694645441389291,112,0.0810419681620839,575,0.4160636758321273,100,0.1145475372279496,36061013502,5873,1196,0.2036437936318746,5873,804,0.1368976672909926,5873,143,0.024348714455985,21769,0.021769,63484.77192337728,0.8532361872249239
360610136011,360610136011,Block Group 1; Census Tract 136.01; New York County; New York,Manhattan,1979,972,540,0.5555555555555556,1022,250,0.2446183953033268,266,0.1344113188479029,929,0.4694290045477514,1832,0.9257200606366852,0,0.0,79,0.0399191510864072,14,0.0070742799393633,30,0.0308641975308641,36061013601,1979,44,0.0222334512379989,1979,359,0.1814047498736735,1979,19,0.0096008084891359,37574,0.037574,52669.399052536326,0.7091348095961135
360610136021,360610136021,Block Group 1; Census Tract 136.02; New York County; New York,Manhattan,1697,693,342,0.4935064935064935,670,282,0.4208955223880597,321,0.1891573364761343,587,0.3459045374189746,1376,0.8108426635238657,0,0.0,304,0.1791396582203889,0,0.0,0,0.0,36061013602,6373,83,0.0130236937078299,6373,287,0.0450337360740624,6373,16,0.0025105915581358,19723,0.019723,86041.67722963038,0.8151251709225185
360610136031,360610136031,Block Group 1; Census Tract 136.03; New York County; New York,Manhattan,1184,570,499,0.875438596491228,632,268,0.4240506329113924,293,0.2474662162162162,349,0.2947635135135135,910,0.768581081081081,0,0.0,133,0.112331081081081,65,0.0548986486486486,0,0.0,36061013603,4442,256,0.0576316974335884,4459,348,0.0780444045750168,4459,0,0.0,18796,0.018796,62992.125984251965,0.8035185741669673
360610136041,360610136041,Block Group 1; Census Tract 136.04; New York County; New York,Manhattan,648,419,419,1.0,627,230,0.3668261562998405,0,0.0,43,0.066358024691358,482,0.7438271604938271,79,0.1219135802469135,43,0.066358024691358,29,0.044753086419753,49,0.116945107398568,36061013604,4030,201,0.0498759305210918,4030,392,0.0972704714640198,4030,66,0.0163771712158808,17502,0.017502,37024.340075419954,0.7528932222399451
360610137001,360610137001,Block Group 1; Census Tract 137; New York County; New York,Manhattan,446,258,196,0.7596899224806202,324,79,0.2438271604938271,0,0.0,127,0.2847533632286995,317,0.7107623318385651,28,0.0627802690582959,0,0.0,0,0.0,37,0.1434108527131783,36061013700,6557,503,0.0767119109348787,6600,540,0.0818181818181818,6600,71,0.0107575757575757,23366,0.023366,19087.56312590944,0.7222668634180879
360610138001,360610138001,Block Group 1; Census Tract 138; New York County; New York,Manhattan,879,708,651,0.9194915254237288,743,191,0.2570659488559892,0,0.0,142,0.161547212741752,711,0.8088737201365188,12,0.0136518771331058,54,0.0614334470989761,102,0.1160409556313993,0,0.0,36061013800,11161,609,0.0545650031359197,11161,453,0.0405877609533196,11161,451,0.0404085655407221,17471,0.017471,50311.94550970179,0.8375561655100829
360610139001,360610139001,Block Group 1; Census Tract 139; New York County; New York,Manhattan,2460,1156,1095,0.9472318339100346,1675,325,0.1940298507462686,609,0.2475609756097561,60,0.024390243902439,1967,0.7995934959349593,5,0.0020325203252032,202,0.0821138211382113,222,0.0902439024390243,58,0.0501730103806228,36061013900,9918,396,0.0399274047186932,9952,1678,0.1686093247588424,9952,203,0.0203979099678456,23621,0.023621,104144.6170780238,0.8396802142469846
360610013001,360610013001,Block Group 1; Census Tract 13; New York County; New York,Manhattan,1370,559,559,1.0,932,594,0.6373390557939914,231,0.1686131386861314,56,0.0408759124087591,1247,0.9102189781021898,67,0.048905109489051,16,0.0116788321167883,26,0.018978102189781,42,0.0751341681574239,36061001300,5062,600,0.1185302252074279,5062,67,0.0132358751481627,5062,536,0.1058870011853022,21417,0.021417,63967.87598636597,0.8255774370106378
360610014011,360610014011,Block Group 1; Census Tract 14.01; New York County; New York,Manhattan,2141,943,699,0.7412513255567338,784,279,0.3558673469387755,255,0.1191032227930873,925,0.4320411022886501,1557,0.7272302662307333,23,0.0107426436244745,153,0.0714619336758524,163,0.0761326482951891,93,0.0986214209968186,36061001401,3674,159,0.0432770821992378,3674,693,0.1886227544910179,3674,11,0.0029940119760479,56638,0.056638,37801.47604082065,0.7783230138708284
360610014021,360610014021,Block Group 1; Census Tract 14.02; New York County; New York,Manhattan,1469,756,650,0.8597883597883598,1011,411,0.4065281899109792,53,0.0360789652825051,150,0.1021102791014295,664,0.4520081688223281,89,0.0605854322668482,331,0.2253233492171545,229,0.1558883594281824,216,0.2857142857142857,36061001402,3462,1039,0.3001155401502022,3463,679,0.1960727692751949,3463,274,0.07912214842622,56843,0.056843,25843.111728796863,0.9046382558751116
360610140001,360610140001,Block Group 1; Census Tract 140; New York County; New York,Manhattan,1052,543,441,0.8121546961325967,516,229,0.4437984496124031,221,0.2100760456273764,302,0.2870722433460076,864,0.8212927756653993,0,0.0,152,0.1444866920152091,0,0.0,13,0.0239410681399631,36061014000,8030,431,0.0536737235367372,8030,569,0.0708592777085927,8030,160,0.0199252801992528,24914,0.024914,42225.25487677611,0.9154776317397856
360610142001,360610142001,Block Group 1; Census Tract 142; New York County; New York,Manhattan,610,273,107,0.3919413919413919,226,108,0.4778761061946903,97,0.1590163934426229,240,0.3934426229508196,488,0.8,0,0.0,18,0.0295081967213114,26,0.0426229508196721,0,0.0,36061014200,3979,260,0.0653430510178436,3979,230,0.0578034682080924,3979,167,0.0419703443076149,25059,0.025059,24342.55157827527,0.7230415770267595
360610144011,360610144011,Block Group 1; Census Tract 144.01; New York County; New York,Manhattan,866,443,253,0.5711060948081265,352,78,0.2215909090909091,47,0.0542725173210161,338,0.3903002309468822,850,0.9815242494226328,14,0.0161662817551963,0,0.0,2,0.0023094688221709,0,0.0,36061014401,5006,266,0.0531362365161805,5006,336,0.0671194566520175,5006,65,0.0129844186975629,19747,0.019747,43854.762748771966,0.6332821894164411
360610144021,360610144021,Block Group 1; Census Tract 144.02; New York County; New York,Manhattan,1739,949,590,0.6217070600632244,923,395,0.4279523293607801,263,0.1512363427257044,396,0.2277170787809085,1265,0.7274295572167913,128,0.073605520414031,142,0.0816561242093157,0,0.0,52,0.0547945205479452,36061014402,6799,530,0.0779526400941314,6799,606,0.0891307545227239,6799,251,0.0369171937049566,18681,0.018681,93089.23505165675,0.7123548735367139
360610145001,360610145001,Block Group 1; Census Tract 145; New York County; New York,Manhattan,4028,1495,1410,0.94314381270903,2111,778,0.3685457129322596,437,0.1084905660377358,301,0.0747269116186693,2046,0.5079443892750745,127,0.0315292949354518,1161,0.2882323733862959,488,0.1211519364448858,194,0.1297658862876254,36061014500,6020,369,0.0612956810631229,7297,338,0.0463204056461559,7297,316,0.0433054680005481,65330,0.06533,61656.20694933415,0.8613632582570778
360610146011,360610146011,Block Group 1; Census Tract 146.01; New York County; New York,Manhattan,772,455,408,0.8967032967032967,455,293,0.643956043956044,131,0.1696891191709844,149,0.1930051813471502,516,0.6683937823834197,5,0.0064766839378238,92,0.1191709844559585,40,0.0518134715025906,41,0.0901098901098901,36061014601,3922,504,0.1285058643549209,3922,367,0.0935747067822539,3922,58,0.0147883732789393,18745,0.018745,41184.315817551345,0.9168750029774356
360610146021,360610146021,Block Group 1; Census Tract 146.02; New York County; New York,Manhattan,1636,941,825,0.8767268862911796,961,567,0.5900104058272633,99,0.0605134474327628,507,0.3099022004889976,1481,0.9052567237163814,0,0.0,0,0.0,155,0.0947432762836185,55,0.0584484590860786,36061014602,8144,549,0.0674115913555992,8144,1245,0.1528732809430255,8144,199,0.024435166994106,17272,0.017272,94719.77767484948,0.7798108730856976
360610147001,360610147001,Block Group 1; Census Tract 147; New York County; New York,Manhattan,1535,608,599,0.9851973684210528,889,516,0.5804274465691789,484,0.3153094462540716,75,0.0488599348534201,461,0.3003257328990228,0,0.0,733,0.4775244299674267,24,0.0156351791530944,12,0.0197368421052631,36061014700,2840,192,0.0676056338028169,2840,250,0.0880281690140845,2840,70,0.0246478873239436,21597,0.021597,71074.686299023,0.819878459966721
360610148011,360610148011,Block Group 1; Census Tract 148.01; New York County; New York,Manhattan,1455,623,523,0.8394863563402889,778,340,0.4370179948586118,160,0.1099656357388316,369,0.2536082474226804,1151,0.7910652920962199,36,0.0247422680412371,43,0.0295532646048109,172,0.1182130584192439,19,0.0304975922953451,36061014801,3127,87,0.0278221937959705,3127,291,0.0930604413175567,3127,36,0.011512631915574,25049,0.025049,58086.15114375824,0.9257847044288516
360610148021,360610148021,Block Group 1; Census Tract 148.02; New York County; New York,Manhattan,1586,880,797,0.905681818181818,1135,511,0.4502202643171806,117,0.0737704918032786,225,0.1418663303909205,1247,0.7862547288776797,129,0.0813366960907944,171,0.1078184110970996,25,0.0157629255989911,0,0.0,36061014802,7150,269,0.0376223776223776,7150,478,0.0668531468531468,7150,720,0.1006993006993007,24560,0.02456,64576.54723127037,0.8004280512550479
360610149001,360610149001,Block Group 1; Census Tract 149; New York County; New York,Manhattan,1044,431,333,0.7726218097447796,553,200,0.3616636528028933,54,0.0517241379310344,271,0.2595785440613027,584,0.5593869731800766,71,0.068007662835249,220,0.210727969348659,142,0.1360153256704981,0,0.0,36061014900,5681,518,0.0911811300827319,6074,467,0.0768850839644385,6074,60,0.0098781692459664,93432,0.093432,11173.901875160544,0.8004041950789267
360610015011,360610015011,Block Group 1; Census Tract 15.01; New York County; New York,Manhattan,3865,1343,937,0.6976917349218168,1980,531,0.2681818181818182,908,0.2349288486416559,236,0.0610608020698577,3060,0.7917205692108668,112,0.0289780077619663,327,0.0846054333764553,228,0.0589909443725743,0,0.0,36061001501,6883,644,0.0935638529710881,7667,588,0.0766923177253162,7667,95,0.0123907656188861,98114,0.098114,39392.951056933765,0.8127047663816009
360610015021,360610015021,Block Group 1; Census Tract 15.02; New York County; New York,Manhattan,1106,211,86,0.4075829383886256,590,103,0.1745762711864406,93,0.0840867992766726,22,0.0198915009041591,701,0.6338155515370705,52,0.0470162748643761,141,0.1274864376130199,159,0.1437613019891501,22,0.1042654028436018,36061001502,7414,430,0.0579983814405179,8373,397,0.0474143078944225,8373,321,0.0383375134360444,28604,0.028604,38665.92085023074,0.8512792325511319
360610150011,360610150011,Block Group 1; Census Tract 150.01; New York County; New York,Manhattan,898,382,250,0.6544502617801047,378,96,0.2539682539682539,260,0.289532293986637,210,0.2338530066815144,823,0.9164810690423164,15,0.0167037861915367,22,0.0244988864142538,22,0.0244988864142538,0,0.0,36061015001,2141,74,0.034563288183092,2141,196,0.0915460065390004,2141,103,0.0481083605791686,25990,0.02599,34551.7506733359,0.879988668857601
360610150021,360610150021,Block Group 1; Census Tract 150.02; New York County; New York,Manhattan,1846,900,601,0.6677777777777778,714,184,0.2577030812324929,268,0.1451787648970747,817,0.442578548212351,1349,0.7307692307692307,1,0.0005417118093174,198,0.1072589382448537,94,0.0509209100758396,0,0.0,36061015002,4904,149,0.0303833605220228,4904,317,0.0646411092985318,4904,40,0.0081566068515497,37185,0.037185,49643.67352427053,0.8898858901416975
360610151011,360610151011,Block Group 1; Census Tract 151.01; New York County; New York,Manhattan,682,445,445,1.0,531,285,0.536723163841808,0,0.0,27,0.0395894428152492,300,0.4398826979472141,53,0.0777126099706744,136,0.1994134897360703,161,0.2360703812316715,85,0.1910112359550561,36061015101,3415,1634,0.4784773060029282,3476,487,0.1401035673187572,3476,16,0.004602991944764,21794,0.021794,31293.016426539412,0.7827661579158885
360610151021,360610151021,Block Group 1; Census Tract 151.02; New York County; New York,Manhattan,1310,751,708,0.9427430093209056,886,383,0.4322799097065463,203,0.1549618320610687,0,0.0,710,0.5419847328244275,0,0.0,307,0.2343511450381679,145,0.1106870229007633,34,0.0452729693741677,36061015102,9611,1849,0.1923837269795026,9611,867,0.0902091353657267,9611,779,0.0810529601498283,32253,0.032253,40616.376771153075,0.7076884837095566
360610152001,360610152001,Block Group 1; Census Tract 152; New York County; New York,Manhattan,1712,584,584,1.0,229,216,0.9432314410480348,486,0.2838785046728972,610,0.3563084112149532,88,0.0514018691588785,710,0.4147196261682243,66,0.0385514018691588,848,0.4953271028037383,13,0.0222602739726027,36061015200,7667,1604,0.209208295291509,7667,1367,0.1782965958001826,7667,241,0.0314334159384374,24831,0.024831,68946.0754701784,0.948785242810359
360610153011,360610153011,Block Group 1; Census Tract 153.01; New York County; New York,Manhattan,1604,786,626,0.7964376590330788,935,191,0.2042780748663101,350,0.2182044887780548,273,0.1701995012468828,1303,0.8123441396508728,0,0.0,45,0.0280548628428927,61,0.0380299251870324,0,0.0,36061015301,4799,188,0.0391748280891852,4799,334,0.0695978328818503,4799,310,0.0645967909981246,21754,0.021754,73733.56624069138,0.7659521364822353
360610153021,360610153021,Block Group 1; Census Tract 153.02; New York County; New York,Manhattan,1352,798,765,0.9586466165413534,707,218,0.3083451202263083,129,0.0954142011834319,199,0.147189349112426,888,0.6568047337278107,0,0.0,260,0.1923076923076923,0,0.0,0,0.0,36061015302,5448,335,0.0614904552129221,5448,435,0.0798458149779735,5448,167,0.0306534508076358,21741,0.021741,62186.65194793248,0.7181811345598408
360610154011,360610154011,Block Group 1; Census Tract 154.01; New York County; New York,Manhattan,926,760,646,0.85,700,201,0.2871428571428571,19,0.0205183585313174,127,0.1371490280777537,709,0.765658747300216,69,0.0745140388768898,75,0.0809935205183585,21,0.0226781857451403,28,0.0368421052631578,36061015401,4594,155,0.0337396604266434,4563,629,0.1378479070786763,4563,445,0.0975235590620206,17278,0.017278,53594.16599143419,0.7525542707654959
360610154021,360610154021,Block Group 1; Census Tract 154.02; New York County; New York,Manhattan,661,394,394,1.0,521,328,0.6295585412667947,79,0.1195158850226928,18,0.0272314674735249,595,0.9001512859304085,0,0.0,18,0.0272314674735249,48,0.0726172465960665,0,0.0,36061015402,3724,274,0.0735767991407089,3724,243,0.0652524167561761,3724,80,0.0214822771213748,18224,0.018224,36270.85162423178,0.7213279209507288
360610154031,360610154031,Block Group 1; Census Tract 154.03; New York County; New York,Manhattan,1386,699,505,0.7224606580829757,508,204,0.4015748031496063,108,0.0779220779220779,413,0.2979797979797979,406,0.2929292929292929,34,0.0245310245310245,263,0.1897546897546897,556,0.4011544011544011,95,0.1359084406294706,36061015403,5055,555,0.1097922848664688,5055,556,0.1099901088031651,5055,138,0.0272997032640949,17245,0.017245,80371.12206436649,0.8123506292134829
360610155011,360610155011,Block Group 1; Census Tract 155.01; New York County; New York,Manhattan,4969,2956,1839,0.6221244925575101,2561,1331,0.5197188598203827,527,0.1060575568524854,1788,0.3598309519017911,3809,0.7665526262829543,96,0.0193197826524451,845,0.17005433688871,96,0.0193197826524451,101,0.0341677943166441,36061015501,4969,485,0.0976051519420406,4969,350,0.0704367075870396,4969,103,0.0207285168041859,86090,0.08609,57718.66651178999,0.7314934831239099
360610155021,360610155021,Block Group 1; Census Tract 155.02; New York County; New York,Manhattan,943,557,449,0.8061041292639138,502,196,0.3904382470119522,131,0.1389183457051961,297,0.3149522799575822,825,0.8748674443266172,19,0.0201484623541887,99,0.104984093319194,0,0.0,46,0.0825852782764811,36061015502,5500,697,0.1267272727272727,5500,590,0.1072727272727272,5500,73,0.0132727272727272,44372,0.044372,21252.140989813393,0.7001650213270839
360610156011,360610156011,Block Group 1; Census Tract 156.01; New York County; New York,Manhattan,1253,623,623,1.0,602,264,0.4385382059800664,108,0.086193136472466,320,0.2553870710295291,668,0.533120510774142,59,0.0470869912210694,109,0.0869912210694333,295,0.2354349561053471,121,0.1942215088282504,36061015601,5120,621,0.1212890625,5120,514,0.100390625,5120,460,0.08984375,19508,0.019508,64230.0594627845,0.875167715835975
360610156021,360610156021,Block Group 1; Census Tract 156.02; New York County; New York,Manhattan,2244,1180,1091,0.9245762711864408,1189,688,0.5786375105130361,501,0.2232620320855615,191,0.0851158645276292,733,0.3266488413547237,283,0.1261140819964349,407,0.1813725490196078,750,0.3342245989304813,88,0.0745762711864406,36061015602,2241,398,0.1775992860330209,2241,262,0.1169120928157072,2241,210,0.0937081659973226,108763,0.108763,20632.016402636928,0.8852132486647608
360610157001,360610157001,Block Group 1; Census Tract 157; New York County; New York,Manhattan,608,530,488,0.920754716981132,386,154,0.3989637305699481,0,0.0,76,0.125,407,0.6694078947368421,0,0.0,180,0.2960526315789473,0,0.0,0,0.0,36061015700,10219,450,0.0440356199236715,10669,966,0.0905426937857343,10669,388,0.0363670447089699,22030,0.02203,27598.72900590104,0.6959813771502672
360610158011,360610158011,Block Group 1; Census Tract 158.01; New York County; New York,Manhattan,1290,727,629,0.8651994497936726,786,243,0.3091603053435114,141,0.1093023255813953,275,0.2131782945736434,932,0.7224806201550388,18,0.013953488372093,231,0.1790697674418604,51,0.0395348837209302,0,0.0,36061015801,4968,295,0.0593800322061191,5188,374,0.0720894371626831,5188,57,0.0109868928296067,37881,0.037881,34054.01124574325,0.7792362903595261
360610158021,360610158021,Block Group 1; Census Tract 158.02; New York County; New York,Manhattan,2079,682,682,1.0,1025,279,0.2721951219512195,243,0.1168831168831168,200,0.0962000962000962,737,0.3544973544973545,146,0.0702260702260702,665,0.3198653198653198,481,0.2313612313612313,147,0.2155425219941349,36061015802,3444,297,0.0862369337979094,4212,226,0.0536562203228869,4212,123,0.0292022792022792,24776,0.024776,83911.85017759122,0.8772595317967243
360610159001,360610159001,Block Group 1; Census Tract 159; New York County; New York,Manhattan,1317,723,505,0.6984785615491009,568,178,0.3133802816901408,218,0.1655277145026575,550,0.4176157934700076,1049,0.7965072133637054,121,0.0918754745634016,27,0.020501138952164,23,0.017463933181473,0,0.0,36061015900,9194,481,0.0523167283010659,9194,760,0.0826626060474222,9194,236,0.0256689145094626,22329,0.022329,58981.59344350396,0.6902482940923278
360610160011,360610160011,Block Group 1; Census Tract 160.01; New York County; New York,Manhattan,1070,478,323,0.6757322175732218,579,163,0.2815198618307427,174,0.1626168224299065,290,0.2710280373831775,964,0.9009345794392524,0,0.0,70,0.0654205607476635,23,0.0214953271028037,0,0.0,36061016001,3118,86,0.0275817831943553,3118,274,0.0878768441308531,3118,58,0.018601667735728,25711,0.025711,41616.428765897865,0.8994722527663775
360610160021,360610160021,Block Group 1; Census Tract 160.02; New York County; New York,Manhattan,1212,624,498,0.7980769230769231,659,203,0.3080424886191198,143,0.1179867986798679,293,0.2417491749174917,896,0.7392739273927392,11,0.009075907590759,213,0.1757425742574257,45,0.0371287128712871,9,0.0144230769230769,36061016002,2555,170,0.0665362035225048,3183,278,0.0873389883757461,3183,114,0.0358152686145146,26635,0.026635,45504.03604280083,0.8149471741995099
360610161001,360610161001,Block Group 1; Census Tract 161; New York County; New York,Manhattan,1333,863,853,0.9884125144843569,844,665,0.7879146919431279,177,0.1327831957989497,154,0.1155288822205551,986,0.7396849212303076,56,0.0420105026256564,14,0.0105026256564141,216,0.1620405101275318,14,0.0162224797219003,36061016100,5756,342,0.0594162612925642,5756,441,0.0766157053509381,5756,12,0.0020847810979847,44237,0.044237,30133.14646110722,0.659935747092843
360610162001,360610162001,Block Group 1; Census Tract 162; New York County; New York,Manhattan,1529,673,673,1.0,518,305,0.5888030888030888,333,0.2177894048397645,382,0.249836494440811,45,0.0294310006540222,1002,0.6553302812295618,215,0.1406147809025507,153,0.1000654022236756,171,0.2540861812778603,36061016200,9320,4456,0.4781115879828326,9320,1824,0.1957081545064377,9320,156,0.0167381974248927,33637,0.033637,45455.89678033118,0.6879150415041302
360610163001,360610163001,Block Group 1; Census Tract 163; New York County; New York,Manhattan,2323,816,457,0.5600490196078431,1108,292,0.2635379061371841,832,0.3581575548859234,401,0.1726216099870856,2110,0.9083082221265604,78,0.0335772707705553,0,0.0,35,0.0150667240637107,0,0.0,36061016300,7191,399,0.0554860241969128,7213,476,0.0659919589629835,7213,90,0.0124774712324968,148413,0.148413,15652.267658493529,0.5990056541459466
360610164001,360610164001,Block Group 1; Census Tract 164; New York County; New York,Manhattan,2326,956,956,1.0,825,484,0.5866666666666667,474,0.2037833190025795,283,0.1216680997420464,231,0.0993121238177128,206,0.0885640584694755,158,0.0679277730008598,1486,0.6388650042992261,124,0.1297071129707113,36061016400,8285,3079,0.3716354858177429,8310,2098,0.2524669073405535,8310,320,0.0385078219013237,36554,0.036554,63631.887071182355,0.836232722064123
360610165001,360610165001,Block Group 1; Census Tract 165; New York County; New York,Manhattan,1554,641,482,0.7519500780031201,484,261,0.5392561983471075,410,0.2638352638352638,466,0.2998712998712998,1394,0.8970398970398971,16,0.0102960102960102,21,0.0135135135135135,123,0.0791505791505791,0,0.0,36061016500,7098,689,0.097069597069597,7098,842,0.1186249647788109,7098,32,0.0045083122006198,112540,0.11254,13808.423671583438,0.8142359005354884
360610166001,360610166001,Block Group 1; Census Tract 166; New York County; New York,Manhattan,336,255,224,0.8784313725490196,225,109,0.4844444444444444,0,0.0,17,0.050595238095238,84,0.25,81,0.2410714285714285,84,0.25,87,0.2589285714285714,47,0.1843137254901961,36061016600,6760,2458,0.3636094674556213,6888,1381,0.2004936120789779,6888,392,0.056910569105691,24654,0.024654,13628.62010221465,0.7628000625152546
360610167001,360610167001,Block Group 1; Census Tract 167; New York County; New York,Manhattan,1161,521,402,0.7715930902111324,414,145,0.3502415458937198,208,0.1791559000861326,372,0.3204134366925064,1077,0.9276485788113696,24,0.020671834625323,32,0.0275624461670973,0,0.0,0,0.0,36061016700,7859,452,0.0575136785850617,7884,673,0.0853627600202942,7884,236,0.0299340436326737,80521,0.080521,14418.598874827683,0.5993436175505923
360610168001,360610168001,Block Group 1; Census Tract 168; New York County; New York,Manhattan,1973,765,765,1.0,556,408,0.7338129496402878,521,0.2640648758236188,431,0.2184490623416117,54,0.0273694880892042,667,0.3380638621388748,22,0.0111505321844906,1198,0.6071971616827166,121,0.1581699346405228,36061016800,4377,1503,0.343385880740233,4377,1000,0.2284669865204478,4377,132,0.0301576422206991,50484,0.050484,39081.6892480786,0.8536239067821578
360610169001,360610169001,Block Group 1; Census Tract 169; New York County; New York,Manhattan,1239,534,534,1.0,640,367,0.5734375,337,0.2719935431799838,288,0.2324455205811138,1121,0.9047619047619048,0,0.0,87,0.0702179176755447,0,0.0,0,0.0,36061016900,8042,515,0.0640387963193235,8056,537,0.0666583912611718,8056,153,0.0189920556107249,23736,0.023736,52199.19110212335,0.7011970561144982
360610016001,360610016001,Block Group 1; Census Tract 16; New York County; New York,Manhattan,2191,804,783,0.9738805970149254,964,256,0.2655601659751037,164,0.074851665905979,584,0.2665449566408033,342,0.1560931081697855,23,0.0104974897307165,1763,0.8046554084892743,63,0.0287539936102236,322,0.4004975124378109,36061001600,7205,1244,0.1726578764746703,7221,846,0.1171582883257166,7221,335,0.0463924664173937,84532,0.084532,25919.178535939052,0.7447899985943816
360610170001,360610170001,Block Group 1; Census Tract 170; New York County; New York,Manhattan,2583,841,841,1.0,1178,909,0.7716468590831919,541,0.2094463801780875,586,0.2268679829655439,0,0.0,227,0.0878823073945025,1555,0.6020131629887727,748,0.2895857530003871,279,0.3317479191438763,36061017000,8766,2696,0.3075519050878393,8791,1176,0.1337731771129564,8791,830,0.0944147423501308,52573,0.052573,49131.68356380652,0.7645853311631629
360610171001,360610171001,Block Group 1; Census Tract 171; New York County; New York,Manhattan,1163,743,576,0.775235531628533,559,303,0.5420393559928444,67,0.057609630266552,398,0.3422184006878762,989,0.8503869303525365,10,0.0085984522785898,76,0.0653482373172828,88,0.0756663800515907,0,0.0,36061017100,8295,1417,0.1708257986738999,8419,809,0.0960921724670388,8419,47,0.005582610761373,25014,0.025014,46493.96338050691,0.6971560036243671
360610172001,360610172001,Block Group 1; Census Tract 172; New York County; New York,Manhattan,863,642,642,1.0,482,186,0.3858921161825726,5,0.0057937427578215,118,0.1367323290845886,156,0.1807647740440324,260,0.3012746234067207,59,0.0683661645422943,357,0.4136732329084588,188,0.292834890965732,36061017200,5624,1439,0.2558677098150782,5630,931,0.1653641207815275,5630,516,0.0916518650088809,50312,0.050312,17152.96549530927,0.7328329427796801
360610173001,360610173001,Block Group 1; Census Tract 173; New York County; New York,Manhattan,1895,960,599,0.6239583333333333,770,132,0.1714285714285714,390,0.2058047493403693,572,0.3018469656992084,1687,0.8902374670184696,78,0.0411609498680738,0,0.0,130,0.0686015831134564,0,0.0,36061017300,9343,557,0.0596168254308038,9343,1055,0.1129187627100503,9343,120,0.0128438403082521,23511,0.023511,80600.56994598273,0.6879783462065662
360610174011,360610174011,Block Group 1; Census Tract 174.01; New York County; New York,Manhattan,1776,731,731,1.0,791,667,0.843236409608091,446,0.2511261261261261,179,0.1007882882882882,0,0.0,961,0.5411036036036037,15,0.0084459459459459,758,0.4268018018018018,150,0.2051983584131327,36061017401,5275,1406,0.2665402843601895,5275,1674,0.317345971563981,5275,235,0.0445497630331753,50230,0.05023,35357.35616165638,0.8453191731534995
360610174021,360610174021,Block Group 1; Census Tract 174.02; New York County; New York,Manhattan,2887,1196,1190,0.9949832775919732,1692,964,0.5697399527186762,408,0.1413231728437824,278,0.0962937305161066,761,0.2635954277797021,728,0.2521648770349844,295,0.1021821960512642,767,0.2656737097332871,90,0.0752508361204013,36061017402,2887,335,0.1160374090751645,2887,510,0.176653966054728,2887,250,0.0865950813993765,50730,0.05073,56909.126749457915,0.7647409625513389
360610175001,360610175001,Block Group 1; Census Tract 175; New York County; New York,Manhattan,1584,788,597,0.7576142131979695,957,471,0.4921630094043887,242,0.1527777777777778,459,0.2897727272727273,1326,0.8371212121212122,36,0.0227272727272727,90,0.0568181818181818,26,0.0164141414141414,0,0.0,36061017500,9742,321,0.0329501129131595,9760,1141,0.116905737704918,9760,229,0.0234631147540983,87824,0.087824,18036.072144288577,0.725665733103103
360610177001,360610177001,Block Group 1; Census Tract 177; New York County; New York,Manhattan,708,477,332,0.6960167714884696,283,153,0.5406360424028268,141,0.1991525423728813,174,0.2457627118644068,357,0.5042372881355932,0,0.0,0,0.0,351,0.4957627118644068,0,0.0,36061017700,10030,1319,0.1315054835493519,10030,983,0.0980059820538384,10030,0,0.0,24581,0.024581,28802.733818803143,0.72734081223913
360610178001,360610178001,Block Group 1; Census Tract 178; New York County; New York,Manhattan,1351,694,624,0.899135446685879,824,593,0.7196601941747572,187,0.1384159881569208,57,0.0421909696521095,387,0.2864544781643227,185,0.1369356032568467,55,0.0407105847520355,671,0.4966691339748335,44,0.063400576368876,36061017800,3786,1131,0.2987321711568938,3786,364,0.0961436872688853,3786,655,0.1730058108821975,34655,0.034655,38984.27355359977,0.7103866341648767
360610179001,360610179001,Block Group 1; Census Tract 179; New York County; New York,Manhattan,768,336,305,0.9077380952380952,392,236,0.6020408163265306,39,0.05078125,204,0.265625,617,0.8033854166666666,93,0.12109375,0,0.0,58,0.0755208333333333,0,0.0,36061017900,9842,873,0.0887014834383255,9875,711,0.072,9875,877,0.0888101265822784,90302,0.090302,8504.795021151249,0.7132281812929867
360610180001,360610180001,Block Group 1; Census Tract 180; New York County; New York,Manhattan,2060,874,859,0.982837528604119,1009,457,0.4529236868186323,397,0.1927184466019417,180,0.087378640776699,496,0.2407766990291262,741,0.3597087378640776,214,0.103883495145631,441,0.2140776699029126,84,0.0961098398169336,36061018000,6980,2358,0.3378223495702006,6980,1256,0.1799426934097421,6980,560,0.0802292263610315,55698,0.055698,36985.17002405832,0.6330442146088304
360610181001,360610181001,Block Group 1; Census Tract 181; New York County; New York,Manhattan,938,607,551,0.9077429983525536,518,260,0.5019305019305019,0,0.0,361,0.3848614072494669,432,0.4605543710021322,114,0.1215351812366737,258,0.2750533049040511,113,0.1204690831556503,0,0.0,36061018100,8408,698,0.0830161750713606,8408,1053,0.1252378686964795,8408,174,0.0206945765937202,23354,0.023354,40164.42579429648,0.7386575598316125
360610182001,360610182001,Block Group 1; Census Tract 182; New York County; New York,Manhattan,686,448,448,1.0,362,280,0.7734806629834254,25,0.0364431486880466,27,0.0393586005830903,77,0.1122448979591836,205,0.2988338192419825,177,0.2580174927113702,217,0.3163265306122449,31,0.0691964285714285,36061018200,7098,2791,0.3932093547478162,7266,1765,0.2429121937792458,7266,440,0.0605560143132397,27024,0.027024,25384.843102427472,0.8856478389425892
360610183001,360610183001,Block Group 1; Census Tract 183; New York County; New York,Manhattan,2361,913,790,0.8652792990142387,991,585,0.5903128153380424,469,0.1986446421008047,551,0.2333756882676831,1293,0.5476493011435832,157,0.0664972469292672,171,0.0724269377382465,697,0.2952138924184667,0,0.0,36061018300,8440,1463,0.1733412322274881,8440,991,0.1174170616113744,8440,268,0.0317535545023696,100460,0.10046,23501.89130001991,0.6758998063279602
360610184001,360610184001,Block Group 1; Census Tract 184; New York County; New York,Manhattan,575,298,231,0.7751677852348994,351,199,0.5669515669515669,0,0.0,61,0.1060869565217391,50,0.0869565217391304,156,0.271304347826087,0,0.0,244,0.4243478260869565,16,0.0536912751677852,36061018400,8225,2108,0.2562917933130699,8225,1316,0.16,8225,296,0.0359878419452887,24842,0.024842,23146.284518154735,0.7966853691969011
360610185001,360610185001,Block Group 1; Census Tract 185; New York County; New York,Manhattan,1490,891,601,0.6745230078563412,722,259,0.3587257617728532,322,0.2161073825503355,341,0.2288590604026845,915,0.6140939597315436,126,0.0845637583892617,77,0.0516778523489932,354,0.2375838926174496,6,0.0067340067340067,36061018500,5059,243,0.0480332081439019,5060,646,0.1276679841897233,5060,191,0.0377470355731225,45524,0.045524,32729.98857745365,0.6203857127907212
360610186001,360610186001,Block Group 1; Census Tract 186; New York County; New York,Manhattan,1474,544,544,1.0,498,332,0.6666666666666666,502,0.3405698778833107,138,0.0936227951153324,0,0.0,1173,0.7957937584803256,0,0.0,301,0.2042062415196743,38,0.0698529411764705,36061018600,6091,1794,0.294532917419143,6104,785,0.1286041939711664,6104,389,0.0637287024901703,39412,0.039412,37399.77671775094,0.7382198101747157
360610187001,360610187001,Block Group 1; Census Tract 187; New York County; New York,Manhattan,3886,977,759,0.7768679631525077,1738,448,0.2577675489067894,969,0.2493566649511065,644,0.1657231085949562,2960,0.7617086978898611,241,0.0620174987133299,43,0.0110653628409675,466,0.1199176531137416,65,0.0665301944728761,36061018700,9862,952,0.0965321435814236,9907,860,0.0868073079640658,9907,205,0.0206924396891087,105242,0.105242,36924.42180878356,0.662841106203155
360610188001,360610188001,Block Group 1; Census Tract 188; New York County; New York,Manhattan,823,475,475,1.0,402,168,0.417910447761194,117,0.1421628189550425,255,0.3098420413122721,171,0.2077764277035237,92,0.1117861482381531,0,0.0,560,0.6804374240583232,203,0.4273684210526315,36061018800,4676,1428,0.3053892215568862,4676,856,0.1830624465355004,4676,886,0.1894781864841745,36433,0.036433,22589.410699091484,0.7489136704224082
360610189001,360610189001,Block Group 1; Census Tract 189; New York County; New York,Manhattan,1533,711,568,0.7988748241912799,994,586,0.5895372233400402,268,0.1748206131767775,116,0.075668623613829,969,0.6320939334637965,21,0.0136986301369863,349,0.2276581865622961,139,0.0906718851924331,0,0.0,36061018900,9819,3133,0.3190752622466646,9747,1644,0.1686672822406894,9747,171,0.0175438596491228,34323,0.034323,44663.927978323576,0.719688758297979
360610018001,360610018001,Block Group 1; Census Tract 18; New York County; New York,Manhattan,650,518,518,1.0,356,259,0.7275280898876404,23,0.0353846153846153,147,0.2261538461538461,144,0.2215384615384615,73,0.1123076923076923,373,0.5738461538461539,60,0.0923076923076923,99,0.1911196911196911,36061001800,6386,1327,0.2077983088005011,6646,747,0.1123984351489617,6646,802,0.1206740896780018,31191,0.031191,20839.344682761053,0.8125238019442718
360610190001,360610190001,Block Group 1; Census Tract 190; New York County; New York,Manhattan,1065,535,535,1.0,405,204,0.5037037037037037,186,0.1746478873239436,258,0.2422535211267605,106,0.0995305164319248,602,0.5652582159624413,108,0.1014084507042253,179,0.168075117370892,66,0.1233644859813084,36061019000,3735,465,0.1244979919678714,3735,346,0.0926372155287817,3735,234,0.0626506024096385,49579,0.049579,21480.86891627504,0.711982592866296
360610191001,360610191001,Block Group 1; Census Tract 191; New York County; New York,Manhattan,1281,712,626,0.8792134831460674,921,357,0.3876221498371335,156,0.1217798594847775,271,0.2115534738485558,1135,0.8860265417642467,0,0.0,135,0.1053864168618267,0,0.0,34,0.047752808988764,36061019100,7906,742,0.0938527700480647,8008,1122,0.1401098901098901,8008,351,0.0438311688311688,110954,0.110954,11545.325089676804,0.7820733941833293
360610192001,360610192001,Block Group 1; Census Tract 192; New York County; New York,Manhattan,660,208,208,1.0,350,226,0.6457142857142857,106,0.1606060606060606,33,0.05,38,0.0575757575757575,78,0.1181818181818181,62,0.0939393939393939,482,0.7303030303030303,21,0.1009615384615384,36061019200,3867,1814,0.4690974915955521,3868,899,0.2324198552223371,3868,357,0.09229576008273,113849,0.113849,5797.152368488085,0.6802811820936964
360610193001,360610193001,Block Group 1; Census Tract 193; New York County; New York,Manhattan,1617,720,649,0.9013888888888888,556,280,0.5035971223021583,106,0.0655534941249227,576,0.3562152133580705,354,0.2189239332096475,343,0.2121212121212121,154,0.0952380952380952,766,0.4737167594310451,48,0.0666666666666666,36061019300,9098,1909,0.2098263354583425,9172,1605,0.1749890972525076,9172,639,0.069668556476232,21271,0.021271,76018.99299515772,0.8814862244772409
360610194001,360610194001,Block Group 1; Census Tract 194; New York County; New York,Manhattan,1596,775,758,0.9780645161290322,552,227,0.411231884057971,93,0.0582706766917293,573,0.3590225563909774,62,0.0388471177944862,652,0.4085213032581453,155,0.0971177944862155,727,0.4555137844611528,243,0.3135483870967742,36061019400,5879,1567,0.2665419288994727,5879,1177,0.2002041163463174,5879,285,0.0484776322503827,68295,0.068295,23369.20711618713,0.782540126998174
360610195001,360610195001,Block Group 1; Census Tract 195; New York County; New York,Manhattan,1496,504,360,0.7142857142857143,855,314,0.3672514619883041,132,0.088235294117647,312,0.2085561497326203,824,0.5508021390374331,73,0.0487967914438502,333,0.2225935828877005,224,0.1497326203208556,0,0.0,36061019500,7235,1177,0.162681409813407,7632,741,0.0970911949685534,7632,342,0.0448113207547169,106301,0.106301,14073.244842475611,0.7732442774686918
360610196001,360610196001,Block Group 1; Census Tract 196; New York County; New York,Manhattan,2034,674,674,1.0,930,659,0.7086021505376344,600,0.2949852507374631,199,0.0978367748279252,109,0.0535889872173058,330,0.1622418879056047,94,0.0462143559488692,1360,0.6686332350049164,33,0.0489614243323442,36061019600,3900,1235,0.3166666666666666,3900,774,0.1984615384615384,3900,191,0.0489743589743589,24920,0.02492,81621.18780096307,0.7886335815337879
360610197011,360610197011,Block Group 1; Census Tract 197.01; New York County; New York,Manhattan,962,515,515,1.0,468,169,0.3611111111111111,120,0.1247401247401247,94,0.0977130977130977,368,0.3825363825363825,74,0.0769230769230769,253,0.262993762993763,251,0.2609147609147609,35,0.0679611650485436,36061019701,962,327,0.3399168399168399,962,76,0.079002079002079,962,17,0.0176715176715176,235976,0.235976,4076.685764654033,0.8980639238886147
360610197021,360610197021,Block Group 1; Census Tract 197.02; New York County; New York,Manhattan,2531,1173,1145,0.9761295822676896,1391,776,0.5578720345075485,398,0.1572500987751876,264,0.1043065981825365,961,0.3796918214144607,564,0.2228368233899644,268,0.1058870011853022,439,0.1734492295535361,13,0.011082693947144,36061019702,2523,353,0.1399128022195798,2531,255,0.1007506914263137,2531,30,0.0118530225207427,47397,0.047397,53400.004219676346,0.8001442302368988
360610198001,360610198001,Block Group 1; Census Tract 198; New York County; New York,Manhattan,2511,1029,801,0.7784256559766763,1469,690,0.4697072838665759,299,0.1190760653126244,549,0.2186379928315412,614,0.2445240939864595,999,0.3978494623655914,173,0.0688968538430904,442,0.1760254878534448,63,0.0612244897959183,36061019800,2361,301,0.1274883523930537,2362,171,0.0723962743437764,2362,56,0.0237087214225232,129098,0.129098,19450.34005174364,0.8824320675020775
360610199001,360610199001,Block Group 1; Census Tract 199; New York County; New York,Manhattan,1288,418,331,0.7918660287081339,716,231,0.3226256983240223,62,0.0481366459627329,218,0.1692546583850931,767,0.5954968944099379,101,0.0784161490683229,206,0.1599378881987577,182,0.1413043478260869,0,0.0,36061019900,6060,1194,0.197029702970297,8527,824,0.0966342207106837,8527,283,0.0331886947343731,114965,0.114965,11203.40973339712,0.70129594065665
360610002011,360610002011,Block Group 1; Census Tract 2.01; New York County; New York,Manhattan,582,289,289,1.0,212,33,0.1556603773584905,59,0.1013745704467354,130,0.2233676975945017,123,0.211340206185567,65,0.1116838487972508,188,0.3230240549828179,136,0.2336769759450171,49,0.1695501730103806,36061000201,2642,1357,0.5136260408781226,2642,282,0.1067373202119606,2642,20,0.0075700227100681,24882,0.024882,23390.402700747527,0.7573854455996512
360610002021,360610002021,Block Group 1; Census Tract 2.02; New York County; New York,Manhattan,739,307,307,1.0,144,40,0.2777777777777778,272,0.3680649526387009,133,0.1799729364005412,157,0.2124492557510149,162,0.2192151556156968,78,0.1055480378890392,340,0.4600811907983761,92,0.2996742671009772,36061000202,6601,1892,0.2866232389031964,6752,1431,0.2119372037914692,6752,243,0.0359893364928909,55116,0.055116,13408.084766673925,0.7320055202368838
360610200001,360610200001,Block Group 1; Census Tract 200; New York County; New York,Manhattan,1094,737,651,0.8833107191316146,525,317,0.6038095238095238,125,0.1142595978062157,281,0.2568555758683729,581,0.5310786106032906,421,0.3848263254113345,6,0.0054844606946983,62,0.056672760511883,6,0.0081411126187245,36061020000,2746,504,0.1835396941005098,2763,632,0.2287368802026782,2763,62,0.0224393774882374,37692,0.037692,29024.72673246312,0.7111564009782798
360610201011,360610201011,Block Group 1; Census Tract 201.01; New York County; New York,Manhattan,1968,337,315,0.9347181008902076,1039,230,0.2213666987487969,67,0.0340447154471544,100,0.0508130081300813,945,0.4801829268292683,176,0.089430894308943,606,0.3079268292682927,160,0.08130081300813,7,0.0207715133531157,36061020101,807,202,0.2503097893432466,1968,38,0.0193089430894308,1968,104,0.0528455284552845,55126,0.055126,35700.032652468886,0.868445094547226
360610201021,360610201021,Block Group 1; Census Tract 201.02; New York County; New York,Manhattan,568,292,292,1.0,287,177,0.6167247386759582,32,0.056338028169014,87,0.153169014084507,198,0.3485915492957746,288,0.5070422535211268,21,0.0369718309859154,36,0.0633802816901408,0,0.0,36061020102,4148,650,0.156702025072324,4148,456,0.1099324975891996,4148,319,0.0769045323047251,23215,0.023215,24466.93947878527,0.8415023416212064
360610203001,360610203001,Block Group 1; Census Tract 203; New York County; New York,Manhattan,2399,466,466,1.0,917,182,0.1984732824427481,186,0.0775323051271363,217,0.090454355981659,899,0.3747394747811588,199,0.0829512296790329,843,0.3513964151729887,275,0.1146310962901208,33,0.0708154506437768,36061020300,989,244,0.2467138523761375,3989,129,0.0323389320631737,3989,216,0.0541489095011281,44992,0.044992,53320.59032716928,0.8469978110786792
360610205001,360610205001,Block Group 1; Census Tract 205; New York County; New York,Manhattan,2767,567,526,0.927689594356261,1335,217,0.1625468164794007,116,0.0419226599204915,426,0.1539573545355981,1502,0.5428261655222263,194,0.0701120346946151,724,0.261655222262378,294,0.1062522587640043,10,0.0176366843033509,36061020500,2761,260,0.0941687794277435,5532,265,0.0479031091829356,5532,151,0.0272957339117859,247794,0.247794,11166.533491529255,0.768165613874727
360610206001,360610206001,Block Group 1; Census Tract 206; New York County; New York,Manhattan,1698,891,807,0.9057239057239056,998,669,0.6703406813627254,154,0.0906949352179034,198,0.1166077738515901,368,0.2167255594817432,635,0.3739693757361602,185,0.1089517078916372,244,0.143698468786808,91,0.1021324354657687,36061020600,3456,1037,0.3000578703703703,3481,458,0.1315713875323183,3481,245,0.0703820741166331,74452,0.074452,22806.64052006662,0.7612430892290892
360610207011,360610207011,Block Group 1; Census Tract 207.01; New York County; New York,Manhattan,1474,691,691,1.0,814,210,0.257985257985258,133,0.0902306648575305,33,0.0223880597014925,554,0.3758480325644505,47,0.0318860244233378,456,0.3093622795115332,178,0.1207598371777476,42,0.0607814761215629,36061020701,2120,464,0.2188679245283019,2826,158,0.0559094125973106,2826,29,0.0102618542108987,24864,0.024864,59282.49678249678,0.8698075846400571
360610208001,360610208001,Block Group 1; Census Tract 208; New York County; New York,Manhattan,1586,599,560,0.9348914858096828,638,283,0.4435736677115987,402,0.253467843631778,245,0.1544766708701135,735,0.4634300126103405,608,0.3833543505674653,37,0.0233291298865069,145,0.0914249684741488,0,0.0,36061020800,5378,1263,0.2348456675343994,5391,365,0.0677054349842329,5391,243,0.0450751252086811,50071,0.050071,31675.021469513293,0.9489927300441966
360610209011,360610209011,Block Group 1; Census Tract 209.01; New York County; New York,Manhattan,1274,498,438,0.8795180722891566,525,335,0.638095238095238,391,0.3069073783359498,124,0.097331240188383,61,0.0478806907378335,542,0.4254317111459968,27,0.021193092621664,634,0.4976452119309262,0,0.0,36061020901,3656,1235,0.337800875273523,3656,687,0.1879102844638949,3656,173,0.0473194748358862,60245,0.060245,21146.983152128807,0.6682666422450724
360610020001,360610020001,Block Group 1; Census Tract 20; New York County; New York,Manhattan,1950,809,809,1.0,519,244,0.4701348747591522,333,0.1707692307692307,623,0.3194871794871795,19,0.0097435897435897,211,0.1082051282051282,218,0.1117948717948718,1483,0.7605128205128205,190,0.2348578491965389,36061002000,5048,1790,0.3545958795562599,5048,1240,0.2456418383518225,5048,83,0.0164421553090332,77124,0.077124,25283.958300918,0.8607402498518476
360610210001,360610210001,Block Group 1; Census Tract 210; New York County; New York,Manhattan,1201,736,568,0.7717391304347826,495,133,0.2686868686868687,151,0.1257285595337219,292,0.2431307243963363,72,0.0599500416319733,1030,0.8576186511240633,19,0.015820149875104,21,0.0174854288093255,0,0.0,36061021000,6518,2392,0.3669837373427432,6552,1255,0.1915445665445665,6552,424,0.0647130647130647,54396,0.054396,22078.82932568571,0.8037078650859296
360610211001,360610211001,Block Group 1; Census Tract 211; New York County; New York,Manhattan,2000,552,516,0.9347826086956522,1247,140,0.1122694466720128,39,0.0195,130,0.065,725,0.3625,27,0.0135,742,0.371,405,0.2025,0,0.0,36061021100,8749,2596,0.2967196251000114,9846,1796,0.1824091001421897,9846,404,0.0410318911232988,164800,0.1648,12135.922330097088,0.7174771025966404
360610212001,360610212001,Block Group 1; Census Tract 212; New York County; New York,Manhattan,2721,1080,978,0.9055555555555556,1150,578,0.5026086956521739,496,0.1822859242925395,509,0.1870635795663359,391,0.1436971701580301,1389,0.5104740904079382,80,0.0294009555310547,751,0.2760014700477765,151,0.1398148148148148,36061021200,5010,1037,0.2069860279441117,5036,455,0.0903494837172359,5036,239,0.0474583002382843,50201,0.050201,54202.10752773849,0.8757548557630269
360610213031,360610213031,Block Group 1; Census Tract 213.03; New York County; New York,Manhattan,462,312,312,1.0,182,32,0.1758241758241758,0,0.0,164,0.354978354978355,51,0.1103896103896103,217,0.4696969696969697,37,0.08008658008658,157,0.3398268398268398,113,0.3621794871794871,36061021303,5795,1228,0.21190681622088,5804,800,0.1378359751895244,5804,353,0.0608201240523776,42341,0.042341,10911.409744691908,0.6891334900773427
360610214001,360610214001,Block Group 1; Census Tract 214; New York County; New York,Manhattan,1421,1079,1079,1.0,889,405,0.4555680539932508,96,0.0675580577058409,196,0.1379310344827586,128,0.0900774102744546,1044,0.7346938775510204,10,0.0070372976776917,89,0.0626319493314567,0,0.0,36061021400,2911,714,0.2452765372724149,2953,599,0.2028445648493058,2953,270,0.091432441584829,96950,0.09695,14657.039711191335,0.8900118179027622
360610215001,360610215001,Block Group 1; Census Tract 215; New York County; New York,Manhattan,973,460,444,0.9652173913043478,528,298,0.5643939393939394,248,0.2548818088386433,74,0.0760534429599177,279,0.2867420349434738,350,0.3597122302158273,170,0.1747173689619733,87,0.0894141829393627,41,0.0891304347826087,36061021500,3863,750,0.194149624644059,3863,457,0.1183018379497799,3863,308,0.0797307791871602,28095,0.028095,34632.49688556683,0.8071239694451998
360610216001,360610216001,Block Group 1; Census Tract 216; New York County; New York,Manhattan,3024,920,826,0.8978260869565218,1535,612,0.3986970684039088,868,0.287037037037037,140,0.0462962962962962,432,0.1428571428571428,1735,0.5737433862433863,51,0.0168650793650793,679,0.224537037037037,22,0.0239130434782608,36061021600,8905,1397,0.1568781583380123,8912,732,0.0821364452423698,8912,690,0.077423698384201,47556,0.047556,63588.19076457229,0.8647047072702558
360610218001,360610218001,Block Group 1; Census Tract 218; New York County; New York,Manhattan,730,282,174,0.6170212765957447,340,187,0.55,202,0.2767123287671232,30,0.0410958904109589,351,0.4808219178082192,189,0.2589041095890411,56,0.0767123287671232,33,0.0452054794520547,0,0.0,36061021800,6127,849,0.1385669985310919,6128,864,0.1409921671018277,6128,337,0.0549934725848563,45492,0.045492,16046.77745537677,0.745294488615859
360610219001,360610219001,Block Group 1; Census Tract 219; New York County; New York,Manhattan,943,280,280,1.0,227,141,0.6211453744493393,415,0.440084835630965,71,0.0752916224814422,64,0.0678685047720042,295,0.312831389183457,9,0.009544008483563,575,0.6097560975609756,0,0.0,36061021900,5277,2042,0.386962289179458,5358,826,0.1541620007465472,5358,274,0.0511384845091452,157087,0.157087,6003.042899794381,0.7399263372048445
360610021001,360610021001,Block Group 1; Census Tract 21; New York County; New York,Manhattan,1938,787,519,0.6594663278271918,1111,589,0.5301530153015301,506,0.26109391124871,312,0.1609907120743034,1475,0.7610939112487101,56,0.0288957688338493,126,0.0650154798761609,241,0.1243550051599587,7,0.0088945362134688,36061002100,7441,69,0.0092729471845182,7441,318,0.0427361913721274,7441,85,0.0114231958070151,61166,0.061166,31684.269038354643,0.7714809355543498
360610022011,360610022011,Block Group 1; Census Tract 22.01; New York County; New York,Manhattan,2250,1123,1099,0.9786286731967944,1120,689,0.6151785714285715,324,0.144,348,0.1546666666666666,822,0.3653333333333333,624,0.2773333333333333,227,0.1008888888888888,371,0.1648888888888889,92,0.0819234194122885,36061002201,6780,1971,0.2907079646017699,6780,1387,0.2045722713864306,6780,463,0.0682890855457227,34177,0.034177,65833.74784211605,0.6876213521976642
360610022021,360610022021,Block Group 1; Census Tract 22.02; New York County; New York,Manhattan,2502,1052,996,0.946768060836502,1773,684,0.3857868020304568,147,0.0587529976019184,146,0.0583533173461231,1429,0.5711430855315748,167,0.0667466027178257,294,0.1175059952038369,562,0.2246203037569944,74,0.0703422053231939,36061002202,2492,324,0.1300160513643659,2494,222,0.0890136327185244,2494,171,0.0685645549318364,56108,0.056108,44592.571469309194,0.6773498088872696
360610220001,360610220001,Block Group 1; Census Tract 220; New York County; New York,Manhattan,565,160,112,0.7,251,94,0.3745019920318725,92,0.1628318584070796,54,0.095575221238938,167,0.295575221238938,73,0.1292035398230088,30,0.0530973451327433,266,0.4707964601769911,17,0.10625,36061022000,6017,1513,0.2514542130629882,6087,501,0.0823065549531789,6087,336,0.055199605717102,43672,0.043672,12937.351163216706,0.7638135652398942
360610221021,360610221021,Block Group 1; Census Tract 221.02; New York County; New York,Manhattan,1050,663,651,0.9819004524886876,667,387,0.5802098950524738,96,0.0914285714285714,25,0.0238095238095238,343,0.3266666666666666,429,0.4085714285714286,57,0.0542857142857142,101,0.0961904761904761,10,0.0150829562594268,36061022102,2350,344,0.1463829787234042,2350,147,0.0625531914893617,2350,122,0.0519148936170212,48054,0.048054,21850.418279435635,0.7602212564329692
360610222001,360610222001,Block Group 1; Census Tract 222; New York County; New York,Manhattan,2145,986,935,0.9482758620689656,1011,583,0.5766567754698319,459,0.213986013986014,122,0.0568764568764568,514,0.2396270396270396,844,0.3934731934731935,46,0.0214452214452214,624,0.2909090909090909,0,0.0,36061022200,3595,673,0.1872044506258692,3595,437,0.121557719054242,3595,81,0.0225312934631432,90687,0.090687,23652.783750702965,0.8671452929082801
360610223011,360610223011,Block Group 1; Census Tract 223.01; New York County; New York,Manhattan,1502,430,430,1.0,474,303,0.6392405063291139,475,0.3162450066577896,145,0.0965379494007989,54,0.0359520639147802,81,0.0539280958721704,18,0.0119840213049267,1334,0.8881491344873502,100,0.2325581395348837,36061022301,7226,2307,0.3192637697204539,7226,1169,0.1617769166897315,7226,485,0.0671187378909493,23630,0.02363,63563.26703343207,0.7169565323637018
360610224001,360610224001,Block Group 1; Census Tract 224; New York County; New York,Manhattan,1717,563,563,1.0,564,184,0.3262411347517731,697,0.4059405940594059,162,0.0943506115317414,100,0.05824111822947,1214,0.7070471753057659,54,0.0314502038439138,203,0.1182294700058241,91,0.1616341030195381,36061022400,6591,2756,0.4181459566074951,6641,1362,0.205089594940521,6641,349,0.0525523264568589,43325,0.043325,39630.69821119446,0.9594305808573964
360610225001,360610225001,Block Group 1; Census Tract 225; New York County; New York,Manhattan,3086,1091,1091,1.0,1141,765,0.670464504820333,353,0.1143875567077122,713,0.2310434219053791,303,0.0981853532080363,842,0.2728451069345431,73,0.0236552171095268,1691,0.5479585223590409,245,0.224564619615032,36061022500,11262,2790,0.2477357485348961,11309,1853,0.1638517994517641,11309,653,0.0577416217172163,144025,0.144025,21426.83561881618,0.5805030970983857
360610226001,360610226001,Block Group 1; Census Tract 226; New York County; New York,Manhattan,1350,667,637,0.9550224887556222,750,303,0.404,149,0.1103703703703703,97,0.0718518518518518,273,0.2022222222222222,649,0.4807407407407407,111,0.0822222222222222,304,0.2251851851851851,103,0.1544227886056971,36061022600,5633,937,0.166341203621516,5667,679,0.119816481383448,5667,326,0.0575260278807129,43238,0.043238,31222.53573245756,0.9533563651568374
360610227001,360610227001,Block Group 1; Census Tract 227; New York County; New York,Manhattan,1242,445,378,0.849438202247191,875,265,0.3028571428571429,74,0.0595813204508856,213,0.1714975845410628,284,0.2286634460547504,360,0.2898550724637681,35,0.0281803542673107,131,0.1054750402576489,0,0.0,36061022700,5856,1190,0.2032103825136612,5856,928,0.1584699453551912,5856,412,0.0703551912568306,53622,0.053622,23162.134944612284,0.6269509169818662
360610228001,360610228001,Block Group 1; Census Tract 228; New York County; New York,Manhattan,2728,1100,1074,0.9763636363636364,1348,904,0.6706231454005934,524,0.1920821114369501,396,0.1451612903225806,167,0.0612170087976539,1619,0.593475073313783,91,0.033357771260997,785,0.2877565982404692,116,0.1054545454545454,36061022800,5663,1384,0.2443934310436164,5713,1020,0.1785401715385962,5713,169,0.0295816558725713,43593,0.043593,62578.854403229874,0.9071999714149788
360610229001,360610229001,Block Group 1; Census Tract 229; New York County; New York,Manhattan,1314,556,549,0.987410071942446,957,407,0.425287356321839,18,0.0136986301369863,119,0.0905631659056316,256,0.1948249619482496,236,0.1796042617960426,54,0.0410958904109589,686,0.5220700152207002,29,0.0521582733812949,36061022900,7702,2360,0.3064139184627369,7702,1044,0.1355492079979226,7702,480,0.0623214749415736,24124,0.024124,54468.57900845631,0.6499861571067334
360610230001,360610230001,Block Group 1; Census Tract 230; New York County; New York,Manhattan,1698,868,868,1.0,627,429,0.6842105263157895,217,0.1277974087161366,534,0.3144876325088339,0,0.0,1189,0.7002355712603062,242,0.1425206124852768,267,0.1572438162544169,190,0.2188940092165898,36061023000,8764,4277,0.4880191693290734,8773,2185,0.2490596147270033,8773,401,0.0457084235723241,21541,0.021541,78826.42402859662,0.8647335614941558
360610231001,360610231001,Block Group 1; Census Tract 231; New York County; New York,Manhattan,1182,418,418,1.0,395,305,0.7721518987341772,273,0.2309644670050761,123,0.1040609137055837,76,0.0642978003384094,335,0.2834179357021996,43,0.0363790186125211,664,0.5617597292724196,135,0.3229665071770335,36061023100,7110,1493,0.2099859353023909,7126,729,0.1023014313780522,7126,396,0.0555711479090653,53719,0.053719,22003.38800052123,0.6337315072792569
360610232001,360610232001,Block Group 1; Census Tract 232; New York County; New York,Manhattan,1818,597,597,1.0,403,204,0.5062034739454094,569,0.3129812981298129,20,0.011001100110011,189,0.1039603960396039,291,0.16006600660066,33,0.0181518151815181,1176,0.6468646864686468,9,0.0150753768844221,36061023200,9183,4815,0.5243384514864423,9183,1595,0.1736905150822171,9183,710,0.077316781008385,46734,0.046734,38901.01425086661,0.9042485389394154
360610233001,360610233001,Block Group 1; Census Tract 233; New York County; New York,Manhattan,1995,1040,952,0.9153846153846154,1066,648,0.6078799249530957,135,0.0676691729323308,347,0.1739348370927318,943,0.4726817042606516,474,0.237593984962406,132,0.0661654135338345,446,0.2235588972431077,43,0.0413461538461538,36061023300,7341,1439,0.1960223402806157,7365,770,0.1045485403937542,7365,572,0.0776646300067888,145227,0.145227,13737.114999276995,0.8228584228411617
360610234001,360610234001,Block Group 1; Census Tract 234; New York County; New York,Manhattan,1840,672,644,0.9583333333333334,960,726,0.75625,270,0.1467391304347826,138,0.075,84,0.0456521739130434,1214,0.6597826086956522,0,0.0,358,0.1945652173913043,0,0.0,36061023400,5442,1447,0.2658948915839765,5442,630,0.1157662624035281,5442,820,0.1506798970966556,43093,0.043093,42698.350080059405,0.6521062805230476
360610235011,360610235011,Block Group 1; Census Tract 235.01; New York County; New York,Manhattan,637,314,265,0.8439490445859873,351,275,0.7834757834757835,75,0.1177394034536891,15,0.0235478806907378,61,0.0957613814756671,288,0.4521193092621664,0,0.0,234,0.3673469387755102,0,0.0,36061023501,7506,1295,0.1725286437516653,7506,1130,0.1505462296829203,7506,522,0.0695443645083932,39665,0.039665,16059.498298247829,0.8528845849492942
360610235021,360610235021,Block Group 1; Census Tract 235.02; New York County; New York,Manhattan,1858,867,833,0.9607843137254902,707,531,0.751060820367751,347,0.1867599569429494,313,0.1684607104413347,147,0.0791173304628632,1254,0.6749192680301399,23,0.0123789020452099,336,0.1808396124865446,121,0.1395617070357555,36061023502,1858,686,0.3692142088266953,1858,351,0.1889128094725511,1858,190,0.1022604951560818,41338,0.041338,44946.538294063575,0.753582397779475
360610236001,360610236001,Block Group 1; Census Tract 236; New York County; New York,Manhattan,3090,846,846,1.0,1016,599,0.5895669291338582,1281,0.4145631067961165,183,0.0592233009708737,0,0.0,1993,0.6449838187702266,30,0.0097087378640776,748,0.2420711974110032,133,0.1572104018912529,36061023600,11040,1708,0.1547101449275362,11042,2175,0.1969751856547726,11042,515,0.0466401014309002,53350,0.05335,57919.400187441424,0.6480522362177137
360610237001,360610237001,Block Group 1; Census Tract 237; New York County; New York,Manhattan,3018,1077,1077,1.0,1180,756,0.6406779661016949,584,0.1935056328694499,503,0.1666666666666666,507,0.1679920477137177,774,0.2564612326043737,52,0.0172299536116633,1434,0.4751491053677932,254,0.2358402971216341,36061023700,6453,1903,0.2949015961568262,6676,1002,0.1500898741761533,6676,650,0.097363690832834,43547,0.043547,69304.42969664959,0.788170849729108
360610238021,360610238021,Block Group 1; Census Tract 238.02; New York County; New York,Manhattan,4116,1990,1927,0.9683417085427136,1906,1118,0.5865687303252886,699,0.1698250728862973,831,0.2018950437317784,1862,0.4523809523809524,366,0.0889212827988338,1084,0.2633624878522838,494,0.1200194363459669,408,0.2050251256281407,36061023802,4116,337,0.0818756073858114,4116,482,0.1171039844509232,4116,384,0.0932944606413994,116897,0.116897,35210.48444356998,0.3160961606793932
360610238031,360610238031,Block Group 1; Census Tract 238.03; New York County; New York,Manhattan,1515,719,719,1.0,874,553,0.6327231121281465,192,0.1267326732673267,266,0.1755775577557755,542,0.3577557755775578,147,0.097029702970297,464,0.3062706270627062,243,0.1603960396039604,168,0.2336578581363004,36061023803,3270,348,0.1064220183486238,3270,382,0.1168195718654434,3270,82,0.0250764525993883,55293,0.055293,27399.48998969128,0.4838829081274745
360610238041,360610238041,Block Group 1; Census Tract 238.04; New York County; New York,Manhattan,356,115,115,1.0,204,68,0.3333333333333333,65,0.1825842696629213,0,0.0,40,0.1123595505617977,0,0.0,200,0.5617977528089888,38,0.1067415730337078,5,0.0434782608695652,36061023804,3430,608,0.1772594752186589,3546,40,0.0112803158488437,3546,59,0.0166384658770445,147847,0.147847,2407.8946478454077,0.4747690357170179
360610239001,360610239001,Block Group 1; Census Tract 239; New York County; New York,Manhattan,1389,504,461,0.9146825396825397,765,461,0.6026143790849673,284,0.2044636429085673,131,0.0943124550035997,199,0.1432685385169186,279,0.2008639308855291,51,0.0367170626349892,804,0.5788336933045356,40,0.0793650793650793,36061023900,3184,576,0.1809045226130653,3184,946,0.2971105527638191,3184,238,0.0747487437185929,27517,0.027517,50477.88639749973,0.7723313606986559
360610241001,360610241001,Block Group 1; Census Tract 241; New York County; New York,Manhattan,2285,1043,948,0.9089165867689356,1091,759,0.6956920256645279,252,0.1102844638949671,764,0.3343544857768052,376,0.1645514223194748,924,0.4043763676148796,24,0.0105032822757111,907,0.3969365426695842,178,0.1706615532118887,36061024100,7838,1663,0.2121714723143659,7915,1943,0.245483259633607,7915,788,0.099557801642451,74706,0.074706,30586.56600540787,0.8878460282251287
360610242001,360610242001,Block Group 1; Census Tract 242; New York County; New York,Manhattan,3164,1080,1080,1.0,818,532,0.6503667481662592,1039,0.3283817951959545,368,0.1163084702907711,211,0.0666877370417193,1799,0.5685840707964602,0,0.0,1143,0.3612515802781289,61,0.0564814814814814,36061024200,5847,1684,0.2880109457841628,5831,999,0.1713256731263934,5831,478,0.0819756474018178,97040,0.09704,32605.111294311624,0.7916099266192325
360610243011,360610243011,Block Group 1; Census Tract 243.01; New York County; New York,Manhattan,1704,331,331,1.0,754,253,0.3355437665782493,376,0.2206572769953051,227,0.1332159624413145,51,0.0299295774647887,297,0.1742957746478873,0,0.0,1308,0.7676056338028169,13,0.039274924471299,36061024301,4539,758,0.1669971359330249,4539,886,0.1951971799955937,4539,733,0.1614893148270544,30978,0.030978,55006.77900445478,0.8584884046464234
360610243021,360610243021,Block Group 1; Census Tract 243.02; New York County; New York,Manhattan,2694,986,986,1.0,889,312,0.3509561304836895,623,0.2312546399406087,401,0.1488492947290274,0,0.0,999,0.3708240534521158,0,0.0,1627,0.6039346696362287,82,0.0831643002028397,36061024302,7547,3154,0.4179144030740692,7627,1447,0.1897207289891176,7627,490,0.0642454438180149,104013,0.104013,25900.60857777393,0.6676845453360345
360610245001,360610245001,Block Group 1; Census Tract 245; New York County; New York,Manhattan,2100,839,839,1.0,567,341,0.6014109347442681,0,0.0,736,0.3504761904761905,430,0.2047619047619047,16,0.0076190476190476,47,0.0223809523809523,1607,0.7652380952380953,124,0.1477949940405244,36061024500,14577,4599,0.315497015846882,14577,3485,0.2390752555395486,14577,528,0.0362214447417164,27399,0.027399,76645.13303405234,0.8410254925899441
360610247001,360610247001,Block Group 1; Census Tract 247; New York County; New York,Manhattan,1497,650,538,0.8276923076923077,700,367,0.5242857142857142,185,0.1235804943219772,441,0.2945891783567134,546,0.3647294589178356,418,0.2792251169004676,16,0.010688042752171,517,0.3453573814295257,0,0.0,36061024700,6102,1172,0.1920681743690593,6102,1554,0.2546705998033431,6102,138,0.0226155358898721,131738,0.131738,11363.46384490428,0.8120847062434137
360610249001,360610249001,Block Group 1; Census Tract 249; New York County; New York,Manhattan,984,470,464,0.9872340425531916,538,254,0.4721189591078067,91,0.0924796747967479,235,0.2388211382113821,192,0.1951219512195122,146,0.1483739837398374,36,0.0365853658536585,534,0.5426829268292683,56,0.1191489361702127,36061024900,984,95,0.0965447154471544,984,192,0.1951219512195122,984,51,0.0518292682926829,60659,0.060659,16221.830231292966,0.8689692688791768
360610024001,360610024001,Block Group 1; Census Tract 24; New York County; New York,Manhattan,2471,869,869,1.0,667,448,0.671664167916042,553,0.2237960339943343,401,0.1622824767300688,43,0.0174018615944961,508,0.2055847834884662,100,0.0404694455685957,1774,0.7179279643868879,134,0.1542002301495972,36061002400,4523,2178,0.4815388016803006,4523,1304,0.288304222860933,4523,184,0.0406809639619721,54216,0.054216,45576.95145344548,0.7406183969940959
360610251001,360610251001,Block Group 1; Census Tract 251; New York County; New York,Manhattan,1257,385,385,1.0,434,304,0.7004608294930875,217,0.1726332537788385,202,0.1607000795544948,132,0.1050119331742243,212,0.1686555290373906,24,0.0190930787589498,881,0.7008750994431185,79,0.2051948051948052,36061025100,2375,699,0.2943157894736842,2502,550,0.21982414068745,2502,179,0.0715427657873701,121449,0.121449,10350.023466640318,0.7082304822554193
360610253001,360610253001,Block Group 1; Census Tract 253; New York County; New York,Manhattan,1248,465,465,1.0,289,211,0.7301038062283737,417,0.3341346153846153,285,0.2283653846153846,130,0.1041666666666666,0,0.0,0,0.0,1051,0.8421474358974359,66,0.1419354838709677,36061025300,10132,1826,0.1802210817212791,10172,1541,0.1514942980731419,10172,555,0.0545615414864333,21934,0.021934,56897.966627154194,0.8779433685369052
360610255001,360610255001,Block Group 1; Census Tract 255; New York County; New York,Manhattan,1437,251,251,1.0,725,149,0.2055172413793103,34,0.0236604036186499,18,0.0125260960334029,667,0.4641614474599861,87,0.0605427974947807,479,0.3333333333333333,107,0.0744606819763396,0,0.0,36061025500,4574,915,0.20004372540446,5480,694,0.1266423357664233,5480,433,0.0790145985401459,341074,0.341074,4213.161953124542,0.6890517103585689
360610257001,360610257001,Block Group 1; Census Tract 257; New York County; New York,Manhattan,1344,678,657,0.9690265486725664,770,365,0.474025974025974,90,0.0669642857142857,286,0.212797619047619,329,0.2447916666666666,679,0.5052083333333334,35,0.0260416666666666,180,0.1339285714285714,20,0.0294985250737463,36061025700,4443,712,0.1602520819266261,4443,384,0.0864280891289669,4443,191,0.0429889714157101,56514,0.056514,23781.71780443784,0.8375264626400881
360610259001,360610259001,Block Group 1; Census Tract 259; New York County; New York,Manhattan,2473,989,783,0.7917087967644085,1384,801,0.578757225433526,699,0.2826526486049333,68,0.0274969672462596,431,0.1742822482814395,696,0.2814395471087748,134,0.0541852001617468,1082,0.4375252729478366,79,0.0798786653185035,36061025900,4779,761,0.1592383343795773,4790,357,0.0745302713987473,4790,618,0.1290187891440501,38440,0.03844,64334.02705515088,0.6675675102468419
360610025001,360610025001,Block Group 1; Census Tract 25; New York County; New York,Manhattan,1089,273,273,1.0,86,41,0.4767441860465116,567,0.5206611570247934,77,0.0707070707070707,0,0.0,639,0.5867768595041323,149,0.1368227731864095,301,0.2764003673094582,65,0.238095238095238,36061002500,4476,2408,0.5379803395889187,4476,904,0.2019660411081322,4476,148,0.033065236818588,35945,0.035945,30296.285992488527,0.7723160041217894
360610026011,360610026011,Block Group 1; Census Tract 26.01; New York County; New York,Manhattan,2085,1072,1067,0.9953358208955224,736,305,0.4144021739130434,252,0.1208633093525179,252,0.1208633093525179,598,0.286810551558753,644,0.308872901678657,57,0.0273381294964028,754,0.361630695443645,119,0.1110074626865671,36061002601,4199,1382,0.3291259823767564,4199,1094,0.2605382233865206,4199,253,0.0602524410573946,53344,0.053344,39085.93281343731,0.7135871513174803
360610026021,360610026021,Block Group 1; Census Tract 26.02; New York County; New York,Manhattan,1880,1008,869,0.8621031746031746,1197,631,0.5271512113617377,114,0.0606382978723404,230,0.1223404255319148,1132,0.6021276595744681,245,0.1303191489361702,92,0.0489361702127659,332,0.176595744680851,37,0.0367063492063492,36061002602,3528,567,0.1607142857142857,3528,689,0.1952947845804988,3528,117,0.0331632653061224,52125,0.052125,36067.14628297362,0.6985564413671528
360610261001,360610261001,Block Group 1; Census Tract 261; New York County; New York,Manhattan,1176,560,560,1.0,409,149,0.3643031784841076,31,0.026360544217687,339,0.288265306122449,92,0.0782312925170068,6,0.0051020408163265,0,0.0,1078,0.9166666666666666,87,0.1553571428571428,36061026100,11982,4282,0.357369387414455,12041,2403,0.1995681421808819,12041,1529,0.1269828087368159,33554,0.033554,35047.982356798,0.8945252313481988
360610263001,360610263001,Block Group 1; Census Tract 263; New York County; New York,Manhattan,1256,441,441,1.0,622,303,0.4871382636655949,204,0.1624203821656051,179,0.1425159235668789,281,0.2237261146496815,135,0.107484076433121,0,0.0,743,0.5915605095541401,44,0.0997732426303854,36061026300,8342,1502,0.1800527451450491,8342,1344,0.1611124430592184,8342,1239,0.1485255334452169,36427,0.036427,34479.91874159277,0.7394871510176804
360610265001,360610265001,Block Group 1; Census Tract 265; New York County; New York,Manhattan,1500,638,571,0.8949843260188087,776,281,0.3621134020618556,106,0.0706666666666666,135,0.09,827,0.5513333333333333,249,0.166,24,0.016,358,0.2386666666666666,43,0.067398119122257,36061026500,7665,852,0.1111545988258317,7702,955,0.1239937678525058,7702,660,0.0856920280446637,16298,0.016298,92035.83261749908,0.7855709267074875
360610267001,360610267001,Block Group 1; Census Tract 267; New York County; New York,Manhattan,2227,591,591,1.0,1006,406,0.4035785288270377,373,0.1674898967220476,161,0.0722945666816344,1053,0.4728334081724293,5,0.0022451728783116,101,0.0453524921418949,1037,0.465648854961832,84,0.1421319796954314,36061026700,1690,292,0.1727810650887574,2227,110,0.0493938033228558,2227,179,0.0803771890435563,47339,0.047339,47043.66378672976,0.788804884746282
360610269001,360610269001,Block Group 1; Census Tract 269; New York County; New York,Manhattan,801,360,360,1.0,307,187,0.6091205211726385,129,0.1610486891385767,84,0.1048689138576779,128,0.1598002496878901,4,0.0049937578027465,94,0.1173533083645443,572,0.714107365792759,85,0.2361111111111111,36061026900,7414,1069,0.1441866738602643,7594,1256,0.1653937318936002,7594,507,0.0667632341322096,23210,0.02321,34510.98664368806,0.5163111496764268
360610271001,360610271001,Block Group 1; Census Tract 271; New York County; New York,Manhattan,2004,807,771,0.9553903345724908,722,499,0.6911357340720221,0,0.0,446,0.2225548902195608,314,0.156686626746507,26,0.0129740518962075,87,0.0434131736526946,1577,0.7869261477045908,352,0.436183395291202,36061027100,7742,1165,0.1504779126840609,7742,861,0.1112115732368897,7742,721,0.093128390596745,29659,0.029659,67568.02319700597,0.8624325031304003
360610273001,360610273001,Block Group 1; Census Tract 273; New York County; New York,Manhattan,1845,805,683,0.8484472049689441,1067,478,0.4479850046860356,470,0.2547425474254742,198,0.1073170731707317,1429,0.7745257452574525,30,0.016260162601626,6,0.0032520325203252,342,0.1853658536585365,0,0.0,36061027300,7434,332,0.0446596717783158,7434,552,0.0742534301856335,7434,102,0.0137207425343018,61823,0.061823,29843.262216327257,0.777058351502299
360610275001,360610275001,Block Group 1; Census Tract 275; New York County; New York,Manhattan,1198,603,463,0.7678275290215588,612,294,0.4803921568627451,134,0.1118530884808013,383,0.3196994991652754,877,0.7320534223706177,30,0.025041736227045,33,0.0275459098497495,164,0.1368948247078464,0,0.0,36061027500,3164,169,0.0534134007585335,3164,658,0.2079646017699115,3164,82,0.0259165613147914,230272,0.230272,5202.543079488604,0.6056351649651553
360610277001,360610277001,Block Group 1; Census Tract 277; New York County; New York,Manhattan,1222,195,195,1.0,384,329,0.8567708333333334,54,0.044189852700491,634,0.5188216039279869,341,0.279050736497545,326,0.2667757774140752,21,0.0171849427168576,486,0.397708674304419,0,0.0,36061027700,5817,1307,0.2246862643974557,5817,778,0.1337459171394189,5817,449,0.0771875537218497,103418,0.103418,11816.124852540175,0.8740209657102036
360610279001,360610279001,Block Group 1; Census Tract 279; New York County; New York,Manhattan,1076,580,580,1.0,615,282,0.4585365853658537,122,0.1133828996282527,130,0.120817843866171,866,0.8048327137546468,0,0.0,0,0.0,99,0.0920074349442379,128,0.2206896551724138,36061027900,9587,1033,0.1077500782309377,9587,1130,0.1178679461771148,9587,679,0.0708250756232398,22684,0.022684,47434.314935637456,0.776807351798818
360610027001,360610027001,Block Group 1; Census Tract 27; New York County; New York,Manhattan,1101,620,463,0.7467741935483871,445,141,0.3168539325842696,78,0.0708446866485013,343,0.3115349682107175,206,0.1871026339691189,1,0.0009082652134423,866,0.7865576748410535,10,0.0090826521344232,116,0.1870967741935484,36061002700,1095,99,0.0904109589041095,1095,268,0.2447488584474886,1095,50,0.045662100456621,59282,0.059282,18572.247899868424,0.7700051961571328
360610281001,360610281001,Block Group 1; Census Tract 281; New York County; New York,Manhattan,799,463,463,1.0,444,235,0.5292792792792793,162,0.2027534418022528,64,0.0801001251564455,591,0.7396745932415519,14,0.0175219023779724,0,0.0,26,0.032540675844806,9,0.019438444924406,36061028100,3120,135,0.0432692307692307,3120,187,0.0599358974358974,3120,65,0.0208333333333333,17992,0.017992,44408.6260560249,0.7765197352614485
360610283001,360610283001,Block Group 1; Census Tract 283; New York County; New York,Manhattan,498,205,205,1.0,298,253,0.8489932885906041,33,0.0662650602409638,62,0.1244979919678714,97,0.1947791164658634,5,0.0100401606425702,0,0.0,396,0.7951807228915663,0,0.0,36061028300,7961,1315,0.1651802537369677,8016,1332,0.1661676646706587,8016,715,0.0891966067864271,14589,0.014589,34135.307423401195,0.4397974240520208
360610285001,360610285001,Block Group 1; Census Tract 285; New York County; New York,Manhattan,1787,584,584,1.0,650,380,0.5846153846153846,306,0.1712367095691102,373,0.208729714605484,85,0.0475657526580861,29,0.0162283156127588,0,0.0,1645,0.9205372132064912,156,0.2671232876712329,36061028500,7045,2130,0.3023420865862313,7094,986,0.1389906963631237,7094,525,0.0740062024245841,40147,0.040147,44511.420529553885,0.6206279468003494
360610287001,360610287001,Block Group 1; Census Tract 287; New York County; New York,Manhattan,1152,373,325,0.871313672922252,614,232,0.3778501628664495,320,0.2777777777777778,132,0.1145833333333333,657,0.5703125,67,0.0581597222222222,10,0.0086805555555555,255,0.2213541666666666,0,0.0,36061028700,3690,612,0.1658536585365853,3690,297,0.0804878048780487,3690,125,0.0338753387533875,464460,0.46446,2480.299702880765,0.6336377295610982
360610028001,360610028001,Block Group 1; Census Tract 28; New York County; New York,Manhattan,338,204,204,1.0,179,86,0.4804469273743016,14,0.0414201183431952,97,0.2869822485207101,109,0.3224852071005917,126,0.3727810650887574,70,0.2071005917159763,33,0.0976331360946745,37,0.1813725490196078,36061002800,6483,1262,0.1946629646768471,6497,1636,0.2518085270124673,6497,167,0.0257041711559181,19945,0.019945,16946.603158686386,0.7961637239168396
360610029021,360610029021,Block Group 1; Census Tract 29.02; New York County; New York,Manhattan,852,342,342,1.0,305,42,0.1377049180327869,0,0.0,369,0.4330985915492957,95,0.1115023474178403,0,0.0,747,0.8767605633802817,10,0.0117370892018779,51,0.1491228070175438,36061002902,3492,1152,0.3298969072164948,3493,521,0.1491554537646722,3493,308,0.0881763527054108,22983,0.022983,37070.87847539486,0.7588526496462555
360610291001,360610291001,Block Group 1; Census Tract 291; New York County; New York,Manhattan,966,463,463,1.0,324,181,0.558641975308642,213,0.2204968944099379,149,0.1542443064182194,113,0.1169772256728778,89,0.0921325051759834,0,0.0,731,0.7567287784679089,143,0.3088552915766738,36061029100,10834,1528,0.1410374746169466,10870,1568,0.1442502299908003,10870,546,0.0502299908003679,21021,0.021021,45954.04595404595,0.7954373097098708
360610293001,360610293001,Block Group 1; Census Tract 293; New York County; New York,Manhattan,1702,639,639,1.0,786,468,0.5954198473282443,297,0.1745005875440658,203,0.1192714453584018,73,0.0428907168037602,56,0.0329024676850763,68,0.0399529964747356,1505,0.8842538190364277,305,0.4773082942097026,36061029300,8011,2866,0.357758082636375,8011,1674,0.2089626763200599,8011,555,0.0692797403570091,41790,0.04179,40727.446757597514,0.8778867546009597
360610295001,360610295001,Block Group 1; Census Tract 295; New York County; New York,Manhattan,2787,1047,812,0.775549188156638,1675,821,0.4901492537313432,488,0.1750986724076067,585,0.2099031216361679,859,0.3082167204879799,159,0.0570505920344456,106,0.0380337280229637,1135,0.4072479368496591,50,0.0477554918815663,36061029500,7564,419,0.0553939714436805,7565,920,0.1216126900198281,7565,455,0.0601454064771976,36342,0.036342,76688.12943701503,0.7041235201453031
360610299001,360610299001,Block Group 1; Census Tract 299; New York County; New York,Manhattan,2821,1109,1109,1.0,945,534,0.5650793650793651,561,0.1988656504785537,636,0.2254519673874512,17,0.0060262318326834,587,0.2080822403403048,0,0.0,2132,0.7557603686635944,371,0.3345356176735798,36061029900,3532,657,0.186013590033975,3532,1035,0.2930351075877689,3532,138,0.0390713476783691,75867,0.075867,37183.49216391843,0.8071746956421437
360610030011,360610030011,Block Group 1; Census Tract 30.01; New York County; New York,Manhattan,1490,879,879,1.0,1089,612,0.5619834710743802,91,0.0610738255033557,118,0.0791946308724832,706,0.4738255033557047,312,0.2093959731543624,60,0.0402684563758389,372,0.2496644295302013,67,0.0762229806598407,36061003001,4256,790,0.1856203007518796,4270,582,0.1362997658079625,4270,187,0.0437939110070257,31204,0.031204,47750.28842456095,0.8488906987735751
360610030021,360610030021,Block Group 1; Census Tract 30.02; New York County; New York,Manhattan,1878,1077,1067,0.9907149489322192,1466,885,0.6036834924965894,94,0.0500532481363152,121,0.064430244941427,1198,0.6379126730564431,53,0.0282215122470713,290,0.154419595314164,275,0.1464323748668796,57,0.0529247910863509,36061003002,2833,622,0.2195552417931521,2833,414,0.1461348393928697,2833,79,0.0278856336039534,37102,0.037102,50617.217400679205,0.838204239720171
360610303001,360610303001,Block Group 1; Census Tract 303; New York County; New York,Manhattan,866,382,382,1.0,379,296,0.7810026385224275,91,0.1050808314087759,262,0.302540415704388,123,0.1420323325635104,45,0.0519630484988452,44,0.0508083140877598,571,0.6593533487297921,106,0.2774869109947644,36061030300,3309,421,0.1272287700211544,3309,510,0.1541251133272892,3309,138,0.041704442429737,47818,0.047818,18110.33502028525,0.8692343540762731
360610307001,360610307001,Block Group 1; Census Tract 307; New York County; New York,Manhattan,740,425,355,0.8352941176470589,500,332,0.664,61,0.0824324324324324,42,0.0567567567567567,433,0.5851351351351352,10,0.0135135135135135,10,0.0135135135135135,274,0.3702702702702702,53,0.1247058823529411,36061030700,3563,111,0.0311535223126578,3563,513,0.1439797923098512,3563,143,0.040134717934325,28909,0.028909,25597.564772216265,0.8748022004809975
360610317031,360610317031,Block Group 1; Census Tract 317.03; New York County; New York,Manhattan,342,174,174,1.0,265,77,0.290566037735849,24,0.0701754385964912,53,0.1549707602339181,192,0.5614035087719298,0,0.0,113,0.3304093567251462,0,0.0,21,0.1206896551724138,36061031703,5887,340,0.0577543740445048,5887,281,0.0477322914897231,5887,94,0.0159673857652454,138163,0.138163,2475.337101828999,0.7295611852336075
360610317041,360610317041,Block Group 1; Census Tract 317.04; New York County; New York,Manhattan,2622,1218,1218,1.0,1913,884,0.4621014113957135,288,0.1098398169336384,167,0.0636918382913806,1429,0.5450038138825324,143,0.0545385202135774,846,0.3226544622425629,165,0.062929061784897,37,0.0303776683087027,36061031704,10097,333,0.0329800930969594,10097,273,0.0270377339803902,10097,259,0.0256511835198573,57560,0.05756,45552.46699096595,0.7261961064889858
360610031001,360610031001,Block Group 1; Census Tract 31; New York County; New York,Manhattan,2775,760,719,0.9460526315789474,1386,443,0.3196248196248196,118,0.0425225225225225,195,0.0702702702702702,1055,0.3801801801801802,427,0.1538738738738738,788,0.2839639639639639,424,0.1527927927927928,83,0.1092105263157894,36061003100,1682,237,0.1409036860879904,2910,113,0.0388316151202749,2910,108,0.0371134020618556,88496,0.088496,31357.349484722472,0.8211437723587174
360610032001,360610032001,Block Group 1; Census Tract 32; New York County; New York,Manhattan,1729,1123,1123,1.0,1192,575,0.4823825503355705,56,0.0323886639676113,322,0.1862348178137652,1105,0.6390977443609023,0,0.0,219,0.1266628108733372,188,0.1087333718912666,101,0.0899376669634906,36061003200,7866,1135,0.1442918891431477,7866,1007,0.1280193236714976,7866,361,0.0458937198067632,32799,0.032799,52715.0217994451,0.816795482850283
360610033001,360610033001,Block Group 1; Census Tract 33; New York County; New York,Manhattan,1241,465,358,0.7698924731182796,607,150,0.2471169686985173,424,0.3416599516518936,96,0.0773569701853344,703,0.5664786462530218,0,0.0,167,0.1345688960515713,0,0.0,0,0.0,36061003300,5951,206,0.0346160309191732,5951,241,0.0404973953957318,5951,210,0.0352881868593513,85840,0.08584,14457.12954333644,0.8225068278730351
360610034001,360610034001,Block Group 1; Census Tract 34; New York County; New York,Manhattan,1771,1079,1004,0.9304911955514366,1256,659,0.5246815286624203,48,0.0271033314511575,256,0.1445511010728402,1069,0.603613777526821,75,0.0423489553924336,158,0.0892151326933935,298,0.168266516092603,0,0.0,36061003400,6990,1200,0.1716738197424892,6990,574,0.0821173104434907,6990,327,0.0467811158798283,38521,0.038521,45974.92276939851,0.8607065148834857
360610036011,360610036011,Block Group 1; Census Tract 36.01; New York County; New York,Manhattan,914,484,468,0.9669421487603306,587,255,0.434412265758092,0,0.0,265,0.2899343544857768,184,0.2013129102844639,133,0.1455142231947483,138,0.1509846827133479,434,0.474835886214442,41,0.0847107438016528,36061003601,3050,607,0.1990163934426229,3019,618,0.2047035442199404,3019,135,0.0447167936402782,20483,0.020483,44622.369770053214,0.9127556566571876
360610036021,360610036021,Block Group 1; Census Tract 36.02; New York County; New York,Manhattan,1496,822,721,0.8771289537712895,964,370,0.3838174273858921,142,0.0949197860962566,304,0.2032085561497326,1203,0.804144385026738,0,0.0,15,0.0100267379679144,188,0.1256684491978609,0,0.0,36061003602,3107,750,0.2413904087544255,3415,333,0.097510980966325,3415,119,0.0348462664714494,37938,0.037938,39432.75871158206,0.8434730659736197
360610037001,360610037001,Block Group 1; Census Tract 37; New York County; New York,Manhattan,1651,956,815,0.852510460251046,1178,817,0.6935483870967742,159,0.0963052695336159,109,0.0660205935796486,1112,0.6735311932162326,21,0.0127195639006662,402,0.243488794669897,87,0.052695336159903,0,0.0,36061003700,3460,152,0.0439306358381502,3460,202,0.0583815028901734,3460,30,0.0086705202312138,177415,0.177415,9305.864780317335,0.6499829064430325
360610038001,360610038001,Block Group 1; Census Tract 38; New York County; New York,Manhattan,1040,623,623,1.0,761,422,0.5545335085413929,0,0.0,44,0.0423076923076923,629,0.6048076923076923,86,0.0826923076923076,150,0.1442307692307692,74,0.0711538461538461,0,0.0,36061003800,7018,1245,0.1774009689370191,7254,629,0.0867107802591673,7254,234,0.032258064516129,49204,0.049204,21136.492968051374,0.834692163329373
360610039001,360610039001,Block Group 1; Census Tract 39; New York County; New York,Manhattan,2289,1035,495,0.4782608695652174,1335,588,0.4404494382022472,540,0.2359108781127129,216,0.0943643512450851,1300,0.5679335954565312,0,0.0,884,0.3861948449104412,18,0.0078636959370904,0,0.0,36061003900,5699,1061,0.1861730128092648,5699,745,0.1307246885418494,5699,57,0.0100017546938059,120504,0.120504,18995.220075682137,0.6757162624253723
360610040011,360610040011,Block Group 1; Census Tract 40.01; New York County; New York,Manhattan,709,451,451,1.0,500,369,0.738,0,0.0,54,0.076163610719323,593,0.8363892806770099,0,0.0,8,0.0112834978843441,104,0.1466854724964739,0,0.0,36061004001,3082,334,0.108371187540558,3221,272,0.0844458242781744,3221,173,0.053710027941633,17016,0.017016,41666.666666666664,0.7956383402369026
360610040021,360610040021,Block Group 1; Census Tract 40.02; New York County; New York,Manhattan,1967,652,633,0.9708588957055214,1289,920,0.7137315748642359,53,0.0269445856634468,28,0.0142348754448398,1406,0.7147941026944585,3,0.0015251652262328,341,0.1733604473817997,217,0.1103202846975089,21,0.0322085889570552,36061004002,4684,877,0.1872331340734415,6268,300,0.0478621569878749,6268,111,0.0177089980855137,17575,0.017575,111920.3413940256,0.8991685663638738
360610041001,360610041001,Block Group 1; Census Tract 41; New York County; New York,Manhattan,1446,478,452,0.9456066945606696,472,67,0.1419491525423729,252,0.1742738589211618,336,0.2323651452282157,1009,0.6977869986168741,0,0.0,331,0.2289073305670816,25,0.0172890733056708,119,0.2489539748953975,36061004100,6495,871,0.1341031562740569,6889,565,0.082014806212803,6889,380,0.0551604006386993,25999,0.025999,55617.5237509135,0.8270924503123308
360610042001,360610042001,Block Group 1; Census Tract 42; New York County; New York,Manhattan,972,675,614,0.9096296296296296,586,229,0.3907849829351535,80,0.0823045267489712,213,0.2191358024691358,743,0.76440329218107,15,0.015432098765432,115,0.1183127572016461,58,0.0596707818930041,10,0.0148148148148148,36061004200,2165,358,0.1653579676674365,5133,110,0.0214299629846093,5133,31,0.0060393532047535,35454,0.035454,27415.806397021493,0.8365863914747089
360610043001,360610043001,Block Group 1; Census Tract 43; New York County; New York,Manhattan,1538,1216,1216,1.0,1341,473,0.3527218493661446,0,0.0,122,0.0793237971391417,1270,0.8257477243172952,1,0.0006501950585175,90,0.0585175552665799,134,0.0871261378413524,32,0.0263157894736842,36061004300,3524,611,0.1733825198637911,3524,368,0.1044267877412031,3524,233,0.0661180476730987,54068,0.054068,28445.66101945698,0.8839353489719478
360610044001,360610044001,Block Group 1; Census Tract 44; New York County; New York,Manhattan,2088,1283,1283,1.0,1367,531,0.3884418434528164,91,0.0435823754789272,435,0.2083333333333333,1452,0.6954022988505747,74,0.0354406130268199,0,0.0,323,0.1546934865900383,0,0.0,36061004400,16963,1589,0.0936744679596769,16963,947,0.055827389023168,16963,510,0.0300654365383481,42683,0.042683,48918.77328210295,0.7347667183028085
360610045001,360610045001,Block Group 1; Census Tract 45; New York County; New York,Manhattan,957,414,355,0.857487922705314,458,116,0.2532751091703056,197,0.2058516196447231,162,0.1692789968652037,710,0.741901776384535,17,0.0177638453500522,144,0.1504702194357366,31,0.0323928944618599,2,0.0048309178743961,36061004500,957,127,0.1327063740856844,957,49,0.051201671891327,957,38,0.0397074190177638,104948,0.104948,9118.801692266648,0.7225222420422246
360610047001,360610047001,Block Group 1; Census Tract 47; New York County; New York,Manhattan,686,542,517,0.9538745387453874,561,261,0.46524064171123,0,0.0,61,0.0889212827988338,459,0.6690962099125365,0,0.0,158,0.2303206997084548,69,0.1005830903790087,0,0.0,36061004700,2187,137,0.0626428898033836,2187,22,0.0100594421582075,2187,88,0.0402377686328303,42747,0.042747,16047.909794839405,0.6420830597799827
360610048001,360610048001,Block Group 1; Census Tract 48; New York County; New York,Manhattan,1350,740,622,0.8405405405405405,760,341,0.4486842105263158,205,0.1518518518518518,224,0.1659259259259259,710,0.5259259259259259,5,0.0037037037037037,489,0.3622222222222222,84,0.0622222222222222,38,0.0513513513513513,36061004800,6012,589,0.0979707252162341,6931,431,0.0621843889770595,6931,44,0.0063482902900014,16070,0.01607,84007.46733042937,0.9189252450399684
360610049001,360610049001,Block Group 1; Census Tract 49; New York County; New York,Manhattan,2050,944,670,0.7097457627118644,1059,311,0.2936732766761095,309,0.1507317073170731,814,0.3970731707317073,1538,0.7502439024390244,36,0.0175609756097561,321,0.1565853658536585,92,0.0448780487804878,0,0.0,36061004900,4191,319,0.0761154855643044,4203,435,0.1034975017844396,4203,48,0.0114204139900071,136615,0.136615,15005.672876331297,0.7187505003642635
360610050001,360610050001,Block Group 1; Census Tract 50; New York County; New York,Manhattan,863,288,161,0.5590277777777778,354,57,0.1610169491525423,258,0.2989571263035921,126,0.1460023174971031,680,0.7879490150637312,13,0.015063731170336,81,0.0938586326767091,9,0.0104287369640787,14,0.0486111111111111,36061005000,4706,388,0.0824479388015299,4774,218,0.0456640134059488,4774,25,0.0052366987850858,34886,0.034886,24737.717135813793,0.8130802839999202
360610052001,360610052001,Block Group 1; Census Tract 52; New York County; New York,Manhattan,907,454,385,0.8480176211453745,529,243,0.4593572778827977,205,0.2260198456449834,95,0.1047409040793825,758,0.8357221609702316,13,0.0143329658213891,9,0.0099228224917309,49,0.0540242557883131,5,0.0110132158590308,36061005200,2625,152,0.0579047619047619,3543,96,0.0270956816257408,3543,40,0.0112898673440587,83584,0.083584,10851.35911179173,0.8229688214379747
360610054001,360610054001,Block Group 1; Census Tract 54; New York County; New York,Manhattan,1682,769,646,0.8400520156046815,956,510,0.5334728033472803,269,0.1599286563614744,329,0.1956004756242568,1089,0.6474435196195006,40,0.0237812128418549,292,0.173602853745541,184,0.1093935790725326,0,0.0,36061005400,4427,390,0.0880957759204879,4427,504,0.1138468488818613,4427,120,0.0271063925909193,115694,0.115694,14538.351167735578,0.7989476109176319
360610055011,360610055011,Block Group 1; Census Tract 55.01; New York County; New York,Manhattan,1832,666,453,0.6801801801801802,1105,371,0.3357466063348416,151,0.0824235807860262,189,0.1031659388646288,1128,0.6157205240174672,48,0.0262008733624454,467,0.2549126637554585,79,0.043122270742358,23,0.0345345345345345,36061005501,4686,553,0.1180110968843363,5346,364,0.0680882903105125,5346,199,0.0372240927796483,51576,0.051576,35520.397083915,0.7893681431001001
360610055021,360610055021,Block Group 1; Census Tract 55.02; New York County; New York,Manhattan,595,282,203,0.7198581560283688,310,53,0.1709677419354838,93,0.1563025210084033,146,0.2453781512605042,469,0.788235294117647,28,0.0470588235294117,67,0.1126050420168067,31,0.0521008403361344,0,0.0,36061005502,1899,181,0.0953133228014744,1899,177,0.0932069510268562,1899,14,0.0073723012111637,44356,0.044356,13414.194246550636,0.8342132891142022
360610056001,360610056001,Block Group 1; Census Tract 56; New York County; New York,Manhattan,2359,1475,1349,0.9145762711864408,1244,185,0.1487138263665595,188,0.0796947859262399,422,0.1788893598982619,956,0.4052564646036456,248,0.1051292920729122,249,0.1055532005086901,635,0.2691818567189487,65,0.0440677966101694,36061005600,3754,752,0.2003196590303676,3822,365,0.0954997383568812,3822,96,0.0251177394034536,86633,0.086633,27229.808502533677,0.7147213348370958
360610057001,360610057001,Block Group 1; Census Tract 57; New York County; New York,Manhattan,790,393,161,0.4096692111959287,336,73,0.2172619047619047,154,0.1949367088607595,215,0.2721518987341772,639,0.8088607594936709,0,0.0,42,0.0531645569620253,56,0.070886075949367,0,0.0,36061005700,2589,214,0.0826573966782541,2600,165,0.0634615384615384,2600,26,0.01,27196,0.027196,29048.389469039565,0.853144949583672
360610058001,360610058001,Block Group 1; Census Tract 58; New York County; New York,Manhattan,1448,811,811,1.0,1042,448,0.4299424184261036,223,0.1540055248618784,25,0.0172651933701657,812,0.5607734806629834,329,0.2272099447513812,177,0.1222375690607734,130,0.0897790055248618,0,0.0,36061005800,3986,541,0.1357250376317109,3986,184,0.0461615654791771,3986,0,0.0,48669,0.048669,29751.998191867515,0.7262287447523346
360610059001,360610059001,Block Group 1; Census Tract 59; New York County; New York,Manhattan,860,420,293,0.6976190476190476,349,67,0.1919770773638968,117,0.1360465116279069,360,0.4186046511627907,811,0.9430232558139536,13,0.0151162790697674,20,0.0232558139534883,16,0.0186046511627906,0,0.0,36061005900,4217,261,0.0618923405264405,5120,386,0.075390625,5120,242,0.047265625,23458,0.023458,36661.26694517862,0.7631290214113187
360610060001,360610060001,Block Group 1; Census Tract 60; New York County; New York,Manhattan,1647,758,758,1.0,944,368,0.3898305084745763,433,0.2629022465088039,276,0.1675774134790528,1006,0.6108075288403157,85,0.0516089860352155,259,0.1572556162720097,186,0.1129326047358834,0,0.0,36061006000,5077,246,0.0484538113058893,5077,596,0.1173921607248375,5077,185,0.0364388418357297,50208,0.050208,32803.53728489484,0.8657273232209842
360610061001,360610061001,Block Group 1; Census Tract 61; New York County; New York,Manhattan,2894,871,745,0.8553386911595867,1175,390,0.3319148936170212,313,0.108154803040774,469,0.1620594333102971,1381,0.477194194885971,175,0.0604699378023496,509,0.1758811333794056,659,0.2277125086385625,16,0.018369690011481,36061006100,3603,249,0.0691090757701915,5319,216,0.0406091370558375,5319,46,0.0086482421507802,56536,0.056536,51188.623178151975,0.7711664031556458
360610062001,360610062001,Block Group 1; Census Tract 62; New York County; New York,Manhattan,1523,246,246,1.0,697,102,0.1463414634146341,70,0.0459619172685489,34,0.0223243598161523,473,0.3105712409717662,305,0.2002626395272488,340,0.2232435981615233,338,0.221930400525279,0,0.0,36061006200,3205,612,0.1909516380655226,3759,441,0.1173184357541899,3759,158,0.0420324554402766,200599,0.200599,7592.2611777725715,0.8945016287000962
360610063001,360610063001,Block Group 1; Census Tract 63; New York County; New York,Manhattan,1750,1049,847,0.8074356530028599,1097,363,0.3309024612579763,195,0.1114285714285714,374,0.2137142857142857,1252,0.7154285714285714,38,0.0217142857142857,241,0.1377142857142857,142,0.0811428571428571,0,0.0,36061006300,5544,587,0.1058802308802308,5759,595,0.1033165480118076,5759,125,0.0217051571453377,52533,0.052533,33312.39411417585,0.8092618974021293
360610064001,360610064001,Block Group 1; Census Tract 64; New York County; New York,Manhattan,1718,820,764,0.9317073170731708,1356,500,0.3687315634218289,44,0.0256111757857974,125,0.0727590221187427,1107,0.6443538998835856,88,0.0512223515715948,253,0.1472642607683352,230,0.1338766006984866,40,0.048780487804878,36061006400,7421,1375,0.1852850020212909,7726,693,0.0896971265855552,7726,328,0.0424540512555009,36587,0.036587,46956.569273239125,0.9061601313763132
360610065001,360610065001,Block Group 1; Census Tract 65; New York County; New York,Manhattan,1725,566,511,0.9028268551236748,951,243,0.2555205047318612,74,0.0428985507246376,214,0.1240579710144927,1179,0.6834782608695652,98,0.0568115942028985,166,0.096231884057971,241,0.1397101449275362,0,0.0,36061006500,4436,258,0.0581605049594229,5560,289,0.051978417266187,5560,215,0.0386690647482014,98138,0.098138,17577.289123479182,0.8700775736892898
360610066001,360610066001,Block Group 1; Census Tract 66; New York County; New York,Manhattan,1609,888,853,0.9605855855855856,1075,285,0.2651162790697674,167,0.1037911746426351,69,0.0428837787445618,1038,0.6451211932877564,0,0.0,239,0.1485394655065258,257,0.1597265382224984,49,0.0551801801801801,36061006600,10552,1698,0.1609173616376042,11032,1602,0.1452139231327048,11032,252,0.0228426395939086,16943,0.016943,94965.47246650534,0.822368866951022
360610067001,360610067001,Block Group 1; Census Tract 67; New York County; New York,Manhattan,1748,1098,1094,0.9963570127504554,1476,432,0.2926829268292683,0,0.0,210,0.120137299771167,1286,0.7356979405034325,140,0.080091533180778,100,0.05720823798627,130,0.074370709382151,44,0.0400728597449908,36061006700,4587,289,0.0630041421408327,4587,432,0.0941792020928711,4587,207,0.0451275343361674,34729,0.034729,50332.57508134412,0.9113713670975254
360610068001,360610068001,Block Group 1; Census Tract 68; New York County; New York,Manhattan,567,371,308,0.8301886792452831,359,124,0.3454038997214484,7,0.0123456790123456,108,0.1904761904761904,332,0.5855379188712522,56,0.0987654320987654,17,0.0299823633156966,111,0.1957671957671957,0,0.0,36061006800,5289,576,0.1089052750992626,6430,486,0.0755832037325038,6430,177,0.0275272161741835,48993,0.048993,11573.081868838404,0.7588315839586539
360610069001,360610069001,Block Group 1; Census Tract 69; New York County; New York,Manhattan,1291,510,493,0.9666666666666668,779,248,0.3183568677792041,62,0.0480247869868319,50,0.0387296669248644,806,0.6243222308288149,9,0.0069713400464756,179,0.1386522075910147,215,0.1665375677769171,0,0.0,36061006900,2333,84,0.0360051435919417,2681,44,0.0164117866467735,2681,181,0.0675121223424095,52145,0.052145,24757.88666219197,0.7151897445446932
360610006001,360610006001,Block Group 1; Census Tract 6; New York County; New York,Manhattan,1092,760,749,0.9855263157894736,426,216,0.5070422535211268,59,0.054029304029304,344,0.315018315018315,176,0.1611721611721611,0,0.0,749,0.6858974358974359,125,0.1144688644688644,174,0.2289473684210526,36061000600,10068,3492,0.3468414779499404,10068,1199,0.1190901867302344,10068,232,0.0230433055224473,41307,0.041307,26436.19725470259,0.7892191847346008
360610070011,360610070011,Block Group 1; Census Tract 70.01; New York County; New York,Manhattan,528,368,351,0.9538043478260868,279,127,0.4551971326164875,0,0.0,253,0.4791666666666667,120,0.2272727272727272,99,0.1875,204,0.3863636363636363,105,0.1988636363636363,18,0.0489130434782608,36061007001,3841,85,0.0221296537360062,3997,310,0.0775581686264698,3997,83,0.0207655741806354,18155,0.018155,29082.89727347838,0.8142640972674297
360610070021,360610070021,Block Group 1; Census Tract 70.02; New York County; New York,Manhattan,1090,666,666,1.0,801,146,0.1822721598002497,30,0.0275229357798165,145,0.1330275229357798,793,0.7275229357798165,24,0.0220183486238532,142,0.1302752293577981,79,0.0724770642201834,0,0.0,36061007002,3479,278,0.0799080195458465,3479,336,0.096579476861167,3479,33,0.0094854843345789,18566,0.018566,58709.468921684806,0.8609087785367009
360610071001,360610071001,Block Group 1; Census Tract 71; New York County; New York,Manhattan,992,313,204,0.6517571884984026,439,81,0.1845102505694761,276,0.2782258064516129,142,0.1431451612903226,346,0.3487903225806452,48,0.0483870967741935,58,0.0584677419354838,451,0.4546370967741935,0,0.0,36061007100,5166,201,0.0389082462253193,5231,160,0.030586885872682,5231,159,0.0303957178359778,24011,0.024011,41314.39756778143,0.8199986748645516
360610072001,360610072001,Block Group 1; Census Tract 72; New York County; New York,Manhattan,709,395,376,0.9518987341772152,543,196,0.3609576427255985,79,0.1114245416078984,60,0.0846262341325811,261,0.3681241184767277,0,0.0,104,0.1466854724964739,265,0.3737658674188998,0,0.0,36061007200,6899,446,0.0646470502971445,7108,157,0.0220877884074282,7108,134,0.0188519977490151,13022,0.013022,54446.32160958378,0.789322126018392
360610073001,360610073001,Block Group 1; Census Tract 73; New York County; New York,Manhattan,608,447,447,1.0,399,51,0.1278195488721804,22,0.0361842105263157,83,0.1365131578947368,566,0.930921052631579,0,0.0,0,0.0,0,0.0,0,0.0,36061007300,5393,572,0.1060634155386612,5393,136,0.0252178750231781,5393,97,0.0179862785091785,24602,0.024602,24713.437931875455,0.911191716808534
360610074001,360610074001,Block Group 1; Census Tract 74; New York County; New York,Manhattan,1356,671,597,0.8897168405365127,852,374,0.4389671361502347,11,0.0081120943952802,246,0.1814159292035398,926,0.6828908554572272,31,0.0228613569321533,231,0.1703539823008849,118,0.0870206489675516,52,0.0774962742175856,36061007400,4748,641,0.1350042122999157,5355,279,0.0521008403361344,5355,153,0.0285714285714285,37877,0.037877,35800.08976423687,0.7296148332990997
360610075001,360610075001,Block Group 1; Census Tract 75; New York County; New York,Manhattan,1720,990,817,0.8252525252525252,918,328,0.3572984749455338,190,0.1104651162790697,390,0.2267441860465116,1364,0.7930232558139535,7,0.0040697674418604,218,0.1267441860465116,118,0.0686046511627907,0,0.0,36061007500,3898,274,0.0702924576706003,3898,506,0.1298101590559261,3898,82,0.0210364289379168,93900,0.0939,18317.35889243877,0.6743651111901121
360610076001,360610076001,Block Group 1; Census Tract 76; New York County; New York,Manhattan,1647,1087,1087,1.0,1332,450,0.3378378378378378,25,0.0151791135397692,60,0.0364298724954462,428,0.25986642380085,227,0.137826350941105,611,0.3709775349119611,241,0.1463266545233758,87,0.0800367985280588,36061007600,2351,240,0.1020842194810718,2362,201,0.0850973751058425,2362,74,0.0313293818797629,100994,0.100994,16307.89947917698,0.734108254573964
360610077001,360610077001,Block Group 1; Census Tract 77; New York County; New York,Manhattan,1494,839,752,0.8963051251489869,1009,512,0.5074331020812686,165,0.110441767068273,131,0.0876840696117804,1090,0.7295850066934404,0,0.0,173,0.1157965194109772,34,0.0227576974564926,0,0.0,36061007700,5600,262,0.0467857142857142,5600,359,0.0641071428571428,5600,91,0.01625,40603,0.040603,36795.310691328224,0.878945462795997
360610078001,360610078001,Block Group 1; Census Tract 78; New York County; New York,Manhattan,1392,996,996,1.0,872,371,0.4254587155963302,12,0.0086206896551724,301,0.216235632183908,654,0.4698275862068966,52,0.0373563218390804,432,0.3103448275862069,254,0.1824712643678161,22,0.0220883534136546,36061007800,7991,532,0.0665748967588537,8011,536,0.0669080014979403,8011,100,0.012482836100362,17071,0.017071,81541.79602835218,0.7392501243845908
360610079001,360610079001,Block Group 1; Census Tract 79; New York County; New York,Manhattan,1091,458,442,0.965065502183406,597,164,0.2747068676716918,325,0.2978918423464711,0,0.0,517,0.4738771769019248,0,0.0,12,0.0109990834097158,562,0.5151237396883593,0,0.0,36061007900,4458,305,0.0684163301929116,4458,386,0.0865859129654553,4458,0,0.0,161705,0.161705,6746.853838780496,0.7626969787343392
360610007001,360610007001,Block Group 1; Census Tract 7; New York County; New York,Manhattan,399,288,288,1.0,379,168,0.4432717678100263,0,0.0,0,0.0,237,0.5939849624060151,37,0.0927318295739348,51,0.1278195488721804,74,0.1854636591478696,0,0.0,36061000700,9134,344,0.0376614845631705,9134,53,0.0058024961681629,9134,150,0.0164221589664987,44608,0.044608,8944.58393113343,0.8538988950803362
360610080001,360610080001,Block Group 1; Census Tract 80; New York County; New York,Manhattan,974,587,567,0.9659284497444632,677,363,0.5361890694239291,50,0.0513347022587269,115,0.1180698151950718,635,0.6519507186858317,152,0.1560574948665297,143,0.1468172484599589,44,0.0451745379876796,15,0.0255536626916524,36061008000,5200,343,0.0659615384615384,5313,236,0.0444193487671748,5313,152,0.0286090720873329,49487,0.049487,19681.936670236628,0.7908524876778809
360610081001,360610081001,Block Group 1; Census Tract 81; New York County; New York,Manhattan,579,378,321,0.8492063492063492,443,180,0.4063205417607223,40,0.0690846286701209,136,0.234887737478411,295,0.5094991364421416,22,0.0379965457685664,0,0.0,228,0.3937823834196891,0,0.0,36061008100,6162,445,0.0722168127231418,6167,464,0.0752391762607426,6167,78,0.0126479649748662,40881,0.040881,14163.058633595068,0.8422514372897922
360610082001,360610082001,Block Group 1; Census Tract 82; New York County; New York,Manhattan,713,497,471,0.9476861167002012,601,156,0.259567387687188,0,0.0,216,0.302945301542777,533,0.7475455820476858,0,0.0,111,0.155680224403927,32,0.0448807854137447,0,0.0,36061008200,3450,199,0.0576811594202898,3450,248,0.0718840579710144,3450,36,0.0104347826086956,36770,0.03677,19390.80772368779,0.7719580684038126
360610083001,360610083001,Block Group 1; Census Tract 83; New York County; New York,Manhattan,846,542,542,1.0,532,360,0.6766917293233082,0,0.0,216,0.2553191489361702,520,0.6146572104018913,4,0.0047281323877068,137,0.1619385342789598,126,0.1489361702127659,31,0.0571955719557195,36061008300,3614,816,0.2257885998893193,3614,793,0.2194244604316546,3614,193,0.0534034311012728,40883,0.040883,20693.197661619743,0.8449227854716497
360610086011,360610086011,Block Group 1; Census Tract 86.01; New York County; New York,Manhattan,2016,1132,1132,1.0,1227,166,0.1352893235533822,79,0.0391865079365079,111,0.0550595238095238,911,0.4518849206349206,31,0.0153769841269841,710,0.3521825396825397,320,0.1587301587301587,89,0.0786219081272084,36061008601,3309,569,0.1719552734965246,3332,188,0.056422569027611,3332,124,0.0372148859543817,34768,0.034768,57984.35342843994,0.9586594436844392
360610086031,360610086031,Block Group 1; Census Tract 86.03; New York County; New York,Manhattan,1203,676,554,0.8195266272189349,660,121,0.1833333333333333,111,0.0922693266832917,444,0.3690773067331671,693,0.5760598503740648,0,0.0,293,0.2435577722360764,96,0.0798004987531172,35,0.051775147928994,36061008603,4970,200,0.0402414486921529,4970,387,0.0778672032193159,4970,23,0.0046277665995975,18783,0.018783,64047.27679284459,0.8242555336376647
360610087001,360610087001,Block Group 1; Census Tract 87; New York County; New York,Manhattan,674,559,497,0.889087656529517,492,287,0.5833333333333334,40,0.059347181008902,45,0.0667655786350148,434,0.6439169139465876,32,0.0474777448071216,0,0.0,208,0.3086053412462908,0,0.0,36061008700,5376,577,0.107328869047619,5376,242,0.0450148809523809,5376,227,0.0422247023809523,20406,0.020406,33029.501127119474,0.8506254660730251
360610088001,360610088001,Block Group 1; Census Tract 88; New York County; New York,Manhattan,1257,1035,1035,1.0,1074,656,0.6108007448789572,0,0.0,100,0.0795544948289578,727,0.5783611774065235,0,0.0,152,0.1209228321400159,81,0.0644391408114558,0,0.0,36061008800,7567,754,0.0996431875247786,7567,542,0.0716268005814721,7567,95,0.0125545130170477,86310,0.08631,14563.78171706639,0.7929444669504373
360610089001,360610089001,Block Group 1; Census Tract 89; New York County; New York,Manhattan,732,380,342,0.9,591,233,0.3942470389170897,36,0.0491803278688524,61,0.0833333333333333,583,0.796448087431694,26,0.0355191256830601,44,0.0601092896174863,0,0.0,21,0.0552631578947368,36061008900,5365,725,0.1351351351351351,5877,316,0.0537689297260507,5877,147,0.0250127616130678,20377,0.020377,35922.854198360896,0.7811874437712214
360610008001,360610008001,Block Group 1; Census Tract 8; New York County; New York,Manhattan,1512,532,532,1.0,618,91,0.1472491909385113,308,0.2037037037037037,114,0.0753968253968253,187,0.1236772486772486,52,0.0343915343915343,1250,0.8267195767195767,0,0.0,391,0.7349624060150376,36061000800,8729,3460,0.3963798831481269,8747,925,0.1057505430433291,8747,314,0.0358980221790328,31489,0.031489,48016.767760170216,0.7471246895280451
360610090001,360610090001,Block Group 1; Census Tract 90; New York County; New York,Manhattan,191,191,191,1.0,191,98,0.5130890052356021,0,0.0,0,0.0,72,0.3769633507853403,0,0.0,25,0.1308900523560209,61,0.3193717277486911,0,0.0,36061009000,7221,627,0.0868300789364353,7239,487,0.0672744854261638,7239,341,0.0471059538610305,18576,0.018576,10282.084409991388,0.7351096191952619
360610091001,360610091001,Block Group 1; Census Tract 91; New York County; New York,Manhattan,860,469,396,0.8443496801705757,355,145,0.4084507042253521,49,0.0569767441860465,134,0.1558139534883721,383,0.4453488372093023,141,0.163953488372093,261,0.3034883720930232,57,0.0662790697674418,23,0.0490405117270788,36061009100,6536,944,0.1444308445532435,6536,1117,0.1708996328029375,6536,110,0.0168298653610771,21769,0.021769,39505.71914189903,0.8585532244419904
360610092001,360610092001,Block Group 1; Census Tract 92; New York County; New York,Manhattan,655,505,505,1.0,563,193,0.3428063943161634,3,0.0045801526717557,26,0.0396946564885496,269,0.4106870229007633,8,0.0122137404580152,226,0.3450381679389313,137,0.2091603053435114,81,0.1603960396039604,36061009200,1344,88,0.0654761904761904,1387,33,0.0237923576063446,1387,25,0.0180245133381398,50085,0.050085,13077.767794748928,0.8084216931068371
360610093001,360610093001,Block Group 1; Census Tract 93; New York County; New York,Manhattan,2582,1321,674,0.5102195306585919,1100,303,0.2754545454545454,401,0.1553059643687064,819,0.3171959721146398,2256,0.8737412858249419,21,0.0081332300542215,109,0.0422153369481022,54,0.0209140201394268,101,0.0764572293716881,36061009300,9535,1180,0.1237545883586785,9535,1192,0.1250131095962244,9535,145,0.015207131620346,49510,0.04951,52151.08058977984,0.7757559809103217
360610094001,360610094001,Block Group 1; Census Tract 94; New York County; New York,Manhattan,70,34,26,0.7647058823529411,35,0,0.0,0,0.0,0,0.0,32,0.4571428571428571,0,0.0,7,0.1,6,0.0857142857142857,0,0.0,36061009400,70,20,0.2857142857142857,70,0,0.0,70,0,0.0,87386,0.087386,801.0436454351956,0.6795167297910275
360610095001,360610095001,Block Group 1; Census Tract 95; New York County; New York,Manhattan,1764,963,908,0.9428868120456906,1082,320,0.2957486136783734,226,0.1281179138321995,133,0.0753968253968253,1080,0.6122448979591837,177,0.1003401360544217,326,0.1848072562358276,125,0.0708616780045351,0,0.0,36061009500,2635,300,0.1138519924098671,3765,125,0.0332005312084993,3765,44,0.0116865869853917,86080,0.08608,20492.56505576208,0.8679346953683161
360610097001,360610097001,Block Group 1; Census Tract 97; New York County; New York,Manhattan,2318,1251,1034,0.8265387689848122,1160,436,0.3758620689655172,67,0.0289042277825711,1309,0.5647109577221743,1101,0.4749784296807592,388,0.1673856773080241,246,0.1061259706643658,289,0.1246764452113891,0,0.0,36061009700,4871,840,0.172449189078218,4875,973,0.1995897435897436,4875,103,0.0211282051282051,41072,0.041072,56437.475652512665,0.7860547602049146
360610098001,360610098001,Block Group 1; Census Tract 98; New York County; New York,Manhattan,853,416,416,1.0,641,338,0.5273010920436817,58,0.0679953106682297,81,0.0949589683470105,303,0.3552168815943728,53,0.0621336459554513,363,0.4255568581477139,95,0.1113716295427901,37,0.0889423076923077,36061009800,8855,1073,0.1211744776962168,8874,867,0.0977011494252873,8874,334,0.0376380437232364,17072,0.017072,49964.85473289597,0.638173388458763
360610099011,360610099011,Block Group 1; Census Tract 99.01; New York County; New York,Manhattan,1948,1034,937,0.9061895551257252,1432,320,0.2234636871508379,182,0.0934291581108829,121,0.0621149897330595,1272,0.6529774127310062,55,0.0282340862422997,313,0.1606776180698152,154,0.0790554414784394,0,0.0,36061009901,1946,45,0.0231243576567317,1948,123,0.063141683778234,1948,3,0.0015400410677618,167833,0.167833,11606.775783070076,0.7434300422982115
360610099021,360610099021,Block Group 1; Census Tract 99.02; New York County; New York,Manhattan,4019,2314,2314,1.0,2338,424,0.1813515825491873,786,0.1955710375715352,142,0.0353321721821348,1691,0.4207514307041552,394,0.0980343368997263,947,0.2356307539188853,694,0.1726797710873351,46,0.0198789974070872,36061009902,4019,369,0.0918138840507589,4019,270,0.0671808907688479,4019,194,0.048270714107987,107378,0.107378,37428.52353368474,0.6662650926948228
360610009001,360610009001,Block Group 1; Census Tract 9; New York County; New York,Manhattan,1966,893,790,0.8846584546472565,1382,523,0.3784370477568741,327,0.1663275686673448,110,0.0559511698880976,1121,0.5701932858596134,114,0.0579857578840284,295,0.1500508646998982,258,0.1312309257375381,16,0.0179171332586786,36061000900,1938,128,0.066047471620227,1966,71,0.0361139369277721,1966,30,0.0152594099694811,255437,0.255437,7696.614037903671,0.8645035577038287
360610010022,360610010022,Block Group 2; Census Tract 10.02; New York County; New York,Manhattan,1592,891,891,1.0,539,339,0.6289424860853432,227,0.1425879396984924,486,0.3052763819095477,37,0.0232412060301507,67,0.0420854271356783,658,0.4133165829145728,808,0.507537688442211,463,0.5196408529741863,36061001002,6494,3097,0.4769017554665845,6513,1092,0.1676646706586826,6513,321,0.0492860432980193,28951,0.028951,54989.464958032535,0.6739000311141213
360610100002,360610100002,Block Group 2; Census Tract 100; New York County; New York,Manhattan,1257,920,905,0.9836956521739132,809,268,0.3312731767614338,53,0.0421638822593476,257,0.2044550517104216,751,0.5974542561654733,35,0.0278440731901352,196,0.1559268098647573,253,0.2012728719172633,15,0.0163043478260869,36061010000,1618,122,0.0754017305315204,1618,90,0.0556242274412855,1618,64,0.0395550061804697,85919,0.085919,14630.058543511914,0.6806048052102809
360610102002,360610102002,Block Group 2; Census Tract 102; New York County; New York,Manhattan,221,136,127,0.9338235294117648,144,12,0.0833333333333333,38,0.171945701357466,117,0.5294117647058824,183,0.8280542986425339,0,0.0,16,0.0723981900452488,5,0.0226244343891402,0,0.0,36061010200,267,11,0.0411985018726591,262,3,0.0114503816793893,262,5,0.0190839694656488,86365,0.086365,2558.9069646268745,0.7000704265514418
360610103002,360610103002,Block Group 2; Census Tract 103; New York County; New York,Manhattan,429,317,317,1.0,403,123,0.3052109181141439,0,0.0,0,0.0,247,0.5757575757575758,30,0.0699300699300699,57,0.1328671328671328,52,0.1212121212121212,0,0.0,36061010300,2761,101,0.0365809489315465,3410,44,0.0129032258064516,3410,76,0.0222873900293255,66610,0.06661,6440.474403242756,0.8574363114235213
360610106012,360610106012,Block Group 2; Census Tract 106.01; New York County; New York,Manhattan,1385,745,651,0.8738255033557047,667,130,0.1949025487256371,338,0.244043321299639,299,0.215884476534296,1049,0.7574007220216606,104,0.0750902527075812,88,0.0635379061371841,103,0.0743682310469314,0,0.0,36061010601,7753,273,0.0352121759318973,7753,645,0.0831936024764607,7753,33,0.0042564168708886,18553,0.018553,74650.99983830108,0.8735190329033823
360610106022,360610106022,Block Group 2; Census Tract 106.02; New York County; New York,Manhattan,1391,410,410,1.0,710,86,0.1211267605633802,369,0.2652767792954709,84,0.0603882099209202,628,0.4514737598849748,67,0.0481667864845434,546,0.3925233644859813,118,0.0848310567936736,47,0.1146341463414634,36061010602,5199,462,0.0888632429313329,5214,263,0.0504411200613732,5214,88,0.0168776371308016,38699,0.038699,35944.08124240937,0.8151526717882384
360610108012,360610108012,Block Group 2; Census Tract 108.01; New York County; New York,Manhattan,525,348,319,0.9166666666666666,308,18,0.0584415584415584,100,0.1904761904761904,239,0.4552380952380952,335,0.638095238095238,0,0.0,55,0.1047619047619047,102,0.1942857142857142,22,0.0632183908045977,36061010801,3013,205,0.0680384998340524,3160,303,0.095886075949367,3160,79,0.025,18198,0.018198,28849.324101549624,0.8805074777698131
360610108022,360610108022,Block Group 2; Census Tract 108.02; New York County; New York,Manhattan,788,453,210,0.4635761589403973,457,239,0.5229759299781181,45,0.0571065989847715,244,0.3096446700507614,640,0.8121827411167513,0,0.0,148,0.1878172588832487,0,0.0,30,0.0662251655629139,36061010802,4136,383,0.0926015473887814,4136,310,0.0749516441005802,4136,0,0.0,12542,0.012542,62828.894913092015,0.8736843529118548
360610108032,360610108032,Block Group 2; Census Tract 108.03; New York County; New York,Manhattan,793,414,318,0.7681159420289855,458,103,0.2248908296943231,68,0.0857503152585119,256,0.3228247162673392,607,0.7654476670870114,0,0.0,98,0.1235813366960908,52,0.0655737704918032,12,0.0289855072463768,36061010803,1922,105,0.054630593132154,1922,128,0.0665972944849115,1922,48,0.0249739854318418,18566,0.018566,42712.485187978025,0.8488360049392838
360610110002,360610110002,Block Group 2; Census Tract 110; New York County; New York,Manhattan,751,416,416,1.0,477,34,0.0712788259958071,95,0.1264980026631158,205,0.2729693741677763,480,0.6391478029294274,56,0.0745672436750998,137,0.1824234354194407,24,0.0319573901464713,0,0.0,36061011000,6760,110,0.0162721893491124,6760,473,0.0699704142011834,6760,38,0.0056213017751479,17215,0.017215,43624.74586116758,0.751610955759292
360610111002,360610111002,Block Group 2; Census Tract 111; New York County; New York,Manhattan,1350,851,810,0.9518213866039952,1090,517,0.4743119266055046,0,0.0,109,0.0807407407407407,567,0.42,80,0.0592592592592592,318,0.2355555555555555,206,0.1525925925925925,13,0.0152761457109283,36061011100,4695,705,0.1501597444089457,4711,476,0.101040118870728,4711,292,0.0619825939291021,44784,0.044784,30144.69453376206,0.7475893181115436
360610112032,360610112032,Block Group 2; Census Tract 112.03; New York County; New York,Manhattan,402,173,143,0.8265895953757225,187,66,0.3529411764705882,68,0.1691542288557214,99,0.2462686567164179,322,0.8009950248756219,0,0.0,69,0.1716417910447761,11,0.0273631840796019,0,0.0,36061011203,986,38,0.0385395537525354,986,81,0.0821501014198783,986,14,0.0141987829614604,39209,0.039209,10252.74809354995,0.8735394372808094
360610114012,360610114012,Block Group 2; Census Tract 114.01; New York County; New York,Manhattan,524,340,270,0.7941176470588235,272,18,0.0661764705882353,8,0.015267175572519,214,0.4083969465648855,500,0.9541984732824428,0,0.0,0,0.0,21,0.0400763358778625,0,0.0,36061011401,1026,197,0.1920077972709551,1026,111,0.1081871345029239,1026,2,0.0019493177387914,49118,0.049118,10668.18681542408,0.7846626201446096
360610114022,360610114022,Block Group 2; Census Tract 114.02; New York County; New York,Manhattan,865,448,360,0.8035714285714286,439,103,0.2346241457858769,105,0.1213872832369942,239,0.276300578034682,528,0.6104046242774567,30,0.0346820809248554,144,0.1664739884393063,81,0.0936416184971098,17,0.0379464285714285,36061011402,2298,76,0.0330722367275892,2298,284,0.1235857267188859,2298,23,0.0100087032201914,49640,0.04964,17425.46333601934,0.7278798078476456
360610115002,360610115002,Block Group 2; Census Tract 115; New York County; New York,Manhattan,2526,1082,1082,1.0,1443,649,0.4497574497574497,335,0.1326207442596991,154,0.060965954077593,1352,0.5352335708630246,408,0.1615201900237529,413,0.1634996041171813,140,0.0554235946159936,75,0.0693160813308687,36061011500,3910,781,0.1997442455242966,3947,352,0.0891816569546491,3947,238,0.060298961236382,87769,0.087769,28780.093199193336,0.779250957867408
360610116002,360610116002,Block Group 2; Census Tract 116; New York County; New York,Manhattan,1216,805,728,0.9043478260869564,740,251,0.3391891891891891,41,0.0337171052631578,454,0.3733552631578947,970,0.7976973684210527,0,0.0,74,0.0608552631578947,111,0.0912828947368421,19,0.0236024844720496,36061011600,2607,316,0.1212121212121212,2710,369,0.1361623616236162,2710,24,0.0088560885608856,17296,0.017296,70305.27289546716,0.8955275436442247
360610117002,360610117002,Block Group 2; Census Tract 117; New York County; New York,Manhattan,3923,2535,2535,1.0,2903,905,0.3117464691698243,413,0.1052765740504715,154,0.0392556716798368,1902,0.4848330359418812,350,0.0892174356359928,635,0.161865918939587,841,0.2143767524853428,211,0.0832347140039447,36061011700,5363,485,0.090434458325564,5363,297,0.055379451799366,5363,249,0.0464292373671452,22893,0.022893,171362.4251954746,0.6258126105579723
360610118002,360610118002,Block Group 2; Census Tract 118; New York County; New York,Manhattan,1150,644,644,1.0,481,109,0.2266112266112266,235,0.2043478260869565,366,0.3182608695652174,1005,0.8739130434782608,0,0.0,49,0.0426086956521739,68,0.0591304347826086,0,0.0,36061011800,9264,676,0.0729706390328152,9264,1485,0.1602979274611398,9264,56,0.0060449050086355,17194,0.017194,66883.79667325811,0.9281344856153504
360610119002,360610119002,Block Group 2; Census Tract 119; New York County; New York,Manhattan,917,740,734,0.991891891891892,173,153,0.884393063583815,11,0.0119956379498364,354,0.386041439476554,228,0.2486368593238822,381,0.4154852780806979,20,0.0218102508178844,266,0.2900763358778626,81,0.1094594594594594,36061011900,1319,604,0.4579226686884003,1352,623,0.4607988165680473,1352,50,0.03698224852071,88867,0.088867,10318.791002284312,0.6971951249887869
360610120002,360610120002,Block Group 2; Census Tract 120; New York County; New York,Manhattan,1117,634,415,0.6545741324921136,603,204,0.3383084577114428,153,0.1369740376007162,299,0.2676812891674127,866,0.7752909579230081,0,0.0,178,0.1593554162936437,48,0.0429722470904207,91,0.1435331230283911,36061012000,3489,280,0.0802522212668386,3489,280,0.0802522212668386,3489,16,0.0045858412152479,36635,0.036635,30489.968609253447,0.7848060686714313
360610121012,360610121012,Block Group 2; Census Tract 121.01; New York County; New York,Manhattan,2250,1255,1255,1.0,988,295,0.298582995951417,44,0.0195555555555555,559,0.2484444444444444,1591,0.7071111111111111,184,0.0817777777777777,118,0.0524444444444444,295,0.1311111111111111,0,0.0,36061012101,3207,945,0.29466791393826,3207,349,0.1088244465232304,3207,219,0.0682881197380729,43784,0.043784,51388.63511785127,0.7002331117803866
360610121022,360610121022,Block Group 2; Census Tract 121.02; New York County; New York,Manhattan,1900,1165,1165,1.0,565,62,0.1097345132743362,91,0.0478947368421052,1044,0.5494736842105263,980,0.5157894736842106,13,0.0068421052631578,21,0.0110526315789473,843,0.4436842105263158,336,0.2884120171673819,36061012102,4984,536,0.1075441412520064,5029,1350,0.2684430304235434,5029,88,0.0174985086498309,17605,0.017605,107923.88525986936,0.7702472685739457
360610122002,360610122002,Block Group 2; Census Tract 122; New York County; New York,Manhattan,921,436,328,0.7522935779816514,504,181,0.3591269841269841,201,0.2182410423452769,172,0.1867535287730727,830,0.9011943539630836,0,0.0,29,0.0314875135722041,45,0.0488599348534201,0,0.0,36061012200,3103,65,0.0209474701901385,3103,297,0.0957138253303254,3103,0,0.0,37001,0.037001,24891.21915623902,0.7715577700062581
360610124002,360610124002,Block Group 2; Census Tract 124; New York County; New York,Manhattan,1959,1006,895,0.889662027833002,1219,445,0.365053322395406,269,0.1373149566105155,559,0.2853496681980602,1417,0.7233282286881062,0,0.0,261,0.1332312404287902,281,0.1434405308831036,0,0.0,36061012400,8258,445,0.0538871397432792,8670,722,0.083275663206459,8670,142,0.0163783160322952,18827,0.018827,104052.69028522866,0.9258283148335096
360610125002,360610125002,Block Group 2; Census Tract 125; New York County; New York,Manhattan,979,517,517,1.0,648,346,0.5339506172839507,135,0.1378958120531154,106,0.1082737487231869,317,0.3237997957099081,14,0.0143003064351378,267,0.2727272727272727,106,0.1082737487231869,68,0.1315280464216634,36061012500,2680,324,0.1208955223880597,2680,245,0.0914179104477612,2680,161,0.0600746268656716,33835,0.033835,28934.535244569237,0.7510085072575403
360610126012,360610126012,Block Group 2; Census Tract 126.01; New York County; New York,Manhattan,1048,587,539,0.918228279386712,473,289,0.6109936575052854,231,0.2204198473282442,359,0.3425572519083969,728,0.6946564885496184,0,0.0,145,0.1383587786259542,62,0.0591603053435114,141,0.2402044293015332,36061012601,7014,308,0.0439121756487025,7014,534,0.0761334473909324,7014,70,0.0099800399201596,18430,0.01843,56863.80900705372,0.7782202365643289
360610126022,360610126022,Block Group 2; Census Tract 126.02; New York County; New York,Manhattan,837,408,408,1.0,507,298,0.5877712031558185,98,0.1170848267622461,199,0.2377538829151732,681,0.8136200716845878,0,0.0,0,0.0,17,0.020310633213859,0,0.0,36061012602,4980,118,0.0236947791164658,4980,280,0.0562248995983935,4980,0,0.0,18829,0.018829,44452.70593233842,0.7951832875769218
360610127002,360610127002,Block Group 2; Census Tract 127; New York County; New York,Manhattan,1287,728,663,0.9107142857142856,1103,379,0.3436083408884859,43,0.0334110334110334,12,0.0093240093240093,1048,0.8142968142968143,0,0.0,72,0.0559440559440559,92,0.0714840714840714,0,0.0,36061012700,6307,709,0.1124147772316473,6307,840,0.1331853496115427,6307,356,0.0564452195972728,43405,0.043405,29650.961870752217,0.6590357854687205
360610128002,360610128002,Block Group 2; Census Tract 128; New York County; New York,Manhattan,1054,484,324,0.6694214876033058,434,32,0.0737327188940092,199,0.1888045540796964,431,0.4089184060721063,985,0.9345351043643264,0,0.0,0,0.0,0,0.0,0,0.0,36061012800,5163,161,0.031183420491962,5163,413,0.0799922525663374,5163,56,0.0108464071276389,25779,0.025779,40885.99247449474,0.8020644175539032
360610129012,360610129012,Block Group 2; Census Tract 129.01; New York County; New York,Manhattan,3746,2934,2902,0.989093387866394,2993,1039,0.3471433344470431,184,0.0491190603310197,115,0.0306994127068873,1889,0.50427122263748,113,0.0301655098772023,959,0.2560064068339562,566,0.1510945008008542,342,0.1165644171779141,36061012901,6762,526,0.0777876367938479,6806,288,0.0423156038789303,6806,67,0.0098442550690567,105232,0.105232,35597.53687091379,0.6174279377811398
360610129022,360610129022,Block Group 2; Census Tract 129.02; New York County; New York,Manhattan,1156,668,585,0.875748502994012,857,163,0.190198366394399,101,0.0873702422145328,115,0.0994809688581314,518,0.4480968858131487,106,0.0916955017301038,100,0.0865051903114186,178,0.1539792387543252,13,0.0194610778443113,36061012902,2383,451,0.1892572387746538,2594,126,0.0485736314572089,2594,161,0.0620663068619892,105944,0.105944,10911.424903722722,0.823176133258437
360610012002,360610012002,Block Group 2; Census Tract 12; New York County; New York,Manhattan,1281,612,409,0.6683006535947712,639,171,0.2676056338028169,267,0.2084309133489461,242,0.1889149102263856,1027,0.8017174082747853,0,0.0,85,0.0663544106167057,91,0.0710382513661202,55,0.0898692810457516,36061001200,4124,498,0.120756547041707,4124,560,0.1357904946653734,4124,79,0.0191561590688651,36855,0.036855,34757.83475783476,0.7689536757627528
360610130002,360610130002,Block Group 2; Census Tract 130; New York County; New York,Manhattan,1495,615,352,0.5723577235772358,748,168,0.2245989304812834,298,0.1993311036789297,582,0.3892976588628762,1120,0.7491638795986622,7,0.0046822742474916,249,0.1665551839464883,119,0.0795986622073578,20,0.032520325203252,36061013000,3311,381,0.1150709755360918,3336,416,0.1247002398081534,3336,45,0.0134892086330935,51774,0.051774,28875.497353884188,0.7427019990489276
360610131002,360610131002,Block Group 2; Census Tract 131; New York County; New York,Manhattan,980,543,488,0.8987108655616943,708,142,0.2005649717514124,87,0.0887755102040816,184,0.1877551020408163,354,0.3612244897959183,0,0.0,469,0.4785714285714286,73,0.0744897959183673,0,0.0,36061013100,3470,313,0.0902017291066282,3485,458,0.1314203730272596,3485,92,0.0263988522238163,86931,0.086931,11273.308716108178,0.7996677223036768
360610132012,360610132012,Block Group 2; Census Tract 132.01; New York County; New York,Manhattan,886,416,383,0.9206730769230768,588,427,0.7261904761904762,132,0.1489841986455982,148,0.1670428893905192,688,0.7765237020316027,13,0.0146726862302483,120,0.1354401805869074,49,0.0553047404063205,0,0.0,36061013201,2351,57,0.0242450021267545,2351,348,0.1480221182475542,2351,62,0.0263717566992769,17556,0.017556,50467.07678286626,0.8849188480442652
360610132022,360610132022,Block Group 2; Census Tract 132.02; New York County; New York,Manhattan,868,566,566,1.0,609,197,0.3234811165845648,72,0.0829493087557603,96,0.1105990783410138,766,0.8824884792626728,34,0.0391705069124423,53,0.0610599078341013,0,0.0,0,0.0,36061013202,3616,447,0.1236172566371681,3616,407,0.1125553097345132,3616,24,0.0066371681415929,11872,0.011872,73113.2075471698,0.8067246149072707
360610132032,360610132032,Block Group 2; Census Tract 132.03; New York County; New York,Manhattan,2207,925,566,0.6118918918918919,1199,341,0.2844036697247706,459,0.2079746261893973,129,0.0584503851381966,1408,0.6379700951517897,217,0.0983235160851835,496,0.2247394653375623,61,0.027639329406434,0,0.0,36061013203,4276,1437,0.3360617399438728,4276,133,0.0311038353601496,4276,144,0.0336763330215154,18852,0.018852,117069.80691703796,0.8010486428698089
360610133002,360610133002,Block Group 2; Census Tract 133; New York County; New York,Manhattan,1444,879,862,0.9806598407281,1143,390,0.3412073490813648,0,0.0,183,0.1267313019390581,1134,0.7853185595567868,47,0.0325484764542936,172,0.1191135734072022,91,0.0630193905817174,0,0.0,36061013300,6146,712,0.1158477058249267,6146,293,0.0476732834363813,6146,285,0.0463716238203709,31761,0.031761,45464.5634583294,0.771420334615868
360610134002,360610134002,Block Group 2; Census Tract 134; New York County; New York,Manhattan,920,482,440,0.9128630705394192,737,266,0.3609226594301221,124,0.1347826086956521,117,0.1271739130434782,770,0.8369565217391305,0,0.0,52,0.0565217391304347,98,0.1065217391304347,0,0.0,36061013400,10399,1010,0.0971247235311087,10475,840,0.0801909307875895,10475,90,0.0085918854415274,17381,0.017381,52931.36183188539,0.8089014150350791
360610135012,360610135012,Block Group 2; Census Tract 135.01; New York County; New York,Manhattan,1731,929,929,1.0,877,175,0.1995438996579247,444,0.2564991334488735,71,0.0410167533217793,462,0.2668977469670711,274,0.1582900057770075,381,0.2201039861351819,526,0.3038705950317735,29,0.0312163616792249,36061013501,4872,396,0.0812807881773399,4854,397,0.0817882159044087,4854,271,0.0558302430984754,26156,0.026156,66179.844012846,0.824046891564542
360610135022,360610135022,Block Group 2; Census Tract 135.02; New York County; New York,Manhattan,897,631,631,1.0,632,178,0.2816455696202531,0,0.0,69,0.0769230769230769,307,0.3422519509476031,67,0.0746934225195094,308,0.3433667781493868,132,0.1471571906354515,0,0.0,36061013502,5873,1196,0.2036437936318746,5873,804,0.1368976672909926,5873,143,0.024348714455985,68913,0.068913,13016.411997736275,0.8258492498257479
360610136022,360610136022,Block Group 2; Census Tract 136.02; New York County; New York,Manhattan,1745,915,670,0.73224043715847,999,289,0.2892892892892892,246,0.1409742120343839,278,0.1593123209169054,1387,0.7948424068767909,125,0.0716332378223495,19,0.0108882521489971,214,0.1226361031518624,0,0.0,36061013602,6373,83,0.0130236937078299,6373,287,0.0450337360740624,6373,16,0.0025105915581358,18385,0.018385,94914.3323361436,0.8008415818629835
360610136032,360610136032,Block Group 2; Census Tract 136.03; New York County; New York,Manhattan,1748,1164,1164,1.0,887,288,0.3246899661781285,185,0.1058352402745995,755,0.4319221967963387,1423,0.8140732265446224,0,0.0,50,0.028604118993135,196,0.1121281464530892,0,0.0,36061013603,4442,256,0.0576316974335884,4459,348,0.0780444045750168,4459,0,0.0,17518,0.017518,99783.0802603037,0.7240493698656926
360610136042,360610136042,Block Group 2; Census Tract 136.04; New York County; New York,Manhattan,1221,719,540,0.7510431154381085,960,557,0.5802083333333333,0,0.0,276,0.226044226044226,1131,0.9262899262899262,0,0.0,72,0.0589680589680589,0,0.0,18,0.0250347705146036,36061013604,4030,201,0.0498759305210918,4030,392,0.0972704714640198,4030,66,0.0163771712158808,18364,0.018364,66488.78240034851,0.7105905150332659
360610137002,360610137002,Block Group 2; Census Tract 137; New York County; New York,Manhattan,1936,948,863,0.910337552742616,1588,770,0.4848866498740554,0,0.0,320,0.1652892561983471,1492,0.7706611570247934,0,0.0,444,0.2293388429752066,0,0.0,11,0.0116033755274261,36061013700,6557,503,0.0767119109348787,6600,540,0.0818181818181818,6600,71,0.0107575757575757,47063,0.047063,41136.349149013025,0.8744194100791169
360610138002,360610138002,Block Group 2; Census Tract 138; New York County; New York,Manhattan,2204,964,927,0.9616182572614108,1422,254,0.1786216596343178,458,0.2078039927404718,246,0.1116152450090744,1678,0.7613430127041743,71,0.0322141560798548,37,0.0167876588021778,259,0.117513611615245,0,0.0,36061013800,11161,609,0.0545650031359197,11161,453,0.0405877609533196,11161,451,0.0404085655407221,17459,0.017459,126238.61618649408,0.7798305772191692
360610139002,360610139002,Block Group 2; Census Tract 139; New York County; New York,Manhattan,419,239,239,1.0,313,75,0.2396166134185303,0,0.0,3,0.0071599045346062,357,0.8520286396181385,12,0.0286396181384248,3,0.0071599045346062,47,0.1121718377088305,0,0.0,36061013900,9918,396,0.0399274047186932,9952,1678,0.1686093247588424,9952,203,0.0203979099678456,23509,0.023509,17822.96141903101,0.8733604627054596
360610013002,360610013002,Block Group 2; Census Tract 13; New York County; New York,Manhattan,1267,860,860,1.0,1055,420,0.3981042654028436,0,0.0,77,0.0607734806629834,837,0.6606156274664562,25,0.0197316495659037,255,0.2012628255722178,82,0.0647198105761641,71,0.0825581395348837,36061001300,5062,600,0.1185302252074279,5062,67,0.0132358751481627,5062,536,0.1058870011853022,57919,0.057919,21875.377682625734,0.8313314541535038
360610014012,360610014012,Block Group 2; Census Tract 14.01; New York County; New York,Manhattan,1566,856,530,0.6191588785046729,905,289,0.3193370165745856,168,0.10727969348659,453,0.289272030651341,1017,0.6494252873563219,56,0.0357598978288633,131,0.0836526181353767,224,0.1430395913154533,11,0.0128504672897196,36061001401,3674,159,0.0432770821992378,3674,693,0.1886227544910179,3674,11,0.0029940119760479,36867,0.036867,42477.01196191717,0.7651365407355276
360610014022,360610014022,Block Group 2; Census Tract 14.02; New York County; New York,Manhattan,1994,995,995,1.0,1114,635,0.5700179533213644,212,0.1063189568706118,657,0.3294884653961886,376,0.1885656970912738,191,0.0957873620862587,939,0.4709127382146439,462,0.2316950852557673,310,0.3115577889447236,36061001402,3462,1039,0.3001155401502022,3463,679,0.1960727692751949,3463,274,0.07912214842622,57077,0.057077,34935.26289048128,0.7624010045046152
360610140002,360610140002,Block Group 2; Census Tract 140; New York County; New York,Manhattan,2330,1123,936,0.8334817453250223,1175,470,0.4,397,0.1703862660944206,191,0.0819742489270386,2206,0.9467811158798284,0,0.0,48,0.0206008583690987,10,0.0042918454935622,0,0.0,36061014000,8030,431,0.0536737235367372,8030,569,0.0708592777085927,8030,160,0.0199252801992528,38322,0.038322,60800.584520640885,0.865823069438874
360610142002,360610142002,Block Group 2; Census Tract 142; New York County; New York,Manhattan,948,382,200,0.5235602094240838,533,88,0.1651031894934334,246,0.2594936708860759,416,0.4388185654008439,825,0.870253164556962,0,0.0,108,0.1139240506329113,15,0.0158227848101265,0,0.0,36061014200,3979,260,0.0653430510178436,3979,230,0.0578034682080924,3979,167,0.0419703443076149,38530,0.03853,24604.20451596159,0.8983554292254031
360610144012,360610144012,Block Group 2; Census Tract 144.01; New York County; New York,Manhattan,1971,1016,815,0.8021653543307087,1262,474,0.375594294770206,193,0.097919837645865,600,0.30441400304414,1508,0.7650938609842719,16,0.0081177067478437,49,0.0248604769152714,270,0.136986301369863,0,0.0,36061014401,5006,266,0.0531362365161805,5006,336,0.0671194566520175,5006,65,0.0129844186975629,18807,0.018807,104801.40373265272,0.7110183199693599
360610144022,360610144022,Block Group 2; Census Tract 144.02; New York County; New York,Manhattan,451,374,370,0.9893048128342246,369,274,0.7425474254742548,0,0.0,48,0.106430155210643,153,0.3392461197339246,50,0.1108647450110864,47,0.1042128603104212,129,0.2860310421286031,0,0.0,36061014402,6799,530,0.0779526400941314,6799,606,0.0891307545227239,6799,251,0.0369171937049566,17337,0.017337,26013.72786525927,0.7138897695933257
360610145002,360610145002,Block Group 2; Census Tract 145; New York County; New York,Manhattan,1059,625,625,1.0,458,266,0.5807860262008734,85,0.0802644003777148,399,0.376770538243626,662,0.6251180358829084,219,0.206798866855524,109,0.1029272898961284,69,0.065155807365439,0,0.0,36061014500,6020,369,0.0612956810631229,7297,338,0.0463204056461559,7297,316,0.0433054680005481,21673,0.021673,48862.640151340376,0.8954414355804227
360610146012,360610146012,Block Group 2; Census Tract 146.01; New York County; New York,Manhattan,644,329,255,0.7750759878419453,313,206,0.65814696485623,16,0.0248447204968944,127,0.1972049689440994,425,0.6599378881987578,28,0.0434782608695652,14,0.0217391304347826,177,0.2748447204968944,14,0.0425531914893617,36061014601,3922,504,0.1285058643549209,3922,367,0.0935747067822539,3922,58,0.0147883732789393,19785,0.019785,32549.9115491534,0.722676676495317
360610146022,360610146022,Block Group 2; Census Tract 146.02; New York County; New York,Manhattan,1222,646,525,0.8126934984520123,784,497,0.6339285714285714,52,0.0425531914893617,314,0.2569558101472995,1079,0.8829787234042553,0,0.0,65,0.0531914893617021,78,0.0638297872340425,0,0.0,36061014602,8144,549,0.0674115913555992,8144,1245,0.1528732809430255,8144,199,0.024435166994106,18556,0.018556,65854.71006682474,0.9158766998125976
360610148012,360610148012,Block Group 2; Census Tract 148.01; New York County; New York,Manhattan,1672,727,628,0.8638239339752407,744,352,0.4731182795698925,290,0.173444976076555,483,0.2888755980861244,1348,0.80622009569378,16,0.0095693779904306,92,0.055023923444976,126,0.0753588516746411,0,0.0,36061014801,3127,87,0.0278221937959705,3127,291,0.0930604413175567,3127,36,0.011512631915574,26930,0.02693,62086.89194207204,0.930153053843245
360610148022,360610148022,Block Group 2; Census Tract 148.02; New York County; New York,Manhattan,1871,761,632,0.8304862023653088,1047,408,0.3896848137535816,465,0.2485301977552111,252,0.1346873329770176,1302,0.6958845537145911,0,0.0,250,0.1336183858898984,214,0.114377338321753,0,0.0,36061014802,7150,269,0.0376223776223776,7150,478,0.0668531468531468,7150,720,0.1006993006993007,37895,0.037895,49373.268241192774,0.9214583739296058
360610149002,360610149002,Block Group 2; Census Tract 149; New York County; New York,Manhattan,977,498,343,0.6887550200803213,437,160,0.3661327231121281,116,0.1187308085977482,403,0.4124872057318321,837,0.8567041965199591,53,0.0542476970317297,1,0.0010235414534288,86,0.0880245649948822,17,0.0341365461847389,36061014900,5681,518,0.0911811300827319,6074,467,0.0768850839644385,6074,60,0.0098781692459664,22148,0.022148,44112.33519956655,0.8191147607403373
360610015012,360610015012,Block Group 2; Census Tract 15.01; New York County; New York,Manhattan,3123,1506,1071,0.7111553784860558,1303,562,0.4313123561013047,223,0.0714056996477745,1390,0.4450848543067563,1294,0.4143451809157861,265,0.084854306756324,841,0.2692923471021454,185,0.0592379122638488,210,0.1394422310756972,36061001501,6883,644,0.0935638529710881,7667,588,0.0766923177253162,7667,95,0.0123907656188861,59871,0.059871,52162.148619532,0.7647403143596032
360610015022,360610015022,Block Group 2; Census Tract 15.02; New York County; New York,Manhattan,2322,917,864,0.9422028353326064,1551,758,0.4887169568020632,232,0.0999138673557278,15,0.0064599483204134,1366,0.5882859603789836,88,0.0378983634797588,341,0.1468561584840654,432,0.1860465116279069,54,0.0588876772082878,36061001502,7414,430,0.0579983814405179,8373,397,0.0474143078944225,8373,321,0.0383375134360444,54846,0.054846,42336.724647193965,0.8426965353147775
360610150012,360610150012,Block Group 2; Census Tract 150.01; New York County; New York,Manhattan,1243,667,569,0.8530734632683659,717,269,0.3751743375174337,227,0.1826226870474658,354,0.2847948511665326,1067,0.8584070796460177,12,0.0096540627514078,50,0.0402252614641995,13,0.0104585679806918,32,0.047976011994003,36061015001,2141,74,0.034563288183092,2141,196,0.0915460065390004,2141,103,0.0481083605791686,25653,0.025653,48454.3718083655,0.8718787774205141
360610150022,360610150022,Block Group 2; Census Tract 150.02; New York County; New York,Manhattan,1429,527,267,0.5066413662239089,609,206,0.3382594417077175,454,0.317704688593422,297,0.2078376487053883,1079,0.7550734779566131,20,0.0139958012596221,18,0.0125962211336599,205,0.1434569629111266,17,0.032258064516129,36061015002,4904,149,0.0303833605220228,4904,317,0.0646411092985318,4904,40,0.0081566068515497,25728,0.025728,55542.59950248756,0.8799846020840134
360610151012,360610151012,Block Group 2; Census Tract 151.01; New York County; New York,Manhattan,2076,776,776,1.0,570,410,0.7192982456140351,660,0.3179190751445087,429,0.2066473988439306,0,0.0,725,0.3492292870905588,446,0.2148362235067437,905,0.4359344894026975,179,0.2306701030927835,36061015101,3415,1634,0.4784773060029282,3476,487,0.1401035673187572,3476,16,0.004602991944764,43266,0.043266,47982.24934128415,0.7762704137607412
360610151022,360610151022,Block Group 2; Census Tract 151.02; New York County; New York,Manhattan,4979,2704,2608,0.9644970414201184,2649,973,0.3673084182710456,1084,0.2177144004820245,449,0.0901787507531632,1459,0.2930307290620607,689,0.1383812010443864,1427,0.2866037356898975,461,0.0925888732677244,221,0.0817307692307692,36061015102,9611,1849,0.1923837269795026,9611,867,0.0902091353657267,9611,779,0.0810529601498283,55271,0.055271,90083.40721173852,0.7794999199963899
360610152002,360610152002,Block Group 2; Census Tract 152; New York County; New York,Manhattan,1687,864,864,1.0,635,345,0.5433070866141733,102,0.0604623592175459,443,0.2625963248369887,424,0.2513337285121517,413,0.2448132780082987,174,0.1031416716064018,652,0.3864848844101956,20,0.0231481481481481,36061015200,7667,1604,0.209208295291509,7667,1367,0.1782965958001826,7667,241,0.0314334159384374,16301,0.016301,103490.58339979145,0.94518532902774
360610153012,360610153012,Block Group 2; Census Tract 153.01; New York County; New York,Manhattan,1517,756,708,0.9365079365079364,628,219,0.3487261146496815,222,0.1463414634146341,517,0.3408042188529993,986,0.6499670402109426,0,0.0,12,0.007910349373764,312,0.2056690837178642,53,0.0701058201058201,36061015301,4799,188,0.0391748280891852,4799,334,0.0695978328818503,4799,310,0.0645967909981246,21805,0.021805,69571.19926622334,0.7794230351170479
360610153022,360610153022,Block Group 2; Census Tract 153.02; New York County; New York,Manhattan,1540,856,625,0.7301401869158879,901,414,0.4594894561598224,288,0.187012987012987,261,0.1694805194805194,1020,0.6623376623376623,0,0.0,320,0.2077922077922078,144,0.0935064935064935,23,0.0268691588785046,36061015302,5448,335,0.0614904552129221,5448,435,0.0798458149779735,5448,167,0.0306534508076358,15078,0.015078,102135.5617455896,0.8190715304584426
360610154012,360610154012,Block Group 2; Census Tract 154.01; New York County; New York,Manhattan,1121,901,901,1.0,644,503,0.781055900621118,65,0.0579839429081177,339,0.3024085637823372,711,0.6342551293487957,87,0.0776092774308652,217,0.1935771632471008,72,0.0642283675289919,30,0.0332963374028856,36061015401,4594,155,0.0337396604266434,4563,629,0.1378479070786763,4563,445,0.0975235590620206,18215,0.018215,61542.684600603905,0.7149447228688302
360610154022,360610154022,Block Group 2; Census Tract 154.02; New York County; New York,Manhattan,612,336,256,0.7619047619047619,308,186,0.6038961038961039,25,0.0408496732026143,94,0.15359477124183,207,0.3382352941176471,0,0.0,81,0.1323529411764706,265,0.4330065359477124,23,0.0684523809523809,36061015402,3724,274,0.0735767991407089,3724,243,0.0652524167561761,3724,80,0.0214822771213748,18264,0.018264,33508.54139290407,0.94532367092589
360610154032,360610154032,Block Group 2; Census Tract 154.03; New York County; New York,Manhattan,958,507,507,1.0,356,207,0.5814606741573034,217,0.2265135699373695,25,0.0260960334029227,779,0.8131524008350731,0,0.0,86,0.0897703549060542,28,0.0292275574112734,0,0.0,36061015403,5055,555,0.1097922848664688,5055,556,0.1099901088031651,5055,138,0.0272997032640949,6626,0.006626,144581.94989435558,0.749724659550085
360610155022,360610155022,Block Group 2; Census Tract 155.02; New York County; New York,Manhattan,1908,778,778,1.0,904,457,0.5055309734513275,331,0.1734800838574423,0,0.0,742,0.3888888888888889,66,0.0345911949685534,476,0.2494758909853249,349,0.1829140461215933,0,0.0,36061015502,5500,697,0.1267272727272727,5500,590,0.1072727272727272,5500,73,0.0132727272727272,24565,0.024565,77671.48381844087,0.709206902967327
360610156012,360610156012,Block Group 2; Census Tract 156.01; New York County; New York,Manhattan,538,424,424,1.0,388,295,0.7603092783505154,24,0.0446096654275092,66,0.1226765799256505,295,0.5483271375464684,52,0.0966542750929368,112,0.20817843866171,75,0.1394052044609665,0,0.0,36061015601,5120,621,0.1212890625,5120,514,0.100390625,5120,460,0.08984375,18182,0.018182,29589.70410295897,0.9441341577910576
360610157002,360610157002,Block Group 2; Census Tract 157; New York County; New York,Manhattan,1517,934,762,0.815845824411135,866,507,0.5854503464203233,0,0.0,853,0.5622940013183916,1008,0.6644693473961767,0,0.0,189,0.1245880026367831,320,0.2109426499670402,0,0.0,36061015700,10219,450,0.0440356199236715,10669,966,0.0905426937857343,10669,388,0.0363670447089699,23744,0.023744,63889.82479784366,0.682883065918894
360610158012,360610158012,Block Group 2; Census Tract 158.01; New York County; New York,Manhattan,1340,630,544,0.8634920634920635,813,231,0.2841328413284132,209,0.1559701492537313,266,0.1985074626865671,848,0.6328358208955224,39,0.0291044776119402,234,0.1746268656716418,155,0.1156716417910447,0,0.0,36061015801,4968,295,0.0593800322061191,5188,374,0.0720894371626831,5188,57,0.0109868928296067,24651,0.024651,54358.84953957243,0.7681923311161752
360610158022,360610158022,Block Group 2; Census Tract 158.02; New York County; New York,Manhattan,715,352,352,1.0,523,104,0.1988527724665392,78,0.109090909090909,24,0.0335664335664335,401,0.5608391608391609,42,0.0587412587412587,126,0.1762237762237762,95,0.1328671328671328,45,0.1278409090909091,36061015802,3444,297,0.0862369337979094,4212,226,0.0536562203228869,4212,123,0.0292022792022792,13406,0.013406,53334.32791287483,0.89624319580551
360610159002,360610159002,Block Group 2; Census Tract 159; New York County; New York,Manhattan,1762,853,550,0.6447831184056272,1239,891,0.7191283292978208,367,0.2082860385925085,223,0.126560726447219,1525,0.8654937570942112,0,0.0,170,0.0964812712826333,0,0.0,0,0.0,36061015900,9194,481,0.0523167283010659,9194,760,0.0826626060474222,9194,236,0.0256689145094626,24252,0.024252,72653.80174830942,0.6892585387969346
360610160012,360610160012,Block Group 2; Census Tract 160.01; New York County; New York,Manhattan,883,506,352,0.6956521739130435,410,50,0.1219512195121951,79,0.0894677236693091,416,0.4711211778029445,660,0.7474518686296716,2,0.0022650056625141,102,0.1155152887882219,80,0.0906002265005662,11,0.0217391304347826,36061016001,3118,86,0.0275817831943553,3118,274,0.0878768441308531,3118,58,0.018601667735728,37177,0.037177,23751.244048739813,0.8732078568468652
360610160022,360610160022,Block Group 2; Census Tract 160.02; New York County; New York,Manhattan,1971,590,567,0.9610169491525424,913,180,0.1971522453450164,87,0.0441400304414003,630,0.319634703196347,662,0.3358701166920345,52,0.0263825469304921,417,0.2115677321156773,741,0.3759512937595129,133,0.2254237288135593,36061016002,2555,170,0.0665362035225048,3183,278,0.0873389883757461,3183,114,0.0358152686145146,24792,0.024792,79501.45208131654,0.961916954555698
360610161002,360610161002,Block Group 2; Census Tract 161; New York County; New York,Manhattan,809,509,456,0.8958742632612967,478,229,0.4790794979079498,75,0.0927070457354758,272,0.3362175525339926,678,0.8380716934487021,0,0.0,40,0.0494437577255871,53,0.0655129789864029,21,0.0412573673870334,36061016100,5756,342,0.0594162612925642,5756,441,0.0766157053509381,5756,12,0.0020847810979847,23136,0.023136,34967.150760719225,0.640203518415481
360610162002,360610162002,Block Group 2; Census Tract 162; New York County; New York,Manhattan,774,462,455,0.9848484848484848,241,167,0.6929460580912863,95,0.1227390180878553,222,0.2868217054263566,137,0.1770025839793281,255,0.3294573643410852,1,0.0012919896640826,349,0.4509043927648579,84,0.1818181818181818,36061016200,9320,4456,0.4781115879828326,9320,1824,0.1957081545064377,9320,156,0.0167381974248927,31714,0.031714,24405.62527590339,0.6870511515252142
360610163002,360610163002,Block Group 2; Census Tract 163; New York County; New York,Manhattan,1351,774,673,0.8695090439276486,599,173,0.2888146911519199,179,0.1324944485566247,560,0.4145077720207253,1053,0.7794226498889711,13,0.0096225018504811,31,0.0229459659511473,88,0.0651369356032568,0,0.0,36061016300,7191,399,0.0554860241969128,7213,476,0.0659919589629835,7213,90,0.0124774712324968,26818,0.026818,50376.61272279812,0.6264395422566637
360610164002,360610164002,Block Group 2; Census Tract 164; New York County; New York,Manhattan,3079,1273,1273,1.0,931,473,0.5080558539205156,432,0.1403052939265995,476,0.154595647937642,337,0.1094511204936667,527,0.1711594673595323,161,0.0522897044494965,2043,0.6635271191945437,314,0.246661429693637,36061016400,8285,3079,0.3716354858177429,8310,2098,0.2524669073405535,8310,320,0.0385078219013237,54956,0.054956,56026.63949341291,0.8206475753480327
360610165002,360610165002,Block Group 2; Census Tract 165; New York County; New York,Manhattan,1851,870,775,0.8908045977011494,915,516,0.5639344262295082,356,0.1923284710967044,308,0.1663965424095083,1546,0.8352242031334414,39,0.0210696920583468,121,0.0653700702323068,66,0.0356564019448946,0,0.0,36061016500,7098,689,0.097069597069597,7098,842,0.1186249647788109,7098,32,0.0045083122006198,23746,0.023746,77949.97052135096,0.667610377669106
360610166002,360610166002,Block Group 2; Census Tract 166; New York County; New York,Manhattan,744,316,316,1.0,409,189,0.4621026894865526,173,0.2325268817204301,0,0.0,259,0.3481182795698925,100,0.1344086021505376,0,0.0,378,0.5080645161290323,61,0.1930379746835443,36061016600,6760,2458,0.3636094674556213,6888,1381,0.2004936120789779,6888,392,0.056910569105691,24668,0.024668,30160.531863142533,0.7590031414518894
360610167002,360610167002,Block Group 2; Census Tract 167; New York County; New York,Manhattan,1228,552,392,0.7101449275362319,570,229,0.4017543859649123,267,0.2174267100977198,466,0.3794788273615635,890,0.7247557003257329,0,0.0,134,0.1091205211726384,144,0.1172638436482084,22,0.0398550724637681,36061016700,7859,452,0.0575136785850617,7884,673,0.0853627600202942,7884,236,0.0299340436326737,24771,0.024771,49574.09874449961,0.6810572686795786
360610168002,360610168002,Block Group 2; Census Tract 168; New York County; New York,Manhattan,2278,866,835,0.964203233256351,742,427,0.5754716981132075,709,0.3112379280070237,300,0.131694468832309,595,0.2611940298507462,807,0.3542581211589113,128,0.0561896400351185,674,0.295873573309921,175,0.2020785219399538,36061016800,4377,1503,0.343385880740233,4377,1000,0.2284669865204478,4377,132,0.0301576422206991,98459,0.098459,23136.533988766896,0.906215726683341
360610169002,360610169002,Block Group 2; Census Tract 169; New York County; New York,Manhattan,1323,941,859,0.9128586609989372,1056,413,0.3910984848484848,39,0.0294784580498866,352,0.2660619803476946,1026,0.7755102040816326,0,0.0,156,0.1179138321995464,96,0.0725623582766439,96,0.1020191285866099,36061016900,8042,515,0.0640387963193235,8056,537,0.0666583912611718,8056,153,0.0189920556107249,22091,0.022091,59888.64243357023,0.7853707669671479
360610016002,360610016002,Block Group 2; Census Tract 16; New York County; New York,Manhattan,714,311,311,1.0,447,183,0.4093959731543624,105,0.1470588235294117,143,0.2002801120448179,266,0.3725490196078431,0,0.0,359,0.5028011204481793,0,0.0,77,0.247588424437299,36061001600,7205,1244,0.1726578764746703,7221,846,0.1171582883257166,7221,335,0.0463924664173937,21447,0.021447,33291.369422296826,0.7674470720117424
360610170002,360610170002,Block Group 2; Census Tract 170; New York County; New York,Manhattan,998,554,554,1.0,325,129,0.3969230769230769,190,0.1903807615230461,333,0.3336673346693387,71,0.0711422845691382,45,0.0450901803607214,141,0.1412825651302605,741,0.7424849699398798,352,0.6353790613718412,36061017000,8766,2696,0.3075519050878393,8791,1176,0.1337731771129564,8791,830,0.0944147423501308,36111,0.036111,27637.00811387112,0.7555891610126849
360610171002,360610171002,Block Group 2; Census Tract 171; New York County; New York,Manhattan,2218,1173,1047,0.8925831202046036,1336,299,0.2238023952095808,0,0.0,306,0.1379621280432822,1574,0.7096483318304779,10,0.0045085662759242,26,0.011722272317403,508,0.2290351668169522,124,0.1057118499573742,36061017100,8295,1417,0.1708257986738999,8419,809,0.0960921724670388,8419,47,0.005582610761373,34800,0.0348,63735.63218390805,0.6730470398340086
360610172002,360610172002,Block Group 2; Census Tract 172; New York County; New York,Manhattan,931,508,508,1.0,453,175,0.3863134657836644,23,0.024704618689581,197,0.2116004296455424,38,0.0408163265306122,403,0.4328678839957035,41,0.0440386680988184,367,0.3941997851772288,30,0.0590551181102362,36061017200,5624,1439,0.2558677098150782,5630,931,0.1653641207815275,5630,516,0.0916518650088809,24713,0.024713,37672.48007121758,0.8381503493727792
360610173002,360610173002,Block Group 2; Census Tract 173; New York County; New York,Manhattan,1091,331,211,0.6374622356495468,738,127,0.1720867208672086,171,0.1567369385884509,254,0.2328139321723189,1090,0.999083409715857,0,0.0,1,0.0009165902841429,0,0.0,0,0.0,36061017300,9343,557,0.0596168254308038,9343,1055,0.1129187627100503,9343,120,0.0128438403082521,21916,0.021916,49780.98193100931,0.7056707387320305
360610174012,360610174012,Block Group 2; Census Tract 174.01; New York County; New York,Manhattan,1341,743,743,1.0,238,176,0.7394957983193278,195,0.145413870246085,655,0.488441461595824,146,0.1088739746457867,476,0.354958985831469,138,0.1029082774049217,581,0.4332587621178225,132,0.1776581426648721,36061017401,5275,1406,0.2665402843601895,5275,1674,0.317345971563981,5275,235,0.0445497630331753,25643,0.025643,52294.9732870569,0.8506802214907064
360610175002,360610175002,Block Group 2; Census Tract 175; New York County; New York,Manhattan,1417,373,328,0.8793565683646113,421,206,0.4893111638954869,158,0.1115031757233592,834,0.5885673959068455,712,0.502470007057163,234,0.1651376146788991,17,0.0119971771347918,244,0.1721947776993648,0,0.0,36061017500,9742,321,0.0329501129131595,9760,1141,0.116905737704918,9760,229,0.0234631147540983,19301,0.019301,73415.885187296,0.7357739981070561
360610177002,360610177002,Block Group 2; Census Tract 177; New York County; New York,Manhattan,1011,570,478,0.8385964912280702,262,129,0.4923664122137404,169,0.1671612265084075,375,0.3709198813056379,406,0.4015825914935707,70,0.069238377843719,27,0.0267062314540059,332,0.3283877349159248,154,0.2701754385964912,36061017700,10030,1319,0.1315054835493519,10030,983,0.0980059820538384,10030,0,0.0,19380,0.01938,52167.1826625387,0.7271569072275541
360610178002,360610178002,Block Group 2; Census Tract 178; New York County; New York,Manhattan,1558,615,615,1.0,587,519,0.8841567291311755,304,0.1951219512195122,265,0.1700898587933247,478,0.306803594351733,122,0.0783055198973042,190,0.1219512195121951,742,0.4762516046213094,51,0.0829268292682926,36061017800,3786,1131,0.2987321711568938,3786,364,0.0961436872688853,3786,655,0.1730058108821975,37586,0.037586,41451.60432075773,0.7188490071291329
360610179002,360610179002,Block Group 2; Census Tract 179; New York County; New York,Manhattan,1856,942,942,1.0,1187,720,0.6065711878685762,157,0.0845905172413793,157,0.0845905172413793,902,0.4859913793103448,63,0.0339439655172413,14,0.0075431034482758,877,0.4725215517241379,160,0.1698513800424628,36061017900,9842,873,0.0887014834383255,9875,711,0.072,9875,877,0.0888101265822784,11937,0.011937,155482.95216553574,0.7900704231764449
360610180002,360610180002,Block Group 2; Census Tract 180; New York County; New York,Manhattan,1578,708,686,0.9689265536723164,894,458,0.5123042505592841,242,0.1533586818757921,93,0.05893536121673,347,0.2198986058301647,129,0.0817490494296578,162,0.1026615969581749,885,0.5608365019011406,145,0.2048022598870056,36061018000,6980,2358,0.3378223495702006,6980,1256,0.1799426934097421,6980,560,0.0802292263610315,52693,0.052693,29947.051790560417,0.7736503858955412
360610181002,360610181002,Block Group 2; Census Tract 181; New York County; New York,Manhattan,1244,543,400,0.7366482504604052,469,203,0.4328358208955223,280,0.22508038585209,285,0.2290996784565916,610,0.4903536977491961,157,0.1262057877813504,56,0.045016077170418,370,0.297427652733119,42,0.0773480662983425,36061018100,8408,698,0.0830161750713606,8408,1053,0.1252378686964795,8408,174,0.0206945765937202,21747,0.021747,57203.292408148256,0.7319154290236861
360610182002,360610182002,Block Group 2; Census Tract 182; New York County; New York,Manhattan,2317,822,822,1.0,638,413,0.6473354231974922,629,0.2714717306862322,211,0.0910660336642209,82,0.0353905912818299,1336,0.5766076823478636,0,0.0,892,0.3849805783340526,94,0.1143552311435523,36061018200,7098,2791,0.3932093547478162,7266,1765,0.2429121937792458,7266,440,0.0605560143132397,24942,0.024942,92895.51760083392,0.8324518285213416
360610183002,360610183002,Block Group 2; Census Tract 183; New York County; New York,Manhattan,915,434,434,1.0,700,91,0.13,0,0.0,135,0.1475409836065573,758,0.8284153005464481,18,0.0196721311475409,64,0.0699453551912568,39,0.0426229508196721,25,0.0576036866359447,36061018300,8440,1463,0.1733412322274881,8440,991,0.1174170616113744,8440,268,0.0317535545023696,16572,0.016572,55213.613323678495,0.7939986940472342
360610184002,360610184002,Block Group 2; Census Tract 184; New York County; New York,Manhattan,1444,465,465,1.0,296,125,0.4222972972972973,322,0.2229916897506925,169,0.1170360110803324,36,0.0249307479224376,0,0.0,130,0.0900277008310249,578,0.4002770083102493,224,0.4817204301075269,36061018400,8225,2108,0.2562917933130699,8225,1316,0.16,8225,296,0.0359878419452887,27242,0.027242,53006.3871962411,0.8284699978121741
360610185002,360610185002,Block Group 2; Census Tract 185; New York County; New York,Manhattan,1785,921,921,1.0,927,512,0.552319309600863,149,0.0834733893557422,341,0.1910364145658263,946,0.5299719887955182,259,0.1450980392156863,165,0.0924369747899159,243,0.1361344537815126,108,0.1172638436482084,36061018500,5059,243,0.0480332081439019,5060,646,0.1276679841897233,5060,191,0.0377470355731225,66263,0.066263,26938.110257609827,0.668712367498703
360610186002,360610186002,Block Group 2; Census Tract 186; New York County; New York,Manhattan,2791,711,688,0.9676511954992968,1074,313,0.2914338919925512,481,0.172339663203153,228,0.081691150125403,345,0.1236116087423862,1391,0.4983876746685776,10,0.0035829451809387,962,0.344679326406306,14,0.0196905766526019,36061018600,6091,1794,0.294532917419143,6104,785,0.1286041939711664,6104,389,0.0637287024901703,48762,0.048762,57237.19289610763,0.8795908486848764
360610187002,360610187002,Block Group 2; Census Tract 187; New York County; New York,Manhattan,991,516,477,0.9244186046511628,433,203,0.4688221709006928,92,0.0928355196770938,333,0.3360242179616549,860,0.8678102926337034,57,0.0575176589303733,0,0.0,74,0.0746720484359233,0,0.0,36061018700,9862,952,0.0965321435814236,9907,860,0.0868073079640658,9907,205,0.0206924396891087,25308,0.025308,39157.57863126284,0.6701089017855595
360610188002,360610188002,Block Group 2; Census Tract 188; New York County; New York,Manhattan,1031,425,425,1.0,627,502,0.8006379585326954,136,0.1319107662463627,190,0.1842870999030068,87,0.084384093113482,81,0.078564500484966,49,0.0475266731328807,814,0.7895247332686712,66,0.1552941176470588,36061018800,4676,1428,0.3053892215568862,4676,856,0.1830624465355004,4676,886,0.1894781864841745,39831,0.039831,25884.3614270292,0.7573395622183832
360610189002,360610189002,Block Group 2; Census Tract 189; New York County; New York,Manhattan,1418,736,541,0.7350543478260869,605,59,0.0975206611570247,322,0.2270803949224259,476,0.3356840620592383,604,0.4259520451339915,149,0.1050775740479548,430,0.3032440056417489,188,0.1325811001410437,150,0.2038043478260869,36061018900,9819,3133,0.3190752622466646,9747,1644,0.1686672822406894,9747,171,0.0175438596491228,34103,0.034103,41579.9196551623,0.7094717640232076
360610018002,360610018002,Block Group 2; Census Tract 18; New York County; New York,Manhattan,1262,554,482,0.8700361010830325,1071,524,0.4892623716153128,27,0.0213946117274167,75,0.0594294770206022,654,0.5182250396196514,90,0.0713153724247226,377,0.2987321711568938,71,0.0562599049128367,30,0.0541516245487364,36061001800,6386,1327,0.2077983088005011,6646,747,0.1123984351489617,6646,802,0.1206740896780018,32631,0.032631,38674.87971560786,0.7661166778103295
360610190002,360610190002,Block Group 2; Census Tract 190; New York County; New York,Manhattan,2670,1110,714,0.6432432432432432,1532,880,0.5744125326370757,555,0.2078651685393258,291,0.1089887640449438,1067,0.399625468164794,921,0.3449438202247191,171,0.0640449438202247,348,0.1303370786516854,59,0.0531531531531531,36061019000,3735,465,0.1244979919678714,3735,346,0.0926372155287817,3735,234,0.0626506024096385,54216,0.054216,49247.45462594068,0.7504711793127237
360610191002,360610191002,Block Group 2; Census Tract 191; New York County; New York,Manhattan,1691,1031,819,0.7943743937924346,986,500,0.5070993914807302,142,0.0839739798935541,740,0.4376108811354228,1186,0.7013601419278533,62,0.0366646954464813,44,0.02602010644589,272,0.1608515671200473,0,0.0,36061019100,7906,742,0.0938527700480647,8008,1122,0.1401098901098901,8008,351,0.0438311688311688,23163,0.023163,73004.36040236584,0.7934655584588802
360610192002,360610192002,Block Group 2; Census Tract 192; New York County; New York,Manhattan,1580,758,758,1.0,487,314,0.6447638603696099,402,0.2544303797468354,248,0.1569620253164557,110,0.0696202531645569,814,0.5151898734177215,0,0.0,656,0.4151898734177215,93,0.1226912928759894,36061019200,3867,1814,0.4690974915955521,3868,899,0.2324198552223371,3868,357,0.09229576008273,42338,0.042338,37318.720770938635,0.7711326640782399
360610193002,360610193002,Block Group 2; Census Tract 193; New York County; New York,Manhattan,1455,661,611,0.924357034795764,844,557,0.659952606635071,173,0.1189003436426116,313,0.2151202749140893,215,0.1477663230240549,71,0.0487972508591065,35,0.0240549828178694,998,0.6859106529209622,50,0.075642965204236,36061019300,9098,1909,0.2098263354583425,9172,1605,0.1749890972525076,9172,639,0.069668556476232,23202,0.023202,62710.11119731057,0.722695317427999
360610194002,360610194002,Block Group 2; Census Tract 194; New York County; New York,Manhattan,1139,548,437,0.7974452554744526,838,342,0.4081145584725537,92,0.0807726075504828,0,0.0,199,0.1747146619841966,279,0.2449517120280948,155,0.1360842844600527,506,0.4442493415276558,0,0.0,36061019400,5879,1567,0.2665419288994727,5879,1177,0.2002041163463174,5879,285,0.0484776322503827,36009,0.036009,31630.98114360299,0.7754020614070913
360610195002,360610195002,Block Group 2; Census Tract 195; New York County; New York,Manhattan,790,481,415,0.8627858627858628,386,165,0.4274611398963731,64,0.0810126582278481,313,0.3962025316455696,536,0.6784810126582278,19,0.0240506329113924,34,0.0430379746835443,118,0.1493670886075949,0,0.0,36061019500,7235,1177,0.162681409813407,7632,741,0.0970911949685534,7632,342,0.0448113207547169,28970,0.02897,27269.58923023818,0.8314931952904475
360610196002,360610196002,Block Group 2; Census Tract 196; New York County; New York,Manhattan,1543,1007,1007,1.0,365,323,0.8849315068493151,190,0.1231367465975372,704,0.4562540505508749,216,0.1399870382372002,514,0.3331173039533376,217,0.1406351263771873,494,0.3201555411535969,413,0.41012909632572,36061019600,3900,1235,0.3166666666666666,3900,774,0.1984615384615384,3900,191,0.0489743589743589,62022,0.062022,24878.26900132211,0.793057991315133
360610199002,360610199002,Block Group 2; Census Tract 199; New York County; New York,Manhattan,1538,645,424,0.6573643410852713,692,334,0.4826589595375722,58,0.0377113133940182,682,0.4434330299089727,993,0.6456436931079323,58,0.0377113133940182,162,0.1053315994798439,269,0.1749024707412223,0,0.0,36061019900,6060,1194,0.197029702970297,8527,824,0.0966342207106837,8527,283,0.0331886947343731,23331,0.023331,65920.87780206592,0.8383045677748631
360610002012,360610002012,Block Group 2; Census Tract 2.01; New York County; New York,Manhattan,2084,563,563,1.0,417,219,0.5251798561151079,1037,0.4976007677543186,273,0.1309980806142034,0,0.0,416,0.1996161228406909,180,0.0863723608445297,1488,0.7140115163147792,84,0.1492007104795737,36061000201,2642,1357,0.5136260408781226,2642,282,0.1067373202119606,2642,20,0.0075700227100681,65351,0.065351,31889.336046885277,0.72264216090678
360610002022,360610002022,Block Group 2; Census Tract 2.02; New York County; New York,Manhattan,1127,691,691,1.0,228,192,0.8421052631578947,153,0.1357586512866015,182,0.1614906832298136,64,0.05678793256433,281,0.2493345164152617,192,0.1703637976929902,590,0.5235137533274179,160,0.2315484804630969,36061000202,6601,1892,0.2866232389031964,6752,1431,0.2119372037914692,6752,243,0.0359893364928909,28455,0.028455,39606.39606396064,0.7325937260996616
360610200002,360610200002,Block Group 2; Census Tract 200; New York County; New York,Manhattan,1669,914,813,0.8894967177242888,856,350,0.4088785046728972,111,0.0665068903535051,300,0.1797483523067705,653,0.3912522468544038,825,0.4943079688436189,58,0.0347513481126423,109,0.0653085680047932,76,0.0831509846827133,36061020000,2746,504,0.1835396941005098,2763,632,0.2287368802026782,2763,62,0.0224393774882374,91602,0.091602,18220.126198117945,0.8145296649618483
360610201022,360610201022,Block Group 2; Census Tract 201.02; New York County; New York,Manhattan,1902,650,601,0.9246153846153846,1081,683,0.6318223866790009,353,0.1855941114616193,152,0.0799158780231335,611,0.3212407991587802,714,0.3753943217665615,101,0.0531019978969505,294,0.1545741324921135,32,0.0492307692307692,36061020102,4148,650,0.156702025072324,4148,456,0.1099324975891996,4148,319,0.0769045323047251,23295,0.023295,81648.42240824211,0.8454246421222609
360610205002,360610205002,Block Group 2; Census Tract 205; New York County; New York,Manhattan,1793,197,197,1.0,969,214,0.2208462332301341,157,0.0875627440044617,52,0.0290016731734523,815,0.4545454545454545,106,0.0591187953151143,538,0.3000557724484105,259,0.1444506413831567,11,0.0558375634517766,36061020500,2761,260,0.0941687794277435,5532,265,0.0479031091829356,5532,151,0.0272957339117859,16918,0.016918,105981.79453836152,0.8833799232390331
360610206002,360610206002,Block Group 2; Census Tract 206; New York County; New York,Manhattan,1783,895,881,0.9843575418994414,716,506,0.7067039106145251,387,0.2170499158721256,112,0.0628154795288839,496,0.2781828379136287,907,0.5086932136848009,30,0.0168255748738081,331,0.1856421761076837,0,0.0,36061020600,3456,1037,0.3000578703703703,3481,458,0.1315713875323183,3481,245,0.0703820741166331,74296,0.074296,23998.60019381932,0.76027678276026
360610207012,360610207012,Block Group 2; Census Tract 207.01; New York County; New York,Manhattan,1352,400,379,0.9475,752,188,0.25,101,0.0747041420118343,146,0.1079881656804733,608,0.4497041420118343,90,0.0665680473372781,368,0.272189349112426,178,0.1316568047337278,65,0.1625,36061020701,2120,464,0.2188679245283019,2826,158,0.0559094125973106,2826,29,0.0102618542108987,22409,0.022409,60332.90195903432,0.8490567885389995
360610208002,360610208002,Block Group 2; Census Tract 208; New York County; New York,Manhattan,2185,824,753,0.9138349514563108,1005,745,0.7412935323383084,652,0.2983981693363844,191,0.0874141876430206,251,0.1148741418764302,1313,0.6009153318077803,31,0.0141876430205949,244,0.111670480549199,56,0.0679611650485436,36061020800,5378,1263,0.2348456675343994,5391,365,0.0677054349842329,5391,243,0.0450751252086811,49300,0.0493,44320.486815415825,0.9599997612041068
360610209012,360610209012,Block Group 2; Census Tract 209.01; New York County; New York,Manhattan,2382,942,942,1.0,583,339,0.58147512864494,530,0.2225020990764064,493,0.2069689336691855,7,0.0029387069689336,968,0.4063811922753988,178,0.0747271200671704,1062,0.4458438287153652,166,0.1762208067940552,36061020901,3656,1235,0.337800875273523,3656,687,0.1879102844638949,3656,173,0.0473194748358862,55561,0.055561,42871.798563740755,0.8468852542664523
360610020002,360610020002,Block Group 2; Census Tract 20; New York County; New York,Manhattan,2338,860,860,1.0,489,154,0.3149284253578732,681,0.2912745936698032,208,0.0889649272882805,13,0.0055603079555175,653,0.2792985457656116,441,0.1886227544910179,966,0.4131736526946107,176,0.2046511627906976,36061002000,5048,1790,0.3545958795562599,5048,1240,0.2456418383518225,5048,83,0.0164421553090332,22205,0.022205,105291.60099076784,0.8640129164573094
360610210002,360610210002,Block Group 2; Census Tract 210; New York County; New York,Manhattan,612,444,444,1.0,226,57,0.252212389380531,31,0.0506535947712418,192,0.3137254901960784,0,0.0,451,0.7369281045751634,0,0.0,19,0.0310457516339869,0,0.0,36061021000,6518,2392,0.3669837373427432,6552,1255,0.1915445665445665,6552,424,0.0647130647130647,18383,0.018383,33291.62813468966,0.8371273108646284
360610211002,360610211002,Block Group 2; Census Tract 211; New York County; New York,Manhattan,988,585,523,0.8940170940170941,593,258,0.4350758853288364,48,0.048582995951417,351,0.3552631578947368,458,0.4635627530364372,19,0.0192307692307692,332,0.3360323886639676,132,0.1336032388663967,23,0.0393162393162393,36061021100,8749,2596,0.2967196251000114,9846,1796,0.1824091001421897,9846,404,0.0410318911232988,28223,0.028223,35006.90925840626,0.7305288963876815
360610213032,360610213032,Block Group 2; Census Tract 213.03; New York County; New York,Manhattan,1078,337,252,0.7477744807121661,325,85,0.2615384615384615,329,0.3051948051948052,124,0.1150278293135436,103,0.0955473098330241,647,0.6001855287569573,134,0.12430426716141,174,0.1614100185528757,0,0.0,36061021303,5795,1228,0.21190681622088,5804,800,0.1378359751895244,5804,353,0.0608201240523776,58110,0.05811,18551.02392015144,0.8630000126154544
360610214002,360610214002,Block Group 2; Census Tract 214; New York County; New York,Manhattan,1532,1034,1034,1.0,849,424,0.4994110718492344,99,0.064621409921671,379,0.2473890339425587,195,0.1272845953002611,1108,0.7232375979112271,80,0.052219321148825,96,0.06266318537859,0,0.0,36061021400,2911,714,0.2452765372724149,2953,599,0.2028445648493058,2953,270,0.091432441584829,38626,0.038626,39662.40356236732,0.8697206215033314
360610215002,360610215002,Block Group 2; Census Tract 215; New York County; New York,Manhattan,2890,1361,1357,0.997060984570169,1498,906,0.6048064085447263,460,0.1591695501730103,343,0.1186851211072664,275,0.0951557093425605,1659,0.5740484429065744,39,0.0134948096885813,844,0.2920415224913494,290,0.213078618662748,36061021500,3863,750,0.194149624644059,3863,457,0.1183018379497799,3863,308,0.0797307791871602,41613,0.041613,69449.45089274987,0.7896468851400371
360610216002,360610216002,Block Group 2; Census Tract 216; New York County; New York,Manhattan,1617,354,333,0.940677966101695,1013,639,0.6307996051332675,441,0.2727272727272727,111,0.0686456400742115,277,0.1713048855905998,1090,0.6740878169449598,46,0.028447742733457,167,0.1032776747062461,0,0.0,36061021600,8905,1397,0.1568781583380123,8912,732,0.0821364452423698,8912,690,0.077423698384201,16876,0.016876,95816.54420478788,0.8615658648565272
360610218002,360610218002,Block Group 2; Census Tract 218; New York County; New York,Manhattan,1765,1245,1167,0.9373493975903614,977,780,0.7983623336745138,165,0.093484419263456,353,0.2,163,0.0923512747875354,910,0.5155807365439093,434,0.2458923512747875,167,0.0946175637393767,21,0.016867469879518,36061021800,6127,849,0.1385669985310919,6128,864,0.1409921671018277,6128,337,0.0549934725848563,45457,0.045457,38827.90329322217,0.746545747184262
360610219002,360610219002,Block Group 2; Census Tract 219; New York County; New York,Manhattan,1303,376,363,0.9654255319148936,595,258,0.4336134453781513,225,0.1726784343821949,73,0.0560245587106676,255,0.1957022256331542,292,0.2240982348426707,0,0.0,724,0.555640828856485,0,0.0,36061021900,5277,2042,0.386962289179458,5358,826,0.1541620007465472,5358,274,0.0511384845091452,36650,0.03665,35552.523874488405,0.765593087905182
360610021002,360610021002,Block Group 2; Census Tract 21; New York County; New York,Manhattan,1900,951,951,1.0,1456,501,0.3440934065934066,263,0.1384210526315789,79,0.041578947368421,1220,0.6421052631578947,180,0.0947368421052631,60,0.031578947368421,254,0.1336842105263158,0,0.0,36061002100,7441,69,0.0092729471845182,7441,318,0.0427361913721274,7441,85,0.0114231958070151,63081,0.063081,30120.0044387375,0.8841980805506174
360610022012,360610022012,Block Group 2; Census Tract 22.01; New York County; New York,Manhattan,1063,373,373,1.0,404,89,0.2202970297029703,129,0.1213546566321731,107,0.1006585136406397,421,0.3960489181561618,38,0.0357478833490122,195,0.1834430856067732,409,0.3847601128880527,79,0.2117962466487935,36061002201,6780,1971,0.2907079646017699,6780,1387,0.2045722713864306,6780,463,0.0682890855457227,32157,0.032157,33056.566221973444,0.7481475600632744
360610220002,360610220002,Block Group 2; Census Tract 220; New York County; New York,Manhattan,1537,819,506,0.6178266178266179,843,291,0.3451957295373665,239,0.1554977228366948,112,0.0728692257644762,334,0.2173064411190631,1164,0.7573194534808068,0,0.0,39,0.0253741054001301,0,0.0,36061022000,6017,1513,0.2514542130629882,6087,501,0.0823065549531789,6087,336,0.055199605717102,43748,0.043748,35133.034653012706,0.7371543276213348
360610221022,360610221022,Block Group 2; Census Tract 221.02; New York County; New York,Manhattan,1300,475,313,0.6589473684210526,694,205,0.2953890489913545,154,0.1184615384615384,163,0.1253846153846153,228,0.1753846153846154,705,0.5423076923076923,51,0.0392307692307692,293,0.2253846153846153,0,0.0,36061022102,2350,344,0.1463829787234042,2350,147,0.0625531914893617,2350,122,0.0519148936170212,50946,0.050946,25517.214305342914,0.7625768337942459
360610222002,360610222002,Block Group 2; Census Tract 222; New York County; New York,Manhattan,1450,585,396,0.676923076923077,708,349,0.4929378531073446,222,0.153103448275862,334,0.2303448275862069,481,0.3317241379310345,411,0.2834482758620689,204,0.1406896551724138,75,0.0517241379310344,11,0.0188034188034188,36061022200,3595,673,0.1872044506258692,3595,437,0.121557719054242,3595,81,0.0225312934631432,90735,0.090735,15980.602854466304,0.812584021389503
360610223012,360610223012,Block Group 2; Census Tract 223.01; New York County; New York,Manhattan,1487,593,574,0.9679595278246206,659,216,0.3277693474962064,327,0.2199058507061197,28,0.0188298587760591,386,0.2595830531271015,215,0.1445864156018829,0,0.0,886,0.5958305312710155,109,0.1838111298482293,36061022301,7226,2307,0.3192637697204539,7226,1169,0.1617769166897315,7226,485,0.0671187378909493,66089,0.066089,22499.96217222231,0.5575913849026888
360610223022,360610223022,Block Group 2; Census Tract 223.02; New York County; New York,Manhattan,2870,1294,1251,0.9667697063369396,1289,803,0.6229635376260667,355,0.1236933797909407,574,0.2,391,0.1362369337979094,546,0.1902439024390244,69,0.0240418118466898,1792,0.624390243902439,339,0.2619783616692426,36061022302,2870,563,0.1961672473867595,2870,615,0.2142857142857142,2870,144,0.0501742160278745,45479,0.045479,63106.04894566723,0.7732412602575849
360610224002,360610224002,Block Group 2; Census Tract 224; New York County; New York,Manhattan,1287,495,478,0.9656565656565655,447,298,0.6666666666666666,334,0.2595182595182595,67,0.052059052059052,86,0.0668220668220668,658,0.5112665112665112,32,0.0248640248640248,384,0.2983682983682983,0,0.0,36061022400,6591,2756,0.4181459566074951,6641,1362,0.205089594940521,6641,349,0.0525523264568589,65439,0.065439,19667.17095310136,0.8720685090605828
360610225002,360610225002,Block Group 2; Census Tract 225; New York County; New York,Manhattan,2784,1080,881,0.8157407407407408,1714,1310,0.764294049008168,382,0.1372126436781609,608,0.2183908045977011,84,0.0301724137931034,241,0.0865660919540229,113,0.0405890804597701,2299,0.8257902298850575,172,0.1592592592592592,36061022500,11262,2790,0.2477357485348961,11309,1853,0.1638517994517641,11309,653,0.0577416217172163,31764,0.031764,87646.3921420476,0.630269723990077
360610226002,360610226002,Block Group 2; Census Tract 226; New York County; New York,Manhattan,1774,678,494,0.7286135693215339,817,600,0.7343941248470012,428,0.2412626832018038,79,0.044532130777903,231,0.1302142051860202,719,0.4052987598647125,157,0.0885005636978579,590,0.3325817361894024,22,0.0324483775811209,36061022600,5633,937,0.166341203621516,5667,679,0.119816481383448,5667,326,0.0575260278807129,44032,0.044032,40288.88081395349,0.9485588562582262
360610227002,360610227002,Block Group 2; Census Tract 227; New York County; New York,Manhattan,1987,693,631,0.9105339105339104,1172,570,0.4863481228668942,326,0.1640664318067438,507,0.2551585304479114,418,0.2103673880221439,301,0.151484650226472,70,0.0352289884247609,1139,0.5732259687971817,241,0.3477633477633478,36061022700,5856,1190,0.2032103825136612,5856,928,0.1584699453551912,5856,412,0.0703551912568306,54074,0.054074,36745.94074786404,0.7017921173969918
360610228002,360610228002,Block Group 2; Census Tract 228; New York County; New York,Manhattan,527,314,265,0.8439490445859873,116,72,0.6206896551724138,38,0.0721062618595825,76,0.1442125237191651,43,0.0815939278937381,328,0.6223908918406073,87,0.1650853889943074,27,0.0512333965844402,0,0.0,36061022800,5663,1384,0.2443934310436164,5713,1020,0.1785401715385962,5713,169,0.0295816558725713,46706,0.046706,11283.346893332762,0.9143421719346388
360610229002,360610229002,Block Group 2; Census Tract 229; New York County; New York,Manhattan,1501,440,434,0.9863636363636364,812,603,0.7426108374384236,74,0.0493004663557628,265,0.1765489673550966,151,0.100599600266489,81,0.0539640239840106,27,0.0179880079946702,1213,0.8081279147235176,0,0.0,36061022900,7702,2360,0.3064139184627369,7702,1044,0.1355492079979226,7702,480,0.0623214749415736,21765,0.021765,68963.93291982541,0.6205924839750313
360610230002,360610230002,Block Group 2; Census Tract 230; New York County; New York,Manhattan,1668,832,765,0.919471153846154,519,356,0.6859344894026975,202,0.1211031175059952,410,0.2458033573141486,92,0.0551558752997601,903,0.5413669064748201,170,0.1019184652278177,464,0.2781774580335731,75,0.0901442307692307,36061023000,8764,4277,0.4880191693290734,8773,2185,0.2490596147270033,8773,401,0.0457084235723241,43542,0.043542,38307.840705525705,0.940766812667673
360610231002,360610231002,Block Group 2; Census Tract 231; New York County; New York,Manhattan,3100,1106,994,0.8987341772151899,1631,708,0.43408951563458,524,0.1690322580645161,400,0.1290322580645161,806,0.26,805,0.2596774193548387,109,0.0351612903225806,1024,0.3303225806451613,65,0.0587703435804701,36061023100,7110,1493,0.2099859353023909,7126,729,0.1023014313780522,7126,396,0.0555711479090653,56695,0.056695,54678.54308140047,0.6077218474463022
360610232002,360610232002,Block Group 2; Census Tract 232; New York County; New York,Manhattan,1929,795,795,1.0,856,645,0.7535046728971962,514,0.2664593053395542,121,0.0627268014515292,3,0.0015552099533437,1085,0.5624675997926387,17,0.0088128564022809,711,0.3685847589424572,108,0.1358490566037735,36061023200,9183,4815,0.5243384514864423,9183,1595,0.1736905150822171,9183,710,0.077316781008385,43526,0.043526,44318.33846436613,0.8908284771973871
360610233002,360610233002,Block Group 2; Census Tract 233; New York County; New York,Manhattan,3057,844,844,1.0,1672,1237,0.7398325358851675,881,0.2881910369643441,249,0.0814524043179587,369,0.1207065750736015,268,0.0876676480209355,430,0.1406607785410533,1990,0.6509649983644096,14,0.0165876777251184,36061023300,7341,1439,0.1960223402806157,7365,770,0.1045485403937542,7365,572,0.0776646300067888,43504,0.043504,70269.40051489518,0.8027301455618191
360610234002,360610234002,Block Group 2; Census Tract 234; New York County; New York,Manhattan,3602,1791,1767,0.9865996649916248,1713,1059,0.6182136602451839,651,0.1807329261521377,296,0.0821765685730149,557,0.1546363131593559,1694,0.470294280955025,113,0.0313714602998334,1207,0.3350916157690172,150,0.083752093802345,36061023400,5442,1447,0.2658948915839765,5442,630,0.1157662624035281,5442,820,0.1506798970966556,65135,0.065135,55300.529669148695,0.7295538848969921
360610235012,360610235012,Block Group 2; Census Tract 235.01; New York County; New York,Manhattan,1163,383,329,0.8590078328981723,641,394,0.6146645865834633,247,0.2123817712811694,116,0.0997420464316423,269,0.231298366294067,223,0.1917454858125537,0,0.0,542,0.4660361134995701,39,0.1018276762402088,36061023501,7506,1295,0.1725286437516653,7506,1130,0.1505462296829203,7506,522,0.0695443645083932,26028,0.026028,44682.64945443369,0.8856176225926345
360610236002,360610236002,Block Group 2; Census Tract 236; New York County; New York,Manhattan,2507,787,787,1.0,917,754,0.822246455834242,421,0.1679297965696051,298,0.1188671719186278,0,0.0,885,0.3530115676106901,0,0.0,1622,0.6469884323893099,83,0.1054637865311308,36061023600,11040,1708,0.1547101449275362,11042,2175,0.1969751856547726,11042,515,0.0466401014309002,54920,0.05492,45648.21558630736,0.7242790429994531
360610237002,360610237002,Block Group 2; Census Tract 237; New York County; New York,Manhattan,1455,774,774,1.0,806,480,0.5955334987593052,150,0.1030927835051546,181,0.1243986254295532,379,0.2604810996563574,541,0.3718213058419244,173,0.1189003436426116,263,0.1807560137457044,51,0.065891472868217,36061023700,6453,1903,0.2949015961568262,6676,1002,0.1500898741761533,6676,650,0.097363690832834,27224,0.027224,53445.48927416985,0.7892848579845504
360610238032,360610238032,Block Group 2; Census Tract 238.03; New York County; New York,Manhattan,1755,913,539,0.5903614457831325,927,447,0.4822006472491909,162,0.0923076923076923,531,0.3025641025641025,1062,0.6051282051282051,311,0.1772079772079772,213,0.1213675213675213,125,0.0712250712250712,12,0.013143483023001,36061023803,3270,348,0.1064220183486238,3270,382,0.1168195718654434,3270,82,0.0250764525993883,49751,0.049751,35275.672850796975,0.4914106785286736
360610238042,360610238042,Block Group 2; Census Tract 238.04; New York County; New York,Manhattan,1782,850,798,0.9388235294117648,952,571,0.5997899159663865,458,0.2570145903479237,155,0.0869809203142536,630,0.3535353535353535,240,0.1346801346801346,479,0.2687991021324354,345,0.1936026936026936,237,0.2788235294117647,36061023804,3430,608,0.1772594752186589,3546,40,0.0112803158488437,3546,59,0.0166384658770445,81446,0.081446,21879.52753971957,0.6372493896969227
360610239002,360610239002,Block Group 2; Census Tract 239; New York County; New York,Manhattan,1795,767,767,1.0,826,487,0.589588377723971,378,0.2105849582172702,369,0.2055710306406685,226,0.1259052924791086,508,0.283008356545961,25,0.0139275766016713,1004,0.5593314763231197,219,0.2855280312907431,36061023900,3184,576,0.1809045226130653,3184,946,0.2971105527638191,3184,238,0.0747487437185929,36333,0.036333,49404.12297360526,0.8751693709623909
360610241002,360610241002,Block Group 2; Census Tract 241; New York County; New York,Manhattan,2244,802,720,0.8977556109725686,739,361,0.4884979702300406,441,0.196524064171123,383,0.1706773618538324,539,0.2401960784313725,70,0.0311942959001782,153,0.0681818181818181,1142,0.5089126559714795,122,0.1521197007481296,36061024100,7838,1663,0.2121714723143659,7915,1943,0.245483259633607,7915,788,0.099557801642451,37349,0.037349,60081.92990441511,0.8493775440239908
360610242002,360610242002,Block Group 2; Census Tract 242; New York County; New York,Manhattan,1458,464,464,1.0,402,279,0.6940298507462687,508,0.3484224965706447,251,0.1721536351165981,0,0.0,504,0.345679012345679,20,0.0137174211248285,934,0.6406035665294925,114,0.2456896551724137,36061024200,5847,1684,0.2880109457841628,5831,999,0.1713256731263934,5831,478,0.0819756474018178,49579,0.049579,29407.612093830052,0.8944354376988258
360610243012,360610243012,Block Group 2; Census Tract 243.01; New York County; New York,Manhattan,2451,1072,1028,0.9589552238805972,1380,889,0.6442028985507247,89,0.0363117095063239,334,0.1362709098327213,888,0.3623011015911873,399,0.1627906976744186,105,0.0428396572827417,870,0.3549571603427172,101,0.0942164179104477,36061024301,4539,758,0.1669971359330249,4539,886,0.1951971799955937,4539,733,0.1614893148270544,52261,0.052261,46899.21738964046,0.7627245541280817
360610243022,360610243022,Block Group 2; Census Tract 243.02; New York County; New York,Manhattan,2543,959,959,1.0,884,513,0.580316742081448,909,0.3574518285489579,109,0.0428627605190719,172,0.0676366496264254,1318,0.5182854895792371,0,0.0,672,0.2642548171451042,36,0.0375391032325338,36061024302,7547,3154,0.4179144030740692,7627,1447,0.1897207289891176,7627,490,0.0642454438180149,45235,0.045235,56217.53067315133,0.4103635352461509
360610245002,360610245002,Block Group 2; Census Tract 245; New York County; New York,Manhattan,3045,1080,1080,1.0,1224,346,0.2826797385620915,674,0.2213464696223317,219,0.0719211822660098,649,0.2131362889983579,372,0.122167487684729,491,0.161247947454844,1533,0.503448275862069,245,0.2268518518518518,36061024500,14577,4599,0.315497015846882,14577,3485,0.2390752555395486,14577,528,0.0362214447417164,32137,0.032137,94750.59899803964,0.8333008649763223
360610247002,360610247002,Block Group 2; Census Tract 247; New York County; New York,Manhattan,1502,643,541,0.8413685847589425,1004,651,0.648406374501992,174,0.1158455392809587,227,0.1511318242343542,259,0.1724367509986684,301,0.2003994673768309,249,0.1657789613848202,604,0.4021304926764314,62,0.0964230171073094,36061024700,6102,1172,0.1920681743690593,6102,1554,0.2546705998033431,6102,138,0.0226155358898721,26039,0.026039,57682.70670916702,0.8394522126241261
360610251002,360610251002,Block Group 2; Census Tract 251; New York County; New York,Manhattan,1245,454,454,1.0,562,320,0.5693950177935944,246,0.1975903614457831,226,0.1815261044176706,98,0.078714859437751,133,0.1068273092369477,106,0.0851405622489959,908,0.7293172690763052,80,0.1762114537444934,36061025100,2375,699,0.2943157894736842,2502,550,0.21982414068745,2502,179,0.0715427657873701,37973,0.037973,32786.45353277329,0.9540772022883232
360610253002,360610253002,Block Group 2; Census Tract 253; New York County; New York,Manhattan,1900,552,552,1.0,596,480,0.8053691275167785,386,0.2031578947368421,397,0.2089473684210526,81,0.0426315789473684,23,0.0121052631578947,12,0.0063157894736842,1784,0.9389473684210526,247,0.447463768115942,36061025300,10132,1826,0.1802210817212791,10172,1541,0.1514942980731419,10172,555,0.0545615414864333,21065,0.021065,90197.00925706148,0.8539189022692392
360610255002,360610255002,Block Group 2; Census Tract 255; New York County; New York,Manhattan,1703,659,601,0.9119878603945372,820,496,0.6048780487804878,339,0.1990604815032296,272,0.1597181444509688,415,0.2436876100998238,31,0.0182031708749266,52,0.0305343511450381,1205,0.7075748678802114,159,0.2412746585735963,36061025500,4574,915,0.20004372540446,5480,694,0.1266423357664233,5480,433,0.0790145985401459,54083,0.054083,31488.637834439654,0.873729110202145
360610257002,360610257002,Block Group 2; Census Tract 257; New York County; New York,Manhattan,1090,668,604,0.9041916167664672,742,255,0.3436657681940701,168,0.1541284403669724,57,0.0522935779816513,356,0.326605504587156,323,0.2963302752293578,57,0.0522935779816513,95,0.0871559633027523,0,0.0,36061025700,4443,712,0.1602520819266261,4443,384,0.0864280891289669,4443,191,0.0429889714157101,43733,0.043733,24923.9704570919,0.7516514889126877
360610259002,360610259002,Block Group 2; Census Tract 259; New York County; New York,Manhattan,2317,817,704,0.8616891064871481,1176,852,0.7244897959183674,569,0.2455761760897712,105,0.0453172205438066,461,0.1989641778161415,610,0.2632714717306862,52,0.0224428139835994,1022,0.4410876132930513,150,0.1835985312117503,36061025900,4779,761,0.1592383343795773,4790,357,0.0745302713987473,4790,618,0.1290187891440501,37025,0.037025,62579.338284942605,0.6668278382030499
360610025002,360610025002,Block Group 2; Census Tract 25; New York County; New York,Manhattan,600,171,171,1.0,136,93,0.6838235294117647,78,0.13,133,0.2216666666666666,41,0.0683333333333333,235,0.3916666666666666,87,0.145,156,0.26,77,0.4502923976608187,36061002500,4476,2408,0.5379803395889187,4476,904,0.2019660411081322,4476,148,0.033065236818588,25738,0.025738,23311.83464138628,0.7597929038305131
360610026012,360610026012,Block Group 2; Census Tract 26.01; New York County; New York,Manhattan,2114,870,864,0.993103448275862,856,304,0.3551401869158878,239,0.1130558183538316,259,0.1225165562913907,449,0.2123935666982024,164,0.0775780510879848,155,0.0733207190160832,1319,0.6239356669820246,81,0.093103448275862,36061002601,4199,1382,0.3291259823767564,4199,1094,0.2605382233865206,4199,253,0.0602524410573946,52703,0.052703,40111.56860140789,0.723283292829614
360610026022,360610026022,Block Group 2; Census Tract 26.02; New York County; New York,Manhattan,655,377,301,0.7984084880636605,327,87,0.2660550458715596,79,0.1206106870229007,169,0.2580152671755725,545,0.8320610687022901,0,0.0,0,0.0,110,0.1679389312977099,0,0.0,36061002602,3528,567,0.1607142857142857,3528,689,0.1952947845804988,3528,117,0.0331632653061224,16711,0.016711,39195.739333373225,0.7175538236155974
360610261002,360610261002,Block Group 2; Census Tract 261; New York County; New York,Manhattan,2148,598,598,1.0,812,365,0.4495073891625615,438,0.2039106145251396,299,0.1391992551210428,98,0.0456238361266294,0,0.0,0,0.0,2050,0.9543761638733704,163,0.2725752508361204,36061026100,11982,4282,0.357369387414455,12041,2403,0.1995681421808819,12041,1529,0.1269828087368159,21269,0.021269,100992.05416333632,0.8648546602555547
360610263002,360610263002,Block Group 2; Census Tract 263; New York County; New York,Manhattan,2104,552,552,1.0,951,295,0.3101997896950578,547,0.2599809885931559,314,0.1492395437262357,125,0.0594106463878327,0,0.0,0,0.0,1979,0.9405893536121672,173,0.3134057971014493,36061026300,8342,1502,0.1800527451450491,8342,1344,0.1611124430592184,8342,1239,0.1485255334452169,18871,0.018871,111493.82650627948,0.9080491057352352
360610265002,360610265002,Block Group 2; Census Tract 265; New York County; New York,Manhattan,2544,1035,949,0.9169082125603863,1230,549,0.4463414634146341,557,0.2189465408805031,363,0.142688679245283,467,0.1835691823899371,65,0.0255503144654088,348,0.1367924528301886,1621,0.637185534591195,169,0.1632850241545893,36061026500,7665,852,0.1111545988258317,7702,955,0.1239937678525058,7702,660,0.0856920280446637,82368,0.082368,30885.78088578089,0.912966888992936
360610269002,360610269002,Block Group 2; Census Tract 269; New York County; New York,Manhattan,580,359,359,1.0,237,178,0.7510548523206751,84,0.1448275862068965,181,0.3120689655172414,102,0.1758620689655172,9,0.0155172413793103,0,0.0,469,0.8086206896551724,181,0.5041782729805014,36061026900,7414,1069,0.1441866738602643,7594,1256,0.1653937318936002,7594,507,0.0667632341322096,32497,0.032497,17847.801335507895,0.8598960141843981
360610271002,360610271002,Block Group 2; Census Tract 271; New York County; New York,Manhattan,1150,414,414,1.0,620,249,0.4016129032258064,175,0.1521739130434782,51,0.0443478260869565,142,0.1234782608695652,40,0.0347826086956521,81,0.0704347826086956,871,0.7573913043478261,186,0.4492753623188406,36061027100,7742,1165,0.1504779126840609,7742,861,0.1112115732368897,7742,721,0.093128390596745,37324,0.037324,30811.27424713321,0.9471548904052208
360610273002,360610273002,Block Group 2; Census Tract 273; New York County; New York,Manhattan,1143,497,473,0.9517102615694164,675,319,0.4725925925925926,317,0.2773403324584427,111,0.0971128608923884,862,0.7541557305336833,0,0.0,85,0.0743657042869641,140,0.1224846894138232,13,0.0261569416498993,36061027300,7434,332,0.0446596717783158,7434,552,0.0742534301856335,7434,102,0.0137207425343018,28051,0.028051,40747.21043813055,0.916938082779928
360610275002,360610275002,Block Group 2; Census Tract 275; New York County; New York,Manhattan,1966,1191,869,0.7296389588581025,1244,451,0.362540192926045,173,0.0879959308240081,349,0.1775178026449644,1156,0.5879959308240081,44,0.022380467955239,377,0.1917599186164801,229,0.1164801627670396,41,0.0344248530646515,36061027500,3164,169,0.0534134007585335,3164,658,0.2079646017699115,3164,82,0.0259165613147914,49439,0.049439,39766.17650033375,0.5397635270078623
360610277002,360610277002,Block Group 2; Census Tract 277; New York County; New York,Manhattan,1144,520,520,1.0,503,310,0.6163021868787276,323,0.2823426573426573,151,0.131993006993007,301,0.2631118881118881,51,0.0445804195804195,0,0.0,792,0.6923076923076923,147,0.2826923076923077,36061027700,5817,1307,0.2246862643974557,5817,778,0.1337459171394189,5817,449,0.0771875537218497,20816,0.020816,54957.72482705611,0.881271343448611
360610279002,360610279002,Block Group 2; Census Tract 279; New York County; New York,Manhattan,1843,469,469,1.0,811,395,0.4870530209617756,517,0.2805208898534997,113,0.0613130765056972,108,0.0586001085187194,138,0.074877916440586,0,0.0,1597,0.8665219750406945,137,0.2921108742004264,36061027900,9587,1033,0.1077500782309377,9587,1130,0.1178679461771148,9587,679,0.0708250756232398,22023,0.022023,83685.23816010533,0.9445058611357132
360610281002,360610281002,Block Group 2; Census Tract 281; New York County; New York,Manhattan,2509,996,755,0.7580321285140562,1381,520,0.3765387400434468,448,0.1785571941012355,504,0.20087684336389,1561,0.6221602231964927,116,0.046233559186927,110,0.0438421681944998,514,0.2048624950179354,16,0.0160642570281124,36061028100,3120,135,0.0432692307692307,3120,187,0.0599358974358974,3120,65,0.0208333333333333,76237,0.076237,32910.52900822435,0.7848240819915779
360610283002,360610283002,Block Group 2; Census Tract 283; New York County; New York,Manhattan,3777,1538,1128,0.7334200260078023,1407,644,0.4577114427860697,620,0.1641514429441355,1336,0.3537198835054276,872,0.2308710616891713,167,0.0442149854381784,235,0.0622186920836642,2323,0.6150383902568176,467,0.3036410923276983,36061028300,7961,1315,0.1651802537369677,8016,1332,0.1661676646706587,8016,715,0.0891966067864271,77248,0.077248,48894.46975973488,0.8076815931414754
360610285002,360610285002,Block Group 2; Census Tract 285; New York County; New York,Manhattan,1940,692,692,1.0,657,493,0.7503805175038052,263,0.1355670103092783,530,0.2731958762886597,137,0.0706185567010309,120,0.0618556701030927,0,0.0,1631,0.8407216494845361,304,0.4393063583815029,36061028500,7045,2130,0.3023420865862313,7094,986,0.1389906963631237,7094,525,0.0740062024245841,18982,0.018982,102202.08618691392,0.8056566558075569
360610287002,360610287002,Block Group 2; Census Tract 287; New York County; New York,Manhattan,858,459,459,1.0,429,269,0.627039627039627,95,0.1107226107226107,158,0.1841491841491841,350,0.4079254079254079,25,0.0291375291375291,0,0.0,455,0.5303030303030303,69,0.1503267973856209,36061028700,3690,612,0.1658536585365853,3690,297,0.0804878048780487,3690,125,0.0338753387533875,30340,0.03034,28279.499011206328,0.6658586867256187
360610028002,360610028002,Block Group 2; Census Tract 28; New York County; New York,Manhattan,1845,949,863,0.9093782929399368,1017,60,0.0589970501474926,162,0.0878048780487804,306,0.1658536585365853,578,0.3132791327913279,132,0.0715447154471544,13,0.0070460704607046,719,0.3897018970189702,127,0.1338250790305584,36061002800,6483,1262,0.1946629646768471,6497,1636,0.2518085270124673,6497,167,0.0257041711559181,37237,0.037237,49547.493084834976,0.8643195958641969
360610029022,360610029022,Block Group 2; Census Tract 29.02; New York County; New York,Manhattan,1274,544,544,1.0,581,134,0.2306368330464716,210,0.1648351648351648,395,0.3100470957613814,91,0.0714285714285714,0,0.0,1125,0.8830455259026687,58,0.0455259026687598,291,0.5349264705882353,36061002902,3492,1152,0.3298969072164948,3493,521,0.1491554537646722,3493,308,0.0881763527054108,47697,0.047697,26710.275279367674,0.7474040725617832
360610291002,360610291002,Block Group 2; Census Tract 291; New York County; New York,Manhattan,848,234,234,1.0,319,146,0.457680250783699,299,0.3525943396226415,120,0.1415094339622641,56,0.0660377358490566,39,0.0459905660377358,0,0.0,753,0.8879716981132075,87,0.3717948717948718,36061029100,10834,1528,0.1410374746169466,10870,1568,0.1442502299908003,10870,546,0.0502299908003679,20999,0.020999,40382.87537501786,0.6659902279123857
360610293002,360610293002,Block Group 2; Census Tract 293; New York County; New York,Manhattan,1116,372,356,0.956989247311828,557,379,0.6804308797127468,328,0.2939068100358423,146,0.1308243727598566,54,0.0483870967741935,0,0.0,0,0.0,1062,0.9516129032258064,197,0.5295698924731183,36061029300,8011,2866,0.357758082636375,8011,1674,0.2089626763200599,8011,555,0.0692797403570091,22143,0.022143,50399.67484080748,0.8780640669491073
360610295002,360610295002,Block Group 2; Census Tract 295; New York County; New York,Manhattan,1365,851,851,1.0,925,654,0.707027027027027,14,0.0102564102564102,127,0.093040293040293,229,0.1677655677655677,165,0.1208791208791208,52,0.0380952380952381,899,0.6586080586080586,60,0.0705052878965922,36061029500,7564,419,0.0553939714436805,7565,920,0.1216126900198281,7565,455,0.0601454064771976,30732,0.030732,44416.243654822334,0.6948492957493582
360610030012,360610030012,Block Group 2; Census Tract 30.01; New York County; New York,Manhattan,920,530,530,1.0,827,483,0.5840386940749698,0,0.0,32,0.0347826086956521,661,0.7184782608695652,0,0.0,102,0.1108695652173913,107,0.1163043478260869,4,0.0075471698113207,36061003001,4256,790,0.1856203007518796,4270,582,0.1362997658079625,4270,187,0.0437939110070257,28722,0.028722,32031.195599192255,0.7658967088418563
360610030022,360610030022,Block Group 2; Census Tract 30.02; New York County; New York,Manhattan,955,650,638,0.9815384615384616,329,150,0.4559270516717325,58,0.0607329842931937,456,0.4774869109947644,327,0.3424083769633508,63,0.0659685863874345,297,0.3109947643979057,243,0.2544502617801047,269,0.4138461538461538,36061003002,2833,622,0.2195552417931521,2833,414,0.1461348393928697,2833,79,0.0278856336039534,41430,0.04143,23050.929278300748,0.8491540207443651
360610303002,360610303002,Block Group 2; Census Tract 303; New York County; New York,Manhattan,864,477,477,1.0,608,429,0.7055921052631579,31,0.0358796296296296,164,0.1898148148148148,488,0.5648148148148148,18,0.0208333333333333,31,0.0358796296296296,222,0.2569444444444444,15,0.0314465408805031,36061030300,3309,421,0.1272287700211544,3309,510,0.1541251133272892,3309,138,0.041704442429737,78118,0.078118,11060.19099311298,0.791401434843338
360610307002,360610307002,Block Group 2; Census Tract 307; New York County; New York,Manhattan,1323,570,338,0.5929824561403508,765,221,0.2888888888888888,128,0.0967498110355253,267,0.2018140589569161,902,0.6817838246409675,211,0.1594860166288737,27,0.0204081632653061,111,0.0839002267573696,6,0.0105263157894736,36061030700,3563,111,0.0311535223126578,3563,513,0.1439797923098512,3563,143,0.040134717934325,24453,0.024453,54103.79094589621,0.8619099573458604
360610309002,360610309002,Block Group 2; Census Tract 309; New York County; New York,Manhattan,2493,745,724,0.9718120805369128,721,382,0.5298196948682385,718,0.2880064179703169,332,0.1331728840754111,126,0.0505415162454873,263,0.1054953870838347,0,0.0,2017,0.8090653830726033,91,0.1221476510067114,36061030900,10253,3760,0.3667219350434019,10253,2809,0.2739685945576904,10253,432,0.042134009558178,53883,0.053883,46266.911641890765,0.7006430838909902
360610317032,360610317032,Block Group 2; Census Tract 317.03; New York County; New York,Manhattan,2003,845,793,0.9384615384615383,1247,194,0.1555733761026463,431,0.2151772341487768,168,0.0838741887169246,1214,0.6060908637044433,0,0.0,539,0.2690963554667998,45,0.0224663005491762,20,0.0236686390532544,36061031703,5887,340,0.0577543740445048,5887,281,0.0477322914897231,5887,94,0.0159673857652454,18695,0.018695,107140.94677721316,0.7294635809043659
360610317042,360610317042,Block Group 2; Census Tract 317.04; New York County; New York,Manhattan,3021,1308,1045,0.7989296636085627,1979,818,0.4133400707427994,639,0.211519364448858,264,0.0873882820258192,2216,0.7335319430652102,0,0.0,512,0.1694803045349222,107,0.0354187355180403,34,0.0259938837920489,36061031704,10097,333,0.0329800930969594,10097,273,0.0270377339803902,10097,259,0.0256511835198573,27332,0.027332,110529.78194058248,0.6293910110633696
360610031002,360610031002,Block Group 2; Census Tract 31; New York County; New York,Manhattan,135,63,63,1.0,91,50,0.5494505494505495,31,0.2296296296296296,0,0.0,72,0.5333333333333333,0,0.0,37,0.2740740740740741,0,0.0,0,0.0,36061003100,1682,237,0.1409036860879904,2910,113,0.0388316151202749,2910,108,0.0371134020618556,116473,0.116473,1159.0669082104866,0.8730305965832404
360610032002,360610032002,Block Group 2; Census Tract 32; New York County; New York,Manhattan,421,309,309,1.0,260,126,0.4846153846153846,0,0.0,97,0.2304038004750593,312,0.7410926365795725,0,0.0,0,0.0,24,0.0570071258907363,0,0.0,36061003200,7866,1135,0.1442918891431477,7866,1007,0.1280193236714976,7866,361,0.0458937198067632,15771,0.015771,26694.565975524696,0.9066587191594148
360610033002,360610033002,Block Group 2; Census Tract 33; New York County; New York,Manhattan,1873,764,306,0.4005235602094241,1083,568,0.5244690674053555,311,0.1660437800320341,411,0.2194340630005339,1312,0.7004805125467165,18,0.0096102509343299,105,0.0560597971169247,81,0.0432461292044847,0,0.0,36061003300,5951,206,0.0346160309191732,5951,241,0.0404973953957318,5951,210,0.0352881868593513,143992,0.143992,13007.667092616255,0.7453749186700173
360610034002,360610034002,Block Group 2; Census Tract 34; New York County; New York,Manhattan,1384,814,784,0.9631449631449632,951,500,0.5257623554153522,32,0.0231213872832369,167,0.120664739884393,719,0.5195086705202312,141,0.101878612716763,159,0.1148843930635838,158,0.1141618497109826,80,0.0982800982800982,36061003400,6990,1200,0.1716738197424892,6990,574,0.0821173104434907,6990,327,0.0467811158798283,35337,0.035337,39165.746950788125,0.825259130478629
360610036012,360610036012,Block Group 2; Census Tract 36.01; New York County; New York,Manhattan,987,511,478,0.9354207436399216,444,90,0.2027027027027027,113,0.1144883485309017,200,0.2026342451874366,327,0.331306990881459,138,0.1398176291793313,143,0.1448834853090172,299,0.3029381965552178,40,0.0782778864970645,36061003601,3050,607,0.1990163934426229,3019,618,0.2047035442199404,3019,135,0.0447167936402782,22750,0.02275,43384.61538461538,0.908926079916942
360610036022,360610036022,Block Group 2; Census Tract 36.02; New York County; New York,Manhattan,1948,692,668,0.9653179190751444,963,427,0.4434060228452752,68,0.0349075975359342,263,0.1350102669404517,930,0.4774127310061601,346,0.177618069815195,275,0.1411704312114989,366,0.1878850102669404,41,0.0592485549132947,36061003602,3107,750,0.2413904087544255,3415,333,0.097510980966325,3415,119,0.0348462664714494,51073,0.051073,38141.4837585417,0.8442820129078028
360610037002,360610037002,Block Group 2; Census Tract 37; New York County; New York,Manhattan,784,459,397,0.8649237472766884,629,72,0.1144674085850556,26,0.0331632653061224,289,0.3686224489795918,449,0.5727040816326531,0,0.0,57,0.072704081632653,233,0.2971938775510204,18,0.0392156862745098,36061003700,3460,152,0.0439306358381502,3460,202,0.0583815028901734,3460,30,0.0086705202312138,63572,0.063572,12332.473415969294,0.9635229334964528
360610038002,360610038002,Block Group 2; Census Tract 38; New York County; New York,Manhattan,801,355,325,0.9154929577464788,678,489,0.7212389380530974,0,0.0,123,0.1535580524344569,697,0.8701622971285893,0,0.0,67,0.0836454431960049,37,0.0461922596754057,30,0.0845070422535211,36061003800,7018,1245,0.1774009689370191,7254,629,0.0867107802591673,7254,234,0.032258064516129,17046,0.017046,46990.49630411827,0.7608033728020359
360610039002,360610039002,Block Group 2; Census Tract 39; New York County; New York,Manhattan,1286,639,639,1.0,817,196,0.2399020807833537,75,0.0583203732503888,271,0.2107309486780715,801,0.6228615863141524,0,0.0,224,0.1741835147744945,261,0.202954898911353,52,0.081377151799687,36061003900,5699,1061,0.1861730128092648,5699,745,0.1307246885418494,5699,57,0.0100017546938059,95610,0.09561,13450.475891643133,0.7270010388862729
360610040012,360610040012,Block Group 2; Census Tract 40.01; New York County; New York,Manhattan,1185,540,540,1.0,709,98,0.1382228490832158,0,0.0,291,0.2455696202531645,940,0.7932489451476793,36,0.030379746835443,101,0.0852320675105485,108,0.0911392405063291,16,0.0296296296296296,36061004001,3082,334,0.108371187540558,3221,272,0.0844458242781744,3221,173,0.053710027941633,38741,0.038741,30587.74941276684,0.9013847303196808
360610040022,360610040022,Block Group 2; Census Tract 40.02; New York County; New York,Manhattan,1073,490,490,1.0,679,396,0.5832106038291606,121,0.1127679403541472,60,0.0559179869524697,436,0.4063373718546132,78,0.0726933830382106,206,0.1919850885368126,81,0.0754892823858341,0,0.0,36061004002,4684,877,0.1872331340734415,6268,300,0.0478621569878749,6268,111,0.0177089980855137,18914,0.018914,56730.46420640795,0.942585702854084
360610041002,360610041002,Block Group 2; Census Tract 41; New York County; New York,Manhattan,842,308,308,1.0,330,132,0.4,74,0.0878859857482185,259,0.3076009501187648,19,0.0225653206650831,67,0.0795724465558194,663,0.7874109263657957,55,0.0653206650831353,176,0.5714285714285714,36061004100,6495,871,0.1341031562740569,6889,565,0.082014806212803,6889,380,0.0551604006386993,32684,0.032684,25761.840655978463,0.7633303585889543
360610042002,360610042002,Block Group 2; Census Tract 42; New York County; New York,Manhattan,1927,473,401,0.8477801268498943,930,205,0.2204301075268817,121,0.0627919045147898,108,0.0560456668396471,958,0.497145822522055,82,0.0425531914893617,556,0.2885313959522574,196,0.101712506486767,0,0.0,36061004200,2165,358,0.1653579676674365,5133,110,0.0214299629846093,5133,31,0.0060393532047535,29591,0.029591,65121.15170153087,0.875870370244259
360610043002,360610043002,Block Group 2; Census Tract 43; New York County; New York,Manhattan,969,611,576,0.9427168576104746,383,264,0.6892950391644909,55,0.0567595459236326,200,0.2063983488132094,225,0.2321981424148606,6,0.0061919504643962,444,0.4582043343653251,235,0.2425180598555211,87,0.1423895253682487,36061004300,3524,611,0.1733825198637911,3524,368,0.1044267877412031,3524,233,0.0661180476730987,25621,0.025621,37820.53784005308,0.8808612821294195
360610047002,360610047002,Block Group 2; Census Tract 47; New York County; New York,Manhattan,1501,944,847,0.8972457627118644,963,413,0.4288681204569055,168,0.111925383077948,224,0.1492338441039307,1198,0.7981345769487008,0,0.0,129,0.0859427048634243,80,0.0532978014656895,0,0.0,36061004700,2187,137,0.0626428898033836,2187,22,0.0100594421582075,2187,88,0.0402377686328303,122673,0.122673,12235.78130476959,0.7154536950159764
360610048002,360610048002,Block Group 2; Census Tract 48; New York County; New York,Manhattan,1287,528,412,0.7803030303030303,734,32,0.0435967302452316,265,0.2059052059052059,187,0.1452991452991453,1017,0.7902097902097902,54,0.0419580419580419,132,0.1025641025641025,84,0.0652680652680652,0,0.0,36061004800,6012,589,0.0979707252162341,6931,431,0.0621843889770595,6931,44,0.0063482902900014,16059,0.016059,80141.97646179712,0.917155372937906
360610049002,360610049002,Block Group 2; Census Tract 49; New York County; New York,Manhattan,1122,768,768,1.0,1046,320,0.3059273422562141,9,0.0080213903743315,161,0.1434937611408199,849,0.7566844919786097,25,0.0222816399286987,80,0.071301247771836,168,0.1497326203208556,0,0.0,36061004900,4191,319,0.0761154855643044,4203,435,0.1034975017844396,4203,48,0.0114204139900071,36368,0.036368,30851.29784425869,0.6569261578178436
360610050002,360610050002,Block Group 2; Census Tract 50; New York County; New York,Manhattan,1103,620,583,0.9403225806451612,963,519,0.5389408099688473,99,0.0897552130553037,35,0.0317316409791477,729,0.6609247506799637,29,0.0262919310970081,199,0.1804170444242973,23,0.0208522212148685,0,0.0,36061005000,4706,388,0.0824479388015299,4774,218,0.0456640134059488,4774,25,0.0052366987850858,36352,0.036352,30342.20950704225,0.9447178210974172
360610052002,360610052002,Block Group 2; Census Tract 52; New York County; New York,Manhattan,2636,928,773,0.8329741379310345,1456,311,0.2135989010989011,182,0.0690440060698027,375,0.1422610015174507,1614,0.6122913505311077,162,0.0614567526555386,462,0.1752655538694992,208,0.0789074355083459,31,0.0334051724137931,36061005200,2625,152,0.0579047619047619,3543,96,0.0270956816257408,3543,40,0.0112898673440587,85309,0.085309,30899.436167344596,0.7825090082591728
360610054002,360610054002,Block Group 2; Census Tract 54; New York County; New York,Manhattan,1197,815,612,0.750920245398773,804,529,0.6579601990049752,101,0.0843776106934001,273,0.2280701754385964,807,0.6741854636591479,0,0.0,340,0.2840434419381787,50,0.0417710944026733,0,0.0,36061005400,4427,390,0.0880957759204879,4427,504,0.1138468488818613,4427,120,0.0271063925909193,25238,0.025238,47428.48086219193,0.7019118828491979
360610055012,360610055012,Block Group 2; Census Tract 55.01; New York County; New York,Manhattan,2276,895,895,1.0,1150,187,0.1626086956521739,297,0.1304920913884007,282,0.1239015817223198,1039,0.4565026362038664,61,0.0268014059753954,902,0.3963093145869947,219,0.0962214411247803,18,0.0201117318435754,36061005501,4686,553,0.1180110968843363,5346,364,0.0680882903105125,5346,199,0.0372240927796483,38166,0.038166,59634.22941885448,0.7197945781034782
360610055022,360610055022,Block Group 2; Census Tract 55.02; New York County; New York,Manhattan,1304,817,746,0.9130966952264382,855,395,0.4619883040935672,103,0.0789877300613497,124,0.0950920245398773,738,0.5659509202453987,52,0.0398773006134969,308,0.2361963190184049,161,0.1234662576687116,170,0.208078335373317,36061005502,1899,181,0.0953133228014744,1899,177,0.0932069510268562,1899,14,0.0073723012111637,71130,0.07113,18332.63039505131,0.8273258260946705
360610056002,360610056002,Block Group 2; Census Tract 56; New York County; New York,Manhattan,1065,613,505,0.8238172920065253,730,222,0.3041095890410959,120,0.1126760563380281,156,0.1464788732394366,463,0.4347417840375587,120,0.1126760563380281,103,0.0967136150234741,249,0.2338028169014084,0,0.0,36061005600,3754,752,0.2003196590303676,3822,365,0.0954997383568812,3822,96,0.0251177394034536,63370,0.06337,16806.059649676503,0.7567641905967228
360610057002,360610057002,Block Group 2; Census Tract 57; New York County; New York,Manhattan,1810,962,877,0.9116424116424116,995,258,0.2592964824120603,133,0.0734806629834254,280,0.154696132596685,1427,0.7883977900552486,12,0.0066298342541436,196,0.1082872928176795,76,0.041988950276243,55,0.0571725571725571,36061005700,2589,214,0.0826573966782541,2600,165,0.0634615384615384,2600,26,0.01,80851,0.080851,22386.859779099825,0.7531830301778528
360610058002,360610058002,Block Group 2; Census Tract 58; New York County; New York,Manhattan,1540,687,627,0.9126637554585152,1061,553,0.5212064090480678,191,0.124025974025974,121,0.0785714285714285,932,0.6051948051948052,0,0.0,420,0.2727272727272727,147,0.0954545454545454,56,0.081513828238719,36061005800,3986,541,0.1357250376317109,3986,184,0.0461615654791771,3986,0,0.0,49481,0.049481,31123.057335138743,0.686522634723836
360610059002,360610059002,Block Group 2; Census Tract 59; New York County; New York,Manhattan,359,252,138,0.5476190476190477,224,18,0.0803571428571428,46,0.128133704735376,106,0.2952646239554317,359,1.0,0,0.0,0,0.0,0,0.0,0,0.0,36061005900,4217,261,0.0618923405264405,5120,386,0.075390625,5120,242,0.047265625,16494,0.016494,21765.49048138717,0.7140445910810493
360610060002,360610060002,Block Group 2; Census Tract 60; New York County; New York,Manhattan,1766,889,889,1.0,780,233,0.2987179487179487,289,0.1636466591166478,597,0.3380520951302378,1142,0.6466591166477916,0,0.0,332,0.1879954699886749,52,0.029445073612684,70,0.0787401574803149,36061006000,5077,246,0.0484538113058893,5077,596,0.1173921607248375,5077,185,0.0364388418357297,37662,0.037662,46890.76522755031,0.7394859185323294
360610061002,360610061002,Block Group 2; Census Tract 61; New York County; New York,Manhattan,1565,833,475,0.5702280912364946,976,159,0.1629098360655737,56,0.0357827476038338,137,0.0875399361022364,684,0.4370607028753994,131,0.0837060702875399,659,0.4210862619808306,75,0.047923322683706,0,0.0,36061006100,3603,249,0.0691090757701915,5319,216,0.0406091370558375,5319,46,0.0086482421507802,30770,0.03077,50861.22846928827,0.8263732705762333
360610062002,360610062002,Block Group 2; Census Tract 62; New York County; New York,Manhattan,2363,1007,1007,1.0,1033,350,0.3388189738625363,318,0.1345746931866271,519,0.2196360558611934,923,0.3906051629284807,333,0.1409225560727888,656,0.2776132035548032,282,0.1193398222598391,56,0.0556107249255213,36061006200,3205,612,0.1909516380655226,3759,441,0.1173184357541899,3759,158,0.0420324554402766,89449,0.089449,26417.28806358931,0.8161020404807925
360610063002,360610063002,Block Group 2; Census Tract 63; New York County; New York,Manhattan,705,511,460,0.9001956947162426,303,164,0.5412541254125413,31,0.0439716312056737,347,0.4921985815602837,628,0.8907801418439716,12,0.0170212765957446,0,0.0,24,0.0340425531914893,0,0.0,36061006300,5544,587,0.1058802308802308,5759,595,0.1033165480118076,5759,125,0.0217051571453377,49069,0.049069,14367.523283539504,0.7600435498683864
360610064002,360610064002,Block Group 2; Census Tract 64; New York County; New York,Manhattan,1378,798,736,0.9223057644110276,967,319,0.3298862461220269,146,0.1059506531204644,361,0.2619738751814223,971,0.704644412191582,12,0.0087082728592162,283,0.2053701015965167,81,0.0587808417997097,0,0.0,36061006400,7421,1375,0.1852850020212909,7726,693,0.0896971265855552,7726,328,0.0424540512555009,33023,0.033023,41728.49226296824,0.9024384556359936
360610065002,360610065002,Block Group 2; Census Tract 65; New York County; New York,Manhattan,1117,578,578,1.0,749,161,0.2149532710280373,29,0.0259623992837958,218,0.1951656222023276,807,0.7224709042076992,19,0.0170098478066248,140,0.1253357206803939,82,0.0734109221128021,0,0.0,36061006500,4436,258,0.0581605049594229,5560,289,0.051978417266187,5560,215,0.0386690647482014,19976,0.019976,55917.10052062475,0.869244607184648
360610066002,360610066002,Block Group 2; Census Tract 66; New York County; New York,Manhattan,983,704,704,1.0,543,305,0.5616942909760589,0,0.0,398,0.4048830111902339,225,0.2288911495422177,0,0.0,361,0.3672431332655137,318,0.323499491353001,59,0.0838068181818181,36061006600,10552,1698,0.1609173616376042,11032,1602,0.1452139231327048,11032,252,0.0228426395939086,17225,0.017225,57068.21480406386,0.8214246764675102
360610067002,360610067002,Block Group 2; Census Tract 67; New York County; New York,Manhattan,1345,845,822,0.9727810650887574,768,316,0.4114583333333333,0,0.0,515,0.3828996282527881,1038,0.7717472118959108,16,0.0118959107806691,174,0.1293680297397769,68,0.0505576208178438,69,0.0816568047337278,36061006700,4587,289,0.0630041421408327,4587,432,0.0941792020928711,4587,207,0.0451275343361674,40369,0.040369,33317.64472738983,0.9236322083666818
360610068002,360610068002,Block Group 2; Census Tract 68; New York County; New York,Manhattan,795,617,617,1.0,795,180,0.2264150943396226,0,0.0,0,0.0,664,0.8352201257861636,0,0.0,131,0.1647798742138364,0,0.0,0,0.0,36061006800,5289,576,0.1089052750992626,6430,486,0.0755832037325038,6430,177,0.0275272161741835,26399,0.026399,30114.7770748892,0.8334088377838487
360610069002,360610069002,Block Group 2; Census Tract 69; New York County; New York,Manhattan,1390,709,477,0.6727785613540197,883,296,0.3352208380520951,183,0.1316546762589928,270,0.1942446043165467,1137,0.8179856115107914,30,0.0215827338129496,64,0.0460431654676259,130,0.0935251798561151,13,0.0183356840620592,36061006900,2333,84,0.0360051435919417,2681,44,0.0164117866467735,2681,181,0.0675121223424095,52320,0.05232,26567.278287461773,0.6730225499238401
360610006002,360610006002,Block Group 2; Census Tract 6; New York County; New York,Manhattan,3589,2169,2169,1.0,1513,735,0.4857898215465961,297,0.0827528559487322,763,0.2125940373363053,438,0.1220395653385344,528,0.1471161883533017,1488,0.4146001671774867,1046,0.2914460852605182,785,0.3619179345320424,36061000600,10068,3492,0.3468414779499404,10068,1199,0.1190901867302344,10068,232,0.0230433055224473,64678,0.064678,55490.27490027521,0.7776145432221166
360610070012,360610070012,Block Group 2; Census Tract 70.01; New York County; New York,Manhattan,1639,879,834,0.9488054607508531,1375,371,0.2698181818181818,221,0.1348383160463697,41,0.0250152532031726,1215,0.7413056741915802,31,0.0189139719341061,175,0.1067724222086638,124,0.0756558877364246,0,0.0,36061007001,3841,85,0.0221296537360062,3997,310,0.0775581686264698,3997,83,0.0207655741806354,19712,0.019712,83147.32142857142,0.8603627524976205
360610070022,360610070022,Block Group 2; Census Tract 70.02; New York County; New York,Manhattan,588,395,347,0.8784810126582279,482,175,0.3630705394190871,22,0.0374149659863945,84,0.1428571428571428,310,0.5272108843537415,61,0.1037414965986394,155,0.2636054421768707,42,0.0714285714285714,28,0.070886075949367,36061007002,3479,278,0.0799080195458465,3479,336,0.096579476861167,3479,33,0.0094854843345789,17298,0.017298,33992.36906000694,0.813843590472813
360610071002,360610071002,Block Group 2; Census Tract 71; New York County; New York,Manhattan,1493,728,635,0.8722527472527473,1191,387,0.3249370277078086,73,0.0488948425987943,171,0.1145344943067649,878,0.5880776959142666,10,0.0066979236436704,345,0.2310783657066309,168,0.1125251172136637,0,0.0,36061007100,5166,201,0.0389082462253193,5231,160,0.030586885872682,5231,159,0.0303957178359778,22149,0.022149,67407.10641563953,0.807401856922644
360610072002,360610072002,Block Group 2; Census Tract 72; New York County; New York,Manhattan,408,373,373,1.0,296,64,0.2162162162162162,0,0.0,134,0.3284313725490196,312,0.7647058823529411,0,0.0,96,0.2352941176470588,0,0.0,35,0.0938337801608579,36061007200,6899,446,0.0646470502971445,7108,157,0.0220877884074282,7108,134,0.0188519977490151,38401,0.038401,10624.72331449702,0.7537323466530543
360610073002,360610073002,Block Group 2; Census Tract 73; New York County; New York,Manhattan,784,523,523,1.0,614,284,0.4625407166123778,59,0.0752551020408163,77,0.0982142857142857,689,0.8788265306122449,0,0.0,0,0.0,95,0.1211734693877551,0,0.0,36061007300,5393,572,0.1060634155386612,5393,136,0.0252178750231781,5393,97,0.0179862785091785,12009,0.012009,65284.370055791485,0.6857230182108621
360610074002,360610074002,Block Group 2; Census Tract 74; New York County; New York,Manhattan,717,356,321,0.901685393258427,558,198,0.3548387096774194,36,0.0502092050209205,12,0.0167364016736401,464,0.6471408647140865,0,0.0,204,0.2845188284518828,49,0.0683403068340306,29,0.0814606741573033,36061007400,4748,641,0.1350042122999157,5355,279,0.0521008403361344,5355,153,0.0285714285714285,36756,0.036756,19507.01926216128,0.7043059568926364
360610075002,360610075002,Block Group 2; Census Tract 75; New York County; New York,Manhattan,1450,866,656,0.7575057736720554,925,304,0.3286486486486486,89,0.0613793103448275,480,0.3310344827586207,1274,0.8786206896551724,64,0.0441379310344827,40,0.0275862068965517,46,0.0317241379310344,0,0.0,36061007500,3898,274,0.0702924576706003,3898,506,0.1298101590559261,3898,82,0.0210364289379168,41438,0.041438,34992.03629518799,0.8270916008292992
360610076002,360610076002,Block Group 2; Census Tract 76; New York County; New York,Manhattan,715,354,220,0.6214689265536724,311,156,0.5016077170418006,231,0.3230769230769231,57,0.0797202797202797,448,0.6265734265734266,0,0.0,73,0.1020979020979021,194,0.2713286713286713,14,0.03954802259887,36061007600,2351,240,0.1020842194810718,2362,201,0.0850973751058425,2362,74,0.0313293818797629,73280,0.07328,9757.096069868996,0.7001481245578277
360610077002,360610077002,Block Group 2; Census Tract 77; New York County; New York,Manhattan,960,613,448,0.7308319738988581,492,240,0.4878048780487805,160,0.1666666666666666,215,0.2239583333333333,871,0.9072916666666668,0,0.0,21,0.021875,14,0.0145833333333333,0,0.0,36061007700,5600,262,0.0467857142857142,5600,359,0.0641071428571428,5600,91,0.01625,21697,0.021697,44245.74826012812,0.8387276734210254
360610078002,360610078002,Block Group 2; Census Tract 78; New York County; New York,Manhattan,879,585,493,0.8427350427350427,611,77,0.1260229132569558,52,0.0591581342434584,168,0.1911262798634812,440,0.5005688282138794,0,0.0,299,0.3401592718998862,32,0.0364050056882821,47,0.0803418803418803,36061007800,7991,532,0.0665748967588537,8011,536,0.0669080014979403,8011,100,0.012482836100362,33890,0.03389,25936.85452935969,0.9003644410453997
360610079002,360610079002,Block Group 2; Census Tract 79; New York County; New York,Manhattan,996,569,487,0.8558875219683656,293,107,0.3651877133105802,111,0.1114457831325301,537,0.5391566265060241,901,0.9046184738955824,0,0.0,36,0.036144578313253,59,0.0592369477911646,37,0.0650263620386643,36061007900,4458,305,0.0684163301929116,4458,386,0.0865859129654553,4458,0,0.0,30964,0.030964,32166.38677173492,0.6970443225325506
360610007002,360610007002,Block Group 2; Census Tract 7; New York County; New York,Manhattan,2348,1021,862,0.8442703232125367,1749,1014,0.5797598627787307,400,0.1703577512776831,35,0.0149063032367972,1342,0.5715502555366269,125,0.0532367972742759,716,0.3049403747870528,55,0.0234241908006814,0,0.0,36061000700,9134,344,0.0376614845631705,9134,53,0.0058024961681629,9134,150,0.0164221589664987,10830,0.01083,216805.17082179137,0.822117330760733
360610080002,360610080002,Block Group 2; Census Tract 80; New York County; New York,Manhattan,990,369,339,0.91869918699187,943,50,0.0530222693531283,0,0.0,42,0.0424242424242424,832,0.8404040404040404,115,0.1161616161616161,30,0.0303030303030303,13,0.0131313131313131,0,0.0,36061008000,5200,343,0.0659615384615384,5313,236,0.0444193487671748,5313,152,0.0286090720873329,12108,0.012108,81764.12289395441,0.8042317603333872
360610081002,360610081002,Block Group 2; Census Tract 81; New York County; New York,Manhattan,1216,845,825,0.9763313609467456,755,490,0.6490066225165563,116,0.0953947368421052,150,0.1233552631578947,917,0.7541118421052632,3,0.0024671052631578,150,0.1233552631578947,117,0.0962171052631579,0,0.0,36061008100,6162,445,0.0722168127231418,6167,464,0.0752391762607426,6167,78,0.0126479649748662,40874,0.040874,29749.96330185448,0.8435549082953415
360610082002,360610082002,Block Group 2; Census Tract 82; New York County; New York,Manhattan,1978,899,828,0.921023359288098,1014,407,0.4013806706114398,527,0.2664307381193124,134,0.0677451971688574,649,0.3281092012133468,155,0.0783619817997977,424,0.2143579373104145,455,0.2300303336703741,18,0.0200222469410456,36061008200,3450,199,0.0576811594202898,3450,248,0.0718840579710144,3450,36,0.0104347826086956,111108,0.111108,17802.498469957158,0.6784313738517848
360610083002,360610083002,Block Group 2; Census Tract 83; New York County; New York,Manhattan,840,487,449,0.9219712525667352,600,335,0.5583333333333333,84,0.1,103,0.1226190476190476,488,0.580952380952381,0,0.0,35,0.0416666666666666,191,0.2273809523809523,29,0.0595482546201232,36061008300,3614,816,0.2257885998893193,3614,793,0.2194244604316546,3614,193,0.0534034311012728,45876,0.045876,18310.227569971223,0.7403533979010232
360610084002,360610084002,Block Group 2; Census Tract 84; New York County; New York,Manhattan,1765,1005,935,0.9303482587064676,1091,302,0.2768102658111824,98,0.0555240793201133,282,0.1597733711048158,561,0.3178470254957507,241,0.1365439093484419,667,0.3779036827195467,216,0.1223796033994334,63,0.0626865671641791,36061008400,1731,140,0.0808781051415366,1765,153,0.086685552407932,1765,125,0.0708215297450425,122312,0.122312,14430.309372751652,0.6547000586236621
360610086032,360610086032,Block Group 2; Census Tract 86.03; New York County; New York,Manhattan,1227,640,430,0.671875,639,91,0.1424100156494522,351,0.2860635696821516,358,0.2917685411572942,603,0.491442542787286,0,0.0,122,0.0994295028524857,440,0.3585982070089649,21,0.0328125,36061008603,4970,200,0.0402414486921529,4970,387,0.0778672032193159,4970,23,0.0046277665995975,24693,0.024693,49690.19560199247,0.8482004504853108
360610087002,360610087002,Block Group 2; Census Tract 87; New York County; New York,Manhattan,955,521,347,0.6660268714011516,842,393,0.4667458432304038,0,0.0,220,0.2303664921465968,314,0.3287958115183246,338,0.3539267015706806,33,0.0345549738219895,172,0.1801047120418848,38,0.072936660268714,36061008700,5376,577,0.107328869047619,5376,242,0.0450148809523809,5376,227,0.0422247023809523,20408,0.020408,46795.37436299491,0.8467283283198466
360610088002,360610088002,Block Group 2; Census Tract 88; New York County; New York,Manhattan,1714,1221,1171,0.959049959049959,1308,364,0.2782874617737003,37,0.0215869311551925,247,0.1441073512252042,553,0.3226371061843641,166,0.0968494749124854,540,0.3150525087514585,30,0.0175029171528588,0,0.0,36061008800,7567,754,0.0996431875247786,7567,542,0.0716268005814721,7567,95,0.0125545130170477,20848,0.020848,82214.12125863392,0.802442712488447
360610089002,360610089002,Block Group 2; Census Tract 89; New York County; New York,Manhattan,1761,1054,1033,0.9800759013282732,1121,461,0.4112399643175736,211,0.1198182850653038,390,0.221465076660988,1155,0.65587734241908,115,0.0653038046564452,227,0.1289040318001135,95,0.0539466212379329,35,0.0332068311195445,36061008900,5365,725,0.1351351351351351,5877,316,0.0537689297260507,5877,147,0.0250127616130678,40803,0.040803,43158.59128005294,0.8966077734221167
360610008002,360610008002,Block Group 2; Census Tract 8; New York County; New York,Manhattan,949,234,234,1.0,406,104,0.2561576354679803,51,0.053740779768177,191,0.2012644889357218,48,0.0505795574288725,0,0.0,880,0.9272918861959958,3,0.0031612223393045,108,0.4615384615384615,36061000800,8729,3460,0.3963798831481269,8747,925,0.1057505430433291,8747,314,0.0358980221790328,18003,0.018003,52713.43664944731,0.7285328010909304
360610090002,360610090002,Block Group 2; Census Tract 90; New York County; New York,Manhattan,2356,1439,1365,0.9485753995830438,1793,267,0.1489124372559955,29,0.0123089983022071,731,0.3102716468590832,1733,0.7355687606112055,0,0.0,413,0.1752971137521222,210,0.0891341256366723,32,0.0222376650451702,36061009000,7221,627,0.0868300789364353,7239,487,0.0672744854261638,7239,341,0.0471059538610305,18053,0.018053,130504.62527003822,0.7321788045005573
360610091002,360610091002,Block Group 2; Census Tract 91; New York County; New York,Manhattan,385,327,300,0.9174311926605504,296,110,0.3716216216216216,0,0.0,81,0.2103896103896103,181,0.4701298701298701,13,0.0337662337662337,71,0.1844155844155844,120,0.3116883116883117,0,0.0,36061009100,6536,944,0.1444308445532435,6536,1117,0.1708996328029375,6536,110,0.0168298653610771,23009,0.023009,16732.58290234256,0.8626279395292586
360610093002,360610093002,Block Group 2; Census Tract 93; New York County; New York,Manhattan,1595,989,736,0.7441860465116279,1312,345,0.2629573170731707,0,0.0,151,0.0946708463949843,1341,0.8407523510971787,0,0.0,96,0.0601880877742946,0,0.0,0,0.0,36061009300,9535,1180,0.1237545883586785,9535,1192,0.1250131095962244,9535,145,0.015207131620346,40057,0.040057,39818.25898095214,0.7830883014977836
360610095002,360610095002,Block Group 2; Census Tract 95; New York County; New York,Manhattan,2001,536,511,0.9533582089552238,852,148,0.1737089201877934,99,0.0494752623688155,229,0.1144427786106946,1365,0.6821589205397302,82,0.0409795102448775,279,0.1394302848575712,213,0.1064467766116941,0,0.0,36061009500,2635,300,0.1138519924098671,3765,125,0.0332005312084993,3765,44,0.0116865869853917,85884,0.085884,23298.86824088305,0.8678968313977262
360610096002,360610096002,Block Group 2; Census Tract 96; New York County; New York,Manhattan,462,95,95,1.0,226,94,0.415929203539823,93,0.2012987012987013,13,0.0281385281385281,45,0.0974025974025974,179,0.3874458874458874,55,0.119047619047619,116,0.2510822510822511,35,0.3684210526315789,36061009600,369,166,0.4498644986449864,560,78,0.1392857142857143,560,0,0.0,74384,0.074384,6211.013121101311,0.6196792956764783
360610097002,360610097002,Block Group 2; Census Tract 97; New York County; New York,Manhattan,734,331,331,1.0,196,109,0.5561224489795918,203,0.276566757493188,206,0.2806539509536784,34,0.0463215258855585,21,0.0286103542234332,32,0.0435967302452316,647,0.8814713896457765,100,0.3021148036253776,36061009700,4871,840,0.172449189078218,4875,973,0.1995897435897436,4875,103,0.0211282051282051,86447,0.086447,8490.751558758546,0.7414401537909524
360610098002,360610098002,Block Group 2; Census Tract 98; New York County; New York,Manhattan,1105,493,458,0.9290060851926978,936,342,0.3653846153846153,0,0.0,147,0.1330316742081448,642,0.5809954751131222,0,0.0,309,0.2796380090497737,154,0.139366515837104,0,0.0,36061009800,8855,1073,0.1211744776962168,8874,867,0.0977011494252873,8874,334,0.0376380437232364,34488,0.034488,32040.129900255164,0.6123057971999437
360610099032,360610099032,Block Group 2; Census Tract 99.03; New York County; New York,Manhattan,1465,891,812,0.9113355780022446,991,343,0.3461150353178607,109,0.0744027303754266,146,0.0996587030716723,626,0.4273037542662116,122,0.0832764505119453,409,0.2791808873720136,206,0.1406143344709897,108,0.1212121212121212,36061009903,1465,121,0.0825938566552901,1465,27,0.0184300341296928,1465,103,0.0703071672354948,328311,0.328311,4462.232456420893,0.741857184266289
360610106013,360610106013,Block Group 3; Census Tract 106.01; New York County; New York,Manhattan,1138,674,573,0.8501483679525222,808,98,0.1212871287128712,95,0.0834797891036906,256,0.2249560632688927,959,0.8427065026362038,40,0.0351493848857645,47,0.0413005272407732,0,0.0,0,0.0,36061010601,7753,273,0.0352121759318973,7753,645,0.0831936024764607,7753,33,0.0042564168708886,18572,0.018572,61275.03769114796,0.8732507622505002
360610106023,360610106023,Block Group 3; Census Tract 106.02; New York County; New York,Manhattan,1087,520,446,0.8576923076923076,598,177,0.2959866220735786,197,0.1812327506899724,107,0.0984360625574977,643,0.5915363385464582,156,0.1435142594296228,105,0.0965961361545538,112,0.1030358785648574,0,0.0,36061010602,5199,462,0.0888632429313329,5214,263,0.0504411200613732,5214,88,0.0168776371308016,51710,0.05171,21021.07909495262,0.8290771045850122
360610108013,360610108013,Block Group 3; Census Tract 108.01; New York County; New York,Manhattan,1173,743,743,1.0,766,247,0.3224543080939948,80,0.0682011935208866,219,0.1867007672634271,730,0.6223358908780904,37,0.03154305200341,268,0.2284739982949701,138,0.1176470588235294,55,0.0740242261103634,36061010801,3013,205,0.0680384998340524,3160,303,0.095886075949367,3160,79,0.025,18256,0.018256,64252.84837861524,0.8791193666286331
360610108023,360610108023,Block Group 3; Census Tract 108.02; New York County; New York,Manhattan,1525,730,659,0.9027397260273972,634,200,0.3154574132492113,115,0.0754098360655737,938,0.6150819672131147,1234,0.8091803278688524,6,0.0039344262295081,77,0.0504918032786885,98,0.0642622950819672,33,0.0452054794520547,36061010802,4136,383,0.0926015473887814,4136,310,0.0749516441005802,4136,0,0.0,19538,0.019538,78053.02487460333,0.8718531330975879
360610110003,360610110003,Block Group 3; Census Tract 110; New York County; New York,Manhattan,1406,932,894,0.9592274678111588,1046,290,0.277246653919694,104,0.0739687055476529,200,0.1422475106685633,723,0.5142247510668563,106,0.0753911806543385,242,0.1721194879089616,255,0.1813655761024182,0,0.0,36061011000,6760,110,0.0162721893491124,6760,473,0.0699704142011834,6760,38,0.0056213017751479,51752,0.051752,27168.032153346732,0.7616398298676998
360610111003,360610111003,Block Group 3; Census Tract 111; New York County; New York,Manhattan,991,668,668,1.0,744,150,0.2016129032258064,43,0.0433905146316851,110,0.1109989909182643,420,0.4238143289606458,31,0.0312815338042381,349,0.3521695257315843,105,0.1059535822401614,31,0.0464071856287425,36061011100,4695,705,0.1501597444089457,4711,476,0.101040118870728,4711,292,0.0619825939291021,42990,0.04299,23051.872528495,0.5235320896534169
360610116003,360610116003,Block Group 3; Census Tract 116; New York County; New York,Manhattan,878,750,750,1.0,516,95,0.1841085271317829,60,0.0683371298405467,172,0.1958997722095672,387,0.4407744874715262,60,0.0683371298405467,335,0.3815489749430524,76,0.0865603644646924,39,0.052,36061011600,2607,316,0.1212121212121212,2710,369,0.1361623616236162,2710,24,0.0088560885608856,17327,0.017327,50672.36105500087,0.9080137426088898
360610118003,360610118003,Block Group 3; Census Tract 118; New York County; New York,Manhattan,385,195,195,1.0,274,75,0.2737226277372263,109,0.2831168831168831,0,0.0,265,0.6883116883116883,0,0.0,16,0.0415584415584415,101,0.2623376623376623,0,0.0,36061011800,9264,676,0.0729706390328152,9264,1485,0.1602979274611398,9264,56,0.0060449050086355,17190,0.01719,22396.74229203025,0.8497829578153274
360610120003,360610120003,Block Group 3; Census Tract 120; New York County; New York,Manhattan,741,352,279,0.7926136363636364,486,116,0.2386831275720164,145,0.1956815114709851,106,0.1430499325236167,570,0.7692307692307693,0,0.0,36,0.048582995951417,0,0.0,0,0.0,36061012000,3489,280,0.0802522212668386,3489,280,0.0802522212668386,3489,16,0.0045858412152479,37250,0.03725,19892.61744966443,0.7849812693921948
360610121023,360610121023,Block Group 3; Census Tract 121.02; New York County; New York,Manhattan,534,333,285,0.8558558558558559,466,191,0.4098712446351931,0,0.0,53,0.099250936329588,339,0.6348314606741573,47,0.0880149812734082,15,0.0280898876404494,131,0.245318352059925,0,0.0,36061012102,4984,536,0.1075441412520064,5029,1350,0.2684430304235434,5029,88,0.0174985086498309,21758,0.021758,24542.6969390569,0.7604155607496234
360610122003,360610122003,Block Group 3; Census Tract 122; New York County; New York,Manhattan,168,92,69,0.75,89,7,0.0786516853932584,9,0.0535714285714285,66,0.3928571428571428,110,0.6547619047619048,0,0.0,58,0.3452380952380952,0,0.0,0,0.0,36061012200,3103,65,0.0209474701901385,3103,297,0.0957138253303254,3103,0,0.0,49317,0.049317,3406.5332441146056,0.7630520726087007
360610124003,360610124003,Block Group 3; Census Tract 124; New York County; New York,Manhattan,2080,746,681,0.9128686327077749,924,357,0.3863636363636363,453,0.2177884615384615,766,0.3682692307692308,1180,0.5673076923076923,28,0.0134615384615384,648,0.3115384615384615,122,0.0586538461538461,49,0.0656836461126005,36061012400,8258,445,0.0538871397432792,8670,722,0.083275663206459,8670,142,0.0163783160322952,18925,0.018925,109907.52972258916,0.8727390179090825
360610125003,360610125003,Block Group 3; Census Tract 125; New York County; New York,Manhattan,380,212,212,1.0,253,69,0.2727272727272727,0,0.0,136,0.3578947368421052,161,0.4236842105263158,85,0.2236842105263158,96,0.2526315789473684,30,0.0789473684210526,0,0.0,36061012500,2680,324,0.1208955223880597,2680,245,0.0914179104477612,2680,161,0.0600746268656716,16431,0.016431,23127.016006329497,0.7500320421412496
360610126013,360610126013,Block Group 3; Census Tract 126.01; New York County; New York,Manhattan,1377,697,570,0.8177905308464849,999,292,0.2922922922922923,198,0.1437908496732026,391,0.2839506172839506,1236,0.8976034858387799,0,0.0,141,0.10239651416122,0,0.0,43,0.0616929698708751,36061012601,7014,308,0.0439121756487025,7014,534,0.0761334473909324,7014,70,0.0099800399201596,18189,0.018189,75705.09648688768,0.8528796692503496
360610126023,360610126023,Block Group 3; Census Tract 126.02; New York County; New York,Manhattan,1329,647,630,0.973724884080371,939,196,0.2087326943556975,180,0.1354401805869074,108,0.0812641083521444,1233,0.927765237020316,0,0.0,67,0.0504138449962377,17,0.0127915726109857,0,0.0,36061012602,4980,118,0.0236947791164658,4980,280,0.0562248995983935,4980,0,0.0,17135,0.017135,77560.54858476801,0.7422744650195024
360610127003,360610127003,Block Group 3; Census Tract 127; New York County; New York,Manhattan,1866,1208,1208,1.0,1408,682,0.484375,176,0.0943193997856377,214,0.1146838156484458,981,0.5257234726688103,61,0.032690246516613,87,0.0466237942122186,484,0.2593783494105037,61,0.0504966887417218,36061012700,6307,709,0.1124147772316473,6307,840,0.1331853496115427,6307,356,0.0564452195972728,43353,0.043353,43042.00401356307,0.7484193667219283
360610128003,360610128003,Block Group 3; Census Tract 128; New York County; New York,Manhattan,987,553,335,0.6057866184448463,502,177,0.3525896414342629,52,0.0526849037487335,546,0.5531914893617021,934,0.9463019250253292,0,0.0,0,0.0,22,0.022289766970618,0,0.0,36061012800,5163,161,0.031183420491962,5163,413,0.0799922525663374,5163,56,0.0108464071276389,39460,0.03946,25012.671059300555,0.8039185503971429
360610012003,360610012003,Block Group 3; Census Tract 12; New York County; New York,Manhattan,1698,739,472,0.638700947225981,792,239,0.3017676767676767,338,0.199057714958775,484,0.2850412249705536,1136,0.6690223792697291,0,0.0,230,0.1354534746760895,223,0.1313309776207302,12,0.0162381596752368,36061001200,4124,498,0.120756547041707,4124,560,0.1357904946653734,4124,79,0.0191561590688651,36076,0.036076,47067.3023616809,0.671244465967685
360610130003,360610130003,Block Group 3; Census Tract 130; New York County; New York,Manhattan,845,395,293,0.7417721518987341,343,0,0.0,63,0.0745562130177514,486,0.5751479289940828,576,0.6816568047337278,0,0.0,45,0.0532544378698224,192,0.2272189349112426,0,0.0,36061013000,3311,381,0.1150709755360918,3336,416,0.1247002398081534,3336,45,0.0134892086330935,51556,0.051556,16389.94491426798,0.7814777204756469
360610131003,360610131003,Block Group 3; Census Tract 131; New York County; New York,Manhattan,847,617,599,0.9708265802269044,485,205,0.422680412371134,102,0.1204250295159386,114,0.1345926800472255,368,0.4344746162927981,156,0.1841794569067296,77,0.0909090909090909,229,0.2703659976387249,53,0.0858995137763371,36061013100,3470,313,0.0902017291066282,3485,458,0.1314203730272596,3485,92,0.0263988522238163,21733,0.021733,38972.99038328809,0.7996629982903497
360610132013,360610132013,Block Group 3; Census Tract 132.01; New York County; New York,Manhattan,746,405,369,0.9111111111111112,529,179,0.3383742911153119,67,0.0898123324396782,201,0.2694369973190348,578,0.774798927613941,0,0.0,76,0.1018766756032171,14,0.0187667560321715,0,0.0,36061013201,2351,57,0.0242450021267545,2351,348,0.1480221182475542,2351,62,0.0263717566992769,42962,0.042962,17364.182300637774,0.880882125443351
360610132023,360610132023,Block Group 3; Census Tract 132.02; New York County; New York,Manhattan,721,567,567,1.0,555,136,0.245045045045045,8,0.0110957004160887,65,0.0901525658807212,509,0.7059639389736477,15,0.0208044382801664,56,0.0776699029126213,77,0.1067961165048543,10,0.0176366843033509,36061013202,3616,447,0.1236172566371681,3616,407,0.1125553097345132,3616,24,0.0066371681415929,12581,0.012581,57308.64001271759,0.8056519317173285
360610132033,360610132033,Block Group 3; Census Tract 132.03; New York County; New York,Manhattan,1592,1024,861,0.8408203125,1111,319,0.2871287128712871,195,0.1224874371859296,173,0.1086683417085427,1403,0.8812814070351759,18,0.0113065326633165,57,0.0358040201005025,114,0.071608040201005,10,0.009765625,36061013203,4276,1437,0.3360617399438728,4276,133,0.0311038353601496,4276,144,0.0336763330215154,17494,0.017494,91002.62947296216,0.9425571349681
360610133003,360610133003,Block Group 3; Census Tract 133; New York County; New York,Manhattan,929,740,720,0.972972972972973,734,328,0.4468664850136239,0,0.0,45,0.0484391819160387,528,0.5683530678148547,48,0.0516684607104413,173,0.1862217438105489,56,0.0602798708288482,29,0.0391891891891891,36061013300,6146,712,0.1158477058249267,6146,293,0.0476732834363813,6146,285,0.0463716238203709,43599,0.043599,21307.82816119636,0.819405148091755
360610134003,360610134003,Block Group 3; Census Tract 134; New York County; New York,Manhattan,2324,947,881,0.9303062302006336,523,127,0.24282982791587,595,0.2560240963855422,246,0.1058519793459552,2226,0.9578313253012049,10,0.0043029259896729,80,0.0344234079173838,8,0.0034423407917383,42,0.0443505807814149,36061013400,10399,1010,0.0971247235311087,10475,840,0.0801909307875895,10475,90,0.0085918854415274,19827,0.019827,117213.90023705047,0.834749831261627
360610135013,360610135013,Block Group 3; Census Tract 135.01; New York County; New York,Manhattan,1114,577,577,1.0,922,451,0.4891540130151844,72,0.0646319569120287,0,0.0,198,0.1777378815080789,165,0.1481149012567325,253,0.2271095152603231,459,0.4120287253141831,15,0.0259965337954939,36061013501,4872,396,0.0812807881773399,4854,397,0.0817882159044087,4854,271,0.0558302430984754,53144,0.053144,20961.914797531237,0.8520416388935017
360610135023,360610135023,Block Group 3; Census Tract 135.02; New York County; New York,Manhattan,3594,2151,2151,1.0,2649,751,0.2835032087580219,471,0.1310517529215359,116,0.0322760155815247,1566,0.4357262103505843,409,0.1138007790762381,599,0.1666666666666666,881,0.2451307735114079,95,0.0441655044165504,36061013502,5873,1196,0.2036437936318746,5873,804,0.1368976672909926,5873,143,0.024348714455985,45766,0.045766,78529.91303587815,0.8263455211439672
360610136023,360610136023,Block Group 3; Census Tract 136.02; New York County; New York,Manhattan,2931,1087,1028,0.9457221711131556,1623,619,0.381392483056069,1051,0.3585806891845786,202,0.0689184578642101,2561,0.8737632207437734,0,0.0,255,0.0870010235414534,71,0.0242238143978164,25,0.0229990800367985,36061013602,6373,83,0.0130236937078299,6373,287,0.0450337360740624,6373,16,0.0025105915581358,18312,0.018312,160058.9777195282,0.8050890345759522
360610136033,360610136033,Block Group 3; Census Tract 136.03; New York County; New York,Manhattan,1527,954,954,1.0,1321,605,0.4579863739591219,101,0.066142763588736,200,0.1309757694826457,1407,0.9214145383104124,0,0.0,47,0.0307793058284217,17,0.0111329404060248,17,0.0178197064989517,36061013603,4442,256,0.0576316974335884,4459,348,0.0780444045750168,4459,0,0.0,17511,0.017511,87202.32996402262,0.7283091094265216
360610136043,360610136043,Block Group 3; Census Tract 136.04; New York County; New York,Manhattan,1451,834,785,0.9412470023980816,883,419,0.4745186862967157,223,0.1536871123363198,223,0.1536871123363198,1208,0.8325292901447278,0,0.0,73,0.0503101309441764,28,0.0192970365265334,0,0.0,36061013604,4030,201,0.0498759305210918,4030,392,0.0972704714640198,4030,66,0.0163771712158808,17537,0.017537,82739.35108627474,0.661679987573835
360610137003,360610137003,Block Group 3; Census Tract 137; New York County; New York,Manhattan,1178,783,673,0.859514687100894,636,273,0.4292452830188679,32,0.0271646859083191,374,0.3174872665534805,774,0.6570458404074703,23,0.0195246179966044,100,0.0848896434634974,180,0.1528013582342954,0,0.0,36061013700,6557,503,0.0767119109348787,6600,540,0.0818181818181818,6600,71,0.0107575757575757,43509,0.043509,27074.858075340733,0.7209060066106703
360610138003,360610138003,Block Group 3; Census Tract 138; New York County; New York,Manhattan,852,545,545,1.0,654,291,0.4449541284403669,53,0.062206572769953,184,0.215962441314554,757,0.8884976525821596,48,0.056338028169014,0,0.0,47,0.0551643192488262,0,0.0,36061013800,11161,609,0.0545650031359197,11161,453,0.0405877609533196,11161,451,0.0404085655407221,17464,0.017464,48786.074209803024,0.8430523670943102
360610139003,360610139003,Block Group 3; Census Tract 139; New York County; New York,Manhattan,2060,1186,1098,0.9258010118043845,1188,338,0.2845117845117845,0,0.0,785,0.3810679611650485,652,0.316504854368932,52,0.0252427184466019,247,0.1199029126213592,892,0.4330097087378641,92,0.0775716694772344,36061013900,9918,396,0.0399274047186932,9952,1678,0.1686093247588424,9952,203,0.0203979099678456,43714,0.043714,47124.49100974516,0.8911521003260655
360610013003,360610013003,Block Group 3; Census Tract 13; New York County; New York,Manhattan,1060,669,640,0.9566517189835576,896,385,0.4296875,56,0.0528301886792452,0,0.0,580,0.5471698113207547,166,0.1566037735849056,314,0.2962264150943396,0,0.0,31,0.046337817638266,36061001300,5062,600,0.1185302252074279,5062,67,0.0132358751481627,5062,536,0.1058870011853022,65249,0.065249,16245.459700531808,0.8538598512710276
360610140003,360610140003,Block Group 3; Census Tract 140; New York County; New York,Manhattan,1221,676,594,0.878698224852071,885,363,0.4101694915254237,142,0.1162981162981163,410,0.3357903357903358,1172,0.9598689598689598,0,0.0,0,0.0,49,0.0401310401310401,0,0.0,36061014000,8030,431,0.0536737235367372,8030,569,0.0708592777085927,8030,160,0.0199252801992528,25881,0.025881,47177.46609481859,0.8619351249942837
360610142003,360610142003,Block Group 3; Census Tract 142; New York County; New York,Manhattan,249,170,152,0.8941176470588236,114,35,0.3070175438596491,0,0.0,56,0.2248995983935743,160,0.642570281124498,0,0.0,0,0.0,89,0.357429718875502,0,0.0,36061014200,3979,260,0.0653430510178436,3979,230,0.0578034682080924,3979,167,0.0419703443076149,26005,0.026005,9575.081715054795,0.900627351560557
360610144013,360610144013,Block Group 3; Census Tract 144.01; New York County; New York,Manhattan,1049,604,560,0.9271523178807948,592,341,0.5760135135135135,158,0.1506196377502383,221,0.2106768350810295,869,0.8284080076263107,0,0.0,0,0.0,114,0.1086749285033365,0,0.0,36061014401,5006,266,0.0531362365161805,5006,336,0.0671194566520175,5006,65,0.0129844186975629,18254,0.018254,57466.85657937986,0.6137849005877163
360610144023,360610144023,Block Group 3; Census Tract 144.02; New York County; New York,Manhattan,1600,958,951,0.9926931106471816,1120,658,0.5875,117,0.073125,205,0.128125,1065,0.665625,258,0.16125,108,0.0675,103,0.064375,23,0.0240083507306889,36061014402,6799,530,0.0779526400941314,6799,606,0.0891307545227239,6799,251,0.0369171937049566,17313,0.017313,92416.10350603591,0.7097171977489466
360610145003,360610145003,Block Group 3; Census Tract 145; New York County; New York,Manhattan,792,491,376,0.7657841140529531,474,231,0.4873417721518987,104,0.1313131313131313,165,0.2083333333333333,387,0.4886363636363636,72,0.0909090909090909,315,0.3977272727272727,18,0.0227272727272727,18,0.0366598778004073,36061014500,6020,369,0.0612956810631229,7297,338,0.0463204056461559,7297,316,0.0433054680005481,38536,0.038536,20552.210919659537,0.8927823858945377
360610146013,360610146013,Block Group 3; Census Tract 146.01; New York County; New York,Manhattan,662,489,489,1.0,550,146,0.2654545454545454,0,0.0,83,0.1253776435045317,481,0.7265861027190332,0,0.0,51,0.0770392749244713,105,0.1586102719033232,0,0.0,36061014601,3922,504,0.1285058643549209,3922,367,0.0935747067822539,3922,58,0.0147883732789393,17426,0.017426,37989.21152301159,0.8419779537063574
360610146023,360610146023,Block Group 3; Census Tract 146.02; New York County; New York,Manhattan,1352,789,693,0.8783269961977186,736,545,0.7404891304347826,114,0.0843195266272189,305,0.2255917159763313,931,0.6886094674556213,0,0.0,286,0.2115384615384615,0,0.0,0,0.0,36061014602,8144,549,0.0674115913555992,8144,1245,0.1528732809430255,8144,199,0.024435166994106,18205,0.018205,74265.31172754738,0.6979560819770767
360610147003,360610147003,Block Group 3; Census Tract 147; New York County; New York,Manhattan,1305,764,670,0.8769633507853403,922,296,0.3210412147505423,152,0.1164750957854406,46,0.0352490421455938,623,0.4773946360153256,95,0.0727969348659003,371,0.2842911877394636,161,0.1233716475095785,9,0.0117801047120418,36061014700,2840,192,0.0676056338028169,2840,250,0.0880281690140845,2840,70,0.0246478873239436,22099,0.022099,59052.44581202769,0.8256314944358605
360610148023,360610148023,Block Group 3; Census Tract 148.02; New York County; New York,Manhattan,1390,584,525,0.898972602739726,623,222,0.3563402889245586,346,0.2489208633093525,346,0.2489208633093525,749,0.5388489208633094,0,0.0,24,0.0172661870503597,617,0.4438848920863309,0,0.0,36061014802,7150,269,0.0376223776223776,7150,478,0.0668531468531468,7150,720,0.1006993006993007,24912,0.024912,55796.40333975594,0.9197809826789468
360610149003,360610149003,Block Group 3; Census Tract 149; New York County; New York,Manhattan,1123,528,499,0.9450757575757576,708,186,0.2627118644067797,218,0.1941228851291184,139,0.1237756010685663,666,0.5930543187889582,16,0.0142475512021371,81,0.0721282279608192,82,0.0730186999109528,31,0.0587121212121212,36061014900,5681,518,0.0911811300827319,6074,467,0.0768850839644385,6074,60,0.0098781692459664,22436,0.022436,50053.48546978071,0.8118224562820067
360610015013,360610015013,Block Group 3; Census Tract 15.01; New York County; New York,Manhattan,689,410,410,1.0,347,167,0.4812680115273775,28,0.0406386066763425,314,0.455732946298984,292,0.4238026124818577,33,0.0478955007256894,364,0.5283018867924528,0,0.0,158,0.3853658536585366,36061001501,6883,644,0.0935638529710881,7667,588,0.0766923177253162,7667,95,0.0123907656188861,112827,0.112827,6106.694319622076,0.7590155227139426
360610015023,360610015023,Block Group 3; Census Tract 15.02; New York County; New York,Manhattan,2077,1252,1216,0.9712460063897764,1728,801,0.4635416666666667,276,0.1328839672604718,24,0.0115551275878671,930,0.4477611940298507,105,0.0505536831969186,871,0.4193548387096774,102,0.0491092922484352,39,0.0311501597444089,36061001502,7414,430,0.0579983814405179,8373,397,0.0474143078944225,8373,321,0.0383375134360444,23330,0.02333,89027.00385769396,0.810793116352357
360610150023,360610150023,Block Group 3; Census Tract 150.02; New York County; New York,Manhattan,1072,513,236,0.4600389863547758,494,179,0.3623481781376518,218,0.2033582089552238,422,0.3936567164179104,1024,0.9552238805970148,0,0.0,48,0.044776119402985,0,0.0,16,0.0311890838206627,36061015002,4904,149,0.0303833605220228,4904,317,0.0646411092985318,4904,40,0.0081566068515497,25569,0.025569,41925.76948648754,0.8718436640564137
360610151013,360610151013,Block Group 3; Census Tract 151.01; New York County; New York,Manhattan,718,333,293,0.8798798798798799,99,61,0.6161616161616161,229,0.318941504178273,285,0.3969359331476323,35,0.0487465181058495,196,0.2729805013927576,136,0.1894150417827298,351,0.4888579387186629,0,0.0,36061015101,3415,1634,0.4784773060029282,3476,487,0.1401035673187572,3476,16,0.004602991944764,44552,0.044552,16115.999281738194,0.7892541952095559
360610151023,360610151023,Block Group 3; Census Tract 151.02; New York County; New York,Manhattan,3322,1440,1303,0.9048611111111112,1539,414,0.2690058479532163,999,0.3007224563515954,63,0.0189644792293798,1137,0.3422636965683323,405,0.1219145093317278,622,0.1872366044551475,1132,0.3407585791691752,0,0.0,36061015102,9611,1849,0.1923837269795026,9611,867,0.0902091353657267,9611,779,0.0810529601498283,113796,0.113796,29192.5902492179,0.7771107500329539
360610152003,360610152003,Block Group 3; Census Tract 152; New York County; New York,Manhattan,939,541,520,0.9611829944547134,687,313,0.4556040756914119,47,0.0500532481363152,215,0.2289669861554845,704,0.7497337593184239,98,0.1043663471778487,102,0.108626198083067,35,0.0372736954206602,0,0.0,36061015200,7667,1604,0.209208295291509,7667,1367,0.1782965958001826,7667,241,0.0314334159384374,16926,0.016926,55476.78128323289,0.9407448343328716
360610153013,360610153013,Block Group 3; Census Tract 153.01; New York County; New York,Manhattan,1678,922,798,0.8655097613882863,768,174,0.2265625,227,0.135280095351609,495,0.2949940405244338,1123,0.6692491060786651,4,0.00238379022646,402,0.2395709177592372,79,0.0470798569725864,0,0.0,36061015301,4799,188,0.0391748280891852,4799,334,0.0695978328818503,4799,310,0.0645967909981246,43235,0.043235,38811.14837515901,0.8180711506551915
360610153023,360610153023,Block Group 3; Census Tract 153.02; New York County; New York,Manhattan,945,501,501,1.0,564,255,0.4521276595744681,186,0.1968253968253968,176,0.1862433862433862,753,0.7968253968253968,0,0.0,110,0.1164021164021164,20,0.0211640211640211,0,0.0,36061015302,5448,335,0.0614904552129221,5448,435,0.0798458149779735,5448,167,0.0306534508076358,12003,0.012003,78730.31742064485,0.7853924103746381
360610154013,360610154013,Block Group 3; Census Tract 154.01; New York County; New York,Manhattan,1203,801,766,0.9563046192259675,890,290,0.3258426966292135,121,0.1005818786367414,274,0.227763923524522,1147,0.9534497090606816,0,0.0,38,0.0315876974231088,18,0.0149625935162094,0,0.0,36061015401,4594,155,0.0337396604266434,4563,629,0.1378479070786763,4563,445,0.0975235590620206,17208,0.017208,69909.34449093444,0.7511746908490909
360610154023,360610154023,Block Group 3; Census Tract 154.02; New York County; New York,Manhattan,2451,946,638,0.6744186046511628,1075,546,0.5079069767441861,200,0.0815993472052223,577,0.2354141166870665,1079,0.4402284781721746,775,0.3161974704202366,211,0.0860873113015096,218,0.0889432884536923,0,0.0,36061015402,3724,274,0.0735767991407089,3724,243,0.0652524167561761,3724,80,0.0214822771213748,18217,0.018217,134544.65609046494,0.943362400883918
360610154033,360610154033,Block Group 3; Census Tract 154.03; New York County; New York,Manhattan,701,394,311,0.7893401015228426,451,252,0.5587583148558758,12,0.0171184022824536,209,0.2981455064194008,401,0.572039942938659,55,0.0784593437945791,134,0.1911554921540656,97,0.1383737517831669,0,0.0,36061015403,5055,555,0.1097922848664688,5055,556,0.1099901088031651,5055,138,0.0272997032640949,17258,0.017258,40618.843434928734,0.8123030393097983
360610155023,360610155023,Block Group 3; Census Tract 155.02; New York County; New York,Manhattan,1320,661,239,0.3615733736762481,657,105,0.1598173515981735,157,0.1189393939393939,589,0.4462121212121212,1125,0.8522727272727273,24,0.0181818181818181,97,0.0734848484848484,49,0.0371212121212121,0,0.0,36061015502,5500,697,0.1267272727272727,5500,590,0.1072727272727272,5500,73,0.0132727272727272,7185,0.007185,183716.0751565762,0.703168586996735
360610156013,360610156013,Block Group 3; Census Tract 156.01; New York County; New York,Manhattan,941,529,425,0.8034026465028355,635,405,0.6377952755905512,170,0.1806588735387885,112,0.1190223166843783,652,0.6928799149840595,16,0.0170031880977683,86,0.0913921360255047,143,0.1519659936238044,35,0.0661625708884688,36061015601,5120,621,0.1212890625,5120,514,0.100390625,5120,460,0.08984375,20561,0.020561,45766.2565050338,0.8687537474637954
360610157003,360610157003,Block Group 3; Census Tract 157; New York County; New York,Manhattan,1223,933,792,0.8488745980707395,526,186,0.3536121673003802,126,0.1030253475061324,38,0.0310711365494685,1127,0.9215044971381848,0,0.0,35,0.0286181520850367,0,0.0,35,0.037513397642015,36061015700,10219,450,0.0440356199236715,10669,966,0.0905426937857343,10669,388,0.0363670447089699,23680,0.02368,51646.95945945946,0.7070443334998678
360610158013,360610158013,Block Group 3; Census Tract 158.01; New York County; New York,Manhattan,1020,548,373,0.6806569343065694,667,257,0.3853073463268366,108,0.1058823529411764,280,0.2745098039215686,844,0.8274509803921568,0,0.0,17,0.0166666666666666,62,0.0607843137254901,0,0.0,36061015801,4968,295,0.0593800322061191,5188,374,0.0720894371626831,5188,57,0.0109868928296067,37351,0.037351,27308.505796364218,0.7684624704780478
360610158023,360610158023,Block Group 3; Census Tract 158.02; New York County; New York,Manhattan,1466,1104,1104,1.0,837,500,0.5973715651135006,65,0.0443383356070941,340,0.2319236016371077,1000,0.6821282401091405,55,0.0375170532060027,216,0.1473396998635743,91,0.0620736698499317,24,0.0217391304347826,36061015802,3444,297,0.0862369337979094,4212,226,0.0536562203228869,4212,123,0.0292022792022792,13326,0.013326,110010.505778178,0.746057685549077
360610159003,360610159003,Block Group 3; Census Tract 159; New York County; New York,Manhattan,1476,787,561,0.7128335451080051,608,165,0.2713815789473684,265,0.1795392953929539,288,0.1951219512195122,904,0.6124661246612466,0,0.0,462,0.3130081300813008,36,0.024390243902439,64,0.0813214739517153,36061015900,9194,481,0.0523167283010659,9194,760,0.0826626060474222,9194,236,0.0256689145094626,36573,0.036573,40357.640882618325,0.6909986455774197
360610160013,360610160013,Block Group 3; Census Tract 160.01; New York County; New York,Manhattan,400,190,73,0.3842105263157894,150,30,0.2,44,0.11,229,0.5725,340,0.85,0,0.0,28,0.07,0,0.0,0,0.0,36061016001,3118,86,0.0275817831943553,3118,274,0.0878768441308531,3118,58,0.018601667735728,37028,0.037028,10802.635843145728,0.8621566591237599
360610161003,360610161003,Block Group 3; Census Tract 161; New York County; New York,Manhattan,1056,692,629,0.9089595375722545,760,264,0.3473684210526316,84,0.0795454545454545,133,0.1259469696969697,837,0.7926136363636364,0,0.0,16,0.0151515151515151,101,0.0956439393939393,0,0.0,36061016100,5756,342,0.0594162612925642,5756,441,0.0766157053509381,5756,12,0.0020847810979847,22093,0.022093,47797.94505046847,0.7095992326194411
360610162003,360610162003,Block Group 3; Census Tract 162; New York County; New York,Manhattan,2089,511,511,1.0,175,46,0.2628571428571428,856,0.4097654380086166,93,0.0445189085686931,0,0.0,1376,0.6586883676400191,103,0.0493058879846816,490,0.234561991383437,96,0.1878669275929549,36061016200,9320,4456,0.4781115879828326,9320,1824,0.1957081545064377,9320,156,0.0167381974248927,39362,0.039362,53071.49026980336,0.7594036028360428
360610163003,360610163003,Block Group 3; Census Tract 163; New York County; New York,Manhattan,781,351,351,1.0,427,244,0.5714285714285714,141,0.1805377720870678,131,0.1677336747759283,533,0.6824583866837388,118,0.1510883482714468,62,0.0793854033290653,48,0.0614596670934699,0,0.0,36061016300,7191,399,0.0554860241969128,7213,476,0.0659919589629835,7213,90,0.0124774712324968,20774,0.020774,37595.070761528834,0.6721478359463484
360610164003,360610164003,Block Group 3; Census Tract 164; New York County; New York,Manhattan,1856,779,779,1.0,310,76,0.2451612903225806,739,0.3981681034482758,221,0.1190732758620689,83,0.0447198275862069,841,0.453125,217,0.1169181034482758,715,0.3852370689655172,19,0.024390243902439,36061016400,8285,3079,0.3716354858177429,8310,2098,0.2524669073405535,8310,320,0.0385078219013237,51420,0.05142,36094.90470633995,0.8247856045553182
360610165003,360610165003,Block Group 3; Census Tract 165; New York County; New York,Manhattan,1313,627,582,0.9282296650717704,635,294,0.462992125984252,284,0.2162985529322163,485,0.3693830921553694,1032,0.785986290936786,13,0.0099009900990099,108,0.0822543792840822,117,0.0891089108910891,0,0.0,36061016500,7098,689,0.097069597069597,7098,842,0.1186249647788109,7098,32,0.0045083122006198,23823,0.023823,55114.80502035848,0.6672596650173512
360610166003,360610166003,Block Group 3; Census Tract 166; New York County; New York,Manhattan,1625,683,674,0.986822840409956,795,485,0.610062893081761,199,0.1224615384615384,119,0.0732307692307692,805,0.4953846153846153,227,0.1396923076923077,93,0.0572307692307692,443,0.2726153846153846,19,0.027818448023426,36061016600,6760,2458,0.3636094674556213,6888,1381,0.2004936120789779,6888,392,0.056910569105691,24705,0.024705,65776.15867233353,0.7679167790913022
360610167003,360610167003,Block Group 3; Census Tract 167; New York County; New York,Manhattan,1690,765,538,0.7032679738562092,902,331,0.3669623059866962,294,0.1739644970414201,701,0.414792899408284,1376,0.8142011834319527,1,0.0005917159763313,45,0.0266272189349112,202,0.1195266272189349,0,0.0,36061016700,7859,452,0.0575136785850617,7884,673,0.0853627600202942,7884,236,0.0299340436326737,38496,0.038496,43900.665004156275,0.6851445414686155
360610168003,360610168003,Block Group 3; Census Tract 168; New York County; New York,Manhattan,790,233,233,1.0,186,121,0.6505376344086021,0,0.0,413,0.5227848101265823,277,0.350632911392405,256,0.3240506329113924,40,0.050632911392405,208,0.2632911392405063,45,0.1931330472103004,36061016800,4377,1503,0.343385880740233,4377,1000,0.2284669865204478,4377,132,0.0301576422206991,50334,0.050334,15695.15635554496,0.8528161013211415
360610169003,360610169003,Block Group 3; Census Tract 169; New York County; New York,Manhattan,1684,1108,1082,0.9765342960288808,1212,714,0.5891089108910891,227,0.1347980997624703,322,0.1912114014251781,1415,0.8402612826603325,118,0.0700712589073634,126,0.0748218527315914,0,0.0,0,0.0,36061016900,8042,515,0.0640387963193235,8056,537,0.0666583912611718,8056,153,0.0189920556107249,45874,0.045874,36709.24706805598,0.7826783894496818
360610016003,360610016003,Block Group 3; Census Tract 16; New York County; New York,Manhattan,2074,1127,1061,0.9414374445430346,606,177,0.292079207920792,299,0.144165863066538,874,0.4214079074252652,218,0.1051108968177435,42,0.0202507232401157,1798,0.866923818707811,16,0.0077145612343297,914,0.8110026619343389,36061001600,7205,1244,0.1726578764746703,7221,846,0.1171582883257166,7221,335,0.0463924664173937,36846,0.036846,56288.3352331325,0.7769894812591055
360610170003,360610170003,Block Group 3; Census Tract 170; New York County; New York,Manhattan,1690,617,564,0.9141004862236628,485,150,0.3092783505154639,547,0.3236686390532544,207,0.1224852071005917,299,0.1769230769230769,237,0.1402366863905325,140,0.0828402366863905,1014,0.6,120,0.1944894651539708,36061017000,8766,2696,0.3075519050878393,8791,1176,0.1337731771129564,8791,830,0.0944147423501308,38068,0.038068,44394.241882946306,0.7898223466341988
360610171003,360610171003,Block Group 3; Census Tract 171; New York County; New York,Manhattan,1238,555,477,0.8594594594594595,656,211,0.3216463414634146,161,0.1300484652665589,258,0.2084006462035541,1106,0.8933764135702746,81,0.0654281098546042,25,0.0201938610662358,7,0.005654281098546,0,0.0,36061017100,8295,1417,0.1708257986738999,8419,809,0.0960921724670388,8419,47,0.005582610761373,30347,0.030347,40794.8067354269,0.6806084509169601
360610172003,360610172003,Block Group 3; Census Tract 172; New York County; New York,Manhattan,867,425,425,1.0,375,169,0.4506666666666666,240,0.2768166089965398,103,0.1188004613610149,1,0.0011534025374855,281,0.3241061130334486,0,0.0,448,0.5167243367935409,0,0.0,36061017200,5624,1439,0.2558677098150782,5630,931,0.1653641207815275,5630,516,0.0916518650088809,39264,0.039264,22081.295843520784,0.9103944323142324
360610173003,360610173003,Block Group 3; Census Tract 173; New York County; New York,Manhattan,1614,1050,1008,0.96,768,530,0.6901041666666666,233,0.144361833952912,270,0.1672862453531598,867,0.5371747211895911,116,0.0718711276332094,232,0.1437422552664188,277,0.1716232961586121,119,0.1133333333333333,36061017300,9343,557,0.0596168254308038,9343,1055,0.1129187627100503,9343,120,0.0128438403082521,43799,0.043799,36850.15639626475,0.6556238279416778
360610174013,360610174013,Block Group 3; Census Tract 174.01; New York County; New York,Manhattan,2204,867,744,0.8581314878892734,1246,711,0.5706260032102729,444,0.2014519056261343,302,0.1370235934664246,524,0.2377495462794918,475,0.2155172413793103,329,0.1492740471869328,876,0.397459165154265,90,0.1038062283737024,36061017401,5275,1406,0.2665402843601895,5275,1674,0.317345971563981,5275,235,0.0445497630331753,24939,0.024939,88375.63655318979,0.8624863966504618
360610175003,360610175003,Block Group 3; Census Tract 175; New York County; New York,Manhattan,1581,797,695,0.8720200752823086,642,394,0.6137071651090342,152,0.0961416824794434,655,0.4142947501581278,1295,0.8191018342820999,132,0.0834914611005692,61,0.038583175205566,59,0.0373181530676786,0,0.0,36061017500,9742,321,0.0329501129131595,9760,1141,0.116905737704918,9760,229,0.0234631147540983,20734,0.020734,76251.56747371468,0.6771664674333724
360610177003,360610177003,Block Group 3; Census Tract 177; New York County; New York,Manhattan,1063,649,559,0.8613251155624037,495,316,0.6383838383838384,94,0.0884289746001881,318,0.2991533396048918,749,0.7046095954844779,190,0.1787394167450611,19,0.0178739416745061,52,0.0489181561618062,26,0.0400616332819722,36061017700,10030,1319,0.1315054835493519,10030,983,0.0980059820538384,10030,0,0.0,26950,0.02695,39443.41372912801,0.7024713519485855
360610178003,360610178003,Block Group 3; Census Tract 178; New York County; New York,Manhattan,877,556,556,1.0,450,328,0.7288888888888889,68,0.0775370581527936,108,0.1231470923603192,301,0.3432155074116305,149,0.169897377423033,134,0.1527936145952109,293,0.3340935005701254,83,0.1492805755395683,36061017800,3786,1131,0.2987321711568938,3786,364,0.0961436872688853,3786,655,0.1730058108821975,176609,0.176609,4965.7718462819,0.706780335680929
360610179003,360610179003,Block Group 3; Census Tract 179; New York County; New York,Manhattan,1084,493,288,0.5841784989858012,638,119,0.1865203761755486,181,0.1669741697416974,120,0.1107011070110701,978,0.9022140221402214,0,0.0,56,0.051660516605166,0,0.0,0,0.0,36061017900,9842,873,0.0887014834383255,9875,711,0.072,9875,877,0.0888101265822784,24248,0.024248,44704.71791487958,0.69330504970935
360610180003,360610180003,Block Group 3; Census Tract 180; New York County; New York,Manhattan,560,174,174,1.0,189,73,0.3862433862433862,198,0.3535714285714286,46,0.0821428571428571,48,0.0857142857142857,349,0.6232142857142857,0,0.0,159,0.2839285714285714,22,0.1264367816091954,36061018000,6980,2358,0.3378223495702006,6980,1256,0.1799426934097421,6980,560,0.0802292263610315,35097,0.035097,15955.779696270334,0.7717244871113429
360610181003,360610181003,Block Group 3; Census Tract 181; New York County; New York,Manhattan,1361,713,713,1.0,448,182,0.40625,199,0.1462160176340926,462,0.3394562821454812,937,0.6884643644379133,156,0.1146216017634092,0,0.0,129,0.0947832476120499,36,0.0504908835904628,36061018100,8408,698,0.0830161750713606,8408,1053,0.1252378686964795,8408,174,0.0206945765937202,24173,0.024173,56302.48624498407,0.9296218142311417
360610182003,360610182003,Block Group 3; Census Tract 182; New York County; New York,Manhattan,1492,576,493,0.8559027777777778,783,451,0.5759897828863346,279,0.1869973190348525,81,0.0542895442359249,589,0.3947721179624665,158,0.1058981233243967,135,0.0904825737265415,558,0.3739946380697051,21,0.0364583333333333,36061018200,7098,2791,0.3932093547478162,7266,1765,0.2429121937792458,7266,440,0.0605560143132397,51445,0.051445,29001.846632325785,0.720930338865284
360610183003,360610183003,Block Group 3; Census Tract 183; New York County; New York,Manhattan,1523,681,598,0.8781204111600588,885,739,0.8350282485875706,114,0.0748522652659225,322,0.211424819435325,983,0.6454366382140512,303,0.1989494418910046,1,0.0006565988181221,151,0.0991464215364412,22,0.0323054331864904,36061018300,8440,1463,0.1733412322274881,8440,991,0.1174170616113744,8440,268,0.0317535545023696,16374,0.016374,93013.31379015512,0.7946936499067105
360610184003,360610184003,Block Group 3; Census Tract 184; New York County; New York,Manhattan,2184,910,910,1.0,791,743,0.9393173198482933,678,0.3104395604395604,218,0.0998168498168498,0,0.0,1376,0.63003663003663,51,0.0233516483516483,748,0.3424908424908425,118,0.1296703296703296,36061018400,8225,2108,0.2562917933130699,8225,1316,0.16,8225,296,0.0359878419452887,36210,0.03621,60314.83015741508,0.6693006031221759
360610185003,360610185003,Block Group 3; Census Tract 185; New York County; New York,Manhattan,1785,1020,843,0.8264705882352941,979,503,0.5137895812053116,199,0.111484593837535,629,0.3523809523809524,1218,0.6823529411764706,0,0.0,297,0.1663865546218487,184,0.1030812324929972,23,0.0225490196078431,36061018500,5059,243,0.0480332081439019,5060,646,0.1276679841897233,5060,191,0.0377470355731225,18608,0.018608,95926.48323301808,0.8465624198914968
360610186003,360610186003,Block Group 3; Census Tract 186; New York County; New York,Manhattan,1839,725,725,1.0,756,561,0.7420634920634921,465,0.2528548123980424,261,0.1419249592169657,0,0.0,919,0.4997281131049483,0,0.0,920,0.5002718868950516,70,0.096551724137931,36061018600,6091,1794,0.294532917419143,6104,785,0.1286041939711664,6104,389,0.0637287024901703,33564,0.033564,54790.8473364319,0.7458535928324939
360610187003,360610187003,Block Group 3; Census Tract 187; New York County; New York,Manhattan,1014,362,362,1.0,543,236,0.434622467771639,125,0.1232741617357002,74,0.0729783037475345,546,0.5384615384615384,73,0.0719921104536489,45,0.044378698224852,130,0.1282051282051282,86,0.2375690607734806,36061018700,9862,952,0.0965321435814236,9907,860,0.0868073079640658,9907,205,0.0206924396891087,21914,0.021914,46271.789723464455,0.9090957772927364
360610188003,360610188003,Block Group 3; Census Tract 188; New York County; New York,Manhattan,1376,725,725,1.0,769,358,0.4655396618985695,63,0.0457848837209302,59,0.0428779069767441,69,0.0501453488372093,538,0.3909883720930232,36,0.0261627906976744,733,0.532703488372093,44,0.0606896551724137,36061018800,4676,1428,0.3053892215568862,4676,856,0.1830624465355004,4676,886,0.1894781864841745,37711,0.037711,36488.02736602052,0.8911221994265475
360610189003,360610189003,Block Group 3; Census Tract 189; New York County; New York,Manhattan,1567,696,696,1.0,295,241,0.8169491525423729,316,0.2016592214422463,176,0.1123165283982131,0,0.0,634,0.4045947670708359,0,0.0,933,0.595405232929164,149,0.2140804597701149,36061018900,9819,3133,0.3190752622466646,9747,1644,0.1686672822406894,9747,171,0.0175438596491228,42796,0.042796,36615.571548742875,0.6875504038941165
360610018003,360610018003,Block Group 3; Census Tract 18; New York County; New York,Manhattan,1143,500,484,0.968,777,249,0.3204633204633205,32,0.0279965004374453,71,0.0621172353455818,447,0.3910761154855643,37,0.0323709536307961,375,0.3280839895013123,271,0.237095363079615,18,0.036,36061001800,6386,1327,0.2077983088005011,6646,747,0.1123984351489617,6646,802,0.1206740896780018,40671,0.040671,28103.56273511839,0.8402317728670177
360610191003,360610191003,Block Group 3; Census Tract 191; New York County; New York,Manhattan,1066,501,397,0.7924151696606786,522,248,0.475095785440613,69,0.0647279549718574,455,0.4268292682926829,642,0.6022514071294559,138,0.1294559099437148,102,0.0956848030018761,74,0.0694183864915572,1,0.0019960079840319,36061019100,7906,742,0.0938527700480647,8008,1122,0.1401098901098901,8008,351,0.0438311688311688,16322,0.016322,65310.62369807622,0.8639210048735272
360610192003,360610192003,Block Group 3; Census Tract 192; New York County; New York,Manhattan,1628,660,660,1.0,460,285,0.6195652173913043,441,0.2708845208845208,334,0.2051597051597051,42,0.0257985257985257,550,0.3378378378378378,32,0.0196560196560196,903,0.5546683046683046,134,0.203030303030303,36061019200,3867,1814,0.4690974915955521,3868,899,0.2324198552223371,3868,357,0.09229576008273,33663,0.033663,48361.7027597065,0.7414807106675139
360610193003,360610193003,Block Group 3; Census Tract 193; New York County; New York,Manhattan,1518,651,516,0.7926267281105991,1171,691,0.5900939368061486,0,0.0,111,0.0731225296442687,466,0.3069828722002635,29,0.0191040843214756,203,0.1337285902503293,767,0.505270092226614,37,0.0568356374807987,36061019300,9098,1909,0.2098263354583425,9172,1605,0.1749890972525076,9172,639,0.069668556476232,22231,0.022231,68283.02820385947,0.8802513361931854
360610194003,360610194003,Block Group 3; Census Tract 194; New York County; New York,Manhattan,1424,790,790,1.0,679,305,0.4491899852724595,233,0.1636235955056179,223,0.1566011235955056,128,0.0898876404494382,550,0.3862359550561798,79,0.0554775280898876,658,0.4620786516853932,217,0.2746835443037975,36061019400,5879,1567,0.2665419288994727,5879,1177,0.2002041163463174,5879,285,0.0484776322503827,35326,0.035326,40310.25307139217,0.7783375485760726
360610195003,360610195003,Block Group 3; Census Tract 195; New York County; New York,Manhattan,3186,1272,1057,0.8309748427672956,1551,790,0.5093488072211476,527,0.1654111738857501,648,0.2033898305084746,1796,0.5637162586315129,412,0.1293157564344005,215,0.0674827369742624,729,0.2288135593220339,114,0.0896226415094339,36061019500,7235,1177,0.162681409813407,7632,741,0.0970911949685534,7632,342,0.0448113207547169,42785,0.042785,74465.35000584318,0.857079620503085
360610196003,360610196003,Block Group 3; Census Tract 196; New York County; New York,Manhattan,589,160,160,1.0,64,64,1.0,27,0.0458404074702886,303,0.5144312393887945,154,0.2614601018675722,213,0.3616298811544992,34,0.0577249575551782,182,0.3089983022071307,20,0.125,36061019600,3900,1235,0.3166666666666666,3900,774,0.1984615384615384,3900,191,0.0489743589743589,90244,0.090244,6526.749700811134,0.897917005932056
360610199003,360610199003,Block Group 3; Census Tract 199; New York County; New York,Manhattan,1371,131,131,1.0,685,287,0.418978102189781,5,0.0036469730123997,0,0.0,655,0.4777534646243618,61,0.0444930707512764,488,0.3559445660102115,160,0.1167031363967906,0,0.0,36061019900,6060,1194,0.197029702970297,8527,824,0.0966342207106837,8527,283,0.0331886947343731,21798,0.021798,62895.678502614915,0.8016362638174719
360610002023,360610002023,Block Group 3; Census Tract 2.02; New York County; New York,Manhattan,879,439,439,1.0,299,229,0.7658862876254181,40,0.0455062571103526,218,0.248009101251422,67,0.0762229806598407,25,0.0284414106939704,350,0.3981797497155859,437,0.4971558589306029,127,0.2892938496583143,36061000202,6601,1892,0.2866232389031964,6752,1431,0.2119372037914692,6752,243,0.0359893364928909,27252,0.027252,32254.51343020696,0.7282709852108942
360610201023,360610201023,Block Group 3; Census Tract 201.02; New York County; New York,Manhattan,928,311,262,0.842443729903537,477,218,0.4570230607966457,201,0.2165948275862069,27,0.0290948275862068,122,0.1314655172413793,555,0.5980603448275862,0,0.0,156,0.168103448275862,0,0.0,36061020102,4148,650,0.156702025072324,4148,456,0.1099324975891996,4148,319,0.0769045323047251,14734,0.014734,62983.575403827876,0.8476835688053939
360610205003,360610205003,Block Group 3; Census Tract 205; New York County; New York,Manhattan,972,433,349,0.8060046189376443,387,142,0.3669250645994832,179,0.184156378600823,253,0.2602880658436214,749,0.7705761316872428,24,0.0246913580246913,10,0.0102880658436214,157,0.1615226337448559,0,0.0,36061020500,2761,260,0.0941687794277435,5532,265,0.0479031091829356,5532,151,0.0272957339117859,16409,0.016409,59235.785239807425,0.8514841231819957
360610208003,360610208003,Block Group 3; Census Tract 208; New York County; New York,Manhattan,1620,812,695,0.8559113300492611,980,498,0.5081632653061224,182,0.1123456790123456,96,0.0592592592592592,486,0.3,557,0.3438271604938271,210,0.1296296296296296,148,0.091358024691358,64,0.0788177339901477,36061020800,5378,1263,0.2348456675343994,5391,365,0.0677054349842329,5391,243,0.0450751252086811,49195,0.049195,32930.17583087712,0.7604041540423319
360610020003,360610020003,Block Group 3; Census Tract 20; New York County; New York,Manhattan,760,293,293,1.0,149,68,0.4563758389261745,123,0.1618421052631579,148,0.1947368421052631,0,0.0,82,0.1078947368421052,171,0.225,507,0.6671052631578948,79,0.2696245733788396,36061002000,5048,1790,0.3545958795562599,5048,1240,0.2456418383518225,5048,83,0.0164421553090332,26950,0.02695,28200.371057513912,0.7049688235641896
360610210003,360610210003,Block Group 3; Census Tract 210; New York County; New York,Manhattan,712,420,420,1.0,279,214,0.7670250896057348,18,0.0252808988764044,277,0.3890449438202247,0,0.0,406,0.5702247191011236,0,0.0,306,0.4297752808988764,92,0.219047619047619,36061021000,6518,2392,0.3669837373427432,6552,1255,0.1915445665445665,6552,424,0.0647130647130647,37276,0.037276,19100.761884322354,0.8454664326311794
360610211003,360610211003,Block Group 3; Census Tract 211; New York County; New York,Manhattan,1760,627,598,0.9537480063795852,773,355,0.4592496765847348,69,0.0392045454545454,114,0.0647727272727272,536,0.3045454545454545,201,0.1142045454545454,396,0.225,396,0.225,0,0.0,36061021100,8749,2596,0.2967196251000114,9846,1796,0.1824091001421897,9846,404,0.0410318911232988,40279,0.040279,43695.22580004469,0.7750079579368269
360610212003,360610212003,Block Group 3; Census Tract 212; New York County; New York,Manhattan,826,533,446,0.8367729831144465,444,142,0.3198198198198198,78,0.0944309927360774,199,0.2409200968523002,144,0.1743341404358353,640,0.774818401937046,0,0.0,0,0.0,0,0.0,36061021200,5010,1037,0.2069860279441117,5036,455,0.0903494837172359,5036,239,0.0474583002382843,23557,0.023557,35063.887591798615,0.9509407631404548
360610213033,360610213033,Block Group 3; Census Tract 213.03; New York County; New York,Manhattan,2328,1033,929,0.8993223620522749,1229,639,0.5199349064279902,284,0.1219931271477663,427,0.1834192439862542,439,0.188573883161512,1216,0.5223367697594502,121,0.0519759450171821,448,0.1924398625429553,47,0.0454985479186834,36061021303,5795,1228,0.21190681622088,5804,800,0.1378359751895244,5804,353,0.0608201240523776,26553,0.026553,87673.70918540278,0.6880095834584818
360610216003,360610216003,Block Group 3; Census Tract 216; New York County; New York,Manhattan,675,340,323,0.95,469,193,0.4115138592750533,18,0.0266666666666666,51,0.0755555555555555,208,0.3081481481481481,221,0.3274074074074074,55,0.0814814814814814,44,0.0651851851851851,0,0.0,36061021600,8905,1397,0.1568781583380123,8912,732,0.0821364452423698,8912,690,0.077423698384201,22010,0.02201,30667.87823716493,0.7675756405510918
360610218003,360610218003,Block Group 3; Census Tract 218; New York County; New York,Manhattan,1654,639,614,0.9608763693270737,920,545,0.592391304347826,268,0.1620314389359129,55,0.0332527206771463,1016,0.6142684401451027,252,0.1523579201934704,205,0.1239419588875453,62,0.0374848851269649,0,0.0,36061021800,6127,849,0.1385669985310919,6128,864,0.1409921671018277,6128,337,0.0549934725848563,45475,0.045475,36371.632765255636,0.7574970476921961
360610219003,360610219003,Block Group 3; Census Tract 219; New York County; New York,Manhattan,2226,1120,1120,1.0,435,417,0.9586206896551724,502,0.2255166217430368,383,0.1720575022461815,44,0.0197663971248876,719,0.3230008984725966,26,0.0116801437556154,1342,0.6028751123090745,258,0.2303571428571428,36061021900,5277,2042,0.386962289179458,5358,826,0.1541620007465472,5358,274,0.0511384845091452,49667,0.049667,44818.4911510661,0.7435037531762563
360610021003,360610021003,Block Group 3; Census Tract 21; New York County; New York,Manhattan,2005,972,868,0.8930041152263375,1102,398,0.3611615245009074,540,0.2693266832917705,85,0.0423940149625935,1556,0.7760598503740649,0,0.0,237,0.1182044887780548,0,0.0,15,0.015432098765432,36061002100,7441,69,0.0092729471845182,7441,318,0.0427361913721274,7441,85,0.0114231958070151,82411,0.082411,24329.276431544335,0.8769761203847111
360610022013,360610022013,Block Group 3; Census Tract 22.01; New York County; New York,Manhattan,819,459,459,1.0,236,134,0.5677966101694916,54,0.0659340659340659,247,0.3015873015873015,33,0.0402930402930402,205,0.2503052503052503,102,0.1245421245421245,479,0.5848595848595849,118,0.2570806100217865,36061002201,6780,1971,0.2907079646017699,6780,1387,0.2045722713864306,6780,463,0.0682890855457227,39102,0.039102,20945.220193340498,0.6845588599122933
360610220003,360610220003,Block Group 3; Census Tract 220; New York County; New York,Manhattan,256,160,69,0.43125,147,0,0.0,0,0.0,186,0.7265625,70,0.2734375,144,0.5625,0,0.0,42,0.1640625,42,0.2625,36061022000,6017,1513,0.2514542130629882,6087,501,0.0823065549531789,6087,336,0.055199605717102,14990,0.01499,17078.052034689794,0.7565362503006974
360610223013,360610223013,Block Group 3; Census Tract 223.01; New York County; New York,Manhattan,2115,886,781,0.881489841986456,1013,754,0.7443237907206318,228,0.1078014184397163,561,0.2652482269503546,755,0.3569739952718676,502,0.2373522458628841,171,0.0808510638297872,586,0.2770685579196217,210,0.237020316027088,36061022301,7226,2307,0.3192637697204539,7226,1169,0.1617769166897315,7226,485,0.0671187378909493,78647,0.078647,26892.316299413837,0.485323192271284
360610224003,360610224003,Block Group 3; Census Tract 224; New York County; New York,Manhattan,1481,650,650,1.0,257,257,1.0,280,0.1890614449696151,341,0.2302498311951384,44,0.0297096556380823,550,0.3713706954760297,0,0.0,887,0.5989196488858879,83,0.1276923076923077,36061022400,6591,2756,0.4181459566074951,6641,1362,0.205089594940521,6641,349,0.0525523264568589,42890,0.04289,34530.193518302636,0.8260161058155906
360610225003,360610225003,Block Group 3; Census Tract 225; New York County; New York,Manhattan,1977,587,537,0.9148211243611584,1125,700,0.6222222222222222,173,0.0875063227111785,292,0.1476985331310066,476,0.2407688416793121,577,0.2918563480020232,24,0.0121396054628224,883,0.4466363176530096,114,0.1942078364565587,36061022500,11262,2790,0.2477357485348961,11309,1853,0.1638517994517641,11309,653,0.0577416217172163,44642,0.044642,44285.65028448546,0.6203944051234578
360610226003,360610226003,Block Group 3; Census Tract 226; New York County; New York,Manhattan,2549,865,731,0.8450867052023121,1124,454,0.4039145907473309,682,0.2675559042761867,302,0.1184778344448803,494,0.1938014907806983,879,0.3448411141624166,141,0.0553158101216163,1015,0.398195370733621,103,0.1190751445086705,36061022600,5633,937,0.166341203621516,5667,679,0.119816481383448,5667,326,0.0575260278807129,65713,0.065713,38789.88936740067,0.6976755086870465
360610227003,360610227003,Block Group 3; Census Tract 227; New York County; New York,Manhattan,2658,1251,1216,0.9720223820943246,1082,668,0.6173752310536045,349,0.1313017306245297,615,0.2313769751693002,425,0.1598946576373213,1041,0.391647855530474,165,0.0620767494356659,508,0.1911211437170805,67,0.0535571542765787,36061022700,5856,1190,0.2032103825136612,5856,928,0.1584699453551912,5856,412,0.0703551912568306,43012,0.043012,61796.70789547103,0.6954472380200151
360610228003,360610228003,Block Group 3; Census Tract 228; New York County; New York,Manhattan,1136,752,654,0.8696808510638298,490,96,0.1959183673469387,266,0.2341549295774647,180,0.1584507042253521,224,0.1971830985915492,496,0.4366197183098591,0,0.0,376,0.3309859154929577,120,0.1595744680851064,36061022800,5663,1384,0.2443934310436164,5713,1020,0.1785401715385962,5713,169,0.0295816558725713,46811,0.046811,24267.800303347503,0.859334390790827
360610229003,360610229003,Block Group 3; Census Tract 229; New York County; New York,Manhattan,1383,670,670,1.0,476,255,0.5357142857142857,319,0.2306579898770788,117,0.0845986984815618,227,0.1641359363702096,155,0.1120751988430947,35,0.0253073029645697,966,0.6984815618221258,27,0.0402985074626865,36061022900,7702,2360,0.3064139184627369,7702,1044,0.1355492079979226,7702,480,0.0623214749415736,46826,0.046826,29534.87378806646,0.6328906501712042
360610230003,360610230003,Block Group 3; Census Tract 230; New York County; New York,Manhattan,1389,555,555,1.0,556,275,0.4946043165467625,341,0.2455003599712023,377,0.271418286537077,89,0.0640748740100791,862,0.6205903527717782,0,0.0,389,0.2800575953923686,96,0.1729729729729729,36061023000,8764,4277,0.4880191693290734,8773,2185,0.2490596147270033,8773,401,0.0457084235723241,43429,0.043429,31983.23700752953,0.8733574418273511
360610232003,360610232003,Block Group 3; Census Tract 232; New York County; New York,Manhattan,2722,1056,1056,1.0,913,764,0.836801752464403,454,0.1667891256429096,253,0.0929463629684055,83,0.0304922850844966,1584,0.5819250551065394,100,0.0367376928728875,755,0.2773695811903012,66,0.0625,36061023200,9183,4815,0.5243384514864423,9183,1595,0.1736905150822171,9183,710,0.077316781008385,43416,0.043416,62695.78035747189,0.8334709665596485
360610233003,360610233003,Block Group 3; Census Tract 233; New York County; New York,Manhattan,2315,867,764,0.881199538638985,1180,872,0.7389830508474576,401,0.1732181425485961,218,0.0941684665226781,486,0.2099352051835853,617,0.2665226781857451,45,0.019438444924406,1004,0.4336933045356371,172,0.1983852364475201,36061023300,7341,1439,0.1960223402806157,7365,770,0.1045485403937542,7365,572,0.0776646300067888,43481,0.043481,53241.645776316094,0.6375742877206131
360610235013,360610235013,Block Group 3; Census Tract 235.01; New York County; New York,Manhattan,2973,1038,1021,0.9836223506743738,1246,328,0.2632423756019261,448,0.1506895391860074,422,0.1419441641439623,111,0.0373360242179616,949,0.3192061890346451,479,0.1611167171207534,1327,0.4463504877228388,108,0.1040462427745664,36061023501,7506,1295,0.1725286437516653,7506,1130,0.1505462296829203,7506,522,0.0695443645083932,44344,0.044344,67044.01948403391,0.8927243137378009
360610236003,360610236003,Block Group 3; Census Tract 236; New York County; New York,Manhattan,928,803,573,0.7135740971357409,313,313,1.0,114,0.1228448275862068,428,0.4612068965517241,0,0.0,772,0.8318965517241379,0,0.0,25,0.0269396551724137,0,0.0,36061023600,11040,1708,0.1547101449275362,11042,2175,0.1969751856547726,11042,515,0.0466401014309002,69613,0.069613,13330.843376955454,0.6658832183194368
360610237003,360610237003,Block Group 3; Census Tract 237; New York County; New York,Manhattan,2204,800,800,1.0,1305,715,0.5478927203065134,375,0.1701451905626134,233,0.1057168784029038,579,0.2627041742286751,556,0.2522686025408348,1,0.0004537205081669,1068,0.484573502722323,82,0.1025,36061023700,6453,1903,0.2949015961568262,6676,1002,0.1500898741761533,6676,650,0.097363690832834,201140,0.20114,10957.542010539924,0.8630620096548351
360610238043,360610238043,Block Group 3; Census Tract 238.04; New York County; New York,Manhattan,1408,588,514,0.8741496598639455,833,613,0.7358943577430972,369,0.2620738636363636,28,0.0198863636363636,749,0.5319602272727273,81,0.057528409090909,538,0.3821022727272727,33,0.0234375,60,0.1020408163265306,36061023804,3430,608,0.1772594752186589,3546,40,0.0112803158488437,3546,59,0.0166384658770445,18124,0.018124,77687.04480247185,0.5090514894641912
360610241003,360610241003,Block Group 3; Census Tract 241; New York County; New York,Manhattan,827,305,305,1.0,335,323,0.964179104477612,78,0.094316807738815,286,0.3458282950423216,151,0.1825876662636034,111,0.1342200725513905,0,0.0,552,0.6674727932285369,116,0.380327868852459,36061024100,7838,1663,0.2121714723143659,7915,1943,0.245483259633607,7915,788,0.099557801642451,23317,0.023317,35467.68452202256,0.8568506609976863
360610242003,360610242003,Block Group 3; Census Tract 242; New York County; New York,Manhattan,1225,493,493,1.0,697,175,0.2510760401721664,133,0.1085714285714285,140,0.1142857142857142,192,0.156734693877551,286,0.233469387755102,0,0.0,736,0.6008163265306122,81,0.1643002028397566,36061024200,5847,1684,0.2880109457841628,5831,999,0.1713256731263934,5831,478,0.0819756474018178,200739,0.200739,6102.451441922098,0.7630932341156502
360610243013,360610243013,Block Group 3; Census Tract 243.01; New York County; New York,Manhattan,526,180,180,1.0,223,127,0.5695067264573991,173,0.3288973384030418,33,0.0627376425855513,21,0.0399239543726235,66,0.1254752851711026,0,0.0,427,0.811787072243346,67,0.3722222222222222,36061024301,4539,758,0.1669971359330249,4539,886,0.1951971799955937,4539,733,0.1614893148270544,21955,0.021955,23958.09610567069,0.8655337647405205
360610243023,360610243023,Block Group 3; Census Tract 243.02; New York County; New York,Manhattan,2390,718,718,1.0,772,684,0.8860103626943006,623,0.2606694560669456,246,0.102928870292887,0,0.0,1140,0.4769874476987448,112,0.0468619246861924,1116,0.4669456066945606,84,0.116991643454039,36061024302,7547,3154,0.4179144030740692,7627,1447,0.1897207289891176,7627,490,0.0642454438180149,64010,0.06401,37337.91595063271,0.6699300070168488
360610245003,360610245003,Block Group 3; Census Tract 245; New York County; New York,Manhattan,1849,574,574,1.0,822,469,0.5705596107055961,162,0.0876149269875608,584,0.3158464034613304,66,0.0356949702541914,0,0.0,126,0.0681449432125473,1500,0.8112493239588967,107,0.1864111498257839,36061024500,14577,4599,0.315497015846882,14577,3485,0.2390752555395486,14577,528,0.0362214447417164,21719,0.021719,85132.83300336111,0.808541546206359
360610247003,360610247003,Block Group 3; Census Tract 247; New York County; New York,Manhattan,1193,423,423,1.0,638,354,0.554858934169279,0,0.0,306,0.2564962279966471,120,0.1005867560771165,0,0.0,0,0.0,1073,0.8994132439228835,143,0.3380614657210402,36061024700,6102,1172,0.1920681743690593,6102,1554,0.2546705998033431,6102,138,0.0226155358898721,17968,0.017968,66395.81478183437,0.8072442036829781
360610024003,360610024003,Block Group 3; Census Tract 24; New York County; New York,Manhattan,2052,928,928,1.0,453,266,0.58719646799117,340,0.1656920077972709,772,0.3762183235867446,67,0.0326510721247563,430,0.2095516569200779,491,0.2392787524366471,1054,0.51364522417154,208,0.2241379310344827,36061002400,4523,2178,0.4815388016803006,4523,1304,0.288304222860933,4523,184,0.0406809639619721,52983,0.052983,38729.403771020894,0.7168960229000381
360610253003,360610253003,Block Group 3; Census Tract 253; New York County; New York,Manhattan,1575,381,381,1.0,921,315,0.3420195439739413,267,0.1695238095238095,81,0.0514285714285714,141,0.0895238095238095,0,0.0,9,0.0057142857142857,1370,0.8698412698412699,10,0.0262467191601049,36061025300,10132,1826,0.1802210817212791,10172,1541,0.1514942980731419,10172,555,0.0545615414864333,21905,0.021905,71901.39237616982,0.8396149618651786
360610255003,360610255003,Block Group 3; Census Tract 255; New York County; New York,Manhattan,1608,660,660,1.0,1220,632,0.5180327868852459,33,0.0205223880597014,277,0.1722636815920398,235,0.1461442786069651,49,0.0304726368159203,597,0.3712686567164179,715,0.4446517412935323,59,0.0893939393939394,36061025500,4574,915,0.20004372540446,5480,694,0.1266423357664233,5480,433,0.0790145985401459,23816,0.023816,67517.63520322472,0.8423666697524628
360610257003,360610257003,Block Group 3; Census Tract 257; New York County; New York,Manhattan,2009,914,847,0.926695842450766,1172,550,0.4692832764505119,454,0.2259830761572921,89,0.0443006470881035,863,0.4295669487307118,713,0.3549029367844699,156,0.0776505724240915,173,0.086112493777999,11,0.012035010940919,36061025700,4443,712,0.1602520819266261,4443,384,0.0864280891289669,4443,191,0.0429889714157101,43815,0.043815,45851.8772110008,0.7600338392566397
360610025003,360610025003,Block Group 3; Census Tract 25; New York County; New York,Manhattan,914,386,386,1.0,239,108,0.4518828451882845,106,0.1159737417943107,253,0.2768052516411378,44,0.0481400437636761,92,0.1006564551422319,467,0.5109409190371991,299,0.3271334792122538,128,0.3316062176165803,36061002500,4476,2408,0.5379803395889187,4476,904,0.2019660411081322,4476,148,0.033065236818588,40388,0.040388,22630.484302268,0.7618498562694258
360610026023,360610026023,Block Group 3; Census Tract 26.02; New York County; New York,Manhattan,993,528,456,0.8636363636363636,549,143,0.2604735883424408,22,0.0221550855991943,151,0.1520644511581067,457,0.4602215508559919,55,0.0553877139979859,225,0.2265861027190332,108,0.1087613293051359,82,0.1553030303030303,36061002602,3528,567,0.1607142857142857,3528,689,0.1952947845804988,3528,117,0.0331632653061224,34854,0.034854,28490.273713203645,0.7011849069590234
360610261003,360610261003,Block Group 3; Census Tract 261; New York County; New York,Manhattan,970,347,321,0.92507204610951,376,261,0.6941489361702128,139,0.1432989690721649,193,0.1989690721649484,132,0.1360824742268041,0,0.0,12,0.0123711340206185,755,0.7783505154639175,66,0.1902017291066282,36061026100,11982,4282,0.357369387414455,12041,2403,0.1995681421808819,12041,1529,0.1269828087368159,22572,0.022572,42973.59560517455,0.7860177910050892
360610263003,360610263003,Block Group 3; Census Tract 263; New York County; New York,Manhattan,1442,435,435,1.0,661,510,0.7715582450832073,366,0.2538141470180305,278,0.1927877947295423,80,0.0554785020804438,0,0.0,0,0.0,1362,0.9445214979195562,59,0.135632183908046,36061026300,8342,1502,0.1800527451450491,8342,1344,0.1611124430592184,8342,1239,0.1485255334452169,29578,0.029578,48752.45114612212,0.8496296437267339
360610265003,360610265003,Block Group 3; Census Tract 265; New York County; New York,Manhattan,813,469,335,0.7142857142857143,615,361,0.5869918699186992,99,0.1217712177121771,145,0.1783517835178351,552,0.6789667896678967,70,0.08610086100861,9,0.011070110701107,175,0.2152521525215252,80,0.1705756929637526,36061026500,7665,852,0.1111545988258317,7702,955,0.1239937678525058,7702,660,0.0856920280446637,45365,0.045365,17921.30497079246,0.7540252993643477
360610269003,360610269003,Block Group 3; Census Tract 269; New York County; New York,Manhattan,239,81,81,1.0,129,55,0.4263565891472868,28,0.1171548117154811,78,0.3263598326359833,36,0.1506276150627615,56,0.2343096234309623,0,0.0,147,0.6150627615062761,0,0.0,36061026900,7414,1069,0.1441866738602643,7594,1256,0.1653937318936002,7594,507,0.0667632341322096,33572,0.033572,7119.027761229597,0.8656253146937745
360610271003,360610271003,Block Group 3; Census Tract 271; New York County; New York,Manhattan,1526,581,562,0.9672977624784854,1031,596,0.5780795344325897,134,0.0878112712975098,182,0.1192660550458715,274,0.1795543905635648,19,0.0124508519003931,4,0.0026212319790301,1224,0.8020969855832241,97,0.1669535283993115,36061027100,7742,1165,0.1504779126840609,7742,861,0.1112115732368897,7742,721,0.093128390596745,58204,0.058204,26218.129338189818,0.8668013716841959
360610273003,360610273003,Block Group 3; Census Tract 273; New York County; New York,Manhattan,2819,1277,958,0.750195771339076,1683,632,0.3755199049316696,585,0.2075203973040085,385,0.1365732529265697,1756,0.6229159276339127,86,0.0305072720822986,106,0.0376019865200425,645,0.2288045406172401,61,0.047768206734534,36061027300,7434,332,0.0446596717783158,7434,552,0.0742534301856335,7434,102,0.0137207425343018,59018,0.059018,47765.08861703209,0.9197917302033264
360610277003,360610277003,Block Group 3; Census Tract 277; New York County; New York,Manhattan,2356,800,800,1.0,1152,671,0.5824652777777778,260,0.1103565365025466,751,0.3187606112054329,72,0.030560271646859,105,0.0445670628183361,0,0.0,2115,0.8977079796264855,90,0.1125,36061027700,5817,1307,0.2246862643974557,5817,778,0.1337459171394189,5817,449,0.0771875537218497,21697,0.021697,108586.44052173111,0.9444217734217658
360610279003,360610279003,Block Group 3; Census Tract 279; New York County; New York,Manhattan,1971,936,936,1.0,1091,717,0.6571952337305225,294,0.1491628614916286,465,0.2359208523592085,58,0.0294266869609335,8,0.0040588533739218,76,0.0385591070522577,1813,0.9198376458650432,386,0.4123931623931623,36061027900,9587,1033,0.1077500782309377,9587,1130,0.1178679461771148,9587,679,0.0708250756232398,27880,0.02788,70695.83931133429,0.8768063598911171
360610283003,360610283003,Block Group 3; Census Tract 283; New York County; New York,Manhattan,1013,548,502,0.916058394160584,423,224,0.5295508274231678,113,0.1115498519249753,168,0.1658440276406712,407,0.40177690029615,51,0.050345508390918,23,0.0227048371174728,484,0.4777887462981244,72,0.1313868613138686,36061028300,7961,1315,0.1651802537369677,8016,1332,0.1661676646706587,8016,715,0.0891966067864271,20644,0.020644,49069.94768455726,0.8024796033182068
360610285003,360610285003,Block Group 3; Census Tract 285; New York County; New York,Manhattan,1449,534,534,1.0,729,504,0.691358024691358,99,0.0683229813664596,220,0.1518288474810214,100,0.0690131124913733,33,0.0227743271221532,0,0.0,1268,0.8750862663906143,83,0.1554307116104868,36061028500,7045,2130,0.3023420865862313,7094,986,0.1389906963631237,7094,525,0.0740062024245841,37901,0.037901,38231.18123532361,0.8000515826879446
360610287003,360610287003,Block Group 3; Census Tract 287; New York County; New York,Manhattan,1680,802,802,1.0,901,382,0.4239733629300777,320,0.1904761904761904,224,0.1333333333333333,356,0.2119047619047619,87,0.0517857142857142,63,0.0375,1057,0.6291666666666667,159,0.1982543640897755,36061028700,3690,612,0.1658536585365853,3690,297,0.0804878048780487,3690,125,0.0338753387533875,37568,0.037568,44718.909710391825,0.8007676711466338
360610028003,360610028003,Block Group 3; Census Tract 28; New York County; New York,Manhattan,1957,908,841,0.9262114537444934,1330,809,0.6082706766917293,229,0.1170158405723045,235,0.1200817577925396,1100,0.5620848237097599,234,0.1195707715891671,237,0.1211037301992846,361,0.1844660194174757,122,0.1343612334801762,36061002800,6483,1262,0.1946629646768471,6497,1636,0.2518085270124673,6497,167,0.0257041711559181,34427,0.034427,56844.91823278241,0.8784441554077846
360610029023,360610029023,Block Group 3; Census Tract 29.02; New York County; New York,Manhattan,402,205,205,1.0,247,12,0.048582995951417,26,0.0646766169154228,117,0.291044776119403,67,0.1666666666666666,1,0.0024875621890547,333,0.8283582089552238,1,0.0024875621890547,99,0.4829268292682926,36061002902,3492,1152,0.3298969072164948,3493,521,0.1491554537646722,3493,308,0.0881763527054108,10482,0.010482,38351.4596451059,0.75207446443536
360610291003,360610291003,Block Group 3; Census Tract 291; New York County; New York,Manhattan,1163,774,707,0.91343669250646,671,316,0.4709388971684053,105,0.0902837489251934,182,0.1564918314703353,35,0.0300945829750644,145,0.1246775580395528,139,0.1195184866723989,844,0.7257093723129837,273,0.3527131782945736,36061029100,10834,1528,0.1410374746169466,10870,1568,0.1442502299908003,10870,546,0.0502299908003679,21846,0.021846,53236.29039641124,0.8027686085341703
360610293003,360610293003,Block Group 3; Census Tract 293; New York County; New York,Manhattan,2860,749,749,1.0,660,238,0.3606060606060606,1272,0.4447552447552447,294,0.1027972027972028,0,0.0,48,0.0167832167832167,61,0.0213286713286713,2751,0.961888111888112,235,0.3137516688918558,36061029300,8011,2866,0.357758082636375,8011,1674,0.2089626763200599,8011,555,0.0692797403570091,41613,0.041613,68728.52233676976,0.7791372155909331
360610295003,360610295003,Block Group 3; Census Tract 295; New York County; New York,Manhattan,1728,798,763,0.956140350877193,1091,787,0.7213565536205316,238,0.1377314814814814,393,0.2274305555555555,331,0.1915509259259259,160,0.0925925925925925,22,0.0127314814814814,1194,0.6909722222222222,148,0.1854636591478696,36061029500,7564,419,0.0553939714436805,7565,920,0.1216126900198281,7565,455,0.0601454064771976,31497,0.031497,54862.36784455663,0.7031526468499718
360610299003,360610299003,Block Group 3; Census Tract 299; New York County; New York,Manhattan,711,290,290,1.0,328,184,0.5609756097560976,52,0.0731364275668073,197,0.2770745428973277,85,0.1195499296765119,2,0.0028129395218002,0,0.0,613,0.8621659634317862,33,0.1137931034482758,36061029900,3532,657,0.186013590033975,3532,1035,0.2930351075877689,3532,138,0.0390713476783691,205403,0.205403,3461.4879042662474,0.7942785469465627
360610030013,360610030013,Block Group 3; Census Tract 30.01; New York County; New York,Manhattan,1250,557,552,0.9910233393177738,727,396,0.5447042640990372,247,0.1976,41,0.0328,663,0.5304,83,0.0664,61,0.0488,369,0.2952,0,0.0,36061003001,4256,790,0.1856203007518796,4270,582,0.1362997658079625,4270,187,0.0437939110070257,33374,0.033374,37454.30574698867,0.8369877766092636
360610303003,360610303003,Block Group 3; Census Tract 303; New York County; New York,Manhattan,1579,770,719,0.9337662337662338,950,514,0.5410526315789473,230,0.1456618112729575,294,0.1861937935402153,534,0.3381887270424319,185,0.1171627612412919,88,0.0557314756174794,683,0.4325522482583914,53,0.0688311688311688,36061030300,3309,421,0.1272287700211544,3309,510,0.1541251133272892,3309,138,0.041704442429737,30714,0.030714,51409.780556098194,0.787518645685243
360610307003,360610307003,Block Group 3; Census Tract 307; New York County; New York,Manhattan,1500,840,704,0.8380952380952381,970,537,0.5536082474226804,188,0.1253333333333333,280,0.1866666666666666,910,0.6066666666666667,56,0.0373333333333333,57,0.038,334,0.2226666666666666,0,0.0,36061030700,3563,111,0.0311535223126578,3563,513,0.1439797923098512,3563,143,0.040134717934325,31012,0.031012,48368.373532826,0.7863209990302006
360610309003,360610309003,Block Group 3; Census Tract 309; New York County; New York,Manhattan,3096,1062,1062,1.0,669,399,0.5964125560538116,1206,0.3895348837209302,325,0.1049741602067183,34,0.0109819121447028,422,0.1363049095607235,23,0.0074289405684754,2442,0.7887596899224806,143,0.1346516007532956,36061030900,10253,3760,0.3667219350434019,10253,2809,0.2739685945576904,10253,432,0.042134009558178,42316,0.042316,73163.81510539749,0.7003040340722645
360610317033,360610317033,Block Group 3; Census Tract 317.03; New York County; New York,Manhattan,3542,1334,1267,0.949775112443778,1809,605,0.3344389165284687,1173,0.3311688311688311,185,0.0522303783173348,2160,0.6098249576510446,494,0.1394692264257481,436,0.1230942970073404,97,0.0273856578204404,30,0.0224887556221889,36061031703,5887,340,0.0577543740445048,5887,281,0.0477322914897231,5887,94,0.0159673857652454,91191,0.091191,38841.55234617452,0.7646380907185637
360610317043,360610317043,Block Group 3; Census Tract 317.04; New York County; New York,Manhattan,2914,1349,931,0.6901408450704225,1905,604,0.3170603674540682,549,0.1884008236101578,323,0.110844200411805,1596,0.547700754975978,106,0.0363761153054221,1144,0.3925875085792725,0,0.0,0,0.0,36061031704,10097,333,0.0329800930969594,10097,273,0.0270377339803902,10097,259,0.0256511835198573,79635,0.079635,36591.95077541282,0.7660124873300114
360610032003,360610032003,Block Group 3; Census Tract 32; New York County; New York,Manhattan,2575,1322,821,0.6210287443267776,976,345,0.353483606557377,562,0.218252427184466,501,0.1945631067961165,2226,0.8644660194174757,57,0.022135922330097,192,0.0745631067961165,91,0.0353398058252427,63,0.0476550680786686,36061003200,7866,1135,0.1442918891431477,7866,1007,0.1280193236714976,7866,361,0.0458937198067632,32773,0.032773,78570.77472309524,0.7496863298039989
360610033003,360610033003,Block Group 3; Census Tract 33; New York County; New York,Manhattan,1390,789,760,0.9632446134347274,1062,246,0.231638418079096,100,0.0719424460431654,69,0.0496402877697841,1078,0.7755395683453238,36,0.0258992805755395,58,0.0417266187050359,191,0.137410071942446,34,0.0430925221799746,36061003300,5951,206,0.0346160309191732,5951,241,0.0404973953957318,5951,210,0.0352881868593513,48621,0.048621,28588.470002673745,0.7834009401733912
360610034003,360610034003,Block Group 3; Census Tract 34; New York County; New York,Manhattan,1931,1170,1154,0.9863247863247864,1692,921,0.5443262411347518,0,0.0,67,0.0346970481615743,1394,0.7219057483169342,0,0.0,391,0.202485758674262,146,0.0756084930088037,0,0.0,36061003400,6990,1200,0.1716738197424892,6990,574,0.0821173104434907,6990,327,0.0467811158798283,49691,0.049691,38860.15576261295,0.8572338125424784
360610036013,360610036013,Block Group 3; Census Tract 36.01; New York County; New York,Manhattan,1149,555,547,0.9855855855855856,519,251,0.4836223506743738,98,0.0852915578764142,266,0.2315056570931244,500,0.4351610095735422,113,0.0983463881636205,264,0.2297650130548303,192,0.1671018276762402,105,0.1891891891891892,36061003601,3050,607,0.1990163934426229,3019,618,0.2047035442199404,3019,135,0.0447167936402782,56579,0.056579,20307.888085685503,0.832578484149258
360610037003,360610037003,Block Group 3; Census Tract 37; New York County; New York,Manhattan,1025,519,497,0.957610789980732,627,313,0.4992025518341307,237,0.2312195121951219,209,0.2039024390243902,593,0.5785365853658536,280,0.2731707317073171,113,0.1102439024390243,10,0.0097560975609756,0,0.0,36061003700,3460,152,0.0439306358381502,3460,202,0.0583815028901734,3460,30,0.0086705202312138,142392,0.142392,7198.438114500815,0.883083924302771
360610038003,360610038003,Block Group 3; Census Tract 38; New York County; New York,Manhattan,967,652,652,1.0,541,66,0.121996303142329,4,0.0041365046535677,416,0.4301964839710445,541,0.5594622543950362,11,0.0113753877973112,385,0.3981385729058945,0,0.0,0,0.0,36061003800,7018,1245,0.1774009689370191,7254,629,0.0867107802591673,7254,234,0.032258064516129,31465,0.031465,30732.559987287463,0.8405218509578019
360610039003,360610039003,Block Group 3; Census Tract 39; New York County; New York,Manhattan,1586,784,356,0.4540816326530612,414,100,0.2415458937198067,203,0.1279949558638083,867,0.5466582597730139,789,0.4974779319041614,7,0.0044136191677175,648,0.4085750315258512,73,0.0460277427490542,295,0.3762755102040816,36061003900,5699,1061,0.1861730128092648,5699,745,0.1307246885418494,5699,57,0.0100017546938059,74340,0.07434,21334.40947000269,0.8313184919001826
360610040013,360610040013,Block Group 3; Census Tract 40.01; New York County; New York,Manhattan,1410,875,875,1.0,1082,424,0.3918669131238447,81,0.0574468085106383,101,0.0716312056737588,808,0.573049645390071,22,0.0156028368794326,401,0.2843971631205674,89,0.0631205673758865,0,0.0,36061004001,3082,334,0.108371187540558,3221,272,0.0844458242781744,3221,173,0.053710027941633,35985,0.035985,39182.99291371404,0.8695246035694209
360610040023,360610040023,Block Group 3; Census Tract 40.02; New York County; New York,Manhattan,1842,465,465,1.0,946,13,0.0137420718816067,53,0.0287730727470141,55,0.0298588490770901,1092,0.5928338762214984,168,0.0912052117263843,326,0.1769815418023887,202,0.1096634093376764,35,0.075268817204301,36061004002,4684,877,0.1872331340734415,6268,300,0.0478621569878749,6268,111,0.0177089980855137,17581,0.017581,104772.19725840396,0.8514950756662323
360610041003,360610041003,Block Group 3; Census Tract 41; New York County; New York,Manhattan,1072,617,617,1.0,553,183,0.3309222423146474,89,0.0830223880597015,143,0.1333955223880597,268,0.25,3,0.0027985074626865,594,0.5541044776119403,148,0.1380597014925373,233,0.3776337115072933,36061004100,6495,871,0.1341031562740569,6889,565,0.082014806212803,6889,380,0.0551604006386993,28939,0.028939,37043.43619337227,0.7656202578440715
360610042003,360610042003,Block Group 3; Census Tract 42; New York County; New York,Manhattan,2242,313,306,0.977635782747604,912,174,0.1907894736842105,16,0.0071364852809991,104,0.0463871543264942,872,0.3889384478144513,324,0.1445138269402319,742,0.3309545049063336,254,0.1132917038358608,40,0.1277955271565495,36061004200,2165,358,0.1653579676674365,5133,110,0.0214299629846093,5133,31,0.0060393532047535,20522,0.020522,109248.61124646722,0.8645885297559269
360610043003,360610043003,Block Group 3; Census Tract 43; New York County; New York,Manhattan,1017,764,748,0.9790575916230366,717,268,0.3737796373779637,15,0.0147492625368731,293,0.288102261553589,595,0.5850540806293019,0,0.0,125,0.1229105211406096,154,0.151425762045231,63,0.0824607329842932,36061004300,3524,611,0.1733825198637911,3524,368,0.1044267877412031,3524,233,0.0661180476730987,69550,0.06955,14622.573687994249,0.7892421928708904
360610044003,360610044003,Block Group 3; Census Tract 44; New York County; New York,Manhattan,893,490,490,1.0,810,382,0.4716049382716049,0,0.0,64,0.0716685330347144,654,0.7323628219484882,0,0.0,116,0.1298992161254199,123,0.1377379619260918,58,0.1183673469387755,36061004400,16963,1589,0.0936744679596769,16963,947,0.055827389023168,16963,510,0.0300654365383481,37255,0.037255,23969.936921218625,0.7653828345502718
360610048003,360610048003,Block Group 3; Census Tract 48; New York County; New York,Manhattan,498,302,275,0.9105960264900662,226,59,0.2610619469026549,17,0.0341365461847389,181,0.3634538152610442,424,0.8514056224899599,41,0.0823293172690763,15,0.0301204819277108,18,0.036144578313253,0,0.0,36061004800,6012,589,0.0979707252162341,6931,431,0.0621843889770595,6931,44,0.0063482902900014,21645,0.021645,23007.62300762301,0.9125350828779044
360610049003,360610049003,Block Group 3; Census Tract 49; New York County; New York,Manhattan,1031,608,539,0.8865131578947368,814,355,0.4361179361179361,62,0.0601357904946653,114,0.110572259941804,902,0.8748787584869059,0,0.0,75,0.07274490785645,54,0.052376333656644,0,0.0,36061004900,4191,319,0.0761154855643044,4203,435,0.1034975017844396,4203,48,0.0114204139900071,34335,0.034335,30027.668559778653,0.8771368927325367
360610050003,360610050003,Block Group 3; Census Tract 50; New York County; New York,Manhattan,736,366,244,0.6666666666666666,380,181,0.4763157894736842,117,0.1589673913043478,104,0.1413043478260869,505,0.686141304347826,0,0.0,80,0.108695652173913,138,0.1875,0,0.0,36061005000,4706,388,0.0824479388015299,4774,218,0.0456640134059488,4774,25,0.0052366987850858,26082,0.026082,28218.69488536155,0.9019747436673468
360610054003,360610054003,Block Group 3; Census Tract 54; New York County; New York,Manhattan,1574,1163,948,0.8151332760103182,801,426,0.5318352059925093,91,0.0578144853875476,556,0.3532401524777636,1300,0.8259212198221093,0,0.0,136,0.0864040660736975,81,0.0514612452350698,0,0.0,36061005400,4427,390,0.0880957759204879,4427,504,0.1138468488818613,4427,120,0.0271063925909193,27027,0.027027,58238.05823805824,0.8079779998516693
360610055013,360610055013,Block Group 3; Census Tract 55.01; New York County; New York,Manhattan,1238,440,426,0.968181818181818,754,71,0.0941644562334217,101,0.0815831987075929,230,0.1857835218093699,414,0.3344103392568659,383,0.3093699515347334,248,0.2003231017770597,107,0.0864297253634895,0,0.0,36061005501,4686,553,0.1180110968843363,5346,364,0.0680882903105125,5346,199,0.0372240927796483,34705,0.034705,35672.09335830572,0.7147205618575724
360610056003,360610056003,Block Group 3; Census Tract 56; New York County; New York,Manhattan,398,275,253,0.92,320,101,0.315625,11,0.0276381909547738,79,0.1984924623115578,241,0.6055276381909548,15,0.0376884422110552,6,0.0150753768844221,35,0.0879396984924623,0,0.0,36061005600,3754,752,0.2003196590303676,3822,365,0.0954997383568812,3822,96,0.0251177394034536,24422,0.024422,16296.78159036934,0.8002101751474608
360610058003,360610058003,Block Group 3; Census Tract 58; New York County; New York,Manhattan,998,695,695,1.0,771,443,0.5745784695201037,8,0.0080160320641282,74,0.0741482965931863,824,0.8256513026052105,26,0.0260521042084168,58,0.0581162324649298,0,0.0,0,0.0,36061005800,3986,541,0.1357250376317109,3986,184,0.0461615654791771,3986,0,0.0,76519,0.076519,13042.512317202263,0.8683367606149852
360610059003,360610059003,Block Group 3; Census Tract 59; New York County; New York,Manhattan,2183,778,693,0.890745501285347,1135,366,0.3224669603524229,99,0.0453504351809436,156,0.0714612918002748,1302,0.5964269354099863,145,0.0664223545579477,398,0.1823179111314704,198,0.0907008703618873,0,0.0,36061005900,4217,261,0.0618923405264405,5120,386,0.075390625,5120,242,0.047265625,41801,0.041801,52223.63101361212,0.7167855846201876
360610060003,360610060003,Block Group 3; Census Tract 60; New York County; New York,Manhattan,1664,691,691,1.0,898,117,0.1302895322939866,567,0.3407451923076923,301,0.180889423076923,1454,0.8737980769230769,60,0.0360576923076923,0,0.0,80,0.048076923076923,0,0.0,36061006000,5077,246,0.0484538113058893,5077,596,0.1173921607248375,5077,185,0.0364388418357297,31074,0.031074,53549.591298191415,0.7894898228239691
360610061003,360610061003,Block Group 3; Census Tract 61; New York County; New York,Manhattan,860,510,381,0.7470588235294118,526,268,0.5095057034220533,76,0.0883720930232558,213,0.2476744186046511,625,0.7267441860465116,16,0.0186046511627906,115,0.1337209302325581,44,0.0511627906976744,14,0.0274509803921568,36061006100,3603,249,0.0691090757701915,5319,216,0.0406091370558375,5319,46,0.0086482421507802,54872,0.054872,15672.838606210818,0.8797328046601484
360610063003,360610063003,Block Group 3; Census Tract 63; New York County; New York,Manhattan,1723,901,624,0.6925638179800222,1288,359,0.2787267080745341,146,0.0847359257109692,266,0.1543818920487522,1521,0.8827626233313988,0,0.0,49,0.028438769587928,143,0.0829947765525246,0,0.0,36061006300,5544,587,0.1058802308802308,5759,595,0.1033165480118076,5759,125,0.0217051571453377,23201,0.023201,74264.04034308867,0.868437339242361
360610064003,360610064003,Block Group 3; Census Tract 64; New York County; New York,Manhattan,286,200,180,0.9,210,44,0.2095238095238095,0,0.0,94,0.3286713286713286,235,0.8216783216783217,0,0.0,23,0.0804195804195804,28,0.0979020979020979,0,0.0,36061006400,7421,1375,0.1852850020212909,7726,693,0.0896971265855552,7726,328,0.0424540512555009,16125,0.016125,17736.43410852713,0.9151499557510054
360610065003,360610065003,Block Group 3; Census Tract 65; New York County; New York,Manhattan,1062,851,851,1.0,703,222,0.3157894736842105,0,0.0,67,0.0630885122410546,807,0.7598870056497176,41,0.0386064030131826,81,0.0762711864406779,95,0.0894538606403013,35,0.0411280846063454,36061006500,4436,258,0.0581605049594229,5560,289,0.051978417266187,5560,215,0.0386690647482014,36018,0.036018,29485.257371314343,0.8794976451576612
360610066003,360610066003,Block Group 3; Census Tract 66; New York County; New York,Manhattan,864,588,576,0.979591836734694,780,260,0.3333333333333333,84,0.0972222222222222,54,0.0625,574,0.6643518518518519,0,0.0,105,0.1215277777777777,134,0.1550925925925926,0,0.0,36061006600,10552,1698,0.1609173616376042,11032,1602,0.1452139231327048,11032,252,0.0228426395939086,16874,0.016874,51203.03425388171,0.814175699798582
360610067003,360610067003,Block Group 3; Census Tract 67; New York County; New York,Manhattan,652,520,483,0.928846153846154,474,139,0.2932489451476793,36,0.0552147239263803,89,0.1365030674846625,490,0.7515337423312883,10,0.0153374233128834,0,0.0,152,0.2331288343558282,22,0.0423076923076923,36061006700,4587,289,0.0630041421408327,4587,432,0.0941792020928711,4587,207,0.0451275343361674,29122,0.029122,22388.57221344688,0.9101059513639538
360610068003,360610068003,Block Group 3; Census Tract 68; New York County; New York,Manhattan,1335,911,719,0.7892425905598244,740,98,0.1324324324324324,97,0.0726591760299625,444,0.3325842696629214,1123,0.8411985018726592,0,0.0,47,0.0352059925093632,0,0.0,0,0.0,36061006800,5289,576,0.1089052750992626,6430,486,0.0755832037325038,6430,177,0.0275272161741835,24401,0.024401,54710.8725052252,0.8357152162036277
360610006003,360610006003,Block Group 3; Census Tract 6; New York County; New York,Manhattan,766,261,261,1.0,554,275,0.4963898916967509,0,0.0,113,0.1475195822454308,63,0.0822454308093994,0,0.0,703,0.9177545691906004,0,0.0,124,0.475095785440613,36061000600,10068,3492,0.3468414779499404,10068,1199,0.1190901867302344,10068,232,0.0230433055224473,20959,0.020959,36547.545207309515,0.7603743259888129
360610070013,360610070013,Block Group 3; Census Tract 70.01; New York County; New York,Manhattan,660,409,389,0.9511002444987776,536,45,0.083955223880597,0,0.0,85,0.1287878787878787,462,0.7,31,0.0469696969696969,59,0.0893939393939394,41,0.0621212121212121,0,0.0,36061007001,3841,85,0.0221296537360062,3997,310,0.0775581686264698,3997,83,0.0207655741806354,30404,0.030404,21707.67004341534,0.856534110929597
360610070023,360610070023,Block Group 3; Census Tract 70.02; New York County; New York,Manhattan,1217,637,637,1.0,760,227,0.2986842105263158,102,0.0838126540673788,260,0.2136400986031224,797,0.6548890714872637,154,0.1265406737880033,128,0.105176663927691,103,0.0846343467543138,14,0.0219780219780219,36061007002,3479,278,0.0799080195458465,3479,336,0.096579476861167,3479,33,0.0094854843345789,34637,0.034637,35135.83739931287,0.8540370617107231
360610071003,360610071003,Block Group 3; Census Tract 71; New York County; New York,Manhattan,960,427,367,0.8594847775175644,299,33,0.1103678929765886,317,0.3302083333333333,171,0.178125,767,0.7989583333333333,0,0.0,7,0.0072916666666666,170,0.1770833333333333,32,0.0749414519906323,36061007100,5166,201,0.0389082462253193,5231,160,0.030586885872682,5231,159,0.0303957178359778,50713,0.050713,18930.05738173644,0.8031784220446312
360610072003,360610072003,Block Group 3; Census Tract 72; New York County; New York,Manhattan,986,523,488,0.9330783938814532,648,156,0.2407407407407407,0,0.0,173,0.1754563894523326,674,0.6835699797160243,21,0.0212981744421906,262,0.2657200811359026,16,0.0162271805273833,0,0.0,36061007200,6899,446,0.0646470502971445,7108,157,0.0220877884074282,7108,134,0.0188519977490151,36754,0.036754,26827.012025901942,0.7661065694441589
360610073003,360610073003,Block Group 3; Census Tract 73; New York County; New York,Manhattan,962,564,519,0.9202127659574468,787,410,0.5209656925031766,43,0.0446985446985447,133,0.1382536382536382,764,0.7941787941787942,0,0.0,58,0.0602910602910602,75,0.0779625779625779,0,0.0,36061007300,5393,572,0.1060634155386612,5393,136,0.0252178750231781,5393,97,0.0179862785091785,34162,0.034162,28159.94379720157,0.6869407758028455
360610074003,360610074003,Block Group 3; Census Tract 74; New York County; New York,Manhattan,1191,456,399,0.875,650,346,0.5323076923076923,106,0.0890008396305625,41,0.0344248530646515,506,0.4248530646515533,135,0.1133501259445843,129,0.1083123425692695,384,0.3224181360201511,0,0.0,36061007400,4748,641,0.1350042122999157,5355,279,0.0521008403361344,5355,153,0.0285714285714285,36398,0.036398,32721.578108687292,0.6961583562778498
360610075003,360610075003,Block Group 3; Census Tract 75; New York County; New York,Manhattan,728,438,438,1.0,581,136,0.2340791738382099,0,0.0,127,0.1744505494505494,644,0.8846153846153846,28,0.0384615384615384,36,0.0494505494505494,20,0.0274725274725274,0,0.0,36061007500,3898,274,0.0702924576706003,3898,506,0.1298101590559261,3898,82,0.0210364289379168,30394,0.030394,23952.095808383234,0.6897496099387695
360610077003,360610077003,Block Group 3; Census Tract 77; New York County; New York,Manhattan,1235,840,784,0.9333333333333332,976,314,0.3217213114754098,66,0.0534412955465587,226,0.182995951417004,1073,0.8688259109311741,0,0.0,17,0.0137651821862348,77,0.0623481781376518,15,0.0178571428571428,36061007700,5600,262,0.0467857142857142,5600,359,0.0641071428571428,5600,91,0.01625,57392,0.057392,21518.67856147198,0.839982426287235
360610078003,360610078003,Block Group 3; Census Tract 78; New York County; New York,Manhattan,608,440,440,1.0,467,92,0.1970021413276231,0,0.0,104,0.1710526315789473,346,0.569078947368421,0,0.0,120,0.1973684210526315,58,0.0953947368421052,0,0.0,36061007800,7991,532,0.0665748967588537,8011,536,0.0669080014979403,8011,100,0.012482836100362,10581,0.010581,57461.48757206313,0.9012607471072996
360610079003,360610079003,Block Group 3; Census Tract 79; New York County; New York,Manhattan,1076,728,687,0.9436813186813188,913,515,0.5640744797371303,28,0.0260223048327137,182,0.1691449814126394,882,0.8197026022304833,0,0.0,90,0.0836431226765799,99,0.0920074349442379,0,0.0,36061007900,4458,305,0.0684163301929116,4458,386,0.0865859129654553,4458,0,0.0,48725,0.048725,22083.119548486404,0.8037426227856352
360610007003,360610007003,Block Group 3; Census Tract 7; New York County; New York,Manhattan,962,518,466,0.8996138996138996,691,327,0.4732272069464544,187,0.1943866943866944,0,0.0,297,0.3087318087318087,42,0.0436590436590436,169,0.1756756756756756,183,0.1902286902286902,0,0.0,36061000700,9134,344,0.0376614845631705,9134,53,0.0058024961681629,9134,150,0.0164221589664987,15175,0.015175,63393.73970345964,0.948777108873022
360610080003,360610080003,Block Group 3; Census Tract 80; New York County; New York,Manhattan,1522,720,551,0.7652777777777777,1024,298,0.291015625,233,0.1530880420499343,154,0.1011826544021025,983,0.6458607095926413,0,0.0,424,0.278580814717477,86,0.0565045992115637,16,0.0222222222222222,36061008000,5200,343,0.0659615384615384,5313,236,0.0444193487671748,5313,152,0.0286090720873329,24261,0.024261,62734.429743209264,0.8028543785294625
360610081003,360610081003,Block Group 3; Census Tract 81; New York County; New York,Manhattan,592,384,324,0.84375,292,57,0.1952054794520548,54,0.0912162162162162,148,0.25,417,0.7043918918918919,0,0.0,103,0.1739864864864864,31,0.0523648648648648,0,0.0,36061008100,6162,445,0.0722168127231418,6167,464,0.0752391762607426,6167,78,0.0126479649748662,22328,0.022328,26513.794338946613,0.90088384832377
360610082003,360610082003,Block Group 3; Census Tract 82; New York County; New York,Manhattan,759,610,610,1.0,589,123,0.2088285229202037,0,0.0,153,0.2015810276679842,686,0.9038208168642952,0,0.0,58,0.0764163372859025,0,0.0,23,0.0377049180327868,36061008200,3450,199,0.0576811594202898,3450,248,0.0718840579710144,3450,36,0.0104347826086956,24523,0.024523,30950.536231293074,0.7897984793933785
360610083003,360610083003,Block Group 3; Census Tract 83; New York County; New York,Manhattan,1928,985,969,0.983756345177665,666,302,0.4534534534534534,95,0.0492738589211618,563,0.2920124481327801,386,0.200207468879668,92,0.0477178423236514,230,0.1192946058091286,883,0.4579875518672199,262,0.265989847715736,36061008300,3614,816,0.2257885998893193,3614,793,0.2194244604316546,3614,193,0.0534034311012728,87399,0.087399,22059.748967379488,0.8119482913243196
360610086013,360610086013,Block Group 3; Census Tract 86.01; New York County; New York,Manhattan,1316,685,490,0.7153284671532847,795,100,0.1257861635220125,190,0.1443768996960486,202,0.1534954407294833,501,0.3806990881458966,0,0.0,571,0.4338905775075988,127,0.0965045592705167,79,0.1153284671532846,36061008601,3309,569,0.1719552734965246,3332,188,0.056422569027611,3332,124,0.0372148859543817,90454,0.090454,14548.8314502399,0.7898205221006165
360610086033,360610086033,Block Group 3; Census Tract 86.03; New York County; New York,Manhattan,850,460,202,0.4391304347826087,379,99,0.2612137203166227,134,0.1576470588235294,208,0.2447058823529412,721,0.8482352941176471,0,0.0,16,0.0188235294117647,18,0.0211764705882352,18,0.0391304347826087,36061008603,4970,200,0.0402414486921529,4970,387,0.0778672032193159,4970,23,0.0046277665995975,17794,0.017794,47768.91086883219,0.8456484216210567
360610087003,360610087003,Block Group 3; Census Tract 87; New York County; New York,Manhattan,852,625,625,1.0,575,322,0.56,0,0.0,130,0.1525821596244131,492,0.5774647887323944,0,0.0,54,0.0633802816901408,263,0.3086854460093897,19,0.0304,36061008700,5376,577,0.107328869047619,5376,242,0.0450148809523809,5376,227,0.0422247023809523,21607,0.021607,39431.665663905216,0.8467085818164437
360610088003,360610088003,Block Group 3; Census Tract 88; New York County; New York,Manhattan,1244,803,757,0.9427148194271482,745,263,0.3530201342281879,0,0.0,642,0.5160771704180064,614,0.4935691318327974,0,0.0,346,0.2781350482315112,181,0.1454983922829582,1,0.0012453300124533,36061008800,7567,754,0.0996431875247786,7567,542,0.0716268005814721,7567,95,0.0125545130170477,13184,0.013184,94356.79611650486,0.7998327253719143
360610089003,360610089003,Block Group 3; Census Tract 89; New York County; New York,Manhattan,1588,742,706,0.9514824797843666,719,306,0.4255910987482614,204,0.1284634760705289,230,0.1448362720403022,708,0.4458438287153652,165,0.103904282115869,85,0.0535264483627204,610,0.3841309823677581,112,0.1509433962264151,36061008900,5365,725,0.1351351351351351,5877,316,0.0537689297260507,5877,147,0.0250127616130678,40799,0.040799,38922.522610848304,0.7676699008643278
360610008003,360610008003,Block Group 3; Census Tract 8; New York County; New York,Manhattan,1230,600,600,1.0,823,610,0.741190765492102,58,0.0471544715447154,138,0.1121951219512195,107,0.0869918699186991,0,0.0,1090,0.8861788617886179,0,0.0,71,0.1183333333333333,36061000800,8729,3460,0.3963798831481269,8747,925,0.1057505430433291,8747,314,0.0358980221790328,17334,0.017334,70958.80927656629,0.7563547790892764
360610090003,360610090003,Block Group 3; Census Tract 90; New York County; New York,Manhattan,981,368,362,0.9836956521739132,812,160,0.1970443349753694,79,0.0805300713557594,238,0.2426095820591233,657,0.6697247706422018,0,0.0,269,0.2742099898063201,55,0.056065239551478,0,0.0,36061009000,7221,627,0.0868300789364353,7239,487,0.0672744854261638,7239,341,0.0471059538610305,34606,0.034606,28347.68537247876,0.7585159102264573
360610091003,360610091003,Block Group 3; Census Tract 91; New York County; New York,Manhattan,1036,677,633,0.9350073855243722,706,170,0.2407932011331444,203,0.1959459459459459,176,0.1698841698841698,712,0.6872586872586872,84,0.081081081081081,44,0.0424710424710424,165,0.1592664092664092,10,0.0147710487444608,36061009100,6536,944,0.1444308445532435,6536,1117,0.1708996328029375,6536,110,0.0168298653610771,23184,0.023184,44685.99033816425,0.8614059621078947
360610092003,360610092003,Block Group 3; Census Tract 92; New York County; New York,Manhattan,732,417,323,0.7745803357314148,406,97,0.2389162561576354,98,0.133879781420765,90,0.1229508196721311,487,0.6653005464480874,0,0.0,131,0.1789617486338797,46,0.0628415300546448,0,0.0,36061009200,1344,88,0.0654761904761904,1387,33,0.0237923576063446,1387,25,0.0180245133381398,36822,0.036822,19879.419912009125,0.6413502670007046
360610093003,360610093003,Block Group 3; Census Tract 93; New York County; New York,Manhattan,1475,1004,1004,1.0,922,425,0.4609544468546638,80,0.0542372881355932,413,0.28,900,0.6101694915254238,123,0.0833898305084745,142,0.0962711864406779,187,0.1267796610169491,0,0.0,36061009300,9535,1180,0.1237545883586785,9535,1192,0.1250131095962244,9535,145,0.015207131620346,9328,0.009328,158126.0720411664,0.7393106686115178
360610097003,360610097003,Block Group 3; Census Tract 97; New York County; New York,Manhattan,666,391,268,0.6854219948849105,290,171,0.5896551724137931,51,0.0765765765765765,265,0.3978978978978979,369,0.5540540540540541,14,0.021021021021021,178,0.2672672672672673,85,0.1276276276276276,26,0.0664961636828644,36061009700,4871,840,0.172449189078218,4875,973,0.1995897435897436,4875,103,0.0211282051282051,23152,0.023152,28766.413268832068,0.7529938301708203
360610098003,360610098003,Block Group 3; Census Tract 98; New York County; New York,Manhattan,762,362,276,0.7624309392265194,510,107,0.2098039215686274,118,0.1548556430446194,139,0.1824146981627296,266,0.3490813648293963,34,0.0446194225721784,333,0.437007874015748,90,0.1181102362204724,14,0.0386740331491712,36061009800,8855,1073,0.1211744776962168,8874,867,0.0977011494252873,8874,334,0.0376380437232364,34479,0.034479,22100.408944574956,0.8043993656746684
360610106014,360610106014,Block Group 4; Census Tract 106.01; New York County; New York,Manhattan,2185,980,527,0.5377551020408163,1367,429,0.3138258961228968,414,0.1894736842105263,742,0.3395881006864988,1994,0.9125858123569794,36,0.0164759725400457,94,0.043020594965675,0,0.0,39,0.0397959183673469,36061010601,7753,273,0.0352121759318973,7753,645,0.0831936024764607,7753,33,0.0042564168708886,17394,0.017394,125618.02920547315,0.8803231217950782
360610106024,360610106024,Block Group 4; Census Tract 106.02; New York County; New York,Manhattan,1232,483,483,1.0,891,175,0.196408529741863,239,0.1939935064935065,151,0.122564935064935,720,0.5844155844155844,53,0.0430194805194805,80,0.0649350649350649,298,0.2418831168831169,0,0.0,36061010602,5199,462,0.0888632429313329,5214,263,0.0504411200613732,5214,88,0.0168776371308016,17438,0.017438,70650.30393393738,0.7843320133967573
360610110004,360610110004,Block Group 4; Census Tract 110; New York County; New York,Manhattan,1195,640,467,0.7296875,754,243,0.3222811671087533,157,0.1313807531380753,296,0.2476987447698744,982,0.8217573221757322,78,0.0652719665271966,135,0.1129707112970711,0,0.0,0,0.0,36061011000,6760,110,0.0162721893491124,6760,473,0.0699704142011834,6760,38,0.0056213017751479,18087,0.018087,66069.55271742135,0.8538319916389622
360610118004,360610118004,Block Group 4; Census Tract 118; New York County; New York,Manhattan,2234,1348,1080,0.8011869436201781,1242,214,0.1723027375201288,319,0.1427931960608773,590,0.2641002685765443,1913,0.8563115487914056,0,0.0,214,0.0957923008057296,38,0.0170098478066248,53,0.0393175074183976,36061011800,9264,676,0.0729706390328152,9264,1485,0.1602979274611398,9264,56,0.0060449050086355,54511,0.054511,40982.55397993066,0.8876467124932264
360610120004,360610120004,Block Group 4; Census Tract 120; New York County; New York,Manhattan,952,551,376,0.6823956442831216,460,260,0.5652173913043478,27,0.0283613445378151,628,0.6596638655462185,691,0.7258403361344538,90,0.0945378151260504,35,0.0367647058823529,109,0.1144957983193277,0,0.0,36061012000,3489,280,0.0802522212668386,3489,280,0.0802522212668386,3489,16,0.0045858412152479,74334,0.074334,12807.060026367477,0.9508837010250232
360610121024,360610121024,Block Group 4; Census Tract 121.02; New York County; New York,Manhattan,700,580,511,0.8810344827586207,556,235,0.4226618705035971,0,0.0,182,0.26,423,0.6042857142857143,0,0.0,54,0.0771428571428571,155,0.2214285714285714,0,0.0,36061012102,4984,536,0.1075441412520064,5029,1350,0.2684430304235434,5029,88,0.0174985086498309,22082,0.022082,31700.02717145186,0.7511403914173446
360610122004,360610122004,Block Group 4; Census Tract 122; New York County; New York,Manhattan,1307,545,294,0.5394495412844037,385,179,0.4649350649350649,342,0.2616679418515685,381,0.2915072685539403,1193,0.9127773527161438,0,0.0,81,0.061973986228003,0,0.0,28,0.0513761467889908,36061012200,3103,65,0.0209474701901385,3103,297,0.0957138253303254,3103,0,0.0,36841,0.036841,35476.77858907196,0.798305877893281
360610124004,360610124004,Block Group 4; Census Tract 124; New York County; New York,Manhattan,981,670,670,1.0,766,500,0.6527415143603134,32,0.0326197757390418,180,0.1834862385321101,747,0.7614678899082569,49,0.0499490316004077,106,0.1080530071355759,79,0.0805300713557594,0,0.0,36061012400,8258,445,0.0538871397432792,8670,722,0.083275663206459,8670,142,0.0163783160322952,17211,0.017211,56998.43123583755,0.8769046679060217
360610125004,360610125004,Block Group 4; Census Tract 125; New York County; New York,Manhattan,960,601,526,0.8752079866888519,787,217,0.2757306226175349,24,0.025,56,0.0583333333333333,276,0.2875,123,0.128125,470,0.4895833333333333,59,0.0614583333333333,51,0.0848585690515806,36061012500,2680,324,0.1208955223880597,2680,245,0.0914179104477612,2680,161,0.0600746268656716,36811,0.036811,26079.161120317294,0.7601717721650139
360610126014,360610126014,Block Group 4; Census Tract 126.01; New York County; New York,Manhattan,1719,952,851,0.8939075630252101,854,310,0.3629976580796253,200,0.1163467132053519,257,0.1495055264688772,1519,0.883653286794648,0,0.0,200,0.1163467132053519,0,0.0,0,0.0,36061012601,7014,308,0.0439121756487025,7014,534,0.0761334473909324,7014,70,0.0099800399201596,18148,0.018148,94721.18139739917,0.8502594642041053
360610126024,360610126024,Block Group 4; Census Tract 126.02; New York County; New York,Manhattan,1124,653,549,0.8407350689127105,655,221,0.3374045801526718,175,0.1556939501779359,263,0.2339857651245551,795,0.7072953736654805,4,0.0035587188612099,42,0.0373665480427046,101,0.0898576512455516,0,0.0,36061012602,4980,118,0.0236947791164658,4980,280,0.0562248995983935,4980,0,0.0,17178,0.017178,65432.52998020725,0.9235846539209784
360610127004,360610127004,Block Group 4; Census Tract 127; New York County; New York,Manhattan,1309,845,806,0.953846153846154,853,140,0.164126611957796,0,0.0,364,0.2780748663101604,850,0.6493506493506493,30,0.0229182582123758,23,0.0175706646294881,125,0.095492742551566,110,0.1301775147928994,36061012700,6307,709,0.1124147772316473,6307,840,0.1331853496115427,6307,356,0.0564452195972728,43647,0.043647,29990.606456342935,0.8110072578195012
360610128004,360610128004,Block Group 4; Census Tract 128; New York County; New York,Manhattan,796,396,252,0.6363636363636364,373,76,0.2037533512064343,91,0.114321608040201,321,0.4032663316582914,568,0.7135678391959799,0,0.0,126,0.1582914572864321,102,0.1281407035175879,0,0.0,36061012800,5163,161,0.031183420491962,5163,413,0.0799922525663374,5163,56,0.0108464071276389,50346,0.050346,15810.590712271083,0.839019162029045
360610130004,360610130004,Block Group 4; Census Tract 130; New York County; New York,Manhattan,541,341,242,0.7096774193548387,406,122,0.3004926108374384,62,0.1146025878003696,93,0.1719038817005545,369,0.6820702402957486,0,0.0,124,0.2292051756007393,0,0.0,0,0.0,36061013000,3311,381,0.1150709755360918,3336,416,0.1247002398081534,3336,45,0.0134892086330935,37303,0.037303,14502.854998257511,0.8093684934922413
360610133004,360610133004,Block Group 4; Census Tract 133; New York County; New York,Manhattan,1492,831,745,0.8965102286401926,729,259,0.355281207133059,311,0.2084450402144772,443,0.2969168900804289,623,0.4175603217158177,27,0.0180965147453083,417,0.2794906166219839,393,0.2634048257372654,208,0.2503008423586041,36061013300,6146,712,0.1158477058249267,6146,293,0.0476732834363813,6146,285,0.0463716238203709,43641,0.043641,34188.03418803419,0.8601003002163558
360610134004,360610134004,Block Group 4; Census Tract 134; New York County; New York,Manhattan,367,259,206,0.7953667953667953,129,91,0.7054263565891473,0,0.0,238,0.6485013623978202,273,0.7438692098092643,0,0.0,38,0.103542234332425,0,0.0,0,0.0,36061013400,10399,1010,0.0971247235311087,10475,840,0.0801909307875895,10475,90,0.0085918854415274,18760,0.01876,19562.899786780385,0.8727985411891024
360610136044,360610136044,Block Group 4; Census Tract 136.04; New York County; New York,Manhattan,710,463,308,0.6652267818574514,463,134,0.2894168466522678,67,0.0943661971830985,364,0.5126760563380282,662,0.9323943661971832,0,0.0,0,0.0,0,0.0,33,0.0712742980561555,36061013604,4030,201,0.0498759305210918,4030,392,0.0972704714640198,4030,66,0.0163771712158808,18286,0.018286,38827.51832002625,0.7148114905022496
360610137004,360610137004,Block Group 4; Census Tract 137; New York County; New York,Manhattan,1017,629,515,0.8187599364069952,319,76,0.238244514106583,53,0.0521140609636184,586,0.576204523107178,932,0.9164208456243854,14,0.0137659783677482,17,0.0167158308751229,54,0.0530973451327433,0,0.0,36061013700,6557,503,0.0767119109348787,6600,540,0.0818181818181818,6600,71,0.0107575757575757,45373,0.045373,22414.2110947039,0.8218361473852693
360610138004,360610138004,Block Group 4; Census Tract 138; New York County; New York,Manhattan,1579,970,950,0.979381443298969,1153,835,0.7241977450130095,197,0.1247625079164027,0,0.0,926,0.5864471184293857,0,0.0,156,0.0987967067764407,497,0.3147561747941735,22,0.022680412371134,36061013800,11161,609,0.0545650031359197,11161,453,0.0405877609533196,11161,451,0.0404085655407221,35756,0.035756,44160.420628705666,0.8307622032974347
360610139004,360610139004,Block Group 4; Census Tract 139; New York County; New York,Manhattan,1508,1244,1204,0.9678456591639872,826,85,0.1029055690072639,0,0.0,638,0.4230769230769231,875,0.580238726790451,358,0.2374005305039787,62,0.0411140583554376,105,0.0696286472148541,0,0.0,36061013900,9918,396,0.0399274047186932,9952,1678,0.1686093247588424,9952,203,0.0203979099678456,21849,0.021849,69019.17707904252,0.8607855850282963
360610013004,360610013004,Block Group 4; Census Tract 13; New York County; New York,Manhattan,1236,630,630,1.0,629,231,0.3672496025437202,0,0.0,8,0.0064724919093851,589,0.4765372168284789,0,0.0,560,0.4530744336569579,87,0.0703883495145631,67,0.1063492063492063,36061001300,5062,600,0.1185302252074279,5062,67,0.0132358751481627,5062,536,0.1058870011853022,42951,0.042951,28776.978417266186,0.813111325661609
360610140004,360610140004,Block Group 4; Census Tract 140; New York County; New York,Manhattan,737,228,155,0.6798245614035088,344,286,0.8313953488372093,298,0.4043419267299864,56,0.0759837177747625,676,0.9172320217096336,21,0.0284938941655359,12,0.0162822252374491,0,0.0,0,0.0,36061014000,8030,431,0.0536737235367372,8030,569,0.0708592777085927,8030,160,0.0199252801992528,26137,0.026137,28197.5743199296,0.8681252579330428
360610142004,360610142004,Block Group 4; Census Tract 142; New York County; New York,Manhattan,434,281,203,0.7224199288256228,159,27,0.1698113207547169,85,0.195852534562212,166,0.3824884792626728,217,0.5,0,0.0,0,0.0,178,0.4101382488479262,0,0.0,36061014200,3979,260,0.0653430510178436,3979,230,0.0578034682080924,3979,167,0.0419703443076149,39265,0.039265,11053.10072583726,0.9014450726942752
360610144014,360610144014,Block Group 4; Census Tract 144.01; New York County; New York,Manhattan,1120,574,483,0.8414634146341463,662,408,0.6163141993957704,163,0.1455357142857143,210,0.1875,624,0.5571428571428572,0,0.0,266,0.2375,145,0.1294642857142857,84,0.1463414634146341,36061014401,5006,266,0.0531362365161805,5006,336,0.0671194566520175,5006,65,0.0129844186975629,17513,0.017513,63952.49243419174,0.7021019742589925
360610144024,360610144024,Block Group 4; Census Tract 144.02; New York County; New York,Manhattan,558,287,194,0.6759581881533101,188,91,0.4840425531914893,92,0.1648745519713261,262,0.4695340501792114,530,0.949820788530466,0,0.0,0,0.0,2,0.003584229390681,0,0.0,36061014402,6799,530,0.0779526400941314,6799,606,0.0891307545227239,6799,251,0.0369171937049566,19466,0.019466,28665.365252234664,0.7110391855533841
360610145004,360610145004,Block Group 4; Census Tract 145; New York County; New York,Manhattan,914,461,423,0.9175704989154012,505,33,0.0653465346534653,171,0.187089715536105,148,0.161925601750547,642,0.7024070021881839,0,0.0,91,0.099562363238512,100,0.1094091903719912,0,0.0,36061014500,6020,369,0.0612956810631229,7297,338,0.0463204056461559,7297,316,0.0433054680005481,29505,0.029505,30977.800372818165,0.8497439478960439
360610146014,360610146014,Block Group 4; Census Tract 146.01; New York County; New York,Manhattan,1862,1089,959,0.8806244260789715,952,358,0.3760504201680672,208,0.1117078410311493,497,0.2669172932330827,1504,0.807733619763695,0,0.0,224,0.1203007518796992,120,0.0644468313641246,0,0.0,36061014601,3922,504,0.1285058643549209,3922,367,0.0935747067822539,3922,58,0.0147883732789393,18388,0.018388,101261.69240809225,0.7138303128817667
360610146024,360610146024,Block Group 4; Census Tract 146.02; New York County; New York,Manhattan,1291,936,907,0.969017094017094,786,558,0.7099236641221374,0,0.0,508,0.3934934159566228,800,0.6196746707978311,58,0.0449264136328427,156,0.120836560805577,219,0.1696359411309062,0,0.0,36061014602,8144,549,0.0674115913555992,8144,1245,0.1528732809430255,8144,199,0.024435166994106,17265,0.017265,74775.55748624385,0.7839761417247195
360610148024,360610148024,Block Group 4; Census Tract 148.02; New York County; New York,Manhattan,1615,918,732,0.7973856209150327,854,363,0.4250585480093676,330,0.2043343653250774,377,0.2334365325077399,1239,0.7671826625386997,18,0.0111455108359133,99,0.0613003095975232,156,0.096594427244582,0,0.0,36061014802,7150,269,0.0376223776223776,7150,478,0.0668531468531468,7150,720,0.1006993006993007,24845,0.024845,65003.01871603945,0.8415944086188921
360610149004,360610149004,Block Group 4; Census Tract 149; New York County; New York,Manhattan,1564,843,732,0.8683274021352313,709,148,0.2087447108603667,114,0.0728900255754475,459,0.2934782608695652,961,0.6144501278772379,0,0.0,348,0.2225063938618925,217,0.1387468030690537,18,0.0213523131672597,36061014900,5681,518,0.0911811300827319,6074,467,0.0768850839644385,6074,60,0.0098781692459664,22165,0.022165,70561.69636814798,0.8125639619568568
360610015024,360610015024,Block Group 4; Census Tract 15.02; New York County; New York,Manhattan,2275,1255,1255,1.0,2134,920,0.4311152764761012,0,0.0,81,0.0356043956043956,1221,0.5367032967032968,228,0.1002197802197802,487,0.214065934065934,154,0.0676923076923076,0,0.0,36061001502,7414,430,0.0579983814405179,8373,397,0.0474143078944225,8373,321,0.0383375134360444,33888,0.033888,67132.90840415486,0.8694378658993882
360610150024,360610150024,Block Group 4; Census Tract 150.02; New York County; New York,Manhattan,557,320,220,0.6875,189,79,0.4179894179894179,35,0.0628366247755834,317,0.5691202872531418,509,0.9138240574506284,0,0.0,34,0.0610412926391382,14,0.0251346499102333,0,0.0,36061015002,4904,149,0.0303833605220228,4904,317,0.0646411092985318,4904,40,0.0081566068515497,37089,0.037089,15017.929844428269,0.8899807588033527
360610152004,360610152004,Block Group 4; Census Tract 152; New York County; New York,Manhattan,1016,509,509,1.0,613,239,0.3898858075040783,236,0.2322834645669291,163,0.1604330708661417,674,0.6633858267716536,27,0.0265748031496063,20,0.0196850393700787,227,0.2234251968503937,0,0.0,36061015200,7667,1604,0.209208295291509,7667,1367,0.1782965958001826,7667,241,0.0314334159384374,17751,0.017751,57236.21204439187,0.7597284180933644
360610153024,360610153024,Block Group 4; Census Tract 153.02; New York County; New York,Manhattan,516,288,288,1.0,381,128,0.3359580052493438,80,0.1550387596899224,57,0.1104651162790697,394,0.7635658914728682,0,0.0,28,0.0542635658914728,94,0.1821705426356589,0,0.0,36061015302,5448,335,0.0614904552129221,5448,435,0.0798458149779735,5448,167,0.0306534508076358,13247,0.013247,38952.215595983995,0.8269746621716946
360610154014,360610154014,Block Group 4; Census Tract 154.01; New York County; New York,Manhattan,1344,828,809,0.9770531400966184,975,508,0.521025641025641,123,0.0915178571428571,166,0.1235119047619047,1043,0.7760416666666666,0,0.0,237,0.1763392857142857,31,0.0230654761904761,28,0.0338164251207729,36061015401,4594,155,0.0337396604266434,4563,629,0.1378479070786763,4563,445,0.0975235590620206,18264,0.018264,73587.38501971091,0.8853478676164227
360610154034,360610154034,Block Group 4; Census Tract 154.03; New York County; New York,Manhattan,2010,903,726,0.8039867109634552,1025,580,0.5658536585365853,321,0.1597014925373134,283,0.1407960199004975,1268,0.6308457711442786,0,0.0,221,0.1099502487562189,127,0.06318407960199,58,0.0642303433001107,36061015403,5055,555,0.1097922848664688,5055,556,0.1099901088031651,5055,138,0.0272997032640949,10586,0.010586,189873.41772151896,0.8210057947499144
360610155024,360610155024,Block Group 4; Census Tract 155.02; New York County; New York,Manhattan,785,536,353,0.6585820895522388,315,216,0.6857142857142857,33,0.0420382165605095,558,0.710828025477707,657,0.8369426751592357,0,0.0,99,0.1261146496815286,29,0.0369426751592356,0,0.0,36061015502,5500,697,0.1267272727272727,5500,590,0.1072727272727272,5500,73,0.0132727272727272,26575,0.026575,29539.04045155221,0.7024324460019367
360610156014,360610156014,Block Group 4; Census Tract 156.01; New York County; New York,Manhattan,2440,1218,1218,1.0,1674,908,0.5424133811230586,214,0.0877049180327868,113,0.046311475409836,1443,0.5913934426229508,25,0.0102459016393442,393,0.1610655737704918,330,0.1352459016393442,25,0.0205254515599343,36061015601,5120,621,0.1212890625,5120,514,0.100390625,5120,460,0.08984375,15311,0.015311,159362.5498007968,0.8666039681320381
360610157004,360610157004,Block Group 4; Census Tract 157; New York County; New York,Manhattan,1859,1021,938,0.9187071498530852,1001,402,0.4015984015984016,455,0.2447552447552447,587,0.3157611619150081,1299,0.6987627756858527,0,0.0,560,0.3012372243141474,0,0.0,0,0.0,36061015700,10219,450,0.0440356199236715,10669,966,0.0905426937857343,10669,388,0.0363670447089699,21687,0.021687,85719.55549407478,0.691627414084364
360610158014,360610158014,Block Group 4; Census Tract 158.01; New York County; New York,Manhattan,1538,621,490,0.789049919484702,844,471,0.5580568720379147,282,0.1833550065019505,277,0.1801040312093628,869,0.5650195058517555,0,0.0,77,0.0500650195058517,504,0.3276983094928478,13,0.0209339774557165,36061015801,4968,295,0.0593800322061191,5188,374,0.0720894371626831,5188,57,0.0109868928296067,25870,0.02587,59451.101662156936,0.8659497031196264
360610159004,360610159004,Block Group 4; Census Tract 159; New York County; New York,Manhattan,1031,562,433,0.7704626334519573,685,178,0.2598540145985401,122,0.1183317167798254,158,0.1532492725509214,583,0.565470417070805,0,0.0,233,0.2259941804073715,205,0.1988360814742968,0,0.0,36061015900,9194,481,0.0523167283010659,9194,760,0.0826626060474222,9194,236,0.0256689145094626,22115,0.022115,46619.941216368985,0.6983685107097599
360610160014,360610160014,Block Group 4; Census Tract 160.01; New York County; New York,Manhattan,765,360,214,0.5944444444444444,482,76,0.1576763485477178,80,0.1045751633986928,230,0.3006535947712418,681,0.8901960784313725,1,0.0013071895424836,40,0.0522875816993464,24,0.0313725490196078,0,0.0,36061016001,3118,86,0.0275817831943553,3118,274,0.0878768441308531,3118,58,0.018601667735728,25699,0.025699,29767.69524105996,0.8984638608596066
360610161004,360610161004,Block Group 4; Census Tract 161; New York County; New York,Manhattan,704,439,382,0.8701594533029613,432,169,0.3912037037037037,120,0.1704545454545454,122,0.1732954545454545,609,0.8650568181818182,16,0.0227272727272727,37,0.0525568181818181,14,0.0198863636363636,0,0.0,36061016100,5756,342,0.0594162612925642,5756,441,0.0766157053509381,5756,12,0.0020847810979847,22072,0.022072,31895.614353026456,0.6917989578317768
360610162004,360610162004,Block Group 4; Census Tract 162; New York County; New York,Manhattan,2734,1335,1335,1.0,869,736,0.8469505178365938,501,0.1832479882955376,469,0.1715435259692757,0,0.0,1403,0.5131675201170446,248,0.0907095830285296,946,0.346013167520117,243,0.1820224719101123,36061016200,9320,4456,0.4781115879828326,9320,1824,0.1957081545064377,9320,156,0.0167381974248927,57666,0.057666,47410.9527277772,0.768791785908311
360610163004,360610163004,Block Group 4; Census Tract 163; New York County; New York,Manhattan,1065,513,468,0.912280701754386,549,150,0.273224043715847,208,0.1953051643192488,331,0.3107981220657277,683,0.6413145539906103,0,0.0,228,0.2140845070422535,80,0.0751173708920187,23,0.0448343079922027,36061016300,7191,399,0.0554860241969128,7213,476,0.0659919589629835,7213,90,0.0124774712324968,27251,0.027251,39081.13463726101,0.6250795375047222
360610164004,360610164004,Block Group 4; Census Tract 164; New York County; New York,Manhattan,1049,417,415,0.9952038369304556,490,445,0.9081632653061223,171,0.1630123927550047,176,0.1677788369876072,56,0.0533841754051477,313,0.2983794089609151,116,0.1105815061963775,451,0.4299332697807436,85,0.2038369304556355,36061016400,8285,3079,0.3716354858177429,8310,2098,0.2524669073405535,8310,320,0.0385078219013237,34456,0.034456,30444.62502902252,0.8368942251087255
360610165004,360610165004,Block Group 4; Census Tract 165; New York County; New York,Manhattan,1165,553,442,0.7992766726943942,844,379,0.4490521327014218,100,0.0858369098712446,220,0.1888412017167382,940,0.8068669527896996,0,0.0,120,0.1030042918454935,48,0.0412017167381974,0,0.0,36061016500,7098,689,0.097069597069597,7098,842,0.1186249647788109,7098,32,0.0045083122006198,22534,0.022534,51699.65385639478,0.8139163359512531
360610166004,360610166004,Block Group 4; Census Tract 166; New York County; New York,Manhattan,1277,563,538,0.955595026642984,477,359,0.7526205450733753,336,0.2631166797180893,127,0.0994518402505873,425,0.3328112764291308,0,0.0,50,0.0391542678151918,645,0.5050900548159749,48,0.0852575488454707,36061016600,6760,2458,0.3636094674556213,6888,1381,0.2004936120789779,6888,392,0.056910569105691,25091,0.025091,50894.74313498865,0.8646901904257596
360610167004,360610167004,Block Group 4; Census Tract 167; New York County; New York,Manhattan,1721,777,710,0.9137709137709138,908,512,0.5638766519823789,355,0.2062754212667054,236,0.1371295758280069,1500,0.8715862870424173,0,0.0,214,0.1243463102847181,0,0.0,0,0.0,36061016700,7859,452,0.0575136785850617,7884,673,0.0853627600202942,7884,236,0.0299340436326737,25500,0.0255,67490.19607843137,0.679270750160873
360610169004,360610169004,Block Group 4; Census Tract 169; New York County; New York,Manhattan,1631,932,858,0.9206008583690988,1082,631,0.5831792975970426,58,0.035561005518087,238,0.1459227467811159,1041,0.6382587369711833,230,0.141017780502759,144,0.088289393010423,216,0.1324340895156345,39,0.0418454935622317,36061016900,8042,515,0.0640387963193235,8056,537,0.0666583912611718,8056,153,0.0189920556107249,44227,0.044227,36877.92524928211,0.7914036134054425
360610016004,360610016004,Block Group 4; Census Tract 16; New York County; New York,Manhattan,1024,509,433,0.8506876227897839,404,80,0.198019801980198,176,0.171875,297,0.2900390625,352,0.34375,47,0.0458984375,557,0.5439453125,0,0.0,146,0.2868369351669941,36061001600,7205,1244,0.1726578764746703,7221,846,0.1171582883257166,7221,335,0.0463924664173937,28874,0.028874,35464.431668629215,0.7771662428930137
360610170004,360610170004,Block Group 4; Census Tract 170; New York County; New York,Manhattan,1892,916,883,0.9639737991266376,688,274,0.3982558139534883,351,0.1855179704016913,551,0.2912262156448203,73,0.038583509513742,412,0.2177589852008456,428,0.226215644820296,957,0.5058139534883721,155,0.1692139737991266,36061017000,8766,2696,0.3075519050878393,8791,1176,0.1337731771129564,8791,830,0.0944147423501308,37323,0.037323,50692.602416740345,0.7953874277390292
360610171004,360610171004,Block Group 4; Census Tract 171; New York County; New York,Manhattan,763,295,269,0.911864406779661,403,267,0.6625310173697271,63,0.0825688073394495,232,0.3040629095674967,474,0.6212319790301442,114,0.1494102228047182,117,0.1533420707732634,58,0.0760157273918741,31,0.1050847457627118,36061017100,8295,1417,0.1708257986738999,8419,809,0.0960921724670388,8419,47,0.005582610761373,18754,0.018754,40684.653940492695,0.6048238016213032
360610172004,360610172004,Block Group 4; Census Tract 172; New York County; New York,Manhattan,1576,593,593,1.0,738,385,0.521680216802168,507,0.3217005076142132,147,0.0932741116751269,232,0.1472081218274111,113,0.0717005076142132,92,0.0583756345177665,1053,0.6681472081218274,71,0.1197301854974704,36061017200,5624,1439,0.2558677098150782,5630,931,0.1653641207815275,5630,516,0.0916518650088809,38934,0.038934,40478.75892536086,0.7220227434166402
360610173004,360610173004,Block Group 4; Census Tract 173; New York County; New York,Manhattan,1410,636,595,0.9355345911949684,908,498,0.5484581497797357,81,0.0574468085106383,438,0.3106382978723404,731,0.5184397163120568,68,0.0482269503546099,105,0.0744680851063829,479,0.3397163120567376,0,0.0,36061017300,9343,557,0.0596168254308038,9343,1055,0.1129187627100503,9343,120,0.0128438403082521,22209,0.022209,63487.775226259626,0.6851052915985767
360610175004,360610175004,Block Group 4; Census Tract 175; New York County; New York,Manhattan,1176,606,424,0.6996699669966997,819,326,0.398046398046398,139,0.1181972789115646,264,0.2244897959183673,899,0.7644557823129252,26,0.0221088435374149,67,0.0569727891156462,0,0.0,0,0.0,36061017500,9742,321,0.0329501129131595,9760,1141,0.116905737704918,9760,229,0.0234631147540983,21872,0.021872,53767.37381126555,0.8050047829971738
360610177004,360610177004,Block Group 4; Census Tract 177; New York County; New York,Manhattan,2623,958,958,1.0,1849,757,0.4094104921579232,442,0.1685093404498665,166,0.063286313381624,1570,0.5985512771635532,127,0.0484178421654594,314,0.1197102554327106,597,0.2276019824628288,33,0.034446764091858,36061017700,10030,1319,0.1315054835493519,10030,983,0.0980059820538384,10030,0,0.0,16546,0.016546,158527.74084370842,0.7009485513604907
360610179004,360610179004,Block Group 4; Census Tract 179; New York County; New York,Manhattan,2076,820,786,0.9585365853658536,1199,484,0.4036697247706422,388,0.186897880539499,395,0.1902697495183044,1249,0.6016377649325626,0,0.0,398,0.1917148362235067,127,0.0611753371868978,0,0.0,36061017900,9842,873,0.0887014834383255,9875,711,0.072,9875,877,0.0888101265822784,21878,0.021878,94889.84367858122,0.8002255875405563
360610180004,360610180004,Block Group 4; Census Tract 180; New York County; New York,Manhattan,330,180,180,1.0,75,22,0.2933333333333333,52,0.1575757575757575,24,0.0727272727272727,24,0.0727272727272727,198,0.6,0,0.0,108,0.3272727272727272,0,0.0,36061018000,6980,2358,0.3378223495702006,6980,1256,0.1799426934097421,6980,560,0.0802292263610315,15618,0.015618,21129.466000768345,0.7634875555595733
360610181004,360610181004,Block Group 4; Census Tract 181; New York County; New York,Manhattan,1040,648,648,1.0,193,98,0.5077720207253886,84,0.0807692307692307,709,0.6817307692307693,671,0.6451923076923077,292,0.2807692307692307,0,0.0,0,0.0,0,0.0,36061018100,8408,698,0.0830161750713606,8408,1053,0.1252378686964795,8408,174,0.0206945765937202,21673,0.021673,47985.97333087251,0.8474480664844568
360610182004,360610182004,Block Group 4; Census Tract 182; New York County; New York,Manhattan,1249,552,552,1.0,472,254,0.538135593220339,404,0.3234587670136108,80,0.0640512409927942,0,0.0,808,0.6469175340272217,127,0.1016813450760608,314,0.2514011208967174,122,0.2210144927536232,36061018200,7098,2791,0.3932093547478162,7266,1765,0.2429121937792458,7266,440,0.0605560143132397,36580,0.03658,34144.34117003827,0.7597021443237442
360610183004,360610183004,Block Group 4; Census Tract 183; New York County; New York,Manhattan,1504,691,643,0.9305354558610708,812,465,0.5726600985221675,379,0.2519946808510638,226,0.1502659574468085,1250,0.8311170212765957,25,0.0166223404255319,24,0.0159574468085106,164,0.1090425531914893,16,0.0231548480463096,36061018300,8440,1463,0.1733412322274881,8440,991,0.1174170616113744,8440,268,0.0317535545023696,22806,0.022806,65947.55766026484,0.7991156976986428
360610184004,360610184004,Block Group 4; Census Tract 184; New York County; New York,Manhattan,1174,492,492,1.0,196,118,0.6020408163265306,410,0.3492333901192504,198,0.1686541737649063,0,0.0,630,0.5366269165247018,153,0.1303236797274276,391,0.3330494037478705,89,0.1808943089430894,36061018400,8225,2108,0.2562917933130699,8225,1316,0.16,8225,296,0.0359878419452887,36412,0.036412,32242.1179830825,0.7488925904621822
360610187004,360610187004,Block Group 4; Census Tract 187; New York County; New York,Manhattan,1713,746,746,1.0,1123,717,0.6384683882457702,144,0.0840630472854641,285,0.1663747810858143,331,0.1932282545242265,98,0.0572095738470519,380,0.2218330414477524,904,0.527729130180969,0,0.0,36061018700,9862,952,0.0965321435814236,9907,860,0.0868073079640658,9907,205,0.0206924396891087,21798,0.021798,78585.1913019543,0.913110896381171
360610188004,360610188004,Block Group 4; Census Tract 188; New York County; New York,Manhattan,1455,895,895,1.0,840,424,0.5047619047619047,139,0.0955326460481099,79,0.0542955326460481,254,0.1745704467353951,419,0.2879725085910652,202,0.1388316151202749,580,0.3986254295532646,73,0.0815642458100558,36061018800,4676,1428,0.3053892215568862,4676,856,0.1830624465355004,4676,886,0.1894781864841745,34557,0.034557,42104.34933587985,0.7606427362390046
360610189004,360610189004,Block Group 4; Census Tract 189; New York County; New York,Manhattan,1472,695,650,0.935251798561151,663,354,0.5339366515837104,82,0.0557065217391304,146,0.0991847826086956,411,0.2792119565217391,62,0.0421195652173913,221,0.1501358695652173,650,0.4415760869565217,51,0.0733812949640287,36061018900,9819,3133,0.3190752622466646,9747,1644,0.1686672822406894,9747,171,0.0175438596491228,22437,0.022437,65605.9187948478,0.8912812690759864
360610018004,360610018004,Block Group 4; Census Tract 18; New York County; New York,Manhattan,892,461,461,1.0,248,153,0.6169354838709677,41,0.0459641255605381,369,0.413677130044843,321,0.3598654708520179,49,0.0549327354260089,357,0.4002242152466367,165,0.1849775784753363,170,0.368763557483731,36061001800,6386,1327,0.2077983088005011,6646,747,0.1123984351489617,6646,802,0.1206740896780018,21687,0.021687,41130.63125374648,0.8592193856916919
360610191004,360610191004,Block Group 4; Census Tract 191; New York County; New York,Manhattan,1895,1139,1108,0.9727831431079894,820,284,0.3463414634146341,230,0.1213720316622691,666,0.3514511873350923,1341,0.7076517150395778,297,0.1567282321899736,0,0.0,257,0.1356200527704485,226,0.1984196663740123,36061019100,7906,742,0.0938527700480647,8008,1122,0.1401098901098901,8008,351,0.0438311688311688,21316,0.021316,88900.3565396885,0.8666427500121223
360610193004,360610193004,Block Group 4; Census Tract 193; New York County; New York,Manhattan,971,306,306,1.0,662,213,0.3217522658610272,209,0.2152420185375901,0,0.0,433,0.4459320288362512,158,0.1627188465499485,91,0.0937178166838311,142,0.1462409886714727,0,0.0,36061019300,9098,1909,0.2098263354583425,9172,1605,0.1749890972525076,9172,639,0.069668556476232,20947,0.020947,46355.08664725259,0.8698806019461813
360610194004,360610194004,Block Group 4; Census Tract 194; New York County; New York,Manhattan,1720,732,732,1.0,956,575,0.6014644351464435,189,0.1098837209302325,244,0.141860465116279,92,0.0534883720930232,221,0.1284883720930232,65,0.0377906976744186,1342,0.7802325581395348,77,0.1051912568306011,36061019400,5879,1567,0.2665419288994727,5879,1177,0.2002041163463174,5879,285,0.0484776322503827,35427,0.035427,48550.54054816947,0.7866017544405198
360610195004,360610195004,Block Group 4; Census Tract 195; New York County; New York,Manhattan,1013,418,263,0.6291866028708134,603,334,0.5538971807628524,105,0.1036525172754195,219,0.2161895360315893,381,0.3761105626850938,90,0.0888450148075024,135,0.1332675222112537,407,0.40177690029615,0,0.0,36061019500,7235,1177,0.162681409813407,7632,741,0.0970911949685534,7632,342,0.0448113207547169,20743,0.020743,48835.75181989105,0.8701822170832961
360610199004,360610199004,Block Group 4; Census Tract 199; New York County; New York,Manhattan,2318,650,650,1.0,922,272,0.2950108459869848,119,0.0513373597929249,553,0.2385677308024159,1282,0.5530629853321829,272,0.1173425366695427,494,0.2131147540983606,239,0.1031061259706643,83,0.1276923076923077,36061019900,6060,1194,0.197029702970297,8527,824,0.0966342207106837,8527,283,0.0331886947343731,21795,0.021795,106354.66850195,0.8299496631390909
360610002024,360610002024,Block Group 4; Census Tract 2.02; New York County; New York,Manhattan,2442,1013,732,0.7226061204343535,1053,223,0.2117758784425451,545,0.2231777231777231,304,0.1244881244881244,1311,0.5368550368550369,19,0.0077805077805077,367,0.1502866502866502,597,0.2444717444717444,115,0.1135241855873642,36061000202,6601,1892,0.2866232389031964,6752,1431,0.2119372037914692,6752,243,0.0359893364928909,112847,0.112847,21639.919537072317,0.7519913846752807
360610201024,360610201024,Block Group 4; Census Tract 201.02; New York County; New York,Manhattan,750,356,305,0.8567415730337079,381,147,0.3858267716535433,109,0.1453333333333333,99,0.132,229,0.3053333333333333,357,0.476,39,0.052,99,0.132,0,0.0,36061020102,4148,650,0.156702025072324,4148,456,0.1099324975891996,4148,319,0.0769045323047251,22106,0.022106,33927.44051388763,0.8430643223326243
360610210004,360610210004,Block Group 4; Census Tract 210; New York County; New York,Manhattan,1363,641,633,0.9875195007800311,372,336,0.9032258064516128,518,0.38004402054292,63,0.0462215700660308,0,0.0,791,0.5803374908290535,36,0.0264123257520176,536,0.3932501834189288,21,0.0327613104524181,36061021000,6518,2392,0.3669837373427432,6552,1255,0.1915445665445665,6552,424,0.0647130647130647,40767,0.040767,33433.90487404028,0.8455196484694631
360610212004,360610212004,Block Group 4; Census Tract 212; New York County; New York,Manhattan,1667,1065,1065,1.0,910,534,0.5868131868131868,210,0.1259748050389922,393,0.235752849430114,233,0.1397720455908818,1180,0.7078584283143371,60,0.035992801439712,105,0.0629874025194961,16,0.0150234741784037,36061021200,5010,1037,0.2069860279441117,5036,455,0.0903494837172359,5036,239,0.0474583002382843,51408,0.051408,32426.859632741984,0.9099971750938596
360610213034,360610213034,Block Group 4; Census Tract 213.03; New York County; New York,Manhattan,1936,708,708,1.0,1196,554,0.4632107023411371,380,0.1962809917355372,76,0.0392561983471074,258,0.1332644628099173,1215,0.6275826446280992,74,0.0382231404958677,389,0.2009297520661157,161,0.2274011299435028,36061021303,5795,1228,0.21190681622088,5804,800,0.1378359751895244,5804,353,0.0608201240523776,26288,0.026288,73645.7699330493,0.6669487045513229
360610216004,360610216004,Block Group 4; Census Tract 216; New York County; New York,Manhattan,1671,701,673,0.9600570613409416,1036,555,0.5357142857142857,327,0.1956912028725314,75,0.044883303411131,616,0.3686415320167564,649,0.3883901855176541,149,0.0891681627767803,82,0.0490724117295032,0,0.0,36061021600,8905,1397,0.1568781583380123,8912,732,0.0821364452423698,8912,690,0.077423698384201,43814,0.043814,38138.494545122565,0.749446443916951
360610218004,360610218004,Block Group 4; Census Tract 218; New York County; New York,Manhattan,1979,805,805,1.0,986,628,0.6369168356997972,353,0.1783729156139464,98,0.0495199595755432,411,0.2076806467913087,443,0.2238504295098534,62,0.0313289540171803,936,0.4729661445174331,69,0.0857142857142857,36061021800,6127,849,0.1385669985310919,6128,864,0.1409921671018277,6128,337,0.0549934725848563,45445,0.045445,43547.14490042909,0.7537046775879626
360610219004,360610219004,Block Group 4; Census Tract 219; New York County; New York,Manhattan,918,276,276,1.0,208,78,0.375,425,0.4629629629629629,11,0.0119825708061002,0,0.0,195,0.2124183006535947,0,0.0,723,0.7875816993464052,54,0.1956521739130435,36061021900,5277,2042,0.386962289179458,5358,826,0.1541620007465472,5358,274,0.0511384845091452,36009,0.036009,25493.626593351662,0.8629235743011098
360610021004,360610021004,Block Group 4; Census Tract 21; New York County; New York,Manhattan,1598,677,662,0.9778434268833088,1030,497,0.4825242718446602,489,0.3060075093867334,73,0.0456821026282853,987,0.6176470588235294,0,0.0,360,0.2252816020025031,0,0.0,7,0.0103397341211226,36061002100,7441,69,0.0092729471845182,7441,318,0.0427361913721274,7441,85,0.0114231958070151,30571,0.030571,52271.7608190769,0.8712370850123405
360610022014,360610022014,Block Group 4; Census Tract 22.01; New York County; New York,Manhattan,2663,1124,1063,0.945729537366548,1059,505,0.4768649669499528,619,0.2324446113405933,712,0.2673676304919264,309,0.1160345475028163,359,0.1348103642508449,637,0.2392039053698836,1149,0.4314682688696958,147,0.1307829181494662,36061002201,6780,1971,0.2907079646017699,6780,1387,0.2045722713864306,6780,463,0.0682890855457227,56232,0.056232,47357.3765827287,0.6843837589082558
360610220004,360610220004,Block Group 4; Census Tract 220; New York County; New York,Manhattan,1828,919,919,1.0,1247,482,0.3865276663993585,141,0.0771334792122538,333,0.1821663019693654,494,0.2702407002188184,555,0.3036105032822757,183,0.1001094091903719,596,0.3260393873085339,182,0.1980413492927094,36061022000,6017,1513,0.2514542130629882,6087,501,0.0823065549531789,6087,336,0.055199605717102,31927,0.031927,57255.61437028221,0.7473663189466517
360610223014,360610223014,Block Group 4; Census Tract 223.01; New York County; New York,Manhattan,2122,701,701,1.0,976,158,0.1618852459016393,127,0.0598491988689915,233,0.1098020735155513,118,0.0556079170593779,734,0.3459000942507069,201,0.0947219604147031,1013,0.4773798303487276,172,0.2453637660485021,36061022301,7226,2307,0.3192637697204539,7226,1169,0.1617769166897315,7226,485,0.0671187378909493,18444,0.018444,115050.965083496,0.4845675144775739
360610224004,360610224004,Block Group 4; Census Tract 224; New York County; New York,Manhattan,2197,1058,1058,1.0,581,483,0.8313253012048193,463,0.2107419208010923,417,0.189804278561675,0,0.0,1336,0.6081019572143832,0,0.0,805,0.3664087391898042,69,0.0652173913043478,36061022400,6591,2756,0.4181459566074951,6641,1362,0.205089594940521,6641,349,0.0525523264568589,43037,0.043037,51049.097288379766,0.8688982841987416
360610225004,360610225004,Block Group 4; Census Tract 225; New York County; New York,Manhattan,1008,301,301,1.0,392,203,0.5178571428571429,280,0.2777777777777778,55,0.054563492063492,142,0.1408730158730158,412,0.4087301587301587,0,0.0,454,0.4503968253968254,67,0.2225913621262458,36061022500,11262,2790,0.2477357485348961,11309,1853,0.1638517994517641,11309,653,0.0577416217172163,15695,0.015695,64224.275246893914,0.6307387010710475
360610228004,360610228004,Block Group 4; Census Tract 228; New York County; New York,Manhattan,1322,623,288,0.4622792937399679,749,286,0.3818424566088118,211,0.1596066565809379,311,0.2352496217851739,476,0.3600605143721634,621,0.4697428139183056,0,0.0,84,0.0635400907715582,0,0.0,36061022800,5663,1384,0.2443934310436164,5713,1020,0.1785401715385962,5713,169,0.0295816558725713,43523,0.043523,30374.744388024723,0.8237213104769122
360610229004,360610229004,Block Group 4; Census Tract 229; New York County; New York,Manhattan,1728,586,487,0.8310580204778157,621,332,0.534621578099839,271,0.1568287037037037,191,0.1105324074074074,260,0.1504629629629629,608,0.3518518518518518,29,0.0167824074074074,661,0.3825231481481481,84,0.1433447098976109,36061022900,7702,2360,0.3064139184627369,7702,1044,0.1355492079979226,7702,480,0.0623214749415736,21668,0.021668,79748.93852685989,0.6163784823027912
360610230004,360610230004,Block Group 4; Census Tract 230; New York County; New York,Manhattan,2873,991,991,1.0,334,279,0.8353293413173652,532,0.1851722937695788,581,0.2022276366167769,55,0.0191437521754263,1784,0.6209537069265576,57,0.0198398886181691,447,0.1555864949530108,0,0.0,36061023000,8764,4277,0.4880191693290734,8773,2185,0.2490596147270033,8773,401,0.0457084235723241,43471,0.043471,66090.03703618504,0.8039974994014265
360610231004,360610231004,Block Group 4; Census Tract 231; New York County; New York,Manhattan,2850,1200,1174,0.9783333333333334,1638,1062,0.6483516483516484,547,0.1919298245614035,370,0.1298245614035087,463,0.1624561403508772,1426,0.5003508771929824,95,0.0333333333333333,665,0.2333333333333333,44,0.0366666666666666,36061023100,7110,1493,0.2099859353023909,7126,729,0.1023014313780522,7126,396,0.0555711479090653,35524,0.035524,80227.45186352888,0.6090824779283306
360610232004,360610232004,Block Group 4; Census Tract 232; New York County; New York,Manhattan,2714,962,962,1.0,1231,912,0.7408610885458976,581,0.214075165806927,313,0.1153279292557111,192,0.0707442888725129,1600,0.5895357406042742,0,0.0,900,0.3316138540899042,34,0.0353430353430353,36061023200,9183,4815,0.5243384514864423,9183,1595,0.1736905150822171,9183,710,0.077316781008385,46812,0.046812,57976.58719986329,0.7334819976778603
360610236004,360610236004,Block Group 4; Census Tract 236; New York County; New York,Manhattan,3611,1768,1489,0.8421945701357466,1222,1058,0.8657937806873978,82,0.0227083910274162,769,0.2129603987815009,0,0.0,2626,0.7272223760731099,0,0.0,694,0.1921905289393519,54,0.0305429864253393,36061023600,11040,1708,0.1547101449275362,11042,2175,0.1969751856547726,11042,515,0.0466401014309002,42519,0.042519,84926.73863449281,0.9016837471346488
360610241004,360610241004,Block Group 4; Census Tract 241; New York County; New York,Manhattan,1627,729,729,1.0,563,367,0.6518650088809946,201,0.1235402581438229,319,0.1960663798401966,125,0.0768285187461585,414,0.2544560540872772,13,0.0079901659496004,1058,0.6502765826674862,127,0.1742112482853223,36061024100,7838,1663,0.2121714723143659,7915,1943,0.245483259633607,7915,788,0.099557801642451,21739,0.021739,74842.44905469433,0.8480986667494421
360610245004,360610245004,Block Group 4; Census Tract 245; New York County; New York,Manhattan,2741,1015,1015,1.0,685,446,0.6510948905109489,862,0.3144837650492521,293,0.1068952936884348,301,0.1098139365195184,358,0.1306092666909886,176,0.064210142283838,1686,0.6151039766508574,134,0.1320197044334975,36061024500,14577,4599,0.315497015846882,14577,3485,0.2390752555395486,14577,528,0.0362214447417164,40625,0.040625,67470.76923076923,0.8075280474981736
360610247004,360610247004,Block Group 4; Census Tract 247; New York County; New York,Manhattan,731,184,184,1.0,264,219,0.8295454545454546,246,0.3365253077975376,71,0.0971272229822161,53,0.0725034199726402,0,0.0,54,0.0738714090287277,624,0.853625170998632,63,0.3423913043478261,36061024700,6102,1172,0.1920681743690593,6102,1554,0.2546705998033431,6102,138,0.0226155358898721,16128,0.016128,45324.90079365079,0.8197128299974595
360610253004,360610253004,Block Group 4; Census Tract 253; New York County; New York,Manhattan,1284,634,611,0.9637223974763408,566,342,0.6042402826855123,164,0.1277258566978193,436,0.3395638629283489,237,0.1845794392523364,27,0.0210280373831775,49,0.0381619937694704,928,0.7227414330218068,37,0.0583596214511041,36061025300,10132,1826,0.1802210817212791,10172,1541,0.1514942980731419,10172,555,0.0545615414864333,42505,0.042505,30208.21079872956,0.8729198953296803
360610255004,360610255004,Block Group 4; Census Tract 255; New York County; New York,Manhattan,814,338,338,1.0,569,450,0.7908611599297012,17,0.0208845208845208,79,0.097051597051597,252,0.3095823095823096,0,0.0,62,0.0761670761670761,428,0.5257985257985258,5,0.014792899408284,36061025500,4574,915,0.20004372540446,5480,694,0.1266423357664233,5480,433,0.0790145985401459,22383,0.022383,36366.88558280838,0.8351074253008092
360610025004,360610025004,Block Group 4; Census Tract 25; New York County; New York,Manhattan,1873,956,956,1.0,514,239,0.4649805447470817,198,0.1057127602776294,594,0.3171382808328884,52,0.0277629471436198,355,0.189535504538174,876,0.4676988788040576,536,0.2861719167111585,444,0.4644351464435146,36061002500,4476,2408,0.5379803395889187,4476,904,0.2019660411081322,4476,148,0.033065236818588,29446,0.029446,63607.960334171024,0.7689738894818563
360610261004,360610261004,Block Group 4; Census Tract 261; New York County; New York,Manhattan,1639,469,469,1.0,656,313,0.4771341463414634,570,0.3477730323367907,72,0.0439292251372788,24,0.0146430750457596,24,0.0146430750457596,146,0.0890787065283709,1445,0.8816351433801098,73,0.1556503198294243,36061026100,11982,4282,0.357369387414455,12041,2403,0.1995681421808819,12041,1529,0.1269828087368159,21795,0.021795,75200.73411332876,0.818297051736107
360610263004,360610263004,Block Group 4; Census Tract 263; New York County; New York,Manhattan,1620,667,667,1.0,727,329,0.452544704264099,155,0.095679012345679,284,0.1753086419753086,476,0.2938271604938272,34,0.0209876543209876,0,0.0,1061,0.6549382716049382,118,0.176911544227886,36061026300,8342,1502,0.1800527451450491,8342,1344,0.1611124430592184,8342,1239,0.1485255334452169,45878,0.045878,35311.04232965691,0.9150357122172356
360610265004,360610265004,Block Group 4; Census Tract 265; New York County; New York,Manhattan,1850,402,402,1.0,871,719,0.8254879448909299,236,0.1275675675675675,195,0.1054054054054054,340,0.1837837837837838,39,0.021081081081081,68,0.0367567567567567,1380,0.745945945945946,105,0.2611940298507462,36061026500,7665,852,0.1111545988258317,7702,955,0.1239937678525058,7702,660,0.0856920280446637,34785,0.034785,53183.843610751755,0.9142836041102969
360610269004,360610269004,Block Group 4; Census Tract 269; New York County; New York,Manhattan,1010,468,468,1.0,392,184,0.4693877551020408,15,0.0148514851485148,399,0.395049504950495,333,0.3297029702970297,14,0.0138613861386138,0,0.0,663,0.6564356435643565,280,0.5982905982905983,36061026900,7414,1069,0.1441866738602643,7594,1256,0.1653937318936002,7594,507,0.0667632341322096,32090,0.03209,31473.979432845124,0.9468743512296264
360610271004,360610271004,Block Group 4; Census Tract 271; New York County; New York,Manhattan,1440,606,606,1.0,792,703,0.8876262626262627,182,0.1263888888888888,373,0.2590277777777778,371,0.2576388888888888,362,0.2513888888888889,29,0.0201388888888888,668,0.4638888888888889,28,0.0462046204620462,36061027100,7742,1165,0.1504779126840609,7742,861,0.1112115732368897,7742,721,0.093128390596745,40744,0.040744,35342.62713528372,0.8624076681299833
360610273004,360610273004,Block Group 4; Census Tract 273; New York County; New York,Manhattan,1627,537,519,0.9664804469273744,692,243,0.3511560693641618,586,0.3601720958819914,180,0.1106330669944683,1361,0.8365089121081746,28,0.0172095881991395,22,0.0135218192993239,177,0.1087891825445605,31,0.0577281191806331,36061027300,7434,332,0.0446596717783158,7434,552,0.0742534301856335,7434,102,0.0137207425343018,28032,0.028032,58040.8105022831,0.9186574047318394
360610277004,360610277004,Block Group 4; Census Tract 277; New York County; New York,Manhattan,1719,482,482,1.0,678,440,0.6489675516224189,338,0.1966259453170448,116,0.0674810936591041,0,0.0,35,0.0203606748109365,0,0.0,1575,0.9162303664921466,213,0.441908713692946,36061027700,5817,1307,0.2246862643974557,5817,778,0.1337459171394189,5817,449,0.0771875537218497,17331,0.017331,99186.42894235764,0.8769659009323812
360610279004,360610279004,Block Group 4; Census Tract 279; New York County; New York,Manhattan,1236,730,724,0.9917808219178084,803,407,0.5068493150684932,87,0.0703883495145631,174,0.1407766990291262,352,0.284789644012945,50,0.0404530744336569,35,0.0283171521035598,700,0.5663430420711975,143,0.1958904109589041,36061027900,9587,1033,0.1077500782309377,9587,1130,0.1178679461771148,9587,679,0.0708250756232398,48371,0.048371,25552.500465154742,0.872607828229836
360610283004,360610283004,Block Group 4; Census Tract 283; New York County; New York,Manhattan,2752,948,948,1.0,1405,914,0.6505338078291815,396,0.1438953488372093,314,0.1140988372093023,71,0.0257994186046511,88,0.0319767441860465,0,0.0,2515,0.9138808139534884,164,0.1729957805907173,36061028300,7961,1315,0.1651802537369677,8016,1332,0.1661676646706587,8016,715,0.0891966067864271,38612,0.038612,71273.17932249041,0.881574144271965
360610285004,360610285004,Block Group 4; Census Tract 285; New York County; New York,Manhattan,1918,476,476,1.0,595,269,0.4521008403361344,373,0.1944734098018769,474,0.2471324296141814,136,0.0709071949947862,45,0.0234619395203336,0,0.0,1723,0.8983315954118873,59,0.1239495798319327,36061028500,7045,2130,0.3023420865862313,7094,986,0.1389906963631237,7094,525,0.0740062024245841,24910,0.02491,76997.18988358088,0.8043906177683622
360610028004,360610028004,Block Group 4; Census Tract 28; New York County; New York,Manhattan,2369,1144,1000,0.8741258741258742,864,492,0.5694444444444444,302,0.1274799493457155,632,0.2667792317433516,315,0.1329674968341072,195,0.0823132123258758,730,0.3081468974250739,1069,0.4512452511608273,275,0.2403846153846154,36061002800,6483,1262,0.1946629646768471,6497,1636,0.2518085270124673,6497,167,0.0257041711559181,92017,0.092017,25745.242726887423,0.7173228119695084
360610291004,360610291004,Block Group 4; Census Tract 291; New York County; New York,Manhattan,1672,497,497,1.0,1032,808,0.7829457364341085,221,0.1321770334928229,219,0.1309808612440191,54,0.0322966507177033,74,0.0442583732057416,0,0.0,1526,0.9126794258373204,68,0.1368209255533199,36061029100,10834,1528,0.1410374746169466,10870,1568,0.1442502299908003,10870,546,0.0502299908003679,50534,0.050534,33086.634740966474,0.6737212670388817
360610293004,360610293004,Block Group 4; Census Tract 293; New York County; New York,Manhattan,1122,484,484,1.0,716,452,0.6312849162011173,157,0.1399286987522281,266,0.2370766488413547,112,0.0998217468805704,46,0.0409982174688057,47,0.0418894830659536,850,0.7575757575757576,165,0.3409090909090909,36061029300,8011,2866,0.357758082636375,8011,1674,0.2089626763200599,8011,555,0.0692797403570091,29929,0.029929,37488.72331183802,0.5240797768482223
360610295004,360610295004,Block Group 4; Census Tract 295; New York County; New York,Manhattan,1685,649,583,0.8983050847457628,849,526,0.6195524146054181,358,0.2124629080118694,356,0.2112759643916913,678,0.4023738872403561,22,0.0130563798219584,186,0.1103857566765578,777,0.4611275964391691,108,0.1664098613251155,36061029500,7564,419,0.0553939714436805,7565,920,0.1216126900198281,7565,455,0.0601454064771976,36994,0.036994,45547.926690814726,0.7779783463021248
360610030014,360610030014,Block Group 4; Census Tract 30.01; New York County; New York,Manhattan,610,328,293,0.8932926829268293,269,83,0.3085501858736059,0,0.0,183,0.3,111,0.1819672131147541,0,0.0,271,0.4442622950819672,212,0.3475409836065574,9,0.0274390243902439,36061003001,4256,790,0.1856203007518796,4270,582,0.1362997658079625,4270,187,0.0437939110070257,30850,0.03085,19773.095623987036,0.7481665126090427
360610309004,360610309004,Block Group 4; Census Tract 309; New York County; New York,Manhattan,2269,708,671,0.9477401129943502,1260,609,0.4833333333333333,455,0.2005288673424416,438,0.1930365799911855,54,0.0237990304098721,90,0.0396650506831203,0,0.0,2094,0.9228735125605994,174,0.2457627118644068,36061030900,10253,3760,0.3667219350434019,10253,2809,0.2739685945576904,10253,432,0.042134009558178,48863,0.048863,46435.9535845118,0.698493251543302
360610317044,360610317044,Block Group 4; Census Tract 317.04; New York County; New York,Manhattan,1540,808,808,1.0,1199,379,0.3160967472894078,130,0.0844155844155844,91,0.059090909090909,913,0.5928571428571429,1,0.0006493506493506,585,0.3798701298701298,41,0.0266233766233766,0,0.0,36061031704,10097,333,0.0329800930969594,10097,273,0.0270377339803902,10097,259,0.0256511835198573,60515,0.060515,25448.235974551764,0.7728856808405011
360610032004,360610032004,Block Group 4; Census Tract 32; New York County; New York,Manhattan,637,460,421,0.915217391304348,220,52,0.2363636363636363,0,0.0,306,0.4803767660910518,424,0.6656200941915228,0,0.0,200,0.3139717425431711,13,0.0204081632653061,62,0.1347826086956521,36061003200,7866,1135,0.1442918891431477,7866,1007,0.1280193236714976,7866,361,0.0458937198067632,16816,0.016816,37880.589914367265,0.8391457444157566
360610033004,360610033004,Block Group 4; Census Tract 33; New York County; New York,Manhattan,1447,642,570,0.8878504672897196,909,302,0.3322332233223322,246,0.1700069108500345,213,0.1472011057360055,947,0.6544574982722875,0,0.0,236,0.1630960608154803,70,0.0483759502418797,104,0.1619937694704049,36061003300,5951,206,0.0346160309191732,5951,241,0.0404973953957318,5951,210,0.0352881868593513,63224,0.063224,22886.87840060736,0.7743004796990731
360610034004,360610034004,Block Group 4; Census Tract 34; New York County; New York,Manhattan,1904,881,726,0.8240635641316686,1385,696,0.5025270758122744,248,0.1302521008403361,176,0.0924369747899159,1115,0.585609243697479,129,0.0677521008403361,59,0.0309873949579831,586,0.3077731092436975,42,0.0476730987514188,36061003400,6990,1200,0.1716738197424892,6990,574,0.0821173104434907,6990,327,0.0467811158798283,36708,0.036708,51868.80244088482,0.8557541943264388
360610038004,360610038004,Block Group 4; Census Tract 38; New York County; New York,Manhattan,1250,644,644,1.0,773,240,0.3104786545924967,146,0.1168,263,0.2104,859,0.6872,26,0.0208,145,0.116,220,0.176,0,0.0,36061003800,7018,1245,0.1774009689370191,7254,629,0.0867107802591673,7254,234,0.032258064516129,17764,0.017764,70367.03445170008,0.792737780179744
360610039004,360610039004,Block Group 4; Census Tract 39; New York County; New York,Manhattan,538,241,241,1.0,278,93,0.3345323741007194,100,0.1858736059479553,78,0.1449814126394052,254,0.4721189591078067,16,0.0297397769516728,72,0.1338289962825278,81,0.1505576208178438,24,0.0995850622406639,36061003900,5699,1061,0.1861730128092648,5699,745,0.1307246885418494,5699,57,0.0100017546938059,40617,0.040617,13245.685304182978,0.8432264073682465
360610040024,360610040024,Block Group 4; Census Tract 40.02; New York County; New York,Manhattan,1386,313,313,1.0,641,218,0.3400936037441497,133,0.0959595959595959,80,0.0577200577200577,732,0.5281385281385281,117,0.0844155844155844,201,0.145021645021645,243,0.1753246753246753,16,0.0511182108626198,36061004002,4684,877,0.1872331340734415,6268,300,0.0478621569878749,6268,111,0.0177089980855137,32520,0.03252,42619.926199261994,0.8581993608287165
360610041004,360610041004,Block Group 4; Census Tract 41; New York County; New York,Manhattan,1182,649,616,0.9491525423728814,523,133,0.254302103250478,33,0.0279187817258883,174,0.1472081218274111,448,0.3790186125211506,0,0.0,685,0.5795262267343486,34,0.0287648054145516,36,0.0554699537750385,36061004100,6495,871,0.1341031562740569,6889,565,0.082014806212803,6889,380,0.0551604006386993,30922,0.030922,38225.21182329733,0.7936487061232138
360610044004,360610044004,Block Group 4; Census Tract 44; New York County; New York,Manhattan,2290,1208,1208,1.0,1203,498,0.4139650872817955,243,0.1061135371179039,562,0.245414847161572,1895,0.8275109170305677,0,0.0,178,0.0777292576419214,140,0.0611353711790393,220,0.1821192052980132,36061004400,16963,1589,0.0936744679596769,16963,947,0.055827389023168,16963,510,0.0300654365383481,53757,0.053757,42599.10337258404,0.8028005521644901
360610048004,360610048004,Block Group 4; Census Tract 48; New York County; New York,Manhattan,1222,492,319,0.6483739837398373,649,415,0.6394453004622496,86,0.0703764320785597,390,0.3191489361702128,853,0.6980360065466449,86,0.0703764320785597,136,0.1112929623567921,109,0.0891980360065466,0,0.0,36061004800,6012,589,0.0979707252162341,6931,431,0.0621843889770595,6931,44,0.0063482902900014,18854,0.018854,64813.83260846505,0.9058307311867247
360610050004,360610050004,Block Group 4; Census Tract 50; New York County; New York,Manhattan,1283,963,892,0.9262720664589824,832,379,0.4555288461538461,119,0.0927513639906469,339,0.2642244738893219,1019,0.79423226812159,0,0.0,128,0.0997661730319563,0,0.0,34,0.0353063343717549,36061005000,4706,388,0.0824479388015299,4774,218,0.0456640134059488,4774,25,0.0052366987850858,23010,0.02301,55758.365927857456,0.8525793804584407
360610059004,360610059004,Block Group 4; Census Tract 59; New York County; New York,Manhattan,734,398,301,0.7562814070351759,394,141,0.3578680203045685,69,0.0940054495912806,173,0.2356948228882834,388,0.5286103542234333,0,0.0,266,0.3623978201634877,33,0.044959128065395,0,0.0,36061005900,4217,261,0.0618923405264405,5120,386,0.075390625,5120,242,0.047265625,17384,0.017384,42222.7335480902,0.7697403676586907
360610063004,360610063004,Block Group 4; Census Tract 63; New York County; New York,Manhattan,1065,618,618,1.0,542,260,0.4797047970479705,57,0.0535211267605633,374,0.3511737089201878,930,0.8732394366197183,29,0.0272300469483568,93,0.0873239436619718,13,0.012206572769953,0,0.0,36061006300,5544,587,0.1058802308802308,5759,595,0.1033165480118076,5759,125,0.0217051571453377,23184,0.023184,45936.85300207039,0.8689908215341082
360610064004,360610064004,Block Group 4; Census Tract 64; New York County; New York,Manhattan,1282,892,892,1.0,517,85,0.1644100580270793,142,0.110764430577223,158,0.1232449297971918,630,0.4914196567862715,340,0.2652106084243369,82,0.06396255850234,104,0.0811232449297972,79,0.0885650224215246,36061006400,7421,1375,0.1852850020212909,7726,693,0.0896971265855552,7726,328,0.0424540512555009,53743,0.053743,23854.269393223305,0.9004524720959788
360610065004,360610065004,Block Group 4; Census Tract 65; New York County; New York,Manhattan,955,578,578,1.0,739,295,0.3991880920162381,0,0.0,176,0.1842931937172774,817,0.8554973821989529,0,0.0,49,0.0513089005235602,19,0.0198952879581151,0,0.0,36061006500,4436,258,0.0581605049594229,5560,289,0.051978417266187,5560,215,0.0386690647482014,22230,0.02223,42959.96401259559,0.7664695067397572
360610066004,360610066004,Block Group 4; Census Tract 66; New York County; New York,Manhattan,1965,1256,857,0.6823248407643312,1178,201,0.1706281833616298,0,0.0,862,0.438676844783715,1529,0.778117048346056,0,0.0,141,0.0717557251908397,209,0.1063613231552162,0,0.0,36061006600,10552,1698,0.1609173616376042,11032,1602,0.1452139231327048,11032,252,0.0228426395939086,16977,0.016977,115744.83124226896,0.8086196193782416
360610067004,360610067004,Block Group 4; Census Tract 67; New York County; New York,Manhattan,907,655,592,0.9038167938931296,685,252,0.3678832116788321,9,0.0099228224917309,186,0.2050716648291069,768,0.8467475192943771,19,0.0209481808158765,77,0.0848952590959206,35,0.0385887541345093,0,0.0,36061006700,4587,289,0.0630041421408327,4587,432,0.0941792020928711,4587,207,0.0451275343361674,64263,0.064263,14113.875791668612,0.8203286905714284
360610068004,360610068004,Block Group 4; Census Tract 68; New York County; New York,Manhattan,1590,294,294,1.0,374,99,0.2647058823529412,0,0.0,187,0.1176100628930817,521,0.3276729559748427,308,0.1937106918238993,281,0.1767295597484276,469,0.2949685534591195,143,0.4863945578231292,36061006800,5289,576,0.1089052750992626,6430,486,0.0755832037325038,6430,177,0.0275272161741835,26120,0.02612,60872.8943338438,0.8905248717810741
360610006004,360610006004,Block Group 4; Census Tract 6; New York County; New York,Manhattan,1184,245,226,0.9224489795918368,369,81,0.2195121951219512,321,0.2711148648648648,301,0.2542229729729729,167,0.1410472972972972,45,0.0380067567567567,859,0.7255067567567568,55,0.0464527027027027,1,0.0040816326530612,36061000600,10068,3492,0.3468414779499404,10068,1199,0.1190901867302344,10068,232,0.0230433055224473,21493,0.021493,55087.702973060994,0.75562674322628
360610070014,360610070014,Block Group 4; Census Tract 70.01; New York County; New York,Manhattan,1170,484,207,0.4276859504132231,378,19,0.0502645502645502,380,0.3247863247863248,284,0.2427350427350427,1084,0.9264957264957264,0,0.0,71,0.0606837606837606,15,0.0128205128205128,0,0.0,36061007001,3841,85,0.0221296537360062,3997,310,0.0775581686264698,3997,83,0.0207655741806354,21458,0.021458,54525.11883679746,0.8805690246643089
360610070024,360610070024,Block Group 4; Census Tract 70.02; New York County; New York,Manhattan,584,357,311,0.8711484593837535,491,137,0.2790224032586558,12,0.0205479452054794,63,0.1078767123287671,474,0.8116438356164384,0,0.0,29,0.0496575342465753,54,0.0924657534246575,13,0.0364145658263305,36061007002,3479,278,0.0799080195458465,3479,336,0.096579476861167,3479,33,0.0094854843345789,17104,0.017104,34144.05986903648,0.7981520660849902
360610071004,360610071004,Block Group 4; Census Tract 71; New York County; New York,Manhattan,746,455,426,0.9362637362637364,569,350,0.6151142355008787,46,0.0616621983914209,145,0.1943699731903485,648,0.868632707774799,21,0.0281501340482573,19,0.0254691689008042,0,0.0,0,0.0,36061007100,5166,201,0.0389082462253193,5231,160,0.030586885872682,5231,159,0.0303957178359778,30790,0.03079,24228.64566417668,0.9146376473137038
360610072004,360610072004,Block Group 4; Census Tract 72; New York County; New York,Manhattan,1905,1003,964,0.9611166500498504,1394,552,0.3959827833572453,212,0.1112860892388451,119,0.0624671916010498,1271,0.6671916010498687,97,0.0509186351706036,257,0.1349081364829396,56,0.0293963254593175,46,0.0458624127617148,36061007200,6899,446,0.0646470502971445,7108,157,0.0220877884074282,7108,134,0.0188519977490151,36410,0.03641,52320.79099148586,0.8086168172493324
360610073004,360610073004,Block Group 4; Census Tract 73; New York County; New York,Manhattan,748,521,494,0.9481765834932822,588,97,0.1649659863945578,11,0.0147058823529411,134,0.1791443850267379,583,0.7794117647058824,3,0.0040106951871657,121,0.1617647058823529,1,0.0013368983957219,11,0.0211132437619961,36061007300,5393,572,0.1060634155386612,5393,136,0.0252178750231781,5393,97,0.0179862785091785,34897,0.034897,21434.50726423475,0.6940873542633961
360610074004,360610074004,Block Group 4; Census Tract 74; New York County; New York,Manhattan,815,391,324,0.8286445012787724,630,169,0.2682539682539682,0,0.0,99,0.1214723926380368,628,0.7705521472392638,22,0.0269938650306748,113,0.1386503067484662,19,0.0233128834355828,0,0.0,36061007400,4748,641,0.1350042122999157,5355,279,0.0521008403361344,5355,153,0.0285714285714285,12625,0.012625,64554.45544554455,0.7468569424011527
360610077004,360610077004,Block Group 4; Census Tract 77; New York County; New York,Manhattan,1157,555,539,0.9711711711711712,884,455,0.5147058823529411,89,0.0769230769230769,62,0.0535868625756266,924,0.7986171132238548,0,0.0,60,0.0518582541054451,108,0.0933448573898012,0,0.0,36061007700,5600,262,0.0467857142857142,5600,359,0.0641071428571428,5600,91,0.01625,31245,0.031245,37029.92478796608,0.913225554183889
360610078004,360610078004,Block Group 4; Census Tract 78; New York County; New York,Manhattan,1265,604,544,0.9006622516556292,953,139,0.1458551941238195,159,0.125691699604743,150,0.1185770750988142,800,0.6324110671936759,29,0.0229249011857707,186,0.1470355731225296,99,0.0782608695652174,0,0.0,36061007800,7991,532,0.0665748967588537,8011,536,0.0669080014979403,8011,100,0.012482836100362,24780,0.02478,51049.23325262308,0.8974928126216332
360610079004,360610079004,Block Group 4; Census Tract 79; New York County; New York,Manhattan,1295,682,443,0.6495601173020528,774,378,0.4883720930232558,182,0.1405405405405405,243,0.1876447876447876,941,0.7266409266409266,156,0.1204633204633204,82,0.0633204633204633,72,0.0555984555984555,0,0.0,36061007900,4458,305,0.0684163301929116,4458,386,0.0865859129654553,4458,0,0.0,32808,0.032808,39472.07998049257,0.8391899559606117
360610007004,360610007004,Block Group 4; Census Tract 7; New York County; New York,Manhattan,1705,974,974,1.0,1304,508,0.3895705521472393,258,0.1513196480938416,76,0.044574780058651,948,0.5560117302052786,122,0.0715542521994134,89,0.052199413489736,375,0.219941348973607,0,0.0,36061000700,9134,344,0.0376614845631705,9134,53,0.0058024961681629,9134,150,0.0164221589664987,33269,0.033269,51248.910397066335,0.9508628082797776
360610080004,360610080004,Block Group 4; Census Tract 80; New York County; New York,Manhattan,914,562,455,0.8096085409252669,583,91,0.1560891938250428,132,0.1444201312910284,217,0.237417943107221,441,0.4824945295404814,10,0.0109409190371991,152,0.1663019693654266,219,0.2396061269146608,31,0.0551601423487544,36061008000,5200,343,0.0659615384615384,5313,236,0.0444193487671748,5313,152,0.0286090720873329,24463,0.024463,37362.54752074562,0.7980641029617627
360610081004,360610081004,Block Group 4; Census Tract 81; New York County; New York,Manhattan,2155,1088,709,0.6516544117647058,1549,845,0.5455132343447385,323,0.1498839907192575,533,0.2473317865429234,1584,0.7350348027842227,8,0.0037122969837587,306,0.1419953596287703,123,0.05707656612529,37,0.0340073529411764,36061008100,6162,445,0.0722168127231418,6167,464,0.0752391762607426,6167,78,0.0126479649748662,23942,0.023942,90009.18887311,0.7411424206090372
360610086034,360610086034,Block Group 4; Census Tract 86.03; New York County; New York,Manhattan,1690,934,550,0.588865096359743,905,173,0.1911602209944751,94,0.0556213017751479,1029,0.6088757396449704,1440,0.8520710059171598,0,0.0,150,0.0887573964497041,36,0.0213017751479289,0,0.0,36061008603,4970,200,0.0402414486921529,4970,387,0.0778672032193159,4970,23,0.0046277665995975,55619,0.055619,30385.29998741437,0.8560160754349708
360610087004,360610087004,Block Group 4; Census Tract 87; New York County; New York,Manhattan,808,556,534,0.960431654676259,662,192,0.2900302114803625,0,0.0,182,0.2252475247524752,624,0.7722772277227723,0,0.0,112,0.1386138613861386,72,0.0891089108910891,72,0.1294964028776978,36061008700,5376,577,0.107328869047619,5376,242,0.0450148809523809,5376,227,0.0422247023809523,20341,0.020341,39722.72749618996,0.8506600585869206
360610088004,360610088004,Block Group 4; Census Tract 88; New York County; New York,Manhattan,421,160,118,0.7375,222,0,0.0,120,0.2850356294536817,18,0.0427553444180522,119,0.2826603325415677,0,0.0,84,0.1995249406175772,18,0.0427553444180522,0,0.0,36061008800,7567,754,0.0996431875247786,7567,542,0.0716268005814721,7567,95,0.0125545130170477,17994,0.017994,23396.68778481716,0.8016274124258426
360610089004,360610089004,Block Group 4; Census Tract 89; New York County; New York,Manhattan,922,317,300,0.946372239747634,468,21,0.0448717948717948,13,0.0140997830802603,129,0.1399132321041215,648,0.702819956616052,37,0.0401301518438177,96,0.1041214750542299,124,0.1344902386117136,0,0.0,36061008900,5365,725,0.1351351351351351,5877,316,0.0537689297260507,5877,147,0.0250127616130678,42006,0.042006,21949.245345902964,0.7698219368610022
360610008004,360610008004,Block Group 4; Census Tract 8; New York County; New York,Manhattan,1618,899,899,1.0,794,308,0.3879093198992443,171,0.1056860321384425,603,0.3726823238566131,175,0.1081582200247218,0,0.0,1233,0.7620519159456118,210,0.1297898640296662,452,0.5027808676307007,36061000800,8729,3460,0.3963798831481269,8747,925,0.1057505430433291,8747,314,0.0358980221790328,14371,0.014371,112587.85053232205,0.7533265016577566
360610090004,360610090004,Block Group 4; Census Tract 90; New York County; New York,Manhattan,1498,839,737,0.8784266984505363,954,260,0.2725366876310272,0,0.0,298,0.198931909212283,871,0.5814419225634179,0,0.0,170,0.1134846461949265,136,0.0907877169559412,33,0.0393325387365911,36061009000,7221,627,0.0868300789364353,7239,487,0.0672744854261638,7239,341,0.0471059538610305,17387,0.017387,86156.3236901133,0.7515174844821603
360610091004,360610091004,Block Group 4; Census Tract 91; New York County; New York,Manhattan,1607,1019,924,0.9067713444553483,1305,653,0.5003831417624521,1,0.0006222775357809,168,0.104542626011201,879,0.5469819539514623,236,0.1468574984443061,118,0.073428749222153,222,0.1381456129433727,128,0.1256133464180569,36061009100,6536,944,0.1444308445532435,6536,1117,0.1708996328029375,6536,110,0.0168298653610771,46415,0.046415,34622.42809436605,0.8642717583003883
360610093004,360610093004,Block Group 4; Census Tract 93; New York County; New York,Manhattan,593,465,465,1.0,207,0,0.0,0,0.0,179,0.3018549747048903,477,0.8043844856661045,48,0.0809443507588532,0,0.0,68,0.1146711635750421,0,0.0,36061009300,9535,1180,0.1237545883586785,9535,1192,0.1250131095962244,9535,145,0.015207131620346,13664,0.013664,43398.71194379391,0.7331808617238964
360610097004,360610097004,Block Group 4; Census Tract 97; New York County; New York,Manhattan,1157,658,570,0.8662613981762918,808,309,0.3824257425742574,62,0.0535868625756266,300,0.2592912705272255,535,0.4624027657735522,0,0.0,365,0.3154710458081244,169,0.146067415730337,48,0.0729483282674772,36061009700,4871,840,0.172449189078218,4875,973,0.1995897435897436,4875,103,0.0211282051282051,22262,0.022262,51971.97017338963,0.817307177869363
360610098004,360610098004,Block Group 4; Census Tract 98; New York County; New York,Manhattan,1034,756,756,1.0,647,65,0.1004636785162287,30,0.0290135396518375,312,0.3017408123791102,842,0.8143133462282398,0,0.0,94,0.0909090909090909,0,0.0,132,0.1746031746031746,36061009800,8855,1073,0.1211744776962168,8874,867,0.0977011494252873,8874,334,0.0376380437232364,18276,0.018276,56576.93149485664,0.8407229208991616
360610010025,360610010025,Block Group 5; Census Tract 10.02; New York County; New York,Manhattan,2242,836,812,0.971291866028708,352,270,0.7670454545454546,662,0.2952720785013381,679,0.3028545941123996,54,0.0240856378233719,785,0.3501338090990187,510,0.2274754683318465,885,0.3947368421052631,225,0.2691387559808612,36061001002,6494,3097,0.4769017554665845,6513,1092,0.1676646706586826,6513,321,0.0492860432980193,67319,0.067319,33304.119193689745,0.7195593369191984
360610106015,360610106015,Block Group 5; Census Tract 106.01; New York County; New York,Manhattan,1109,624,618,0.9903846153846154,782,195,0.2493606138107416,116,0.1045987376014427,109,0.0982867448151487,922,0.8313796212804329,0,0.0,101,0.0910730387736699,71,0.0640216411181244,24,0.0384615384615384,36061010601,7753,273,0.0352121759318973,7753,645,0.0831936024764607,7753,33,0.0042564168708886,17013,0.017013,65185.44642332334,0.8131859174796168
360610110005,360610110005,Block Group 5; Census Tract 110; New York County; New York,Manhattan,715,343,343,1.0,401,137,0.341645885286783,229,0.3202797202797203,0,0.0,479,0.66993006993007,0,0.0,86,0.1202797202797202,30,0.0419580419580419,30,0.0874635568513119,36061011000,6760,110,0.0162721893491124,6760,473,0.0699704142011834,6760,38,0.0056213017751479,18185,0.018185,39318.119329117406,0.8495375547286228
360610118005,360610118005,Block Group 5; Census Tract 118; New York County; New York,Manhattan,858,398,359,0.9020100502512562,572,230,0.4020979020979021,120,0.1398601398601398,40,0.0466200466200466,805,0.9382284382284384,0,0.0,52,0.0606060606060606,1,0.0011655011655011,0,0.0,36061011800,9264,676,0.0729706390328152,9264,1485,0.1602979274611398,9264,56,0.0060449050086355,18100,0.0181,47403.31491712707,0.8262017292189625
360610124005,360610124005,Block Group 5; Census Tract 124; New York County; New York,Manhattan,739,261,261,1.0,349,53,0.1518624641833811,0,0.0,245,0.3315290933694181,457,0.618403247631935,24,0.0324763193504736,178,0.2408660351826793,80,0.108254397834912,0,0.0,36061012400,8258,445,0.0538871397432792,8670,722,0.083275663206459,8670,142,0.0163783160322952,17297,0.017297,42724.17182170319,0.8870050290046337
360610126015,360610126015,Block Group 5; Census Tract 126.01; New York County; New York,Manhattan,2324,986,673,0.6825557809330629,1512,380,0.2513227513227513,465,0.2000860585197934,126,0.0542168674698795,1436,0.6179001721170396,0,0.0,170,0.0731497418244406,575,0.2474182444061962,153,0.1551724137931034,36061012601,7014,308,0.0439121756487025,7014,534,0.0761334473909324,7014,70,0.0099800399201596,19747,0.019747,117688.76285005316,0.8143009118000979
360610127005,360610127005,Block Group 5; Census Tract 127; New York County; New York,Manhattan,1121,846,806,0.9527186761229316,710,83,0.1169014084507042,0,0.0,202,0.1801962533452275,584,0.5209634255129348,0,0.0,244,0.2176628010704727,175,0.1561106155218554,32,0.0378250591016548,36061012700,6307,709,0.1124147772316473,6307,840,0.1331853496115427,6307,356,0.0564452195972728,21857,0.021857,51287.91691448964,0.7493387303555172
360610128005,360610128005,Block Group 5; Census Tract 128; New York County; New York,Manhattan,826,495,390,0.7878787878787878,332,106,0.3192771084337349,115,0.1392251815980629,458,0.5544794188861986,603,0.7300242130750605,0,0.0,134,0.162227602905569,89,0.1077481840193704,0,0.0,36061012800,5163,161,0.031183420491962,5163,413,0.0799922525663374,5163,56,0.0108464071276389,25835,0.025835,31972.130830269016,0.811028684334584
360610133005,360610133005,Block Group 5; Census Tract 133; New York County; New York,Manhattan,1620,799,776,0.9712140175219024,872,443,0.5080275229357798,89,0.0549382716049382,362,0.2234567901234568,816,0.5037037037037037,46,0.028395061728395,308,0.1901234567901234,423,0.2611111111111111,120,0.1501877346683354,36061013300,6146,712,0.1158477058249267,6146,293,0.0476732834363813,6146,285,0.0463716238203709,43496,0.043496,37244.80411991907,0.8586467929336852
360610134005,360610134005,Block Group 5; Census Tract 134; New York County; New York,Manhattan,700,508,465,0.9153543307086616,452,210,0.4646017699115044,95,0.1357142857142857,298,0.4257142857142857,473,0.6757142857142857,0,0.0,0,0.0,227,0.3242857142857143,0,0.0,36061013400,10399,1010,0.0971247235311087,10475,840,0.0801909307875895,10475,90,0.0085918854415274,18395,0.018395,38053.81897254688,0.7546017108593102
360610137005,360610137005,Block Group 5; Census Tract 137; New York County; New York,Manhattan,1099,613,613,1.0,868,283,0.326036866359447,8,0.0072793448589626,109,0.0991810737033666,396,0.3603275705186533,316,0.2875341219290264,263,0.2393084622383985,62,0.0564149226569608,0,0.0,36061013700,6557,503,0.0767119109348787,6600,540,0.0818181818181818,6600,71,0.0107575757575757,23529,0.023529,46708.31739555442,0.9111952720619592
360610138005,360610138005,Block Group 5; Census Tract 138; New York County; New York,Manhattan,1812,1102,1048,0.9509981851179672,1220,219,0.1795081967213114,141,0.0778145695364238,210,0.1158940397350993,1600,0.8830022075055187,0,0.0,131,0.0722958057395143,81,0.0447019867549668,0,0.0,36061013800,11161,609,0.0545650031359197,11161,453,0.0405877609533196,11161,451,0.0404085655407221,18433,0.018433,98301.95844409482,0.7327816890434572
360610139005,360610139005,Block Group 5; Census Tract 139; New York County; New York,Manhattan,1227,773,773,1.0,1091,463,0.4243813015582034,0,0.0,213,0.1735941320293398,763,0.6218418907905461,72,0.0586797066014669,187,0.1524042379788101,140,0.1140994295028524,0,0.0,36061013900,9918,396,0.0399274047186932,9952,1678,0.1686093247588424,9952,203,0.0203979099678456,21792,0.021792,56305.06607929516,0.888373646642897
360610013005,360610013005,Block Group 5; Census Tract 13; New York County; New York,Manhattan,129,62,62,1.0,100,0,0.0,29,0.2248062015503876,0,0.0,60,0.4651162790697674,0,0.0,31,0.2403100775193798,38,0.2945736434108527,0,0.0,36061001300,5062,600,0.1185302252074279,5062,67,0.0132358751481627,5062,536,0.1058870011853022,129680,0.12968,994.7563232572488,0.8448452013895188
360610140005,360610140005,Block Group 5; Census Tract 140; New York County; New York,Manhattan,1430,631,279,0.4421553090332805,508,65,0.1279527559055118,258,0.1804195804195804,487,0.3405594405594405,1065,0.7447552447552448,67,0.0468531468531468,117,0.0818181818181818,73,0.051048951048951,0,0.0,36061014000,8030,431,0.0536737235367372,8030,569,0.0708592777085927,8030,160,0.0199252801992528,38700,0.0387,36950.90439276486,0.8679179739698495
360610142005,360610142005,Block Group 5; Census Tract 142; New York County; New York,Manhattan,733,265,137,0.5169811320754717,606,90,0.1485148514851485,93,0.1268758526603001,175,0.2387448840381991,520,0.7094133697135061,0,0.0,0,0.0,0,0.0,0,0.0,36061014200,3979,260,0.0653430510178436,3979,230,0.0578034682080924,3979,167,0.0419703443076149,24937,0.024937,29394.073064121585,0.8428677581455628
360610144025,360610144025,Block Group 5; Census Tract 144.02; New York County; New York,Manhattan,1185,622,622,1.0,863,248,0.287369640787949,20,0.0168776371308016,328,0.2767932489451477,843,0.7113924050632912,0,0.0,17,0.0143459915611814,325,0.2742616033755274,38,0.0610932475884244,36061014402,6799,530,0.0779526400941314,6799,606,0.0891307545227239,6799,251,0.0369171937049566,18093,0.018093,65494.942795556286,0.7790624601906821
360610145005,360610145005,Block Group 5; Census Tract 145; New York County; New York,Manhattan,536,340,232,0.6823529411764706,176,45,0.2556818181818182,14,0.0261194029850746,233,0.4347014925373134,310,0.5783582089552238,0,0.0,167,0.3115671641791044,59,0.1100746268656716,105,0.3088235294117647,36061014500,6020,369,0.0612956810631229,7297,338,0.0463204056461559,7297,316,0.0433054680005481,22093,0.022093,24261.078169555967,0.7873165442152589
360610146025,360610146025,Block Group 5; Census Tract 146.02; New York County; New York,Manhattan,700,488,410,0.8401639344262295,290,222,0.7655172413793103,74,0.1057142857142857,416,0.5942857142857143,666,0.9514285714285714,0,0.0,0,0.0,25,0.0357142857142857,0,0.0,36061014602,8144,549,0.0674115913555992,8144,1245,0.1528732809430255,8144,199,0.024435166994106,18228,0.018228,38402.45775729646,0.702145440078392
360610148025,360610148025,Block Group 5; Census Tract 148.02; New York County; New York,Manhattan,688,285,237,0.8315789473684211,335,117,0.3492537313432836,111,0.1613372093023256,90,0.1308139534883721,624,0.9069767441860463,0,0.0,40,0.0581395348837209,9,0.0130813953488372,0,0.0,36061014802,7150,269,0.0376223776223776,7150,478,0.0668531468531468,7150,720,0.1006993006993007,13409,0.013409,51308.822432694455,0.957166501214471
360610149005,360610149005,Block Group 5; Census Tract 149; New York County; New York,Manhattan,1366,703,686,0.9758179231863442,664,242,0.3644578313253012,172,0.1259150805270864,391,0.2862371888726208,806,0.5900439238653001,0,0.0,471,0.3448023426061493,16,0.0117130307467057,0,0.0,36061014900,5681,518,0.0911811300827319,6074,467,0.0768850839644385,6074,60,0.0098781692459664,13873,0.013873,98464.64355222374,0.8040501157586302
360610015025,360610015025,Block Group 5; Census Tract 15.02; New York County; New York,Manhattan,595,317,317,1.0,595,318,0.534453781512605,0,0.0,0,0.0,444,0.746218487394958,0,0.0,79,0.1327731092436974,27,0.0453781512605042,0,0.0,36061001502,7414,430,0.0579983814405179,8373,397,0.0474143078944225,8373,321,0.0383375134360444,6334,0.006334,93937.48026523524,0.802065690486779
360610152005,360610152005,Block Group 5; Census Tract 152; New York County; New York,Manhattan,1404,614,432,0.7035830618892508,870,89,0.1022988505747126,341,0.2428774928774928,132,0.094017094017094,930,0.6623931623931624,0,0.0,85,0.0605413105413105,60,0.0427350427350427,26,0.0423452768729641,36061015200,7667,1604,0.209208295291509,7667,1367,0.1782965958001826,7667,241,0.0314334159384374,17363,0.017363,80861.60225767437,0.8031135920900075
360610153025,360610153025,Block Group 5; Census Tract 153.02; New York County; New York,Manhattan,649,398,338,0.8492462311557789,363,163,0.4490358126721763,161,0.2480739599383667,80,0.12326656394453,486,0.74884437596302,0,0.0,80,0.12326656394453,46,0.0708782742681047,0,0.0,36061015302,5448,335,0.0614904552129221,5448,435,0.0798458149779735,5448,167,0.0306534508076358,8629,0.008629,75211.4961177425,0.7835535761757818
360610155025,360610155025,Block Group 5; Census Tract 155.02; New York County; New York,Manhattan,544,264,203,0.7689393939393939,356,119,0.3342696629213483,60,0.1102941176470588,54,0.0992647058823529,385,0.7077205882352942,0,0.0,80,0.1470588235294117,0,0.0,0,0.0,36061015502,5500,697,0.1267272727272727,5500,590,0.1072727272727272,5500,73,0.0132727272727272,8597,0.008597,63277.88763522159,0.7190382812169317
360610157005,360610157005,Block Group 5; Census Tract 157; New York County; New York,Manhattan,1267,878,768,0.8747152619589977,909,423,0.4653465346534653,115,0.090765588003157,328,0.2588792423046566,1103,0.8705603788476717,0,0.0,99,0.0781373322809786,18,0.0142067876874506,0,0.0,36061015700,10219,450,0.0440356199236715,10669,966,0.0905426937857343,10669,388,0.0363670447089699,22065,0.022065,57421.25538182642,0.6318514257246367
360610159005,360610159005,Block Group 5; Census Tract 159; New York County; New York,Manhattan,1216,815,759,0.9312883435582822,992,214,0.2157258064516129,0,0.0,354,0.2911184210526316,726,0.5970394736842105,54,0.0444078947368421,208,0.1710526315789473,228,0.1875,101,0.1239263803680981,36061015900,9194,481,0.0523167283010659,9194,760,0.0826626060474222,9194,236,0.0256689145094626,23722,0.023722,51260.43335300565,0.6895467089611287
360610161005,360610161005,Block Group 5; Census Tract 161; New York County; New York,Manhattan,1074,599,480,0.8013355592654424,672,314,0.4672619047619047,92,0.0856610800744879,249,0.2318435754189944,680,0.633147113594041,13,0.0121042830540037,173,0.1610800744878957,169,0.1573556797020484,40,0.0667779632721202,36061016100,5756,342,0.0594162612925642,5756,441,0.0766157053509381,5756,12,0.0020847810979847,22101,0.022101,48595.08619519479,0.7107162028189016
360610162005,360610162005,Block Group 5; Census Tract 162; New York County; New York,Manhattan,2194,1615,1615,1.0,791,557,0.7041719342604298,0,0.0,1095,0.4990884229717411,577,0.2629899726526891,141,0.0642661804922515,123,0.0560619872379216,553,0.2520510483135825,68,0.0421052631578947,36061016200,9320,4456,0.4781115879828326,9320,1824,0.1957081545064377,9320,156,0.0167381974248927,109639,0.109639,20011.12742728409,0.7849879971418019
360610163005,360610163005,Block Group 5; Census Tract 163; New York County; New York,Manhattan,1733,834,671,0.8045563549160671,1156,664,0.5743944636678201,352,0.2031159838430467,168,0.0969417195614541,1065,0.6145412579342181,97,0.0559723023658395,292,0.1684939411425274,114,0.0657818811309867,62,0.0743405275779376,36061016300,7191,399,0.0554860241969128,7213,476,0.0659919589629835,7213,90,0.0124774712324968,40361,0.040361,42937.48916032804,0.6679078246057756
360610165005,360610165005,Block Group 5; Census Tract 165; New York County; New York,Manhattan,1215,636,618,0.9716981132075472,609,279,0.458128078817734,13,0.0106995884773662,479,0.394238683127572,631,0.5193415637860083,42,0.0345679012345679,137,0.1127572016460905,405,0.3333333333333333,0,0.0,36061016500,7098,689,0.097069597069597,7098,842,0.1186249647788109,7098,32,0.0045083122006198,21684,0.021684,56032.09739900388,0.8117695501196006
360610166005,360610166005,Block Group 5; Census Tract 166; New York County; New York,Manhattan,1025,434,434,1.0,373,193,0.517426273458445,287,0.28,134,0.1307317073170731,80,0.0780487804878048,202,0.1970731707317073,51,0.0497560975609756,679,0.6624390243902439,93,0.2142857142857142,36061016600,6760,2458,0.3636094674556213,6888,1381,0.2004936120789779,6888,392,0.056910569105691,24900,0.0249,41164.65863453816,0.8709783692709503
360610167005,360610167005,Block Group 5; Census Tract 167; New York County; New York,Manhattan,2084,708,506,0.7146892655367232,880,318,0.3613636363636364,617,0.2960652591170825,34,0.0163147792706333,1701,0.8162188099808061,51,0.02447216890595,195,0.0935700575815739,54,0.0259117082533589,11,0.0155367231638418,36061016700,7859,452,0.0575136785850617,7884,673,0.0853627600202942,7884,236,0.0299340436326737,27691,0.027691,75259.10945794663,0.6867122679455168
360610169005,360610169005,Block Group 5; Census Tract 169; New York County; New York,Manhattan,634,285,265,0.9298245614035088,297,169,0.569023569023569,47,0.0741324921135646,156,0.2460567823343848,634,1.0,0,0.0,0,0.0,0,0.0,0,0.0,36061016900,8042,515,0.0640387963193235,8056,537,0.0666583912611718,8056,153,0.0189920556107249,21996,0.021996,28823.422440443715,0.7896162811548111
360610016005,360610016005,Block Group 5; Census Tract 16; New York County; New York,Manhattan,1218,748,748,1.0,897,467,0.5206243032329989,139,0.1141215106732348,37,0.0303776683087027,500,0.4105090311986863,14,0.0114942528735632,581,0.4770114942528735,35,0.028735632183908,81,0.1082887700534759,36061001600,7205,1244,0.1726578764746703,7221,846,0.1171582883257166,7221,335,0.0463924664173937,35682,0.035682,34134.85791155205,0.7806736592774265
360610170005,360610170005,Block Group 5; Census Tract 170; New York County; New York,Manhattan,1628,524,524,1.0,990,714,0.7212121212121212,306,0.1879606879606879,0,0.0,165,0.1013513513513513,219,0.1345208845208845,0,0.0,1233,0.7573710073710074,96,0.183206106870229,36061017000,8766,2696,0.3075519050878393,8791,1176,0.1337731771129564,8791,830,0.0944147423501308,18842,0.018842,86402.71733361638,0.700317050700705
360610171005,360610171005,Block Group 5; Census Tract 171; New York County; New York,Manhattan,2679,1161,813,0.7002583979328165,1383,537,0.3882863340563991,663,0.2474804031354983,365,0.1362448674878686,2428,0.9063083240014932,69,0.0257558790593505,0,0.0,106,0.0395670026129152,0,0.0,36061017100,8295,1417,0.1708257986738999,8419,809,0.0960921724670388,8419,47,0.005582610761373,28905,0.028905,92682.9268292683,0.5978591861658199
360610172005,360610172005,Block Group 5; Census Tract 172; New York County; New York,Manhattan,1393,377,377,1.0,473,473,1.0,623,0.4472361809045226,30,0.0215362526920315,76,0.0545585068198133,672,0.4824120603015075,82,0.0588657573582196,530,0.3804737975592246,30,0.0795755968169761,36061017200,5624,1439,0.2558677098150782,5630,931,0.1653641207815275,5630,516,0.0916518650088809,24716,0.024716,56360.2524680369,0.7680456526022105
360610173005,360610173005,Block Group 5; Census Tract 173; New York County; New York,Manhattan,438,325,281,0.8646153846153846,147,56,0.3809523809523809,0,0.0,296,0.6757990867579908,301,0.6872146118721462,31,0.0707762557077625,94,0.2146118721461187,12,0.0273972602739726,61,0.1876923076923076,36061017300,9343,557,0.0596168254308038,9343,1055,0.1129187627100503,9343,120,0.0128438403082521,21810,0.02181,20082.530949105916,0.6735892583328988
360610175005,360610175005,Block Group 5; Census Tract 175; New York County; New York,Manhattan,797,456,456,1.0,400,193,0.4825,62,0.0777917189460476,184,0.2308657465495608,513,0.64366373902133,12,0.015056461731493,64,0.0803011292346298,148,0.1856963613550815,0,0.0,36061017500,9742,321,0.0329501129131595,9760,1141,0.116905737704918,9760,229,0.0234631147540983,22352,0.022352,35656.764495347175,0.6867104342693832
360610177005,360610177005,Block Group 5; Census Tract 177; New York County; New York,Manhattan,1258,420,289,0.6880952380952381,427,278,0.6510538641686182,433,0.3441971383147854,450,0.3577106518282988,435,0.3457869634340222,0,0.0,47,0.0373608903020667,776,0.6168521462639109,21,0.05,36061017700,10030,1319,0.1315054835493519,10030,983,0.0980059820538384,10030,0,0.0,26564,0.026564,47357.32570396025,0.7351497756781586
360610179005,360610179005,Block Group 5; Census Tract 179; New York County; New York,Manhattan,733,412,376,0.912621359223301,518,325,0.6274131274131274,101,0.1377899045020464,0,0.0,428,0.5839017735334243,1,0.0013642564802182,179,0.2442019099590723,59,0.0804911323328785,0,0.0,36061017900,9842,873,0.0887014834383255,9875,711,0.072,9875,877,0.0888101265822784,21866,0.021866,33522.36348669167,0.7918953947145361
360610180005,360610180005,Block Group 5; Census Tract 180; New York County; New York,Manhattan,2452,1030,1030,1.0,751,322,0.4287616511318242,596,0.2430668841761827,373,0.1521207177814029,0,0.0,566,0.230831973898858,430,0.1753670473083197,1456,0.5938009787928222,251,0.2436893203883495,36061018000,6980,2358,0.3378223495702006,6980,1256,0.1799426934097421,6980,560,0.0802292263610315,53416,0.053416,45903.84903399731,0.7674099059746403
360610181005,360610181005,Block Group 5; Census Tract 181; New York County; New York,Manhattan,1945,897,581,0.6477146042363434,1136,389,0.3424295774647887,621,0.319280205655527,385,0.1979434447300771,1180,0.6066838046272494,92,0.0473007712082262,31,0.0159383033419023,125,0.0642673521850899,37,0.0412486064659977,36061018100,8408,698,0.0830161750713606,8408,1053,0.1252378686964795,8408,174,0.0206945765937202,23382,0.023382,83183.64553930373,0.8523212533224485
360610182005,360610182005,Block Group 5; Census Tract 182; New York County; New York,Manhattan,1522,676,676,1.0,622,335,0.5385852090032154,308,0.202365308804205,260,0.1708278580814717,0,0.0,801,0.526281208935611,7,0.0045992115637319,714,0.469119579500657,50,0.0739644970414201,36061018200,7098,2791,0.3932093547478162,7266,1765,0.2429121937792458,7266,440,0.0605560143132397,36909,0.036909,41236.554769839335,0.7839634778046201
360610183005,360610183005,Block Group 5; Census Tract 183; New York County; New York,Manhattan,917,483,456,0.9440993788819876,646,342,0.5294117647058824,83,0.0905125408942202,205,0.2235550708833151,723,0.7884405670665212,21,0.0229007633587786,24,0.0261723009814612,90,0.0981461286804798,0,0.0,36061018300,8440,1463,0.1733412322274881,8440,991,0.1174170616113744,8440,268,0.0317535545023696,22643,0.022643,40498.1672039924,0.8738428942501502
360610184005,360610184005,Block Group 5; Census Tract 184; New York County; New York,Manhattan,2848,1121,991,0.8840321141837645,1591,984,0.6184789440603394,632,0.2219101123595505,272,0.095505617977528,327,0.114817415730337,396,0.1390449438202247,94,0.033005617977528,1888,0.6629213483146067,86,0.0767172167707404,36061018400,8225,2108,0.2562917933130699,8225,1316,0.16,8225,296,0.0359878419452887,51875,0.051875,54901.20481927711,0.8252971336005508
360610187005,360610187005,Block Group 5; Census Tract 187; New York County; New York,Manhattan,1586,709,709,1.0,465,174,0.3741935483870968,250,0.1576292559899117,321,0.2023959646910466,889,0.5605296343001261,218,0.137452711223203,112,0.0706179066834804,357,0.2250945775535939,132,0.1861777150916784,36061018700,9862,952,0.0965321435814236,9907,860,0.0868073079640658,9907,205,0.0206924396891087,21637,0.021637,73300.36511531174,0.9015704737703772
360610189005,360610189005,Block Group 5; Census Tract 189; New York County; New York,Manhattan,1607,604,604,1.0,607,530,0.8731466227347611,199,0.1238332296204107,843,0.5245799626633478,499,0.3105164903546982,611,0.3802115743621655,35,0.0217797137523335,444,0.2762912258867455,169,0.2798013245033112,36061018900,9819,3133,0.3190752622466646,9747,1644,0.1686672822406894,9747,171,0.0175438596491228,45780,0.04578,35102.66491917868,0.8825120232211501
360610018005,360610018005,Block Group 5; Census Tract 18; New York County; New York,Manhattan,599,213,213,1.0,300,201,0.67,0,0.0,182,0.3038397328881469,163,0.2721202003338898,109,0.1819699499165275,251,0.4190317195325542,54,0.0901502504173622,76,0.3568075117370892,36061001800,6386,1327,0.2077983088005011,6646,747,0.1123984351489617,6646,802,0.1206740896780018,62459,0.062459,9590.291231047568,0.8177257710618724
360610191005,360610191005,Block Group 5; Census Tract 191; New York County; New York,Manhattan,1170,471,320,0.6794055201698513,563,317,0.5630550621669627,192,0.1641025641025641,245,0.2094017094017094,528,0.4512820512820513,318,0.2717948717948718,14,0.0119658119658119,210,0.1794871794871795,52,0.1104033970276008,36061019100,7906,742,0.0938527700480647,8008,1122,0.1401098901098901,8008,351,0.0438311688311688,29162,0.029162,40120.70502709005,0.7229466237927118
360610193005,360610193005,Block Group 5; Census Tract 193; New York County; New York,Manhattan,1747,951,951,1.0,530,308,0.5811320754716981,56,0.0320549513451631,579,0.3314253005151689,281,0.160847166571265,710,0.4064109902690326,285,0.1631368059530624,423,0.2421293646250715,72,0.0757097791798107,36061019300,9098,1909,0.2098263354583425,9172,1605,0.1749890972525076,9172,639,0.069668556476232,42697,0.042697,40916.223622268546,0.7401578965509447
360610195005,360610195005,Block Group 5; Census Tract 195; New York County; New York,Manhattan,1147,571,571,1.0,719,286,0.3977746870653685,99,0.086312118570183,234,0.2040104620749782,719,0.6268526591107236,141,0.1229293809938971,109,0.0950305143853531,18,0.015693112467306,7,0.0122591943957968,36061019500,7235,1177,0.162681409813407,7632,741,0.0970911949685534,7632,342,0.0448113207547169,19637,0.019637,58410.14411569995,0.7864056962294314
360610199005,360610199005,Block Group 5; Census Tract 199; New York County; New York,Manhattan,1951,1008,931,0.9236111111111112,744,325,0.4368279569892473,231,0.1184008200922603,554,0.2839569451563301,854,0.4377242439774474,11,0.0056381342901076,687,0.3521271143003588,319,0.1635058944131214,368,0.365079365079365,36061019900,6060,1194,0.197029702970297,8527,824,0.0966342207106837,8527,283,0.0331886947343731,21784,0.021784,89561.14579507895,0.8345826490952323
360610211005,360610211005,Block Group 5; Census Tract 211; New York County; New York,Manhattan,1792,712,712,1.0,437,333,0.7620137299771167,580,0.3236607142857143,462,0.2578125,0,0.0,976,0.5446428571428571,0,0.0,816,0.4553571428571428,74,0.1039325842696629,36061021100,8749,2596,0.2967196251000114,9846,1796,0.1824091001421897,9846,404,0.0410318911232988,30010,0.03001,59713.42885704766,0.8580888909451206
360610216005,360610216005,Block Group 5; Census Tract 216; New York County; New York,Manhattan,1925,1046,1029,0.9837476099426388,1109,663,0.5978358881875564,182,0.0945454545454545,190,0.0987012987012987,404,0.2098701298701298,619,0.3215584415584415,93,0.0483116883116883,575,0.2987012987012987,35,0.0334608030592734,36061021600,8905,1397,0.1568781583380123,8912,732,0.0821364452423698,8912,690,0.077423698384201,42942,0.042942,44827.90740999488,0.754461571391022
360610220005,360610220005,Block Group 5; Census Tract 220; New York County; New York,Manhattan,1901,974,959,0.984599589322382,1027,580,0.5647517039922103,303,0.1593897948448185,235,0.1236191478169384,529,0.2782745923198316,801,0.4213571804313519,0,0.0,386,0.2030510257759074,61,0.0626283367556468,36061022000,6017,1513,0.2514542130629882,6087,501,0.0823065549531789,6087,336,0.055199605717102,40617,0.040617,46803.06275697368,0.7548142110627143
360610225005,360610225005,Block Group 5; Census Tract 225; New York County; New York,Manhattan,2472,909,909,1.0,1127,693,0.6149068322981367,484,0.1957928802588996,401,0.1622168284789644,325,0.1314724919093851,319,0.1290453074433657,27,0.0109223300970873,1733,0.7010517799352751,172,0.1892189218921892,36061022500,11262,2790,0.2477357485348961,11309,1853,0.1638517994517641,11309,653,0.0577416217172163,26340,0.02634,93849.6583143508,0.7352773193509591
360610229005,360610229005,Block Group 5; Census Tract 229; New York County; New York,Manhattan,1776,724,708,0.9779005524861878,626,414,0.6613418530351438,144,0.081081081081081,258,0.1452702702702702,285,0.1604729729729729,103,0.0579954954954954,127,0.071509009009009,1216,0.6846846846846847,122,0.1685082872928177,36061022900,7702,2360,0.3064139184627369,7702,1044,0.1355492079979226,7702,480,0.0623214749415736,96670,0.09667,18371.7802834385,0.3052088116091363
360610230005,360610230005,Block Group 5; Census Tract 230; New York County; New York,Manhattan,1145,663,663,1.0,729,450,0.6172839506172839,61,0.0532751091703056,159,0.1388646288209607,0,0.0,669,0.5842794759825327,296,0.2585152838427947,180,0.1572052401746725,50,0.0754147812971342,36061023000,8764,4277,0.4880191693290734,8773,2185,0.2490596147270033,8773,401,0.0457084235723241,21705,0.021705,52752.82193043078,0.868819087078341
360610235015,360610235015,Block Group 5; Census Tract 235.01; New York County; New York,Manhattan,2733,1082,1082,1.0,1505,1032,0.6857142857142857,515,0.1884376143432126,239,0.0874496889864617,470,0.1719721917306988,896,0.3278448591291621,30,0.0109769484083424,1152,0.4215148188803512,250,0.2310536044362292,36061023501,7506,1295,0.1725286437516653,7506,1130,0.1505462296829203,7506,522,0.0695443645083932,32515,0.032515,84053.51376287866,0.8901212654250111
360610236005,360610236005,Block Group 5; Census Tract 236; New York County; New York,Manhattan,906,390,309,0.7923076923076923,293,216,0.7372013651877133,62,0.0684326710816777,197,0.217439293598234,53,0.0584988962472406,781,0.8620309050772627,0,0.0,72,0.0794701986754966,0,0.0,36061023600,11040,1708,0.1547101449275362,11042,2175,0.1969751856547726,11042,515,0.0466401014309002,42762,0.042762,21187.03521818437,0.9043021772564516
360610241005,360610241005,Block Group 5; Census Tract 241; New York County; New York,Manhattan,932,349,349,1.0,225,86,0.3822222222222222,123,0.1319742489270386,201,0.2156652360515021,96,0.1030042918454935,169,0.1813304721030043,0,0.0,667,0.7156652360515021,126,0.3610315186246418,36061024100,7838,1663,0.2121714723143659,7915,1943,0.245483259633607,7915,788,0.099557801642451,21670,0.02167,43008.76788186433,0.8525278962904758
360610245005,360610245005,Block Group 5; Census Tract 245; New York County; New York,Manhattan,2566,1022,1022,1.0,718,533,0.7423398328690808,323,0.1258768511301636,468,0.1823850350740452,204,0.0795011691348402,393,0.1531566640685892,94,0.0366328916601714,1875,0.730709275136399,159,0.1555772994129158,36061024500,14577,4599,0.315497015846882,14577,3485,0.2390752555395486,14577,528,0.0362214447417164,41374,0.041374,62019.62585198434,0.840134786056172
360610247005,360610247005,Block Group 5; Census Tract 247; New York County; New York,Manhattan,1179,805,805,1.0,519,351,0.6763005780346821,0,0.0,720,0.6106870229007634,388,0.3290924512298558,0,0.0,0,0.0,791,0.6709075487701441,463,0.5751552795031056,36061024700,6102,1172,0.1920681743690593,6102,1554,0.2546705998033431,6102,138,0.0226155358898721,64475,0.064475,18286.157425358662,0.8585079431605909
360610253005,360610253005,Block Group 5; Census Tract 253; New York County; New York,Manhattan,1454,633,633,1.0,762,262,0.3438320209973753,139,0.0955983493810178,300,0.2063273727647868,394,0.2709766162310866,36,0.0247592847317744,137,0.0942228335625859,871,0.5990371389270976,141,0.2227488151658767,36061025300,10132,1826,0.1802210817212791,10172,1541,0.1514942980731419,10172,555,0.0545615414864333,26446,0.026446,54979.959162066094,0.9419856472831724
360610261005,360610261005,Block Group 5; Census Tract 261; New York County; New York,Manhattan,3579,1025,1025,1.0,1231,910,0.7392363931762794,858,0.239731768650461,632,0.1765856384464934,128,0.0357641799385303,173,0.0483375244481698,20,0.0055881531153953,3216,0.8985750209555742,345,0.3365853658536585,36061026100,11982,4282,0.357369387414455,12041,2403,0.1995681421808819,12041,1529,0.1269828087368159,22111,0.022111,161865.1350006784,0.773832228440059
360610263005,360610263005,Block Group 5; Census Tract 263; New York County; New York,Manhattan,1920,709,709,1.0,1301,796,0.611837048424289,182,0.0947916666666666,245,0.1276041666666666,219,0.1140625,132,0.06875,0,0.0,1546,0.8052083333333333,141,0.1988716502115655,36061026300,8342,1502,0.1800527451450491,8342,1344,0.1611124430592184,8342,1239,0.1485255334452169,26454,0.026454,72578.81605806305,0.9158260042484117
360610265005,360610265005,Block Group 5; Census Tract 265; New York County; New York,Manhattan,995,398,364,0.914572864321608,634,472,0.7444794952681388,205,0.2060301507537688,266,0.2673366834170854,443,0.4452261306532663,0,0.0,0,0.0,541,0.5437185929648242,0,0.0,36061026500,7665,852,0.1111545988258317,7702,955,0.1239937678525058,7702,660,0.0856920280446637,16221,0.016221,61340.23796313421,0.9081699141884244
360610269005,360610269005,Block Group 5; Census Tract 269; New York County; New York,Manhattan,3191,622,481,0.7733118971061094,1238,656,0.529886914378029,844,0.2644938890629896,419,0.1313068003760576,148,0.0463804450015669,0,0.0,42,0.0131620181761203,2940,0.9213412723284236,72,0.1157556270096463,36061026900,7414,1069,0.1441866738602643,7594,1256,0.1653937318936002,7594,507,0.0667632341322096,31922,0.031922,99962.40837040286,0.8679858662579503
360610271005,360610271005,Block Group 5; Census Tract 271; New York County; New York,Manhattan,1622,771,669,0.867704280155642,831,392,0.4717208182912154,491,0.3027127003699137,147,0.0906288532675709,489,0.3014796547472256,204,0.12577065351418,87,0.0536374845869297,717,0.4420468557336621,10,0.0129701686121919,36061027100,7742,1165,0.1504779126840609,7742,861,0.1112115732368897,7742,721,0.093128390596745,26978,0.026978,60123.0632367114,0.4857072728130954
360610279005,360610279005,Block Group 5; Census Tract 279; New York County; New York,Manhattan,821,572,477,0.833916083916084,594,433,0.7289562289562289,64,0.0779537149817296,42,0.05115712545676,509,0.6199756394640682,0,0.0,60,0.0730816077953715,252,0.3069427527405602,20,0.0349650349650349,36061027900,9587,1033,0.1077500782309377,9587,1130,0.1178679461771148,9587,679,0.0708250756232398,28223,0.028223,29089.749495092652,0.4370752462300542
360610029025,360610029025,Block Group 5; Census Tract 29.02; New York County; New York,Manhattan,965,650,547,0.8415384615384616,320,103,0.321875,77,0.0797927461139896,179,0.1854922279792746,171,0.1772020725388601,0,0.0,723,0.7492227979274612,0,0.0,147,0.2261538461538461,36061002902,3492,1152,0.3298969072164948,3493,521,0.1491554537646722,3493,308,0.0881763527054108,27455,0.027455,35148.42469495538,0.7569760138505842
360610291005,360610291005,Block Group 5; Census Tract 291; New York County; New York,Manhattan,2934,840,840,1.0,1370,771,0.5627737226277372,447,0.1523517382413088,512,0.1745057941376959,50,0.0170415814587593,0,0.0,21,0.0071574642126789,2817,0.9601226993865032,190,0.2261904761904762,36061029100,10834,1528,0.1410374746169466,10870,1568,0.1442502299908003,10870,546,0.0502299908003679,25695,0.025695,114185.63922942209,0.7925239052869338
360610293005,360610293005,Block Group 5; Census Tract 293; New York County; New York,Manhattan,1211,677,677,1.0,609,530,0.8702791461412152,184,0.1519405450041288,212,0.1750619322873658,115,0.0949628406275805,126,0.1040462427745664,0,0.0,970,0.800990916597853,204,0.3013293943870014,36061029300,8011,2866,0.357758082636375,8011,1674,0.2089626763200599,8011,555,0.0692797403570091,21601,0.021601,56062.21934169715,0.8734311492560705
360610309005,360610309005,Block Group 5; Census Tract 309; New York County; New York,Manhattan,2395,840,736,0.8761904761904762,1089,408,0.3746556473829201,415,0.1732776617954071,606,0.253027139874739,105,0.0438413361169102,981,0.4096033402922756,60,0.0250521920668058,1230,0.5135699373695198,170,0.2023809523809523,36061030900,10253,3760,0.3667219350434019,10253,2809,0.2739685945576904,10253,432,0.042134009558178,117182,0.117182,20438.29257053131,0.6969531471979341
360610032005,360610032005,Block Group 5; Census Tract 32; New York County; New York,Manhattan,659,207,207,1.0,542,427,0.7878228782287823,0,0.0,28,0.0424886191198786,405,0.6145675265553869,27,0.0409711684370258,17,0.0257966616084977,76,0.1153262518968133,0,0.0,36061003200,7866,1135,0.1442918891431477,7866,1007,0.1280193236714976,7866,361,0.0458937198067632,17438,0.017438,37791.031081546054,0.7537014589810267
360610038005,360610038005,Block Group 5; Census Tract 38; New York County; New York,Manhattan,1507,1152,1152,1.0,1380,346,0.2507246376811594,0,0.0,167,0.1108161911081619,947,0.6284007962840079,0,0.0,89,0.0590577305905773,422,0.2800265428002654,87,0.0755208333333333,36061003800,7018,1245,0.1774009689370191,7254,629,0.0867107802591673,7254,234,0.032258064516129,35076,0.035076,42963.84992587524,0.7983905113546906
360610041005,360610041005,Block Group 5; Census Tract 41; New York County; New York,Manhattan,1131,644,644,1.0,841,248,0.2948870392390011,82,0.0725022104332449,101,0.0893015030946065,865,0.7648099027409372,0,0.0,195,0.1724137931034483,22,0.0194518125552608,53,0.0822981366459627,36061004100,6495,871,0.1341031562740569,6889,565,0.082014806212803,6889,380,0.0551604006386993,47114,0.047114,24005.60342997835,0.7963532713126994
360610044005,360610044005,Block Group 5; Census Tract 44; New York County; New York,Manhattan,1736,942,942,1.0,1109,0,0.0,355,0.2044930875576036,0,0.0,1312,0.7557603686635944,0,0.0,193,0.1111751152073732,0,0.0,0,0.0,36061004400,16963,1589,0.0936744679596769,16963,947,0.055827389023168,16963,510,0.0300654365383481,28225,0.028225,61505.75730735164,0.8000374342520442
360610048005,360610048005,Block Group 5; Census Tract 48; New York County; New York,Manhattan,1309,469,412,0.8784648187633263,693,195,0.2813852813852814,19,0.014514896867838,104,0.0794499618029029,828,0.6325439266615738,156,0.1191749427043544,179,0.1367456073338426,102,0.0779220779220779,0,0.0,36061004800,6012,589,0.0979707252162341,6931,431,0.0621843889770595,6931,44,0.0063482902900014,44392,0.044392,29487.29500810957,0.9089057498710926
360610050005,360610050005,Block Group 5; Census Tract 50; New York County; New York,Manhattan,789,523,482,0.9216061185468452,512,182,0.35546875,71,0.0899873257287705,109,0.1381495564005069,627,0.7946768060836502,0,0.0,118,0.1495564005069708,0,0.0,0,0.0,36061005000,4706,388,0.0824479388015299,4774,218,0.0456640134059488,4774,25,0.0052366987850858,46138,0.046138,17100.87129914604,0.911394361394641
360610059005,360610059005,Block Group 5; Census Tract 59; New York County; New York,Manhattan,984,533,430,0.8067542213883677,548,283,0.5164233576642335,166,0.1686991869918699,211,0.214430894308943,911,0.9258130081300812,0,0.0,22,0.0223577235772357,16,0.016260162601626,0,0.0,36061005900,4217,261,0.0618923405264405,5120,386,0.075390625,5120,242,0.047265625,17038,0.017038,57753.25742458035,0.7712524905156171
360610063005,360610063005,Block Group 5; Census Tract 63; New York County; New York,Manhattan,516,366,268,0.73224043715847,314,96,0.3057324840764331,0,0.0,145,0.2810077519379845,516,1.0,0,0.0,0,0.0,0,0.0,0,0.0,36061006300,5544,587,0.1058802308802308,5759,595,0.1033165480118076,5759,125,0.0217051571453377,30201,0.030201,17085.526969305654,0.8712935291764976
360610064005,360610064005,Block Group 5; Census Tract 64; New York County; New York,Manhattan,1782,955,893,0.9350785340314136,1227,303,0.2469437652811736,209,0.1172839506172839,120,0.0673400673400673,1188,0.6666666666666666,3,0.0016835016835016,351,0.1969696969696969,121,0.0679012345679012,17,0.0178010471204188,36061006400,7421,1375,0.1852850020212909,7726,693,0.0896971265855552,7726,328,0.0424540512555009,19169,0.019169,92962.59585789556,0.8738867464998485
360610065005,360610065005,Block Group 5; Census Tract 65; New York County; New York,Manhattan,726,469,469,1.0,609,140,0.2298850574712643,0,0.0,89,0.1225895316804407,726,1.0,0,0.0,0,0.0,0,0.0,0,0.0,36061006500,4436,258,0.0581605049594229,5560,289,0.051978417266187,5560,215,0.0386690647482014,24765,0.024765,29315.56632344034,0.6400798556800853
360610066005,360610066005,Block Group 5; Census Tract 66; New York County; New York,Manhattan,750,547,547,1.0,642,295,0.4595015576323987,0,0.0,65,0.0866666666666666,492,0.656,110,0.1466666666666666,98,0.1306666666666666,50,0.0666666666666666,0,0.0,36061006600,10552,1698,0.1609173616376042,11032,1602,0.1452139231327048,11032,252,0.0228426395939086,17036,0.017036,44024.41887767082,0.8059841250930624
360610068005,360610068005,Block Group 5; Census Tract 68; New York County; New York,Manhattan,472,313,249,0.7955271565495208,378,149,0.3941798941798942,31,0.0656779661016949,42,0.0889830508474576,383,0.8114406779661016,0,0.0,58,0.1228813559322034,0,0.0,0,0.0,36061006800,5289,576,0.1089052750992626,6430,486,0.0755832037325038,6430,177,0.0275272161741835,24249,0.024249,19464.7201946472,0.7911612229243845
360610006005,360610006005,Block Group 5; Census Tract 6; New York County; New York,Manhattan,1087,699,684,0.9785407725321889,257,210,0.8171206225680934,0,0.0,741,0.6816927322907084,178,0.1637534498620055,82,0.0754369825206991,251,0.2309107635694572,460,0.4231830726770929,158,0.2260371959942775,36061000600,10068,3492,0.3468414779499404,10068,1199,0.1190901867302344,10068,232,0.0230433055224473,39715,0.039715,27370.01133073146,0.7794743336304877
360610071005,360610071005,Block Group 5; Census Tract 71; New York County; New York,Manhattan,1040,587,565,0.9625212947189096,734,263,0.3583106267029973,127,0.1221153846153846,131,0.1259615384615384,937,0.9009615384615384,37,0.035576923076923,29,0.0278846153846153,17,0.0163461538461538,18,0.0306643952299829,36061007100,5166,201,0.0389082462253193,5231,160,0.030586885872682,5231,159,0.0303957178359778,37335,0.037335,27855.89929021026,0.8436548856102066
360610072005,360610072005,Block Group 5; Census Tract 72; New York County; New York,Manhattan,1409,852,848,0.9953051643192488,1030,454,0.4407766990291262,263,0.1866572036905606,47,0.0333569907735983,1026,0.7281760113555713,0,0.0,60,0.042583392476934,0,0.0,0,0.0,36061007200,6899,446,0.0646470502971445,7108,157,0.0220877884074282,7108,134,0.0188519977490151,24222,0.024222,58170.258442738006,0.7798808550039965
360610073005,360610073005,Block Group 5; Census Tract 73; New York County; New York,Manhattan,621,489,460,0.9406952965235174,489,371,0.7586912065439673,27,0.0434782608695652,0,0.0,215,0.3462157809983897,47,0.0756843800322061,0,0.0,284,0.4573268921095008,0,0.0,36061007300,5393,572,0.1060634155386612,5393,136,0.0252178750231781,5393,97,0.0179862785091785,20115,0.020115,30872.48322147651,0.9138153385561932
360610074005,360610074005,Block Group 5; Census Tract 74; New York County; New York,Manhattan,1276,951,951,1.0,1058,227,0.2145557655954631,34,0.0266457680250783,14,0.0109717868338558,749,0.5869905956112853,0,0.0,472,0.3699059561128526,55,0.043103448275862,14,0.0147213459516298,36061007400,4748,641,0.1350042122999157,5355,279,0.0521008403361344,5355,153,0.0285714285714285,50429,0.050429,25302.90110848916,0.7393545479444624
360610077005,360610077005,Block Group 5; Census Tract 77; New York County; New York,Manhattan,754,427,409,0.9578454332552692,548,300,0.5474452554744526,57,0.0755968169761273,83,0.1100795755968169,559,0.7413793103448276,0,0.0,7,0.0092838196286472,152,0.2015915119363395,0,0.0,36061007700,5600,262,0.0467857142857142,5600,359,0.0641071428571428,5600,91,0.01625,27843,0.027843,27080.41518514528,0.8027026410865362
360610078005,360610078005,Block Group 5; Census Tract 78; New York County; New York,Manhattan,675,397,369,0.929471032745592,440,81,0.184090909090909,29,0.0429629629629629,73,0.1081481481481481,430,0.6370370370370371,19,0.0281481481481481,13,0.0192592592592592,191,0.2829629629629629,0,0.0,36061007800,7991,532,0.0665748967588537,8011,536,0.0669080014979403,8011,100,0.012482836100362,37321,0.037321,18086.33209185177,0.8988076702690269
360610007005,360610007005,Block Group 5; Census Tract 7; New York County; New York,Manhattan,1572,1202,1202,1.0,1495,824,0.551170568561873,0,0.0,32,0.0203562340966921,1296,0.8244274809160306,29,0.0184478371501272,132,0.0839694656488549,97,0.0617048346055979,0,0.0,36061000700,9134,344,0.0376614845631705,9134,53,0.0058024961681629,9134,150,0.0164221589664987,7903,0.007903,198911.80564342657,0.8705503465495597
360610081005,360610081005,Block Group 5; Census Tract 81; New York County; New York,Manhattan,962,707,669,0.9462517680339464,714,197,0.2759103641456583,41,0.0426195426195426,209,0.2172557172557172,712,0.7401247401247402,0,0.0,41,0.0426195426195426,33,0.0343035343035343,0,0.0,36061008100,6162,445,0.0722168127231418,6167,464,0.0752391762607426,6167,78,0.0126479649748662,22242,0.022242,43251.50615951802,0.9020717523938244
360610087005,360610087005,Block Group 5; Census Tract 87; New York County; New York,Manhattan,487,251,251,1.0,367,111,0.3024523160762943,0,0.0,0,0.0,363,0.7453798767967146,43,0.0882956878850102,81,0.1663244353182751,0,0.0,0,0.0,36061008700,5376,577,0.107328869047619,5376,242,0.0450148809523809,5376,227,0.0422247023809523,40827,0.040827,11928.380728439512,0.8500053378985637
360610088005,360610088005,Block Group 5; Census Tract 88; New York County; New York,Manhattan,754,516,479,0.9282945736434108,425,40,0.0941176470588235,72,0.0954907161803713,282,0.3740053050397878,453,0.6007957559681698,36,0.0477453580901856,70,0.0928381962864721,66,0.0875331564986737,0,0.0,36061008800,7567,754,0.0996431875247786,7567,542,0.0716268005814721,7567,95,0.0125545130170477,17973,0.017973,41951.816613809606,0.7357194821776082
360610089005,360610089005,Block Group 5; Census Tract 89; New York County; New York,Manhattan,887,498,444,0.891566265060241,508,161,0.3169291338582677,54,0.060879368658399,213,0.2401352874859075,603,0.6798196166854565,32,0.0360766629086809,157,0.1770011273957158,77,0.0868094701240135,24,0.0481927710843373,36061008900,5365,725,0.1351351351351351,5877,316,0.0537689297260507,5877,147,0.0250127616130678,21592,0.021592,41080.02964060763,0.7772051983276784
360610008005,360610008005,Block Group 5; Census Tract 8; New York County; New York,Manhattan,1989,1273,1273,1.0,513,236,0.4600389863547758,183,0.0920060331825037,613,0.3081950729009552,529,0.2659627953745601,20,0.0100553041729512,1338,0.6726998491704375,58,0.0291603821015585,723,0.5679497250589159,36061000800,8729,3460,0.3963798831481269,8747,925,0.1057505430433291,8747,314,0.0358980221790328,33697,0.033697,59026.02605573197,0.7506501116070624
360610090005,360610090005,Block Group 5; Census Tract 90; New York County; New York,Manhattan,610,389,389,1.0,376,161,0.4281914893617021,120,0.1967213114754098,264,0.4327868852459016,528,0.8655737704918033,0,0.0,0,0.0,36,0.0590163934426229,0,0.0,36061009000,7221,627,0.0868300789364353,7239,487,0.0672744854261638,7239,341,0.0471059538610305,34439,0.034439,17712.47713348239,0.7555153381180658
360610091005,360610091005,Block Group 5; Census Tract 91; New York County; New York,Manhattan,1345,545,489,0.8972477064220183,713,298,0.4179523141654979,120,0.0892193308550185,127,0.0944237918215613,712,0.5293680297397769,222,0.1650557620817843,196,0.145724907063197,126,0.0936802973977695,0,0.0,36061009100,6536,944,0.1444308445532435,6536,1117,0.1708996328029375,6536,110,0.0168298653610771,43077,0.043077,31223.158530074055,0.8356629249066175
360610093005,360610093005,Block Group 5; Census Tract 93; New York County; New York,Manhattan,909,539,445,0.8256029684601113,673,269,0.399702823179792,96,0.1056105610561056,147,0.1617161716171617,583,0.6413641364136413,0,0.0,165,0.1815181518151815,161,0.1771177117711771,0,0.0,36061009300,9535,1180,0.1237545883586785,9535,1192,0.1250131095962244,9535,145,0.015207131620346,21560,0.02156,42161.41001855288,0.733011022257797
360610098005,360610098005,Block Group 5; Census Tract 98; New York County; New York,Manhattan,991,591,591,1.0,823,362,0.4398541919805589,78,0.0787083753784056,46,0.0464177598385469,466,0.4702320887991927,0,0.0,367,0.3703329969727548,34,0.0343087790110998,46,0.077834179357022,36061009800,8855,1073,0.1211744776962168,8874,867,0.0977011494252873,8874,334,0.0376380437232364,18202,0.018202,54444.56653115043,0.8179229521883302
360610106016,360610106016,Block Group 6; Census Tract 106.01; New York County; New York,Manhattan,833,618,321,0.5194174757281553,209,81,0.3875598086124402,0,0.0,804,0.965186074429772,814,0.9771908763505402,0,0.0,0,0.0,0,0.0,0,0.0,36061010601,7753,273,0.0352121759318973,7753,645,0.0831936024764607,7753,33,0.0042564168708886,32986,0.032986,25253.1376947796,0.7296685360211037
360610110006,360610110006,Block Group 6; Census Tract 110; New York County; New York,Manhattan,1555,897,858,0.9565217391304348,1264,381,0.3014240506329114,0,0.0,221,0.1421221864951768,926,0.5954983922829582,7,0.0045016077170418,157,0.1009646302250803,432,0.2778135048231511,0,0.0,36061011000,6760,110,0.0162721893491124,6760,473,0.0699704142011834,6760,38,0.0056213017751479,54171,0.054171,28705.395876022227,0.8434766368604072
360610118006,360610118006,Block Group 6; Census Tract 118; New York County; New York,Manhattan,1061,673,637,0.9465081723625556,605,237,0.3917355371900826,34,0.0320452403393025,374,0.352497643732328,697,0.6569274269557022,0,0.0,24,0.0226201696512723,213,0.2007540056550424,0,0.0,36061011800,9264,676,0.0729706390328152,9264,1485,0.1602979274611398,9264,56,0.0060449050086355,18233,0.018233,58191.191795096805,0.7508012650213943
360610124006,360610124006,Block Group 6; Census Tract 124; New York County; New York,Manhattan,949,608,569,0.9358552631578948,735,489,0.6653061224489796,51,0.053740779768177,201,0.2118018967334035,783,0.8250790305584826,0,0.0,50,0.0526870389884088,0,0.0,0,0.0,36061012400,8258,445,0.0538871397432792,8670,722,0.083275663206459,8670,142,0.0163783160322952,21391,0.021391,44364.452339769065,0.8829208104609152
360610134006,360610134006,Block Group 6; Census Tract 134; New York County; New York,Manhattan,1165,957,957,1.0,657,221,0.3363774733637747,0,0.0,424,0.3639484978540772,960,0.8240343347639485,0,0.0,113,0.0969957081545064,92,0.078969957081545,92,0.0961337513061651,36061013400,10399,1010,0.0971247235311087,10475,840,0.0801909307875895,10475,90,0.0085918854415274,34817,0.034817,33460.66576672315,0.8690522995705983
360610137006,360610137006,Block Group 6; Census Tract 137; New York County; New York,Manhattan,924,465,384,0.8258064516129032,730,256,0.3506849315068493,85,0.0919913419913419,66,0.0714285714285714,483,0.5227272727272727,71,0.0768398268398268,217,0.2348484848484848,81,0.0876623376623376,0,0.0,36061013700,6557,503,0.0767119109348787,6600,540,0.0818181818181818,6600,71,0.0107575757575757,43516,0.043516,21233.56926188069,0.906172704481226
360610138006,360610138006,Block Group 6; Census Tract 138; New York County; New York,Manhattan,1117,820,820,1.0,965,532,0.5512953367875648,0,0.0,82,0.0734109221128021,797,0.7135183527305282,0,0.0,282,0.252461951656222,38,0.0340196956132497,31,0.0378048780487804,36061013800,11161,609,0.0545650031359197,11161,453,0.0405877609533196,11161,451,0.0404085655407221,18433,0.018433,60597.84082894808,0.7094758943820016
360610139006,360610139006,Block Group 6; Census Tract 139; New York County; New York,Manhattan,1048,596,596,1.0,700,236,0.3371428571428571,0,0.0,214,0.2041984732824427,919,0.8769083969465649,0,0.0,22,0.0209923664122137,0,0.0,0,0.0,36061013900,9918,396,0.0399274047186932,9952,1678,0.1686093247588424,9952,203,0.0203979099678456,23381,0.023381,44822.71930199735,0.8948359654339385
360610140006,360610140006,Block Group 6; Census Tract 140; New York County; New York,Manhattan,1281,766,549,0.716710182767624,820,338,0.4121951219512195,165,0.1288056206088993,315,0.2459016393442623,1023,0.7985948477751756,0,0.0,193,0.150663544106167,37,0.0288836846213895,140,0.1827676240208877,36061014000,8030,431,0.0536737235367372,8030,569,0.0708592777085927,8030,160,0.0199252801992528,25158,0.025158,50918.19699499165,0.9154827368385444
360610142006,360610142006,Block Group 6; Census Tract 142; New York County; New York,Manhattan,1005,505,156,0.3089108910891089,417,0,0.0,144,0.1432835820895522,442,0.4398009950248756,898,0.8935323383084577,0,0.0,24,0.0238805970149253,64,0.0636815920398009,0,0.0,36061014200,3979,260,0.0653430510178436,3979,230,0.0578034682080924,3979,167,0.0419703443076149,25189,0.025189,39898.3683353845,0.8331655087294347
360610144026,360610144026,Block Group 6; Census Tract 144.02; New York County; New York,Manhattan,1266,574,423,0.7369337979094077,655,136,0.2076335877862595,152,0.1200631911532385,284,0.2243285939968404,848,0.669826224328594,9,0.0071090047393364,293,0.2314375987361769,66,0.0521327014218009,0,0.0,36061014402,6799,530,0.0779526400941314,6799,606,0.0891307545227239,6799,251,0.0369171937049566,18070,0.01807,70060.87437742115,0.7832434251635295
360610146026,360610146026,Block Group 6; Census Tract 146.02; New York County; New York,Manhattan,1943,1197,1158,0.9674185463659148,1331,524,0.3936889556724267,230,0.1183736489963973,324,0.1667524446731857,1359,0.6994338651569737,0,0.0,124,0.0638188368502316,244,0.1255790015440041,0,0.0,36061014602,8144,549,0.0674115913555992,8144,1245,0.1528732809430255,8144,199,0.024435166994106,19648,0.019648,98890.47231270358,0.7182320277095842
360610152006,360610152006,Block Group 6; Census Tract 152; New York County; New York,Manhattan,909,447,337,0.7539149888143176,383,108,0.2819843342036554,150,0.165016501650165,409,0.4499449944994499,789,0.8679867986798679,0,0.0,107,0.1177117711771177,13,0.0143014301430143,38,0.0850111856823266,36061015200,7667,1604,0.209208295291509,7667,1367,0.1782965958001826,7667,241,0.0314334159384374,76439,0.076439,11891.835319666665,0.7931710523687214
360610153026,360610153026,Block Group 6; Census Tract 153.02; New York County; New York,Manhattan,446,238,199,0.8361344537815126,220,149,0.6772727272727272,0,0.0,74,0.1659192825112107,249,0.5582959641255605,0,0.0,83,0.1860986547085202,21,0.0470852017937219,0,0.0,36061015302,5448,335,0.0614904552129221,5448,435,0.0798458149779735,5448,167,0.0306534508076358,16615,0.016615,26843.213963286184,0.8232796649439663
360610157006,360610157006,Block Group 6; Census Tract 157; New York County; New York,Manhattan,793,442,442,1.0,361,95,0.2631578947368421,144,0.1815889029003783,130,0.1639344262295081,696,0.8776796973518285,0,0.0,52,0.0655737704918032,45,0.0567465321563682,0,0.0,36061015700,10219,450,0.0440356199236715,10669,966,0.0905426937857343,10669,388,0.0363670447089699,23743,0.023743,33399.31769363602,0.6362554242403254
360610159006,360610159006,Block Group 6; Census Tract 159; New York County; New York,Manhattan,723,307,307,1.0,460,24,0.0521739130434782,94,0.1300138312586445,141,0.1950207468879668,575,0.7952973720608575,24,0.0331950207468879,0,0.0,30,0.0414937759336099,0,0.0,36061015900,9194,481,0.0523167283010659,9194,760,0.0826626060474222,9194,236,0.0256689145094626,23909,0.023909,30239.65870592664,0.6918326836487716
360610161006,360610161006,Block Group 6; Census Tract 161; New York County; New York,Manhattan,780,525,493,0.939047619047619,524,250,0.4770992366412214,92,0.1179487179487179,90,0.1153846153846153,575,0.7371794871794872,0,0.0,123,0.1576923076923077,47,0.0602564102564102,0,0.0,36061016100,5756,342,0.0594162612925642,5756,441,0.0766157053509381,5756,12,0.0020847810979847,22098,0.022098,35297.311973934295,0.7064432762041961
360610166006,360610166006,Block Group 6; Census Tract 166; New York County; New York,Manhattan,1881,702,657,0.935897435897436,433,353,0.815242494226328,411,0.2185007974481658,291,0.1547049441786284,150,0.0797448165869218,249,0.1323763955342902,642,0.3413078149920255,734,0.3902179691653376,135,0.1923076923076923,36061016600,6760,2458,0.3636094674556213,6888,1381,0.2004936120789779,6888,392,0.056910569105691,50202,0.050202,37468.62674793833,0.7758260955496961
360610169006,360610169006,Block Group 6; Census Tract 169; New York County; New York,Manhattan,1592,785,660,0.8407643312101911,790,297,0.3759493670886076,340,0.2135678391959799,342,0.214824120603015,1195,0.7506281407035176,0,0.0,275,0.1727386934673367,103,0.0646984924623115,0,0.0,36061016900,8042,515,0.0640387963193235,8056,537,0.0666583912611718,8056,153,0.0189920556107249,22078,0.022078,72107.9807953619,0.7506747372152489
360610171006,360610171006,Block Group 6; Census Tract 171; New York County; New York,Manhattan,403,281,196,0.697508896797153,281,20,0.0711743772241993,0,0.0,244,0.6054590570719603,403,1.0,0,0.0,0,0.0,0,0.0,29,0.1032028469750889,36061017100,8295,1417,0.1708257986738999,8419,809,0.0960921724670388,8419,47,0.005582610761373,80014,0.080014,5036.6185917464445,0.5893371278772455
360610173006,360610173006,Block Group 6; Census Tract 173; New York County; New York,Manhattan,1218,408,185,0.4534313725490196,464,171,0.3685344827586206,465,0.3817733990147783,184,0.1510673234811166,868,0.7126436781609196,0,0.0,91,0.0747126436781609,42,0.0344827586206896,0,0.0,36061017300,9343,557,0.0596168254308038,9343,1055,0.1129187627100503,9343,120,0.0128438403082521,21889,0.021889,55644.38759194116,0.6981596916453219
360610175006,360610175006,Block Group 6; Census Tract 175; New York County; New York,Manhattan,3035,1131,876,0.7745358090185677,1829,254,0.1388737014762165,447,0.1472817133443163,498,0.1640856672158155,1883,0.6204283360790774,0,0.0,38,0.0125205930807248,1114,0.3670510708401976,0,0.0,36061017500,9742,321,0.0329501129131595,9760,1141,0.116905737704918,9760,229,0.0234631147540983,21842,0.021842,138952.47687940663,0.6581356732942428
360610177006,360610177006,Block Group 6; Census Tract 177; New York County; New York,Manhattan,997,581,233,0.4010327022375215,470,171,0.3638297872340426,215,0.2156469408224674,167,0.1675025075225677,540,0.5416248746238717,48,0.0481444332998996,0,0.0,67,0.0672016048144433,57,0.0981067125645439,36061017700,10030,1319,0.1315054835493519,10030,983,0.0980059820538384,10030,0,0.0,16689,0.016689,59739.94846905147,0.7278677622635652
360610179006,360610179006,Block Group 6; Census Tract 179; New York County; New York,Manhattan,2122,744,393,0.5282258064516129,862,539,0.6252900232018561,919,0.4330819981149859,218,0.1027332704995287,2033,0.9580584354382656,10,0.004712535344015,0,0.0,79,0.0372290292177191,0,0.0,36061017900,9842,873,0.0887014834383255,9875,711,0.072,9875,877,0.0888101265822784,21872,0.021872,97019.01975128018,0.941706923450926
360610181006,360610181006,Block Group 6; Census Tract 181; New York County; New York,Manhattan,1880,802,658,0.8204488778054863,907,778,0.8577728776185226,206,0.1095744680851063,476,0.2531914893617021,1197,0.6367021276595745,63,0.0335106382978723,0,0.0,118,0.0627659574468085,0,0.0,36061018100,8408,698,0.0830161750713606,8408,1053,0.1252378686964795,8408,174,0.0206945765937202,24109,0.024109,77979.17790036916,0.8514496074817726
360610183006,360610183006,Block Group 6; Census Tract 183; New York County; New York,Manhattan,668,316,316,1.0,470,263,0.5595744680851064,32,0.0479041916167664,218,0.3263473053892216,355,0.531437125748503,0,0.0,138,0.2065868263473053,152,0.2275449101796407,0,0.0,36061018300,8440,1463,0.1733412322274881,8440,991,0.1174170616113744,8440,268,0.0317535545023696,22821,0.022821,29271.285219753736,0.9242508834121844
360610187006,360610187006,Block Group 6; Census Tract 187; New York County; New York,Manhattan,717,358,277,0.7737430167597765,391,371,0.948849104859335,78,0.1087866108786611,70,0.0976290097629009,523,0.7294281729428173,0,0.0,100,0.1394700139470014,94,0.1311018131101813,0,0.0,36061018700,9862,952,0.0965321435814236,9907,860,0.0868073079640658,9907,205,0.0206924396891087,22212,0.022212,32279.848730415993,0.908013902805363
360610189006,360610189006,Block Group 6; Census Tract 189; New York County; New York,Manhattan,2670,1183,1183,1.0,873,639,0.7319587628865979,781,0.2925093632958802,628,0.2352059925093633,0,0.0,793,0.297003745318352,250,0.0936329588014981,1530,0.5730337078651685,117,0.0989010989010989,36061018900,9819,3133,0.3190752622466646,9747,1644,0.1686672822406894,9747,171,0.0175438596491228,85965,0.085965,31059.15198045716,0.9026233772430144
360610018006,360610018006,Block Group 6; Census Tract 18; New York County; New York,Manhattan,1082,401,377,0.940149625935162,312,70,0.2243589743589743,44,0.0406654343807763,498,0.4602587800369686,296,0.2735674676524954,17,0.0157116451016635,611,0.5646950092421442,66,0.0609981515711645,71,0.1770573566084788,36061001800,6386,1327,0.2077983088005011,6646,747,0.1123984351489617,6646,802,0.1206740896780018,16650,0.01665,64984.98498498498,0.8012133674380454
360610191006,360610191006,Block Group 6; Census Tract 191; New York County; New York,Manhattan,952,440,417,0.9477272727272728,778,355,0.4562982005141388,97,0.101890756302521,76,0.0798319327731092,770,0.8088235294117647,0,0.0,89,0.0934873949579832,35,0.0367647058823529,0,0.0,36061019100,7906,742,0.0938527700480647,8008,1122,0.1401098901098901,8008,351,0.0438311688311688,22560,0.02256,42198.58156028369,0.8657947260690934
360610193006,360610193006,Block Group 6; Census Tract 193; New York County; New York,Manhattan,1903,823,760,0.9234507897934386,751,440,0.5858854860186418,419,0.2201786652653704,337,0.1770888071466106,388,0.2038885969521807,409,0.2149238045191802,280,0.1471361008933263,723,0.3799264319495533,24,0.0291616038882138,36061019300,9098,1909,0.2098263354583425,9172,1605,0.1749890972525076,9172,639,0.069668556476232,45366,0.045366,41947.714147158666,0.667190277149697
360610199006,360610199006,Block Group 6; Census Tract 199; New York County; New York,Manhattan,452,344,268,0.7790697674418605,136,18,0.1323529411764706,0,0.0,175,0.3871681415929203,362,0.8008849557522124,0,0.0,59,0.1305309734513274,31,0.0685840707964601,0,0.0,36061019900,6060,1194,0.197029702970297,8527,824,0.0966342207106837,8527,283,0.0331886947343731,22917,0.022917,19723.34947855304,0.8551719273864258
360610002026,360610002026,Block Group 6; Census Tract 2.02; New York County; New York,Manhattan,1576,713,646,0.906030855539972,499,94,0.188376753507014,180,0.1142131979695431,464,0.2944162436548223,205,0.1300761421319796,547,0.3470812182741117,458,0.2906091370558376,361,0.2290609137055837,137,0.1921458625525946,36061000202,6601,1892,0.2866232389031964,6752,1431,0.2119372037914692,6752,243,0.0359893364928909,83226,0.083226,18936.39007041069,0.655475406307666
360610210006,360610210006,Block Group 6; Census Tract 210; New York County; New York,Manhattan,2664,1081,1081,1.0,1084,626,0.577490774907749,845,0.3171921921921922,342,0.1283783783783783,175,0.0656906906906907,1836,0.6891891891891891,71,0.0266516516516516,529,0.1985735735735735,0,0.0,36061021000,6518,2392,0.3669837373427432,6552,1255,0.1915445665445665,6552,424,0.0647130647130647,33253,0.033253,80113.07250473642,0.8286979556660903
360610211006,360610211006,Block Group 6; Census Tract 211; New York County; New York,Manhattan,1948,1137,701,0.6165347405452947,918,231,0.2516339869281045,182,0.0934291581108829,736,0.37782340862423,1344,0.6899383983572895,173,0.0888090349075975,23,0.0118069815195071,325,0.1668377823408624,0,0.0,36061021100,8749,2596,0.2967196251000114,9846,1796,0.1824091001421897,9846,404,0.0410318911232988,46354,0.046354,42024.42076196229,0.8478222629673444
360610245006,360610245006,Block Group 6; Census Tract 245; New York County; New York,Manhattan,1359,435,435,1.0,814,345,0.4238329238329238,65,0.0478292862398822,170,0.1250919793966151,20,0.0147167034584253,300,0.2207505518763796,0,0.0,788,0.5798381162619574,115,0.264367816091954,36061024500,14577,4599,0.315497015846882,14577,3485,0.2390752555395486,14577,528,0.0362214447417164,26935,0.026935,50454.79858919621,0.8301986068763475
360610253006,360610253006,Block Group 6; Census Tract 253; New York County; New York,Manhattan,2728,1363,1363,1.0,1383,497,0.3593637020968908,409,0.1499266862170088,540,0.1979472140762463,510,0.1869501466275659,189,0.0692815249266862,281,0.1030058651026393,1349,0.4945014662756598,164,0.1203228173147468,36061025300,10132,1826,0.1802210817212791,10172,1541,0.1514942980731419,10172,555,0.0545615414864333,35489,0.035489,76868.8889515061,0.8701496966786727
360610261006,360610261006,Block Group 6; Census Tract 261; New York County; New York,Manhattan,739,277,277,1.0,318,286,0.89937106918239,51,0.0690121786197564,147,0.1989174560216508,68,0.0920162381596752,150,0.2029769959404601,0,0.0,521,0.7050067658998647,36,0.1299638989169675,36061026100,11982,4282,0.357369387414455,12041,2403,0.1995681421808819,12041,1529,0.1269828087368159,11903,0.011903,62085.188607913966,0.7749228560119975
360610269006,360610269006,Block Group 6; Census Tract 269; New York County; New York,Manhattan,1780,580,580,1.0,684,605,0.8845029239766082,253,0.1421348314606741,128,0.0719101123595505,0,0.0,37,0.0207865168539325,0,0.0,1610,0.904494382022472,129,0.2224137931034482,36061026900,7414,1069,0.1441866738602643,7594,1256,0.1653937318936002,7594,507,0.0667632341322096,22278,0.022278,79899.4523745399,0.8593252413728893
360610279006,360610279006,Block Group 6; Census Tract 279; New York County; New York,Manhattan,1900,898,898,1.0,984,756,0.7682926829268293,300,0.1578947368421052,138,0.0726315789473684,497,0.2615789473684211,24,0.0126315789473684,0,0.0,1378,0.7252631578947368,229,0.255011135857461,36061027900,9587,1033,0.1077500782309377,9587,1130,0.1178679461771148,9587,679,0.0708250756232398,21239,0.021239,89458.07241395545,0.8774246876292688
360610291006,360610291006,Block Group 6; Census Tract 291; New York County; New York,Manhattan,2231,685,685,1.0,1206,747,0.6194029850746269,281,0.1259524876736889,120,0.0537875392200806,42,0.0188256387270282,0,0.0,0,0.0,2189,0.9811743612729718,297,0.4335766423357664,36061029100,10834,1528,0.1410374746169466,10870,1568,0.1442502299908003,10870,546,0.0502299908003679,25823,0.025823,86395.84866204546,0.7926425705880507
360610032006,360610032006,Block Group 6; Census Tract 32; New York County; New York,Manhattan,1263,957,957,1.0,1027,477,0.4644595910418695,20,0.0158353127474267,72,0.0570071258907363,1148,0.908946951702296,43,0.0340459224069675,35,0.0277117973079968,14,0.0110847189231987,0,0.0,36061003200,7866,1135,0.1442918891431477,7866,1007,0.1280193236714976,7866,361,0.0458937198067632,34470,0.03447,36640.557006092255,0.8374190303476206
360610038006,360610038006,Block Group 6; Census Tract 38; New York County; New York,Manhattan,533,247,247,1.0,284,67,0.2359154929577464,0,0.0,133,0.24953095684803,342,0.6416510318949343,47,0.0881801125703564,47,0.0881801125703564,53,0.099437148217636,0,0.0,36061003800,7018,1245,0.1774009689370191,7254,629,0.0867107802591673,7254,234,0.032258064516129,16836,0.016836,31658.351152292707,0.7532949346417828
360610041006,360610041006,Block Group 6; Census Tract 41; New York County; New York,Manhattan,1216,399,399,1.0,517,225,0.4352030947775628,226,0.1858552631578947,24,0.0197368421052631,758,0.6233552631578947,91,0.0748355263157894,178,0.1463815789473684,153,0.1258223684210526,63,0.1578947368421052,36061004100,6495,871,0.1341031562740569,6889,565,0.082014806212803,6889,380,0.0551604006386993,25620,0.02562,47462.919594067134,0.7317659065363389
360610044006,360610044006,Block Group 6; Census Tract 44; New York County; New York,Manhattan,3420,1417,1417,1.0,1628,291,0.1787469287469287,204,0.0596491228070175,540,0.1578947368421052,2112,0.6175438596491228,0,0.0,1022,0.2988304093567251,286,0.083625730994152,63,0.0444601270289343,36061004400,16963,1589,0.0936744679596769,16963,947,0.055827389023168,16963,510,0.0300654365383481,31007,0.031007,110297.67471861192,0.7438721234701995
360610048006,360610048006,Block Group 6; Census Tract 48; New York County; New York,Manhattan,1306,570,533,0.9350877192982456,757,257,0.3394980184940555,146,0.111791730474732,120,0.0918836140888208,819,0.6271056661562021,42,0.0321592649310872,178,0.1362940275650842,216,0.1653905053598774,12,0.0210526315789473,36061004800,6012,589,0.0979707252162341,6931,431,0.0621843889770595,6931,44,0.0063482902900014,34742,0.034742,37591.387945426286,0.9192751972729928
360610064006,360610064006,Block Group 6; Census Tract 64; New York County; New York,Manhattan,1283,657,501,0.7625570776255708,716,556,0.776536312849162,179,0.1395167575993764,273,0.2127825409197194,461,0.3593141075604053,197,0.1535463756819953,444,0.3460639127045986,115,0.0896336710833982,35,0.0532724505327245,36061006400,7421,1375,0.1852850020212909,7726,693,0.0896971265855552,7726,328,0.0424540512555009,20547,0.020547,62442.20567479438,0.8763909608528079
360610066006,360610066006,Block Group 6; Census Tract 66; New York County; New York,Manhattan,639,368,257,0.6983695652173914,202,0,0.0,32,0.0500782472613458,266,0.4162754303599374,345,0.539906103286385,88,0.137715179968701,139,0.217527386541471,9,0.0140845070422535,52,0.1413043478260869,36061006600,10552,1698,0.1609173616376042,11032,1602,0.1452139231327048,11032,252,0.0228426395939086,17914,0.017914,35670.42536563582,0.9044979694442644
360610068006,360610068006,Block Group 6; Census Tract 68; New York County; New York,Manhattan,1671,770,770,1.0,1168,306,0.261986301369863,210,0.1256732495511669,135,0.0807899461400359,984,0.5888689407540395,72,0.0430879712746858,176,0.1053261520047875,33,0.0197486535008976,0,0.0,36061006800,5289,576,0.1089052750992626,6430,486,0.0755832037325038,6430,177,0.0275272161741835,24279,0.024279,68824.91041640924,0.8092273226085356
360610006006,360610006006,Block Group 6; Census Tract 6; New York County; New York,Manhattan,2584,1259,1203,0.9555202541699762,975,394,0.4041025641025641,325,0.1257739938080495,486,0.1880804953560371,351,0.1358359133126934,0,0.0,965,0.3734520123839009,1018,0.3939628482972136,345,0.2740270055599682,36061000600,10068,3492,0.3468414779499404,10068,1199,0.1190901867302344,10068,232,0.0230433055224473,52254,0.052254,49450.759750449724,0.7687949496956296
360610072006,360610072006,Block Group 6; Census Tract 72; New York County; New York,Manhattan,681,443,443,1.0,518,156,0.3011583011583011,0,0.0,92,0.1350954478707782,503,0.7386196769456681,0,0.0,145,0.2129221732745961,33,0.0484581497797356,0,0.0,36061007200,6899,446,0.0646470502971445,7108,157,0.0220877884074282,7108,134,0.0188519977490151,13118,0.013118,51913.4014331453,0.7860294231488351
360610073006,360610073006,Block Group 6; Census Tract 73; New York County; New York,Manhattan,1670,1008,890,0.8829365079365079,988,324,0.3279352226720647,90,0.0538922155688622,192,0.1149700598802395,1140,0.6826347305389222,130,0.0778443113772455,54,0.0323353293413173,323,0.1934131736526946,0,0.0,36061007300,5393,572,0.1060634155386612,5393,136,0.0252178750231781,5393,97,0.0179862785091785,39514,0.039514,42263.50154375664,0.6876324934984084
360610078006,360610078006,Block Group 6; Census Tract 78; New York County; New York,Manhattan,1591,793,536,0.6759142496847415,1067,220,0.2061855670103092,248,0.1558768070395977,276,0.1734758013827781,907,0.5700817096165933,0,0.0,646,0.4060339409176619,0,0.0,47,0.0592686002522068,36061007800,7991,532,0.0665748967588537,8011,536,0.0669080014979403,8011,100,0.012482836100362,35907,0.035907,44308.90912635419,0.8998723196923626
360610007006,360610007006,Block Group 6; Census Tract 7; New York County; New York,Manhattan,1580,951,757,0.7960042060988434,1298,644,0.4961479198767334,46,0.0291139240506329,105,0.0664556962025316,1226,0.7759493670886076,0,0.0,41,0.0259493670886075,294,0.1860759493670886,0,0.0,36061000700,9134,344,0.0376614845631705,9134,53,0.0058024961681629,9134,150,0.0164221589664987,17486,0.017486,90358.00068626329,0.8631547030533739
360610080006,360610080006,Block Group 6; Census Tract 80; New York County; New York,Manhattan,919,592,557,0.9408783783783784,704,259,0.3678977272727273,34,0.0369967355821545,319,0.3471164309031556,811,0.8824809575625681,1,0.001088139281828,83,0.0903155603917301,24,0.0261153427638737,0,0.0,36061008000,5200,343,0.0659615384615384,5313,236,0.0444193487671748,5313,152,0.0286090720873329,36805,0.036805,24969.433500883035,0.7894163024297481
360610081006,360610081006,Block Group 6; Census Tract 81; New York County; New York,Manhattan,687,422,399,0.9454976303317536,424,191,0.4504716981132075,83,0.1208151382823871,47,0.0684133915574963,504,0.7336244541484717,28,0.0407569141193595,79,0.1149927219796215,76,0.1106259097525473,24,0.0568720379146919,36061008100,6162,445,0.0722168127231418,6167,464,0.0752391762607426,6167,78,0.0126479649748662,24038,0.024038,28579.74873117564,0.897729499210815
360610087006,360610087006,Block Group 6; Census Tract 87; New York County; New York,Manhattan,1600,711,485,0.6821378340365682,739,147,0.1989174560216508,388,0.2425,141,0.088125,1172,0.7325,0,0.0,269,0.168125,43,0.026875,43,0.060478199718706,36061008700,5376,577,0.107328869047619,5376,242,0.0450148809523809,5376,227,0.0422247023809523,41854,0.041854,38228.12634395756,0.8469167843384375
360610088006,360610088006,Block Group 6; Census Tract 88; New York County; New York,Manhattan,1697,1024,910,0.888671875,1093,62,0.0567246111619396,99,0.0583382439599292,390,0.2298173246906305,1125,0.6629345904537419,233,0.1373011196228638,244,0.1437831467295227,0,0.0,284,0.27734375,36061008800,7567,754,0.0996431875247786,7567,542,0.0716268005814721,7567,95,0.0125545130170477,18379,0.018379,92333.6416562381,0.7908286544134941
360610008006,360610008006,Block Group 6; Census Tract 8; New York County; New York,Manhattan,1449,817,817,1.0,295,28,0.0949152542372881,163,0.1124913733609385,564,0.3892339544513457,316,0.2180814354727398,18,0.0124223602484472,1028,0.7094547964113181,18,0.0124223602484472,508,0.6217870257037944,36061000800,8729,3460,0.3963798831481269,8747,925,0.1057505430433291,8747,314,0.0358980221790328,105814,0.105814,13693.840134575765,0.7716781195222114
360610090006,360610090006,Block Group 6; Census Tract 90; New York County; New York,Manhattan,866,576,493,0.8559027777777778,530,238,0.4490566037735849,18,0.0207852193995381,156,0.1801385681293302,459,0.5300230946882217,154,0.1778290993071593,97,0.1120092378752886,100,0.115473441108545,0,0.0,36061009000,7221,627,0.0868300789364353,7239,487,0.0672744854261638,7239,341,0.0471059538610305,17123,0.017123,50575.24966419436,0.7593592617205802
360610091006,360610091006,Block Group 6; Census Tract 91; New York County; New York,Manhattan,1306,764,744,0.9738219895287958,1140,218,0.1912280701754386,38,0.0290964777947932,211,0.1615620214395099,811,0.6209800918836141,28,0.0214395099540581,181,0.1385911179173047,259,0.1983154670750382,49,0.0641361256544502,36061009100,6536,944,0.1444308445532435,6536,1117,0.1708996328029375,6536,110,0.0168298653610771,21644,0.021644,60340.04805026797,0.8353589368875712
360610093006,360610093006,Block Group 6; Census Tract 93; New York County; New York,Manhattan,1712,804,804,1.0,665,344,0.5172932330827068,570,0.3329439252336448,38,0.0221962616822429,124,0.072429906542056,562,0.3282710280373832,0,0.0,1026,0.5992990654205608,0,0.0,36061009300,9535,1180,0.1237545883586785,9535,1192,0.1250131095962244,9535,145,0.015207131620346,21765,0.021765,78658.3965081553,0.7296216489228095
360610098006,360610098006,Block Group 6; Census Tract 98; New York County; New York,Manhattan,2044,1111,1066,0.9594959495949597,1022,196,0.1917808219178082,475,0.2323874755381604,374,0.1829745596868884,1565,0.7656555772994129,25,0.0122309197651663,284,0.1389432485322896,84,0.0410958904109589,0,0.0,36061009800,8855,1073,0.1211744776962168,8874,867,0.0977011494252873,8874,334,0.0376380437232364,36472,0.036472,56042.99188418513,0.8876623367953644
360610118007,360610118007,Block Group 7; Census Tract 118; New York County; New York,Manhattan,1276,651,475,0.7296466973886329,605,256,0.4231404958677686,185,0.1449843260188087,133,0.1042319749216301,1029,0.8064263322884012,0,0.0,209,0.1637931034482758,0,0.0,0,0.0,36061011800,9264,676,0.0729706390328152,9264,1485,0.1602979274611398,9264,56,0.0060449050086355,16795,0.016795,75974.99255730872,0.8814963107173294
360610124007,360610124007,Block Group 7; Census Tract 124; New York County; New York,Manhattan,649,430,268,0.6232558139534884,295,152,0.5152542372881356,63,0.0970724191063174,264,0.4067796610169492,511,0.7873651771956857,0,0.0,86,0.1325115562403698,0,0.0,25,0.0581395348837209,36061012400,8258,445,0.0538871397432792,8670,722,0.083275663206459,8670,142,0.0163783160322952,20993,0.020993,30915.06692707093,0.8731810699366387
360610134007,360610134007,Block Group 7; Census Tract 134; New York County; New York,Manhattan,1449,999,940,0.9409409409409408,1213,209,0.1723000824402308,53,0.0365769496204278,372,0.2567287784679089,1105,0.7625948930296756,0,0.0,0,0.0,344,0.2374051069703243,0,0.0,36061013400,10399,1010,0.0971247235311087,10475,840,0.0801909307875895,10475,90,0.0085918854415274,18406,0.018406,78724.32902314463,0.7264381387452943
360610138007,360610138007,Block Group 7; Census Tract 138; New York County; New York,Manhattan,446,278,142,0.5107913669064749,105,56,0.5333333333333333,27,0.0605381165919282,284,0.6367713004484304,364,0.8161434977578476,0,0.0,0,0.0,82,0.1838565022421524,0,0.0,36061013800,11161,609,0.0545650031359197,11161,453,0.0405877609533196,11161,451,0.0404085655407221,18483,0.018483,24130.28188064708,0.7384746037880399
360610139007,360610139007,Block Group 7; Census Tract 139; New York County; New York,Manhattan,1230,861,826,0.959349593495935,1033,365,0.3533397870280735,0,0.0,79,0.0642276422764227,681,0.5536585365853659,0,0.0,36,0.0292682926829268,336,0.2731707317073171,0,0.0,36061013900,9918,396,0.0399274047186932,9952,1678,0.1686093247588424,9952,203,0.0203979099678456,23719,0.023719,51857.16092584004,0.8972836959173075
360610157007,360610157007,Block Group 7; Census Tract 157; New York County; New York,Manhattan,2083,1119,765,0.6836461126005362,1571,1128,0.7180140038192234,197,0.0945751320211233,146,0.0700912145943351,1433,0.6879500720115218,84,0.0403264522323571,247,0.1185789726356217,319,0.1531445031204993,13,0.0116175156389633,36061015700,10219,450,0.0440356199236715,10669,966,0.0905426937857343,10669,388,0.0363670447089699,23604,0.023604,88247.75461786138,0.6201713237877262
360610159007,360610159007,Block Group 7; Census Tract 159; New York County; New York,Manhattan,1669,1122,822,0.732620320855615,1137,577,0.5074758135444152,178,0.1066506890353505,408,0.2444577591372079,1343,0.8046734571599761,0,0.0,196,0.1174355901737567,25,0.0149790293588975,0,0.0,36061015900,9194,481,0.0523167283010659,9194,760,0.0826626060474222,9194,236,0.0256689145094626,22235,0.022235,75061.83944232066,0.6983910675626795
360610173007,360610173007,Block Group 7; Census Tract 173; New York County; New York,Manhattan,1677,880,880,1.0,1134,734,0.6472663139329806,337,0.2009540846750149,202,0.120453190220632,1308,0.7799642218246869,40,0.0238521168753726,31,0.0184853905784138,261,0.1556350626118068,0,0.0,36061017300,9343,557,0.0596168254308038,9343,1055,0.1129187627100503,9343,120,0.0128438403082521,23468,0.023468,71459.00801090847,0.70233716225299
360610175007,360610175007,Block Group 7; Census Tract 175; New York County; New York,Manhattan,909,449,429,0.955456570155902,473,246,0.5200845665961945,67,0.0737073707370737,243,0.2673267326732673,385,0.4235423542354235,13,0.0143014301430143,0,0.0,84,0.0924092409240924,0,0.0,36061017500,9742,321,0.0329501129131595,9760,1141,0.116905737704918,9760,229,0.0234631147540983,22980,0.02298,39556.135770234985,0.717800034981375
360610177007,360610177007,Block Group 7; Census Tract 177; New York County; New York,Manhattan,684,338,249,0.7366863905325444,274,183,0.6678832116788321,51,0.0745614035087719,355,0.5190058479532164,238,0.347953216374269,52,0.0760233918128654,185,0.2704678362573099,168,0.2456140350877192,0,0.0,36061017700,10030,1319,0.1315054835493519,10030,983,0.0980059820538384,10030,0,0.0,21988,0.021988,31107.87702383118,0.7418117324690147
360610179007,360610179007,Block Group 7; Census Tract 179; New York County; New York,Manhattan,1236,622,494,0.7942122186495176,973,617,0.6341212744090442,75,0.0606796116504854,58,0.046925566343042,700,0.5663430420711975,0,0.0,59,0.0477346278317152,338,0.273462783171521,27,0.0434083601286173,36061017900,9842,873,0.0887014834383255,9875,711,0.072,9875,877,0.0888101265822784,21804,0.021804,56686.84645019262,0.7917814385269858
360610183007,360610183007,Block Group 7; Census Tract 183; New York County; New York,Manhattan,552,309,261,0.8446601941747572,358,264,0.7374301675977654,44,0.0797101449275362,99,0.1793478260869565,431,0.7807971014492754,0,0.0,50,0.0905797101449275,50,0.0905797101449275,24,0.0776699029126213,36061018300,8440,1463,0.1733412322274881,8440,991,0.1174170616113744,8440,268,0.0317535545023696,22647,0.022647,24374.08928334879,0.873709832211557
360610018007,360610018007,Block Group 7; Census Tract 18; New York County; New York,Manhattan,1078,523,523,1.0,484,298,0.6157024793388429,39,0.036178107606679,172,0.1595547309833024,351,0.3256029684601113,0,0.0,647,0.6001855287569573,80,0.0742115027829313,189,0.361376673040153,36061001800,6386,1327,0.2077983088005011,6646,747,0.1123984351489617,6646,802,0.1206740896780018,17675,0.017675,60990.099009900994,0.858931092302221
360610211007,360610211007,Block Group 7; Census Tract 211; New York County; New York,Manhattan,939,265,232,0.8754716981132076,516,170,0.3294573643410852,29,0.0308839190628328,302,0.3216187433439829,416,0.443024494142705,321,0.3418530351437699,57,0.060702875399361,68,0.0724174653887114,0,0.0,36061021100,8749,2596,0.2967196251000114,9846,1796,0.1824091001421897,9846,404,0.0410318911232988,21999,0.021999,42683.75835265239,0.8507024077288963
360610245007,360610245007,Block Group 7; Census Tract 245; New York County; New York,Manhattan,917,477,477,1.0,330,303,0.9181818181818182,61,0.0665212649945474,131,0.1428571428571428,255,0.2780806979280262,140,0.1526717557251908,45,0.0490730643402399,402,0.4383860414394765,34,0.0712788259958071,36061024500,14577,4599,0.315497015846882,14577,3485,0.2390752555395486,14577,528,0.0362214447417164,21881,0.021881,41908.50509574517,0.8421363534633092
360610261007,360610261007,Block Group 7; Census Tract 261; New York County; New York,Manhattan,1790,443,428,0.9661399548532732,938,547,0.5831556503198294,155,0.0865921787709497,301,0.1681564245810055,48,0.0268156424581005,0,0.0,0,0.0,1708,0.9541899441340782,61,0.1376975169300225,36061026100,11982,4282,0.357369387414455,12041,2403,0.1995681421808819,12041,1529,0.1269828087368159,23018,0.023018,77765.2272134851,0.7748912570114783
360610279007,360610279007,Block Group 7; Census Tract 279; New York County; New York,Manhattan,740,117,117,1.0,171,156,0.912280701754386,26,0.0351351351351351,0,0.0,0,0.0,0,0.0,0,0.0,740,1.0,0,0.0,36061027900,9587,1033,0.1077500782309377,9587,1130,0.1178679461771148,9587,679,0.0708250756232398,9593,0.009593,77139.58094443864,0.8789210109254955
360610291007,360610291007,Block Group 7; Census Tract 291; New York County; New York,Manhattan,1056,419,408,0.973747016706444,606,341,0.5627062706270627,106,0.1003787878787878,114,0.1079545454545454,297,0.28125,31,0.0293560606060606,0,0.0,728,0.6893939393939394,118,0.2816229116945107,36061029100,10834,1528,0.1410374746169466,10870,1568,0.1442502299908003,10870,546,0.0502299908003679,21559,0.021559,48981.86372280718,0.7980599463446632
360610032007,360610032007,Block Group 7; Census Tract 32; New York County; New York,Manhattan,582,368,368,1.0,514,147,0.2859922178988326,0,0.0,67,0.1151202749140893,426,0.7319587628865979,30,0.0515463917525773,79,0.1357388316151202,0,0.0,47,0.1277173913043478,36061003200,7866,1135,0.1442918891431477,7866,1007,0.1280193236714976,7866,361,0.0458937198067632,67615,0.067615,8607.557494638764,0.8108497625667979
360610038007,360610038007,Block Group 7; Census Tract 38; New York County; New York,Manhattan,1184,838,838,1.0,608,165,0.2713815789473684,5,0.0042229729729729,145,0.1224662162162162,669,0.5650337837837838,4,0.0033783783783783,251,0.2119932432432432,260,0.2195945945945946,43,0.0513126491646778,36061003800,7018,1245,0.1774009689370191,7254,629,0.0867107802591673,7254,234,0.032258064516129,34979,0.034979,33848.88075702564,0.7932858594839902
360610044007,360610044007,Block Group 7; Census Tract 44; New York County; New York,Manhattan,3104,1125,1125,1.0,1618,756,0.4672435105067985,633,0.203930412371134,293,0.0943943298969072,2332,0.7512886597938144,215,0.0692654639175257,398,0.128221649484536,72,0.0231958762886597,0,0.0,36061004400,16963,1589,0.0936744679596769,16963,947,0.055827389023168,16963,510,0.0300654365383481,36390,0.03639,85298.15883484474,0.8081451053801241
360610066007,360610066007,Block Group 7; Census Tract 66; New York County; New York,Manhattan,1968,588,588,1.0,815,428,0.5251533742331288,439,0.2230691056910569,92,0.0467479674796747,985,0.5005081300813008,580,0.2947154471544715,187,0.095020325203252,195,0.0990853658536585,0,0.0,36061006600,10552,1698,0.1609173616376042,11032,1602,0.1452139231327048,11032,252,0.0228426395939086,17971,0.017971,109509.76573368204,0.902397285922897
360610072007,360610072007,Block Group 7; Census Tract 72; New York County; New York,Manhattan,1015,489,489,1.0,657,219,0.3333333333333333,156,0.1536945812807881,152,0.1497536945812808,635,0.625615763546798,130,0.1280788177339901,64,0.0630541871921182,33,0.0325123152709359,0,0.0,36061007200,6899,446,0.0646470502971445,7108,157,0.0220877884074282,7108,134,0.0188519977490151,13088,0.013088,77551.95599022004,0.7857388118528765
360610078007,360610078007,Block Group 7; Census Tract 78; New York County; New York,Manhattan,1605,1070,1023,0.9560747663551402,1072,54,0.0503731343283582,161,0.1003115264797507,80,0.0498442367601246,436,0.2716510903426791,42,0.0261682242990654,686,0.4274143302180685,417,0.2598130841121495,313,0.2925233644859813,36061007800,7991,532,0.0665748967588537,8011,536,0.0669080014979403,8011,100,0.012482836100362,17924,0.017924,89544.74447667932,0.805761702642783
360610007007,360610007007,Block Group 7; Census Tract 7; New York County; New York,Manhattan,568,270,241,0.8925925925925926,402,150,0.373134328358209,54,0.0950704225352112,55,0.0968309859154929,435,0.7658450704225352,64,0.1126760563380281,29,0.051056338028169,0,0.0,0,0.0,36061000700,9134,344,0.0376614845631705,9134,53,0.0058024961681629,9134,150,0.0164221589664987,60697,0.060697,9357.95838344564,0.8622803292433998
360610088007,360610088007,Block Group 7; Census Tract 88; New York County; New York,Manhattan,480,393,334,0.8498727735368957,421,71,0.168646080760095,0,0.0,7,0.0145833333333333,305,0.6354166666666666,25,0.0520833333333333,124,0.2583333333333333,26,0.0541666666666666,7,0.0178117048346055,36061008800,7567,754,0.0996431875247786,7567,542,0.0716268005814721,7567,95,0.0125545130170477,4569,0.004569,105055.81089954036,0.7927727771424966
360610090007,360610090007,Block Group 7; Census Tract 90; New York County; New York,Manhattan,737,470,470,1.0,423,178,0.4208037825059101,0,0.0,66,0.0895522388059701,649,0.8805970149253731,44,0.0597014925373134,0,0.0,0,0.0,36,0.076595744680851,36061009000,7221,627,0.0868300789364353,7239,487,0.0672744854261638,7239,341,0.0471059538610305,34512,0.034512,21354.891052387575,0.7348004544501192
360610093007,360610093007,Block Group 7; Census Tract 93; New York County; New York,Manhattan,693,386,316,0.8186528497409327,342,0,0.0,32,0.0461760461760461,241,0.3477633477633478,494,0.7128427128427128,51,0.0735930735930736,2,0.0028860028860028,141,0.2034632034632034,0,0.0,36061009300,9535,1180,0.1237545883586785,9535,1192,0.1250131095962244,9535,145,0.015207131620346,23215,0.023215,29851.389188024983,0.7382131354816628
360610098007,360610098007,Block Group 7; Census Tract 98; New York County; New York,Manhattan,2085,976,817,0.8370901639344263,832,153,0.1838942307692307,309,0.1482014388489208,156,0.074820143884892,1752,0.8402877697841726,0,0.0,197,0.0944844124700239,0,0.0,0,0.0,36061009800,8855,1073,0.1211744776962168,8874,867,0.0977011494252873,8874,334,0.0376380437232364,18072,0.018072,115371.8459495352,0.7891351370452068
360610118008,360610118008,Block Group 8; Census Tract 118; New York County; New York,Manhattan,620,280,147,0.525,329,86,0.2613981762917933,101,0.1629032258064516,94,0.1516129032258064,464,0.7483870967741936,0,0.0,122,0.1967741935483871,34,0.0548387096774193,0,0.0,36061011800,9264,676,0.0729706390328152,9264,1485,0.1602979274611398,9264,56,0.0060449050086355,17229,0.017229,35985.83783156306,0.8855643411648981
360610124008,360610124008,Block Group 8; Census Tract 124; New York County; New York,Manhattan,484,302,302,1.0,388,65,0.1675257731958762,55,0.1136363636363636,0,0.0,219,0.4524793388429752,88,0.1818181818181818,122,0.2520661157024793,0,0.0,0,0.0,36061012400,8258,445,0.0538871397432792,8670,722,0.083275663206459,8670,142,0.0163783160322952,18510,0.01851,26148.028092922745,0.9208845045489352
360610134008,360610134008,Block Group 8; Census Tract 134; New York County; New York,Manhattan,2704,955,955,1.0,1383,994,0.7187274041937817,825,0.305103550295858,139,0.0514053254437869,2256,0.834319526627219,0,0.0,346,0.1279585798816568,27,0.0099852071005917,0,0.0,36061013400,10399,1010,0.0971247235311087,10475,840,0.0801909307875895,10475,90,0.0085918854415274,18397,0.018397,146980.485948796,0.6085986236809495
360610138008,360610138008,Block Group 8; Census Tract 138; New York County; New York,Manhattan,1486,806,550,0.6823821339950372,864,500,0.5787037037037037,229,0.1541049798115747,550,0.3701211305518169,1329,0.8943472409152086,0,0.0,0,0.0,84,0.0565275908479138,73,0.0905707196029776,36061013800,11161,609,0.0545650031359197,11161,453,0.0405877609533196,11161,451,0.0404085655407221,19821,0.019821,74970.99036375561,0.8368201345294144
360610157008,360610157008,Block Group 8; Census Tract 157; New York County; New York,Manhattan,1319,585,536,0.9162393162393162,850,261,0.3070588235294118,0,0.0,49,0.0371493555724033,855,0.6482183472327521,43,0.0326004548900682,259,0.1963608794541319,142,0.1076573161485974,48,0.082051282051282,36061015700,10219,450,0.0440356199236715,10669,966,0.0905426937857343,10669,388,0.0363670447089699,21837,0.021837,60402.06988139397,0.7174972891569058
360610177008,360610177008,Block Group 8; Census Tract 177; New York County; New York,Manhattan,1686,801,738,0.9213483146067416,874,607,0.6945080091533181,305,0.1809015421115065,442,0.262158956109134,978,0.5800711743772242,315,0.1868327402135231,55,0.0326215895610913,338,0.2004744958481613,52,0.0649188514357053,36061017700,10030,1319,0.1315054835493519,10030,983,0.0980059820538384,10030,0,0.0,21860,0.02186,77127.17291857273,0.737745900133926
360610044008,360610044008,Block Group 8; Census Tract 44; New York County; New York,Manhattan,1390,741,741,1.0,795,529,0.6654088050314465,0,0.0,482,0.3467625899280575,1232,0.8863309352517985,0,0.0,0,0.0,137,0.0985611510791367,0,0.0,36061004400,16963,1589,0.0936744679596769,16963,947,0.055827389023168,16963,510,0.0300654365383481,33027,0.033027,42086.77748508796,0.7863191623890127
360610066008,360610066008,Block Group 8; Census Tract 66; New York County; New York,Manhattan,521,432,432,1.0,187,105,0.5614973262032086,0,0.0,166,0.3186180422264875,302,0.5796545105566219,72,0.1381957773512476,0,0.0,147,0.2821497120921305,0,0.0,36061006600,10552,1698,0.1609173616376042,11032,1602,0.1452139231327048,11032,252,0.0228426395939086,35532,0.035532,14662.839130924236,0.9356548637305164
360610134009,360610134009,Block Group 9; Census Tract 134; New York County; New York,Manhattan,360,335,335,1.0,333,152,0.4564564564564564,0,0.0,0,0.0,240,0.6666666666666666,0,0.0,95,0.2638888888888889,25,0.0694444444444444,48,0.1432835820895522,36061013400,10399,1010,0.0971247235311087,10475,840,0.0801909307875895,10475,90,0.0085918854415274,18366,0.018366,19601.437438745503,0.7348605694573651
360610138009,360610138009,Block Group 9; Census Tract 138; New York County; New York,Manhattan,1232,448,329,0.734375,322,119,0.3695652173913043,48,0.0389610389610389,805,0.6534090909090909,835,0.6777597402597403,79,0.0641233766233766,292,0.237012987012987,26,0.0211038961038961,41,0.0915178571428571,36061013800,11161,609,0.0545650031359197,11161,453,0.0405877609533196,11161,451,0.0404085655407221,18772,0.018772,65629.66119752823,0.8465216249277866
360610044009,360610044009,Block Group 9; Census Tract 44; New York County; New York,Manhattan,2042,983,983,1.0,1338,1092,0.8161434977578476,0,0.0,547,0.2678746327130264,1736,0.8501469147894222,0,0.0,109,0.0533790401567091,110,0.0538687561214495,0,0.0,36061004400,16963,1589,0.0936744679596769,16963,947,0.055827389023168,16963,510,0.0300654365383481,34604,0.034604,59010.51901514275,0.8051034051511267
360610066009,360610066009,Block Group 9; Census Tract 66; New York County; New York,Manhattan,1735,1060,1060,1.0,592,360,0.6081081081081081,94,0.054178674351585,908,0.523342939481268,342,0.1971181556195965,0,0.0,832,0.4795389048991354,561,0.323342939481268,246,0.2320754716981132,36061006600,10552,1698,0.1609173616376042,11032,1602,0.1452139231327048,11032,252,0.0228426395939086,18229,0.018229,95178.01305611938,0.870760303457188
