GEOID_TEXT,GEOID,NAME,borough,total_population,total_households,no_vehicle_households,no_vehicle_rate,total_workers_16_plus,public_transit_workers,public_transit_commute_rate,under_18_population,under_18_rate,age_65_plus_population,age_65_plus_rate,white_non_hispanic_population,white_non_hispanic_rate,black_non_hispanic_population,black_non_hispanic_rate,asian_non_hispanic_population,asian_non_hispanic_rate,hispanic_population,hispanic_rate,limited_english_households,limited_english_rate,TRACT_GEOID,tract_poverty_universe,tract_below_poverty_population,tract_poverty_rate,tract_disability_universe,tract_disabled_population,tract_disability_rate,tract_insurance_universe,tract_uninsured_population,tract_uninsured_rate,ALAND,land_area_sq_km,population_density_per_sq_km,ewm_accessibility_score
360810001011,360810001011,Block Group 1; Census Tract 1.01; Queens County; New York,Queens,3007,1399,1272,0.9092208720514652,1880,824,0.4382978723404255,353,0.117392750249418,305,0.1014299966744263,1382,0.4595942800133022,34,0.0113069504489524,876,0.2913202527435983,454,0.1509810442301297,70,0.0500357398141529,36081000101,4665,281,0.060235798499464,4665,486,0.1041800643086816,4665,0,0.0,253018,0.253018,11884.529954390597,0.6145808297461516
360810001021,360810001021,Block Group 1; Census Tract 1.02; Queens County; New York,Queens,2813,1396,1396,1.0,1918,1139,0.5938477580813347,467,0.1660149306789904,32,0.0113757554212584,1765,0.627444009953786,96,0.0341272662637753,635,0.2257376466405972,118,0.0419480981158905,85,0.0608882521489971,36081000102,6790,233,0.0343151693667157,6769,244,0.0360466834096616,6769,191,0.0282168710296941,51341,0.051341,54790.51829921505,0.6184646612974207
360810001031,360810001031,Block Group 1; Census Tract 1.03; Queens County; New York,Queens,35,21,21,1.0,35,35,1.0,0,0.0,0,0.0,21,0.6,0,0.0,14,0.4,0,0.0,0,0.0,36081000103,35,0,0.0,35,0,0.0,35,5,0.1428571428571428,184619,0.184619,189.57962073242732,0.6090984953327556
360810001041,360810001041,Block Group 1; Census Tract 1.04; Queens County; New York,Queens,281,26,26,1.0,38,34,0.8947368421052632,24,0.0854092526690391,27,0.096085409252669,30,0.1067615658362989,121,0.4306049822064057,0,0.0,130,0.4626334519572954,0,0.0,36081000104,281,178,0.6334519572953736,281,7,0.0249110320284697,281,48,0.1708185053380783,555546,0.555546,505.8086999096385,0.5960904075442817
360811008011,360811008011,Block Group 1; Census Tract 1008.01; Queens County; New York,Queens,733,207,60,0.2898550724637681,299,49,0.1638795986622073,254,0.3465211459754433,134,0.1828103683492496,319,0.4351978171896316,270,0.3683492496589359,0,0.0,57,0.077762619372442,0,0.0,36081100801,2911,143,0.0491240123668842,2911,405,0.1391274476125042,2911,318,0.1092408107179663,200256,0.200256,3660.314797059764,0.7761217398494153
360811008031,360811008031,Block Group 1; Census Tract 1008.03; Queens County; New York,Queens,2761,726,542,0.7465564738292011,970,409,0.4216494845360825,1017,0.3683448026077508,400,0.1448750452734516,104,0.0376675117710974,1067,0.3864541832669322,41,0.0148496921405287,1416,0.5128576602680188,133,0.1831955922865013,36081100803,4637,970,0.2091869743368557,4729,695,0.1469655318249101,4729,825,0.1744554874180587,187189,0.187189,14749.798332166954,0.8276349175722267
360811008041,360811008041,Block Group 1; Census Tract 1008.04; Queens County; New York,Queens,3524,917,551,0.6008724100327154,1447,406,0.2805805114029026,1173,0.3328603859250851,254,0.0720771850170261,715,0.202894438138479,2419,0.6864358683314415,2,0.0005675368898978,230,0.0652667423382519,0,0.0,36081100804,5213,466,0.0893919048532514,5308,500,0.094197437829691,5308,277,0.0521853805576488,271502,0.271502,12979.646558773047,0.6077138130920097
360810100001,360810100001,Block Group 1; Census Tract 100; Queens County; New York,Queens,1322,365,124,0.3397260273972602,722,152,0.2105263157894736,324,0.2450832072617246,159,0.1202723146747352,16,0.0121028744326777,88,0.0665658093797276,202,0.1527987897125567,409,0.3093797276853253,0,0.0,36081010000,3082,325,0.1054510058403634,3082,135,0.0438027255029201,3082,130,0.0421804023361453,90263,0.090263,14646.08975992378,0.5433201713570648
360811010021,360811010021,Block Group 1; Census Tract 1010.02; Queens County; New York,Queens,3837,776,78,0.1005154639175257,1267,80,0.0631412786108918,2109,0.5496481626270524,386,0.1005994266353922,3817,0.99478759447485,0,0.0,0,0.0,20,0.0052124055251498,0,0.0,36081101002,6071,860,0.1416570581452808,6071,865,0.1424806456926371,6071,147,0.0242134738922747,408237,0.408237,9398.952079306871,0.7680648883595348
360811010031,360811010031,Block Group 1; Census Tract 1010.03; Queens County; New York,Queens,1951,786,611,0.77735368956743,490,181,0.3693877551020408,750,0.3844182470527934,448,0.2296258329062019,797,0.4085084572014351,500,0.2562788313685289,0,0.0,447,0.2291132752434649,126,0.1603053435114503,36081101003,4188,807,0.1926934097421203,4188,417,0.0995702005730659,4188,33,0.0078796561604584,117596,0.117596,16590.700363957956,0.8184807579534262
360811010041,360811010041,Block Group 1; Census Tract 1010.04; Queens County; New York,Queens,2035,517,326,0.6305609284332688,442,203,0.4592760180995475,758,0.3724815724815725,324,0.1592137592137592,719,0.3533169533169533,665,0.3267813267813267,30,0.0147420147420147,561,0.2756756756756757,0,0.0,36081101004,5524,1582,0.2863866763215061,5627,949,0.1686511462591078,5627,233,0.0414074995557135,140585,0.140585,14475.228509442688,0.7758832761811173
360811017001,360811017001,Block Group 1; Census Tract 1017; Queens County; New York,Queens,1186,295,32,0.1084745762711864,373,106,0.2841823056300268,261,0.2200674536256323,202,0.1703204047217538,526,0.4435075885328836,0,0.0,150,0.1264755480607082,361,0.3043844856661045,0,0.0,36081101700,6801,577,0.0848404646375533,6806,627,0.0921245959447546,6806,106,0.0155744930943285,145940,0.14594,8126.627381115528,0.6030405352299746
360810101001,360810101001,Block Group 1; Census Tract 101; Queens County; New York,Queens,975,421,241,0.5724465558194775,611,117,0.1914893617021276,123,0.1261538461538461,180,0.1846153846153846,693,0.7107692307692308,0,0.0,40,0.041025641025641,194,0.1989743589743589,43,0.1021377672209026,36081010100,2686,149,0.0554728220402084,2686,249,0.0927029039463886,2686,116,0.043186895011169,87698,0.087698,11117.699377408837,0.8418602692777422
360811029001,360811029001,Block Group 1; Census Tract 1029; Queens County; New York,Queens,1884,871,406,0.4661308840413318,1036,203,0.1959459459459459,391,0.2075371549893843,196,0.1040339702760085,1247,0.6618895966029724,4,0.0021231422505307,356,0.1889596602972399,267,0.1417197452229299,55,0.0631458094144661,36081102900,3616,246,0.0680309734513274,3649,268,0.0734447793916141,3649,80,0.0219238147437654,354669,0.354669,5311.995127851602,0.8199678894035747
360810102001,360810102001,Block Group 1; Census Tract 102; Queens County; New York,Queens,1390,406,206,0.5073891625615764,755,270,0.3576158940397351,207,0.1489208633093525,176,0.1266187050359712,35,0.0251798561151079,174,0.1251798561151079,497,0.3575539568345324,100,0.0719424460431654,19,0.0467980295566502,36081010200,2731,337,0.1233980227023068,2731,128,0.0468692786525082,2731,293,0.1072867081655071,105076,0.105076,13228.520309109595,0.4951155768324534
360811032011,360811032011,Block Group 1; Census Tract 1032.01; Queens County; New York,Queens,1424,569,409,0.718804920913884,516,61,0.1182170542635659,255,0.1790730337078651,196,0.1376404494382022,0,0.0,845,0.5933988764044944,20,0.0140449438202247,354,0.2485955056179775,115,0.2021089630931458,36081103201,6293,2219,0.3526140155728587,6296,890,0.1413595933926302,6296,827,0.1313532401524777,139843,0.139843,10182.847908011126,0.8166326425938988
360811032021,360811032021,Block Group 1; Census Tract 1032.02; Queens County; New York,Queens,1636,501,215,0.4291417165668663,693,40,0.0577200577200577,345,0.210880195599022,260,0.1589242053789731,259,0.1583129584352078,737,0.4504889975550122,9,0.0055012224938875,631,0.3856968215158924,113,0.2255489021956087,36081103202,7684,1178,0.1533055700156168,7684,715,0.0930504945340968,7684,1296,0.1686621551275377,240209,0.240209,6810.735651037222,0.7947746133222997
360811033001,360811033001,Block Group 1; Census Tract 1033; Queens County; New York,Queens,1390,548,259,0.4726277372262774,646,80,0.1238390092879257,174,0.1251798561151079,445,0.3201438848920863,581,0.4179856115107914,9,0.0064748201438848,656,0.4719424460431655,63,0.0453237410071942,85,0.1551094890510949,36081103300,4387,435,0.0991565990426259,4387,450,0.1025757921130613,4387,119,0.0271255983587873,176569,0.176569,7872.276560438128,0.8216147950532645
360811039001,360811039001,Block Group 1; Census Tract 1039; Queens County; New York,Queens,1220,481,222,0.4615384615384615,493,133,0.2697768762677485,181,0.1483606557377049,337,0.2762295081967213,447,0.3663934426229508,0,0.0,251,0.2057377049180327,522,0.4278688524590164,70,0.1455301455301455,36081103900,6539,551,0.0842636488759749,6540,663,0.1013761467889908,6540,590,0.0902140672782874,205669,0.205669,5931.861388930758,0.801903413814188
360810103001,360810103001,Block Group 1; Census Tract 103; Queens County; New York,Queens,1438,539,421,0.7810760667903525,641,251,0.3915756630265211,457,0.3178025034770514,237,0.1648122392211404,755,0.5250347705146036,74,0.0514603616133518,288,0.2002781641168289,279,0.194019471488178,104,0.1929499072356215,36081010300,3887,453,0.1165423205556984,3915,454,0.1159642401021711,3915,105,0.0268199233716475,72052,0.072052,19957.80824959751,0.7957831129293959
360811047001,360811047001,Block Group 1; Census Tract 1047; Queens County; New York,Queens,577,307,151,0.4918566775244299,241,118,0.4896265560165975,32,0.0554592720970537,362,0.6273830155979203,237,0.4107452339688041,0,0.0,299,0.5181975736568457,41,0.07105719237435,99,0.3224755700325732,36081104700,6679,1053,0.1576583320856415,6656,515,0.077373798076923,6656,256,0.0384615384615384,138851,0.138851,4155.533629574148,0.8335039244164275
360810104001,360810104001,Block Group 1; Census Tract 104; Queens County; New York,Queens,2205,615,329,0.5349593495934959,672,376,0.5595238095238095,476,0.2158730158730158,285,0.1292517006802721,180,0.0816326530612244,568,0.2575963718820862,564,0.25578231292517,378,0.1714285714285714,31,0.0504065040650406,36081010400,3665,461,0.1257844474761255,3746,330,0.0880939668980245,3746,271,0.0723438334223171,80991,0.080991,27225.247249694417,0.7513464703131433
360811059001,360811059001,Block Group 1; Census Tract 1059; Queens County; New York,Queens,944,326,54,0.1656441717791411,412,19,0.0461165048543689,271,0.2870762711864407,184,0.1949152542372881,484,0.5127118644067796,0,0.0,180,0.1906779661016949,91,0.0963983050847457,18,0.0552147239263803,36081105900,3640,310,0.0851648351648351,3641,339,0.0931062894809118,3641,68,0.0186761878604778,148883,0.148883,6340.5492903823815,0.6258145143323333
360810105001,360810105001,Block Group 1; Census Tract 105; Queens County; New York,Queens,1021,356,345,0.9691011235955056,473,238,0.5031712473572939,200,0.1958863858961802,60,0.058765915768854,472,0.4622918707149853,219,0.2144955925563173,48,0.0470127326150832,258,0.2526934378060724,84,0.2359550561797752,36081010500,4668,624,0.1336760925449871,4668,774,0.1658097686375321,4668,258,0.0552699228791773,39300,0.0393,25979.643765903307,0.8035068393793026
360810106001,360810106001,Block Group 1; Census Tract 106; Queens County; New York,Queens,1110,368,66,0.1793478260869565,400,269,0.6725,145,0.1306306306306306,519,0.4675675675675675,59,0.0531531531531531,21,0.0189189189189189,97,0.0873873873873873,281,0.2531531531531532,0,0.0,36081010600,2785,412,0.1479353680430879,2785,307,0.1102333931777378,2785,284,0.1019748653500897,83801,0.083801,13245.665326189424,0.7571400109519242
360811072011,360811072011,Block Group 1; Census Tract 1072.01; Queens County; New York,Queens,2294,919,229,0.2491838955386289,1008,132,0.1309523809523809,336,0.1464690496948561,467,0.2035745422842197,2012,0.8770706190061028,48,0.020924149956408,30,0.013077593722755,172,0.074978204010462,49,0.0533188248095756,36081107201,2294,59,0.0257192676547515,2294,449,0.1957279860505666,2294,126,0.054925893635571,1382812,1.382812,1658.938452949497,0.7797659575626414
360811085001,360811085001,Block Group 1; Census Tract 1085; Queens County; New York,Queens,1111,454,70,0.1541850220264317,557,114,0.2046678635547576,90,0.081008100810081,254,0.2286228622862286,556,0.5004500450045004,11,0.0099009900990099,435,0.3915391539153915,73,0.0657065706570657,62,0.1365638766519823,36081108500,2770,248,0.0895306859205776,2790,418,0.1498207885304659,2790,174,0.0623655913978494,173258,0.173258,6412.402313313094,0.5737578992615896
360810108001,360810108001,Block Group 1; Census Tract 108; Queens County; New York,Queens,731,241,49,0.2033195020746888,325,69,0.2123076923076923,98,0.13406292749658,93,0.1272229822161422,15,0.0205198358413132,12,0.0164158686730506,335,0.4582763337893297,208,0.2845417236662106,0,0.0,36081010800,3210,242,0.0753894080996884,3304,372,0.1125907990314769,3304,125,0.0378329297820823,67476,0.067476,10833.481534175116,0.6091504282265552
360811093001,360811093001,Block Group 1; Census Tract 1093; Queens County; New York,Queens,900,300,26,0.0866666666666666,355,80,0.2253521126760563,205,0.2277777777777777,250,0.2777777777777778,286,0.3177777777777777,0,0.0,541,0.6011111111111112,31,0.0344444444444444,55,0.1833333333333333,36081109300,2808,174,0.0619658119658119,2808,386,0.1374643874643874,2808,142,0.0505698005698005,253596,0.253596,3548.9518762125585,0.7189462262683844
360811097001,360811097001,Block Group 1; Census Tract 1097; Queens County; New York,Queens,400,131,20,0.1526717557251908,181,14,0.0773480662983425,74,0.185,118,0.295,159,0.3975,0,0.0,214,0.535,27,0.0675,10,0.0763358778625954,36081109700,1899,73,0.0384412848867825,1899,200,0.105318588730911,1899,102,0.0537124802527646,197928,0.197928,2020.936906349784,0.6385151920480439
360811099001,360811099001,Block Group 1; Census Tract 1099; Queens County; New York,Queens,1972,680,136,0.2,733,136,0.1855388813096862,586,0.2971602434077079,416,0.2109533468559837,932,0.4726166328600406,0,0.0,795,0.4031440162271805,145,0.0735294117647058,37,0.0544117647058823,36081109900,3398,391,0.1150676868746321,3398,366,0.1077104178928781,3398,85,0.0250147145379635,153763,0.153763,12824.931875678803,0.5699706695258415
360810010001,360810010001,Block Group 1; Census Tract 10; Queens County; New York,Queens,1651,424,311,0.7334905660377359,590,381,0.6457627118644068,450,0.2725620835857056,153,0.0926711084191399,114,0.0690490611750454,0,0.0,294,0.1780738946093276,1231,0.7456087219866747,110,0.2594339622641509,36081001000,4618,391,0.0846686877436119,4636,234,0.0504745470232959,4636,537,0.1158326143226919,73201,0.073201,22554.33668938949,0.5764999442948425
360810110001,360810110001,Block Group 1; Census Tract 110; Queens County; New York,Queens,770,222,148,0.6666666666666666,390,263,0.6743589743589744,143,0.1857142857142857,148,0.1922077922077922,50,0.0649350649350649,119,0.1545454545454545,297,0.3857142857142857,267,0.3467532467532467,32,0.1441441441441441,36081011000,2804,781,0.2785306704707561,2818,229,0.081263307310149,2818,460,0.1632363378282469,74969,0.074969,10270.911976950474,0.6070248927533339
360811113001,360811113001,Block Group 1; Census Tract 1113; Queens County; New York,Queens,833,260,82,0.3153846153846154,399,92,0.2305764411027568,189,0.226890756302521,143,0.1716686674669868,217,0.2605042016806723,21,0.0252100840336134,354,0.4249699879951981,195,0.234093637454982,53,0.2038461538461538,36081111300,2714,290,0.1068533529845246,2714,195,0.0718496683861459,2714,134,0.0493736182756079,417481,0.417481,1995.3003849276977,0.7877789915459896
360810111001,360810111001,Block Group 1; Census Tract 111; Queens County; New York,Queens,1616,701,594,0.8473609129814551,928,516,0.5560344827586207,241,0.1491336633663366,181,0.1120049504950495,1061,0.656559405940594,0,0.0,139,0.0860148514851485,383,0.2370049504950495,49,0.0699001426533523,36081011100,2939,377,0.128274923443348,2939,443,0.150731541340592,2939,218,0.0741748894181694,73130,0.07313,22097.634349788048,0.8569606576480003
360811123001,360811123001,Block Group 1; Census Tract 1123; Queens County; New York,Queens,1316,394,284,0.7208121827411168,501,80,0.1596806387225549,393,0.2986322188449848,257,0.1952887537993921,213,0.161854103343465,23,0.0174772036474164,633,0.4810030395136778,350,0.2659574468085106,86,0.2182741116751269,36081112300,2341,458,0.1956428876548483,2341,251,0.1072191371208885,2341,177,0.0756087142246903,134793,0.134793,9763.118262817805,0.5876544645530108
360811129001,360811129001,Block Group 1; Census Tract 1129; Queens County; New York,Queens,641,257,80,0.311284046692607,277,84,0.3032490974729241,98,0.1528861154446177,157,0.2449297971918876,269,0.4196567862714508,0,0.0,277,0.4321372854914196,95,0.1482059282371295,88,0.3424124513618677,36081112900,2204,133,0.0603448275862069,2204,283,0.1284029038112522,2204,159,0.0721415607985481,135801,0.135801,4720.141972444974,0.630415907541068
360810112001,360810112001,Block Group 1; Census Tract 112; Queens County; New York,Queens,1206,501,219,0.437125748502994,626,258,0.4121405750798722,162,0.1343283582089552,352,0.2918739635157545,109,0.0903814262023217,9,0.0074626865671641,792,0.6567164179104478,147,0.1218905472636815,57,0.1137724550898203,36081011200,2346,448,0.1909633418584825,2357,406,0.1722528638099278,2357,208,0.0882477725922783,82067,0.082067,14695.309929691592,0.7528550179154815
360811133001,360811133001,Block Group 1; Census Tract 1133; Queens County; New York,Queens,742,383,91,0.237597911227154,451,176,0.3902439024390244,101,0.1361185983827493,83,0.1118598382749326,293,0.3948787061994609,0,0.0,329,0.4433962264150943,120,0.1617250673854447,55,0.1436031331592689,36081113300,1428,163,0.1141456582633053,1428,145,0.1015406162464986,1428,10,0.0070028011204481,81571,0.081571,9096.370033467776,0.5591036436080452
360811139001,360811139001,Block Group 1; Census Tract 1139; Queens County; New York,Queens,1271,403,89,0.2208436724565756,586,166,0.2832764505119454,426,0.3351691581431943,168,0.1321793863099921,503,0.3957513768686074,5,0.003933910306845,572,0.4500393391030684,167,0.1313926042486231,165,0.4094292803970223,36081113900,4051,571,0.1409528511478647,4051,441,0.1088620093803999,4051,167,0.0412243890397432,160360,0.16036,7925.91668745323,0.765907849806559
360810113001,360810113001,Block Group 1; Census Tract 113; Queens County; New York,Queens,1776,654,537,0.8211009174311926,832,486,0.5841346153846154,266,0.1497747747747747,92,0.0518018018018018,918,0.5168918918918919,8,0.0045045045045045,14,0.0078828828828828,691,0.3890765765765765,86,0.1314984709480122,36081011300,4443,379,0.0853027233851001,4445,265,0.0596175478065241,4445,575,0.1293588301462317,53707,0.053707,33068.31511721005,0.8765324046766314
360811141001,360811141001,Block Group 1; Census Tract 1141; Queens County; New York,Queens,1702,578,155,0.2681660899653979,774,218,0.2816537467700258,476,0.2796709753231492,385,0.2262044653349001,882,0.518213866039953,0,0.0,584,0.3431257344300822,227,0.1333725029377203,105,0.1816608996539792,36081114100,2457,114,0.0463980463980464,2458,220,0.0895036615134255,2458,46,0.0187144019528071,240811,0.240811,7067.783448430512,0.5700308470784913
360811147001,360811147001,Block Group 1; Census Tract 1147; Queens County; New York,Queens,712,231,98,0.4242424242424242,386,52,0.1347150259067357,119,0.1671348314606741,144,0.2022471910112359,290,0.4073033707865168,0,0.0,382,0.5365168539325843,0,0.0,68,0.2943722943722944,36081114700,1854,201,0.1084142394822006,1854,118,0.0636461704422869,1854,260,0.1402373247033441,101158,0.101158,7038.494236738567,0.6249564769186715
360810114001,360810114001,Block Group 1; Census Tract 114; Queens County; New York,Queens,1908,375,274,0.7306666666666667,946,371,0.3921775898520084,463,0.2426624737945492,193,0.1011530398322851,150,0.0786163522012578,55,0.0288259958071278,274,0.1436058700209643,1274,0.6677148846960168,0,0.0,36081011400,1908,220,0.1153039832285115,1908,157,0.0822851153039832,1908,219,0.1147798742138364,119157,0.119157,16012.487726277095,0.6172577462492672
360811151001,360811151001,Block Group 1; Census Tract 1151; Queens County; New York,Queens,982,379,115,0.3034300791556728,454,110,0.2422907488986784,154,0.1568228105906313,298,0.3034623217922607,248,0.2525458248472505,0,0.0,521,0.5305498981670062,208,0.2118126272912423,73,0.1926121372031662,36081115100,982,52,0.0529531568228105,982,146,0.1486761710794297,982,32,0.0325865580448065,282637,0.282637,3474.421254117472,0.810354000237628
360811155001,360811155001,Block Group 1; Census Tract 1155; Queens County; New York,Queens,1244,488,292,0.5983606557377049,543,155,0.285451197053407,165,0.132636655948553,352,0.2829581993569132,391,0.3143086816720257,7,0.0056270096463022,544,0.4372990353697749,245,0.1969453376205787,84,0.1721311475409836,36081115500,2189,311,0.1420740063956144,2189,81,0.0370031978072179,2189,520,0.2375513933302878,135628,0.135628,9172.14734420621,0.8160523165591547
360811157001,360811157001,Block Group 1; Census Tract 1157; Queens County; New York,Queens,753,254,82,0.3228346456692913,321,46,0.1433021806853582,141,0.1872509960159362,109,0.1447543160690571,105,0.1394422310756972,0,0.0,431,0.5723771580345286,202,0.2682602921646746,63,0.2480314960629921,36081115700,3136,759,0.2420280612244898,3136,201,0.064094387755102,3136,309,0.0985331632653061,160153,0.160153,4701.753947787429,0.8178930562554482
360811159001,360811159001,Block Group 1; Census Tract 1159; Queens County; New York,Queens,1072,435,219,0.503448275862069,435,112,0.2574712643678161,162,0.1511194029850746,292,0.2723880597014925,174,0.1623134328358209,20,0.0186567164179104,695,0.648320895522388,19,0.0177238805970149,142,0.3264367816091954,36081115900,3883,450,0.1158897759464331,3884,398,0.1024716786817713,3884,353,0.090885684860968,135243,0.135243,7926.473089180216,0.8286337611833656
360810115001,360810115001,Block Group 1; Census Tract 115; Queens County; New York,Queens,1950,884,871,0.9852941176470588,1135,632,0.5568281938325991,427,0.2189743589743589,84,0.043076923076923,1077,0.5523076923076923,128,0.0656410256410256,101,0.0517948717948717,601,0.3082051282051282,13,0.0147058823529411,36081011500,2539,208,0.0819220165419456,2539,223,0.0878298542733359,2539,168,0.0661677825915714,100038,0.100038,19492.5928147304,0.8818324401141862
360811161001,360811161001,Block Group 1; Census Tract 1161; Queens County; New York,Queens,935,352,188,0.5340909090909091,305,64,0.2098360655737705,101,0.1080213903743315,442,0.4727272727272727,46,0.0491978609625668,45,0.0481283422459893,648,0.6930481283422459,164,0.1754010695187166,226,0.6420454545454546,36081116100,3162,646,0.2043010752688172,3162,236,0.0746363061353573,3162,277,0.0876027830487033,86405,0.086405,10821.133036282625,0.6148527499262806
360811163011,360811163011,Block Group 1; Census Tract 1163.01; Queens County; New York,Queens,1623,674,480,0.712166172106825,928,312,0.3362068965517241,146,0.0899568699938385,348,0.2144177449168207,20,0.0123228589032655,102,0.0628465804066543,1225,0.7547751078250154,249,0.1534195933456562,418,0.6201780415430267,36081116301,3729,1063,0.2850630195762939,3729,377,0.1010994904800214,3729,1083,0.2904263877715205,24804,0.024804,65432.9946782777,0.82544550857715
360811163021,360811163021,Block Group 1; Census Tract 1163.02; Queens County; New York,Queens,1948,615,460,0.7479674796747967,755,360,0.4768211920529801,455,0.2335728952772074,291,0.1493839835728952,54,0.0277207392197125,98,0.0503080082135523,1112,0.5708418891170431,684,0.351129363449692,226,0.367479674796748,36081116302,3687,1879,0.5096284241931109,3687,345,0.0935720097640358,3687,273,0.0740439381611065,50039,0.050039,38929.63488478986,0.8462163342464372
360811167001,360811167001,Block Group 1; Census Tract 1167; Queens County; New York,Queens,1892,644,545,0.8462732919254659,850,366,0.4305882352941176,385,0.2034883720930232,328,0.1733615221987315,130,0.0687103594080338,23,0.0121564482029598,1284,0.678646934460888,421,0.2225158562367864,255,0.3959627329192546,36081116700,1892,344,0.1818181818181818,1892,135,0.071353065539112,1892,288,0.1522198731501057,166109,0.166109,11390.11131245146,0.872719487290136
360810116001,360810116001,Block Group 1; Census Tract 116; Queens County; New York,Queens,1242,323,118,0.3653250773993808,526,129,0.2452471482889733,363,0.2922705314009662,93,0.0748792270531401,239,0.1924315619967793,0,0.0,109,0.0877616747181964,801,0.644927536231884,21,0.0650154798761609,36081011600,2226,722,0.3243486073674753,2226,268,0.1203953279424977,2226,166,0.0745732255166217,67024,0.067024,18530.675578897113,0.6105789434504607
360811171001,360811171001,Block Group 1; Census Tract 1171; Queens County; New York,Queens,507,200,146,0.73,233,55,0.2360515021459227,32,0.0631163708086785,170,0.3353057199211045,152,0.2998027613412228,0,0.0,308,0.6074950690335306,47,0.0927021696252465,94,0.47,36081117100,2525,296,0.1172277227722772,2525,329,0.1302970297029703,2525,433,0.1714851485148515,188783,0.188783,2685.623175815619,0.8232941270255428
360811175001,360811175001,Block Group 1; Census Tract 1175; Queens County; New York,Queens,575,228,153,0.6710526315789473,222,91,0.4099099099099099,153,0.2660869565217391,55,0.0956521739130434,130,0.2260869565217391,0,0.0,202,0.3513043478260869,243,0.4226086956521739,29,0.1271929824561403,36081117500,4464,745,0.1668906810035842,4461,245,0.0549204214301726,4461,515,0.1154449674960771,165887,0.165887,3466.2149535527196,0.8204628442991176
360810117001,360810117001,Block Group 1; Census Tract 117; Queens County; New York,Queens,909,487,467,0.9589322381930184,608,329,0.5411184210526315,81,0.0891089108910891,112,0.1232123212321232,602,0.6622662266226622,35,0.0385038503850385,54,0.0594059405940594,174,0.1914191419141914,30,0.0616016427104722,36081011700,3996,386,0.0965965965965966,4015,128,0.0318804483188044,4015,129,0.0321295143212951,44208,0.044208,20561.889250814333,0.8767158145780213
360811181001,360811181001,Block Group 1; Census Tract 1181; Queens County; New York,Queens,832,253,110,0.4347826086956521,538,201,0.3736059479553903,75,0.0901442307692307,158,0.1899038461538461,156,0.1875,9,0.0108173076923076,598,0.71875,54,0.0649038461538461,58,0.2292490118577075,36081118100,1952,170,0.0870901639344262,1952,138,0.0706967213114754,1952,142,0.0727459016393442,112428,0.112428,7400.291742270609,0.8084625179131638
360811185001,360811185001,Block Group 1; Census Tract 1185; Queens County; New York,Queens,1180,414,337,0.8140096618357487,622,298,0.4790996784565916,147,0.1245762711864406,215,0.1822033898305084,132,0.111864406779661,0,0.0,584,0.4949152542372881,419,0.3550847457627119,127,0.3067632850241545,36081118500,1999,314,0.1570785392696348,1999,150,0.0750375187593797,1999,303,0.1515757878939469,105598,0.105598,11174.454061629956,0.8715672986417639
360811187001,360811187001,Block Group 1; Census Tract 1187; Queens County; New York,Queens,1400,522,451,0.8639846743295019,696,300,0.4310344827586206,325,0.2321428571428571,268,0.1914285714285714,89,0.0635714285714285,0,0.0,946,0.6757142857142857,304,0.2171428571428571,202,0.3869731800766283,36081118700,2486,430,0.1729686242960579,2505,377,0.150499001996008,2505,199,0.079441117764471,65147,0.065147,21489.86139039403,0.8652699881855207
360811189001,360811189001,Block Group 1; Census Tract 1189; Queens County; New York,Queens,1463,674,526,0.7804154302670623,618,203,0.3284789644012945,194,0.1326042378673957,242,0.1654135338345864,56,0.0382775119617224,0,0.0,1154,0.7887901572112098,253,0.1729323308270676,429,0.6364985163204748,36081118900,2100,121,0.0576190476190476,2100,156,0.0742857142857142,2100,135,0.0642857142857142,123231,0.123231,11872.012724071054,0.6559782569592092
360810118001,360810118001,Block Group 1; Census Tract 118; Queens County; New York,Queens,1725,637,436,0.6844583987441131,1011,508,0.5024727992087042,324,0.1878260869565217,134,0.0776811594202898,131,0.0759420289855072,115,0.0666666666666666,745,0.4318840579710145,470,0.272463768115942,33,0.0518053375196232,36081011800,2689,287,0.1067311268129416,2661,288,0.1082299887260428,2661,262,0.0984592258549417,82104,0.082104,21009.938614440223,0.5948264362641046
360811191001,360811191001,Block Group 1; Census Tract 1191; Queens County; New York,Queens,2153,612,386,0.630718954248366,869,279,0.3210586881472957,445,0.2066883418485833,378,0.1755689735253135,216,0.1003251277287505,0,0.0,1765,0.8197863446353925,172,0.0798885276358569,166,0.2712418300653594,36081119100,3222,731,0.2268777157045313,3222,569,0.1765983860955928,3222,304,0.0943513345747982,124552,0.124552,17285.952855032436,0.8733293421737661
360811193001,360811193001,Block Group 1; Census Tract 1193; Queens County; New York,Queens,1293,386,150,0.38860103626943,379,136,0.3588390501319261,222,0.1716937354988399,497,0.3843774168600155,198,0.1531322505800464,0,0.0,578,0.4470224284609435,224,0.1732405259087393,102,0.2642487046632124,36081119300,2534,389,0.1535122336227308,2534,230,0.090765588003157,2534,406,0.1602209944751381,148634,0.148634,8699.220905041915,0.8143942864598357
360811195001,360811195001,Block Group 1; Census Tract 1195; Queens County; New York,Queens,1363,425,178,0.4188235294117647,592,190,0.3209459459459459,269,0.1973587674247982,198,0.1452677916360968,225,0.16507703595011,2,0.0014673514306676,740,0.5429200293470287,391,0.2868672046955245,133,0.3129411764705882,36081119500,1363,127,0.0931768158473954,1363,217,0.1592076302274394,1363,213,0.1562729273661041,189356,0.189356,7198.0819197701685,0.7606919265884289
360811199001,360811199001,Block Group 1; Census Tract 1199; Queens County; New York,Queens,1681,514,76,0.1478599221789883,730,116,0.1589041095890411,268,0.1594289113622843,427,0.2540154669839381,417,0.2480666270077335,6,0.0035693039857227,1157,0.6882807852468769,51,0.0303390838786436,65,0.1264591439688716,36081119900,1647,110,0.0667880995749848,1681,241,0.1433670434265318,1681,101,0.0600832837596668,184360,0.18436,9118.029941418965,0.7707265232955794
360810119001,360810119001,Block Group 1; Census Tract 119; Queens County; New York,Queens,655,268,246,0.917910447761194,264,94,0.3560606060606061,109,0.166412213740458,61,0.0931297709923664,232,0.3541984732824427,0,0.0,78,0.1190839694656488,322,0.4916030534351145,46,0.1716417910447761,36081011900,1602,111,0.0692883895131086,1602,80,0.0499375780274656,1602,125,0.0780274656679151,44857,0.044857,14601.957331074302,0.8433182314869527
360811201001,360811201001,Block Group 1; Census Tract 1201; Queens County; New York,Queens,1546,499,325,0.6513026052104208,724,246,0.3397790055248619,208,0.1345407503234152,462,0.2988357050452781,201,0.130012936610608,7,0.0045278137128072,1076,0.6959896507115135,225,0.1455368693402328,156,0.312625250501002,36081120100,1544,252,0.1632124352331606,1546,153,0.0989650711513583,1546,168,0.1086675291073738,162893,0.162893,9490.892794656616,0.8492519529389887
360811203001,360811203001,Block Group 1; Census Tract 1203; Queens County; New York,Queens,736,269,138,0.5130111524163569,346,72,0.2080924855491329,94,0.1277173913043478,224,0.3043478260869565,160,0.217391304347826,0,0.0,531,0.7214673913043478,45,0.061141304347826,127,0.4721189591078067,36081120300,1551,178,0.1147646679561573,1551,164,0.1057382333978078,1551,101,0.0651192778852353,95651,0.095651,7694.639888762271,0.8476182304780675
360811205001,360811205001,Block Group 1; Census Tract 1205; Queens County; New York,Queens,1057,433,360,0.8314087759815243,391,141,0.3606138107416879,167,0.1579943235572374,422,0.3992431409649952,33,0.0312204351939451,56,0.0529801324503311,862,0.815515610217597,1,0.0009460737937559,253,0.5842956120092379,36081120500,2624,595,0.2267530487804878,2664,270,0.1013513513513513,2664,232,0.087087087087087,121007,0.121007,8735.031857661126,0.862798719116334
360811207011,360811207011,Block Group 1; Census Tract 1207.01; Queens County; New York,Queens,1676,518,137,0.2644787644787645,678,241,0.3554572271386431,259,0.1545346062052505,547,0.3263723150357995,361,0.2153937947494033,11,0.006563245823389,945,0.5638424821002387,276,0.1646778042959427,120,0.2316602316602316,36081120701,3132,232,0.074074074074074,3124,378,0.1209987195902688,3124,122,0.0390524967989756,197661,0.197661,8479.163820885253,0.894184375583966
360810120001,360810120001,Block Group 1; Census Tract 120; Queens County; New York,Queens,892,239,192,0.803347280334728,437,174,0.3981693363844393,190,0.2130044843049327,60,0.0672645739910313,30,0.0336322869955156,93,0.1042600896860986,234,0.2623318385650224,296,0.3318385650224215,17,0.0711297071129707,36081012000,2341,358,0.1529260999572832,2355,224,0.0951167728237792,2355,182,0.0772823779193205,57807,0.057807,15430.657186845883,0.610297750457671
360811215001,360811215001,Block Group 1; Census Tract 1215; Queens County; New York,Queens,1599,494,232,0.4696356275303643,706,143,0.2025495750708215,340,0.2126328955597248,275,0.1719824890556598,370,0.2313946216385241,0,0.0,835,0.5222013758599124,341,0.2132582864290181,96,0.194331983805668,36081121500,4420,432,0.0977375565610859,4420,335,0.0757918552036199,4420,368,0.0832579185520362,367474,0.367474,4351.328257237246,0.8188373374141639
360810121001,360810121001,Block Group 1; Census Tract 121; Queens County; New York,Queens,1422,565,372,0.6584070796460177,760,337,0.4434210526315789,225,0.1582278481012658,239,0.1680731364275668,1050,0.7383966244725738,7,0.0049226441631504,99,0.0696202531645569,241,0.1694796061884669,66,0.1168141592920354,36081012100,2138,234,0.1094480823199251,2141,258,0.1205044371788883,2141,109,0.0509107893507706,91359,0.091359,15564.968968574523,0.8342739263130359
360811223001,360811223001,Block Group 1; Census Tract 1223; Queens County; New York,Queens,1694,744,233,0.3131720430107527,817,137,0.1676866585067319,407,0.2402597402597402,252,0.1487603305785124,321,0.1894923258559622,98,0.0578512396694214,1166,0.6883116883116883,108,0.063754427390791,408,0.5483870967741935,36081122300,3166,256,0.0808591282375236,3166,145,0.0457991156032849,3166,180,0.0568540745420088,121679,0.121679,13921.876412528043,0.616656110885582
360811227021,360811227021,Block Group 1; Census Tract 1227.02; Queens County; New York,Queens,1658,710,483,0.680281690140845,862,282,0.3271461716937355,155,0.0934861278648974,364,0.2195416164053076,944,0.5693606755126659,91,0.0548854041013269,332,0.2002412545235223,291,0.1755126658624849,226,0.3183098591549296,36081122702,6209,1932,0.3111612175873732,6209,1327,0.2137220164277661,6209,364,0.0586245772266065,111951,0.111951,14810.05082580772,0.8292020692051485
360811227031,360811227031,Block Group 1; Census Tract 1227.03; Queens County; New York,Queens,611,318,173,0.5440251572327044,317,104,0.3280757097791798,51,0.0834697217675941,181,0.2962356792144026,42,0.0687397708674304,0,0.0,369,0.6039279869067103,95,0.1554828150572831,129,0.4056603773584906,36081122703,5896,737,0.125,5896,1193,0.2023405698778833,5896,72,0.0122116689280868,86290,0.08629,7080.774133735079,0.8293489331664553
360811227041,360811227041,Block Group 1; Census Tract 1227.04; Queens County; New York,Queens,1816,936,751,0.8023504273504274,740,233,0.3148648648648648,290,0.1596916299559471,547,0.3012114537444934,399,0.2197136563876651,121,0.0666299559471365,625,0.3441629955947136,496,0.2731277533039647,109,0.1164529914529914,36081122704,5015,561,0.111864406779661,5015,375,0.0747756729810568,5015,133,0.0265204386839481,83642,0.083642,21711.58030654456,0.8262478573721597
360810122001,360810122001,Block Group 1; Census Tract 122; Queens County; New York,Queens,1148,310,143,0.4612903225806452,407,243,0.597051597051597,233,0.2029616724738676,158,0.1376306620209059,80,0.0696864111498257,137,0.1193379790940766,582,0.5069686411149826,273,0.2378048780487804,10,0.032258064516129,36081012200,2906,279,0.0960082587749483,2939,347,0.1180673698536917,2939,194,0.0660088465464443,109290,0.10929,10504.163235428676,0.6465492631463746
360810123011,360810123011,Block Group 1; Census Tract 123.01; Queens County; New York,Queens,1572,681,538,0.7900146842878121,876,466,0.5319634703196348,329,0.2092875318066157,213,0.1354961832061068,1000,0.6361323155216285,143,0.0909669211195928,57,0.0362595419847328,310,0.1972010178117048,52,0.0763582966226138,36081012301,3328,125,0.0375600961538461,3343,165,0.0493568650912354,3343,286,0.0855518994914747,205686,0.205686,7642.717540328462,0.8223322823624094
360811241001,360811241001,Block Group 1; Census Tract 1241; Queens County; New York,Queens,1985,756,109,0.1441798941798941,792,216,0.2727272727272727,366,0.1843828715365239,683,0.344080604534005,918,0.4624685138539043,138,0.069521410579345,762,0.3838790931989924,113,0.0569269521410579,20,0.0264550264550264,36081124100,3820,154,0.0403141361256544,3820,445,0.1164921465968586,3820,68,0.0178010471204188,249395,0.249395,7959.261412618536,0.8130522724180604
360811247001,360811247001,Block Group 1; Census Tract 1247; Queens County; New York,Queens,769,263,11,0.0418250950570342,362,88,0.2430939226519337,157,0.2041612483745123,173,0.2249674902470741,366,0.4759427828348505,12,0.0156046814044213,391,0.5084525357607282,0,0.0,1,0.0038022813688212,36081124700,3910,163,0.0416879795396419,3911,312,0.0797749936077729,3911,126,0.0322168243416006,161991,0.161991,4747.17731231982,0.8540177528276354
360810124001,360810124001,Block Group 1; Census Tract 124; Queens County; New York,Queens,1277,353,209,0.5920679886685553,639,354,0.5539906103286385,296,0.2317932654659358,248,0.1942051683633516,89,0.0696945967110415,71,0.0555990602975724,615,0.4815974941268598,486,0.3805794831636648,39,0.1104815864022662,36081012400,2913,274,0.0940611053896326,2906,465,0.1600137646249139,2906,206,0.0708878183069511,93799,0.093799,13614.21763558247,0.6509636622893592
360811257001,360811257001,Block Group 1; Census Tract 1257; Queens County; New York,Queens,1085,377,223,0.5915119363395226,673,362,0.537890044576523,128,0.1179723502304147,189,0.1741935483870967,23,0.0211981566820276,80,0.0737327188940092,470,0.4331797235023041,237,0.2184331797235023,119,0.3156498673740053,36081125700,3007,338,0.1124043897572331,3043,468,0.1537955964508708,3043,199,0.065395990798554,127705,0.127705,8496.143455620375,0.8392312144335735
360810125001,360810125001,Block Group 1; Census Tract 125; Queens County; New York,Queens,732,373,323,0.8659517426273459,507,347,0.6844181459566075,77,0.1051912568306011,69,0.0942622950819672,450,0.6147540983606558,18,0.0245901639344262,108,0.1475409836065573,124,0.1693989071038251,23,0.0616621983914209,36081012500,1354,104,0.0768094534711964,1360,104,0.0764705882352941,1360,149,0.1095588235294117,102490,0.10249,7142.1602107522685,0.8762193883906784
360810126011,360810126011,Block Group 1; Census Tract 126.01; Queens County; New York,Queens,1439,424,140,0.330188679245283,702,235,0.3347578347578347,352,0.2446143154968728,172,0.1195274496177901,123,0.0854760250173731,90,0.0625434329395413,471,0.3273106323835997,525,0.3648366921473245,20,0.0471698113207547,36081012601,2785,237,0.0850987432675045,2787,292,0.1047721564406171,2787,87,0.0312163616792249,89253,0.089253,16122.707359976695,0.6503164251938126
360810126021,360810126021,Block Group 1; Census Tract 126.02; Queens County; New York,Queens,1107,335,225,0.6716417910447762,517,219,0.4235976789168278,375,0.3387533875338753,28,0.025293586269196,38,0.034327009936766,0,0.0,623,0.5627822944896116,185,0.1671183378500451,20,0.0597014925373134,36081012602,2215,236,0.1065462753950338,2215,198,0.0893905191873589,2215,206,0.0930022573363431,61552,0.061552,17984.793345463997,0.6488043221902972
360811265001,360811265001,Block Group 1; Census Tract 1265; Queens County; New York,Queens,602,200,15,0.075,259,34,0.1312741312741312,89,0.1478405315614618,158,0.2624584717607973,195,0.3239202657807309,18,0.0299003322259136,256,0.4252491694352159,69,0.1146179401993355,65,0.325,36081126500,2038,291,0.1427870461236506,2085,215,0.1031175059952038,2085,31,0.0148681055155875,117639,0.117639,5117.350538511889,0.6482970710963818
360811267001,360811267001,Block Group 1; Census Tract 1267; Queens County; New York,Queens,2653,173,102,0.5895953757225434,713,162,0.2272089761570827,310,0.1168488503580851,41,0.0154542027892951,1034,0.3897474557105164,534,0.2012815680361854,196,0.0738786279683377,745,0.2808141726347531,53,0.3063583815028902,36081126700,2164,184,0.0850277264325323,4329,339,0.0783090783090783,4329,269,0.0621390621390621,501824,0.501824,5286.71406708328,0.848814507024935
360811277001,360811277001,Block Group 1; Census Tract 1277; Queens County; New York,Queens,1248,487,6,0.0123203285420944,663,47,0.0708898944193061,60,0.048076923076923,614,0.4919871794871794,555,0.4447115384615384,6,0.0048076923076923,218,0.1746794871794871,87,0.0697115384615384,156,0.3203285420944558,36081127700,2973,248,0.0834174234779683,2980,161,0.0540268456375838,2980,176,0.0590604026845637,379124,0.379124,3291.7989892489,0.8093371690295879
360810128001,360810128001,Block Group 1; Census Tract 128; Queens County; New York,Queens,1363,487,278,0.5708418891170431,712,307,0.4311797752808989,334,0.2450476889214967,218,0.1599413059427732,793,0.5818048422597212,0,0.0,68,0.0498899486426999,323,0.2369772560528246,48,0.0985626283367556,36081012800,2129,196,0.0920620009394081,2129,287,0.1348050728041334,2129,114,0.0535462658525129,78596,0.078596,17341.849457987682,0.7885354880424688
360811291021,360811291021,Block Group 1; Census Tract 1291.02; Queens County; New York,Queens,645,230,0,0.0,261,34,0.1302681992337164,114,0.1767441860465116,346,0.5364341085271318,243,0.3767441860465116,0,0.0,344,0.5333333333333333,58,0.089922480620155,9,0.0391304347826087,36081129102,3807,285,0.0748620961386918,3807,180,0.0472813238770685,3807,69,0.0181245074862096,224610,0.22461,2871.644183250968,0.837376866527092
360811291031,360811291031,Block Group 1; Census Tract 1291.03; Queens County; New York,Queens,1536,947,494,0.5216473072861668,723,208,0.2876901798063623,176,0.1145833333333333,548,0.3567708333333333,752,0.4895833333333333,16,0.0104166666666666,627,0.408203125,141,0.091796875,223,0.235480464625132,36081129103,4179,542,0.1296960995453457,4179,493,0.1179708064130174,4179,79,0.0189040440296721,135555,0.135555,11331.193980303196,0.8160310332207026
360811291041,360811291041,Block Group 1; Census Tract 1291.04; Queens County; New York,Queens,522,115,14,0.1217391304347826,231,151,0.6536796536796536,42,0.0804597701149425,198,0.3793103448275862,46,0.0881226053639846,3,0.0057471264367816,455,0.8716475095785441,0,0.0,27,0.2347826086956521,36081129104,4192,346,0.0825381679389313,4192,523,0.1247614503816793,4192,238,0.0567748091603053,103156,0.103156,5060.297025863741,0.7589474711396524
360810012001,360810012001,Block Group 1; Census Tract 12; Queens County; New York,Queens,1153,421,234,0.5558194774346793,427,254,0.594847775175644,228,0.1977450130095403,188,0.1630529054640069,181,0.1569817866435386,21,0.018213356461405,388,0.3365134431916738,535,0.4640069384215091,111,0.2636579572446555,36081001200,4591,254,0.0553256371160967,4603,550,0.1194872908972409,4603,414,0.0899413426026504,69317,0.069317,16633.72621434857,0.5696360113640871
360811301001,360811301001,Block Group 1; Census Tract 1301; Queens County; New York,Queens,707,252,81,0.3214285714285714,319,154,0.4827586206896552,105,0.1485148514851485,138,0.1951909476661951,56,0.0792079207920792,0,0.0,462,0.6534653465346535,85,0.1202263083451202,16,0.0634920634920634,36081130100,4015,243,0.0605230386052303,4044,635,0.15702274975272,4044,37,0.0091493570722057,215667,0.215667,3278.202042964385,0.8266577715284722
360810130001,360810130001,Block Group 1; Census Tract 130; Queens County; New York,Queens,879,379,289,0.762532981530343,481,329,0.683991683991684,221,0.2514220705346985,95,0.1080773606370876,459,0.5221843003412969,32,0.0364050056882821,72,0.0819112627986348,129,0.1467576791808873,21,0.0554089709762532,36081013000,1829,112,0.0612356478950246,1829,236,0.1290322580645161,1829,26,0.0142154182613449,79619,0.079619,11040.078373252616,0.6472250145193698
360810132001,360810132001,Block Group 1; Census Tract 132; Queens County; New York,Queens,1209,428,287,0.6705607476635514,624,214,0.3429487179487179,257,0.2125723738626964,68,0.0562448304383788,460,0.380479735318445,58,0.0479735318444995,122,0.1009098428453267,332,0.2746071133167907,48,0.1121495327102803,36081013200,1931,158,0.0818228896944588,1960,117,0.0596938775510204,1960,131,0.0668367346938775,85771,0.085771,14095.67336279162,0.6445363017451322
360811333001,360811333001,Block Group 1; Census Tract 1333; Queens County; New York,Queens,705,285,92,0.3228070175438596,306,21,0.0686274509803921,27,0.0382978723404255,183,0.2595744680851063,346,0.4907801418439716,34,0.0482269503546099,276,0.3914893617021276,29,0.0411347517730496,21,0.0736842105263157,36081133300,3886,399,0.1026762738033968,3886,356,0.0916109109624292,3886,90,0.0231600617601646,185249,0.185249,3805.68855972232,0.8596277945211289
360811339001,360811339001,Block Group 1; Census Tract 1339; Queens County; New York,Queens,1429,483,42,0.0869565217391304,529,71,0.1342155009451796,330,0.2309307207837648,451,0.3156053184044786,681,0.4765570328901329,5,0.0034989503149055,539,0.3771868439468159,120,0.0839748075577326,30,0.062111801242236,36081133900,1429,94,0.0657802659202239,1429,179,0.1252624212736179,1429,114,0.079776067179846,226211,0.226211,6317.1110158215115,0.8579956384728915
360811341001,360811341001,Block Group 1; Census Tract 1341; Queens County; New York,Queens,1225,458,101,0.2205240174672489,727,89,0.1224209078404401,123,0.1004081632653061,320,0.2612244897959184,276,0.2253061224489796,0,0.0,856,0.6987755102040817,93,0.0759183673469387,72,0.1572052401746725,36081134100,2857,254,0.0889044452222611,2857,192,0.0672033601680084,2857,157,0.0549527476373818,211995,0.211995,5778.438170711574,0.828242344466572
360811347011,360811347011,Block Group 1; Census Tract 1347.01; Queens County; New York,Queens,1625,671,546,0.8137108792846498,800,237,0.29625,308,0.1895384615384615,422,0.2596923076923076,315,0.1938461538461538,402,0.2473846153846154,704,0.4332307692307692,182,0.112,0,0.0,36081134701,4809,366,0.0761072988147223,4809,374,0.0777708463297982,4809,149,0.0309835724682886,241449,0.241449,6730.199752328649,0.8278138056626501
360811347021,360811347021,Block Group 1; Census Tract 1347.02; Queens County; New York,Queens,2014,707,396,0.5601131541725601,983,162,0.1648016276703967,451,0.2239324726911618,387,0.1921549155908639,345,0.1713008937437934,230,0.1142005958291956,915,0.4543197616683218,491,0.243793445878848,144,0.2036775106082037,36081134702,4530,431,0.0951434878587196,4532,308,0.0679611650485436,4532,96,0.0211827007943512,230127,0.230127,8751.68928461241,0.8217994472815997
360810134001,360810134001,Block Group 1; Census Tract 134; Queens County; New York,Queens,2288,1180,991,0.8398305084745763,1156,657,0.5683391003460208,352,0.1538461538461538,728,0.3181818181818182,1063,0.4645979020979021,109,0.0476398601398601,181,0.0791083916083916,601,0.2626748251748251,170,0.1440677966101695,36081013400,5720,421,0.0736013986013986,5802,786,0.1354705274043433,5802,167,0.0287831782144088,46449,0.046449,49258.326336411985,0.7777964851549369
360810135001,360810135001,Block Group 1; Census Tract 135; Queens County; New York,Queens,1332,579,307,0.5302245250431779,602,197,0.3272425249169435,357,0.268018018018018,290,0.2177177177177177,1118,0.8393393393393394,0,0.0,25,0.0187687687687687,182,0.1366366366366366,14,0.0241796200345423,36081013500,1325,79,0.0596226415094339,1332,139,0.1043543543543543,1332,41,0.0307807807807807,135758,0.135758,9811.57648168064,0.8001833192422279
360811367001,360811367001,Block Group 1; Census Tract 1367; Queens County; New York,Queens,560,241,73,0.3029045643153527,211,117,0.5545023696682464,81,0.1446428571428571,103,0.1839285714285714,104,0.1857142857142857,0,0.0,405,0.7232142857142857,51,0.0910714285714285,18,0.0746887966804979,36081136700,5903,363,0.0614941555141453,5903,451,0.0764018295781805,5903,105,0.0177875656445874,100623,0.100623,5565.328006519384,0.5811121994970017
360810136001,360810136001,Block Group 1; Census Tract 136; Queens County; New York,Queens,1143,467,319,0.683083511777302,537,243,0.4525139664804469,300,0.2624671916010498,137,0.1198600174978127,460,0.4024496937882764,106,0.0927384076990376,118,0.1032370953630796,327,0.2860892388451443,32,0.0685224839400428,36081013600,1981,254,0.1282180716809692,1981,215,0.1085310449268046,1981,127,0.0641090358404846,100818,0.100818,11337.261203356544,0.841628334819851
360811377001,360811377001,Block Group 1; Census Tract 1377; Queens County; New York,Queens,1365,638,507,0.7946708463949843,914,264,0.2888402625820569,56,0.041025641025641,377,0.2761904761904762,646,0.4732600732600732,18,0.0131868131868131,370,0.271062271062271,331,0.2424908424908425,108,0.1692789968652037,36081137700,6759,315,0.0466045272969374,6759,676,0.1000147950880307,6759,678,0.1003106968486462,164916,0.164916,8276.940988139417,0.6004722327290648
360810137001,360810137001,Block Group 1; Census Tract 137; Queens County; New York,Queens,1874,846,700,0.8274231678486997,1122,390,0.3475935828877005,205,0.1093916755602988,228,0.1216648879402347,1321,0.7049092849519744,0,0.0,41,0.0218783351120597,427,0.227854855923159,27,0.0319148936170212,36081013700,1874,95,0.0506937033084311,1874,269,0.1435432230522945,1874,108,0.0576307363927428,199933,0.199933,9373.140001900636,0.8373588911940237
360811385011,360811385011,Block Group 1; Census Tract 1385.01; Queens County; New York,Queens,960,285,34,0.119298245614035,415,9,0.0216867469879518,396,0.4125,95,0.0989583333333333,393,0.409375,0,0.0,567,0.590625,0,0.0,81,0.2842105263157894,36081138501,4187,495,0.1182230714115118,4189,410,0.0978753879207448,4189,114,0.0272141322511339,531999,0.531999,1804.514670140357,0.5322989683673117
360810138001,360810138001,Block Group 1; Census Tract 138; Queens County; New York,Queens,1846,835,562,0.6730538922155689,786,280,0.356234096692112,295,0.1598049837486457,309,0.1673889490790899,831,0.4501625135427952,112,0.0606717226435536,318,0.1722643553629469,338,0.1830985915492957,43,0.0514970059880239,36081013800,4016,885,0.2203685258964143,4016,556,0.1384462151394422,4016,80,0.0199203187250996,44126,0.044126,41834.7459547659,0.8680345455555186
360811399001,360811399001,Block Group 1; Census Tract 1399; Queens County; New York,Queens,411,171,21,0.1228070175438596,183,44,0.2404371584699453,60,0.145985401459854,132,0.3211678832116788,98,0.2384428223844282,0,0.0,241,0.5863746958637469,46,0.1119221411192214,33,0.1929824561403508,36081139900,1547,140,0.090497737556561,1545,151,0.0977346278317152,1545,48,0.0310679611650485,158178,0.158178,2598.3385805864277,0.7605211630422853
360811403001,360811403001,Block Group 1; Census Tract 1403; Queens County; New York,Queens,1014,375,70,0.1866666666666666,408,99,0.2426470588235294,225,0.2218934911242603,222,0.2189349112426035,216,0.2130177514792899,0,0.0,770,0.7593688362919132,0,0.0,37,0.0986666666666666,36081140300,2214,236,0.1065943992773261,2214,118,0.053297199638663,2214,253,0.1142728093947606,192617,0.192617,5264.332847048807,0.8022809044924495
360811409011,360811409011,Block Group 1; Census Tract 1409.01; Queens County; New York,Queens,930,322,140,0.4347826086956521,365,70,0.1917808219178082,206,0.221505376344086,224,0.2408602150537634,181,0.1946236559139784,1,0.0010752688172043,427,0.4591397849462366,312,0.3354838709677419,38,0.1180124223602484,36081140901,928,50,0.0538793103448275,928,75,0.0808189655172413,928,91,0.0980603448275862,244496,0.244496,3803.743210522872,0.7991568129374199
360811409021,360811409021,Block Group 1; Census Tract 1409.02; Queens County; New York,Queens,1401,462,101,0.2186147186147186,637,166,0.260596546310832,223,0.1591720199857244,304,0.2169878658101356,287,0.204853675945753,0,0.0,1024,0.7309064953604568,71,0.0506780870806566,68,0.1471861471861472,36081140902,2505,212,0.0846307385229541,2505,232,0.0926147704590818,2505,49,0.0195608782435129,300048,0.300048,4669.252919532875,0.7951872544136838
360810140001,360810140001,Block Group 1; Census Tract 140; Queens County; New York,Queens,2579,827,520,0.6287787182587666,1356,517,0.3812684365781711,940,0.3644823575029081,247,0.0957735556417216,1342,0.5203567274137263,47,0.0182241178751454,242,0.0938348196975571,821,0.3183404420317953,142,0.1717049576783555,36081014000,4381,181,0.0413147683177356,4409,289,0.0655477432524382,4409,107,0.0242685416194148,111645,0.111645,23100.0044784809,0.6655635636886411
360811417001,360811417001,Block Group 1; Census Tract 1417; Queens County; New York,Queens,671,294,115,0.391156462585034,308,169,0.5487012987012987,24,0.0357675111773472,41,0.0611028315946348,223,0.3323397913561848,0,0.0,105,0.1564828614008941,285,0.4247391952309985,10,0.0340136054421768,36081141700,4300,670,0.1558139534883721,4300,415,0.0965116279069767,4300,267,0.0620930232558139,117097,0.117097,5730.291980153206,0.8182807139668729
360810141001,360810141001,Block Group 1; Census Tract 141; Queens County; New York,Queens,766,323,318,0.9845201238390092,491,198,0.4032586558044806,135,0.1762402088772846,42,0.0548302872062663,391,0.5104438642297651,13,0.0169712793733681,53,0.0691906005221932,297,0.3877284595300261,12,0.0371517027863777,36081014100,1613,157,0.0973341599504029,1613,174,0.1078735275883447,1613,180,0.1115933044017359,22967,0.022967,33352.20098402055,0.8513092377241901
360810142011,360810142011,Block Group 1; Census Tract 142.01; Queens County; New York,Queens,1642,739,461,0.6238159675236806,698,199,0.2851002865329513,242,0.1473812423873325,300,0.1827040194884287,251,0.1528623629719853,203,0.1236297198538367,818,0.4981729598051157,370,0.2253349573690621,61,0.0825439783491204,36081014201,4387,340,0.0775017095965352,4388,396,0.0902461257976299,4388,477,0.1087055606198723,94037,0.094037,17461.21207609771,0.8321261479718493
360810142021,360810142021,Block Group 1; Census Tract 142.02; Queens County; New York,Queens,1948,479,270,0.5636743215031316,595,289,0.4857142857142857,294,0.150924024640657,618,0.3172484599589322,187,0.0959958932238193,174,0.0893223819301848,273,0.1401437371663244,1043,0.5354209445585215,50,0.104384133611691,36081014202,2279,277,0.1215445370776656,2373,423,0.1782553729456384,2373,176,0.0741677201854193,202923,0.202923,9599.70037896148,0.8408927507974332
360811429001,360811429001,Block Group 1; Census Tract 1429; Queens County; New York,Queens,999,271,109,0.4022140221402214,358,193,0.5391061452513967,393,0.3933933933933934,100,0.1001001001001001,193,0.1931931931931932,0,0.0,387,0.3873873873873873,419,0.4194194194194194,64,0.2361623616236162,36081142900,3678,223,0.0606307775965198,3678,351,0.0954323001631321,3678,194,0.0527460576400217,104585,0.104585,9552.039011330497,0.8266899194901957
360811435001,360811435001,Block Group 1; Census Tract 1435; Queens County; New York,Queens,1024,379,47,0.1240105540897097,415,105,0.253012048192771,182,0.177734375,245,0.2392578125,262,0.255859375,0,0.0,726,0.708984375,21,0.0205078125,93,0.2453825857519788,36081143500,2343,99,0.0422535211267605,2343,269,0.1148100725565514,2343,87,0.0371318822023047,191302,0.191302,5352.792966095493,0.8351541827971354
360810143001,360810143001,Block Group 1; Census Tract 143; Queens County; New York,Queens,1082,528,464,0.8787878787878788,555,269,0.4846846846846847,203,0.1876155268022181,180,0.166358595194085,604,0.5582255083179297,0,0.0,106,0.0979667282809611,357,0.3299445471349353,85,0.1609848484848484,36081014300,3844,494,0.1285119667013527,3853,317,0.0822735530755255,3853,560,0.1453412924993511,51236,0.051236,21117.963931610582,0.8299069699249213
360811441001,360811441001,Block Group 1; Census Tract 1441; Queens County; New York,Queens,884,443,120,0.2708803611738149,545,91,0.1669724770642202,112,0.1266968325791855,90,0.1018099547511312,286,0.3235294117647059,0,0.0,539,0.6097285067873304,54,0.0610859728506787,174,0.3927765237020316,36081144100,3002,177,0.058960692871419,3002,256,0.0852764823451032,3002,62,0.0206528980679546,80008,0.080008,11048.895110488951,0.8198958785496206
360811447001,360811447001,Block Group 1; Census Tract 1447; Queens County; New York,Queens,1729,348,254,0.7298850574712644,594,97,0.1632996632996633,586,0.3389242336610757,208,0.1203007518796992,74,0.0427993059572006,271,0.156737998843262,736,0.4256795835743204,566,0.3273568536726431,103,0.2959770114942529,36081144700,3447,724,0.210037713954163,3465,294,0.0848484848484848,3465,544,0.156998556998557,192218,0.192218,8994.995265791966,0.8231185125989875
360810144001,360810144001,Block Group 1; Census Tract 144; Queens County; New York,Queens,1671,529,470,0.888468809073724,652,364,0.558282208588957,409,0.2447636146020347,342,0.2046678635547576,58,0.0347097546379413,105,0.0628366247755834,831,0.4973070017953321,539,0.3225613405146619,60,0.1134215500945179,36081014400,1671,239,0.1430281268701376,1671,285,0.170556552962298,1671,186,0.111310592459605,219829,0.219829,7601.362877509337,0.6440374195495465
360811451011,360811451011,Block Group 1; Census Tract 1451.01; Queens County; New York,Queens,1103,424,174,0.410377358490566,488,62,0.1270491803278688,171,0.1550317316409791,249,0.2257479601087942,338,0.3064369900271985,6,0.0054397098821396,723,0.6554850407978241,17,0.0154125113327289,102,0.240566037735849,36081145101,1100,103,0.0936363636363636,1103,158,0.1432456935630099,1103,37,0.0335448776065276,251956,0.251956,4377.748495769102,0.8346613947965387
360811451021,360811451021,Block Group 1; Census Tract 1451.02; Queens County; New York,Queens,1318,495,314,0.6343434343434343,660,188,0.2848484848484848,167,0.1267071320182094,382,0.2898330804248862,528,0.4006069802731411,0,0.0,487,0.3694992412746585,289,0.2192716236722306,128,0.2585858585858586,36081145102,2344,134,0.0571672354948805,2361,300,0.1270648030495552,2361,61,0.0258365099534095,172136,0.172136,7656.736533903425,0.8340572116897431
360811459001,360811459001,Block Group 1; Census Tract 1459; Queens County; New York,Queens,659,223,41,0.1838565022421524,337,39,0.115727002967359,87,0.1320182094081942,124,0.1881638846737481,100,0.1517450682852807,0,0.0,411,0.6236722306525038,80,0.1213960546282245,40,0.179372197309417,36081145900,2757,257,0.0932172651432716,2781,286,0.1028407047824523,2781,83,0.0298453793599424,113453,0.113453,5808.572712929583,0.8296480659812603
360810145001,360810145001,Block Group 1; Census Tract 145; Queens County; New York,Queens,1265,502,363,0.7231075697211156,727,494,0.6795048143053645,238,0.1881422924901185,128,0.1011857707509881,631,0.4988142292490118,23,0.0181818181818181,122,0.0964426877470355,230,0.1818181818181818,7,0.0139442231075697,36081014500,2416,234,0.0968543046357615,2429,290,0.1193906957595718,2429,277,0.1140386990531082,76763,0.076763,16479.29340958535,0.8012598995692168
360811463001,360811463001,Block Group 1; Census Tract 1463; Queens County; New York,Queens,1427,688,308,0.4476744186046512,806,256,0.3176178660049628,131,0.0918009810791871,466,0.3265592151366503,632,0.4428871758934828,54,0.0378416257883672,557,0.3903293622985284,155,0.1086194814295725,116,0.1686046511627907,36081146300,2370,173,0.0729957805907173,2678,71,0.0265123226288274,2678,237,0.0884988797610156,173855,0.173855,8207.989416467746,0.8139154325954862
360811467001,360811467001,Block Group 1; Census Tract 1467; Queens County; New York,Queens,1355,620,520,0.8387096774193549,923,246,0.266522210184182,159,0.1173431734317343,268,0.1977859778597786,659,0.4863468634686347,11,0.0081180811808118,659,0.4863468634686347,11,0.0081180811808118,132,0.2129032258064516,36081146700,2762,266,0.0963070238957277,2762,222,0.0803765387400434,2762,236,0.0854453294713975,155709,0.155709,8702.130255797674,0.881065488437462
360811471001,360811471001,Block Group 1; Census Tract 1471; Queens County; New York,Queens,2203,724,305,0.4212707182320442,964,181,0.187759336099585,401,0.1820245120290513,346,0.1570585565138447,544,0.2469359963685883,69,0.0313209260099863,841,0.3817521561507035,749,0.3399909214707217,142,0.1961325966850828,36081147100,3810,672,0.1763779527559055,3810,414,0.1086614173228346,3810,78,0.0204724409448818,233260,0.23326,9444.396810426137,0.4328427120129923
360811479001,360811479001,Block Group 1; Census Tract 1479; Queens County; New York,Queens,1175,427,78,0.1826697892271662,452,50,0.1106194690265486,207,0.1761702127659574,345,0.2936170212765957,435,0.3702127659574468,0,0.0,641,0.5455319148936171,46,0.0391489361702127,11,0.0257611241217798,36081147900,4249,434,0.1021416803953871,4249,457,0.1075547187573546,4249,386,0.0908449046834549,259077,0.259077,4535.331194972923,0.6615783009737467
360810147001,360810147001,Block Group 1; Census Tract 147; Queens County; New York,Queens,1252,505,426,0.8435643564356435,695,432,0.6215827338129496,153,0.1222044728434504,163,0.1301916932907348,596,0.476038338658147,45,0.0359424920127795,115,0.0918530351437699,488,0.389776357827476,51,0.100990099009901,36081014700,3066,304,0.0991519895629484,3065,268,0.0874388254486133,3065,295,0.0962479608482871,49257,0.049257,25417.707127920905,0.7903180963573083
360811483001,360811483001,Block Group 1; Census Tract 1483; Queens County; New York,Queens,615,255,58,0.2274509803921568,244,73,0.2991803278688524,57,0.0926829268292682,275,0.4471544715447154,453,0.7365853658536585,0,0.0,140,0.2276422764227642,9,0.0146341463414634,7,0.0274509803921568,36081148300,2974,146,0.0490921318090114,2974,361,0.1213853396099529,2974,14,0.0047074646940147,363447,0.363447,1692.1311773105845,0.6980329225675511
360810148001,360810148001,Block Group 1; Census Tract 148; Queens County; New York,Queens,2015,655,243,0.3709923664122137,939,215,0.2289669861554845,309,0.1533498759305211,349,0.1732009925558312,82,0.0406947890818858,112,0.0555831265508684,776,0.3851116625310173,676,0.3354838709677419,228,0.3480916030534351,36081014800,2015,152,0.0754342431761786,2015,325,0.1612903225806451,2015,74,0.0367245657568238,157056,0.157056,12829.818663406682,0.8171675037959532
360810149001,360810149001,Block Group 1; Census Tract 149; Queens County; New York,Queens,1460,651,641,0.9846390168970814,855,359,0.4198830409356725,216,0.147945205479452,79,0.0541095890410958,677,0.4636986301369863,0,0.0,162,0.110958904109589,538,0.3684931506849315,97,0.1490015360983103,36081014900,2163,380,0.1756819232547387,2163,135,0.0624133148404993,2163,117,0.0540915395284327,49819,0.049819,29306.088038700094,0.8121006766711085
360810014001,360810014001,Block Group 1; Census Tract 14; Queens County; New York,Queens,1067,347,263,0.7579250720461095,557,371,0.6660682226211849,202,0.1893158388003749,131,0.1227741330834114,182,0.1705716963448922,211,0.197750702905342,23,0.021555763823805,619,0.5801312089971884,9,0.0259365994236311,36081001400,3609,425,0.1177611526738708,3609,383,0.1061235799390412,3609,144,0.0399002493765586,70450,0.07045,15145.493257629523,0.561100220683851
360811507011,360811507011,Block Group 1; Census Tract 1507.01; Queens County; New York,Queens,859,297,35,0.1178451178451178,300,43,0.1433333333333333,117,0.1362048894062864,298,0.3469150174621653,296,0.3445867287543655,0,0.0,472,0.5494761350407451,91,0.1059371362048894,17,0.0572390572390572,36081150701,3123,135,0.0432276657060518,3123,217,0.0694844700608389,3123,43,0.0137688120397054,328892,0.328892,2611.7996181117205,0.7039356739508625
360811507021,360811507021,Block Group 1; Census Tract 1507.02; Queens County; New York,Queens,1242,433,128,0.2956120092378753,602,115,0.1910299003322259,283,0.2278582930756844,252,0.2028985507246377,544,0.4380032206119162,27,0.0217391304347826,648,0.5217391304347826,14,0.0112721417069243,68,0.1570438799076212,36081150702,3047,183,0.0600590744995077,3047,589,0.1933048900557925,3047,35,0.0114867082376107,294335,0.294335,4219.681655256765,0.6898975814121828
360810150001,360810150001,Block Group 1; Census Tract 150; Queens County; New York,Queens,1153,315,201,0.638095238095238,491,138,0.2810590631364562,264,0.2289679098005203,104,0.0901994796183868,0,0.0,122,0.1058109280138768,389,0.3373807458803122,419,0.3633998265394623,91,0.2888888888888888,36081015000,2233,95,0.0425436632333184,2233,211,0.0944917151813703,2233,404,0.1809225257501119,70698,0.070698,16308.806472601773,0.8323131731998479
360810151001,360810151001,Block Group 1; Census Tract 151; Queens County; New York,Queens,1271,601,395,0.6572379367720466,614,414,0.6742671009771987,114,0.089693154996066,219,0.1723052714398111,800,0.6294256490952006,9,0.007081038552321,202,0.1589299763965381,134,0.1054287962234461,110,0.1830282861896838,36081015100,2764,375,0.1356729377713458,2769,259,0.0935355724088118,2769,167,0.060310581437342,53149,0.053149,23913.902425257296,0.7913173061131792
360811529011,360811529011,Block Group 1; Census Tract 1529.01; Queens County; New York,Queens,863,325,15,0.0461538461538461,248,25,0.1008064516129032,122,0.1413673232908459,397,0.4600231749710313,269,0.3117033603707995,0,0.0,340,0.3939745075318656,187,0.216685979142526,72,0.2215384615384615,36081152901,5613,487,0.0867628719045073,5613,1183,0.2107607340103331,5613,119,0.0212007838945305,805805,0.805805,1070.9787107302636,0.7854325771581564
360811529021,360811529021,Block Group 1; Census Tract 1529.02; Queens County; New York,Queens,821,361,0,0.0,641,20,0.0312012480499219,19,0.0231425091352009,147,0.1790499390986601,249,0.3032886723507917,9,0.0109622411693057,561,0.6833130328867235,2,0.002436053593179,14,0.038781163434903,36081152902,6530,113,0.0173047473200612,6530,397,0.0607963246554364,6530,198,0.0303215926493108,146053,0.146053,5621.247081538894,0.8048245046641664
360810152001,360810152001,Block Group 1; Census Tract 152; Queens County; New York,Queens,1420,412,154,0.3737864077669903,576,184,0.3194444444444444,229,0.1612676056338028,341,0.2401408450704225,39,0.0274647887323943,121,0.0852112676056338,265,0.1866197183098591,310,0.2183098591549295,35,0.0849514563106796,36081015200,2584,224,0.0866873065015479,2596,332,0.1278890600924499,2596,116,0.0446841294298921,90339,0.090339,15718.571159742747,0.8470418545475402
360810153001,360810153001,Block Group 1; Census Tract 153; Queens County; New York,Queens,893,440,392,0.8909090909090909,621,317,0.5104669887278583,112,0.1254199328107502,45,0.0503919372900335,600,0.671892497200448,6,0.0067189249720044,108,0.1209406494960806,141,0.1578947368421052,33,0.075,36081015300,1799,238,0.1322957198443579,1821,127,0.0697419000549148,1821,53,0.029104887424492,73115,0.073115,12213.636052793545,0.823165391575431
360810154001,360810154001,Block Group 1; Census Tract 154; Queens County; New York,Queens,945,222,87,0.3918918918918919,523,306,0.5850860420650096,116,0.1227513227513227,67,0.0708994708994708,7,0.0074074074074074,61,0.0645502645502645,338,0.3576719576719577,173,0.183068783068783,32,0.1441441441441441,36081015400,2295,235,0.10239651416122,2296,272,0.1184668989547038,2296,289,0.1258710801393728,72218,0.072218,13085.380376083524,0.8212101743601803
360811551011,360811551011,Block Group 1; Census Tract 1551.01; Queens County; New York,Queens,2174,1533,445,0.2902804957599478,481,23,0.0478170478170478,13,0.0059797608095676,1912,0.8794848206071757,2078,0.9558417663293468,12,0.0055197792088316,49,0.0225390984360625,12,0.0055197792088316,13,0.0084801043705153,36081155101,2174,166,0.0763569457221711,2174,724,0.3330266789328427,2174,15,0.0068997240110395,475148,0.475148,4575.416501805753,0.8142849060116214
360811551031,360811551031,Block Group 1; Census Tract 1551.03; Queens County; New York,Queens,881,464,215,0.4633620689655172,491,26,0.0529531568228105,145,0.1645856980703745,228,0.2587968217934165,385,0.4370034052213394,44,0.0499432463110102,341,0.3870601589103292,42,0.0476730987514188,33,0.0711206896551724,36081155103,4325,363,0.0839306358381502,4325,755,0.1745664739884393,4325,101,0.0233526011560693,220367,0.220367,3997.876270040432,0.7835797905603389
360811551041,360811551041,Block Group 1; Census Tract 1551.04; Queens County; New York,Queens,1535,741,377,0.5087719298245614,799,68,0.0851063829787234,267,0.1739413680781759,292,0.1902280130293159,618,0.4026058631921824,138,0.0899022801302931,564,0.3674267100977199,133,0.0866449511400651,68,0.0917678812415654,36081155104,2640,293,0.1109848484848484,2722,448,0.1645848640705363,2722,78,0.0286554004408523,264984,0.264984,5792.802584306977,0.8277041328160258
360810155001,360810155001,Block Group 1; Census Tract 155; Queens County; New York,Queens,1349,691,662,0.9580318379160636,696,423,0.6077586206896551,187,0.1386212008895478,282,0.2090437361008154,812,0.6019273535952557,12,0.0088954781319495,95,0.0704225352112676,314,0.2327650111193476,113,0.1635311143270622,36081015500,2119,89,0.0420009438414346,2119,115,0.0542708824917413,2119,88,0.0415290231241151,72824,0.072824,18524.112929803363,0.838811298123592
360811567001,360811567001,Block Group 1; Census Tract 1567; Queens County; New York,Queens,1751,302,227,0.7516556291390728,562,82,0.1459074733096085,204,0.116504854368932,322,0.183894917190177,382,0.2181610508280982,403,0.2301541976013706,644,0.367789834380354,284,0.1621930325528269,50,0.1655629139072847,36081156700,1320,404,0.306060606060606,1327,418,0.3149962321024868,1327,80,0.0602863602110022,1469692,1.469692,1191.406090527811,0.8525490156543846
360810156001,360810156001,Block Group 1; Census Tract 156; Queens County; New York,Queens,986,273,47,0.1721611721611721,450,133,0.2955555555555555,165,0.1673427991886409,206,0.2089249492900608,0,0.0,128,0.1298174442190669,404,0.40973630831643,98,0.0993914807302231,59,0.2161172161172161,36081015600,3177,423,0.1331444759206798,3184,297,0.0932788944723618,3184,174,0.0546482412060301,82171,0.082171,11999.36717333366,0.586122491360675
360811571011,360811571011,Block Group 1; Census Tract 1571.01; Queens County; New York,Queens,988,359,192,0.5348189415041783,481,37,0.0769230769230769,38,0.0384615384615384,185,0.187246963562753,247,0.25,23,0.0232793522267206,633,0.6406882591093117,85,0.0860323886639676,43,0.1197771587743732,36081157101,8073,727,0.0900532639663074,8073,1119,0.1386101820884429,8073,412,0.0510343119038771,91650,0.09165,10780.141843971633,0.8339214090734617
360811571021,360811571021,Block Group 1; Census Tract 1571.02; Queens County; New York,Queens,902,265,112,0.4226415094339623,405,100,0.2469135802469135,146,0.1618625277161862,244,0.270509977827051,122,0.1352549889135255,35,0.0388026607538802,294,0.3259423503325942,364,0.4035476718403548,28,0.1056603773584905,36081157102,1840,67,0.0364130434782608,1840,284,0.1543478260869565,1840,64,0.0347826086956521,125023,0.125023,7214.672500259952,0.8008564202300916
360811579011,360811579011,Block Group 1; Census Tract 1579.01; Queens County; New York,Queens,606,230,8,0.0347826086956521,432,181,0.4189814814814814,33,0.0544554455445544,83,0.1369636963696369,59,0.0973597359735973,0,0.0,536,0.8844884488448845,11,0.0181518151815181,10,0.0434782608695652,36081157901,5064,712,0.1406003159557662,5064,709,0.1400078988941548,5064,143,0.0282385466034755,154414,0.154414,3924.514616550313,0.8499241704238196
360811579021,360811579021,Block Group 1; Census Tract 1579.02; Queens County; New York,Queens,573,163,10,0.0613496932515337,333,14,0.042042042042042,101,0.1762652705061082,227,0.3961605584642234,78,0.1361256544502617,15,0.0261780104712041,435,0.7591623036649214,17,0.0296684118673647,11,0.0674846625766871,36081157902,3632,149,0.0410242290748898,3635,680,0.18707015130674,3635,113,0.0310866574965612,131175,0.131175,4368.2104059462545,0.8287320029438063
360811579031,360811579031,Block Group 1; Census Tract 1579.03; Queens County; New York,Queens,792,230,103,0.4478260869565217,318,26,0.0817610062893081,170,0.2146464646464646,178,0.2247474747474747,197,0.2487373737373737,0,0.0,380,0.4797979797979798,195,0.2462121212121212,36,0.1565217391304348,36081157903,3671,155,0.0422228275674203,3671,313,0.0852628711522745,3671,64,0.0174339417052574,151002,0.151002,5244.963642865658,0.7689838023462414
360810157001,360810157001,Block Group 1; Census Tract 157; Queens County; New York,Queens,1371,717,717,1.0,880,433,0.4920454545454545,168,0.1225382932166301,137,0.099927060539752,380,0.2771699489423778,18,0.0131291028446389,353,0.2574762946754194,530,0.386579139314369,103,0.1436541143654114,36081015700,1371,109,0.0795040116703136,1371,144,0.1050328227571116,1371,80,0.0583515681983953,128464,0.128464,10672.25059160543,0.8363788174709096
360810158011,360810158011,Block Group 1; Census Tract 158.01; Queens County; New York,Queens,1014,278,156,0.5611510791366906,482,163,0.3381742738589212,223,0.2199211045364891,227,0.2238658777120315,0,0.0,337,0.3323471400394477,323,0.3185404339250493,65,0.0641025641025641,0,0.0,36081015801,3836,538,0.1402502606882169,3836,364,0.0948905109489051,3836,459,0.1196558915537017,107402,0.107402,9441.164968994992,0.8178410554038955
360810158021,360810158021,Block Group 1; Census Tract 158.02; Queens County; New York,Queens,1653,310,238,0.7677419354838709,532,214,0.4022556390977443,468,0.2831215970961887,565,0.3418027828191167,0,0.0,0,0.0,339,0.20508166969147,293,0.1772534785238959,0,0.0,36081015802,5268,407,0.0772589217919514,5464,727,0.1330527086383601,5464,421,0.0770497803806735,89617,0.089617,18445.161074349733,0.797208682363052
360810159001,360810159001,Block Group 1; Census Tract 159; Queens County; New York,Queens,690,357,295,0.8263305322128851,415,193,0.4650602409638554,127,0.1840579710144927,42,0.0608695652173913,388,0.5623188405797102,14,0.0202898550724637,210,0.3043478260869565,55,0.0797101449275362,9,0.0252100840336134,36081015900,3699,338,0.0913760475804271,3699,418,0.1130035144633684,3699,386,0.1043525277101919,47461,0.047461,14538.252459914454,0.8398973493434092
360811617001,360811617001,Block Group 1; Census Tract 1617; Queens County; New York,Queens,1364,433,86,0.1986143187066974,793,135,0.1702395964691046,154,0.1129032258064516,156,0.1143695014662756,277,0.2030791788856304,11,0.0080645161290322,511,0.374633431085044,437,0.3203812316715542,46,0.1062355658198614,36081161700,4843,288,0.059467272351848,4843,548,0.1131530043361552,4843,90,0.0185835226099525,196321,0.196321,6947.804870594588,0.7204466826133518
360810161001,360810161001,Block Group 1; Census Tract 161; Queens County; New York,Queens,1113,441,275,0.6235827664399093,542,335,0.6180811808118081,238,0.2138364779874214,157,0.1410601976639712,658,0.5911949685534591,13,0.0116801437556154,286,0.2569631626235399,156,0.1401617250673854,49,0.1111111111111111,36081016100,2028,130,0.0641025641025641,2028,154,0.0759368836291913,2028,103,0.0507889546351084,59208,0.059208,18798.13538710985,0.825021153232979
360811621001,360811621001,Block Group 1; Census Tract 1621; Queens County; New York,Queens,1498,442,277,0.6266968325791855,814,94,0.1154791154791154,60,0.0400534045393858,420,0.2803738317757009,81,0.0540720961281709,16,0.0106809078771695,1093,0.7296395193591455,259,0.1728971962616822,0,0.0,36081162100,6327,174,0.0275011853959222,6340,856,0.1350157728706624,6340,440,0.0694006309148265,182863,0.182863,8191.925102399064,0.7236806472477954
360810163001,360810163001,Block Group 1; Census Tract 163; Queens County; New York,Queens,860,305,205,0.6721311475409836,472,275,0.5826271186440678,115,0.1337209302325581,104,0.1209302325581395,529,0.6151162790697674,50,0.0581395348837209,163,0.1895348837209302,118,0.1372093023255814,24,0.0786885245901639,36081016300,3956,821,0.2075328614762386,3956,816,0.2062689585439838,3956,271,0.0685035389282103,55401,0.055401,15523.18550206675,0.7794177077936277
360810164001,360810164001,Block Group 1; Census Tract 164; Queens County; New York,Queens,1025,263,60,0.2281368821292775,449,170,0.3786191536748329,136,0.1326829268292683,258,0.2517073170731707,1,0.0009756097560975,356,0.3473170731707317,147,0.1434146341463414,73,0.0712195121951219,7,0.026615969581749,36081016400,3155,349,0.1106180665610142,3175,448,0.1411023622047244,3175,208,0.065511811023622,89488,0.089488,11454.049704988378,0.7817054688498223
360810166001,360810166001,Block Group 1; Census Tract 166; Queens County; New York,Queens,2131,734,377,0.5136239782016349,866,229,0.2644341801385681,344,0.1614265603003284,437,0.2050680431722196,15,0.007038948850305,247,0.1159080244016893,402,0.1886438291881745,183,0.0858751759737212,0,0.0,36081016600,4009,455,0.1134946370666001,4009,599,0.1494138189074582,4009,723,0.1803442254926415,111505,0.111505,19111.250616564277,0.5553885873135124
360810168001,360810168001,Block Group 1; Census Tract 168; Queens County; New York,Queens,1599,495,151,0.305050505050505,888,316,0.3558558558558558,205,0.1282051282051282,133,0.08317698561601,9,0.0056285178236397,248,0.1550969355847404,374,0.2338961851156973,521,0.3258286429018136,32,0.0646464646464646,36081016800,2922,332,0.1136208076659822,2923,330,0.1128977078344166,2923,642,0.2196373588778652,98070,0.09807,16304.68033037626,0.7479447975464493
360810169001,360810169001,Block Group 1; Census Tract 169; Queens County; New York,Queens,2049,797,615,0.7716436637390214,933,533,0.5712754555198285,489,0.2386530014641288,295,0.1439726695949243,1292,0.6305514885309907,45,0.0219619326500732,482,0.235236700829673,203,0.0990727183992191,42,0.0526976160602258,36081016900,5859,398,0.0679296808329066,5859,309,0.0527393753200204,5859,352,0.0600785116914149,79953,0.079953,25627.55618926119,0.6095817250265649
360810016001,360810016001,Block Group 1; Census Tract 16; Queens County; New York,Queens,1083,365,224,0.6136986301369863,541,352,0.6506469500924215,234,0.2160664819944598,145,0.1338873499538319,127,0.1172668513388735,36,0.0332409972299169,249,0.2299168975069252,623,0.5752539242843951,104,0.284931506849315,36081001600,2650,383,0.1445283018867924,2650,231,0.0871698113207547,2650,174,0.0656603773584905,65426,0.065426,16553.052303365635,0.3872366757042537
360810170001,360810170001,Block Group 1; Census Tract 170; Queens County; New York,Queens,1699,409,118,0.2885085574572127,865,311,0.3595375722543352,325,0.1912889935256033,145,0.085344320188346,11,0.0064743967039434,893,0.5256032960565038,408,0.2401412595644496,73,0.0429664508534432,14,0.0342298288508557,36081017000,2738,164,0.0598977355734112,2732,111,0.0406295754026354,2732,241,0.0882137628111273,114425,0.114425,14848.153812540966,0.7850581107458947
360810171021,360810171021,Block Group 1; Census Tract 171.02; Queens County; New York,Queens,344,175,175,1.0,197,188,0.9543147208121828,0,0.0,0,0.0,0,0.0,11,0.0319767441860465,321,0.9331395348837208,11,0.0319767441860465,41,0.2342857142857143,36081017102,343,22,0.0641399416909621,343,0,0.0,343,0,0.0,407252,0.407252,844.6858456189289,0.8311504411518811
360810172001,360810172001,Block Group 1; Census Tract 172; Queens County; New York,Queens,1587,396,180,0.4545454545454545,513,264,0.5146198830409356,508,0.3201008191556396,168,0.10586011342155,18,0.0113421550094517,505,0.3182104599873976,617,0.3887838689350976,158,0.0995589161940768,6,0.0151515151515151,36081017200,2335,371,0.1588865096359743,2355,191,0.081104033970276,2355,108,0.0458598726114649,101141,0.101141,15690.966077060735,0.7599286970780854
360810174001,360810174001,Block Group 1; Census Tract 174; Queens County; New York,Queens,953,249,84,0.3373493975903614,459,99,0.2156862745098039,154,0.161594963273872,171,0.1794333683105981,42,0.0440713536201469,254,0.266526757607555,303,0.3179433368310598,137,0.1437565582371458,0,0.0,36081017400,2805,134,0.0477718360071301,2805,352,0.1254901960784313,2805,356,0.1269162210338681,89476,0.089476,10650.900800214582,0.7655239032368161
360810176001,360810176001,Block Group 1; Census Tract 176; Queens County; New York,Queens,1204,337,127,0.3768545994065282,439,196,0.4464692482915717,271,0.2250830564784053,273,0.2267441860465116,0,0.0,522,0.4335548172757475,240,0.1993355481727574,231,0.191860465116279,0,0.0,36081017600,2302,457,0.1985230234578627,2302,274,0.1190269331016507,2302,230,0.0999131190269331,101104,0.101104,11908.52983066941,0.7340395409593299
360810178001,360810178001,Block Group 1; Census Tract 178; Queens County; New York,Queens,1068,294,134,0.4557823129251701,651,302,0.4639016897081413,101,0.0945692883895131,115,0.1076779026217228,17,0.0159176029962546,155,0.1451310861423221,273,0.2556179775280899,198,0.1853932584269663,0,0.0,36081017800,2086,127,0.060882070949185,2086,106,0.0508149568552253,2086,463,0.2219558964525407,100117,0.100117,10667.519002766763,0.6813040794653966
360810179011,360810179011,Block Group 1; Census Tract 179.01; Queens County; New York,Queens,1045,451,428,0.9490022172949002,615,328,0.5333333333333333,186,0.1779904306220095,35,0.0334928229665071,260,0.2488038277511961,15,0.0143540669856459,290,0.277511961722488,373,0.3569377990430622,28,0.0620842572062084,36081017901,1038,23,0.0221579961464354,1045,76,0.0727272727272727,1045,66,0.0631578947368421,96372,0.096372,10843.398497488895,0.6348221717436571
360810180001,360810180001,Block Group 1; Census Tract 180; Queens County; New York,Queens,1652,392,165,0.4209183673469387,587,215,0.3662691652470187,502,0.3038740920096852,233,0.1410411622276029,119,0.0720338983050847,368,0.2227602905569007,394,0.2384987893462469,222,0.1343825665859564,56,0.1428571428571428,36081018000,1643,258,0.1570298234936092,1652,196,0.1186440677966101,1652,281,0.1700968523002421,138242,0.138242,11950.058592902302,0.7014728347016652
360810181011,360810181011,Block Group 1; Census Tract 181.01; Queens County; New York,Queens,1136,495,495,1.0,478,323,0.6757322175732218,155,0.136443661971831,43,0.0378521126760563,499,0.4392605633802817,0,0.0,79,0.0695422535211267,483,0.4251760563380282,115,0.2323232323232323,36081018101,3522,503,0.142816581487791,3532,296,0.0838052095130237,3532,435,0.1231596828992072,29730,0.02973,38210.56172216616,0.641383112947419
360810181021,360810181021,Block Group 1; Census Tract 181.02; Queens County; New York,Queens,913,617,583,0.9448946515397084,582,367,0.6305841924398625,46,0.0503833515881708,180,0.1971522453450164,516,0.5651697699890471,0,0.0,226,0.2475355969331873,128,0.140197152245345,116,0.1880064829821718,36081018102,3680,213,0.0578804347826086,3680,283,0.0769021739130434,3680,98,0.0266304347826086,29046,0.029046,31432.899538662812,0.6420003611550232
360810182001,360810182001,Block Group 1; Census Tract 182; Queens County; New York,Queens,1450,375,141,0.376,722,267,0.3698060941828255,281,0.1937931034482758,313,0.2158620689655172,74,0.0510344827586206,664,0.4579310344827586,67,0.0462068965517241,68,0.0468965517241379,20,0.0533333333333333,36081018200,2595,314,0.1210019267822736,2588,225,0.0869397217928902,2588,152,0.0587326120556414,140874,0.140874,10292.885841248208,0.6757827982938581
360810183001,360810183001,Block Group 1; Census Tract 183; Queens County; New York,Queens,727,343,213,0.6209912536443148,327,107,0.327217125382263,177,0.2434662998624484,86,0.1182943603851444,614,0.844566712517194,0,0.0,59,0.0811554332874828,45,0.061898211829436,95,0.2769679300291545,36081018300,5057,945,0.1868696855843385,5058,321,0.0634638196915777,5058,246,0.0486358244365361,70406,0.070406,10325.824503593443,0.6164596142299804
360810184011,360810184011,Block Group 1; Census Tract 184.01; Queens County; New York,Queens,2089,723,324,0.4481327800829875,889,332,0.3734533183352081,344,0.1646720919100048,293,0.1402584968884633,0,0.0,1149,0.5500239348970799,107,0.051220679751077,286,0.1369076112972714,25,0.0345781466113416,36081018401,2089,425,0.2034466251795117,2089,150,0.0718046912398276,2089,186,0.0890378171373863,190345,0.190345,10974.80889962962,0.6764517259804124
360810184021,360810184021,Block Group 1; Census Tract 184.02; Queens County; New York,Queens,1291,369,168,0.4552845528455284,530,159,0.3,323,0.2501936483346243,101,0.0782339271882261,0,0.0,830,0.6429124709527498,65,0.0503485670023237,142,0.109992254066615,17,0.046070460704607,36081018402,2847,320,0.1123990165086055,2855,349,0.1222416812609457,2855,203,0.0711033274956217,117562,0.117562,10981.43958081693,0.7092248099463333
360810185011,360810185011,Block Group 1; Census Tract 185.01; Queens County; New York,Queens,1050,479,446,0.931106471816284,583,258,0.4425385934819897,145,0.1380952380952381,157,0.1495238095238095,634,0.6038095238095238,13,0.0123809523809523,157,0.1495238095238095,161,0.1533333333333333,0,0.0,36081018501,3696,371,0.1003787878787878,3696,279,0.0754870129870129,3696,300,0.0811688311688311,32802,0.032802,32010.243277848913,0.6199358604655585
360810185021,360810185021,Block Group 1; Census Tract 185.02; Queens County; New York,Queens,525,305,305,1.0,393,147,0.3740458015267175,50,0.0952380952380952,18,0.0342857142857142,393,0.7485714285714286,0,0.0,77,0.1466666666666666,41,0.078095238095238,10,0.0327868852459016,36081018502,3071,331,0.1077824812764571,3071,216,0.0703353956366004,3071,206,0.0670791273200911,16453,0.016453,31909.0743329484,0.6360669509936728
360810186001,360810186001,Block Group 1; Census Tract 186; Queens County; New York,Queens,1886,563,255,0.452930728241563,934,297,0.3179871520342612,402,0.2131495227995758,202,0.1071049840933192,1,0.0005302226935312,932,0.4941675503711559,126,0.0668080593849416,211,0.1118769883351007,42,0.0746003552397868,36081018600,1886,253,0.1341463414634146,1886,153,0.0811240721102863,1886,61,0.0323435843054082,180949,0.180949,10422.826321228633,0.7075971925472769
360810187001,360810187001,Block Group 1; Census Tract 187; Queens County; New York,Queens,997,386,366,0.9481865284974094,526,261,0.4961977186311787,260,0.2607823470411233,113,0.1133400200601805,184,0.1845536609829488,59,0.0591775325977933,472,0.473420260782347,274,0.2748244734202608,72,0.1865284974093264,36081018700,2702,397,0.1469282013323464,2760,304,0.1101449275362318,2760,199,0.0721014492753623,98297,0.098297,10142.7307038872,0.6011453839750076
360810188001,360810188001,Block Group 1; Census Tract 188; Queens County; New York,Queens,1356,396,150,0.3787878787878788,626,117,0.1869009584664537,345,0.2544247787610619,205,0.1511799410029498,2,0.0014749262536873,912,0.672566371681416,97,0.0715339233038348,155,0.1143067846607669,23,0.058080808080808,36081018800,1356,126,0.0929203539823008,1356,60,0.0442477876106194,1356,39,0.0287610619469026,178872,0.178872,7580.839930229437,0.7628932703780174
360810189001,360810189001,Block Group 1; Census Tract 189; Queens County; New York,Queens,1809,750,510,0.68,873,624,0.7147766323024055,268,0.1481481481481481,304,0.1680486456605859,355,0.1962410171365395,167,0.0923161967938087,673,0.3720287451630735,558,0.308457711442786,181,0.2413333333333333,36081018900,3102,283,0.0912314635718891,3106,205,0.0660012878300064,3106,146,0.0470057952350289,33401,0.033401,54160.055088171015,0.6364230104727383
360810018001,360810018001,Block Group 1; Census Tract 18; Queens County; New York,Queens,2219,648,381,0.5879629629629629,1178,513,0.4354838709677419,338,0.1523208652546192,357,0.1608832807570978,206,0.0928346101847679,115,0.0518251464623704,131,0.0590356016223524,1405,0.6331680937359171,52,0.0802469135802469,36081001800,3025,512,0.1692561983471074,3015,383,0.1270315091210613,3015,269,0.0892205638474295,88515,0.088515,25069.197311190193,0.3938248258400439
360810019011,360810019011,Block Group 1; Census Tract 19.01; Queens County; New York,Queens,1738,1031,845,0.8195926285160039,1456,986,0.6771978021978022,145,0.0834292289988492,63,0.0362485615650172,696,0.4004602991944764,38,0.0218642117376294,653,0.3757192174913694,178,0.1024165707710011,35,0.0339476236663433,36081001901,1738,44,0.0253164556962025,1738,96,0.0552359033371691,1738,74,0.0425776754890678,228400,0.2284,7609.457092819615,0.651011646183532
360810019021,360810019021,Block Group 1; Census Tract 19.02; Queens County; New York,Queens,6561,4077,3457,0.8479273975962718,5280,2729,0.5168560606060606,424,0.0646242950769699,89,0.0135650053345526,2460,0.3749428440786465,51,0.0077732053040695,3219,0.4906264288980338,441,0.0672153635116598,329,0.0806965906303654,36081001902,6561,666,0.1015089163237311,6561,289,0.0440481633897271,6561,335,0.0510592897424173,174028,0.174028,37700.82975153424,0.8677398699254589
360810019031,360810019031,Block Group 1; Census Tract 19.03; Queens County; New York,Queens,2060,1303,1246,0.9562547966231773,1708,1126,0.6592505854800936,198,0.0961165048543689,1,0.0004854368932038,754,0.3660194174757281,56,0.0271844660194174,1098,0.5330097087378641,60,0.029126213592233,117,0.0897927858787413,36081001903,2060,103,0.05,2060,23,0.0111650485436893,2060,126,0.0611650485436893,465506,0.465506,4425.292047793155,0.8482471641163527
360810190001,360810190001,Block Group 1; Census Tract 190; Queens County; New York,Queens,1596,392,199,0.5076530612244898,635,323,0.5086614173228347,448,0.2807017543859649,160,0.100250626566416,77,0.0482456140350877,719,0.450501253132832,184,0.1152882205513784,284,0.1779448621553884,41,0.1045918367346938,36081019000,2736,294,0.1074561403508772,2736,264,0.0964912280701754,2736,171,0.0625,96561,0.096561,16528.41209183832,0.7885639713592671
360810192001,360810192001,Block Group 1; Census Tract 192; Queens County; New York,Queens,1570,460,180,0.391304347826087,776,317,0.4085051546391752,307,0.1955414012738853,212,0.1350318471337579,42,0.0267515923566879,787,0.5012738853503185,445,0.2834394904458598,129,0.0821656050955414,20,0.0434782608695652,36081019200,2190,177,0.0808219178082191,2214,269,0.1214995483288166,2214,116,0.052393857271906,129170,0.12917,12154.52504451498,0.7729811278622468
360810194001,360810194001,Block Group 1; Census Tract 194; Queens County; New York,Queens,854,284,61,0.2147887323943662,448,191,0.4263392857142857,153,0.1791569086651054,144,0.1686182669789227,0,0.0,411,0.4812646370023419,231,0.2704918032786885,116,0.1358313817330211,29,0.102112676056338,36081019400,2962,251,0.0847400405131667,2970,275,0.0925925925925925,2970,81,0.0272727272727272,142196,0.142196,6005.794818419647,0.7917580544618847
360810196001,360810196001,Block Group 1; Census Tract 196; Queens County; New York,Queens,2141,597,327,0.5477386934673367,891,435,0.4882154882154882,725,0.338626809901915,225,0.105091078935077,0,0.0,1491,0.6964035497431107,180,0.0840728631480616,73,0.0340962167211583,17,0.0284757118927973,36081019600,3168,823,0.2597853535353535,3175,301,0.0948031496062992,3175,190,0.0598425196850393,127926,0.127926,16736.23813767334,0.8224369935209279
360810198001,360810198001,Block Group 1; Census Tract 198; Queens County; New York,Queens,935,356,311,0.8735955056179775,279,98,0.3512544802867383,252,0.2695187165775401,98,0.1048128342245989,0,0.0,616,0.6588235294117647,65,0.0695187165775401,247,0.2641711229946524,27,0.0758426966292134,36081019800,3144,281,0.0893765903307888,3189,233,0.0730636563185951,3189,284,0.0890561304484164,58900,0.0589,15874.363327674024,0.8552463965557495
360810199011,360810199011,Block Group 1; Census Tract 199.01; Queens County; New York,Queens,331,110,75,0.6818181818181818,129,85,0.6589147286821705,21,0.0634441087613293,45,0.1359516616314199,38,0.1148036253776435,115,0.3474320241691843,11,0.0332326283987915,167,0.5045317220543807,0,0.0,36081019901,335,143,0.426865671641791,335,78,0.2328358208955223,335,34,0.1014925373134328,99383,0.099383,3330.5494903554936,0.5839065904658426
360810202001,360810202001,Block Group 1; Census Tract 202; Queens County; New York,Queens,1688,426,200,0.4694835680751174,726,339,0.4669421487603306,396,0.2345971563981042,284,0.1682464454976303,0,0.0,813,0.4816350710900474,262,0.1552132701421801,274,0.1623222748815166,0,0.0,36081020200,1668,201,0.1205035971223021,1688,83,0.049170616113744,1688,183,0.1084123222748815,153117,0.153117,11024.249430174312,0.8251213717263267
360810204001,360810204001,Block Group 1; Census Tract 204; Queens County; New York,Queens,901,308,270,0.8766233766233766,414,207,0.5,182,0.2019977802441731,152,0.1687014428412874,2,0.002219755826859,191,0.2119866814650388,75,0.0832408435072142,355,0.3940066592674806,42,0.1363636363636363,36081020400,1967,338,0.1718352821555668,1977,199,0.1006575619625695,1977,271,0.1370763783510369,194997,0.194997,4620.583906419073,0.8287958380371014
360810205001,360810205001,Block Group 1; Census Tract 205; Queens County; New York,Queens,172,54,33,0.6111111111111112,72,23,0.3194444444444444,33,0.191860465116279,16,0.0930232558139534,26,0.1511627906976744,0,0.0,29,0.1686046511627907,117,0.6802325581395349,0,0.0,36081020500,1324,72,0.0543806646525679,1324,127,0.0959214501510574,1324,156,0.1178247734138972,513576,0.513576,334.90661557393645,0.5486721159624716
360810206001,360810206001,Block Group 1; Census Tract 206; Queens County; New York,Queens,1585,462,334,0.7229437229437229,781,487,0.6235595390524968,365,0.2302839116719243,180,0.113564668769716,75,0.0473186119873817,200,0.1261829652996845,237,0.1495268138801261,640,0.4037854889589905,99,0.2142857142857142,36081020600,1585,222,0.1400630914826498,1585,103,0.0649842271293375,1585,192,0.1211356466876971,148614,0.148614,10665.213236976328,0.8592651933766597
360810208001,360810208001,Block Group 1; Census Tract 208; Queens County; New York,Queens,1972,562,414,0.7366548042704626,889,362,0.4071991001124859,622,0.3154158215010142,164,0.0831643002028397,510,0.2586206896551724,247,0.1252535496957403,374,0.1896551724137931,484,0.2454361054766734,192,0.3416370106761566,36081020800,4178,615,0.1471996170416467,4190,309,0.0737470167064439,4190,406,0.0968973747016706,231125,0.231125,8532.179556517036,0.8871335781775349
360810020001,360810020001,Block Group 1; Census Tract 20; Queens County; New York,Queens,1774,472,221,0.4682203389830508,719,303,0.4214186369958275,362,0.2040586245772266,323,0.1820744081172491,244,0.1375422773393461,27,0.0152198421645997,411,0.2316798196166854,944,0.532130777903044,48,0.1016949152542373,36081002000,1774,205,0.1155580608793686,1774,108,0.060879368658399,1774,148,0.0834272829763247,146397,0.146397,12117.734653032509,0.6443762780445443
360810212001,360810212001,Block Group 1; Census Tract 212; Queens County; New York,Queens,823,223,195,0.874439461883408,323,189,0.5851393188854489,166,0.2017010935601458,142,0.1725394896719319,0,0.0,0,0.0,204,0.2478736330498177,443,0.5382746051032807,94,0.42152466367713,36081021200,2416,557,0.230546357615894,2517,254,0.1009137862534763,2517,364,0.144616607071911,113510,0.11351,7250.462514315919,0.9059781912544616
360810214001,360810214001,Block Group 1; Census Tract 214; Queens County; New York,Queens,1771,774,609,0.7868217054263565,702,434,0.6182336182336182,430,0.2428006775832862,260,0.1468097120271033,266,0.150197628458498,231,0.1304347826086956,561,0.3167701863354037,276,0.1558441558441558,192,0.2480620155038759,36081021400,5874,1047,0.1782431052093973,5874,383,0.0652025876744977,5874,662,0.1127000340483486,54026,0.054026,32780.51308629179,0.866235260797492
360810216011,360810216011,Block Group 1; Census Tract 216.01; Queens County; New York,Queens,2483,1412,928,0.6572237960339944,1648,788,0.4781553398058252,214,0.0861860652436568,416,0.1675392670157068,1224,0.4929520741039065,243,0.0978654853000402,533,0.2146596858638743,339,0.1365283930728957,102,0.0722379603399433,36081021601,2449,75,0.0306247447937933,2449,237,0.0967741935483871,2449,23,0.0093915884034299,164072,0.164072,15133.599882978206,0.8886310341416626
360810216021,360810216021,Block Group 1; Census Tract 216.02; Queens County; New York,Queens,1479,535,348,0.6504672897196262,579,246,0.4248704663212435,363,0.2454361054766734,383,0.2589587559161596,149,0.1007437457741717,53,0.0358350236646382,218,0.1473968897903989,1030,0.6964164976335362,157,0.2934579439252336,36081021602,1445,166,0.114878892733564,1479,63,0.0425963488843813,1479,128,0.0865449628127112,112181,0.112181,13184.05077508669,0.8449729445479294
360810220011,360810220011,Block Group 1; Census Tract 220.01; Queens County; New York,Queens,627,153,1,0.0065359477124183,112,49,0.4375,175,0.2791068580542264,181,0.2886762360446571,235,0.3748006379585327,17,0.0271132376395534,248,0.3955342902711323,127,0.2025518341307815,13,0.0849673202614379,36081022001,6402,1064,0.1661980631052796,6402,663,0.1035613870665417,6402,511,0.0798188066229303,110462,0.110462,5676.160127464648,0.6483272953407296
360810220021,360810220021,Block Group 1; Census Tract 220.02; Queens County; New York,Queens,1124,302,31,0.1026490066225165,605,229,0.3785123966942149,43,0.0382562277580071,189,0.1681494661921708,630,0.5604982206405694,34,0.0302491103202846,329,0.2927046263345195,131,0.1165480427046263,71,0.2350993377483443,36081022002,6097,943,0.1546662292930949,6098,469,0.0769104624467038,6098,209,0.0342735323056739,102999,0.102999,10912.727308032116,0.83786121492173
360810022001,360810022001,Block Group 1; Census Tract 22; Queens County; New York,Queens,1078,324,196,0.6049382716049383,443,164,0.3702031602708803,252,0.2337662337662337,162,0.150278293135436,213,0.1975881261595547,17,0.0157699443413729,256,0.2374768089053803,582,0.5398886827458256,40,0.1234567901234567,36081002200,2021,199,0.0984661058881741,2021,221,0.1093518060366155,2021,100,0.049480455220188,77734,0.077734,13867.80559343402,0.3818300098515824
360810230001,360810230001,Block Group 1; Census Tract 230; Queens County; New York,Queens,1010,272,65,0.2389705882352941,421,134,0.3182897862232779,245,0.2425742574257425,95,0.094059405940594,311,0.3079207920792079,19,0.0188118811881188,496,0.4910891089108911,151,0.1495049504950495,12,0.0441176470588235,36081023000,1848,64,0.0346320346320346,1840,244,0.1326086956521739,1840,45,0.0244565217391304,86742,0.086742,11643.725069747066,0.8234701519508958
360810232001,360810232001,Block Group 1; Census Tract 232; Queens County; New York,Queens,938,593,373,0.6290050590219224,766,294,0.3838120104438642,37,0.0394456289978678,122,0.1300639658848614,234,0.2494669509594882,114,0.1215351812366737,347,0.3699360341151386,198,0.2110874200426439,77,0.1298482293423271,36081023200,4638,582,0.1254851228978007,4638,616,0.1328158689090125,4638,81,0.0174644243208279,46257,0.046257,20278.01197656571,0.8094618497997454
360810235011,360810235011,Block Group 1; Census Tract 235.01; Queens County; New York,Queens,1695,764,716,0.93717277486911,1002,534,0.5329341317365269,297,0.1752212389380531,389,0.2294985250737463,114,0.0672566371681415,0,0.0,458,0.2702064896755162,992,0.5852507374631268,454,0.5942408376963351,36081023501,3614,684,0.1892639734366353,3614,322,0.0890979524073049,3614,377,0.1043165467625899,78751,0.078751,21523.536209064012,0.6096904863418671
360810235021,360810235021,Block Group 1; Census Tract 235.02; Queens County; New York,Queens,1562,697,697,1.0,1039,565,0.5437921077959577,177,0.1133162612035851,241,0.1542893725992317,147,0.0941101152368758,0,0.0,369,0.2362355953905249,940,0.6017925736235595,245,0.351506456241033,36081023502,2739,425,0.1551661190215407,2731,152,0.0556572683998535,2731,315,0.115342365433907,68134,0.068134,22925.41168873103,0.6382266970853355
360810236001,360810236001,Block Group 1; Census Tract 236; Queens County; New York,Queens,914,204,88,0.4313725490196078,332,153,0.4608433734939759,171,0.187089715536105,175,0.1914660831509846,89,0.0973741794310722,32,0.0350109409190372,703,0.7691466083150985,70,0.0765864332603938,5,0.0245098039215686,36081023600,3580,598,0.1670391061452514,3564,453,0.1271043771043771,3564,242,0.0679012345679012,93971,0.093971,9726.404954720074,0.8312961184804647
360810238001,360810238001,Block Group 1; Census Tract 238; Queens County; New York,Queens,673,223,217,0.9730941704035876,262,156,0.5954198473282443,107,0.1589895988112927,144,0.2139673105497771,16,0.0237741456166419,0,0.0,176,0.2615156017830609,481,0.7147102526002972,128,0.5739910313901345,36081023800,4495,1044,0.232258064516129,4502,573,0.1272767658818303,4502,770,0.1710350955131052,41001,0.041001,16414.23379917563,0.865403701146566
360810240001,360810240001,Block Group 1; Census Tract 240; Queens County; New York,Queens,1817,531,500,0.9416195856873822,1236,679,0.5493527508090615,291,0.1601541001651073,310,0.170610897083104,0,0.0,100,0.0550357732526142,507,0.279031370390754,1188,0.6538249862410567,119,0.224105461393597,36081024000,6530,800,0.1225114854517611,6556,515,0.0785539963392312,6556,952,0.1452104942037828,70154,0.070154,25900.162499643644,0.8979522575523433
360810243001,360810243001,Block Group 1; Census Tract 243; Queens County; New York,Queens,923,449,153,0.3407572383073496,406,88,0.2167487684729064,76,0.0823401950162513,275,0.2979414951245937,131,0.1419284940411701,0,0.0,641,0.6944745395449621,151,0.1635969664138678,235,0.5233853006681515,36081024300,5591,455,0.0813807905562511,5607,548,0.0977349741394685,5607,663,0.1182450508293204,81726,0.081726,11293.835499106772,0.8233037128504693
360810245001,360810245001,Block Group 1; Census Tract 245; Queens County; New York,Queens,2503,960,585,0.609375,1129,638,0.5651018600531443,539,0.2153415900918897,724,0.289252896524171,790,0.3156212544946065,19,0.0075908909308829,713,0.2848581701957651,870,0.3475829005193767,86,0.0895833333333333,36081024500,5063,218,0.0430574758048587,5102,699,0.1370050960407683,5102,43,0.0084280674245393,64634,0.064634,38725.74805829749,0.8356084721603438
360810247001,360810247001,Block Group 1; Census Tract 247; Queens County; New York,Queens,1506,480,422,0.8791666666666667,737,343,0.4654002713704206,223,0.148074369189907,275,0.1826029216467463,185,0.1228419654714475,91,0.0604249667994687,887,0.5889774236387783,305,0.2025232403718459,128,0.2666666666666666,36081024700,1506,375,0.249003984063745,1506,99,0.0657370517928286,1506,61,0.0405046480743691,97621,0.097621,15427.008533000071,0.8566548736953844
360810249001,360810249001,Block Group 1; Census Tract 249; Queens County; New York,Queens,2751,1313,1226,0.9337395277989338,1514,769,0.5079260237780714,206,0.0748818611414031,822,0.2988004362050163,930,0.3380588876772082,47,0.0170846964740094,1098,0.3991275899672846,593,0.2155579789167575,381,0.2901751713632902,36081024900,4967,257,0.0517414938594725,4997,360,0.0720432259355613,4997,612,0.1224734840904542,87707,0.087707,31365.79748480737,0.8643485213656057
360810024001,360810024001,Block Group 1; Census Tract 24; Queens County; New York,Queens,988,256,134,0.5234375,263,66,0.2509505703422053,272,0.2753036437246963,148,0.1497975708502024,188,0.1902834008097166,5,0.0050607287449392,0,0.0,687,0.6953441295546559,17,0.06640625,36081002400,2080,327,0.1572115384615384,2080,208,0.1,2080,482,0.2317307692307692,56983,0.056983,17338.504466244318,0.6459149797609902
360810251001,360810251001,Block Group 1; Census Tract 251; Queens County; New York,Queens,1727,870,469,0.539080459770115,704,232,0.3295454545454545,187,0.10828025477707,423,0.2449334105385061,826,0.478286045165026,0,0.0,410,0.2374059061957151,454,0.2628836132020845,95,0.1091954022988505,36081025100,5682,696,0.1224920802534318,5703,488,0.0855689987725758,5703,316,0.055409433631422,83920,0.08392,20579.1229742612,0.8355149917591644
360810253011,360810253011,Block Group 1; Census Tract 253.01; Queens County; New York,Queens,468,256,256,1.0,354,206,0.5819209039548022,43,0.0918803418803418,25,0.0534188034188034,237,0.5064102564102564,26,0.0555555555555555,113,0.2414529914529914,92,0.1965811965811965,87,0.33984375,36081025301,3660,493,0.1346994535519125,3660,478,0.1306010928961748,3660,138,0.0377049180327868,29707,0.029707,15753.862725956846,0.6381481985017403
360810253021,360810253021,Block Group 1; Census Tract 253.02; Queens County; New York,Queens,2022,686,678,0.9883381924198252,933,600,0.6430868167202572,599,0.2962413452027695,225,0.1112759643916913,306,0.1513353115727003,6,0.0029673590504451,404,0.1998021760633036,1293,0.6394658753709199,236,0.3440233236151603,36081025302,3026,523,0.1728354263053536,3026,190,0.0627891606080634,3026,150,0.0495703899537343,33089,0.033089,61107.921061379915,0.6504011963651338
360810254011,360810254011,Block Group 1; Census Tract 254.01; Queens County; New York,Queens,2917,707,498,0.7043847241867044,1158,455,0.3929188255613126,626,0.2146040452519712,239,0.0819334933150497,0,0.0,1619,0.555022283167638,960,0.329105245114844,317,0.1086732944806307,157,0.222065063649222,36081025401,3747,146,0.0389645049372831,3750,238,0.0634666666666666,3750,453,0.1208,130500,0.1305,22352.49042145594,0.7949167991142839
360810254021,360810254021,Block Group 1; Census Tract 254.02; Queens County; New York,Queens,1054,446,407,0.9125560538116592,186,76,0.4086021505376344,309,0.2931688804554079,337,0.3197343453510436,24,0.0227703984819734,354,0.3358633776091081,290,0.2751423149905123,45,0.0426944971537001,77,0.1726457399103139,36081025402,5962,1304,0.2187185508218718,6013,913,0.1518376850157991,6013,203,0.0337601862630966,149744,0.149744,7038.679346083984,0.7902391018317193
360810255001,360810255001,Block Group 1; Census Tract 255; Queens County; New York,Queens,1390,494,385,0.7793522267206477,679,271,0.3991163475699558,313,0.2251798561151079,185,0.1330935251798561,356,0.256115107913669,0,0.0,654,0.4705035971223021,365,0.2625899280575539,99,0.2004048582995951,36081025500,1390,94,0.0676258992805755,1390,123,0.0884892086330935,1390,50,0.0359712230215827,218248,0.218248,6368.901433231919,0.8523740751806388
360810257001,360810257001,Block Group 1; Census Tract 257; Queens County; New York,Queens,1453,595,453,0.761344537815126,724,444,0.6132596685082873,272,0.1871988988300068,278,0.1913282863041982,213,0.1465932553337921,17,0.0116999311768754,631,0.434273916035788,515,0.3544390915347556,220,0.3697478991596639,36081025700,1449,212,0.1463077984817115,1453,44,0.0302821748107364,1453,199,0.1369580178940123,150587,0.150587,9648.9072761925,0.8448076932593613
360810258001,360810258001,Block Group 1; Census Tract 258; Queens County; New York,Queens,946,263,125,0.4752851711026616,466,175,0.3755364806866952,167,0.1765327695560253,177,0.1871035940803382,0,0.0,532,0.5623678646934461,157,0.1659619450317124,142,0.1501057082452431,44,0.1673003802281368,36081025800,2693,273,0.1013739324173783,2693,132,0.0490159673226884,2693,113,0.0419606386929075,149100,0.1491,6344.735077129443,0.3590684096283817
360810259001,360810259001,Block Group 1; Census Tract 259; Queens County; New York,Queens,1569,717,484,0.6750348675034867,824,421,0.5109223300970874,140,0.0892288081580624,294,0.1873804971319311,321,0.2045889101338432,23,0.0146590184831102,737,0.4697259400892288,466,0.2970044614404079,186,0.2594142259414226,36081025900,3060,248,0.0810457516339869,3060,246,0.0803921568627451,3060,133,0.0434640522875817,122569,0.122569,12800.952932633863,0.8539546660890196
360810025001,360810025001,Block Group 1; Census Tract 25; Queens County; New York,Queens,922,452,452,1.0,398,246,0.6180904522613065,204,0.2212581344902386,145,0.1572668112798264,51,0.0553145336225596,430,0.4663774403470715,326,0.3535791757049891,115,0.1247288503253796,60,0.1327433628318584,36081002500,6530,1796,0.2750382848392037,6530,1168,0.1788667687595712,6530,227,0.0347626339969372,29572,0.029572,31178.14148518869,0.8144984232900391
360810260001,360810260001,Block Group 1; Census Tract 260; Queens County; New York,Queens,943,303,283,0.933993399339934,260,153,0.5884615384615385,359,0.3806998939554613,66,0.0699893955461293,0,0.0,797,0.8451749734888653,26,0.0275715800636267,112,0.1187698833510074,7,0.0231023102310231,36081026000,2894,519,0.1793365583966828,2894,261,0.0901865929509329,2894,83,0.0286800276434001,86582,0.086582,10891.409299854471,0.5384866104479644
360810261001,360810261001,Block Group 1; Census Tract 261; Queens County; New York,Queens,968,273,233,0.8534798534798534,349,210,0.6017191977077364,248,0.256198347107438,175,0.1807851239669421,104,0.1074380165289256,0,0.0,271,0.2799586776859504,593,0.612603305785124,96,0.3516483516483517,36081026100,7139,432,0.0605126768454965,7175,285,0.0397212543554007,7175,648,0.0903135888501742,41324,0.041324,23424.6442745136,0.8749175034350668
360810262001,360810262001,Block Group 1; Census Tract 262; Queens County; New York,Queens,1554,402,169,0.4203980099502487,597,186,0.3115577889447236,443,0.2850707850707851,228,0.1467181467181467,0,0.0,729,0.4691119691119691,434,0.2792792792792792,293,0.1885456885456885,68,0.1691542288557214,36081026200,1542,281,0.182230869001297,1542,120,0.0778210116731517,1542,73,0.0473411154345006,143393,0.143393,10837.349103512724,0.7989695357548341
360810263001,360810263001,Block Group 1; Census Tract 263; Queens County; New York,Queens,903,531,462,0.8700564971751412,504,226,0.4484126984126984,135,0.1495016611295681,174,0.1926910299003322,130,0.1439645625692137,52,0.0575858250276854,578,0.6400885935769657,121,0.1339977851605758,78,0.1468926553672316,36081026300,4529,614,0.1355707661735482,4559,207,0.0454046940118447,4559,620,0.1359947356876508,78431,0.078431,11513.30468819727,0.8675232015195558
360810264001,360810264001,Block Group 1; Census Tract 264; Queens County; New York,Queens,1311,421,163,0.3871733966745843,597,230,0.3852596314907873,259,0.1975591151792524,238,0.1815408085430968,11,0.0083905415713196,728,0.555301296720061,109,0.0831426392067124,288,0.2196796338672768,24,0.0570071258907363,36081026400,2454,240,0.097799511002445,2454,281,0.1145069274653626,2454,191,0.0778321108394458,123584,0.123584,10608.169342309684,0.5591201130714457
360810265011,360810265011,Block Group 1; Census Tract 265.01; Queens County; New York,Queens,1366,593,570,0.9612141652613828,556,254,0.4568345323741007,247,0.1808199121522694,150,0.109809663250366,502,0.3674963396778916,98,0.0717423133235724,355,0.2598828696925329,381,0.2789165446559297,202,0.3406408094435076,36081026501,3031,475,0.1567139557901682,3031,254,0.0838007258330583,3031,478,0.1577037281425272,38892,0.038892,35122.904453358016,0.8770768432476401
360810265021,360810265021,Block Group 1; Census Tract 265.02; Queens County; New York,Queens,1393,420,384,0.9142857142857144,695,311,0.4474820143884892,429,0.3079684134960517,80,0.0574300071787508,32,0.0229720028715003,9,0.0064608758076094,469,0.3366834170854271,877,0.6295764536970567,188,0.4476190476190476,36081026502,1366,82,0.0600292825768667,1393,25,0.0179468772433596,1393,125,0.0897343862167982,69840,0.06984,19945.589919816724,0.8596469502927755
360810266001,360810266001,Block Group 1; Census Tract 266; Queens County; New York,Queens,1941,724,460,0.6353591160220995,852,275,0.3227699530516432,293,0.1509531169500257,546,0.2812982998454404,3,0.0015455950540958,1376,0.7089129314786192,261,0.1344667697063369,160,0.0824317362184441,88,0.1215469613259668,36081026600,1916,424,0.2212943632567849,1941,340,0.1751674394641937,1941,94,0.0484286450283359,172998,0.172998,11219.78288766344,0.5686752881375189
360810267001,360810267001,Block Group 1; Census Tract 267; Queens County; New York,Queens,2138,835,835,1.0,1432,1086,0.7583798882681564,208,0.0972871842843779,442,0.206735266604303,19,0.0088868101028999,63,0.029466791393826,588,0.275023386342376,1411,0.6599625818521984,295,0.3532934131736527,36081026700,5214,669,0.1283084004602992,5214,267,0.0512082853855005,5214,786,0.1507479861910241,45052,0.045052,47456.272751487166,0.8616121634668186
360810269011,360810269011,Block Group 1; Census Tract 269.01; Queens County; New York,Queens,1937,630,630,1.0,774,591,0.7635658914728682,665,0.3433144037170882,91,0.046979865771812,33,0.0170366546205472,0,0.0,440,0.2271553949406298,1383,0.7139907072792979,335,0.5317460317460317,36081026901,4532,946,0.2087378640776699,4532,278,0.0613415710503089,4532,688,0.1518093556928508,40171,0.040171,48218.86435488288,0.8520299529477466
360810269021,360810269021,Block Group 1; Census Tract 269.02; Queens County; New York,Queens,2779,919,863,0.9390642002176278,1363,988,0.7248716067498165,664,0.2389348686577905,220,0.0791651673263763,159,0.0572148254767902,12,0.0043181000359841,1324,0.4764303706369197,1159,0.4170564951421374,298,0.324265505984766,36081026902,4437,564,0.1271129141311697,4437,438,0.0987153482082488,4437,954,0.2150101419878296,37147,0.037147,74810.88647804668,0.6423331026490972
360810026001,360810026001,Block Group 1; Census Tract 26; Queens County; New York,Queens,1195,409,50,0.1222493887530562,464,175,0.3771551724137931,226,0.1891213389121339,399,0.3338912133891213,187,0.1564853556485355,41,0.0343096234309623,323,0.2702928870292887,414,0.3464435146443514,16,0.0391198044009779,36081002600,2236,290,0.129695885509839,2236,163,0.0728980322003577,2236,86,0.0384615384615384,83368,0.083368,14334.037040591114,0.6336945518930118
360810270001,360810270001,Block Group 1; Census Tract 270; Queens County; New York,Queens,1937,491,171,0.3482688391038696,873,371,0.424971363115693,495,0.2555498193082086,130,0.0671140939597315,275,0.1419721218378936,815,0.4207537429013939,261,0.1347444501806917,217,0.1120289106866288,15,0.0305498981670061,36081027000,1937,100,0.0516262261228704,1937,131,0.0676303562209602,1937,147,0.0758905524006195,185072,0.185072,10466.196939569463,0.7376051599448398
360810271011,360810271011,Block Group 1; Census Tract 271.01; Queens County; New York,Queens,1441,675,675,1.0,902,525,0.582039911308204,243,0.1686328938237335,477,0.3310201249132546,84,0.0582928521859819,0,0.0,388,0.2692574600971547,969,0.6724496877168633,213,0.3155555555555555,36081027101,5368,851,0.158532041728763,5409,686,0.1268256609354779,5409,973,0.1798853762248105,44590,0.04459,32316.66292890783,0.6380944439480633
360810271021,360810271021,Block Group 1; Census Tract 271.02; Queens County; New York,Queens,1934,681,681,1.0,886,573,0.6467268623024831,473,0.2445708376421923,341,0.1763185108583247,6,0.0031023784901758,0,0.0,133,0.0687693898655636,1795,0.9281282316442606,205,0.3010279001468429,36081027102,2531,535,0.211378901619913,2643,126,0.0476730987514188,2643,435,0.1645856980703745,21418,0.021418,90297.88028760855,0.8827141291623153
360810272001,360810272001,Block Group 1; Census Tract 272; Queens County; New York,Queens,754,222,106,0.4774774774774775,438,270,0.6164383561643836,102,0.1352785145888594,119,0.1578249336870026,0,0.0,338,0.4482758620689655,171,0.2267904509283819,194,0.2572944297082228,15,0.0675675675675675,36081027200,1921,179,0.0931806350858927,1916,201,0.1049060542797494,1916,221,0.1153444676409185,81082,0.081082,9299.227942083324,0.7115463317549292
360810273011,360810273011,Block Group 1; Census Tract 273.01; Queens County; New York,Queens,1508,464,314,0.6767241379310345,670,287,0.4283582089552238,364,0.2413793103448276,84,0.0557029177718832,0,0.0,22,0.0145888594164456,411,0.2725464190981432,1075,0.7128647214854111,145,0.3125,36081027301,3098,1016,0.3279535183989671,3098,351,0.1132989025177533,3098,465,0.1500968366688186,61867,0.061867,24374.86866988863,0.8734335780643807
360810273021,360810273021,Block Group 1; Census Tract 273.02; Queens County; New York,Queens,688,328,83,0.2530487804878049,301,80,0.26578073089701,96,0.1395348837209302,291,0.4229651162790697,141,0.2049418604651162,52,0.0755813953488372,151,0.2194767441860465,224,0.3255813953488372,103,0.3140243902439024,36081027302,3807,736,0.1933280798529025,3813,502,0.1316548649357461,3813,778,0.2040388145816942,48807,0.048807,14096.338639949186,0.842442235812861
360810274001,360810274001,Block Group 1; Census Tract 274; Queens County; New York,Queens,1871,663,153,0.2307692307692307,892,240,0.2690582959641255,455,0.2431854623196152,286,0.1528594334580438,0,0.0,1117,0.5970069481560663,348,0.1859967931587386,252,0.1346873329770176,26,0.0392156862745098,36081027400,1871,346,0.1849278460716194,1871,179,0.0956707642971673,1871,215,0.1149118118653126,143723,0.143723,13018.097312190812,0.7182659493618405
360810275001,360810275001,Block Group 1; Census Tract 275; Queens County; New York,Queens,1787,807,510,0.6319702602230484,896,527,0.5881696428571429,313,0.1751538891997761,336,0.1880246222719641,276,0.1544487968662563,32,0.0179071068830442,723,0.40458869613878,694,0.3883603805260213,366,0.4535315985130111,36081027500,6454,1559,0.2415556244189649,6454,643,0.099628137589092,6454,1566,0.2426402231174465,32467,0.032467,55040.502664243686,0.842664907382068
360810276001,360810276001,Block Group 1; Census Tract 276; Queens County; New York,Queens,1551,385,173,0.4493506493506493,697,262,0.375896700143472,388,0.2501611863313991,225,0.1450676982591876,7,0.0045132172791747,852,0.5493230174081238,141,0.0909090909090909,438,0.2823984526112185,15,0.0389610389610389,36081027600,1543,158,0.102397926117952,1551,305,0.1966473243068987,1551,205,0.1321727917472598,158733,0.158733,9771.125096860766,0.6083954396742807
360810277011,360810277011,Block Group 1; Census Tract 277.01; Queens County; New York,Queens,1559,557,487,0.874326750448833,1032,170,0.1647286821705426,100,0.064143681847338,172,0.1103271327774214,0,0.0,9,0.0057729313662604,156,0.1000641436818473,1271,0.8152661962796665,200,0.3590664272890485,36081027701,3553,331,0.0931607092597804,3553,698,0.1964537010976639,3553,861,0.2423304249929637,36867,0.036867,42287.14026093797,0.8781529146965887
360810277021,360810277021,Block Group 1; Census Tract 277.02; Queens County; New York,Queens,1187,582,183,0.3144329896907216,568,357,0.6285211267605634,211,0.1777590564448188,290,0.2443133951137321,261,0.2198820556023588,60,0.050547598989048,421,0.3546756529064869,412,0.3470935130581297,65,0.1116838487972508,36081027702,3361,537,0.1597738768223743,3397,388,0.1142184280247277,3397,253,0.074477480129526,16261,0.016261,72996.7406678556,0.8435084632766832
360810278001,360810278001,Block Group 1; Census Tract 278; Queens County; New York,Queens,835,268,45,0.167910447761194,451,152,0.3370288248337029,100,0.1197604790419161,178,0.2131736526946107,0,0.0,594,0.7113772455089821,0,0.0,187,0.2239520958083832,0,0.0,36081027800,2476,706,0.2851373182552504,2497,427,0.171005206247497,2497,229,0.0917100520624749,94341,0.094341,8850.870777286653,0.5913111159942868
360810279001,360810279001,Block Group 1; Census Tract 279; Queens County; New York,Queens,1803,708,519,0.7330508474576272,1252,607,0.4848242811501597,121,0.067110371602884,424,0.2351636161952301,509,0.2823072656683306,20,0.0110926234054353,187,0.1037160288408208,1087,0.6028840820854132,162,0.2288135593220339,36081027900,8551,692,0.0809262074611156,8551,969,0.1133200795228628,8551,1667,0.1949479593030054,66953,0.066953,26929.33849118038,0.8413002515195493
360810280001,360810280001,Block Group 1; Census Tract 280; Queens County; New York,Queens,1717,556,289,0.5197841726618705,643,234,0.3639191290824261,463,0.2696563774024461,212,0.1234711706464764,0,0.0,808,0.4705882352941176,282,0.1642399534071054,364,0.2119976703552708,85,0.1528776978417266,36081028000,1717,227,0.1322073383808969,1717,176,0.1025043680838672,1717,85,0.0495049504950495,165398,0.165398,10381.020326727046,0.3435222586776036
360810281001,360810281001,Block Group 1; Census Tract 281; Queens County; New York,Queens,869,291,278,0.9553264604810996,417,149,0.3573141486810551,282,0.3245109321058688,112,0.1288837744533947,125,0.143843498273878,0,0.0,26,0.0299194476409666,687,0.7905638665132336,13,0.0446735395189003,36081028100,6090,634,0.1041050903119868,6090,973,0.1597701149425287,6090,129,0.0211822660098522,48785,0.048785,17812.852311161216,0.6102162942029103
360810282001,360810282001,Block Group 1; Census Tract 282; Queens County; New York,Queens,2028,562,259,0.4608540925266904,791,311,0.393173198482933,649,0.3200197238658777,143,0.0705128205128205,56,0.0276134122287968,1551,0.764792899408284,159,0.0784023668639053,215,0.1060157790927021,18,0.0320284697508896,36081028200,2008,91,0.0453187250996015,2028,160,0.0788954635108481,2028,92,0.0453648915187376,182472,0.182472,11114.033933973433,0.3477739549135561
360810283001,360810283001,Block Group 1; Census Tract 283; Queens County; New York,Queens,902,264,222,0.8409090909090909,355,246,0.6929577464788732,305,0.3381374722838137,131,0.1452328159645232,129,0.1430155210643015,0,0.0,227,0.2516629711751663,528,0.5853658536585366,44,0.1666666666666666,36081028300,7575,888,0.1172277227722772,7578,1055,0.1392187912377936,7578,766,0.1010820797044075,32451,0.032451,27795.753597731964,0.6208134032971732
360810284001,360810284001,Block Group 1; Census Tract 284; Queens County; New York,Queens,2213,718,398,0.5543175487465181,965,299,0.3098445595854922,507,0.2291007681879801,448,0.2024401265250791,18,0.0081337550835969,2008,0.9073655671034796,0,0.0,85,0.0384093990058743,17,0.0236768802228412,36081028400,3308,168,0.0507859733978234,3333,347,0.1041104110411041,3333,216,0.0648064806480648,283775,0.283775,7798.4318562241215,0.7460159451263179
360810285001,360810285001,Block Group 1; Census Tract 285; Queens County; New York,Queens,641,316,168,0.5316455696202531,299,198,0.6622073578595318,121,0.188767550702028,353,0.5507020280811232,395,0.6162246489859594,0,0.0,161,0.251170046801872,67,0.1045241809672386,35,0.110759493670886,36081028500,4811,406,0.0843899397214716,4811,503,0.1045520681770941,4811,268,0.0557056744959467,49746,0.049746,12885.458127286616,0.8252865917046314
360810287001,360810287001,Block Group 1; Census Tract 287; Queens County; New York,Queens,983,432,369,0.8541666666666666,621,206,0.3317230273752012,176,0.1790437436419125,198,0.2014242115971515,89,0.0905391658189216,71,0.0722278738555442,105,0.1068158697863682,718,0.7304170905391658,146,0.3379629629629629,36081028700,6422,1477,0.2299906571161631,6422,684,0.1065088757396449,6422,206,0.0320772345063843,49753,0.049753,19757.60255662975,0.8342360819822722
360810288011,360810288011,Block Group 1; Census Tract 288.01; Queens County; New York,Queens,1387,491,279,0.5682281059063137,572,193,0.3374125874125874,379,0.2732516222062004,147,0.1059841384282624,64,0.046142754145638,1036,0.7469358327325162,14,0.0100937274693583,164,0.1182408074981975,0,0.0,36081028801,2813,207,0.0735869178812655,2813,282,0.10024884464984,2813,197,0.0700319943121222,97012,0.097012,14297.200346348904,0.7335741866195414
360810288021,360810288021,Block Group 1; Census Tract 288.02; Queens County; New York,Queens,1187,266,191,0.7180451127819549,515,213,0.4135922330097087,329,0.2771693344566133,83,0.0699241786015164,14,0.0117944397641112,648,0.5459140690817186,160,0.134793597304128,306,0.2577927548441449,0,0.0,36081028802,2310,302,0.1307359307359307,2343,338,0.1442594963721724,2343,149,0.0635936833119931,101364,0.101364,11710.271891401288,0.5755276204561958
360810289001,360810289001,Block Group 1; Census Tract 289; Queens County; New York,Queens,698,259,166,0.640926640926641,311,171,0.5498392282958199,119,0.1704871060171919,100,0.1432664756446991,116,0.166189111747851,0,0.0,347,0.497134670487106,235,0.336676217765043,55,0.2123552123552123,36081028900,4859,439,0.0903478081909858,4859,334,0.068738423543939,4859,99,0.0203745626672154,65875,0.065875,10595.825426944972,0.8534719294632631
360810028001,360810028001,Block Group 1; Census Tract 28; Queens County; New York,Queens,1381,626,529,0.8450479233226837,870,392,0.4505747126436781,179,0.1296162201303403,313,0.2266473569876901,227,0.1643736422881969,53,0.0383779869659666,377,0.2729905865314989,710,0.5141202027516293,61,0.097444089456869,36081002800,2862,313,0.1093640810621942,2883,234,0.0811654526534859,2883,204,0.0707596253902185,128948,0.128948,10709.743462481,0.8299217265515926
360810291001,360810291001,Block Group 1; Census Tract 291; Queens County; New York,Queens,1814,984,784,0.7967479674796748,878,624,0.7107061503416856,198,0.1091510474090407,525,0.2894156560088203,280,0.1543550165380375,19,0.0104740904079382,1065,0.5871003307607497,406,0.2238147739801543,157,0.1595528455284552,36081029100,5962,650,0.1090238175109023,5993,491,0.0819289170699149,5993,403,0.0672451193058568,61159,0.061159,29660.39340080773,0.8680021292191527
360810293001,360810293001,Block Group 1; Census Tract 293; Queens County; New York,Queens,1214,414,336,0.8115942028985508,549,269,0.4899817850637523,268,0.2207578253706754,156,0.128500823723229,134,0.1103789126853377,4,0.0032948929159802,793,0.6532125205930808,181,0.1490939044481054,152,0.3671497584541063,36081029300,1214,68,0.0560131795716639,1214,69,0.0568369028006589,1214,112,0.0922570016474464,151336,0.151336,8021.885076914944,0.8664044610551289
360810294001,360810294001,Block Group 1; Census Tract 294; Queens County; New York,Queens,2083,802,449,0.559850374064838,940,557,0.5925531914893617,544,0.2611617858857417,438,0.2102736437830052,0,0.0,1660,0.7969275084013442,25,0.0120019203072491,375,0.1800288046087374,0,0.0,36081029400,8509,1206,0.1417322834645669,8578,1147,0.1337141524830963,8578,451,0.0525763581254371,156077,0.156077,13345.97666536389,0.5293639813869007
360810295001,360810295001,Block Group 1; Census Tract 295; Queens County; New York,Queens,1927,1195,747,0.6251046025104603,1080,766,0.7092592592592593,207,0.1074208614426569,467,0.2423456149455111,891,0.4623767514270887,109,0.0565646081992734,398,0.2065386611312921,450,0.233523611831863,162,0.1355648535564853,36081029500,3527,368,0.1043379642755883,3527,353,0.1000850581230507,3527,172,0.0487666572157641,59564,0.059564,32351.756094285138,0.5904972936751903
360810297001,360810297001,Block Group 1; Census Tract 297; Queens County; New York,Queens,926,327,111,0.3394495412844037,370,171,0.4621621621621621,158,0.1706263498920086,183,0.1976241900647948,631,0.6814254859611231,0,0.0,107,0.1155507559395248,154,0.1663066954643628,41,0.1253822629969418,36081029700,2376,334,0.1405723905723905,2389,162,0.0678107994976977,2389,197,0.0824612808706571,311384,0.311384,2973.8201063638467,0.7663909266593908
360810002001,360810002001,Block Group 1; Census Tract 2; Queens County; New York,Queens,779,232,157,0.6767241379310345,406,218,0.5369458128078818,141,0.1810012836970475,61,0.0783055198973042,78,0.1001283697047496,83,0.1065468549422336,199,0.2554557124518614,411,0.527599486521181,20,0.0862068965517241,36081000200,2439,368,0.1508815088150881,2439,295,0.1209512095120951,2439,348,0.1426814268142681,57871,0.057871,13460.973544607836,0.563656553162095
360810309031,360810309031,Block Group 1; Census Tract 309.03; Queens County; New York,Queens,1687,475,348,0.7326315789473684,654,169,0.2584097859327217,512,0.3034973325429757,131,0.0776526378186129,426,0.2525192649673977,0,0.0,446,0.2643746295198577,319,0.1890930646117368,82,0.1726315789473684,36081030903,5176,139,0.0268547140649149,5176,480,0.0927357032457496,5176,440,0.0850077279752704,123398,0.123398,13671.210230311675,0.7926698906356435
360810309041,360810309041,Block Group 1; Census Tract 309.04; Queens County; New York,Queens,1288,483,301,0.6231884057971014,640,234,0.365625,145,0.1125776397515528,228,0.1770186335403726,140,0.108695652173913,0,0.0,459,0.3563664596273292,664,0.515527950310559,43,0.0890269151138716,36081030904,2721,329,0.1209114296214627,2721,254,0.0933480338110988,2721,141,0.051819184123484,300510,0.30051,4286.0470533426505,0.7694150767539853
360810309051,360810309051,Block Group 1; Census Tract 309.05; Queens County; New York,Queens,1051,386,209,0.5414507772020726,508,177,0.3484251968503937,324,0.3082778306374881,98,0.0932445290199809,339,0.3225499524262607,69,0.0656517602283539,343,0.3263558515699334,300,0.285442435775452,64,0.1658031088082901,36081030905,3749,412,0.1098959722592691,3780,173,0.0457671957671957,3780,386,0.1021164021164021,87355,0.087355,12031.366264094786,0.7943026273872197
360810309061,360810309061,Block Group 1; Census Tract 309.06; Queens County; New York,Queens,1094,396,300,0.7575757575757576,694,264,0.3804034582132565,166,0.1517367458866544,154,0.1407678244972577,50,0.0457038391224862,0,0.0,554,0.506398537477148,490,0.4478976234003656,31,0.0782828282828282,36081030906,4096,299,0.072998046875,4116,390,0.0947521865889212,4116,230,0.0558794946550048,93842,0.093842,11657.893054282731,0.8174007628111724
360810030001,360810030001,Block Group 1; Census Tract 30; Queens County; New York,Queens,1410,439,205,0.4669703872437357,791,306,0.3868520859671302,188,0.1333333333333333,201,0.1425531914893617,183,0.1297872340425531,43,0.0304964539007092,200,0.1418439716312056,860,0.6099290780141844,28,0.0637813211845102,36081003000,1410,54,0.0382978723404255,1410,181,0.1283687943262411,1410,114,0.0808510638297872,112790,0.11279,12501.108254277862,0.637586676620143
360810031001,360810031001,Block Group 1; Census Tract 31; Queens County; New York,Queens,694,347,298,0.8587896253602305,424,232,0.5471698113207547,38,0.0547550432276657,117,0.1685878962536023,238,0.3429394812680115,11,0.015850144092219,88,0.1268011527377521,240,0.345821325648415,56,0.1613832853025936,36081003100,1660,339,0.2042168674698795,1715,196,0.1142857142857142,1715,145,0.0845481049562682,60378,0.060378,11494.25287356322,0.8564364113731406
360810320001,360810320001,Block Group 1; Census Tract 320; Queens County; New York,Queens,1907,614,166,0.2703583061889251,1033,284,0.2749273959341723,220,0.1153644467750393,411,0.2155217619297325,24,0.0125852123754588,1567,0.8217094913476665,37,0.0194022024121657,61,0.0319874147876245,0,0.0,36081032000,5116,1211,0.2367083659108678,5433,497,0.0914780047855696,5433,369,0.0679182771949199,276054,0.276054,6908.068711194186,0.5630500194831526
360810327001,360810327001,Block Group 1; Census Tract 327; Queens County; New York,Queens,2399,635,357,0.5622047244094488,1103,684,0.6201269265639165,649,0.2705293872446853,337,0.1404751979991663,155,0.0646102542726135,10,0.0041684035014589,665,0.2771988328470195,1472,0.6135889954147562,212,0.3338582677165354,36081032700,3742,176,0.0470336718332442,3742,187,0.049973276322822,3742,613,0.1638161411010155,94201,0.094201,25466.82094669908,0.586151737577202
360810328001,360810328001,Block Group 1; Census Tract 328; Queens County; New York,Queens,1138,357,139,0.3893557422969187,439,149,0.3394077448747152,305,0.2680140597539543,256,0.2249560632688927,0,0.0,800,0.70298769771529,4,0.0035149384885764,292,0.2565905096660808,33,0.0924369747899159,36081032800,2815,281,0.0998223801065719,2882,327,0.1134628730048577,2882,188,0.0652324774462179,128499,0.128499,8856.100047471187,0.6916413001058292
360810329001,360810329001,Block Group 1; Census Tract 329; Queens County; New York,Queens,972,303,159,0.5247524752475248,212,57,0.2688679245283019,144,0.1481481481481481,195,0.2006172839506173,115,0.1183127572016461,194,0.1995884773662551,281,0.2890946502057613,355,0.3652263374485596,26,0.0858085808580858,36081032900,3582,524,0.146286990508096,3715,339,0.0912516823687752,3715,538,0.1448183041722745,148523,0.148523,6544.440928341066,0.5435794118399963
360810032001,360810032001,Block Group 1; Census Tract 32; Queens County; New York,Queens,1902,565,253,0.447787610619469,952,527,0.5535714285714286,434,0.2281808622502628,238,0.1251314405888538,257,0.1351209253417455,63,0.0331230283911671,195,0.1025236593059936,1333,0.7008412197686645,75,0.1327433628318584,36081003200,1885,421,0.223342175066313,1902,133,0.0699263932702418,1902,299,0.1572029442691903,161964,0.161964,11743.35037415722,0.6154866486583908
360810033011,360810033011,Block Group 1; Census Tract 33.01; Queens County; New York,Queens,4042,2330,2243,0.9626609442060086,3067,1961,0.6393870231496577,250,0.061850569025235,74,0.0183077684314695,1411,0.3490846115784265,122,0.0301830776843146,1954,0.483424047501237,283,0.070014844136566,65,0.0278969957081545,36081003301,4042,461,0.1140524492825334,4042,137,0.0338941118258288,4042,157,0.0388421573478476,190890,0.19089,21174.498402221176,0.8765182381995572
360810033021,360810033021,Block Group 1; Census Tract 33.02; Queens County; New York,Queens,408,161,146,0.906832298136646,205,138,0.6731707317073171,57,0.1397058823529411,24,0.0588235294117647,35,0.0857843137254902,50,0.1225490196078431,112,0.2745098039215686,166,0.4068627450980392,14,0.0869565217391304,36081003302,988,327,0.3309716599190283,1056,190,0.1799242424242424,1056,66,0.0625,143128,0.143128,2850.595271365491,0.8300462408558341
360810330001,360810330001,Block Group 1; Census Tract 330; Queens County; New York,Queens,1822,585,358,0.611965811965812,879,341,0.3879408418657565,395,0.216794731064764,293,0.1608122941822173,14,0.0076838638858397,1455,0.7985729967069155,70,0.0384193194291986,125,0.0686059275521405,80,0.1367521367521367,36081033000,6920,572,0.0826589595375722,6943,735,0.1058620193000144,6943,528,0.0760478179461328,286552,0.286552,6358.357296406935,0.6816630521530584
360810334011,360810334011,Block Group 1; Census Tract 334.01; Queens County; New York,Queens,1371,415,208,0.5012048192771085,496,168,0.3387096774193548,356,0.2596644784828592,370,0.2698760029175784,0,0.0,966,0.7045951859956237,0,0.0,337,0.2458059810357403,0,0.0,36081033401,3928,657,0.1672606924643584,3928,489,0.1244908350305499,3928,147,0.0374236252545824,154297,0.154297,8885.461156082101,0.74378251480753
360810334031,360810334031,Block Group 1; Census Tract 334.03; Queens County; New York,Queens,2527,1199,1171,0.9766472060050042,1165,797,0.6841201716738198,350,0.1385041551246537,593,0.2346656113969133,70,0.0277008310249307,2321,0.9184804115552038,78,0.0308666402849228,0,0.0,161,0.134278565471226,36081033403,4327,952,0.2200138664201525,4328,726,0.1677449168207024,4328,218,0.0503696857670979,94793,0.094793,26658.086567573555,0.5538468356329347
360810334041,360810334041,Block Group 1; Census Tract 334.04; Queens County; New York,Queens,3397,1552,1488,0.9587628865979382,1671,684,0.4093357271095152,630,0.1854577568442743,728,0.2143067412422725,0,0.0,2901,0.853988813659111,0,0.0,97,0.0285546070061819,0,0.0,36081033404,6091,994,0.1631915941553111,6066,882,0.14540059347181,6066,474,0.0781404549950544,84284,0.084284,40304.20957714394,0.7970300569641751
360810334051,360810334051,Block Group 1; Census Tract 334.05; Queens County; New York,Queens,2594,1331,965,0.7250187828700225,1429,513,0.3589923023093072,457,0.1761757902852737,452,0.1742482652274479,0,0.0,2471,0.9525828835774864,0,0.0,24,0.0092521202775636,105,0.0788880540946656,36081033405,3573,234,0.0654911838790932,3643,523,0.1435629975295086,3643,11,0.0030194894317869,91098,0.091098,28474.829304704825,0.8136985590607556
360810337001,360810337001,Block Group 1; Census Tract 337; Queens County; New York,Queens,1552,482,262,0.5435684647302904,762,181,0.2375328083989501,322,0.2074742268041237,150,0.0966494845360824,159,0.1024484536082474,132,0.0850515463917525,247,0.1591494845360824,996,0.6417525773195877,92,0.1908713692946058,36081033700,2771,274,0.0988812702995308,2791,341,0.1221784306700107,2791,286,0.1024722321748477,94252,0.094252,16466.494079701228,0.5774636440411556
360810339001,360810339001,Block Group 1; Census Tract 339; Queens County; New York,Queens,774,314,208,0.6624203821656051,239,45,0.1882845188284518,146,0.1886304909560723,236,0.3049095607235142,129,0.1666666666666666,0,0.0,99,0.127906976744186,546,0.7054263565891473,9,0.0286624203821656,36081033900,3166,788,0.2488945041061276,3166,264,0.0833859759949463,3166,309,0.0975994946304485,62859,0.062859,12313.272562401566,0.5836960186069621
360810347001,360810347001,Block Group 1; Census Tract 347; Queens County; New York,Queens,1627,450,252,0.56,899,368,0.4093437152391546,353,0.2169637369391518,155,0.0952673632452366,193,0.1186232329440688,201,0.1235402581438229,241,0.1481253841425937,988,0.6072526121696373,133,0.2955555555555555,36081034700,3859,805,0.2086032650945841,3976,265,0.0666498993963782,3976,468,0.1177062374245472,127567,0.127567,12754.082168585915,0.5557628900295838
360810034001,360810034001,Block Group 1; Census Tract 34; Queens County; New York,Queens,765,255,196,0.7686274509803922,271,125,0.4612546125461255,154,0.2013071895424836,75,0.0980392156862745,232,0.3032679738562091,15,0.0196078431372549,0,0.0,439,0.5738562091503268,82,0.3215686274509804,36081003400,2594,513,0.1977640709329221,2619,214,0.0817105765559373,2619,345,0.131729667812142,138195,0.138195,5535.656138065776,0.5945461454910979
360810351001,360810351001,Block Group 1; Census Tract 351; Queens County; New York,Queens,799,283,260,0.9187279151943464,433,211,0.48729792147806,176,0.2202753441802253,71,0.0888610763454317,17,0.0212765957446808,0,0.0,56,0.0700876095118898,726,0.9086357947434291,22,0.07773851590106,36081035100,3598,536,0.1489716509171762,3598,368,0.1022790439132851,3598,161,0.0447470817120622,43962,0.043962,18174.78731631864,0.5878428515347898
360810352001,360810352001,Block Group 1; Census Tract 352; Queens County; New York,Queens,1385,443,102,0.2302483069977426,561,128,0.2281639928698752,278,0.2007220216606498,163,0.1176895306859205,35,0.0252707581227436,869,0.6274368231046932,17,0.0122743682310469,240,0.1732851985559566,0,0.0,36081035200,2828,274,0.0968882602545968,2828,439,0.1552333804809052,2828,207,0.0731966053748232,325568,0.325568,4254.10359740515,0.75281047499589
360810353001,360810353001,Block Group 1; Census Tract 353; Queens County; New York,Queens,1066,333,196,0.5885885885885885,501,244,0.4870259481037924,187,0.175422138836773,288,0.2701688555347092,6,0.0056285178236397,307,0.2879924953095685,102,0.0956848030018761,642,0.6022514071294559,68,0.2042042042042042,36081035300,2143,96,0.0447970135324311,2143,162,0.0755949603359776,2143,391,0.1824545030331311,86691,0.086691,12296.547507815112,0.7982566973412418
360810357001,360810357001,Block Group 1; Census Tract 357; Queens County; New York,Queens,1768,560,321,0.5732142857142857,688,190,0.2761627906976744,150,0.084841628959276,496,0.2805429864253393,128,0.0723981900452488,441,0.2494343891402715,281,0.1589366515837104,905,0.5118778280542986,49,0.0875,36081035700,4029,760,0.1886324149913129,4058,476,0.1172991621488418,4058,313,0.0771315919172005,204636,0.204636,8639.731034617564,0.7487947607363045
360810358001,360810358001,Block Group 1; Census Tract 358; Queens County; New York,Queens,1253,341,124,0.3636363636363636,551,97,0.176043557168784,291,0.232242617717478,148,0.1181165203511572,4,0.0031923383878691,1119,0.8930566640063847,0,0.0,3,0.0023942537909018,0,0.0,36081035800,4538,278,0.0612604671661524,4511,248,0.0549767235646198,4511,358,0.0793615606295721,129045,0.129045,9709.791158123136,0.755638932543491
360810361001,360810361001,Block Group 1; Census Tract 361; Queens County; New York,Queens,1434,422,314,0.7440758293838863,778,417,0.5359897172236504,260,0.1813110181311018,96,0.0669456066945606,25,0.0174337517433751,396,0.2761506276150627,33,0.0230125523012552,933,0.6506276150627615,22,0.0521327014218009,36081036100,2578,314,0.1217998448409619,2608,161,0.0617331288343558,2608,247,0.0947085889570552,93427,0.093427,15348.882014835111,0.5713043834182603
360810363001,360810363001,Block Group 1; Census Tract 363; Queens County; New York,Queens,1283,397,332,0.836272040302267,590,292,0.4949152542372881,220,0.1714731098986749,175,0.1363990646921278,91,0.0709275136399064,424,0.3304754481683554,95,0.0740452065471551,656,0.5113016367887763,52,0.1309823677581864,36081036300,2032,240,0.1181102362204724,2033,192,0.0944417117560255,2033,318,0.1564190850959173,82796,0.082796,15495.917677182471,0.575157730750072
360810365001,360810365001,Block Group 1; Census Tract 365; Queens County; New York,Queens,1302,382,333,0.8717277486910995,564,330,0.5851063829787234,238,0.1827956989247312,156,0.1198156682027649,0,0.0,334,0.2565284178187404,106,0.0814132104454685,851,0.6536098310291859,42,0.1099476439790576,36081036500,3289,588,0.1787777439951353,3278,442,0.1348383160463697,3278,401,0.1223306894447834,82402,0.082402,15800.58736438436,0.5880380566931983
360810366001,360810366001,Block Group 1; Census Tract 366; Queens County; New York,Queens,1451,614,358,0.5830618892508144,508,104,0.2047244094488189,264,0.1819434872501723,459,0.3163335630599586,6,0.0041350792556857,1200,0.8270158511371468,128,0.0882150241212956,37,0.025499655410062,10,0.01628664495114,36081036600,3126,372,0.1190019193857965,3131,504,0.1609709358032577,3131,300,0.0958160332162248,221034,0.221034,6564.600921125257,0.7636102060044496
360810367001,360810367001,Block Group 1; Census Tract 367; Queens County; New York,Queens,786,263,199,0.7566539923954373,322,174,0.5403726708074534,193,0.2455470737913486,34,0.0432569974554707,28,0.0356234096692111,200,0.2544529262086514,104,0.1323155216284987,451,0.573791348600509,71,0.2699619771863117,36081036700,2919,422,0.144570058239123,2928,428,0.1461748633879781,2928,232,0.0792349726775956,48922,0.048922,16066.391398552798,0.5584691518585394
360810368001,360810368001,Block Group 1; Census Tract 368; Queens County; New York,Queens,1569,380,118,0.3105263157894737,756,397,0.5251322751322751,402,0.2562141491395793,110,0.070108349267049,0,0.0,1423,0.9069471000637348,0,0.0,0,0.0,0,0.0,36081036800,2899,173,0.0596757502587099,2918,186,0.0637422892392049,2918,217,0.0743660041124057,126189,0.126189,12433.730356845685,0.7447841041301495
360810036001,360810036001,Block Group 1; Census Tract 36; Queens County; New York,Queens,1929,524,323,0.6164122137404581,799,200,0.2503128911138924,453,0.2348367029548989,412,0.2135821669258683,205,0.1062726801451529,67,0.0347330222913426,664,0.3442198030067392,895,0.4639709694142042,195,0.3721374045801526,36081003600,3295,445,0.1350531107738998,3330,466,0.1399399399399399,3330,290,0.087087087087087,106721,0.106721,18075.167961319705,0.5915651398092683
360810371001,360810371001,Block Group 1; Census Tract 371; Queens County; New York,Queens,1526,607,209,0.3443163097199341,742,269,0.3625336927223719,119,0.0779816513761468,326,0.2136304062909567,54,0.0353866317169069,661,0.4331585845347313,121,0.0792922673656618,677,0.4436435124508519,34,0.0560131795716639,36081037100,1526,177,0.1159895150720838,1526,114,0.0747051114023591,1526,56,0.036697247706422,187474,0.187474,8139.795384960048,0.5560923128454429
360810373001,360810373001,Block Group 1; Census Tract 373; Queens County; New York,Queens,1562,356,167,0.4691011235955056,634,221,0.3485804416403785,438,0.2804097311139564,164,0.1049935979513444,59,0.0377720870678617,271,0.1734955185659411,75,0.0480153649167733,1126,0.7208706786171575,81,0.2275280898876404,36081037300,2393,299,0.1249477643125783,2420,191,0.0789256198347107,2420,362,0.1495867768595041,86997,0.086997,17954.64211409589,0.5813372533859748
360810375011,360810375011,Block Group 1; Census Tract 375.01; Queens County; New York,Queens,1487,346,311,0.8988439306358381,626,425,0.6789137380191693,471,0.3167451244115669,151,0.101546738399462,25,0.0168123739071956,0,0.0,113,0.0759919300605245,1349,0.9071956960322798,136,0.3930635838150289,36081037501,1409,234,0.1660752306600426,1487,117,0.0786819098856758,1487,314,0.2111634162743779,53069,0.053069,28020.124743258777,0.8428118952125775
360810375021,360810375021,Block Group 1; Census Tract 375.02; Queens County; New York,Queens,1457,376,329,0.875,744,569,0.7647849462365591,244,0.1674673987645847,172,0.1180507892930679,17,0.0116678105696636,199,0.1365820178448867,79,0.0542210020590253,1146,0.7865477007549759,63,0.1675531914893617,36081037502,2669,433,0.1622330460846759,2669,189,0.0708130385912326,2669,488,0.1828400149868864,76271,0.076271,19102.93558495365,0.8339393352365291
360810376001,360810376001,Block Group 1; Census Tract 376; Queens County; New York,Queens,1095,328,148,0.4512195121951219,382,173,0.4528795811518324,260,0.2374429223744292,145,0.1324200913242009,0,0.0,1009,0.921461187214612,44,0.0401826484018264,42,0.0383561643835616,0,0.0,36081037600,6883,308,0.0447479296818247,6883,569,0.0826674415225919,6883,240,0.0348685166351881,96659,0.096659,11328.484672922335,0.7706603380810416
360810377001,360810377001,Block Group 1; Census Tract 377; Queens County; New York,Queens,2139,464,444,0.956896551724138,887,666,0.7508455467869222,803,0.375409069658719,41,0.0191678354371201,23,0.010752688172043,172,0.0804114071996259,85,0.0397381954184198,1854,0.8667601683029453,253,0.5452586206896551,36081037700,3563,600,0.1683974179062587,3530,402,0.1138810198300283,3530,1060,0.3002832861189802,83114,0.083114,25735.7364583584,0.8105160946317087
360810379001,360810379001,Block Group 1; Census Tract 379; Queens County; New York,Queens,2327,539,412,0.764378478664193,1333,788,0.5911477869467366,555,0.238504512247529,71,0.0305113880532874,0,0.0,354,0.152127202406532,61,0.0262140094542329,1912,0.8216587881392351,249,0.4619666048237477,36081037900,5841,620,0.1061462078411231,5841,251,0.0429720938195514,5841,1546,0.2646807053586714,66761,0.066761,34855.67921391231,0.8166480347777303
360810381001,360810381001,Block Group 1; Census Tract 381; Queens County; New York,Queens,2087,667,415,0.6221889055472264,1318,656,0.4977238239757208,244,0.1169142309535218,370,0.1772879731672257,92,0.0440824149496885,492,0.2357450886439865,156,0.0747484427407762,1284,0.6152371825586967,100,0.1499250374812593,36081038100,6895,1373,0.1991298042059463,6999,424,0.0605800828689812,6999,1671,0.2387483926275182,83062,0.083062,25125.80963617539,0.8173438756923257
360810384001,360810384001,Block Group 1; Census Tract 384; Queens County; New York,Queens,1185,393,129,0.3282442748091603,503,140,0.2783300198807157,231,0.1949367088607595,237,0.2,96,0.0810126582278481,995,0.8396624472573839,0,0.0,89,0.0751054852320675,22,0.0559796437659033,36081038400,2605,221,0.0848368522072936,2634,530,0.2012148823082764,2634,235,0.089217919514047,157226,0.157226,7536.921374327401,0.3276312532613686
360810038001,360810038001,Block Group 1; Census Tract 38; Queens County; New York,Queens,1024,313,229,0.731629392971246,598,351,0.5869565217391305,179,0.1748046875,64,0.0625,95,0.0927734375,50,0.048828125,182,0.177734375,697,0.6806640625,109,0.3482428115015974,36081003800,2184,255,0.1167582417582417,2185,218,0.0997711670480549,2185,261,0.1194508009153318,98519,0.098519,10393.934164983404,0.5881311514946971
360810394001,360810394001,Block Group 1; Census Tract 394; Queens County; New York,Queens,1443,307,139,0.4527687296416938,459,145,0.3159041394335512,242,0.1677061677061677,228,0.158004158004158,0,0.0,830,0.5751905751905751,14,0.0097020097020097,262,0.1815661815661815,4,0.013029315960912,36081039400,3230,734,0.2272445820433436,3289,407,0.1237458193979933,3289,244,0.074186682882335,144401,0.144401,9993.005588603955,0.7740055163764392
360810398001,360810398001,Block Group 1; Census Tract 398; Queens County; New York,Queens,1157,393,175,0.4452926208651399,664,122,0.1837349397590361,214,0.1849611063094209,184,0.1590319792566983,16,0.013828867761452,1022,0.8833189282627485,54,0.0466724286949006,55,0.0475367329299913,3,0.0076335877862595,36081039800,1463,141,0.0963773069036226,1485,161,0.1084175084175084,1485,54,0.0363636363636363,110413,0.110413,10478.838542562924,0.7600358901074724
360810399011,360810399011,Block Group 1; Census Tract 399.01; Queens County; New York,Queens,912,236,177,0.75,388,204,0.5257731958762887,207,0.2269736842105263,120,0.131578947368421,0,0.0,5,0.0054824561403508,163,0.1787280701754386,744,0.8157894736842105,84,0.3559322033898305,36081039901,2499,424,0.1696678671468587,2504,119,0.0475239616613418,2504,550,0.2196485623003194,58841,0.058841,15499.396679186282,0.6226858240009164
360810399021,360810399021,Block Group 1; Census Tract 399.02; Queens County; New York,Queens,1982,407,371,0.9115479115479116,756,425,0.5621693121693122,491,0.2477295660948537,188,0.094853683148335,192,0.0968718466195761,100,0.0504540867810292,305,0.1538849646821392,1372,0.6922300706357215,200,0.4914004914004914,36081039902,1960,637,0.325,1970,199,0.1010152284263959,1970,484,0.2456852791878172,63605,0.063605,31161.072242748214,0.6236999685268667
360810039001,360810039001,Block Group 1; Census Tract 39; Queens County; New York,Queens,1480,519,478,0.9210019267822736,712,365,0.5126404494382022,276,0.1864864864864865,85,0.0574324324324324,182,0.1229729729729729,46,0.031081081081081,141,0.0952702702702702,1073,0.725,73,0.140655105973025,36081003900,1480,292,0.1972972972972973,1480,79,0.0533783783783783,1480,127,0.0858108108108108,146970,0.14697,10070.082329727156,0.8205118501388966
360810040011,360810040011,Block Group 1; Census Tract 40.01; Queens County; New York,Queens,1354,435,288,0.6620689655172414,753,409,0.5431606905710491,233,0.1720827178729689,156,0.1152141802067946,274,0.2023633677991137,27,0.0199409158050221,181,0.1336779911373707,727,0.5369276218611522,135,0.3103448275862069,36081004001,2063,198,0.0959767329132331,2058,123,0.0597667638483965,2058,248,0.1205053449951409,84973,0.084973,15934.47330328457,0.5825451200800806
360810040021,360810040021,Block Group 1; Census Tract 40.02; Queens County; New York,Queens,1766,545,239,0.4385321100917431,424,280,0.660377358490566,362,0.2049830124575311,629,0.356172140430351,78,0.044167610419026,65,0.036806342015855,489,0.2768969422423556,603,0.341449603624009,245,0.4495412844036697,36081004002,1749,355,0.2029731275014294,1766,200,0.1132502831257078,1766,96,0.0543601359003397,130914,0.130914,13489.771911331103,0.5605927989607651
360810400001,360810400001,Block Group 1; Census Tract 400; Queens County; New York,Queens,696,223,71,0.3183856502242152,403,166,0.4119106699751861,62,0.0890804597701149,75,0.1077586206896551,55,0.0790229885057471,591,0.8491379310344828,0,0.0,30,0.043103448275862,17,0.0762331838565022,36081040000,1410,58,0.0411347517730496,1410,178,0.126241134751773,1410,93,0.0659574468085106,92024,0.092024,7563.244371033644,0.5881282961509166
360810401011,360810401011,Block Group 1; Census Tract 401.01; Queens County; New York,Queens,1325,442,332,0.751131221719457,650,444,0.683076923076923,266,0.200754716981132,148,0.1116981132075471,40,0.030188679245283,0,0.0,184,0.1388679245283018,1084,0.8181132075471698,147,0.332579185520362,36081040101,2251,355,0.157707685473123,2251,349,0.1550422034651266,2251,666,0.2958685028876055,45030,0.04503,29424.8278925161,0.6119558629632688
360810401021,360810401021,Block Group 1; Census Tract 401.02; Queens County; New York,Queens,2113,581,526,0.9053356282271944,1110,744,0.6702702702702703,564,0.2669190724088973,199,0.0941788925698059,0,0.0,32,0.0151443445338381,381,0.1803123521060104,1700,0.8045433033601515,279,0.4802065404475043,36081040102,3966,898,0.2264246091780131,3966,234,0.059001512859304,3966,661,0.1666666666666666,63593,0.063593,33226.92749201956,0.6155268542139555
360810402001,360810402001,Block Group 1; Census Tract 402; Queens County; New York,Queens,809,243,92,0.3786008230452675,376,187,0.4973404255319149,149,0.1841779975278121,98,0.1211372064276885,0,0.0,521,0.6440049443757726,24,0.0296662546353522,92,0.1137206427688504,0,0.0,36081040200,1557,120,0.0770712909441233,1557,239,0.1535003211303789,1557,89,0.0571612074502247,110503,0.110503,7321.068206293042,0.5800098772472909
360810403011,360810403011,Block Group 1; Census Tract 403.01; Queens County; New York,Queens,717,198,157,0.7929292929292929,433,341,0.7875288683602771,95,0.1324965132496513,66,0.0920502092050209,0,0.0,0,0.0,237,0.3305439330543933,480,0.6694560669456067,87,0.4393939393939394,36081040301,2590,566,0.2185328185328185,2603,216,0.0829811755666538,2603,727,0.279293123319247,43613,0.043613,16440.052277990508,0.6342850103484028
360810403021,360810403021,Block Group 1; Census Tract 403.02; Queens County; New York,Queens,4409,1088,902,0.8290441176470589,2118,1301,0.6142587346553352,1367,0.3100476298480381,355,0.0805171240644137,99,0.0224540712179632,0,0.0,494,0.1120435472896348,3816,0.8655023814924019,576,0.5294117647058824,36081040302,4355,949,0.217910447761194,4409,623,0.1413018825130415,4409,1367,0.3100476298480381,111327,0.111327,39604.04933214764,0.6315808644314368
360810404001,360810404001,Block Group 1; Census Tract 404; Queens County; New York,Queens,815,267,149,0.5580524344569289,342,116,0.3391812865497076,91,0.1116564417177914,136,0.1668711656441718,0,0.0,486,0.596319018404908,128,0.1570552147239264,187,0.2294478527607362,32,0.1198501872659176,36081040400,3671,320,0.0871697085262871,3671,566,0.1541814219558703,3671,153,0.041678016889131,91581,0.091581,8899.225821949969,0.5602176582519925
360810405011,360810405011,Block Group 1; Census Tract 405.01; Queens County; New York,Queens,964,250,224,0.896,587,329,0.5604770017035775,218,0.2261410788381742,23,0.0238589211618257,14,0.0145228215767634,13,0.0134854771784232,47,0.0487551867219917,838,0.8692946058091287,93,0.372,36081040501,963,142,0.1474558670820353,964,104,0.1078838174273859,964,470,0.487551867219917,71456,0.071456,13490.819525302282,0.6376546565396252
360810405021,360810405021,Block Group 1; Census Tract 405.02; Queens County; New York,Queens,1686,506,454,0.8972332015810277,875,629,0.7188571428571429,376,0.2230130486358244,203,0.1204033214709371,56,0.033214709371293,0,0.0,50,0.029655990510083,1573,0.9329774614472124,216,0.4268774703557312,36081040502,1686,233,0.1381969157769869,1686,74,0.0438908659549228,1686,334,0.1981020166073547,58013,0.058013,29062.45151948701,0.8503533114152856
360810407011,360810407011,Block Group 1; Census Tract 407.01; Queens County; New York,Queens,2113,486,472,0.97119341563786,1040,630,0.6057692307692307,687,0.3251301467108377,106,0.0501656412683388,0,0.0,0,0.0,122,0.0577378135352579,1991,0.942262186464742,220,0.4526748971193415,36081040701,3014,1107,0.36728599867286,3181,455,0.1430367808865136,3181,987,0.310279786230745,32730,0.03273,64558.50901313779,0.8541608819954116
360810407021,360810407021,Block Group 1; Census Tract 407.02; Queens County; New York,Queens,1643,496,374,0.7540322580645161,1031,681,0.6605237633365665,379,0.2306755934266585,37,0.0225197808886183,0,0.0,48,0.0292148508825319,308,0.18746195982958,1287,0.783323189287888,195,0.3931451612903225,36081040702,4406,598,0.135724012709941,4430,302,0.0681715575620767,4430,1229,0.2774266365688487,50767,0.050767,32363.5432465972,0.8346699864742793
360810409011,360810409011,Block Group 1; Census Tract 409.01; Queens County; New York,Queens,605,155,145,0.935483870967742,231,163,0.7056277056277056,183,0.3024793388429752,45,0.0743801652892562,2,0.0033057851239669,0,0.0,11,0.0181818181818181,592,0.9785123966942147,38,0.2451612903225806,36081040901,1818,182,0.1001100110011001,1818,156,0.0858085808580858,1818,463,0.2546754675467547,33230,0.03323,18206.439963888053,0.8438879850646538
360810409021,360810409021,Block Group 1; Census Tract 409.02; Queens County; New York,Queens,1088,365,319,0.873972602739726,659,455,0.6904400606980273,204,0.1875,73,0.0670955882352941,8,0.0073529411764705,69,0.0634191176470588,16,0.0147058823529411,951,0.8740808823529411,182,0.4986301369863014,36081040902,2950,280,0.0949152542372881,2972,214,0.0720053835800807,2972,661,0.2224091520861373,31333,0.031333,34723.77365716657,0.8433201389068213
360810411001,360810411001,Block Group 1; Census Tract 411; Queens County; New York,Queens,1855,498,353,0.7088353413654619,1071,729,0.680672268907563,161,0.0867924528301886,148,0.0797843665768194,309,0.166576819407008,0,0.0,386,0.2080862533692722,1160,0.6253369272237197,63,0.1265060240963855,36081041100,4250,770,0.1811764705882353,4250,541,0.1272941176470588,4250,925,0.2176470588235294,68660,0.06866,27017.18613457617,0.8462370939704525
360810413001,360810413001,Block Group 1; Census Tract 413; Queens County; New York,Queens,1150,220,220,1.0,354,135,0.3813559322033898,443,0.3852173913043478,46,0.04,34,0.0295652173913043,0,0.0,93,0.0808695652173913,1023,0.8895652173913043,54,0.2454545454545454,36081041300,4572,1541,0.3370516185476815,4596,203,0.0441688424717145,4596,1082,0.2354221061792863,56861,0.056861,20224.758621902532,0.8009953047757462
360810414001,360810414001,Block Group 1; Census Tract 414; Queens County; New York,Queens,2967,863,394,0.4565469293163383,1438,650,0.4520166898470097,812,0.2736771149309066,287,0.0967307044152342,0,0.0,2034,0.6855409504550051,433,0.1459386585776879,80,0.0269632625547691,65,0.0753186558516801,36081041400,4561,810,0.1775926331944749,4561,378,0.0828765621574216,4561,289,0.0633632975224731,311778,0.311778,9516.38665973866,0.7559396673288588
360810415001,360810415001,Block Group 1; Census Tract 415; Queens County; New York,Queens,2171,664,567,0.8539156626506024,818,540,0.6601466992665037,598,0.2754491017964072,175,0.0806080147397512,145,0.0667894979272224,11,0.0050667894979272,109,0.0502072777521879,1888,0.8696453247351451,211,0.3177710843373494,36081041500,3936,923,0.2345020325203252,3999,384,0.0960240060015003,3999,1240,0.3100775193798449,107070,0.10707,20276.454655832633,0.8015567741517702
360810424001,360810424001,Block Group 1; Census Tract 424; Queens County; New York,Queens,902,352,78,0.2215909090909091,460,116,0.2521739130434782,115,0.1274944567627494,139,0.1541019955654102,8,0.0088691796008869,697,0.7727272727272727,0,0.0,65,0.0720620842572062,0,0.0,36081042400,2637,46,0.0174440652256351,2652,224,0.0844645550527903,2652,76,0.028657616892911,217984,0.217984,4137.918379330593,0.7460606846504795
360810427001,360810427001,Block Group 1; Census Tract 427; Queens County; New York,Queens,1634,714,655,0.9173669467787114,781,295,0.3777208706786171,411,0.2515299877600979,155,0.094859241126071,59,0.0361077111383108,213,0.1303549571603427,286,0.1750305997552019,1076,0.6585067319461444,308,0.4313725490196078,36081042700,4192,754,0.1798664122137404,4260,670,0.1572769953051643,4260,576,0.1352112676056338,73602,0.073602,22200.483682508628,0.8146936066538595
360810042001,360810042001,Block Group 1; Census Tract 42; Queens County; New York,Queens,1240,430,275,0.6395348837209303,423,258,0.6099290780141844,272,0.2193548387096774,161,0.1298387096774193,118,0.0951612903225806,63,0.0508064516129032,504,0.4064516129032258,393,0.3169354838709677,64,0.1488372093023255,36081004200,4523,1248,0.275923059915985,4651,413,0.0887981079337776,4651,431,0.0926682433885186,106546,0.106546,11638.165674919754,0.5918557730157439
360810432001,360810432001,Block Group 1; Census Tract 432; Queens County; New York,Queens,1200,363,100,0.2754820936639118,523,227,0.4340344168260038,244,0.2033333333333333,263,0.2191666666666666,4,0.0033333333333333,996,0.83,18,0.015,24,0.02,0,0.0,36081043200,1195,127,0.106276150627615,1195,98,0.0820083682008368,1195,49,0.0410041841004184,238369,0.238369,5034.211663429389,0.5697790886203336
360810434001,360810434001,Block Group 1; Census Tract 434; Queens County; New York,Queens,1962,559,173,0.3094812164579606,779,118,0.1514762516046213,626,0.3190621814475025,292,0.1488277268093782,15,0.0076452599388379,1305,0.6651376146788991,121,0.0616717635066258,235,0.119775739041794,107,0.1914132379248658,36081043400,1962,284,0.1447502548419979,1962,82,0.0417940876656473,1962,52,0.0265035677879714,205351,0.205351,9554.372756889425,0.3574705607382156
360810437011,360810437011,Block Group 1; Census Tract 437.01; Queens County; New York,Queens,1888,383,330,0.8616187989556136,537,313,0.5828677839851024,508,0.2690677966101695,305,0.1615466101694915,83,0.0439618644067796,156,0.0826271186440678,95,0.0503177966101694,1549,0.8204449152542372,137,0.3577023498694517,36081043701,2940,684,0.2326530612244897,2967,595,0.2005392652510954,2967,368,0.1240310077519379,61695,0.061695,30602.155766269552,0.6260912328562789
360810437021,360810437021,Block Group 1; Census Tract 437.02; Queens County; New York,Queens,2308,809,499,0.6168108776266996,1078,835,0.774582560296846,495,0.2144714038128249,765,0.3314558058925476,101,0.0437608318890814,105,0.0454939341421143,1031,0.4467071057192374,903,0.3912478336221837,249,0.30778739184178,36081043702,5850,1070,0.1829059829059829,5982,1019,0.1703443664326312,5982,710,0.1186894015379471,66099,0.066099,34917.32098821465,0.8183256462748009
360810439001,360810439001,Block Group 1; Census Tract 439; Queens County; New York,Queens,2502,637,612,0.9607535321821036,1133,669,0.5904677846425419,785,0.3137490007993605,100,0.0399680255795363,48,0.0191846522781774,0,0.0,77,0.030775379696243,2377,0.9500399680255796,223,0.3500784929356358,36081043900,4110,772,0.1878345498783455,4150,332,0.08,4150,960,0.2313253012048192,76629,0.076629,32650.82410053635,0.8138648201062593
360810043001,360810043001,Block Group 1; Census Tract 43; Queens County; New York,Queens,1846,938,938,1.0,540,212,0.3925925925925926,430,0.2329360780065005,476,0.2578548212351029,84,0.0455037919826652,813,0.4404117009750812,161,0.0872156013001083,684,0.3705308775731311,276,0.2942430703624733,36081004300,2033,631,0.3103787506148548,2033,461,0.2267584849975406,2033,53,0.0260698475159862,106575,0.106575,17321.135350692002,0.8277241251079082
360810044011,360810044011,Block Group 1; Census Tract 44.01; Queens County; New York,Queens,1955,586,405,0.6911262798634812,808,419,0.5185643564356436,411,0.2102301790281329,314,0.1606138107416879,91,0.0465473145780051,90,0.0460358056265984,1081,0.5529411764705883,634,0.3242966751918159,68,0.1160409556313993,36081004401,3493,688,0.1969653592900085,3493,343,0.0981963927855711,3493,360,0.1030632693959347,132011,0.132011,14809.371946277206,0.5613948959912354
360810440001,360810440001,Block Group 1; Census Tract 440; Queens County; New York,Queens,1329,386,305,0.7901554404145078,451,251,0.5565410199556541,470,0.3536493604213694,81,0.0609480812641083,0,0.0,498,0.3747178329571106,143,0.1075996990218209,519,0.3905191873589165,24,0.0621761658031088,36081044000,3821,221,0.057838262235017,3821,160,0.041873855011777,3821,260,0.0680450143941376,104380,0.10438,12732.324200038322,0.8060097842342344
360810443011,360810443011,Block Group 1; Census Tract 443.01; Queens County; New York,Queens,2494,756,702,0.9285714285714286,491,237,0.4826883910386965,933,0.3740978348035285,494,0.198075380914194,16,0.0064153969526864,46,0.0184442662389735,160,0.0641539695268644,2270,0.9101844426623896,357,0.4722222222222222,36081044301,3944,837,0.2122210953346856,4215,994,0.2358244365361803,4215,603,0.1430604982206405,73486,0.073486,33938.43725335438,0.8041419697535294
360810443021,360810443021,Block Group 1; Census Tract 443.02; Queens County; New York,Queens,1197,327,247,0.7553516819571865,554,371,0.6696750902527075,280,0.2339181286549707,134,0.1119465329991645,133,0.1111111111111111,0,0.0,700,0.5847953216374269,288,0.2406015037593984,40,0.1223241590214067,36081044302,4848,1109,0.2287541254125412,4864,622,0.1278782894736842,4864,869,0.1786595394736842,93942,0.093942,12741.904579421343,0.8137460176910313
360810444001,360810444001,Block Group 1; Census Tract 444; Queens County; New York,Queens,1864,751,661,0.8801597869507324,706,282,0.3994334277620396,420,0.2253218884120171,263,0.1410944206008583,32,0.0171673819742489,659,0.3535407725321888,635,0.3406652360515021,279,0.1496781115879828,146,0.1944074567243675,36081044400,4139,882,0.2130949504711282,4178,462,0.1105792245093346,4178,380,0.0909526089037817,115084,0.115084,16196.8648986827,0.8124180831902174
360810446011,360810446011,Block Group 1; Census Tract 446.01; Queens County; New York,Queens,2160,702,593,0.8447293447293447,809,461,0.5698393077873919,387,0.1791666666666666,331,0.1532407407407407,12,0.0055555555555555,763,0.3532407407407407,254,0.1175925925925926,985,0.4560185185185185,95,0.1353276353276353,36081044601,3673,788,0.2145385243670024,3774,463,0.1226815050344462,3774,469,0.1242713301536831,97766,0.097766,22093.5703618845,0.7987750501907634
360810446021,360810446021,Block Group 1; Census Tract 446.02; Queens County; New York,Queens,2044,750,729,0.972,850,442,0.52,410,0.2005870841487279,276,0.1350293542074364,126,0.0616438356164383,363,0.1775929549902152,472,0.2309197651663405,1003,0.4907045009784735,279,0.372,36081044602,4754,1474,0.3100546907867059,4774,1035,0.2167993297025555,4774,617,0.1292417260159195,53426,0.053426,38258.52581140269,0.8325297283960347
360810448001,360810448001,Block Group 1; Census Tract 448; Queens County; New York,Queens,1904,647,494,0.7635239567233385,931,403,0.4328678839957035,341,0.1790966386554622,416,0.2184873949579832,138,0.0724789915966386,233,0.1223739495798319,881,0.4627100840336134,500,0.2626050420168067,231,0.357032457496136,36081044800,2871,263,0.0916057122953674,2871,384,0.1337513061650992,2871,309,0.1076280041797283,147160,0.14716,12938.29845066594,0.8309753163598657
360810450001,360810450001,Block Group 1; Census Tract 450; Queens County; New York,Queens,939,257,106,0.4124513618677042,419,87,0.2076372315035799,253,0.2694355697550585,121,0.1288604898828541,301,0.3205537806176783,35,0.0372736954206602,499,0.531416400425985,104,0.1107561235356762,80,0.311284046692607,36081045000,2088,164,0.0785440613026819,2088,141,0.0675287356321839,2088,370,0.1772030651340996,91568,0.091568,10254.674121964004,0.8176922989160776
360810452001,360810452001,Block Group 1; Census Tract 452; Queens County; New York,Queens,911,174,92,0.5287356321839081,257,128,0.4980544747081712,145,0.1591657519209659,341,0.3743139407244786,139,0.1525795828759605,197,0.2162458836443468,482,0.5290889132821076,76,0.0834248079034028,34,0.1954022988505747,36081045200,590,74,0.1254237288135593,590,51,0.0864406779661016,590,47,0.0796610169491525,217897,0.217897,4180.874449854748,0.6034017591832401
360810454001,360810454001,Block Group 1; Census Tract 454; Queens County; New York,Queens,1530,587,405,0.6899488926746167,811,422,0.5203452527743526,214,0.1398692810457516,227,0.1483660130718954,21,0.0137254901960784,275,0.1797385620915032,1028,0.6718954248366014,168,0.1098039215686274,162,0.2759795570698466,36081045400,4935,865,0.1752786220871327,4950,1190,0.2404040404040404,4950,286,0.0577777777777777,95815,0.095815,15968.272191201797,0.8355194067355382
360810455001,360810455001,Block Group 1; Census Tract 455; Queens County; New York,Queens,2849,980,980,1.0,1269,908,0.7155240346729709,693,0.2432432432432432,30,0.0105300105300105,478,0.1677781677781677,877,0.3078273078273078,444,0.1558441558441558,1050,0.3685503685503685,274,0.2795918367346939,36081045500,12747,2077,0.1629402996783557,12747,2302,0.1805915117282497,12747,986,0.0773515336942025,24989,0.024989,114010.16447236783,0.6490356352922755
360810456001,360810456001,Block Group 1; Census Tract 456; Queens County; New York,Queens,1183,408,90,0.2205882352941176,480,234,0.4875,292,0.2468300929839391,310,0.2620456466610312,33,0.0278951817413355,0,0.0,793,0.6703296703296703,172,0.1453930684699915,79,0.1936274509803921,36081045600,1183,64,0.0540997464074387,1183,95,0.0803043110735418,1183,117,0.0989010989010989,162232,0.162232,7292.026234035209,0.8221996621840172
360810457001,360810457001,Block Group 1; Census Tract 457; Queens County; New York,Queens,1703,610,506,0.8295081967213115,1061,699,0.6588124410933082,405,0.2378156194950088,165,0.096887844979448,66,0.0387551379917792,13,0.0076335877862595,520,0.3053435114503817,1008,0.5918966529653552,223,0.3655737704918033,36081045700,3185,294,0.0923076923076923,3185,183,0.0574568288854003,3185,679,0.2131868131868131,90518,0.090518,18813.937559380454,0.8442541159226946
360810458001,360810458001,Block Group 1; Census Tract 458; Queens County; New York,Queens,2347,685,404,0.5897810218978102,1015,382,0.3763546798029556,558,0.2377503195568811,367,0.1563698338304218,138,0.0587984661269706,263,0.1120579463144439,1489,0.6344269279931828,228,0.0971452918619514,157,0.2291970802919708,36081045800,2347,170,0.0724328930549637,2347,101,0.0430336599914784,2347,108,0.0460161908819769,245281,0.245281,9568.617218618643,0.8260133904069746
360810459001,360810459001,Block Group 1; Census Tract 459; Queens County; New York,Queens,2178,778,644,0.8277634961439588,1127,545,0.4835847382431233,509,0.2337006427915519,360,0.1652892561983471,23,0.0105601469237832,107,0.0491276400367309,1273,0.5844811753902663,631,0.2897153351698806,230,0.2956298200514138,36081045900,3480,407,0.1169540229885057,3480,128,0.0367816091954023,3480,297,0.0853448275862069,91288,0.091288,23858.557532205767,0.8566121464337698
360810045001,360810045001,Block Group 1; Census Tract 45; Queens County; New York,Queens,917,409,294,0.7188264058679706,427,260,0.6088992974238876,100,0.109051254089422,205,0.2235550708833151,284,0.3097055616139585,8,0.0087241003271537,412,0.4492911668484187,213,0.2322791712104689,50,0.1222493887530562,36081004500,2758,234,0.084844089920232,2758,405,0.1468455402465554,2758,47,0.0170413343002175,141575,0.141575,6477.132262051916,0.8258406927606475
360810460001,360810460001,Block Group 1; Census Tract 460; Queens County; New York,Queens,2107,506,443,0.8754940711462451,1069,721,0.6744621141253508,681,0.3232083531086853,139,0.0659705742762221,62,0.0294257237778832,133,0.0631229235880398,550,0.2610346464167062,944,0.4480303749406739,193,0.3814229249011858,36081046000,5945,1326,0.2230445752733389,6027,676,0.11216193794591,6027,468,0.0776505724240915,45677,0.045677,46128.24835256256,0.8141218340887189
360810461001,360810461001,Block Group 1; Census Tract 461; Queens County; New York,Queens,1649,437,381,0.8718535469107551,690,375,0.5434782608695652,406,0.2462098241358399,274,0.1661613098847786,36,0.0218314129775621,2,0.0012128562765312,573,0.3474833232261977,906,0.5494238932686477,160,0.3661327231121281,36081046100,2728,341,0.125,2739,283,0.1033223804308141,2739,687,0.2508214676889376,61160,0.06116,26962.06671026815,0.8550316984230284
360810462001,360810462001,Block Group 1; Census Tract 462; Queens County; New York,Queens,1779,573,535,0.9336823734729494,734,454,0.6185286103542235,251,0.1410905002810567,341,0.19168071950534,139,0.0781337830241708,631,0.3546936481169196,565,0.3175941540191118,254,0.1427768409218662,115,0.2006980802792321,36081046200,5901,636,0.1077783426537875,5901,676,0.1145568547703779,5901,341,0.0577868157939332,74866,0.074866,23762.455587316,0.7971037001797666
360810463001,360810463001,Block Group 1; Census Tract 463; Queens County; New York,Queens,1899,548,480,0.8759124087591241,1011,772,0.7636003956478734,532,0.2801474460242232,123,0.0647709320695102,38,0.020010531858873,13,0.0068457082675092,457,0.2406529752501316,1373,0.7230121116377041,187,0.3412408759124087,36081046300,3993,496,0.1242173804157275,4020,209,0.0519900497512437,4020,977,0.2430348258706467,45300,0.0453,41920.529801324505,0.8566686271410103
360810464001,360810464001,Block Group 1; Census Tract 464; Queens County; New York,Queens,1998,525,222,0.4228571428571429,847,212,0.2502951593860685,453,0.2267267267267267,203,0.1016016016016016,601,0.3008008008008008,292,0.1461461461461461,421,0.2107107107107107,513,0.2567567567567567,48,0.0914285714285714,36081046400,1684,177,0.1051068883610451,1997,157,0.0786179268903355,1997,89,0.0445668502754131,228767,0.228767,8733.777161915836,0.7921082040917272
360810465001,360810465001,Block Group 1; Census Tract 465; Queens County; New York,Queens,1054,270,253,0.937037037037037,687,482,0.7016011644832606,213,0.2020872865275142,50,0.0474383301707779,0,0.0,7,0.0066413662239089,9,0.00853889943074,1038,0.9848197343453512,128,0.4740740740740741,36081046500,4098,1213,0.2959980478282089,4147,274,0.0660718591753074,4147,1103,0.2659754039064383,65607,0.065607,16065.35887938787,0.8558309208362501
360810466001,360810466001,Block Group 1; Census Tract 466; Queens County; New York,Queens,2150,622,546,0.8778135048231511,1006,337,0.3349900596421471,462,0.2148837209302325,264,0.1227906976744186,194,0.0902325581395348,214,0.0995348837209302,1360,0.6325581395348837,169,0.0786046511627907,202,0.3247588424437299,36081046600,4066,745,0.1832267584849975,4066,486,0.1195277914412198,4066,166,0.0408263649778652,165959,0.165959,12955.00695955025,0.8016940813177916
360810467001,360810467001,Block Group 1; Census Tract 467; Queens County; New York,Queens,1143,350,325,0.9285714285714286,668,418,0.625748502994012,177,0.1548556430446194,90,0.0787401574803149,37,0.0323709536307961,0,0.0,79,0.0691163604549431,1008,0.8818897637795275,115,0.3285714285714285,36081046700,6679,607,0.090881868543195,6774,357,0.0527015057573073,6774,1252,0.1848243283141423,35318,0.035318,32363.100968344752,0.8747755092613702
360810468001,360810468001,Block Group 1; Census Tract 468; Queens County; New York,Queens,1553,499,399,0.7995991983967936,706,452,0.6402266288951841,533,0.3432066967160335,125,0.0804893754024468,14,0.009014810045074,167,0.107533805537669,1155,0.7437218287186091,144,0.0927237604636188,161,0.3226452905811623,36081046800,3653,444,0.1215439364905557,3757,343,0.0912962470055895,3757,538,0.1431993611924407,94117,0.094117,16500.738442576792,0.8192836051423702
360810469011,360810469011,Block Group 1; Census Tract 469.01; Queens County; New York,Queens,866,335,335,1.0,397,235,0.5919395465994962,155,0.1789838337182448,221,0.2551963048498845,98,0.1131639722863741,0,0.0,195,0.2251732101616628,573,0.6616628175519631,61,0.1820895522388059,36081046901,4691,658,0.1402685994457471,4691,854,0.1820507354508633,4691,1112,0.2370496695800469,25304,0.025304,34223.83812835915,0.8620740851902858
360810469021,360810469021,Block Group 1; Census Tract 469.02; Queens County; New York,Queens,1749,537,534,0.994413407821229,804,474,0.5895522388059702,539,0.3081761006289308,241,0.1377930245854774,6,0.0034305317324185,0,0.0,321,0.1835334476843911,1411,0.8067467124070897,217,0.404096834264432,36081046902,3177,620,0.1951526597418948,3177,259,0.0815234497954044,3177,646,0.2033364809568775,50948,0.050948,34329.11988694355,0.8818622255252663
360810470001,360810470001,Block Group 1; Census Tract 470; Queens County; New York,Queens,1646,403,158,0.3920595533498759,737,307,0.4165535956580732,300,0.1822600243013366,486,0.2952612393681652,43,0.0261239368165249,109,0.0662211421628189,899,0.5461725394896719,359,0.2181044957472661,33,0.0818858560794044,36081047000,3181,535,0.1681861049984281,3187,523,0.1641041732036398,3187,184,0.0577345465955443,105296,0.105296,15632.12277769336,0.7952618660004384
360810471001,360810471001,Block Group 1; Census Tract 471; Queens County; New York,Queens,2279,868,832,0.9585253456221198,1275,922,0.7231372549019608,392,0.1720052654673102,393,0.1724440544098288,50,0.0219394471259324,0,0.0,1651,0.7244405440982887,578,0.2536200087757788,252,0.2903225806451613,36081047100,4217,580,0.1375385345032013,4244,189,0.0445334590009425,4244,608,0.1432610744580584,81575,0.081575,27937.48084584738,0.8478318296353449
360810472001,360810472001,Block Group 1; Census Tract 472; Queens County; New York,Queens,894,354,153,0.4322033898305085,493,134,0.2718052738336714,119,0.1331096196868009,344,0.3847874720357941,282,0.3154362416107382,35,0.0391498881431767,184,0.2058165548098434,298,0.3333333333333333,56,0.1581920903954802,36081047200,3338,232,0.0695026962252846,3349,296,0.0883845924156464,3349,140,0.0418035234398327,201670,0.20167,4432.984578767293,0.6042339966630728
360810473001,360810473001,Block Group 1; Census Tract 473; Queens County; New York,Queens,1050,395,315,0.7974683544303798,654,303,0.463302752293578,141,0.1342857142857142,150,0.1428571428571428,45,0.0428571428571428,15,0.0142857142857142,765,0.7285714285714285,199,0.1895238095238095,53,0.1341772151898734,36081047300,4209,473,0.1123782371109527,4242,683,0.161008958038661,4242,278,0.0655351249410655,48529,0.048529,21636.547219188524,0.8807603347923936
360810475001,360810475001,Block Group 1; Census Tract 475; Queens County; New York,Queens,2102,827,737,0.8911729141475212,1113,521,0.4681042228212039,441,0.2098001902949572,214,0.1018078020932445,225,0.1070409134157944,49,0.0233111322549952,1163,0.5532825880114177,632,0.3006660323501427,204,0.2466747279322853,36081047500,4940,568,0.1149797570850202,5006,528,0.1054734318817419,5006,746,0.1490211745904914,116670,0.11667,18016.628096340104,0.8794309224911023
360810476001,360810476001,Block Group 1; Census Tract 476; Queens County; New York,Queens,737,208,11,0.0528846153846153,244,75,0.3073770491803279,232,0.3147896879240163,208,0.282225237449118,487,0.66078697421981,27,0.0366350067842605,192,0.2605156037991858,25,0.0339213025780189,15,0.0721153846153846,36081047600,1604,61,0.0380299251870324,1604,198,0.1234413965087281,1604,158,0.098503740648379,341505,0.341505,2158.094317799154,0.6138906702840534
360810478011,360810478011,Block Group 1; Census Tract 478.01; Queens County; New York,Queens,2208,1091,473,0.4335472043996333,1409,572,0.4059616749467707,54,0.0244565217391304,351,0.1589673913043478,164,0.0742753623188405,842,0.3813405797101449,420,0.1902173913043478,594,0.2690217391304347,262,0.2401466544454628,36081047801,4074,640,0.157093765341188,4074,429,0.1053019145802651,4074,437,0.1072655866470299,177646,0.177646,12429.213154250589,0.6115690169220878
360810478021,360810478021,Block Group 1; Census Tract 478.02; Queens County; New York,Queens,1422,369,156,0.4227642276422764,720,418,0.5805555555555556,283,0.1990154711673699,290,0.2039381153305204,16,0.0112517580872011,534,0.3755274261603376,398,0.279887482419128,342,0.240506329113924,69,0.1869918699186991,36081047802,1422,168,0.1181434599156118,1422,265,0.1863572433192686,1422,150,0.1054852320675105,132692,0.132692,10716.54658909354,0.8166581223071046
360810479001,360810479001,Block Group 1; Census Tract 479; Queens County; New York,Queens,3853,1398,1081,0.7732474964234621,1860,684,0.3677419354838709,559,0.1450817544770309,688,0.1785621593563457,393,0.101998442771866,205,0.0532052945756553,2847,0.7389047495458084,362,0.0939527640799377,334,0.2389127324749642,36081047900,5907,1247,0.2111054680887083,6032,500,0.0828912466843501,6032,618,0.1024535809018567,167343,0.167343,23024.566309914368,0.8247076703133858
360810047001,360810047001,Block Group 1; Census Tract 47; Queens County; New York,Queens,1759,838,780,0.9307875894988068,990,570,0.5757575757575758,241,0.1370096645821489,253,0.1438317225696418,933,0.5304150085275725,49,0.0278567367822626,380,0.2160318362706083,312,0.1773735076748152,146,0.1742243436754176,36081004700,3963,1209,0.3050719152157456,3963,544,0.1372697451425687,3963,255,0.0643451930355791,80201,0.080201,21932.39485791948,0.8557548976281268
360810480001,360810480001,Block Group 1; Census Tract 480; Queens County; New York,Queens,1402,452,172,0.3805309734513274,631,356,0.5641838351822503,146,0.1041369472182596,409,0.2917261055634807,7,0.0049928673323823,46,0.0328102710413694,837,0.5970042796005706,116,0.0827389443651925,53,0.1172566371681416,36081048000,2345,393,0.167590618336887,2370,380,0.160337552742616,2370,174,0.0734177215189873,139764,0.139764,10031.195443748033,0.5766655100534694
360810481001,360810481001,Block Group 1; Census Tract 481; Queens County; New York,Queens,1074,221,174,0.7873303167420814,449,335,0.7461024498886414,323,0.3007448789571694,149,0.1387337057728119,0,0.0,0,0.0,584,0.5437616387337058,490,0.4562383612662942,97,0.4389140271493212,36081048100,6277,1187,0.1891030747172216,6361,715,0.1124037101084735,6361,1160,0.1823612639522087,42485,0.042485,25279.51041544074,0.8503206065772785
360810482001,360810482001,Block Group 1; Census Tract 482; Queens County; New York,Queens,1311,413,177,0.4285714285714285,741,278,0.3751686909581646,121,0.0922959572845156,247,0.1884057971014492,162,0.1235697940503432,368,0.2807017543859649,584,0.4454614797864226,84,0.0640732265446224,30,0.072639225181598,36081048200,1255,89,0.0709163346613545,1255,173,0.1378486055776892,1255,112,0.0892430278884462,228378,0.228378,5740.48288364028,0.6070131696650316
360810483011,360810483011,Block Group 1; Census Tract 483.01; Queens County; New York,Queens,2061,769,548,0.7126137841352406,1011,453,0.4480712166172106,351,0.1703056768558952,291,0.1411935953420669,224,0.108685104318292,11,0.0053372149442018,1467,0.7117903930131004,330,0.1601164483260553,238,0.3094928478543563,36081048301,2061,307,0.1489568170790878,2061,253,0.1227559437166424,2061,323,0.1567200388161087,87390,0.08739,23583.934088568487,0.6270548154868073
360810483021,360810483021,Block Group 1; Census Tract 483.02; Queens County; New York,Queens,1719,654,567,0.8669724770642202,786,382,0.4860050890585242,328,0.1908086096567772,213,0.1239092495636998,180,0.1047120418848167,22,0.0127981384525887,844,0.4909831297265852,638,0.3711460151250727,209,0.3195718654434251,36081048302,1719,70,0.0407213496218731,1719,86,0.0500290866783013,1719,164,0.0954043048283886,134146,0.134146,12814.396254826832,0.8397300619245234
360810484001,360810484001,Block Group 1; Census Tract 484; Queens County; New York,Queens,1444,392,123,0.3137755102040816,853,103,0.1207502930832356,249,0.1724376731301939,250,0.1731301939058172,9,0.0062326869806094,238,0.1648199445983379,824,0.5706371191135734,196,0.1357340720221606,42,0.1071428571428571,36081048400,4692,442,0.0942028985507246,4942,565,0.1143261837312828,4942,149,0.0301497369486038,131929,0.131929,10945.281173964784,0.6176948013002814
360810485001,360810485001,Block Group 1; Census Tract 485; Queens County; New York,Queens,730,230,187,0.8130434782608695,464,244,0.5258620689655172,63,0.0863013698630137,74,0.1013698630136986,13,0.0178082191780821,0,0.0,549,0.7520547945205479,159,0.2178082191780821,52,0.2260869565217391,36081048500,5205,728,0.1398655139289145,5205,346,0.0664745437079731,5205,713,0.136983669548511,100109,0.100109,7292.051663686581,0.8518367924651793
360810489001,360810489001,Block Group 1; Census Tract 489; Queens County; New York,Queens,1024,283,253,0.8939929328621908,508,310,0.610236220472441,241,0.2353515625,55,0.0537109375,9,0.0087890625,7,0.0068359375,386,0.376953125,622,0.607421875,121,0.4275618374558304,36081048900,1820,308,0.1692307692307692,1838,79,0.0429815016322089,1838,146,0.0794341675734494,318104,0.318104,3219.0730075698516,0.7879585306875234
360810492011,360810492011,Block Group 1; Census Tract 492.01; Queens County; New York,Queens,1438,719,711,0.9888734353268428,920,319,0.3467391304347826,245,0.170375521557719,241,0.1675938803894297,8,0.0055632823365785,1157,0.8045897079276774,34,0.0236439499304589,110,0.0764951321279554,145,0.2016689847009735,36081049201,2544,419,0.1647012578616352,2544,283,0.1112421383647798,2544,56,0.0220125786163522,159724,0.159724,9003.030227141819,0.6185607019143127
360810492021,360810492021,Block Group 1; Census Tract 492.02; Queens County; New York,Queens,2338,577,195,0.3379549393414211,1091,216,0.1979835013748854,570,0.243798118049615,355,0.1518391787852865,19,0.0081266039349871,512,0.2189905902480752,574,0.2455089820359281,466,0.1993156544054747,32,0.0554592720970537,36081049202,2338,462,0.1976047904191616,2338,234,0.1000855431993156,2338,86,0.0367835757057313,191181,0.191181,12229.248722414884,0.6109173439390271
360810493011,360810493011,Block Group 1; Census Tract 493.01; Queens County; New York,Queens,1101,441,160,0.3628117913832199,511,216,0.4227005870841487,154,0.139872842870118,237,0.215258855585831,265,0.2406902815622161,0,0.0,521,0.4732061762034514,305,0.2770208900999091,143,0.3242630385487528,36081049301,2293,436,0.1901439162668992,2260,137,0.0606194690265486,2260,127,0.0561946902654867,84386,0.084386,13047.187922167184,0.7928307686919668
360810493021,360810493021,Block Group 1; Census Tract 493.02; Queens County; New York,Queens,1884,573,278,0.4851657940663176,773,213,0.2755498059508409,510,0.2707006369426751,260,0.138004246284501,437,0.2319532908704883,12,0.0063694267515923,529,0.2807855626326964,749,0.3975583864118896,246,0.4293193717277487,36081049302,3042,691,0.2271531886916502,3150,342,0.1085714285714285,3150,74,0.0234920634920634,101579,0.101579,18547.14064914992,0.6409938328070723
360810495001,360810495001,Block Group 1; Census Tract 495; Queens County; New York,Queens,1272,526,360,0.6844106463878327,655,231,0.3526717557251908,184,0.1446540880503144,226,0.1776729559748427,630,0.4952830188679245,18,0.0141509433962264,132,0.1037735849056603,443,0.3482704402515723,43,0.0817490494296578,36081049500,1272,197,0.1548742138364779,1272,106,0.0833333333333333,1272,124,0.0974842767295597,129036,0.129036,9857.714126290335,0.8015446208520858
360810496001,360810496001,Block Group 1; Census Tract 496; Queens County; New York,Queens,1346,344,11,0.0319767441860465,691,199,0.2879884225759768,191,0.1419019316493313,191,0.1419019316493313,15,0.0111441307578008,362,0.2689450222882615,711,0.5282317979197623,108,0.0802377414561664,9,0.0261627906976744,36081049600,3040,237,0.0779605263157894,3040,335,0.1101973684210526,3040,147,0.0483552631578947,102355,0.102355,13150.310194909873,0.788504712665539
360810497001,360810497001,Block Group 1; Census Tract 497; Queens County; New York,Queens,1545,544,314,0.5772058823529411,697,299,0.4289813486370157,274,0.1773462783171521,272,0.176051779935275,390,0.2524271844660194,0,0.0,579,0.374757281553398,467,0.3022653721682848,63,0.1158088235294117,36081049700,2693,224,0.0831786112142592,2693,280,0.1039732640178239,2693,219,0.0813219457853694,111758,0.111758,13824.513681347196,0.6247917687121727
360810004001,360810004001,Block Group 1; Census Tract 4; Queens County; New York,Queens,1366,420,259,0.6166666666666667,755,368,0.4874172185430463,211,0.1544655929721815,224,0.1639824304538799,71,0.0519765739385065,78,0.0571010248901903,344,0.2518301610541728,825,0.6039531478770132,131,0.3119047619047619,36081000400,4102,347,0.0845928815212091,4102,443,0.1079960994636762,4102,434,0.1058020477815699,89239,0.089239,15307.208731608378,0.561825010895465
360810500001,360810500001,Block Group 1; Census Tract 500; Queens County; New York,Queens,1725,522,410,0.7854406130268199,778,279,0.358611825192802,280,0.1623188405797101,371,0.2150724637681159,111,0.0643478260869565,795,0.4608695652173913,461,0.2672463768115942,173,0.1002898550724637,34,0.0651340996168582,36081050000,4130,440,0.1065375302663438,4139,367,0.088668760570186,4139,254,0.0613674800676491,200410,0.20041,8607.354922409062,0.5723703617192397
360810502011,360810502011,Block Group 1; Census Tract 502.01; Queens County; New York,Queens,1358,439,193,0.4396355353075171,714,295,0.4131652661064425,225,0.1656848306332842,226,0.166421207658321,0,0.0,993,0.7312223858615611,36,0.0265095729013254,204,0.150220913107511,27,0.061503416856492,36081050201,1358,96,0.0706921944035346,1358,228,0.1678939617083946,1358,179,0.1318114874815905,168132,0.168132,8076.987129160421,0.5753012402795717
360810502021,360810502021,Block Group 1; Census Tract 502.02; Queens County; New York,Queens,1398,448,195,0.4352678571428571,638,294,0.4608150470219436,325,0.2324749642346208,252,0.1802575107296137,13,0.0092989985693848,920,0.6580829756795422,286,0.2045779685264663,76,0.0543633762517882,0,0.0,36081050202,1398,259,0.1852646638054363,1398,161,0.1151645207439198,1398,50,0.0357653791130186,152854,0.152854,9145.982440760465,0.7400783556378676
360810504001,360810504001,Block Group 1; Census Tract 504; Queens County; New York,Queens,991,292,170,0.5821917808219178,484,285,0.5888429752066116,178,0.1796165489404641,105,0.1059535822401614,4,0.0040363269424823,762,0.768920282542886,9,0.0090817356205852,81,0.0817356205852674,59,0.2020547945205479,36081050400,1729,144,0.0832851359167148,1733,187,0.1079053664166185,1733,112,0.0646278130409694,106875,0.106875,9272.51461988304,0.5799221112031355
360810505001,360810505001,Block Group 1; Census Tract 505; Queens County; New York,Queens,1749,612,339,0.553921568627451,987,332,0.3363728470111449,261,0.1492281303602058,253,0.1446540880503144,879,0.5025728987993139,0,0.0,479,0.2738707833047455,334,0.1909662664379645,142,0.2320261437908496,36081050500,1749,57,0.0325900514579759,1749,397,0.226986849628359,1749,144,0.0823327615780446,116112,0.116112,15063.042579578338,0.8471739028539232
360810506001,360810506001,Block Group 1; Census Tract 506; Queens County; New York,Queens,466,152,34,0.2236842105263158,265,125,0.4716981132075472,35,0.075107296137339,177,0.3798283261802575,0,0.0,382,0.8197424892703863,60,0.1287553648068669,0,0.0,17,0.1118421052631579,36081050600,1504,195,0.1296542553191489,1504,134,0.089095744680851,1504,48,0.0319148936170212,73252,0.073252,6361.601048435537,0.5791930940096556
360810507001,360810507001,Block Group 1; Census Tract 507; Queens County; New York,Queens,1514,564,347,0.6152482269503546,758,232,0.3060686015831134,216,0.142668428005284,335,0.2212681638044914,598,0.3949801849405548,0,0.0,379,0.2503302509907529,522,0.344782034346103,41,0.0726950354609929,36081050700,3305,379,0.1146747352496217,3305,402,0.1216338880484114,3305,312,0.0944024205748865,224974,0.224974,6729.666539244535,0.7908627323018207
360810508001,360810508001,Block Group 1; Census Tract 508; Queens County; New York,Queens,1078,336,139,0.4136904761904761,527,228,0.4326375711574952,187,0.173469387755102,215,0.199443413729128,4,0.0037105751391465,843,0.7820037105751392,194,0.1799628942486085,27,0.0250463821892393,0,0.0,36081050800,2035,215,0.1056511056511056,2035,279,0.1371007371007371,2035,152,0.0746928746928747,132921,0.132921,8110.080423710324,0.7498396838470209
360810510001,360810510001,Block Group 1; Census Tract 510; Queens County; New York,Queens,937,256,110,0.4296875,438,263,0.6004566210045662,217,0.231590181430096,116,0.1237993596584845,0,0.0,601,0.6414087513340448,283,0.3020277481323372,18,0.0192102454642476,23,0.08984375,36081051000,1490,344,0.2308724832214765,1490,119,0.0798657718120805,1490,97,0.0651006711409395,101596,0.101596,9222.80404740344,0.5771574694356516
360810511001,360810511001,Block Group 1; Census Tract 511; Queens County; New York,Queens,1483,458,89,0.1943231441048035,767,93,0.121251629726206,261,0.1759946055293324,199,0.1341874578556979,1115,0.7518543492919757,27,0.0182063385030343,195,0.131490222521915,129,0.0869858395144976,10,0.0218340611353711,36081051100,2494,272,0.1090617481956696,2494,175,0.070168404170008,2494,200,0.0801924619085805,172426,0.172426,8600.79106399267,0.7962783989650368
360810512001,360810512001,Block Group 1; Census Tract 512; Queens County; New York,Queens,1299,318,84,0.2641509433962264,527,286,0.5426944971537002,242,0.1862971516551193,273,0.2101616628175519,40,0.0307929176289453,767,0.590454195535027,227,0.1747498075442648,149,0.1147036181678214,87,0.2735849056603773,36081051200,2682,338,0.1260253542132736,2683,209,0.077897875512486,2683,186,0.0693253820350354,176695,0.176695,7351.651150287218,0.5770772285933903
360810513001,360810513001,Block Group 1; Census Tract 513; Queens County; New York,Queens,1401,427,214,0.5011709601873536,452,217,0.4800884955752212,274,0.1955745895788722,216,0.1541755888650963,646,0.4610992148465382,0,0.0,476,0.3397573162027123,199,0.1420413990007137,86,0.2014051522248243,36081051300,2621,382,0.1457458985120183,2621,208,0.0793590232735597,2621,203,0.0774513544448683,109438,0.109438,12801.769038176868,0.7777298755190157
360810515001,360810515001,Block Group 1; Census Tract 515; Queens County; New York,Queens,489,191,71,0.3717277486910995,303,90,0.297029702970297,48,0.0981595092024539,120,0.2453987730061349,128,0.261758691206544,0,0.0,198,0.4049079754601227,163,0.3333333333333333,6,0.031413612565445,36081051500,3062,143,0.0467015022860875,3062,212,0.0692357935989549,3062,19,0.0062050947093403,54830,0.05483,8918.475287251506,0.7847334348871773
360810516001,360810516001,Block Group 1; Census Tract 516; Queens County; New York,Queens,1010,270,125,0.4629629629629629,476,222,0.4663865546218487,248,0.2455445544554455,78,0.0772277227722772,0,0.0,707,0.7,9,0.0089108910891089,244,0.2415841584158415,35,0.1296296296296296,36081051600,2161,201,0.0930124942156409,2152,254,0.1180297397769516,2152,38,0.0176579925650557,64597,0.064597,15635.401024815394,0.5840341459143825
360810517001,360810517001,Block Group 1; Census Tract 517; Queens County; New York,Queens,821,352,214,0.6079545454545454,506,154,0.3043478260869565,104,0.1266747868453105,175,0.2131546894031668,480,0.584652862362972,0,0.0,75,0.0913520097442143,266,0.3239951278928136,108,0.3068181818181818,36081051700,2068,206,0.0996131528046421,2068,256,0.1237911025145067,2068,118,0.0570599613152804,170480,0.17048,4815.814171750352,0.6473109973128991
360810518001,360810518001,Block Group 1; Census Tract 518; Queens County; New York,Queens,789,233,39,0.167381974248927,441,178,0.4036281179138322,115,0.1457541191381495,115,0.1457541191381495,0,0.0,604,0.7655259822560203,0,0.0,40,0.0506970849176172,0,0.0,36081051800,2186,140,0.0640439158279963,2186,170,0.0777676120768527,2186,176,0.0805123513266239,75650,0.07565,10429.610046265698,0.5624638089178572
360810051001,360810051001,Block Group 1; Census Tract 51; Queens County; New York,Queens,1718,595,580,0.9747899159663864,964,505,0.5238589211618258,383,0.2229336437718277,147,0.0855646100116414,269,0.1565774155995343,23,0.0133876600698486,898,0.5227008149010477,319,0.1856810244470314,113,0.1899159663865546,36081005100,2303,185,0.0803300043421623,2303,191,0.0829353017802865,2303,223,0.0968302214502822,64641,0.064641,26577.55913429557,0.8792334432997934
360810520001,360810520001,Block Group 1; Census Tract 520; Queens County; New York,Queens,1753,511,134,0.2622309197651663,579,209,0.3609671848013817,462,0.2635482030804335,275,0.1568739304050199,28,0.0159726183685111,1353,0.7718197375926983,165,0.0941243582430119,137,0.0781517398745008,0,0.0,36081052000,1725,79,0.0457971014492753,1741,207,0.11889718552556,1741,71,0.0407811602527283,172214,0.172214,10179.195651921444,0.5606796379089675
360810521001,360810521001,Block Group 1; Census Tract 521; Queens County; New York,Queens,548,201,102,0.5074626865671642,265,66,0.2490566037735849,77,0.1405109489051094,139,0.2536496350364963,379,0.6916058394160584,0,0.0,0,0.0,169,0.3083941605839416,39,0.1940298507462686,36081052100,1841,319,0.1732753938077132,1841,165,0.0896252036936447,1841,107,0.0581205866376969,61257,0.061257,8945.916385066197,0.8089120444102895
360810522001,360810522001,Block Group 1; Census Tract 522; Queens County; New York,Queens,2233,550,176,0.32,935,355,0.3796791443850267,384,0.1719659650694133,332,0.1486789072995969,0,0.0,1567,0.7017465293327362,111,0.0497089117778772,328,0.1468875951634572,29,0.0527272727272727,36081052200,2233,383,0.1715181370353784,2233,195,0.0873264666368114,2233,202,0.0904612628750559,169840,0.16984,13147.668393782384,0.5619884850857476
360810524001,360810524001,Block Group 1; Census Tract 524; Queens County; New York,Queens,664,190,76,0.4,360,161,0.4472222222222222,107,0.161144578313253,114,0.1716867469879518,0,0.0,474,0.713855421686747,0,0.0,40,0.0602409638554216,0,0.0,36081052400,2150,221,0.1027906976744186,2150,214,0.0995348837209302,2150,42,0.0195348837209302,105258,0.105258,6308.3091071462495,0.5543897178973278
360810525001,360810525001,Block Group 1; Census Tract 525; Queens County; New York,Queens,1574,609,351,0.5763546798029556,886,257,0.2900677200902934,275,0.1747141041931385,225,0.1429479034307496,865,0.5495552731893265,0,0.0,201,0.127700127064803,472,0.2998729351969504,103,0.1691297208538587,36081052500,2152,150,0.0697026022304832,2152,199,0.0924721189591078,2152,162,0.0752788104089219,93125,0.093125,16902.013422818793,0.8113298344947092
360810526001,360810526001,Block Group 1; Census Tract 526; Queens County; New York,Queens,1400,408,195,0.4779411764705882,809,498,0.61557478368356,279,0.1992857142857143,153,0.1092857142857142,0,0.0,1118,0.7985714285714286,114,0.0814285714285714,64,0.0457142857142857,31,0.0759803921568627,36081052600,2324,253,0.1088640275387263,2352,149,0.0633503401360544,2352,109,0.0463435374149659,86743,0.086743,16139.630863585537,0.5547561442462262
360810528001,360810528001,Block Group 1; Census Tract 528; Queens County; New York,Queens,1577,537,253,0.4711359404096834,557,219,0.393177737881508,403,0.2555485098287888,290,0.1838934686112872,0,0.0,1145,0.7260621433100825,0,0.0,121,0.0767279644895371,17,0.031657355679702,36081052800,1577,178,0.1128725428027901,1577,190,0.1204819277108433,1577,116,0.0735573874445149,180396,0.180396,8741.878977360917,0.5659804111251584
360810052001,360810052001,Block Group 1; Census Tract 52; Queens County; New York,Queens,1154,292,186,0.636986301369863,653,97,0.1485451761102603,204,0.1767764298093587,83,0.0719237435008665,148,0.1282495667244367,41,0.035528596187175,659,0.57105719237435,253,0.2192374350086655,28,0.0958904109589041,36081005200,2303,353,0.1532783326096396,2303,221,0.0959617889709075,2303,247,0.1072514112027789,72730,0.07273,15866.904991062836,0.7406824061988115
360810530001,360810530001,Block Group 1; Census Tract 530; Queens County; New York,Queens,1144,279,94,0.3369175627240143,339,171,0.504424778761062,288,0.2517482517482518,180,0.1573426573426573,14,0.0122377622377622,1054,0.9213286713286714,0,0.0,52,0.0454545454545454,0,0.0,36081053000,2510,220,0.0876494023904382,2510,302,0.1203187250996015,2510,122,0.048605577689243,98128,0.098128,11658.242295776943,0.5252888466107464
360810531001,360810531001,Block Group 1; Census Tract 531; Queens County; New York,Queens,1876,673,217,0.3224368499257058,939,540,0.5750798722044729,380,0.2025586353944563,287,0.1529850746268656,1381,0.7361407249466951,0,0.0,48,0.0255863539445629,447,0.238272921108742,127,0.1887072808320951,36081053100,3244,327,0.1008014796547472,3244,366,0.1128236744759556,3244,301,0.0927866831072749,188853,0.188853,9933.652099781311,0.8051679587265483
360810532001,360810532001,Block Group 1; Census Tract 532; Queens County; New York,Queens,1143,328,141,0.4298780487804878,510,229,0.4490196078431372,332,0.2904636920384952,171,0.1496062992125984,6,0.0052493438320209,860,0.752405949256343,7,0.0061242344706911,263,0.2300962379702537,21,0.0640243902439024,36081053200,2138,243,0.1136576239476146,2163,154,0.0711974110032362,2163,172,0.0795191863153028,100853,0.100853,11333.326723052363,0.5590006162784004
360810534011,360810534011,Block Group 1; Census Tract 534.01; Queens County; New York,Queens,827,246,66,0.2682926829268293,366,98,0.2677595628415301,177,0.2140266021765417,146,0.1765417170495767,0,0.0,739,0.8935912938331319,39,0.0471584038694075,41,0.0495767835550181,6,0.024390243902439,36081053401,1968,74,0.0376016260162601,1968,208,0.1056910569105691,1968,129,0.0655487804878048,165143,0.165143,5007.781135137426,0.5206303509707733
360810535011,360810535011,Block Group 1; Census Tract 535.01; Queens County; New York,Queens,1162,513,489,0.953216374269006,707,324,0.4582743988684583,197,0.1695352839931153,55,0.0473321858864027,321,0.2762478485370052,0,0.0,173,0.148881239242685,567,0.4879518072289157,110,0.2144249512670565,36081053501,1150,250,0.217391304347826,1162,54,0.0464716006884681,1162,239,0.2056798623063683,177883,0.177883,6532.383645429861,0.5793531711835785
360810536011,360810536011,Block Group 1; Census Tract 536.01; Queens County; New York,Queens,1363,547,285,0.5210237659963437,440,90,0.2045454545454545,205,0.1504035216434336,482,0.3536316947909024,36,0.0264123257520176,499,0.3661041819515774,399,0.2927366104181951,429,0.3147468818782098,277,0.506398537477148,36081053601,1761,294,0.1669505962521294,1761,456,0.2589437819420783,1761,15,0.0085178875638841,114934,0.114934,11858.979936311274,0.5724792165153139
360810538001,360810538001,Block Group 1; Census Tract 538; Queens County; New York,Queens,957,243,68,0.279835390946502,458,91,0.1986899563318777,188,0.1964472309299895,157,0.1640543364681295,19,0.0198537095088819,652,0.6812957157784744,88,0.0919540229885057,56,0.0585161964472309,9,0.037037037037037,36081053800,1700,89,0.0523529411764705,1714,211,0.1231038506417736,1714,152,0.0886814469078179,100779,0.100779,9496.025957788826,0.5640547710426846
360810539011,360810539011,Block Group 1; Census Tract 539.01; Queens County; New York,Queens,553,262,212,0.8091603053435115,333,169,0.5075075075075075,37,0.0669077757685352,39,0.0705244122965642,246,0.4448462929475588,97,0.1754068716094032,0,0.0,210,0.379746835443038,11,0.0419847328244274,36081053901,4128,491,0.1189437984496124,4112,656,0.159533073929961,4112,604,0.1468871595330739,228104,0.228104,2424.332760495213,0.3190425583495238
360810539021,360810539021,Block Group 1; Census Tract 539.02; Queens County; New York,Queens,27,8,4,0.5,17,13,0.7647058823529411,10,0.3703703703703703,0,0.0,23,0.8518518518518519,0,0.0,0,0.0,4,0.1481481481481481,0,0.0,36081053902,27,0,0.0,27,0,0.0,27,0,0.0,165527,0.165527,163.11538298887794,0.5470539790354826
360810053001,360810053001,Block Group 1; Census Tract 53; Queens County; New York,Queens,927,532,473,0.8890977443609023,657,548,0.8340943683409436,123,0.1326860841423948,0,0.0,244,0.2632146709816613,21,0.0226537216828478,370,0.3991370010787486,203,0.2189859762675296,27,0.0507518796992481,36081005300,5188,299,0.0576329992289899,5188,216,0.0416345412490362,5188,517,0.0996530454895913,51900,0.0519,17861.271676300577,0.8758170484436768
360810540001,360810540001,Block Group 1; Census Tract 540; Queens County; New York,Queens,1248,449,140,0.311804008908686,717,356,0.496513249651325,66,0.0528846153846153,199,0.1594551282051282,10,0.0080128205128205,629,0.5040064102564102,173,0.1386217948717948,354,0.2836538461538461,30,0.066815144766147,36081054000,4325,536,0.1239306358381502,4240,615,0.1450471698113207,4240,399,0.0941037735849056,213227,0.213227,5852.917313473435,0.568005385236275
360810542001,360810542001,Block Group 1; Census Tract 542; Queens County; New York,Queens,874,248,61,0.2459677419354838,449,71,0.1581291759465478,180,0.205949656750572,83,0.0949656750572082,40,0.045766590389016,279,0.3192219679633867,495,0.5663615560640732,40,0.045766590389016,0,0.0,36081054200,5358,425,0.0793206420306084,5517,556,0.100779409099148,5517,415,0.0752220409642921,96494,0.096494,9057.557982879764,0.5452720383387502
360810545001,360810545001,Block Group 1; Census Tract 545; Queens County; New York,Queens,1219,535,340,0.6355140186915887,615,356,0.5788617886178862,103,0.0844954881050041,152,0.1246923707957342,603,0.4946677604593929,0,0.0,141,0.1156685808039376,427,0.3502871205906481,189,0.3532710280373832,36081054500,3675,339,0.0922448979591836,3675,388,0.105578231292517,3675,654,0.1779591836734693,35276,0.035276,34556.07211702007,0.3241644444862707
360810547001,360810547001,Block Group 1; Census Tract 547; Queens County; New York,Queens,1948,506,506,1.0,727,385,0.5295735900962861,743,0.3814168377823408,93,0.047741273100616,318,0.1632443531827515,41,0.021047227926078,326,0.1673511293634497,1232,0.6324435318275154,54,0.1067193675889328,36081054700,5142,432,0.0840140023337222,5210,337,0.06468330134357,5210,1326,0.254510556621881,55507,0.055507,35094.67274397823,0.5907480252640726
360810548001,360810548001,Block Group 1; Census Tract 548; Queens County; New York,Queens,879,288,58,0.2013888888888889,468,159,0.3397435897435897,157,0.1786120591581342,227,0.2582480091012514,51,0.0580204778156996,106,0.1205915813424345,414,0.4709897610921502,82,0.0932878270762229,27,0.09375,36081054800,2382,253,0.1062132661628883,2376,297,0.125,2376,179,0.0753367003367003,132706,0.132706,6623.664340723102,0.8175533065901032
360810549001,360810549001,Block Group 1; Census Tract 549; Queens County; New York,Queens,997,358,317,0.8854748603351955,532,236,0.4436090225563909,186,0.1865596790371113,151,0.1514543630892678,338,0.3390170511534603,27,0.0270812437311935,72,0.0722166499498495,501,0.5025075225677031,96,0.2681564245810056,36081054900,5227,523,0.1000573942988329,5281,241,0.0456352963453891,5281,871,0.1649308843022155,37929,0.037929,26285.955337604475,0.6102504085417154
360810054001,360810054001,Block Group 1; Census Tract 54; Queens County; New York,Queens,689,194,114,0.5876288659793815,302,169,0.5596026490066225,210,0.3047895500725689,124,0.1799709724238026,140,0.2031930333817126,0,0.0,255,0.3701015965166908,286,0.4150943396226415,11,0.056701030927835,36081005400,5262,610,0.1159255036107943,5341,898,0.1681333083692192,5341,228,0.0426886350870623,75899,0.075899,9077.853463154985,0.5648472595744803
360810551001,360810551001,Block Group 1; Census Tract 551; Queens County; New York,Queens,536,150,126,0.84,255,102,0.4,151,0.2817164179104477,50,0.0932835820895522,169,0.3152985074626865,0,0.0,50,0.0932835820895522,307,0.5727611940298507,0,0.0,36081055100,4276,727,0.1700187090739008,4363,442,0.1013064405225762,4363,629,0.144166857666743,44497,0.044497,12045.75589365575,0.6006376046989598
360810552001,360810552001,Block Group 1; Census Tract 552; Queens County; New York,Queens,1705,617,463,0.7504051863857374,956,618,0.6464435146443515,291,0.170674486803519,327,0.1917888563049853,166,0.0973607038123167,607,0.3560117302052786,524,0.3073313782991202,316,0.1853372434017595,72,0.1166936790923825,36081055200,2873,275,0.0957187608771319,2873,358,0.1246084232509571,2873,51,0.0177514792899408,285680,0.28568,5968.216185942313,0.7404557378404465
360810553001,360810553001,Block Group 1; Census Tract 553; Queens County; New York,Queens,1255,376,376,1.0,802,456,0.5685785536159601,187,0.149003984063745,64,0.0509960159362549,192,0.1529880478087649,32,0.0254980079681274,119,0.0948207171314741,885,0.7051792828685259,63,0.1675531914893617,36081055300,2911,290,0.0996221229817932,2904,212,0.0730027548209366,2904,610,0.2100550964187328,83541,0.083541,15022.56377108246,0.609264343995498
360810554001,360810554001,Block Group 1; Census Tract 554; Queens County; New York,Queens,1497,426,164,0.3849765258215962,570,241,0.4228070175438596,194,0.1295925183700735,219,0.1462925851703407,137,0.0915163660654642,275,0.1837007348029392,655,0.4375417501670006,375,0.250501002004008,46,0.107981220657277,36081055400,2599,414,0.1592920353982301,2599,251,0.0965756060023085,2599,103,0.0396306271642939,108620,0.10862,13781.992266617566,0.6091240216250936
360810555001,360810555001,Block Group 1; Census Tract 555; Queens County; New York,Queens,794,279,211,0.7562724014336918,438,347,0.7922374429223744,125,0.1574307304785894,127,0.1599496221662468,82,0.1032745591939546,31,0.0390428211586901,43,0.0541561712846347,623,0.7846347607052897,67,0.2401433691756272,36081055500,2269,260,0.1145879241956809,2256,162,0.0718085106382978,2256,476,0.2109929078014184,48408,0.048408,16402.247562386383,0.5689963884486904
360810556001,360810556001,Block Group 1; Census Tract 556; Queens County; New York,Queens,1514,460,113,0.2456521739130434,673,244,0.362555720653789,255,0.1684280052840158,391,0.2582562747688243,22,0.0145310435931307,103,0.0680317040951122,694,0.4583883751651255,432,0.285336856010568,27,0.058695652173913,36081055600,2233,66,0.0295566502463054,2233,204,0.0913569189431258,2233,85,0.0380653828929691,150465,0.150465,10062.1406971721,0.742106160005058
360810557001,360810557001,Block Group 1; Census Tract 557; Queens County; New York,Queens,1266,533,467,0.8761726078799249,637,280,0.4395604395604395,109,0.0860979462875197,344,0.2717219589257504,378,0.2985781990521327,36,0.0284360189573459,77,0.0608214849921011,744,0.5876777251184834,86,0.1613508442776735,36081055700,3386,323,0.0953927938570584,3386,202,0.0596574128765505,3386,510,0.1506202008269344,59755,0.059755,21186.511588988367,0.5749057110967155
360810558001,360810558001,Block Group 1; Census Tract 558; Queens County; New York,Queens,778,313,117,0.3738019169329074,513,234,0.4561403508771929,115,0.1478149100257069,142,0.1825192802056555,122,0.1568123393316195,22,0.0282776349614395,291,0.3740359897172236,279,0.358611825192802,53,0.1693290734824281,36081055800,1649,103,0.0624620982413584,1649,280,0.1697998787143723,1649,59,0.0357792601576713,76278,0.076278,10199.53328613755,0.5416859684252209
360810559001,360810559001,Block Group 1; Census Tract 559; Queens County; New York,Queens,1129,388,329,0.8479381443298969,556,315,0.5665467625899281,162,0.1434898139946855,220,0.1948627103631532,216,0.1913197519929141,116,0.1027457927369353,119,0.1054030115146147,661,0.5854738706820195,77,0.1984536082474226,36081055900,1129,182,0.1612046058458813,1129,171,0.1514614703277236,1129,41,0.0363153232949512,158575,0.158575,7119.659467129119,0.337913356322666
360810055001,360810055001,Block Group 1; Census Tract 55; Queens County; New York,Queens,1350,580,545,0.9396551724137931,657,391,0.5951293759512938,274,0.2029629629629629,149,0.1103703703703703,328,0.2429629629629629,42,0.0311111111111111,347,0.257037037037037,539,0.3992592592592592,132,0.2275862068965517,36081005500,1342,106,0.0789865871833084,1350,104,0.077037037037037,1350,115,0.0851851851851851,165967,0.165967,8134.147149734586,0.866188922617311
360810560001,360810560001,Block Group 1; Census Tract 560; Queens County; New York,Queens,796,181,60,0.3314917127071823,399,30,0.075187969924812,153,0.1922110552763819,206,0.2587939698492462,49,0.0615577889447236,0,0.0,658,0.8266331658291457,67,0.0841708542713567,26,0.143646408839779,36081056000,1690,115,0.0680473372781065,1695,222,0.1309734513274336,1695,81,0.047787610619469,108105,0.108105,7363.211692336155,0.7440439260756805
360810561001,360810561001,Block Group 1; Census Tract 561; Queens County; New York,Queens,12,4,0,0.0,12,8,0.6666666666666666,0,0.0,0,0.0,12,1.0,0,0.0,0,0.0,0,0.0,0,0.0,36081056100,12,0,0.0,12,0,0.0,12,0,0.0,2822179,2.822179,4.252033623664551,0.3300075589331529
360810562001,360810562001,Block Group 1; Census Tract 562; Queens County; New York,Queens,1399,511,110,0.2152641878669275,632,175,0.2768987341772151,238,0.1701215153681201,425,0.3037884203002144,296,0.2115796997855611,199,0.1422444603288062,420,0.3002144388849178,460,0.3288062902072909,0,0.0,36081056200,1399,6,0.0042887776983559,1399,223,0.1593995711222301,1399,76,0.0543245175125089,160593,0.160593,8711.463139738344,0.5513989950781242
360810564001,360810564001,Block Group 1; Census Tract 564; Queens County; New York,Queens,1580,514,246,0.4785992217898833,661,243,0.367624810892587,250,0.1582278481012658,311,0.1968354430379746,261,0.1651898734177215,102,0.0645569620253164,281,0.1778481012658228,513,0.3246835443037975,48,0.0933852140077821,36081056400,1580,210,0.1329113924050632,1580,204,0.1291139240506329,1580,175,0.110759493670886,187244,0.187244,8438.187605477346,0.5467633378038366
360810565001,360810565001,Block Group 1; Census Tract 565; Queens County; New York,Queens,1850,608,337,0.5542763157894737,987,411,0.4164133738601823,542,0.292972972972973,170,0.0918918918918919,264,0.1427027027027027,49,0.0264864864864864,57,0.0308108108108108,1463,0.7908108108108108,34,0.0559210526315789,36081056500,1850,58,0.0313513513513513,1850,161,0.087027027027027,1850,195,0.1054054054054054,117784,0.117784,15706.717380968552,0.5470215898121074
360810566001,360810566001,Block Group 1; Census Tract 566; Queens County; New York,Queens,985,284,183,0.6443661971830986,239,114,0.4769874476987448,148,0.150253807106599,406,0.4121827411167513,8,0.0081218274111675,223,0.2263959390862944,218,0.2213197969543147,171,0.1736040609137056,11,0.0387323943661971,36081056600,1546,377,0.2438551099611901,1546,248,0.1604139715394566,1546,135,0.0873221216041397,92055,0.092055,10700.124925316388,0.5972459222166542
360810567001,360810567001,Block Group 1; Census Tract 567; Queens County; New York,Queens,717,266,79,0.2969924812030075,385,209,0.5428571428571428,161,0.2245467224546722,142,0.1980474198047419,239,0.3333333333333333,67,0.0934449093444909,7,0.00976290097629,404,0.5634588563458857,59,0.2218045112781954,36081056700,4601,203,0.0441208432949358,4601,248,0.0539013257987394,4601,423,0.0919365355357531,68700,0.0687,10436.681222707424,0.5593053582323371
360810568001,360810568001,Block Group 1; Census Tract 568; Queens County; New York,Queens,2317,895,647,0.7229050279329609,1421,619,0.4356087262491203,337,0.1454466983167889,572,0.2468709538195943,201,0.0867501078981441,1129,0.4872680189900734,227,0.0979715148899438,367,0.1583944756150194,123,0.1374301675977653,36081056800,4351,418,0.0960698689956331,4364,767,0.1757561869844179,4364,313,0.0717231897341888,294804,0.294804,7859.459166090012,0.582218376073275
360810577001,360810577001,Block Group 1; Census Tract 577; Queens County; New York,Queens,930,339,306,0.9026548672566372,557,208,0.3734290843806104,192,0.2064516129032258,47,0.0505376344086021,510,0.5483870967741935,0,0.0,0,0.0,396,0.4258064516129032,13,0.0383480825958702,36081057700,3926,520,0.1324503311258278,3926,324,0.0825267447784004,3926,356,0.0906775343861436,52959,0.052959,17560.754545969525,0.5783155306928484
360810579001,360810579001,Block Group 1; Census Tract 579; Queens County; New York,Queens,884,343,279,0.8134110787172012,459,282,0.6143790849673203,161,0.1821266968325791,157,0.1776018099547511,286,0.3235294117647059,68,0.0769230769230769,15,0.0169683257918552,469,0.5305429864253394,56,0.1632653061224489,36081057900,1671,157,0.0939557151406343,1671,134,0.0801915020945541,1671,190,0.113704368641532,35302,0.035302,25041.074160104243,0.5789314004831961
360810057001,360810057001,Block Group 1; Census Tract 57; Queens County; New York,Queens,1726,897,834,0.9297658862876256,1167,813,0.6966580976863753,88,0.0509849362688296,274,0.1587485515643105,1045,0.6054461181923523,32,0.0185399768250289,237,0.1373117033603708,215,0.1245654692931633,118,0.1315496098104793,36081005700,3799,884,0.2326928138983943,3800,422,0.1110526315789473,3800,533,0.1402631578947368,111778,0.111778,15441.321190216322,0.8587349923289751
360810580001,360810580001,Block Group 1; Census Tract 580; Queens County; New York,Queens,754,254,25,0.0984251968503937,340,54,0.1588235294117647,111,0.1472148541114058,231,0.3063660477453581,7,0.0092838196286472,697,0.9244031830238728,26,0.0344827586206896,24,0.0318302387267904,0,0.0,36081058000,4287,153,0.0356892932120363,4287,541,0.126195474690926,4287,249,0.0580825752274317,161862,0.161862,4658.289159901645,0.5537446964059622
360810581001,360810581001,Block Group 1; Census Tract 581; Queens County; New York,Queens,991,392,199,0.5076530612244898,407,91,0.2235872235872235,284,0.2865792129162462,187,0.1886982845610494,336,0.3390514631685166,0,0.0,88,0.0887991927346115,271,0.2734611503531786,66,0.1683673469387755,36081058100,2779,226,0.0813242173443684,2779,340,0.122346167686218,2779,102,0.0367038503058654,61925,0.061925,16003.229713362938,0.6052783088988068
360810582001,360810582001,Block Group 1; Census Tract 582; Queens County; New York,Queens,1594,377,153,0.4058355437665782,644,225,0.3493788819875776,441,0.2766624843161857,283,0.1775407779171894,0,0.0,945,0.5928481806775407,0,0.0,369,0.2314930991217064,0,0.0,36081058200,5092,285,0.0559701492537313,5112,404,0.0790297339593114,5112,479,0.0937010954616588,167788,0.167788,9500.083438624932,0.548818557787391
360810583001,360810583001,Block Group 1; Census Tract 583; Queens County; New York,Queens,1507,584,516,0.8835616438356164,724,338,0.4668508287292817,324,0.2149966821499668,302,0.2003981420039814,788,0.5228931652289317,26,0.0172528201725282,95,0.0630391506303915,448,0.2972793629727936,86,0.1472602739726027,36081058300,3495,412,0.1178826895565093,3495,383,0.1095851216022889,3495,172,0.0492131616595135,56088,0.056088,26868.49236913422,0.6058707803880184
360810585001,360810585001,Block Group 1; Census Tract 585; Queens County; New York,Queens,1363,486,423,0.8703703703703703,736,445,0.6046195652173914,71,0.0520909757887013,109,0.0799706529713866,622,0.4563462949376375,120,0.0880410858400587,185,0.1357300073367571,362,0.2655906089508437,54,0.1111111111111111,36081058500,4010,242,0.0603491271820448,4010,413,0.1029925187032419,4010,444,0.1107231920199501,53986,0.053986,25247.28633349387,0.6215072026480783
360810587001,360810587001,Block Group 1; Census Tract 587; Queens County; New York,Queens,1452,646,554,0.8575851393188855,877,679,0.774230330672748,159,0.1095041322314049,296,0.2038567493112947,765,0.5268595041322314,0,0.0,93,0.0640495867768595,314,0.2162534435261708,138,0.2136222910216718,36081058700,3486,341,0.097819850831899,3486,250,0.0717154331612163,3486,171,0.0490533562822719,74171,0.074171,19576.384301141956,0.6153144093757967
360810589001,360810589001,Block Group 1; Census Tract 589; Queens County; New York,Queens,1395,520,489,0.9403846153846154,711,481,0.6765119549929677,238,0.1706093189964157,130,0.0931899641577061,658,0.47168458781362,12,0.0086021505376344,0,0.0,641,0.4594982078853046,142,0.273076923076923,36081058900,4595,1299,0.2826985854189336,4618,425,0.0920311823300129,4618,461,0.0998267648332611,50639,0.050639,27547.937360532393,0.5892844279501482
360810058001,360810058001,Block Group 1; Census Tract 58; Queens County; New York,Queens,1696,563,326,0.5790408525754884,807,582,0.7211895910780669,342,0.2016509433962264,242,0.142688679245283,69,0.0406839622641509,104,0.0613207547169811,801,0.4722877358490566,722,0.4257075471698113,222,0.3943161634103019,36081005800,6219,139,0.0223508602669239,6242,916,0.1467478372316565,6242,227,0.0363665491829541,174500,0.1745,9719.19770773639,0.5173788616846674
360810590001,360810590001,Block Group 1; Census Tract 590; Queens County; New York,Queens,1258,391,86,0.2199488491048593,592,204,0.3445945945945945,313,0.2488076311605723,238,0.1891891891891892,172,0.136724960254372,896,0.712241653418124,44,0.0349761526232114,119,0.0945945945945946,25,0.0639386189258312,36081059000,1258,111,0.088235294117647,1258,61,0.0484896661367249,1258,147,0.1168521462639109,158601,0.158601,7931.854149721629,0.4946029835763218
360810591001,360810591001,Block Group 1; Census Tract 591; Queens County; New York,Queens,1081,408,380,0.931372549019608,680,423,0.6220588235294118,174,0.1609620721554116,0,0.0,489,0.4523589269195189,0,0.0,0,0.0,592,0.547641073080481,230,0.5637254901960784,36081059100,4799,1252,0.2608876849343613,4799,356,0.0741821212752656,4799,943,0.1964992706813919,53142,0.053142,20341.725941816265,0.5886314741886438
360810592001,360810592001,Block Group 1; Census Tract 592; Queens County; New York,Queens,1240,444,109,0.2454954954954954,584,139,0.238013698630137,148,0.1193548387096774,272,0.2193548387096774,6,0.0048387096774193,1128,0.9096774193548388,59,0.0475806451612903,6,0.0048387096774193,0,0.0,36081059200,1240,277,0.2233870967741935,1240,215,0.1733870967741935,1240,44,0.0354838709677419,226137,0.226137,5483.401654749112,0.5304012603713898
360810593001,360810593001,Block Group 1; Census Tract 593; Queens County; New York,Queens,1662,602,465,0.7724252491694352,631,230,0.3645007923930269,393,0.2364620938628159,166,0.0998796630565583,813,0.4891696750902527,1,0.0006016847172081,138,0.0830324909747292,710,0.4271961492178098,45,0.074750830564784,36081059300,4040,811,0.2007425742574257,4040,94,0.0232673267326732,4040,580,0.1435643564356435,108328,0.108328,15342.293774462743,0.6234543521733599
360810594001,360810594001,Block Group 1; Census Tract 594; Queens County; New York,Queens,967,331,44,0.1329305135951661,485,76,0.156701030927835,121,0.125129265770424,271,0.280248190279214,0,0.0,740,0.765253360910031,0,0.0,117,0.1209927611168562,7,0.0211480362537764,36081059400,1667,17,0.0101979604079184,1667,188,0.1127774445110977,1667,137,0.0821835632873425,123367,0.123367,7838.400868951989,0.5375028840382168
360810595011,360810595011,Block Group 1; Census Tract 595.01; Queens County; New York,Queens,975,378,322,0.8518518518518519,467,216,0.4625267665952891,206,0.2112820512820512,123,0.1261538461538461,588,0.6030769230769231,28,0.0287179487179487,52,0.0533333333333333,307,0.3148717948717949,105,0.2777777777777778,36081059501,1903,222,0.116657908565423,1903,292,0.1534419337887546,1903,296,0.1555438780872307,69379,0.069379,14053.243776935386,0.6059526960856407
360810595021,360810595021,Block Group 1; Census Tract 595.02; Queens County; New York,Queens,1516,551,259,0.47005444646098,674,211,0.3130563798219584,362,0.2387862796833773,322,0.2124010554089709,554,0.3654353562005277,81,0.0534300791556728,215,0.141820580474934,659,0.4346965699208443,83,0.1506352087114337,36081059502,2674,608,0.2273747195213163,2674,270,0.1009723261032161,2674,231,0.0863874345549738,147184,0.147184,10300.03261224046,0.5946075756257326
360810596001,360810596001,Block Group 1; Census Tract 596; Queens County; New York,Queens,692,191,51,0.2670157068062827,223,68,0.3049327354260089,221,0.319364161849711,90,0.130057803468208,1,0.0014450867052023,481,0.6950867052023122,12,0.0173410404624277,173,0.25,8,0.0418848167539267,36081059600,1674,240,0.1433691756272401,1674,357,0.2132616487455197,1674,141,0.0842293906810035,96317,0.096317,7184.6091551854815,0.4993567276153304
360810598001,360810598001,Block Group 1; Census Tract 598; Queens County; New York,Queens,867,201,144,0.7164179104477612,277,39,0.1407942238267148,342,0.3944636678200692,120,0.1384083044982699,0,0.0,661,0.76239907727797,0,0.0,93,0.1072664359861591,0,0.0,36081059800,1670,92,0.0550898203592814,1691,159,0.094027202838557,1691,56,0.0331164991129509,95809,0.095809,9049.254245425796,0.4953012440879767
360810599001,360810599001,Block Group 1; Census Tract 599; Queens County; New York,Queens,856,270,94,0.3481481481481481,413,117,0.2832929782082324,203,0.2371495327102804,85,0.0992990654205607,544,0.6355140186915887,0,0.0,6,0.0070093457943925,290,0.338785046728972,6,0.0222222222222222,36081059900,1492,141,0.0945040214477211,1493,180,0.1205626255860683,1493,83,0.0555927662424648,57539,0.057539,14876.866125584384,0.6308544883518601
360810059001,360810059001,Block Group 1; Census Tract 59; Queens County; New York,Queens,1497,788,723,0.91751269035533,839,534,0.636471990464839,85,0.0567802271209084,416,0.2778891115564462,969,0.6472945891783567,1,0.0006680026720106,62,0.0414161656646626,287,0.1917167668670674,36,0.0456852791878172,36081005900,4208,376,0.0893536121673003,4208,299,0.0710551330798479,4208,368,0.0874524714828897,95039,0.095039,15751.428360988648,0.8664949919164704
360810600001,360810600001,Block Group 1; Census Tract 600; Queens County; New York,Queens,1132,451,126,0.2793791574279379,588,107,0.1819727891156462,189,0.1669611307420494,359,0.3171378091872791,0,0.0,887,0.7835689045936396,0,0.0,75,0.0662544169611307,0,0.0,36081060000,1132,73,0.0644876325088339,1132,131,0.1157243816254417,1132,13,0.0114840989399293,176717,0.176717,6405.722143313886,0.5381522494901807
360810601001,360810601001,Block Group 1; Census Tract 601; Queens County; New York,Queens,1283,480,323,0.6729166666666667,566,240,0.4240282685512367,297,0.2314886983632112,310,0.2416212003117692,728,0.5674201091192518,0,0.0,90,0.0701480904130943,461,0.3593141075604053,140,0.2916666666666667,36081060100,2084,97,0.0465451055662188,2084,193,0.0926103646833013,2084,280,0.1343570057581574,75121,0.075121,17079.112365383848,0.6318214073250937
360810603001,360810603001,Block Group 1; Census Tract 603; Queens County; New York,Queens,1924,762,483,0.6338582677165354,879,309,0.3515358361774744,292,0.1517671517671517,366,0.1902286902286902,1008,0.5239085239085239,0,0.0,108,0.0561330561330561,769,0.3996881496881497,141,0.1850393700787401,36081060300,1924,176,0.0914760914760914,1924,311,0.1616424116424116,1924,52,0.027027027027027,181368,0.181368,10608.26606678135,0.6211342812926441
360810606001,360810606001,Block Group 1; Census Tract 606; Queens County; New York,Queens,574,225,46,0.2044444444444444,289,62,0.2145328719723183,82,0.1428571428571428,127,0.2212543554006968,0,0.0,531,0.9250871080139372,17,0.0296167247386759,26,0.0452961672473867,9,0.04,36081060600,1176,59,0.0501700680272108,1176,100,0.0850340136054421,1176,27,0.0229591836734693,100241,0.100241,5726.199858341397,0.540106349688961
360810608001,360810608001,Block Group 1; Census Tract 608; Queens County; New York,Queens,1592,506,119,0.2351778656126482,696,234,0.3362068965517241,405,0.2543969849246231,252,0.1582914572864321,8,0.0050251256281407,1405,0.882537688442211,140,0.0879396984924623,39,0.0244974874371859,3,0.0059288537549407,36081060800,1464,108,0.0737704918032786,1592,251,0.1576633165829145,1592,59,0.0370603015075376,211446,0.211446,7529.109086953643,0.5488033118735607
360810610001,360810610001,Block Group 1; Census Tract 610; Queens County; New York,Queens,1318,415,39,0.0939759036144578,513,106,0.2066276803118908,191,0.1449165402124431,457,0.3467374810318664,26,0.0197268588770864,1081,0.8201820940819423,0,0.0,159,0.1206373292867981,0,0.0,36081061000,1261,112,0.0888183980967486,1308,160,0.1223241590214067,1308,27,0.0206422018348623,236862,0.236862,5564.421477484781,0.5395795136928718
360810612001,360810612001,Block Group 1; Census Tract 612; Queens County; New York,Queens,1200,299,22,0.0735785953177257,581,92,0.1583476764199655,136,0.1133333333333333,291,0.2425,7,0.0058333333333333,964,0.8033333333333333,44,0.0366666666666666,32,0.0266666666666666,0,0.0,36081061200,1839,73,0.0396954866775421,1839,336,0.1827079934747145,1839,6,0.0032626427406199,123999,0.123999,9677.497399172576,0.7360857163976424
360810613011,360810613011,Block Group 1; Census Tract 613.01; Queens County; New York,Queens,886,321,216,0.6728971962616822,563,279,0.4955595026642984,97,0.1094808126410835,59,0.0665914221218961,369,0.4164785553047404,0,0.0,38,0.0428893905191873,436,0.492099322799097,10,0.0311526479750778,36081061301,5205,606,0.1164265129682997,5205,447,0.085878962536023,5205,837,0.1608069164265129,276118,0.276118,3208.7730607928497,0.602594447019477
360810614001,360810614001,Block Group 1; Census Tract 614; Queens County; New York,Queens,1357,419,109,0.2601431980906921,515,167,0.3242718446601941,324,0.238761974944731,325,0.2394988946204863,34,0.0250552689756816,1169,0.8614591009579956,42,0.0309506263817243,57,0.0420044215180545,0,0.0,36081061400,1357,90,0.0663227708179808,1357,177,0.1304347826086956,1357,31,0.0228445099484156,257752,0.257752,5264.750612992334,0.4776644952258962
360810616011,360810616011,Block Group 1; Census Tract 616.01; Queens County; New York,Queens,1005,360,102,0.2833333333333333,437,105,0.2402745995423341,106,0.1054726368159204,252,0.2507462686567164,7,0.0069651741293532,841,0.83681592039801,33,0.0328358208955223,41,0.0407960199004975,0,0.0,36081061601,2257,95,0.0420912715994683,2216,229,0.1033393501805054,2216,79,0.0356498194945848,146737,0.146737,6848.988326052733,0.4921490827402325
360810616021,360810616021,Block Group 1; Census Tract 616.02; Queens County; New York,Queens,564,214,3,0.014018691588785,314,99,0.3152866242038216,63,0.1117021276595744,76,0.1347517730496454,3,0.0053191489361702,365,0.6471631205673759,0,0.0,180,0.3191489361702128,0,0.0,36081061602,968,29,0.0299586776859504,968,73,0.0754132231404958,968,89,0.0919421487603305,196792,0.196792,2865.9701613886746,0.3085581529922857
360810618001,360810618001,Block Group 1; Census Tract 618; Queens County; New York,Queens,555,309,146,0.4724919093851132,386,83,0.2150259067357512,35,0.063063063063063,138,0.2486486486486486,7,0.0126126126126126,426,0.7675675675675676,26,0.0468468468468468,28,0.0504504504504504,0,0.0,36081061800,2037,141,0.0692194403534609,2037,220,0.1080019636720667,2037,263,0.1291114383897889,89270,0.08927,6217.09420858071,0.5404506065075474
360810619001,360810619001,Block Group 1; Census Tract 619; Queens County; New York,Queens,1906,632,418,0.6613924050632911,889,201,0.2260967379077615,448,0.2350472193074501,245,0.1285414480587618,1003,0.5262329485834207,0,0.0,205,0.1075550891920251,539,0.282791185729276,18,0.0284810126582278,36081061900,3046,542,0.1779382797110965,3046,296,0.0971766250820748,3046,22,0.0072225869993434,133043,0.133043,14326.195290244508,0.7453956186851843
360810061001,360810061001,Block Group 1; Census Tract 61; Queens County; New York,Queens,784,451,417,0.9246119733924612,641,475,0.7410296411856474,42,0.0535714285714285,55,0.0701530612244897,300,0.3826530612244898,0,0.0,165,0.2104591836734693,300,0.3826530612244898,34,0.0753880266075388,36081006100,5165,309,0.0598257502420135,5207,406,0.0779719608219704,5207,152,0.0291914730170923,49142,0.049142,15953.766635464572,0.8922241683014885
360810062011,360810062011,Block Group 1; Census Tract 62.01; Queens County; New York,Queens,2980,1410,460,0.3262411347517731,1090,263,0.2412844036697247,561,0.1882550335570469,822,0.2758389261744966,1204,0.4040268456375839,188,0.0630872483221476,605,0.2030201342281879,917,0.3077181208053691,114,0.0808510638297872,36081006201,5870,469,0.0798977853492333,5855,1207,0.2061485909479077,5855,156,0.0266438941076003,261690,0.26169,11387.519584240898,0.4297955805970809
360810062021,360810062021,Block Group 1; Census Tract 62.02; Queens County; New York,Queens,99,23,0,0.0,19,0,0.0,0,0.0,43,0.4343434343434343,0,0.0,0,0.0,0,0.0,99,1.0,0,0.0,36081006202,7327,534,0.0728811246076156,7327,1733,0.2365224512078613,7327,391,0.0533642691415313,217205,0.217205,455.7906125549596,0.716826199292099
360810620001,360810620001,Block Group 1; Census Tract 620; Queens County; New York,Queens,1545,524,71,0.1354961832061068,825,176,0.2133333333333333,150,0.0970873786407767,417,0.2699029126213592,9,0.0058252427184466,1459,0.944336569579288,0,0.0,43,0.0278317152103559,0,0.0,36081062000,1545,23,0.0148867313915857,1545,219,0.141747572815534,1545,37,0.0239482200647249,216242,0.216242,7144.772985821442,0.7003595394315806
360810621001,360810621001,Block Group 1; Census Tract 621; Queens County; New York,Queens,1006,446,322,0.7219730941704036,505,198,0.3920792079207921,196,0.1948310139165009,249,0.2475149105367793,616,0.6123260437375746,195,0.1938369781312127,27,0.0268389662027833,168,0.1669980119284294,49,0.1098654708520179,36081062100,2646,369,0.1394557823129251,2650,272,0.1026415094339622,2650,305,0.1150943396226415,79657,0.079657,12629.147469776666,0.6090044412692903
360810622001,360810622001,Block Group 1; Census Tract 622; Queens County; New York,Queens,1057,328,32,0.0975609756097561,580,94,0.1620689655172413,180,0.1702932828760643,325,0.3074739829706717,105,0.0993377483443708,899,0.8505203405865658,0,0.0,13,0.0122989593188268,0,0.0,36081062200,2069,172,0.0831319478008699,2069,373,0.1802803286611889,2069,35,0.0169163847269212,242802,0.242802,4353.341405754483,0.4662727717650767
360810623001,360810623001,Block Group 1; Census Tract 623; Queens County; New York,Queens,742,336,250,0.7440476190476191,362,127,0.3508287292817679,95,0.1280323450134771,192,0.2587601078167116,469,0.6320754716981132,10,0.013477088948787,0,0.0,263,0.3544474393530997,25,0.0744047619047619,36081062300,2111,374,0.177167219327333,2104,135,0.0641634980988593,2104,50,0.023764258555133,81729,0.081729,9078.784764281956,0.562819960656741
360810625001,360810625001,Block Group 1; Census Tract 625; Queens County; New York,Queens,1133,443,195,0.4401805869074492,544,217,0.3988970588235294,180,0.1588702559576346,293,0.2586054721977052,546,0.4819064430714916,66,0.058252427184466,60,0.0529567519858782,453,0.3998234774933804,7,0.0158013544018058,36081062500,2637,121,0.0458854759196056,2637,255,0.0967007963594994,2637,66,0.0250284414106939,91875,0.091875,12331.972789115647,0.5117315432076351
360810626001,360810626001,Block Group 1; Census Tract 626; Queens County; New York,Queens,898,264,98,0.3712121212121212,451,150,0.3325942350332594,137,0.1525612472160356,87,0.0968819599109131,11,0.0122494432071269,583,0.6492204899777283,103,0.1146993318485523,181,0.2015590200445434,0,0.0,36081062600,3298,102,0.0309278350515463,3255,300,0.0921658986175115,3255,169,0.0519201228878648,121853,0.121853,7369.535423830353,0.5431807725760393
360810627001,360810627001,Block Group 1; Census Tract 627; Queens County; New York,Queens,1242,509,186,0.3654223968565815,442,176,0.3981900452488687,255,0.2053140096618357,348,0.2801932367149758,759,0.6111111111111112,0,0.0,157,0.1264090177133655,326,0.2624798711755233,111,0.2180746561886051,36081062700,2831,218,0.0770045920169551,2831,325,0.1148004238784881,2831,36,0.0127163546450017,92414,0.092414,13439.522150323544,0.5736477617959179
360810629001,360810629001,Block Group 1; Census Tract 629; Queens County; New York,Queens,1360,601,481,0.800332778702163,577,151,0.2616984402079723,299,0.2198529411764705,322,0.2367647058823529,527,0.3875,71,0.0522058823529411,253,0.1860294117647059,473,0.3477941176470588,57,0.0948419301164725,36081062900,3289,329,0.1000304043782304,3282,409,0.1246191346739792,3282,296,0.0901889092017062,67896,0.067896,20030.635088959585,0.4976855426633744
360810630001,360810630001,Block Group 1; Census Tract 630; Queens County; New York,Queens,819,336,63,0.1875,371,67,0.1805929919137466,150,0.1831501831501831,115,0.1404151404151404,0,0.0,722,0.8815628815628815,0,0.0,61,0.0744810744810744,0,0.0,36081063000,1614,53,0.0328376703841387,1614,259,0.1604708798017348,1614,156,0.0966542750929368,115881,0.115881,7067.595205426256,0.5464478258210728
360810632001,360810632001,Block Group 1; Census Tract 632; Queens County; New York,Queens,904,270,108,0.4,442,145,0.3280542986425339,161,0.1780973451327433,183,0.202433628318584,5,0.0055309734513274,849,0.9391592920353984,0,0.0,27,0.0298672566371681,0,0.0,36081063200,2466,118,0.0478507704785077,2499,304,0.1216486594637855,2499,100,0.040016006402561,85857,0.085857,10529.13565579976,0.5489430054326202
360810633011,360810633011,Block Group 1; Census Tract 633.01; Queens County; New York,Queens,1584,529,232,0.4385633270321361,809,285,0.3522867737948084,490,0.3093434343434343,158,0.0997474747474747,806,0.5088383838383839,0,0.0,126,0.0795454545454545,652,0.4116161616161616,19,0.0359168241965973,36081063301,1565,45,0.0287539936102236,1584,76,0.0479797979797979,1584,26,0.0164141414141414,134735,0.134735,11756.41073217798,0.5636183121165761
360810633021,360810633021,Block Group 1; Census Tract 633.02; Queens County; New York,Queens,322,127,46,0.3622047244094488,183,39,0.2131147540983606,67,0.2080745341614907,48,0.1490683229813664,225,0.6987577639751553,0,0.0,41,0.1273291925465838,56,0.1739130434782608,12,0.0944881889763779,36081063302,1862,168,0.0902255639097744,1862,236,0.1267454350161117,1862,188,0.1009667024704618,61911,0.061911,5201.014359322253,0.6843702869470472
360810635001,360810635001,Block Group 1; Census Tract 635; Queens County; New York,Queens,857,293,65,0.2218430034129692,399,62,0.1553884711779448,199,0.2322053675612602,137,0.1598599766627771,597,0.6966161026837806,11,0.0128354725787631,85,0.0991831971995332,138,0.161026837806301,17,0.0580204778156996,36081063500,2652,231,0.08710407239819,2642,209,0.0791067373202119,2642,72,0.0272520817562452,89887,0.089887,9534.192931124637,0.6911127477815747
360810638001,360810638001,Block Group 1; Census Tract 638; Queens County; New York,Queens,937,210,0,0.0,581,163,0.2805507745266781,25,0.0266808964781216,113,0.1205976520811099,0,0.0,859,0.9167556029882604,56,0.0597652081109925,22,0.023479188900747,0,0.0,36081063800,3893,407,0.1045466221423067,3893,433,0.1112252761366555,3893,438,0.1125096326740303,177951,0.177951,5265.494433861007,0.7994951443088495
360810639001,360810639001,Block Group 1; Census Tract 639; Queens County; New York,Queens,2383,820,375,0.4573170731707317,1179,228,0.193384223918575,402,0.1686949223667646,446,0.1871590432228283,771,0.3235417540914813,1,0.000419639110365,76,0.0318925723877465,1535,0.6441460344104071,147,0.1792682926829268,36081063900,3113,174,0.0558946353999357,3113,489,0.1570831994860263,3113,129,0.0414391262447799,161402,0.161402,14764.37714526462,0.7527191336991195
360810063001,360810063001,Block Group 1; Census Tract 63; Queens County; New York,Queens,1016,468,468,1.0,766,571,0.7454308093994778,196,0.1929133858267716,87,0.0856299212598425,684,0.6732283464566929,0,0.0,118,0.1161417322834645,166,0.1633858267716535,29,0.0619658119658119,36081006300,5613,254,0.0452520933547122,5613,570,0.1015499732763228,5613,352,0.0627115624443256,52698,0.052698,19279.669057649247,0.6678971117540102
360810641011,360810641011,Block Group 1; Census Tract 641.01; Queens County; New York,Queens,2328,1033,266,0.2575024201355276,1030,572,0.5553398058252427,406,0.1743986254295532,528,0.2268041237113402,1658,0.7121993127147767,0,0.0,341,0.1464776632302405,263,0.1129725085910653,190,0.1839303000968054,36081064101,2286,111,0.0485564304461942,2328,199,0.0854810996563573,2328,82,0.0352233676975945,85455,0.085455,27242.408285062313,0.359221594158064
360810645001,360810645001,Block Group 1; Census Tract 645; Queens County; New York,Queens,921,411,302,0.7347931873479319,306,161,0.5261437908496732,176,0.1910966340933767,184,0.1997828447339848,299,0.3246471226927253,9,0.009771986970684,196,0.2128121606948968,411,0.4462540716612377,51,0.1240875912408759,36081064500,2016,317,0.1572420634920635,2016,241,0.1195436507936508,2016,97,0.0481150793650793,104646,0.104646,8801.100854308812,0.681017214242591
360810646001,360810646001,Block Group 1; Census Tract 646; Queens County; New York,Queens,1876,659,244,0.3702579666160849,1000,258,0.258,303,0.1615138592750533,393,0.2094882729211087,17,0.0090618336886993,1706,0.9093816631130064,61,0.0325159914712153,25,0.0133262260127931,4,0.0060698027314112,36081064600,3076,147,0.0477893368010403,3076,257,0.0835500650195058,3076,235,0.0763979193758127,204514,0.204514,9172.966153906336,0.7285082013177622
360810065011,360810065011,Block Group 1; Census Tract 65.01; Queens County; New York,Queens,1023,567,567,1.0,685,329,0.4802919708029197,48,0.0469208211143695,111,0.1085043988269794,538,0.5259042033235581,95,0.0928641251221896,141,0.1378299120234604,209,0.2043010752688172,11,0.019400352733686,36081006501,2983,203,0.0680522963459604,2983,252,0.0844787127053302,2983,126,0.0422393563526651,32814,0.032814,31175.717681477417,0.8567807787639604
360810065021,360810065021,Block Group 1; Census Tract 65.02; Queens County; New York,Queens,1842,700,609,0.87,1033,724,0.7008712487899322,263,0.1427795874049945,173,0.0939196525515743,1177,0.6389793702497285,47,0.0255157437567861,48,0.0260586319218241,501,0.2719869706840391,4,0.0057142857142857,36081006502,3975,604,0.1519496855345912,3975,245,0.0616352201257861,3975,729,0.1833962264150943,65751,0.065751,28014.783045124783,0.8387732691520086
360810650001,360810650001,Block Group 1; Census Tract 650; Queens County; New York,Queens,1346,384,86,0.2239583333333333,677,151,0.2230428360413589,288,0.2139673105497771,257,0.1909361069836552,0,0.0,1229,0.913075780089153,0,0.0,36,0.0267459138187221,0,0.0,36081065000,2773,160,0.0576992426974396,2862,282,0.0985324947589098,2862,145,0.0506638714185884,195513,0.195513,6884.452696240148,0.765271370908879
360810654011,360810654011,Block Group 1; Census Tract 654.01; Queens County; New York,Queens,1280,338,174,0.514792899408284,600,220,0.3666666666666666,265,0.20703125,294,0.2296875,20,0.015625,800,0.625,0,0.0,245,0.19140625,0,0.0,36081065401,3085,394,0.1277147487844408,3098,197,0.0635894125242091,3098,463,0.1494512588766946,205465,0.205465,6229.771493928406,0.8208703205445668
360810656001,360810656001,Block Group 1; Census Tract 656; Queens County; New York,Queens,1207,415,174,0.4192771084337349,628,118,0.1878980891719745,294,0.2435791217895609,155,0.1284175642087821,74,0.0613090306545153,919,0.7613918806959403,0,0.0,111,0.0919635459817729,0,0.0,36081065600,5282,353,0.0668307459295721,5282,688,0.1302536917834153,5282,435,0.0823551684967815,171231,0.171231,7048.9572565715325,0.816551196574294
360810657021,360810657021,Block Group 1; Census Tract 657.02; Queens County; New York,Queens,1264,629,373,0.5930047694753577,558,299,0.53584229390681,184,0.1455696202531645,328,0.2594936708860759,932,0.7373417721518988,0,0.0,31,0.0245253164556962,209,0.1653481012658227,72,0.1144674085850556,36081065702,1264,45,0.0356012658227848,1264,111,0.0878164556962025,1264,19,0.0150316455696202,144106,0.144106,8771.321110848958,0.6273586116104031
360810657031,360810657031,Block Group 1; Census Tract 657.03; Queens County; New York,Queens,1227,394,84,0.2131979695431472,542,68,0.1254612546125461,97,0.0790546047269763,712,0.5802770986145069,373,0.3039934800325998,65,0.0529747351263243,75,0.0611246943765281,127,0.1035044824775876,89,0.2258883248730964,36081065703,3225,89,0.0275968992248062,3229,418,0.129451842675751,3229,94,0.0291111799318674,93626,0.093626,13105.33398842202,0.6323515903770073
360810659001,360810659001,Block Group 1; Census Tract 659; Queens County; New York,Queens,1089,360,88,0.2444444444444444,472,95,0.2012711864406779,151,0.1386593204775023,167,0.1533516988062442,917,0.8420569329660239,0,0.0,53,0.0486685032139577,119,0.1092745638200183,52,0.1444444444444444,36081065900,1974,133,0.0673758865248227,1974,182,0.0921985815602836,1974,105,0.0531914893617021,91890,0.09189,11851.126346718904,0.6185811061909559
360810660001,360810660001,Block Group 1; Census Tract 660; Queens County; New York,Queens,876,393,252,0.6412213740458015,481,116,0.2411642411642411,240,0.273972602739726,65,0.0742009132420091,66,0.0753424657534246,810,0.9246575342465754,0,0.0,0,0.0,0,0.0,36081066000,3535,40,0.0113154172560113,3564,562,0.1576879910213243,3564,142,0.0398428731762065,153057,0.153057,5723.357964679825,0.7684407914846083
360810661001,360810661001,Block Group 1; Census Tract 661; Queens County; New York,Queens,1573,637,183,0.2872841444270015,677,275,0.4062038404726735,270,0.1716465352828989,435,0.2765416401780038,1329,0.8448823903369358,0,0.0,89,0.0565797838525111,155,0.098537825810553,95,0.1491365777080062,36081066100,1573,82,0.0521296884933248,1573,284,0.1805467260012714,1573,76,0.0483153210425937,133576,0.133576,11776.067557046175,0.6197142519480877
360810663011,360810663011,Block Group 1; Census Tract 663.01; Queens County; New York,Queens,1404,464,143,0.3081896551724138,669,214,0.319880418535127,345,0.2457264957264957,269,0.1915954415954416,892,0.6353276353276354,13,0.0092592592592592,380,0.2706552706552707,91,0.0648148148148148,71,0.1530172413793103,36081066301,2712,81,0.0298672566371681,2712,272,0.1002949852507374,2712,53,0.0195427728613569,146353,0.146353,9593.243732619076,0.6275475627143767
360810664011,360810664011,Block Group 1; Census Tract 664.01; Queens County; New York,Queens,615,93,85,0.913978494623656,184,75,0.4076086956521739,226,0.367479674796748,35,0.056910569105691,16,0.0260162601626016,502,0.816260162601626,0,0.0,97,0.1577235772357723,0,0.0,36081066401,2224,253,0.1137589928057554,2241,123,0.0548862115127175,2241,92,0.0410531012940651,763651,0.763651,805.3417071410894,0.6236195977211277
360810664021,360810664021,Block Group 1; Census Tract 664.02; Queens County; New York,Queens,1462,411,163,0.3965936739659367,559,283,0.5062611806797853,359,0.2455540355677154,311,0.2127222982216142,327,0.2236662106703146,1055,0.7216142270861833,0,0.0,80,0.054719562243502,0,0.0,36081066402,3470,209,0.0602305475504322,3525,330,0.0936170212765957,3525,238,0.0675177304964539,129181,0.129181,11317.453805126142,0.7655232082604815
360810664031,360810664031,Block Group 1; Census Tract 664.03; Queens County; New York,Queens,2399,654,354,0.5412844036697247,955,187,0.1958115183246073,629,0.2621925802417674,308,0.1283868278449353,16,0.0066694456023343,1958,0.8161734055856606,41,0.0170904543559816,384,0.1600666944560233,30,0.0458715596330275,36081066403,5738,1244,0.2168002788428023,5738,621,0.1082258626699198,5738,38,0.0066225165562913,124819,0.124819,19219.8303142951,0.7397123643875088
360810665011,360810665011,Block Group 1; Census Tract 665.01; Queens County; New York,Queens,823,396,168,0.4242424242424242,428,119,0.2780373831775701,59,0.071688942891859,305,0.370595382746051,626,0.7606318347509113,0,0.0,0,0.0,197,0.2393681652490887,26,0.0656565656565656,36081066501,3959,164,0.0414246021722657,4003,505,0.1261553834624032,4003,92,0.0229827629278041,84483,0.084483,9741.604819904596,0.5879627126767168
360810667011,360810667011,Block Group 1; Census Tract 667.01; Queens County; New York,Queens,1998,591,362,0.6125211505922166,893,335,0.3751399776035834,408,0.2042042042042042,430,0.2152152152152152,782,0.3913913913913914,0,0.0,402,0.2012012012012012,741,0.3708708708708709,14,0.0236886632825719,36081066701,2576,249,0.0966614906832298,2576,364,0.1413043478260869,2576,333,0.1292701863354037,136886,0.136886,14596.087255088174,0.6183034950823425
360810669001,360810669001,Block Group 1; Census Tract 669; Queens County; New York,Queens,836,355,196,0.5521126760563381,460,87,0.1891304347826087,134,0.1602870813397129,144,0.1722488038277512,611,0.7308612440191388,0,0.0,96,0.1148325358851674,105,0.1255980861244019,33,0.0929577464788732,36081066900,1692,258,0.1524822695035461,1685,108,0.0640949554896142,1685,171,0.1014836795252225,91909,0.091909,9095.953606284476,0.6053724812733339
360810671001,360810671001,Block Group 1; Census Tract 671; Queens County; New York,Queens,1359,486,89,0.1831275720164609,707,138,0.1951909476661951,310,0.2281089036055923,250,0.1839587932303164,886,0.6519499632082414,0,0.0,245,0.18027961736571,220,0.1618837380426784,81,0.1666666666666666,36081067100,2279,167,0.0732777534006143,2339,272,0.1162890123984608,2339,82,0.0350577169730654,106772,0.106772,12728.0560446559,0.8021867548909476
360810677001,360810677001,Block Group 1; Census Tract 677; Queens County; New York,Queens,759,287,82,0.2857142857142857,366,116,0.3169398907103825,160,0.2108036890645586,170,0.2239789196310935,625,0.8234519104084321,0,0.0,54,0.0711462450592885,56,0.0737812911725955,6,0.0209059233449477,36081067700,1893,66,0.0348652931854199,1893,185,0.097728473322768,1893,77,0.0406761753829899,91295,0.091295,8313.708308231557,0.8066390734566172
360810679001,360810679001,Block Group 1; Census Tract 679; Queens County; New York,Queens,251,103,19,0.1844660194174757,91,40,0.4395604395604395,45,0.1792828685258964,48,0.1912350597609561,90,0.3585657370517928,1,0.0039840637450199,74,0.2948207171314741,79,0.3147410358565737,1,0.0097087378640776,36081067900,3978,604,0.1518350930115636,3978,611,0.15359477124183,3978,318,0.0799396681749622,58062,0.058062,4322.965106265716,0.8516930928562744
360810680001,360810680001,Block Group 1; Census Tract 680; Queens County; New York,Queens,947,286,64,0.2237762237762237,501,186,0.3712574850299401,205,0.2164730728616684,206,0.2175290390707497,14,0.0147835269271383,383,0.4044350580781415,0,0.0,529,0.5586061246040127,0,0.0,36081068000,5594,289,0.0516624955309259,5594,326,0.058276725062567,5594,211,0.0377189846263854,241793,0.241793,3916.573267216173,0.7686639298841264
360810682001,360810682001,Block Group 1; Census Tract 682; Queens County; New York,Queens,665,245,87,0.3551020408163265,317,127,0.4006309148264984,152,0.2285714285714285,116,0.1744360902255639,0,0.0,574,0.8631578947368421,21,0.031578947368421,49,0.0736842105263157,0,0.0,36081068200,1091,138,0.1264894592117323,1091,100,0.0916590284142988,1091,0,0.0,131439,0.131439,5059.381157799436,0.8188608388684337
360810683001,360810683001,Block Group 1; Census Tract 683; Queens County; New York,Queens,1688,707,623,0.8811881188118812,1083,646,0.5964912280701754,270,0.159952606635071,270,0.159952606635071,179,0.106042654028436,152,0.0900473933649289,619,0.3667061611374407,679,0.4022511848341232,117,0.1654879773691654,36081068300,4057,471,0.1160956371703229,4057,414,0.1020458466847424,4057,232,0.0571851121518363,78681,0.078681,21453.718178467483,0.8547964495132679
360810687001,360810687001,Block Group 1; Census Tract 687; Queens County; New York,Queens,1161,544,534,0.9816176470588236,488,195,0.3995901639344262,246,0.2118863049095607,320,0.2756244616709733,266,0.2291128337639965,23,0.0198105081826012,350,0.301464254952627,356,0.3066322136089578,84,0.1544117647058823,36081068700,4405,333,0.0755959137343927,4405,497,0.1128263337116912,4405,225,0.0510783200908059,39253,0.039253,29577.357144676836,0.8785523498424765
360810690001,360810690001,Block Group 1; Census Tract 690; Queens County; New York,Queens,1966,589,234,0.397283531409168,965,223,0.2310880829015544,368,0.1871820956256358,347,0.1765005086469989,0,0.0,1784,0.9074262461851476,0,0.0,36,0.0183112919633774,53,0.0899830220713073,36081069000,3756,178,0.0473908413205537,3756,278,0.0740149094781682,3756,149,0.0396698615548455,191970,0.19197,10241.183518258062,0.7633994007403481
360810693001,360810693001,Block Group 1; Census Tract 693; Queens County; New York,Queens,1818,854,766,0.8969555035128806,1055,314,0.2976303317535545,279,0.1534653465346534,329,0.1809680968096809,638,0.3509350935093509,0,0.0,431,0.237073707370737,667,0.3668866886688668,111,0.1299765807962529,36081069300,2902,294,0.1013094417643004,2902,280,0.0964851826326671,2902,48,0.0165403170227429,81428,0.081428,22326.47246647345,0.8676523577886963
360810694001,360810694001,Block Group 1; Census Tract 694; Queens County; New York,Queens,1724,475,315,0.6631578947368421,860,211,0.2453488372093023,306,0.1774941995359628,297,0.1722737819025522,207,0.1200696055684454,1199,0.6954756380510441,53,0.0307424593967517,80,0.0464037122969837,0,0.0,36081069400,4091,165,0.0403324370569542,4091,333,0.0813981911513077,4091,169,0.0413101931068198,284653,0.284653,6056.496857577472,0.7360691709513022
360810695001,360810695001,Block Group 1; Census Tract 695; Queens County; New York,Queens,1440,504,364,0.7222222222222222,656,304,0.4634146341463415,229,0.1590277777777777,333,0.23125,551,0.3826388888888888,78,0.0541666666666666,536,0.3722222222222222,123,0.0854166666666666,91,0.1805555555555555,36081069500,2363,456,0.1929750317393144,2363,284,0.120186203977994,2363,211,0.0892932712653406,119151,0.119151,12085.504947503588,0.8303159363648261
360810697011,360810697011,Block Group 1; Census Tract 697.01; Queens County; New York,Queens,1637,667,550,0.8245877061469266,793,377,0.4754098360655737,458,0.2797800855222969,203,0.1240073304825901,442,0.2700061087354917,81,0.0494807574832009,469,0.2864996945632254,245,0.1496640195479535,99,0.1484257871064467,36081069701,4054,168,0.0414405525407005,4054,397,0.0979279723729649,4054,85,0.0209669462259496,40256,0.040256,40664.74562798092,0.8867906520555419
360810697021,360810697021,Block Group 1; Census Tract 697.02; Queens County; New York,Queens,669,143,24,0.1678321678321678,235,49,0.2085106382978723,379,0.5665171898355755,24,0.0358744394618834,427,0.6382660687593423,0,0.0,213,0.3183856502242152,0,0.0,17,0.1188811188811188,36081069702,4138,472,0.1140647655872402,4258,405,0.0951150775011742,4258,202,0.0474401127289807,84520,0.08452,7915.286322763843,0.8475643298790607
360810069001,360810069001,Block Group 1; Census Tract 69; Queens County; New York,Queens,2027,990,930,0.9393939393939394,1307,447,0.3420045906656465,202,0.0996546620621608,97,0.0478539713862851,1470,0.7252096694622595,173,0.0853478046373951,143,0.0705476073014306,223,0.1100148001973359,73,0.0737373737373737,36081006900,4502,466,0.1035095513105286,4515,440,0.0974529346622369,4515,430,0.0952380952380952,63191,0.063191,32077.352787580512,0.8797011095840713
360810006001,360810006001,Block Group 1; Census Tract 6; Queens County; New York,Queens,1177,321,211,0.6573208722741433,393,190,0.4834605597964376,357,0.3033135089209856,78,0.0662701784197111,144,0.1223449447748513,126,0.1070518266779949,260,0.2209005947323704,622,0.5284621920135939,16,0.0498442367601246,36081000600,3543,620,0.1749929438329099,3549,377,0.1062271062271062,3549,439,0.1236968160045083,65876,0.065876,17866.901451211364,0.3610049919139995
360810007011,360810007011,Block Group 1; Census Tract 7.01; Queens County; New York,Queens,1407,726,501,0.6900826446280992,1018,459,0.4508840864440078,189,0.1343283582089552,94,0.0668088130774697,700,0.4975124378109453,0,0.0,385,0.2736318407960199,201,0.1428571428571428,11,0.0151515151515151,36081000701,3691,189,0.051205635329179,3691,72,0.0195069086968301,3691,77,0.0208615551341099,80480,0.08048,17482.604373757455,0.577017403476397
360810007021,360810007021,Block Group 1; Census Tract 7.02; Queens County; New York,Queens,1541,760,709,0.9328947368421052,854,529,0.6194379391100703,265,0.1719662556781311,233,0.1512005191434133,472,0.3062946138870863,95,0.0616482803374432,396,0.2569759896171317,375,0.2433484750162232,112,0.1473684210526315,36081000702,4643,717,0.154426017660995,4643,204,0.043937109627396,4643,81,0.0174456170579366,93957,0.093957,16401.11966112158,0.5684168724970369
360810703001,360810703001,Block Group 1; Census Tract 703; Queens County; New York,Queens,1017,345,112,0.3246376811594202,432,116,0.2685185185185185,216,0.2123893805309734,240,0.2359882005899705,346,0.3402163225172074,3,0.0029498525073746,312,0.3067846607669616,214,0.2104228121927236,93,0.2695652173913043,36081070300,2324,185,0.07960413080895,2324,174,0.0748709122203098,2324,46,0.0197934595524956,112494,0.112494,9040.482159048484,0.8086192713254993
360810707001,360810707001,Block Group 1; Census Tract 707; Queens County; New York,Queens,666,198,50,0.2525252525252525,371,144,0.3881401617250674,162,0.2432432432432432,114,0.1711711711711711,303,0.4549549549549549,2,0.003003003003003,255,0.3828828828828828,77,0.1156156156156156,19,0.0959595959595959,36081070700,2502,63,0.0251798561151079,2502,259,0.1035171862509992,2502,12,0.0047961630695443,80339,0.080339,8289.871668803446,0.8094623518362176
360810709001,360810709001,Block Group 1; Census Tract 709; Queens County; New York,Queens,1631,675,479,0.7096296296296296,826,379,0.4588377723970944,469,0.2875536480686695,277,0.1698344573881054,644,0.3948497854077253,0,0.0,486,0.2979767014101778,276,0.1692213366033108,55,0.0814814814814814,36081070900,2765,354,0.1280289330922242,2765,140,0.050632911392405,2765,49,0.0177215189873417,115942,0.115942,14067.378516844628,0.8386351318805403
360810711001,360810711001,Block Group 1; Census Tract 711; Queens County; New York,Queens,914,489,341,0.6973415132924335,451,255,0.565410199556541,147,0.1608315098468271,216,0.2363238512035011,366,0.4004376367614879,26,0.0284463894967177,324,0.3544857768052516,112,0.1225382932166301,63,0.1288343558282208,36081071100,5679,338,0.0595175206902623,5679,794,0.1398133474203204,5679,143,0.0251804895228033,86066,0.086066,10619.75693072758,0.630619685166339
360810713031,360810713031,Block Group 1; Census Tract 713.03; Queens County; New York,Queens,2043,1024,758,0.740234375,1326,553,0.4170437405731523,282,0.1380323054331864,328,0.1605482134116495,1065,0.5212922173274597,0,0.0,729,0.3568281938325991,189,0.092511013215859,37,0.0361328125,36081071303,5303,506,0.0954176881010748,5303,342,0.0644917970959834,5303,106,0.0199886856496322,49286,0.049286,41451.93361197906,0.8563352753563424
360810713041,360810713041,Block Group 1; Census Tract 713.04; Queens County; New York,Queens,1652,740,669,0.904054054054054,752,261,0.3470744680851064,337,0.2039951573849878,578,0.3498789346246973,1270,0.7687651331719129,0,0.0,192,0.1162227602905569,144,0.0871670702179176,189,0.2554054054054054,36081071304,6352,800,0.1259445843828715,6352,1157,0.1821473551637279,6352,378,0.0595088161209068,32182,0.032182,51333.043316139454,0.8801693530143723
360810713051,360810713051,Block Group 1; Census Tract 713.05; Queens County; New York,Queens,1537,428,174,0.4065420560747663,571,333,0.5831873905429071,456,0.2966818477553676,282,0.1834743005855562,299,0.1945348080676643,0,0.0,507,0.3298633702016916,714,0.4645413142485361,71,0.1658878504672897,36081071305,6007,777,0.129349092725154,6007,670,0.1115365407025137,6007,341,0.0567671050441151,54124,0.054124,28397.753307220457,0.6434816931609055
360810713061,360810713061,Block Group 1; Census Tract 713.06; Queens County; New York,Queens,1457,633,608,0.9605055292259084,358,200,0.5586592178770949,239,0.1640356897735072,461,0.3164035689773507,536,0.3678792038435141,406,0.2786547700754976,96,0.065888812628689,55,0.0377487989018531,108,0.1706161137440758,36081071306,7192,1228,0.1707452725250278,7156,930,0.1299608719955282,7156,862,0.1204583566238121,31911,0.031911,45658.23697157719,0.8684822540406105
360810717011,360810717011,Block Group 1; Census Tract 717.01; Queens County; New York,Queens,1488,660,512,0.7757575757575758,757,222,0.2932628797886393,369,0.2479838709677419,376,0.2526881720430107,967,0.6498655913978495,88,0.0591397849462365,294,0.1975806451612903,139,0.0934139784946236,203,0.3075757575757575,36081071701,4978,847,0.1701486540779429,4979,778,0.156256276360715,4979,148,0.0297248443462542,28322,0.028322,52538.66252383306,0.8657488057674348
360810717021,360810717021,Block Group 1; Census Tract 717.02; Queens County; New York,Queens,2838,1089,668,0.6134067952249771,1196,658,0.5501672240802675,497,0.175123326286117,536,0.1888653981677237,943,0.332276250880902,325,0.1145172656800563,1010,0.3558844256518675,215,0.0757575757575757,245,0.2249770431588613,36081071702,4448,629,0.1414118705035971,4448,785,0.1764838129496403,4448,65,0.0146133093525179,43521,0.043521,65209.89866960778,0.862784603865152
360810719001,360810719001,Block Group 1; Census Tract 719; Queens County; New York,Queens,809,362,329,0.9088397790055248,466,159,0.3412017167381974,175,0.2163164400494437,100,0.1236093943139678,368,0.4548825710754017,110,0.1359703337453646,200,0.2472187886279357,131,0.1619283065512979,65,0.1795580110497237,36081071900,3299,757,0.2294634737799333,3299,422,0.1279175507729615,3299,452,0.1370112155198545,68577,0.068577,11796.958163815856,0.841767514716128
360810071001,360810071001,Block Group 1; Census Tract 71; Queens County; New York,Queens,570,266,266,1.0,352,119,0.3380681818181818,25,0.043859649122807,69,0.1210526315789473,201,0.3526315789473684,113,0.1982456140350877,212,0.3719298245614035,44,0.0771929824561403,3,0.0112781954887218,36081007100,3464,362,0.1045034642032332,3488,271,0.0776949541284403,3488,362,0.1037844036697247,38469,0.038469,14817.125477657331,0.8323855597696668
360810721001,360810721001,Block Group 1; Census Tract 721; Queens County; New York,Queens,1577,503,161,0.320079522862823,485,182,0.3752577319587629,498,0.3157894736842105,461,0.2923272035510463,516,0.3272035510462904,0,0.0,951,0.6030437539632213,110,0.0697526949904882,191,0.3797216699801193,36081072100,5595,198,0.0353887399463807,5595,713,0.1274352100089365,5595,152,0.0271671134941912,31956,0.031956,49349.10501940168,0.8736469514516886
360810723001,360810723001,Block Group 1; Census Tract 723; Queens County; New York,Queens,333,194,92,0.4742268041237113,212,109,0.5141509433962265,18,0.054054054054054,109,0.3273273273273273,215,0.6456456456456456,12,0.036036036036036,30,0.09009009009009,28,0.084084084084084,10,0.0515463917525773,36081072300,2246,62,0.0276046304541406,2270,235,0.1035242290748898,2270,101,0.0444933920704845,100866,0.100866,3301.4097912081374,0.8706015863015762
360810729001,360810729001,Block Group 1; Census Tract 729; Queens County; New York,Queens,860,244,49,0.2008196721311475,470,267,0.5680851063829787,170,0.1976744186046511,113,0.1313953488372093,417,0.4848837209302326,1,0.0011627906976744,281,0.3267441860465116,106,0.1232558139534883,4,0.0163934426229508,36081072900,1405,166,0.1181494661921708,1406,108,0.0768136557610241,1406,10,0.0071123755334281,112483,0.112483,7645.599779522239,0.8303638290471843
360810731001,360810731001,Block Group 1; Census Tract 731; Queens County; New York,Queens,893,296,51,0.1722972972972972,537,224,0.4171322160148976,202,0.2262038073908174,109,0.122060470324748,459,0.5139977603583427,0,0.0,235,0.2631578947368421,107,0.1198208286674132,8,0.027027027027027,36081073100,1714,85,0.0495915985997666,1724,72,0.0417633410672853,1724,29,0.0168213457076566,100225,0.100225,8909.952606635072,0.8246572072639446
360810737001,360810737001,Block Group 1; Census Tract 737; Queens County; New York,Queens,860,501,443,0.8842315369261478,612,291,0.4754901960784313,42,0.0488372093023255,152,0.1767441860465116,428,0.4976744186046511,6,0.0069767441860465,262,0.3046511627906976,151,0.1755813953488372,142,0.2834331337325349,36081073700,2088,9,0.0043103448275862,2088,94,0.0450191570881226,2088,43,0.0205938697318007,60256,0.060256,14272.437599575149,0.8836600653920871
360810739001,360810739001,Block Group 1; Census Tract 739; Queens County; New York,Queens,912,334,255,0.7634730538922155,448,148,0.3303571428571428,319,0.3497807017543859,188,0.2061403508771929,294,0.3223684210526316,24,0.0263157894736842,155,0.1699561403508772,43,0.0471491228070175,16,0.0479041916167664,36081073900,5303,137,0.025834433339619,5303,479,0.0903262304356024,5303,0,0.0,39901,0.039901,22856.57001077667,0.8716718376586777
360810073001,360810073001,Block Group 1; Census Tract 73; Queens County; New York,Queens,848,419,374,0.8926014319809069,546,283,0.5183150183150184,31,0.0365566037735849,126,0.1485849056603773,392,0.4622641509433962,0,0.0,165,0.1945754716981132,226,0.2665094339622642,84,0.2004773269689737,36081007300,3813,294,0.077104642014162,3782,290,0.076679005817028,3782,179,0.0473294553146483,49790,0.04979,17031.532436232173,0.8573555514390501
360810741001,360810741001,Block Group 1; Census Tract 741; Queens County; New York,Queens,633,261,217,0.8314176245210728,463,271,0.5853131749460043,0,0.0,142,0.2243285939968404,164,0.259083728278041,111,0.1753554502369668,134,0.2116903633491311,196,0.3096366508688783,45,0.1724137931034483,36081074100,3102,338,0.1089619600257898,3102,368,0.1186331399097356,3102,129,0.0415860735009671,28371,0.028371,22311.515279687,0.6395539811299237
360810743001,360810743001,Block Group 1; Census Tract 743; Queens County; New York,Queens,1045,323,251,0.7770897832817337,648,88,0.1358024691358024,52,0.0497607655502392,282,0.2698564593301435,557,0.5330143540669856,20,0.0191387559808612,369,0.3531100478468899,99,0.0947368421052631,33,0.1021671826625387,36081074300,3942,623,0.1580416032470827,3953,335,0.0847457627118644,3953,206,0.0521123197571464,49192,0.049192,21243.2915921288,0.8409028804820406
360810745001,360810745001,Block Group 1; Census Tract 745; Queens County; New York,Queens,2379,957,866,0.9049111807732496,1103,490,0.4442429737080689,442,0.1857923497267759,433,0.182009247583018,434,0.1824295922656578,643,0.2702816309373686,435,0.1828499369482976,545,0.2290878520386717,211,0.2204806687565308,36081074500,4261,768,0.1802393804271297,4275,717,0.167719298245614,4275,90,0.0210526315789473,96835,0.096835,24567.56338100893,0.6282536808975726
360810747001,360810747001,Block Group 1; Census Tract 747; Queens County; New York,Queens,2544,817,472,0.5777233782129743,1286,581,0.4517884914463452,485,0.1906446540880503,744,0.2924528301886792,443,0.1741352201257861,45,0.017688679245283,920,0.3616352201257861,764,0.300314465408805,202,0.2472460220318237,36081074700,3681,439,0.1192610703613148,3681,549,0.1491442542787286,3681,185,0.0502580820429231,137450,0.13745,18508.54856311386,0.8415004233751986
360810749001,360810749001,Block Group 1; Census Tract 749; Queens County; New York,Queens,825,276,36,0.1304347826086956,487,159,0.3264887063655031,185,0.2242424242424242,143,0.1733333333333333,391,0.4739393939393939,0,0.0,254,0.3078787878787878,117,0.1418181818181818,24,0.0869565217391304,36081074900,1620,44,0.0271604938271604,1620,55,0.0339506172839506,1620,18,0.0111111111111111,149917,0.149917,5503.045018243428,0.8421901779746369
360810757011,360810757011,Block Group 1; Census Tract 757.01; Queens County; New York,Queens,2366,996,707,0.7098393574297188,1356,438,0.3230088495575221,578,0.2442941673710904,384,0.1622992392223161,658,0.2781065088757396,159,0.0672020287404902,942,0.3981403212172443,437,0.1846999154691462,133,0.1335341365461847,36081075701,5031,432,0.0858676207513416,5031,516,0.1025641025641025,5031,195,0.0387596899224806,72036,0.072036,32844.68876672775,0.6633657233831453
360810757021,360810757021,Block Group 1; Census Tract 757.02; Queens County; New York,Queens,1898,1126,723,0.6420959147424512,1219,532,0.4364232977850697,78,0.0410958904109589,675,0.3556375131717597,858,0.4520547945205479,44,0.0231822971548998,359,0.1891464699683877,575,0.3029504741833509,31,0.0275310834813499,36081075702,5012,288,0.057462090981644,5056,734,0.1451740506329114,5056,78,0.0154272151898734,33384,0.033384,56853.58255451714,0.8751921492404435
360810075001,360810075001,Block Group 1; Census Tract 75; Queens County; New York,Queens,1876,998,899,0.9008016032064128,829,653,0.7876960193003619,295,0.1572494669509594,698,0.3720682302771855,1024,0.5458422174840085,79,0.0421108742004264,307,0.1636460554371002,235,0.1252665245202558,127,0.127254509018036,36081007500,5002,527,0.1053578568572571,5002,459,0.0917632946821271,5002,291,0.0581767293082766,63753,0.063753,29426.06622433454,0.8677689613746216
360810769011,360810769011,Block Group 1; Census Tract 769.01; Queens County; New York,Queens,2316,1205,813,0.674688796680498,1039,347,0.3339749759384023,366,0.1580310880829015,447,0.1930051813471502,1019,0.4399827288428324,48,0.0207253886010362,575,0.2482728842832469,654,0.2823834196891192,346,0.2871369294605809,36081076901,5452,248,0.0454878943506969,5452,419,0.0768525311812179,5452,108,0.0198092443140132,97029,0.097029,23869.152521411124,0.8413550252586101
360810769021,360810769021,Block Group 1; Census Tract 769.02; Queens County; New York,Queens,1570,628,525,0.8359872611464968,828,434,0.5241545893719807,368,0.2343949044585987,149,0.0949044585987261,476,0.3031847133757961,1,0.0006369426751592,374,0.2382165605095541,330,0.2101910828025477,69,0.1098726114649681,36081076902,1570,71,0.0452229299363057,1570,103,0.0656050955414012,1570,29,0.0184713375796178,101240,0.10124,15507.704464638484,0.6432829935086333
360810773001,360810773001,Block Group 1; Census Tract 773; Queens County; New York,Queens,1074,470,300,0.6382978723404256,613,317,0.5171288743882545,140,0.1303538175046555,162,0.1508379888268156,420,0.3910614525139664,57,0.053072625698324,365,0.3398510242085661,195,0.1815642458100558,20,0.0425531914893617,36081077300,2203,133,0.0603722197004085,2203,280,0.1270994098955969,2203,30,0.0136177939173853,88007,0.088007,12203.57471564762,0.8450006650623821
360810775001,360810775001,Block Group 1; Census Tract 775; Queens County; New York,Queens,879,407,372,0.914004914004914,494,258,0.5222672064777328,187,0.2127417519908987,76,0.08646188850967,413,0.4698521046643913,63,0.0716723549488054,186,0.2116040955631399,122,0.1387940841865756,102,0.2506142506142506,36081077500,2144,186,0.0867537313432835,2144,365,0.1702425373134328,2144,120,0.0559701492537313,52971,0.052971,16593.985388231296,0.8447497247312536
360810779021,360810779021,Block Group 1; Census Tract 779.02; Queens County; New York,Queens,676,168,28,0.1666666666666666,202,83,0.4108910891089108,251,0.371301775147929,122,0.1804733727810651,392,0.5798816568047337,0,0.0,36,0.0532544378698224,0,0.0,19,0.1130952380952381,36081077902,5643,895,0.1586035796562112,5643,286,0.0506822612085769,5643,315,0.0558213716108452,67673,0.067673,9989.212832296484,0.8622187673779049
360810779031,360810779031,Block Group 1; Census Tract 779.03; Queens County; New York,Queens,652,282,177,0.6276595744680851,363,92,0.2534435261707989,64,0.0981595092024539,158,0.2423312883435582,268,0.4110429447852761,45,0.0690184049079754,217,0.3328220858895706,122,0.1871165644171779,61,0.2163120567375886,36081077903,3410,258,0.0756598240469208,3410,228,0.0668621700879765,3410,75,0.0219941348973607,46203,0.046203,14111.63777243902,0.835396260225639
360810779041,360810779041,Block Group 1; Census Tract 779.04; Queens County; New York,Queens,199,96,13,0.1354166666666666,78,31,0.3974358974358974,48,0.2412060301507537,35,0.1758793969849246,75,0.3768844221105528,0,0.0,124,0.6231155778894473,0,0.0,37,0.3854166666666667,36081077904,5024,442,0.0879777070063694,5096,811,0.1591444270015698,5096,452,0.0886970172684458,77277,0.077277,2575.1517269045125,0.8428740871607538
360810779051,360810779051,Block Group 1; Census Tract 779.05; Queens County; New York,Queens,2643,1016,317,0.312007874015748,1346,372,0.2763744427934621,432,0.1634506242905788,599,0.2266363980325388,731,0.276579644343549,515,0.1948543321982595,500,0.1891789632992811,518,0.1959894059780552,103,0.1013779527559055,36081077905,3045,343,0.1126436781609195,3284,359,0.1093179049939098,3284,202,0.061510353227771,228840,0.22884,11549.55427372837,0.8488581675460837
360810779061,360810779061,Block Group 1; Census Tract 779.06; Queens County; New York,Queens,1746,801,437,0.5455680399500624,1025,332,0.3239024390243902,137,0.0784650630011454,368,0.2107674684994272,482,0.2760595647193585,185,0.1059564719358533,860,0.4925544100801833,181,0.1036655211912944,267,0.3333333333333333,36081077906,3944,404,0.1024340770791075,3933,363,0.0922959572845156,3933,141,0.0358504958047292,133393,0.133393,13089.142608682614,0.7872027322961462
360810779071,360810779071,Block Group 1; Census Tract 779.07; Queens County; New York,Queens,1685,631,464,0.7353407290015848,583,225,0.385934819897084,332,0.1970326409495549,600,0.3560830860534125,712,0.4225519287833827,76,0.0451038575667655,250,0.1483679525222551,635,0.3768545994065282,41,0.0649762282091917,36081077907,3118,271,0.086914688903143,3294,513,0.1557377049180328,3294,77,0.0233758348512446,124292,0.124292,13556.785633830012,0.7971249519204501
360810779081,360810779081,Block Group 1; Census Tract 779.08; Queens County; New York,Queens,1611,613,553,0.9021207177814028,736,212,0.2880434782608695,336,0.2085661080074488,103,0.0639354438237119,529,0.3283674736188702,345,0.2141527001862197,130,0.0806952203600248,521,0.3234016139044072,34,0.0554649265905383,36081077908,2807,473,0.1685073031706448,3061,431,0.1408036589349885,3061,160,0.0522704998366546,120475,0.120475,13372.068893961405,0.833161735496601
360810077001,360810077001,Block Group 1; Census Tract 77; Queens County; New York,Queens,1913,899,811,0.9021134593993326,1137,623,0.5479331574318381,193,0.1008886565603763,214,0.1118661787767903,1080,0.5645582854155776,49,0.025614218504966,361,0.1887088342916884,384,0.2007318348144276,15,0.0166852057842046,36081007700,1913,518,0.2707788813382122,1913,185,0.0967067433350758,1913,135,0.0705697856769472,126677,0.126677,15101.39962266236,0.8500755079993164
360810788001,360810788001,Block Group 1; Census Tract 788; Queens County; New York,Queens,1497,420,133,0.3166666666666666,667,219,0.328335832083958,285,0.1903807615230461,292,0.1950567802271209,0,0.0,699,0.4669338677354709,60,0.0400801603206412,163,0.1088844355377421,0,0.0,36081078800,2183,80,0.0366468163078332,2183,246,0.1126889601465872,2183,167,0.0765002290426019,111611,0.111611,13412.65645859279,0.5413361697030639
360810790001,360810790001,Block Group 1; Census Tract 790; Queens County; New York,Queens,1554,454,285,0.6277533039647577,786,289,0.3676844783715012,301,0.1936936936936936,304,0.1956241956241956,16,0.0102960102960102,662,0.425997425997426,138,0.0888030888030888,257,0.1653796653796654,22,0.0484581497797356,36081079000,3082,551,0.1787800129785853,3137,390,0.1243226012113484,3137,191,0.0608861970035065,110762,0.110762,14030.082519275564,0.4711924855091666
360810792001,360810792001,Block Group 1; Census Tract 792; Queens County; New York,Queens,698,256,49,0.19140625,348,139,0.3994252873563218,82,0.1174785100286533,157,0.2249283667621776,0,0.0,552,0.7908309455587392,18,0.0257879656160458,14,0.0200573065902578,0,0.0,36081079200,2667,461,0.1728533933258342,2732,272,0.0995607613469985,2732,239,0.0874816983894582,155679,0.155679,4483.584812338208,0.4759421569062395
360810797011,360810797011,Block Group 1; Census Tract 797.01; Queens County; New York,Queens,1476,669,445,0.6651718983557549,276,139,0.5036231884057971,77,0.0521680216802168,551,0.3733062330623306,37,0.0250677506775067,0,0.0,1401,0.9491869918699188,0,0.0,475,0.7100149476831091,36081079701,6564,1100,0.1675807434491164,6549,1126,0.1719346465109177,6549,495,0.0755840586349061,26727,0.026727,55225.05331687058,0.8733437133420265
360810797021,360810797021,Block Group 1; Census Tract 797.02; Queens County; New York,Queens,1203,683,669,0.9795021961932652,458,168,0.3668122270742358,97,0.0806317539484621,482,0.400665004156276,29,0.0241064006650041,0,0.0,883,0.7339983374896093,176,0.1463009143807148,358,0.5241581259150805,36081079702,3627,1239,0.3416046319272126,3627,300,0.0827129859387924,3627,333,0.0918114143920595,53410,0.05341,22523.87193409474,0.8687394366171184
360810799001,360810799001,Block Group 1; Census Tract 799; Queens County; New York,Queens,676,470,221,0.4702127659574468,332,30,0.0903614457831325,0,0.0,269,0.3979289940828402,246,0.363905325443787,1,0.0014792899408284,383,0.5665680473372781,46,0.0680473372781065,120,0.2553191489361702,36081079900,3148,1313,0.4170902160101651,3148,295,0.093710292249047,3148,107,0.033989834815756,157354,0.157354,4296.0458583830095,0.8934853620430109
360810079001,360810079001,Block Group 1; Census Tract 79; Queens County; New York,Queens,1643,813,600,0.7380073800738007,1010,576,0.5702970297029702,183,0.111381618989653,304,0.1850273889227023,426,0.2592818015824711,24,0.0146074254412659,677,0.4120511259890444,460,0.2799756542909312,180,0.2214022140221402,36081007900,2730,457,0.1673992673992674,2742,458,0.1670313639679066,2742,189,0.0689277899343544,105762,0.105762,15534.880202719314,0.8230647555324747
360810803011,360810803011,Block Group 1; Census Tract 803.01; Queens County; New York,Queens,1487,463,329,0.7105831533477321,698,291,0.4169054441260745,402,0.2703429724277068,206,0.1385339609952925,242,0.1627437794216543,0,0.0,890,0.5985205110961668,302,0.203093476798924,128,0.2764578833693304,36081080301,3964,581,0.14656912209889,3964,216,0.0544904137235116,3964,429,0.1082240161453077,90579,0.090579,16416.608706212257,0.8505224258871931
360810803021,360810803021,Block Group 1; Census Tract 803.02; Queens County; New York,Queens,1068,283,86,0.303886925795053,530,152,0.2867924528301886,278,0.2602996254681648,157,0.147003745318352,330,0.3089887640449438,0,0.0,428,0.4007490636704119,290,0.2715355805243445,88,0.3109540636042402,36081080302,3616,557,0.154037610619469,3616,549,0.151825221238938,3616,164,0.0453539823008849,141035,0.141035,7572.5883645903505,0.8560722393888267
360810809001,360810809001,Block Group 1; Census Tract 809; Queens County; New York,Queens,2254,869,266,0.3060989643268124,931,114,0.1224489795918367,345,0.1530612244897959,641,0.2843833185448092,244,0.1082519964507542,172,0.0763087843833185,599,0.2657497781721384,1206,0.5350488021295474,89,0.1024165707710011,36081080900,7349,649,0.0883113348754932,7864,829,0.1054170905391658,7864,288,0.0366225839267548,133416,0.133416,16894.52539425556,0.830690233813119
360810814001,360810814001,Block Group 1; Census Tract 814; Queens County; New York,Queens,1428,373,80,0.2144772117962466,784,98,0.125,177,0.1239495798319327,170,0.119047619047619,160,0.1120448179271708,524,0.3669467787114845,311,0.2177871148459383,226,0.1582633053221288,0,0.0,36081081400,3997,728,0.1821366024518388,3997,263,0.0657993495121341,3997,294,0.073555166374781,165385,0.165385,8634.398524654594,0.4479277703533461
360810818001,360810818001,Block Group 1; Census Tract 818; Queens County; New York,Queens,1197,319,43,0.1347962382445141,492,194,0.3943089430894309,204,0.1704260651629072,215,0.1796157059314954,6,0.0050125313283208,689,0.5756056808688388,137,0.1144527986633249,199,0.1662489557226399,0,0.0,36081081800,3688,404,0.1095444685466377,3739,263,0.0703396630115004,3739,587,0.1569938486226263,117986,0.117986,10145.271472886614,0.4473505688382001
360810081001,360810081001,Block Group 1; Census Tract 81; Queens County; New York,Queens,1530,687,572,0.8326055312954876,951,456,0.4794952681388013,264,0.1725490196078431,132,0.0862745098039215,725,0.4738562091503268,72,0.0470588235294117,257,0.1679738562091503,439,0.2869281045751634,40,0.0582241630276564,36081008100,1528,67,0.043848167539267,1528,92,0.0602094240837696,1528,82,0.0536649214659685,112322,0.112322,13621.552322786274,0.8022257920177336
360810837001,360810837001,Block Group 1; Census Tract 837; Queens County; New York,Queens,2111,567,172,0.3033509700176366,922,362,0.3926247288503254,372,0.1762198010421601,571,0.270487920416864,374,0.177167219327333,30,0.0142112742775935,1655,0.7839886309805779,30,0.0142112742775935,131,0.2310405643738977,36081083700,5243,576,0.1098607667366011,5254,549,0.1044918157594213,5254,162,0.0308336505519604,180731,0.180731,11680.342608628293,0.8902797564712968
360810838001,360810838001,Block Group 1; Census Tract 838; Queens County; New York,Queens,1734,402,155,0.3855721393034826,797,175,0.219573400250941,281,0.1620530565167243,328,0.1891580161476355,61,0.0351787773933102,289,0.1666666666666666,679,0.3915801614763552,312,0.1799307958477508,0,0.0,36081083800,5272,375,0.0711305007587253,5291,548,0.1035721035721035,5291,847,0.1600831600831601,131374,0.131374,13198.958698068112,0.417088341852194
360810083001,360810083001,Block Group 1; Census Tract 83; Queens County; New York,Queens,859,323,323,1.0,449,304,0.6770601336302895,206,0.239813736903376,37,0.0430733410942956,320,0.3725261932479627,0,0.0,53,0.0616996507566938,486,0.5657741559953434,29,0.0897832817337461,36081008300,2405,294,0.1222453222453222,2405,194,0.0806652806652806,2405,179,0.0744282744282744,60056,0.060056,14303.316904222724,0.8142015809413456
360810840001,360810840001,Block Group 1; Census Tract 840; Queens County; New York,Queens,1643,478,260,0.5439330543933054,661,62,0.0937972768532526,192,0.1168594035301278,174,0.1059038344491783,39,0.0237370663420572,36,0.0219111381618989,601,0.3657942787583688,339,0.2063298843578819,40,0.0836820083682008,36081084000,6942,972,0.1400172860847018,6942,897,0.1292134831460674,6942,435,0.0626620570440795,153547,0.153547,10700.306746468508,0.4254032248950949
360810845001,360810845001,Block Group 1; Census Tract 845; Queens County; New York,Queens,1911,1234,1208,0.9789303079416533,543,172,0.3167587476979742,46,0.0240711669283097,960,0.5023547880690737,178,0.0931449502878074,151,0.0790162218733647,1322,0.6917844060701204,260,0.1360544217687075,906,0.7341977309562399,36081084500,4455,1076,0.2415263748597081,4455,660,0.1481481481481481,4455,579,0.1299663299663299,36684,0.036684,52093.55577363428,0.8449348222830281
360810846011,360810846011,Block Group 1; Census Tract 846.01; Queens County; New York,Queens,1134,341,63,0.1847507331378299,534,187,0.350187265917603,172,0.1516754850088183,195,0.1719576719576719,68,0.0599647266313932,106,0.0934744268077601,261,0.2301587301587301,448,0.3950617283950617,6,0.0175953079178885,36081084601,2679,101,0.0377006345651362,2687,265,0.0986229996278377,2687,88,0.032750279121697,162589,0.162589,6974.641580918757,0.4374601432714166
360810846021,360810846021,Block Group 1; Census Tract 846.02; Queens County; New York,Queens,1600,235,68,0.2893617021276595,388,96,0.2474226804123711,420,0.2625,108,0.0675,172,0.1075,371,0.231875,239,0.149375,722,0.45125,32,0.1361702127659574,36081084602,1400,394,0.2814285714285714,1600,259,0.161875,1600,111,0.069375,716802,0.716802,2232.136629083066,0.6160410001697748
360810849011,360810849011,Block Group 1; Census Tract 849.01; Queens County; New York,Queens,1801,633,600,0.9478672985781992,773,255,0.3298835705045278,327,0.1815657967795669,427,0.2370905052748473,35,0.0194336479733481,38,0.0210993892282065,1268,0.7040533037201555,412,0.2287617990005552,362,0.5718799368088467,36081084901,3038,1040,0.3423304805793285,3038,105,0.0345622119815668,3038,262,0.0862409479921,46239,0.046239,38949.80427777417,0.8401091429112332
360810849021,360810849021,Block Group 1; Census Tract 849.02; Queens County; New York,Queens,1886,716,666,0.9301675977653632,923,163,0.1765980498374864,139,0.0737009544008483,373,0.1977730646871686,100,0.0530222693531283,88,0.0466595970307529,1608,0.8525980911983033,90,0.0477200424178154,458,0.6396648044692738,36081084902,3774,1531,0.4056703762586116,3774,430,0.1139374668786433,3774,1007,0.2668256491785903,55695,0.055695,33863.00386031062,0.8798029585379634
360810853001,360810853001,Block Group 1; Census Tract 853; Queens County; New York,Queens,2147,1211,797,0.6581337737407101,743,112,0.1507402422611036,166,0.0773171867722403,845,0.3935724266418258,5,0.0023288309268747,86,0.0400558919422449,1897,0.8835584536562645,159,0.0740568234746157,507,0.4186622625928984,36081085300,4828,861,0.178334714167357,4828,983,0.2036039768019884,4828,256,0.0530240265120132,91631,0.091631,23430.93494559701,0.8795429570031689
360810855001,360810855001,Block Group 1; Census Tract 855; Queens County; New York,Queens,418,205,205,1.0,145,77,0.5310344827586206,0,0.0,236,0.5645933014354066,21,0.0502392344497607,0,0.0,210,0.5023923444976076,187,0.4473684210526316,110,0.5365853658536586,36081085500,5807,936,0.1611847769932839,5807,1035,0.1782331668675736,5807,801,0.1379369726192526,31518,0.031518,13262.262833936164,0.8609186730818646
360810857001,360810857001,Block Group 1; Census Tract 857; Queens County; New York,Queens,1948,776,683,0.8801546391752577,923,475,0.514626218851571,263,0.1350102669404517,377,0.1935318275154004,235,0.1206365503080082,4,0.002053388090349,1120,0.5749486652977412,450,0.231006160164271,358,0.461340206185567,36081085700,5525,812,0.1469683257918552,5520,717,0.1298913043478261,5520,678,0.1228260869565217,32965,0.032965,59092.97740027301,0.9042877405478472
360810859001,360810859001,Block Group 1; Census Tract 859; Queens County; New York,Queens,1883,701,701,1.0,976,385,0.3944672131147541,213,0.1131173659054699,474,0.2517259691980881,120,0.0637280934678704,0,0.0,1327,0.7047265002655337,436,0.2315454062665958,394,0.5620542082738944,36081085900,5584,1218,0.2181232091690544,5584,722,0.1292979942693409,5584,813,0.1455945558739255,38430,0.03843,48998.17850637523,0.8319137050701467
360810085001,360810085001,Block Group 1; Census Tract 85; Queens County; New York,Queens,1202,371,360,0.9703504043126684,508,249,0.4901574803149606,410,0.3410981697171381,15,0.0124792013311148,371,0.3086522462562396,69,0.0574043261231281,341,0.28369384359401,382,0.3178036605657238,76,0.2048517520215633,36081008500,1762,566,0.3212258796821793,1821,125,0.0686436024162548,1821,120,0.0658978583196046,146930,0.14693,8180.766351323759,0.8289881220628545
360810861001,360810861001,Block Group 1; Census Tract 861; Queens County; New York,Queens,1294,466,338,0.7253218884120172,440,135,0.3068181818181818,178,0.1375579598145286,498,0.3848531684698609,88,0.0680061823802163,87,0.0672333848531684,1016,0.7851622874806801,103,0.079598145285935,281,0.6030042918454935,36081086100,2007,530,0.2640757349277529,2007,289,0.1439960139511709,2007,204,0.1016442451420029,47572,0.047572,27200.8744639704,0.826064640512383
360810863001,360810863001,Block Group 1; Census Tract 863; Queens County; New York,Queens,1312,435,435,1.0,764,366,0.4790575916230366,165,0.1257621951219512,262,0.1996951219512195,70,0.0533536585365853,4,0.0030487804878048,453,0.3452743902439024,785,0.5983231707317073,273,0.6275862068965518,36081086300,7393,1707,0.230894089003111,7479,625,0.0835673218344698,7479,836,0.1117796496857868,25789,0.025789,50874.403815580285,0.8293055739856844
360810864001,360810864001,Block Group 1; Census Tract 864; Queens County; New York,Queens,1678,471,206,0.4373673036093418,841,308,0.3662306777645659,183,0.1090584028605482,225,0.134088200238379,60,0.035756853396901,110,0.0655542312276519,322,0.1918951132300357,868,0.5172824791418356,27,0.0573248407643312,36081086400,2884,385,0.1334951456310679,2884,332,0.1151178918169209,2884,432,0.1497919556171983,987771,0.987771,1698.7743110498284,0.4528027083322349
360810865001,360810865001,Block Group 1; Census Tract 865; Queens County; New York,Queens,2405,1103,1035,0.9383499546690844,1696,872,0.5141509433962265,238,0.0989604989604989,147,0.0611226611226611,13,0.0054054054054054,0,0.0,2117,0.8802494802494802,173,0.0719334719334719,565,0.5122393472348141,36081086500,4669,672,0.1439280359820089,4679,810,0.1731139132293225,4679,715,0.1528104295789698,78337,0.078337,30700.690605971635,0.8335360008062954
360810869001,360810869001,Block Group 1; Census Tract 869; Queens County; New York,Queens,1707,818,685,0.8374083129584352,1097,413,0.3764813126709207,152,0.08904510837727,303,0.1775043936731107,42,0.0246045694200351,25,0.0146455770357352,1354,0.7932044522554189,286,0.1675454012888108,403,0.4926650366748166,36081086900,1967,282,0.1433655312658871,1980,123,0.0621212121212121,1980,180,0.0909090909090909,224386,0.224386,7607.426488283582,0.8196807484948241
360810086001,360810086001,Block Group 1; Census Tract 86; Queens County; New York,Queens,1701,501,318,0.6347305389221557,691,345,0.4992764109985528,476,0.279835390946502,264,0.1552028218694885,286,0.1681363903586125,0,0.0,201,0.1181657848324514,994,0.5843621399176955,32,0.0638722554890219,36081008600,3197,459,0.143572098842665,3341,363,0.1086501047590541,3341,424,0.126908111343909,198784,0.198784,8557.026722472634,0.5406527872596861
360810871001,360810871001,Block Group 1; Census Tract 871; Queens County; New York,Queens,1953,862,626,0.7262180974477959,1291,136,0.1053446940356312,318,0.162826420890937,194,0.0993343573988735,202,0.1034306195596518,0,0.0,1719,0.880184331797235,0,0.0,373,0.4327146171693735,36081087100,5389,1316,0.2442011504917424,5400,602,0.1114814814814814,5400,522,0.0966666666666666,93274,0.093274,20938.31078328366,0.8500393394861486
360810087001,360810087001,Block Group 1; Census Tract 87; Queens County; New York,Queens,1151,591,591,1.0,335,256,0.764179104477612,169,0.1468288444830582,358,0.3110338835794961,0,0.0,441,0.3831450912250217,114,0.0990443092962641,578,0.5021720243266724,188,0.3181049069373942,36081008700,3444,1246,0.3617886178861789,3480,796,0.228735632183908,3480,343,0.0985632183908045,81889,0.081889,14055.61186484143,0.8071373034137919
360810884001,360810884001,Block Group 1; Census Tract 884; Queens County; New York,Queens,2171,770,490,0.6363636363636364,437,131,0.2997711670480549,401,0.1847075080608014,647,0.2980193459235375,1587,0.730999539382773,0,0.0,0,0.0,584,0.2690004606172271,139,0.1805194805194805,36081088400,8995,919,0.1021678710394663,8995,1757,0.1953307392996109,8995,299,0.0332406892718176,324778,0.324778,6684.56607282513,0.4775761195459929
360810889021,360810889021,Block Group 1; Census Tract 889.02; Queens County; New York,Queens,1906,831,301,0.3622141997593261,1094,460,0.4204753199268738,56,0.0293809024134312,246,0.1290661070304302,579,0.3037775445960126,68,0.0356768100734522,785,0.4118572927597062,474,0.2486883525708289,235,0.2827918170878459,36081088902,6357,1490,0.2343872896020135,6357,786,0.1236432279377064,6357,607,0.0954852918043102,70897,0.070897,26884.0712583043,0.6488070340727674
360810889031,360810889031,Block Group 1; Census Tract 889.03; Queens County; New York,Queens,1209,349,80,0.2292263610315186,394,120,0.3045685279187817,172,0.1422663358147229,405,0.3349875930521092,206,0.1703887510339123,65,0.053763440860215,619,0.5119933829611248,319,0.2638544251447477,131,0.3753581661891118,36081088903,4537,1035,0.2281243112188671,4537,573,0.1262949085298655,4537,237,0.0522371611196826,173326,0.173326,6975.295108639211,0.7904990965897805
360810088001,360810088001,Block Group 1; Census Tract 88; Queens County; New York,Queens,1997,623,216,0.3467094703049759,1150,287,0.2495652173913043,342,0.171256885327992,163,0.0816224336504757,409,0.2048072108162243,122,0.0610916374561842,174,0.0871306960440661,1183,0.5923885828743115,101,0.1621187800963081,36081008800,3641,179,0.0491623180444932,3679,360,0.0978526773579777,3679,282,0.0766512639304158,277550,0.27755,7195.099981985228,0.5093691136203737
360810892011,360810892011,Block Group 1; Census Tract 892.01; Queens County; New York,Queens,761,203,0,0.0,303,98,0.3234323432343234,354,0.4651773981603154,59,0.0775295663600525,463,0.6084099868593955,0,0.0,0,0.0,298,0.3915900131406045,0,0.0,36081089201,9116,243,0.0266564282580079,9116,1369,0.1501755155770074,9116,395,0.0433304080737165,204161,0.204161,3727.450394541562,0.4074814107820925
360810008001,360810008001,Block Group 1; Census Tract 8; Queens County; New York,Queens,2109,631,334,0.5293185419968305,927,555,0.598705501618123,269,0.1275486012328117,434,0.2057847321005215,141,0.0668563300142247,238,0.1128496917970602,449,0.2128971076339497,1222,0.5794215267899478,96,0.1521394611727416,36081000800,3768,379,0.1005838641188959,3768,369,0.0979299363057324,3768,375,0.0995222929936305,89126,0.089126,23663.128604447636,0.3543088894582211
360810907001,360810907001,Block Group 1; Census Tract 907; Queens County; New York,Queens,1533,562,170,0.302491103202847,543,118,0.2173112338858195,299,0.1950424005218525,339,0.2211350293542074,479,0.3124592302674494,9,0.0058708414872798,650,0.4240052185257664,367,0.2393998695368558,117,0.2081850533807829,36081090700,1533,114,0.0743639921722113,1533,106,0.0691454664057403,1533,59,0.0384866275277234,2022039,2.022039,758.1456144020962,0.7907825387696602
360810919001,360810919001,Block Group 1; Census Tract 919; Queens County; New York,Queens,1509,426,289,0.6784037558685446,541,251,0.4639556377079482,210,0.1391650099403578,589,0.3903247183565275,355,0.2352551358515573,236,0.1563949635520212,675,0.4473161033797216,238,0.1577203445990722,58,0.136150234741784,36081091900,4722,686,0.1452774248199915,4722,347,0.0734858110969928,4722,316,0.0669207962727657,128999,0.128999,11697.765098954254,0.7621794885105244
360810091001,360810091001,Block Group 1; Census Tract 91; Queens County; New York,Queens,968,568,276,0.4859154929577465,515,269,0.5223300970873787,93,0.0960743801652892,93,0.0960743801652892,535,0.5526859504132231,109,0.1126033057851239,132,0.1363636363636363,110,0.1136363636363636,20,0.0352112676056338,36081009100,1928,117,0.0606846473029045,1928,236,0.1224066390041493,1928,35,0.0181535269709543,112515,0.112515,8603.297338132694,0.8005936716481433
360810922001,360810922001,Block Group 1; Census Tract 922; Queens County; New York,Queens,1335,514,75,0.1459143968871595,656,84,0.1280487804878048,243,0.1820224719101123,233,0.1745318352059925,1285,0.9625468164794008,0,0.0,0,0.0,5,0.0037453183520599,0,0.0,36081092200,2338,85,0.0363558597091531,2338,151,0.064585115483319,2338,69,0.0295124037639007,183235,0.183235,7285.725980298524,0.4614791648375398
360810925001,360810925001,Block Group 1; Census Tract 925; Queens County; New York,Queens,1576,467,326,0.6980728051391863,558,155,0.2777777777777778,502,0.3185279187817258,258,0.1637055837563451,97,0.0615482233502538,7,0.0044416243654822,723,0.4587563451776649,732,0.4644670050761421,155,0.3319057815845824,36081092500,3798,654,0.1721958925750395,3799,424,0.1116083179784153,3799,319,0.0839694656488549,103415,0.103415,15239.56872794082,0.5943663520495964
360810928001,360810928001,Block Group 1; Census Tract 928; Queens County; New York,Queens,1353,456,39,0.0855263157894736,517,48,0.09284332688588,200,0.1478196600147819,496,0.3665927568366592,1243,0.91869918699187,13,0.0096082779009608,58,0.0428677014042867,29,0.0214338507021433,30,0.0657894736842105,36081092800,3341,148,0.0442981143370248,3341,161,0.0481891649206824,3341,14,0.0041903621670158,308470,0.30847,4386.163970564398,0.4597108149373998
360810929001,360810929001,Block Group 1; Census Tract 929; Queens County; New York,Queens,505,224,216,0.9642857142857144,299,167,0.5585284280936454,0,0.0,172,0.3405940594059406,40,0.0792079207920792,0,0.0,304,0.601980198019802,161,0.3188118811881188,105,0.46875,36081092900,7003,557,0.0795373411395116,7003,382,0.0545480508353562,7003,872,0.1245180636869913,267602,0.267602,1887.1308884089055,0.5601713620934421
360810934011,360810934011,Block Group 1; Census Tract 934.01; Queens County; New York,Queens,1738,545,237,0.4348623853211009,816,347,0.4252450980392157,473,0.2721518987341772,273,0.1570771001150748,1154,0.663981588032221,43,0.024741081703107,33,0.0189873417721519,500,0.287686996547756,14,0.0256880733944954,36081093401,4120,523,0.1269417475728155,4218,508,0.1204362256993836,4218,52,0.0123281175912754,225482,0.225482,7707.9323404972465,0.5163053827665253
360810934021,360810934021,Block Group 1; Census Tract 934.02; Queens County; New York,Queens,1351,784,526,0.6709183673469388,836,245,0.2930622009569378,98,0.0725388601036269,329,0.2435233160621761,861,0.6373056994818653,175,0.1295336787564766,26,0.0192450037009622,289,0.2139156180606957,95,0.1211734693877551,36081093402,4165,409,0.0981992797118847,4165,631,0.151500600240096,4165,83,0.0199279711884753,113723,0.113723,11879.742884025218,0.5154354548025653
360810938001,360810938001,Block Group 1; Census Tract 938; Queens County; New York,Queens,1985,1046,1046,1.0,905,440,0.4861878453038674,267,0.1345088161209068,355,0.1788413098236775,1361,0.6856423173803526,0,0.0,0,0.0,624,0.3143576826196473,0,0.0,36081093800,4527,496,0.1095648332228849,4527,712,0.1572785509167218,4527,569,0.1256903026286724,97303,0.097303,20400.193210897916,0.5475759517865637
360810939001,360810939001,Block Group 1; Census Tract 939; Queens County; New York,Queens,4015,1152,771,0.6692708333333334,1666,261,0.1566626650660264,1235,0.3075965130759651,548,0.1364881693648817,566,0.1409713574097136,175,0.0435865504358655,1957,0.4874221668742217,1279,0.3185554171855542,411,0.3567708333333333,36081093900,5805,312,0.0537467700258397,5819,369,0.0634129575528441,5819,289,0.0496648908747207,432145,0.432145,9290.863020513949,0.5414566343544761
360810942011,360810942011,Block Group 1; Census Tract 942.01; Queens County; New York,Queens,2831,1032,672,0.6511627906976745,1203,537,0.4463840399002494,659,0.2327799364182267,566,0.1999293535853055,1279,0.4517838219710349,592,0.2091133874955846,332,0.117273048392794,596,0.2105263157894736,92,0.0891472868217054,36081094201,3436,731,0.2127473806752037,3454,524,0.1517081644470179,3454,183,0.0529820497973364,217985,0.217985,12987.13214211987,0.5753783875886062
360810942021,360810942021,Block Group 1; Census Tract 942.02; Queens County; New York,Queens,2498,825,432,0.5236363636363637,934,337,0.360813704496788,887,0.355084067253803,90,0.0360288230584467,535,0.2141713370696557,846,0.3386709367493995,100,0.0400320256204963,825,0.3302642113690953,67,0.0812121212121212,36081094202,5623,1751,0.3113996087497777,5623,689,0.1225324559843499,5623,302,0.0537079850613551,264490,0.26449,9444.591477938677,0.7519298933018513
360810942031,360810942031,Block Group 1; Census Tract 942.03; Queens County; New York,Queens,1180,579,247,0.4265975820379965,446,149,0.3340807174887892,170,0.1440677966101695,230,0.1949152542372881,760,0.6440677966101694,95,0.0805084745762711,0,0.0,273,0.2313559322033898,0,0.0,36081094203,5729,703,0.122709024262524,5730,1255,0.219022687609075,5730,66,0.0115183246073298,278363,0.278363,4239.069129158688,0.7574623794905998
360810945001,360810945001,Block Group 1; Census Tract 945; Queens County; New York,Queens,2215,727,246,0.3383768913342503,921,172,0.1867535287730727,359,0.1620767494356659,707,0.3191873589164785,917,0.4139954853273138,0,0.0,994,0.4487584650112867,258,0.1164785553047404,154,0.2118294360385144,36081094500,3958,565,0.1427488630621526,3958,746,0.1884790298130368,3958,234,0.0591207680646791,716840,0.71684,3089.950337592768,0.5914671214826397
360810947001,360810947001,Block Group 1; Census Tract 947; Queens County; New York,Queens,1369,357,226,0.6330532212885154,589,161,0.2733446519524618,270,0.1972242512783053,146,0.1066471877282688,238,0.1738495252008765,25,0.0182615047479912,262,0.1913805697589481,844,0.6165084002921841,70,0.196078431372549,36081094700,2755,349,0.1266787658802178,2773,329,0.1186440677966101,2773,169,0.0609448250991705,157115,0.157115,8713.362823409605,0.6042946948930841
360810094001,360810094001,Block Group 1; Census Tract 94; Queens County; New York,Queens,1062,339,232,0.6843657817109144,516,271,0.5251937984496124,139,0.1308851224105461,98,0.0922787193973634,24,0.0225988700564971,85,0.0800376647834275,516,0.4858757062146893,214,0.2015065913370998,34,0.1002949852507374,36081009400,2707,523,0.1932028075360177,2707,292,0.1078684891023273,2707,525,0.1939416328038418,97541,0.097541,10887.72926256651,0.5459903668955082
360810954001,360810954001,Block Group 1; Census Tract 954; Queens County; New York,Queens,1650,449,300,0.6681514476614699,482,158,0.3278008298755187,646,0.3915151515151515,178,0.1078787878787878,5,0.003030303030303,869,0.5266666666666666,0,0.0,737,0.4466666666666666,43,0.0957683741648107,36081095400,6993,1448,0.207064207064207,6940,1202,0.1731988472622478,6940,99,0.0142651296829971,276729,0.276729,5962.512060535759,0.7984284968637894
360810095001,360810095001,Block Group 1; Census Tract 95; Queens County; New York,Queens,774,379,305,0.8047493403693932,495,333,0.6727272727272727,27,0.0348837209302325,214,0.276485788113695,516,0.6666666666666666,27,0.0348837209302325,50,0.0645994832041343,167,0.2157622739018088,50,0.1319261213720316,36081009500,1959,130,0.0663603879530372,1959,108,0.0551301684532924,1959,84,0.0428790199081163,40676,0.040676,19028.419706952503,0.8771497446041087
360810964001,360810964001,Block Group 1; Census Tract 964; Queens County; New York,Queens,2986,1121,635,0.5664585191793042,1278,659,0.5156494522691706,822,0.275284661754856,144,0.0482250502344273,75,0.0251172136637642,1631,0.5462156731413262,213,0.0713328868050904,521,0.1744809109176155,28,0.0249776984834968,36081096400,6591,1474,0.2236382946442118,6614,713,0.1078016328999092,6614,377,0.057000302388872,490146,0.490146,6092.0623650912175,0.7939325377380224
360810096001,360810096001,Block Group 1; Census Tract 96; Queens County; New York,Queens,1832,613,157,0.2561174551386623,1056,282,0.2670454545454545,223,0.1217248908296943,543,0.2963973799126637,45,0.0245633187772925,156,0.0851528384279476,597,0.3258733624454148,187,0.1020742358078602,24,0.0391517128874388,36081009600,3072,336,0.109375,3072,404,0.1315104166666666,3072,219,0.0712890625,115176,0.115176,15906.09154685004,0.7346991676207592
360810972021,360810972021,Block Group 1; Census Tract 972.02; Queens County; New York,Queens,3479,1300,1300,1.0,580,243,0.4189655172413793,1308,0.3759701063524001,314,0.0902558206381144,50,0.0143719459614831,2961,0.8511066398390342,26,0.0074734118999712,442,0.1270480022995113,85,0.0653846153846153,36081097202,3479,1578,0.4535786145444093,3479,575,0.1652773785570566,3479,115,0.0330554757114113,576641,0.576641,6033.216507324315,0.790974619574041
360810972041,360810972041,Block Group 1; Census Tract 972.04; Queens County; New York,Queens,2548,516,332,0.6434108527131783,635,173,0.2724409448818897,683,0.2680533751962323,622,0.2441130298273155,198,0.0777080062794348,1478,0.5800627943485086,102,0.0400313971742543,561,0.2201726844583987,62,0.1201550387596899,36081097204,3597,506,0.1406727828746177,3603,518,0.1437690813211213,3603,274,0.0760477379961143,283945,0.283945,8973.568824948494,0.7964972351952713
360810972051,360810972051,Block Group 1; Census Tract 972.05; Queens County; New York,Queens,1696,816,816,1.0,453,264,0.5827814569536424,509,0.3001179245283019,141,0.0831367924528301,8,0.0047169811320754,1133,0.6680424528301887,273,0.1609669811320754,282,0.1662735849056603,114,0.1397058823529411,36081097205,3318,1926,0.5804701627486437,3318,550,0.1657625075346594,3318,304,0.0916214587100663,109595,0.109595,15475.158538254484,0.8131442858004541
360810972061,360810972061,Block Group 1; Census Tract 972.06; Queens County; New York,Queens,1501,773,762,0.9857697283311772,437,316,0.7231121281464531,317,0.2111925383077948,298,0.1985343104596935,0,0.0,1073,0.714856762158561,79,0.0526315789473684,330,0.2198534310459693,148,0.1914618369987063,36081097206,2635,757,0.2872865275142315,2635,468,0.1776091081593928,2635,161,0.061100569259962,115528,0.115528,12992.521293539228,0.8100409288894874
360810973001,360810973001,Block Group 1; Census Tract 973; Queens County; New York,Queens,836,317,40,0.1261829652996845,413,71,0.171912832929782,45,0.0538277511961722,285,0.3409090909090909,606,0.7248803827751196,17,0.020334928229665,79,0.0944976076555023,126,0.1507177033492823,70,0.2208201892744479,36081097300,2116,120,0.0567107750472589,2116,262,0.1238185255198487,2116,50,0.0236294896030245,262495,0.262495,3184.8225680489154,0.5865907334889289
360810097001,360810097001,Block Group 1; Census Tract 97; Queens County; New York,Queens,570,216,196,0.9074074074074074,197,99,0.5025380710659898,165,0.2894736842105263,61,0.1070175438596491,401,0.7035087719298245,0,0.0,0,0.0,169,0.2964912280701754,27,0.125,36081009700,3802,342,0.0899526564965807,3837,326,0.0849622100599426,3837,248,0.0646338285118582,38887,0.038887,14657.854810090776,0.8487709881639595
360810981001,360810981001,Block Group 1; Census Tract 981; Queens County; New York,Queens,1226,431,71,0.1647331786542923,669,93,0.1390134529147982,85,0.0693311582381729,197,0.1606851549755301,830,0.6769983686786297,0,0.0,197,0.1606851549755301,172,0.1402936378466558,15,0.0348027842227378,36081098100,2486,170,0.0683829444891391,2486,122,0.0490748189863234,2486,50,0.0201126307320997,396273,0.396273,3093.8267305620116,0.7675908028443346
360810987001,360810987001,Block Group 1; Census Tract 987; Queens County; New York,Queens,1178,476,174,0.3655462184873949,588,100,0.1700680272108843,231,0.1960950764006791,392,0.33276740237691,866,0.735144312393888,0,0.0,197,0.1672325976230899,98,0.0831918505942275,16,0.0336134453781512,36081098700,2591,214,0.0825935932072558,2591,226,0.0872250096487842,2591,110,0.04245465071401,378363,0.378363,3113.4122522551093,0.8332976086810439
360810098001,360810098001,Block Group 1; Census Tract 98; Queens County; New York,Queens,1074,351,224,0.6381766381766382,562,249,0.4430604982206406,109,0.1014897579143389,210,0.1955307262569832,113,0.1052141527001862,260,0.2420856610800744,468,0.435754189944134,132,0.1229050279329608,0,0.0,36081009800,2216,296,0.1335740072202166,2216,239,0.1078519855595668,2216,226,0.101985559566787,67728,0.067728,15857.547838412474,0.7423897607456251
360810991001,360810991001,Block Group 1; Census Tract 991; Queens County; New York,Queens,2264,897,236,0.2630992196209587,681,122,0.1791483113069016,571,0.252208480565371,877,0.3873674911660777,1013,0.4474381625441696,0,0.0,448,0.1978798586572438,803,0.3546819787985866,75,0.0836120401337792,36081099100,7613,329,0.0432155523446735,7613,953,0.125180612110863,7613,317,0.0416393011953237,165869,0.165869,13649.325672669396,0.8404842844738086
360810992001,360810992001,Block Group 1; Census Tract 992; Queens County; New York,Queens,3049,1062,977,0.9199623352165726,825,296,0.3587878787878787,1049,0.3440472285995408,489,0.1603804526074122,456,0.1495572318793047,1195,0.3919317809117743,72,0.0236142997704165,1189,0.3899639225975729,148,0.1393596986817326,36081099200,4258,1815,0.4262564584311883,4258,939,0.2205260685767966,4258,172,0.0403945514325974,168232,0.168232,18123.781444671644,0.6102782476767062
360810997011,360810997011,Block Group 1; Census Tract 997.01; Queens County; New York,Queens,1046,422,80,0.1895734597156398,410,32,0.0780487804878048,190,0.1816443594646271,358,0.3422562141491396,604,0.5774378585086042,0,0.0,249,0.2380497131931166,24,0.022944550669216,54,0.1279620853080568,36081099701,2491,236,0.0947410678442392,2507,538,0.21459912245712,2507,16,0.0063821300358994,680429,0.680429,1537.2654604668526,0.5626311974182628
360810997031,360810997031,Block Group 1; Census Tract 997.03; Queens County; New York,Queens,1484,531,416,0.783427495291902,585,120,0.2051282051282051,472,0.3180592991913746,261,0.1758760107816711,658,0.4433962264150943,108,0.0727762803234501,451,0.3039083557951482,221,0.148921832884097,50,0.0941619585687382,36081099703,3931,374,0.0951411854489951,3931,388,0.0987026201984228,3931,51,0.012973798015772,154542,0.154542,9602.56758680488,0.7554329921005418
360810997041,360810997041,Block Group 1; Census Tract 997.04; Queens County; New York,Queens,1463,791,164,0.2073324905183312,793,144,0.1815889029003783,37,0.0252904989747095,549,0.3752563226247437,892,0.6097060833902939,57,0.0389610389610389,128,0.0874914559125085,270,0.1845522898154477,65,0.0821744627054361,36081099704,7118,792,0.1112672098904186,7118,1729,0.242905310480472,7118,255,0.0358246698510817,193310,0.19331,7568.154777300709,0.7607328613088138
360810997051,360810997051,Block Group 1; Census Tract 997.05; Queens County; New York,Queens,2813,1208,316,0.2615894039735099,1277,282,0.220830070477682,224,0.0796302879488091,756,0.2687522218272307,762,0.2708851759687167,13,0.0046214006398862,1177,0.4184145040881621,684,0.2431567721293992,240,0.1986754966887417,36081099705,2813,370,0.1315321720583007,2813,368,0.1308211873444721,2813,305,0.1084251688588695,440081,0.440081,6392.005108150545,0.7072274344118791
360810998011,360810998011,Block Group 1; Census Tract 998.01; Queens County; New York,Queens,927,296,181,0.6114864864864865,528,224,0.4242424242424242,108,0.116504854368932,246,0.2653721682847896,0,0.0,633,0.6828478964401294,0,0.0,111,0.1197411003236245,0,0.0,36081099801,8701,1439,0.1653832892770946,8710,1661,0.1907003444316877,8710,452,0.0518943742824339,117743,0.117743,7873.079503664761,0.8245294631166339
360810998021,360810998021,Block Group 1; Census Tract 998.02; Queens County; New York,Queens,2232,950,821,0.8642105263157894,820,180,0.2195121951219512,413,0.1850358422939068,121,0.0542114695340501,46,0.0206093189964157,1488,0.6666666666666666,13,0.0058243727598566,487,0.218189964157706,0,0.0,36081099802,5375,1473,0.274046511627907,5375,1410,0.2623255813953488,5375,344,0.064,311973,0.311973,7154.465290265503,0.782953021829636
360810001012,360810001012,Block Group 2; Census Tract 1.01; Queens County; New York,Queens,1658,982,503,0.5122199592668024,1015,311,0.3064039408866995,303,0.1827503015681544,268,0.1616405307599517,858,0.517490952955368,0,0.0,385,0.2322074788902292,110,0.0663449939686369,25,0.025458248472505,36081000101,4665,281,0.060235798499464,4665,486,0.1041800643086816,4665,0,0.0,40126,0.040126,41319.84249613717,0.5953305549162741
360810001022,360810001022,Block Group 2; Census Tract 1.02; Queens County; New York,Queens,3977,1975,1927,0.9756962025316456,2629,1560,0.5933815138836059,811,0.2039225546894644,105,0.0264018104098566,2216,0.5572039225546894,51,0.0128237364847875,874,0.2197636409353784,586,0.1473472466683429,125,0.0632911392405063,36081000102,6790,233,0.0343151693667157,6769,244,0.0360466834096616,6769,191,0.0282168710296941,55296,0.055296,71922.01967592593,0.6125126480281637
360811008012,360811008012,Block Group 2; Census Tract 1008.01; Queens County; New York,Queens,2178,499,176,0.3527054108216433,1063,368,0.3461900282220131,445,0.2043158861340679,414,0.1900826446280991,468,0.2148760330578512,935,0.4292929292929293,98,0.0449954086317722,415,0.1905417814508723,51,0.1022044088176352,36081100801,2911,143,0.0491240123668842,2911,405,0.1391274476125042,2911,318,0.1092408107179663,444717,0.444717,4897.496610203792,0.7725874183542111
360811008032,360811008032,Block Group 2; Census Tract 1008.03; Queens County; New York,Queens,1971,631,292,0.4627575277337559,792,213,0.2689393939393939,355,0.1801116184677828,434,0.2201927955352612,150,0.076103500761035,967,0.4906139015728056,0,0.0,564,0.2861491628614916,116,0.1838351822503962,36081100803,4637,970,0.2091869743368557,4729,695,0.1469655318249101,4729,825,0.1744554874180587,160114,0.160114,12309.979139862848,0.8215696920351311
360811008042,360811008042,Block Group 2; Census Tract 1008.04; Queens County; New York,Queens,1784,540,204,0.3777777777777777,660,94,0.1424242424242424,528,0.2959641255605381,403,0.2258968609865471,1025,0.5745515695067265,351,0.1967488789237668,22,0.0123318385650224,275,0.1541479820627802,0,0.0,36081100804,5213,466,0.0893919048532514,5308,500,0.094197437829691,5308,277,0.0521853805576488,419898,0.419898,4248.650862828592,0.7839310862145868
360810100002,360810100002,Block Group 2; Census Tract 100; Queens County; New York,Queens,1760,562,114,0.2028469750889679,828,196,0.2367149758454106,339,0.1926136363636363,564,0.3204545454545454,163,0.0926136363636363,119,0.0676136363636363,588,0.3340909090909091,491,0.2789772727272727,16,0.0284697508896797,36081010000,3082,325,0.1054510058403634,3082,135,0.0438027255029201,3082,130,0.0421804023361453,133090,0.13309,13224.134044631452,0.7503971412630717
360811010022,360811010022,Block Group 2; Census Tract 1010.02; Queens County; New York,Queens,2275,1098,879,0.8005464480874317,432,56,0.1296296296296296,719,0.316043956043956,570,0.2505494505494505,648,0.2848351648351648,350,0.1538461538461538,794,0.349010989010989,472,0.2074725274725274,143,0.1302367941712204,36081101002,6071,860,0.1416570581452808,6071,865,0.1424806456926371,6071,147,0.0242134738922747,126606,0.126606,17969.132584553656,0.7398200150388733
360811010032,360811010032,Block Group 2; Census Tract 1010.03; Queens County; New York,Queens,467,153,153,1.0,106,7,0.0660377358490566,87,0.1862955032119914,167,0.3576017130620985,90,0.1927194860813704,76,0.1627408993576017,12,0.025695931477516,272,0.582441113490364,0,0.0,36081101003,4188,807,0.1926934097421203,4188,417,0.0995702005730659,4188,33,0.0078796561604584,34106,0.034106,13692.605406673314,0.7859781637997055
360811010042,360811010042,Block Group 2; Census Tract 1010.04; Queens County; New York,Queens,1464,713,519,0.7279102384291725,497,156,0.3138832997987927,161,0.1099726775956284,520,0.3551912568306011,576,0.3934426229508196,718,0.4904371584699453,9,0.0061475409836065,122,0.0833333333333333,0,0.0,36081101004,5524,1582,0.2863866763215061,5627,949,0.1686511462591078,5627,233,0.0414074995557135,140219,0.140219,10440.810446515809,0.7840071050243685
360811017002,360811017002,Block Group 2; Census Tract 1017; Queens County; New York,Queens,575,240,0,0.0,212,19,0.0896226415094339,39,0.0678260869565217,279,0.4852173913043478,462,0.8034782608695652,0,0.0,37,0.0643478260869565,76,0.1321739130434782,19,0.0791666666666666,36081101700,6801,577,0.0848404646375533,6806,627,0.0921245959447546,6806,106,0.0155744930943285,139770,0.13977,4113.901409458395,0.6337216327796484
360810101002,360810101002,Block Group 2; Census Tract 101; Queens County; New York,Queens,1711,675,486,0.72,846,224,0.2647754137115839,378,0.2209234365867913,234,0.1367621274108708,1083,0.6329631794272356,0,0.0,71,0.0414962010520163,322,0.1881940385739333,14,0.0207407407407407,36081010100,2686,149,0.0554728220402084,2686,249,0.0927029039463886,2686,116,0.043186895011169,85060,0.08506,20115.21279097108,0.8623948071512098
360811029002,360811029002,Block Group 2; Census Tract 1029; Queens County; New York,Queens,1930,704,425,0.6036931818181818,648,181,0.279320987654321,190,0.0984455958549222,401,0.2077720207253886,775,0.4015544041450777,25,0.0129533678756476,539,0.2792746113989637,402,0.2082901554404145,26,0.0369318181818181,36081102900,3616,246,0.0680309734513274,3649,268,0.0734447793916141,3649,80,0.0219238147437654,135840,0.13584,14207.89163722026,0.6096824948833409
360810102002,360810102002,Block Group 2; Census Tract 102; Queens County; New York,Queens,1341,444,271,0.6103603603603603,767,382,0.4980443285528031,276,0.2058165548098434,180,0.1342281879194631,72,0.0536912751677852,176,0.1312453392990305,704,0.5249813571961223,184,0.1372110365398956,14,0.0315315315315315,36081010200,2731,337,0.1233980227023068,2731,128,0.0468692786525082,2731,293,0.1072867081655071,108784,0.108784,12327.18046771584,0.4969840378133046
360811032012,360811032012,Block Group 2; Census Tract 1032.01; Queens County; New York,Queens,2458,583,489,0.8387650085763293,1047,658,0.6284622731614136,866,0.3523189585028478,91,0.0370219690805532,95,0.0386493083807973,1062,0.4320585842148088,137,0.0557363710333604,1035,0.4210740439381611,225,0.385934819897084,36081103201,6293,2219,0.3526140155728587,6296,890,0.1413595933926302,6296,827,0.1313532401524777,117689,0.117689,20885.554299892086,0.8263871816224179
360811032022,360811032022,Block Group 2; Census Tract 1032.02; Queens County; New York,Queens,1500,401,171,0.42643391521197,348,58,0.1666666666666666,617,0.4113333333333333,222,0.148,1466,0.9773333333333334,8,0.0053333333333333,0,0.0,0,0.0,0,0.0,36081103202,7684,1178,0.1533055700156168,7684,715,0.0930504945340968,7684,1296,0.1686621551275377,228411,0.228411,6567.109289832802,0.7748473600679754
360811033002,360811033002,Block Group 2; Census Tract 1033; Queens County; New York,Queens,977,311,111,0.3569131832797427,478,76,0.1589958158995816,257,0.263050153531218,256,0.2620266120777891,429,0.4390992835209826,0,0.0,344,0.3520982599795291,0,0.0,26,0.0836012861736334,36081103300,4387,435,0.0991565990426259,4387,450,0.1025757921130613,4387,119,0.0271255983587873,146615,0.146615,6663.711080039559,0.8401167622625323
360811039002,360811039002,Block Group 2; Census Tract 1039; Queens County; New York,Queens,2673,950,222,0.2336842105263158,893,104,0.1164613661814109,698,0.2611298166853722,712,0.2663673774784886,866,0.3239805462027684,0,0.0,1349,0.5046763935652825,217,0.0811821922933034,142,0.1494736842105263,36081103900,6539,551,0.0842636488759749,6540,663,0.1013761467889908,6540,590,0.0902140672782874,237386,0.237386,11260.141710126123,0.8450627686478358
360810103002,360810103002,Block Group 2; Census Tract 103; Queens County; New York,Queens,553,311,241,0.77491961414791,363,236,0.650137741046832,45,0.081374321880651,60,0.1084990958408679,312,0.5641952983725136,13,0.023508137432188,42,0.0759493670886076,154,0.2784810126582278,0,0.0,36081010300,3887,453,0.1165423205556984,3915,454,0.1159642401021711,3915,105,0.0268199233716475,68423,0.068423,8082.077663943411,0.8389059764526222
360811047002,360811047002,Block Group 2; Census Tract 1047; Queens County; New York,Queens,1113,325,92,0.283076923076923,356,22,0.0617977528089887,254,0.2282120395327942,187,0.1680143755615453,438,0.3935309973045822,0,0.0,601,0.5399820305480683,74,0.0664869721473495,102,0.3138461538461538,36081104700,6679,1053,0.1576583320856415,6656,515,0.077373798076923,6656,256,0.0384615384615384,258769,0.258769,4301.133443341358,0.8276853245096841
360810104002,360810104002,Block Group 2; Census Tract 104; Queens County; New York,Queens,1541,487,203,0.4168377823408624,848,317,0.3738207547169811,111,0.072031148604802,423,0.2744970798182998,95,0.0616482803374432,494,0.3205710577547047,65,0.0421804023361453,558,0.3621025308241402,56,0.1149897330595482,36081010400,3665,461,0.1257844474761255,3746,330,0.0880939668980245,3746,271,0.0723438334223171,105485,0.105485,14608.712139166706,0.7127329147725555
360811059002,360811059002,Block Group 2; Census Tract 1059; Queens County; New York,Queens,760,366,56,0.1530054644808743,323,41,0.1269349845201238,149,0.1960526315789473,191,0.2513157894736842,210,0.2763157894736842,0,0.0,516,0.6789473684210526,34,0.0447368421052631,24,0.0655737704918032,36081105900,3640,310,0.0851648351648351,3641,339,0.0931062894809118,3641,68,0.0186761878604778,141927,0.141927,5354.8655294623295,0.8387595666797257
360810105002,360810105002,Block Group 2; Census Tract 105; Queens County; New York,Queens,839,387,387,1.0,403,144,0.3573200992555831,196,0.233611442193087,155,0.1847437425506555,331,0.3945172824791418,72,0.0858164481525625,0,0.0,411,0.4898688915375447,25,0.0645994832041343,36081010500,4668,624,0.1336760925449871,4668,774,0.1658097686375321,4668,258,0.0552699228791773,42702,0.042702,19647.79167252119,0.7934322099235754
360810106002,360810106002,Block Group 2; Census Tract 106; Queens County; New York,Queens,1675,543,389,0.716390423572744,800,306,0.3825,262,0.1564179104477611,388,0.2316417910447761,54,0.0322388059701492,154,0.0919402985074626,248,0.1480597014925373,622,0.3713432835820895,0,0.0,36081010600,2785,412,0.1479353680430879,2785,307,0.1102333931777378,2785,284,0.1019748653500897,89207,0.089207,18776.553409485805,0.7269633703943423
360811085002,360811085002,Block Group 2; Census Tract 1085; Queens County; New York,Queens,779,210,132,0.6285714285714286,348,79,0.2270114942528735,280,0.3594351732991014,76,0.0975609756097561,332,0.4261874197689345,0,0.0,216,0.2772785622593068,213,0.2734274711168164,30,0.1428571428571428,36081108500,2770,248,0.0895306859205776,2790,418,0.1498207885304659,2790,174,0.0623655913978494,65597,0.065597,11875.54308886077,0.5667806605519705
360810108002,360810108002,Block Group 2; Census Tract 108; Queens County; New York,Queens,2573,551,213,0.3865698729582577,1197,529,0.441938178780284,577,0.2242518460940536,304,0.1181500194325689,14,0.0054411193159735,0,0.0,1422,0.55266226195103,580,0.2254178002331908,86,0.1560798548094374,36081010800,3210,242,0.0753894080996884,3304,372,0.1125907990314769,3304,125,0.0378329297820823,90105,0.090105,28555.57405249431,0.7456926486836304
360811093002,360811093002,Block Group 2; Census Tract 1093; Queens County; New York,Queens,777,244,7,0.0286885245901639,229,16,0.0698689956331877,104,0.1338481338481338,330,0.4247104247104247,293,0.3770913770913771,37,0.0476190476190476,364,0.4684684684684684,68,0.0875160875160875,0,0.0,36081109300,2808,174,0.0619658119658119,2808,386,0.1374643874643874,2808,142,0.0505698005698005,581757,0.581757,1335.609197654691,0.7753321853544723
360811097002,360811097002,Block Group 2; Census Tract 1097; Queens County; New York,Queens,696,215,95,0.4418604651162791,283,56,0.1978798586572438,174,0.25,129,0.1853448275862069,334,0.4798850574712643,1,0.0014367816091954,287,0.4123563218390804,32,0.0459770114942528,8,0.0372093023255813,36081109700,1899,73,0.0384412848867825,1899,200,0.105318588730911,1899,102,0.0537124802527646,135253,0.135253,5145.911735784049,0.5826957360594728
360811099002,360811099002,Block Group 2; Census Tract 1099; Queens County; New York,Queens,710,263,166,0.6311787072243346,355,135,0.380281690140845,154,0.2169014084507042,95,0.1338028169014084,260,0.3661971830985915,8,0.0112676056338028,185,0.2605633802816901,257,0.3619718309859155,36,0.1368821292775665,36081109900,3398,391,0.1150676868746321,3398,366,0.1077104178928781,3398,85,0.0250147145379635,124669,0.124669,5695.080573358253,0.5574350897911649
360810010002,360810010002,Block Group 2; Census Tract 10; Queens County; New York,Queens,2985,715,348,0.4867132867132867,1582,932,0.5891276864728192,662,0.2217755443886097,295,0.0988274706867671,102,0.0341708542713567,192,0.064321608040201,189,0.0633165829145728,2091,0.700502512562814,28,0.0391608391608391,36081001000,4618,391,0.0846686877436119,4636,234,0.0504745470232959,4636,537,0.1158326143226919,88055,0.088055,33899.26750326501,0.5645901385082162
360810110002,360810110002,Block Group 2; Census Tract 110; Queens County; New York,Queens,2048,514,359,0.6984435797665369,837,390,0.4659498207885305,339,0.16552734375,263,0.12841796875,52,0.025390625,120,0.05859375,453,0.22119140625,554,0.2705078125,41,0.0797665369649805,36081011000,2804,781,0.2785306704707561,2818,229,0.081263307310149,2818,460,0.1632363378282469,90074,0.090074,22736.86080333948,0.7631046039911256
360811113002,360811113002,Block Group 2; Census Tract 1113; Queens County; New York,Queens,846,279,198,0.7096774193548387,375,102,0.272,226,0.2671394799054373,168,0.1985815602836879,320,0.3782505910165484,34,0.0401891252955082,231,0.2730496453900709,261,0.3085106382978723,49,0.1756272401433691,36081111300,2714,290,0.1068533529845246,2714,195,0.0718496683861459,2714,134,0.0493736182756079,156156,0.156156,5417.659263813111,0.6307948992437407
360810111002,360810111002,Block Group 2; Census Tract 111; Queens County; New York,Queens,1323,650,438,0.6738461538461539,571,260,0.4553415061295972,213,0.1609977324263038,190,0.1436130007558579,809,0.6114890400604687,0,0.0,103,0.0778533635676492,299,0.2260015117157974,64,0.0984615384615384,36081011100,2939,377,0.128274923443348,2939,443,0.150731541340592,2939,218,0.0741748894181694,77607,0.077607,17047.431288414708,0.8558893797829616
360811123002,360811123002,Block Group 2; Census Tract 1123; Queens County; New York,Queens,1025,419,326,0.7780429594272077,600,138,0.23,144,0.1404878048780488,172,0.1678048780487805,438,0.4273170731707317,18,0.0175609756097561,228,0.2224390243902439,328,0.32,62,0.1479713603818615,36081112300,2341,458,0.1956428876548483,2341,251,0.1072191371208885,2341,177,0.0756087142246903,144480,0.14448,7094.407530454042,0.8722876838566738
360811129002,360811129002,Block Group 2; Census Tract 1129; Queens County; New York,Queens,493,170,33,0.1941176470588235,218,63,0.2889908256880734,108,0.2190669371196754,98,0.1987829614604462,294,0.5963488843813387,1,0.0020283975659229,121,0.2454361054766734,65,0.1318458417849898,15,0.088235294117647,36081112900,2204,133,0.0603448275862069,2204,283,0.1284029038112522,2204,159,0.0721415607985481,136057,0.136057,3623.481335028701,0.7701715807749617
360810112002,360810112002,Block Group 2; Census Tract 112; Queens County; New York,Queens,1169,356,286,0.8033707865168539,452,132,0.2920353982300885,282,0.2412318220701454,204,0.174508126603935,154,0.1317365269461078,16,0.0136869118905047,280,0.2395209580838323,557,0.476475620188195,29,0.0814606741573033,36081011200,2346,448,0.1909633418584825,2357,406,0.1722528638099278,2357,208,0.0882477725922783,107125,0.107125,10912.485414235704,0.7620341741521398
360811133002,360811133002,Block Group 2; Census Tract 1133; Queens County; New York,Queens,686,272,97,0.3566176470588235,292,121,0.4143835616438356,122,0.1778425655976676,207,0.3017492711370262,329,0.4795918367346938,0,0.0,304,0.4431486880466472,53,0.0772594752186588,38,0.1397058823529411,36081113300,1428,163,0.1141456582633053,1428,145,0.1015406162464986,1428,10,0.0070028011204481,172258,0.172258,3982.3984952803353,0.7697199929175407
360811139002,360811139002,Block Group 2; Census Tract 1139; Queens County; New York,Queens,1791,737,572,0.7761194029850746,734,186,0.2534059945504087,280,0.1563372417643774,356,0.1987716359575656,639,0.3567839195979899,40,0.0223338916806253,647,0.361250697934115,376,0.2099385817978782,244,0.3310719131614654,36081113900,4051,571,0.1409528511478647,4051,441,0.1088620093803999,4051,167,0.0412243890397432,108107,0.108107,16566.919810928062,0.6441721906631679
360810113002,360810113002,Block Group 2; Census Tract 113; Queens County; New York,Queens,1692,841,745,0.8858501783590963,1016,607,0.5974409448818898,97,0.0573286052009456,189,0.1117021276595744,931,0.5502364066193853,34,0.0200945626477541,321,0.1897163120567375,331,0.1956264775413711,119,0.1414982164090368,36081011300,4443,379,0.0853027233851001,4445,265,0.0596175478065241,4445,575,0.1293588301462317,57260,0.05726,29549.423681453023,0.8765886363445894
360811141002,360811141002,Block Group 2; Census Tract 1141; Queens County; New York,Queens,756,280,58,0.2071428571428571,385,80,0.2077922077922078,87,0.115079365079365,224,0.2962962962962963,408,0.5396825396825397,0,0.0,281,0.3716931216931217,33,0.0436507936507936,27,0.0964285714285714,36081114100,2457,114,0.0463980463980464,2458,220,0.0895036615134255,2458,46,0.0187144019528071,207281,0.207281,3647.222852070378,0.5624682957882593
360811147002,360811147002,Block Group 2; Census Tract 1147; Queens County; New York,Queens,1142,386,131,0.3393782383419689,427,106,0.2482435597189695,245,0.2145359019264448,223,0.1952714535901926,570,0.4991243432574431,0,0.0,419,0.3669001751313485,124,0.1085814360770578,33,0.0854922279792746,36081114700,1854,201,0.1084142394822006,1854,118,0.0636461704422869,1854,260,0.1402373247033441,207280,0.20728,5509.455808568121,0.8200103563851653
360811155002,360811155002,Block Group 2; Census Tract 1155; Queens County; New York,Queens,945,245,193,0.7877551020408163,479,121,0.2526096033402922,242,0.2560846560846561,71,0.0751322751322751,116,0.1227513227513227,0,0.0,197,0.2084656084656084,461,0.4878306878306878,43,0.1755102040816326,36081115500,2189,311,0.1420740063956144,2189,81,0.0370031978072179,2189,520,0.2375513933302878,51381,0.051381,18392.01261166579,0.8109839599305195
360811157002,360811157002,Block Group 2; Census Tract 1157; Queens County; New York,Queens,1896,673,489,0.7265973254086181,834,167,0.2002398081534772,394,0.2078059071729957,420,0.2215189873417721,454,0.2394514767932489,142,0.0748945147679324,1152,0.6075949367088608,100,0.0527426160337552,206,0.3060921248142645,36081115700,3136,759,0.2420280612244898,3136,201,0.064094387755102,3136,309,0.0985331632653061,92727,0.092727,20447.118962114593,0.8104677467857045
360811159002,360811159002,Block Group 2; Census Tract 1159; Queens County; New York,Queens,458,275,141,0.5127272727272727,138,28,0.2028985507246377,24,0.0524017467248908,86,0.1877729257641921,69,0.1506550218340611,0,0.0,326,0.7117903930131004,63,0.1375545851528384,82,0.2981818181818181,36081115900,3883,450,0.1158897759464331,3884,398,0.1024716786817713,3884,353,0.090885684860968,107483,0.107483,4261.1389708139895,0.8098047000577246
360810115002,360810115002,Block Group 2; Census Tract 115; Queens County; New York,Queens,589,214,173,0.8084112149532711,355,219,0.6169014084507042,50,0.0848896434634974,123,0.2088285229202037,420,0.7130730050933786,38,0.064516129032258,59,0.100169779286927,42,0.0713073005093378,21,0.0981308411214953,36081011500,2539,208,0.0819220165419456,2539,223,0.0878298542733359,2539,168,0.0661677825915714,85521,0.085521,6887.197296570433,0.8842736789602522
360811161002,360811161002,Block Group 2; Census Tract 1161; Queens County; New York,Queens,2689,1021,803,0.7864838393731636,1145,459,0.4008733624454148,255,0.0948307921160282,660,0.2454444031238378,184,0.0684269245072517,122,0.0453700260319821,2069,0.7694310152473038,314,0.1167720342134622,510,0.4995102840352595,36081116100,3162,646,0.2043010752688172,3162,236,0.0746363061353573,3162,277,0.0876027830487033,89289,0.089289,30115.691742543877,0.6109871375444297
360811163012,360811163012,Block Group 2; Census Tract 1163.01; Queens County; New York,Queens,1430,616,570,0.9253246753246752,834,160,0.1918465227817745,202,0.1412587412587412,261,0.1825174825174825,143,0.1,35,0.0244755244755244,927,0.6482517482517482,307,0.2146853146853146,434,0.7045454545454546,36081116301,3729,1063,0.2850630195762939,3729,377,0.1010994904800214,3729,1083,0.2904263877715205,45436,0.045436,31472.840919094993,0.8275497279673638
360811163022,360811163022,Block Group 2; Census Tract 1163.02; Queens County; New York,Queens,1739,590,476,0.8067796610169492,364,166,0.456043956043956,496,0.2852213916043703,638,0.366877515813686,221,0.1270845313398504,18,0.0103507763082231,1268,0.7291546866014951,232,0.1334100057504312,274,0.4644067796610169,36081116302,3687,1879,0.5096284241931109,3687,345,0.0935720097640358,3687,273,0.0740439381611065,68040,0.06804,25558.49500293945,0.8224184180501402
360810116002,360810116002,Block Group 2; Census Tract 116; Queens County; New York,Queens,984,312,180,0.5769230769230769,567,154,0.2716049382716049,62,0.0630081300813008,141,0.1432926829268292,23,0.0233739837398373,0,0.0,302,0.306910569105691,424,0.4308943089430894,19,0.0608974358974358,36081011600,2226,722,0.3243486073674753,2226,268,0.1203953279424977,2226,166,0.0745732255166217,69914,0.069914,14074.43430500329,0.6121923805474729
360811171002,360811171002,Block Group 2; Census Tract 1171; Queens County; New York,Queens,928,316,173,0.5474683544303798,374,101,0.2700534759358289,193,0.2079741379310344,266,0.2866379310344827,72,0.0775862068965517,0,0.0,711,0.7661637931034483,139,0.1497844827586207,105,0.3322784810126582,36081117100,2525,296,0.1172277227722772,2525,329,0.1302970297029703,2525,433,0.1714851485148515,115396,0.115396,8041.873201844085,0.7946274666699922
360811175002,360811175002,Block Group 2; Census Tract 1175; Queens County; New York,Queens,1501,724,574,0.7928176795580111,840,519,0.6178571428571429,249,0.1658894070619587,128,0.0852764823451032,303,0.2018654230512991,7,0.0046635576282478,889,0.592271818787475,284,0.1892071952031978,236,0.3259668508287293,36081117500,4464,745,0.1668906810035842,4461,245,0.0549204214301726,4461,515,0.1154449674960771,64770,0.06477,23174.309093716227,0.8373103523674155
360810117002,360810117002,Block Group 2; Census Tract 117; Queens County; New York,Queens,790,290,143,0.493103448275862,400,156,0.39,162,0.2050632911392405,54,0.0683544303797468,476,0.6025316455696202,0,0.0,161,0.2037974683544303,79,0.1,34,0.1172413793103448,36081011700,3996,386,0.0965965965965966,4015,128,0.0318804483188044,4015,129,0.0321295143212951,43347,0.043347,18225.02133942372,0.8461800492900694
360811181002,360811181002,Block Group 2; Census Tract 1181; Queens County; New York,Queens,1120,436,344,0.7889908256880734,578,137,0.2370242214532872,259,0.23125,179,0.1598214285714285,401,0.3580357142857143,27,0.0241071428571428,256,0.2285714285714285,362,0.3232142857142857,46,0.1055045871559633,36081118100,1952,170,0.0870901639344262,1952,138,0.0706967213114754,1952,142,0.0727459016393442,82795,0.082795,13527.386919499972,0.7992912625628644
360811185002,360811185002,Block Group 2; Census Tract 1185; Queens County; New York,Queens,819,311,218,0.7009646302250804,378,126,0.3333333333333333,79,0.0964590964590964,88,0.1074481074481074,50,0.061050061050061,0,0.0,419,0.5115995115995116,343,0.4188034188034188,89,0.2861736334405145,36081118500,1999,314,0.1570785392696348,1999,150,0.0750375187593797,1999,303,0.1515757878939469,49483,0.049483,16551.138774932806,0.8540031579486227
360811187002,360811187002,Block Group 2; Census Tract 1187; Queens County; New York,Queens,1107,382,156,0.4083769633507853,408,109,0.267156862745098,135,0.1219512195121951,326,0.2944896115627823,163,0.1472448057813911,4,0.003613369467028,849,0.7669376693766937,73,0.065943992773261,144,0.3769633507853403,36081118700,2486,430,0.1729686242960579,2505,377,0.150499001996008,2505,199,0.079441117764471,122088,0.122088,9067.23019461372,0.8096496355639702
360811189002,360811189002,Block Group 2; Census Tract 1189; Queens County; New York,Queens,637,250,111,0.444,296,76,0.2567567567567567,36,0.0565149136577708,185,0.2904238618524333,130,0.2040816326530612,0,0.0,401,0.6295133437990581,83,0.130298273155416,99,0.396,36081118900,2100,121,0.0576190476190476,2100,156,0.0742857142857142,2100,135,0.0642857142857142,79120,0.07912,8051.061678463095,0.8273548466864808
360810118002,360810118002,Block Group 2; Census Tract 118; Queens County; New York,Queens,964,299,140,0.4682274247491639,441,208,0.4716553287981859,149,0.1545643153526971,154,0.1597510373443983,22,0.0228215767634854,109,0.1130705394190871,191,0.1981327800829875,281,0.29149377593361,70,0.2341137123745819,36081011800,2689,287,0.1067311268129416,2661,288,0.1082299887260428,2661,262,0.0984592258549417,74987,0.074987,12855.561630682652,0.6184157498056438
360811191002,360811191002,Block Group 2; Census Tract 1191; Queens County; New York,Queens,1069,459,224,0.4880174291938998,682,168,0.2463343108504398,0,0.0,270,0.2525724976613657,258,0.2413470533208606,0,0.0,444,0.4153414405986904,345,0.3227315247895229,172,0.3747276688453159,36081119100,3222,731,0.2268777157045313,3222,569,0.1765983860955928,3222,304,0.0943513345747982,93133,0.093133,11478.208583423706,0.7852947999765355
360811193002,360811193002,Block Group 2; Census Tract 1193; Queens County; New York,Queens,1241,356,218,0.6123595505617978,532,288,0.5413533834586466,301,0.2425463336019339,245,0.1974214343271555,64,0.0515713134568896,0,0.0,595,0.4794520547945205,582,0.4689766317485898,88,0.247191011235955,36081119300,2534,389,0.1535122336227308,2534,230,0.090765588003157,2534,406,0.1602209944751381,62460,0.06246,19868.715978226064,0.7868765037308878
360810119002,360810119002,Block Group 2; Census Tract 119; Queens County; New York,Queens,947,445,395,0.8876404494382022,625,237,0.3792,154,0.1626187961985216,108,0.1140443505807814,678,0.7159450897571278,0,0.0,34,0.0359028511087645,182,0.1921858500527983,20,0.0449438202247191,36081011900,1602,111,0.0692883895131086,1602,80,0.0499375780274656,1602,125,0.0780274656679151,66618,0.066618,14215.377225374525,0.8399856069715946
360811203002,360811203002,Block Group 2; Census Tract 1203; Queens County; New York,Queens,815,299,159,0.5317725752508361,381,120,0.3149606299212598,151,0.1852760736196319,171,0.2098159509202454,0,0.0,0,0.0,717,0.8797546012269939,90,0.1104294478527607,102,0.3411371237458194,36081120300,1551,178,0.1147646679561573,1551,164,0.1057382333978078,1551,101,0.0651192778852353,88361,0.088361,9223.526216317154,0.8473898092379952
360811205002,360811205002,Block Group 2; Census Tract 1205; Queens County; New York,Queens,1612,522,439,0.8409961685823755,636,299,0.470125786163522,340,0.2109181141439206,453,0.2810173697270471,90,0.0558312655086848,12,0.0074441687344913,1446,0.8970223325062034,48,0.0297766749379652,357,0.6839080459770115,36081120500,2624,595,0.2267530487804878,2664,270,0.1013513513513513,2664,232,0.087087087087087,81227,0.081227,19845.6178364337,0.849730742247963
360811207012,360811207012,Block Group 2; Census Tract 1207.01; Queens County; New York,Queens,1456,354,49,0.1384180790960452,983,153,0.155645981688708,183,0.1256868131868131,175,0.1201923076923077,435,0.2987637362637362,17,0.0116758241758241,742,0.5096153846153846,253,0.1737637362637362,39,0.1101694915254237,36081120701,3132,232,0.074074074074074,3124,378,0.1209987195902688,3124,122,0.0390524967989756,193723,0.193723,7515.886084770523,0.8593314666650756
360810120002,360810120002,Block Group 2; Census Tract 120; Queens County; New York,Queens,1463,411,203,0.4939172749391727,748,286,0.3823529411764705,269,0.1838687628161312,246,0.1681476418318523,68,0.0464798359535201,54,0.0369104579630895,772,0.5276828434723172,139,0.0950102529049897,35,0.0851581508515815,36081012000,2341,358,0.1529260999572832,2355,224,0.0951167728237792,2355,182,0.0772823779193205,86716,0.086716,16871.16564417178,0.6006395150505259
360811215002,360811215002,Block Group 2; Census Tract 1215; Queens County; New York,Queens,1377,377,156,0.4137931034482758,541,183,0.3382624768946395,506,0.3674655047204067,189,0.1372549019607843,63,0.0457516339869281,0,0.0,911,0.6615831517792302,236,0.1713870733478576,95,0.2519893899204244,36081121500,4420,432,0.0977375565610859,4420,335,0.0757918552036199,4420,368,0.0832579185520362,124338,0.124338,11074.6513535685,0.6545326945139305
360810121002,360810121002,Block Group 2; Census Tract 121; Queens County; New York,Queens,719,300,225,0.75,384,204,0.53125,161,0.2239221140472879,139,0.1933240611961057,482,0.6703755215577191,10,0.0139082058414464,77,0.1070931849791377,120,0.1668984700973574,92,0.3066666666666666,36081012100,2138,234,0.1094480823199251,2141,258,0.1205044371788883,2141,109,0.0509107893507706,46541,0.046541,15448.744118089428,0.8512524596406452
360811223002,360811223002,Block Group 2; Census Tract 1223; Queens County; New York,Queens,497,198,28,0.1414141414141414,260,37,0.1423076923076923,16,0.0321931589537223,134,0.2696177062374245,258,0.5191146881287726,0,0.0,164,0.3299798792756539,75,0.1509054325955734,33,0.1666666666666666,36081122300,3166,256,0.0808591282375236,3166,145,0.0457991156032849,3166,180,0.0568540745420088,139935,0.139935,3551.6489798835173,0.609584618646172
360811227022,360811227022,Block Group 2; Census Tract 1227.02; Queens County; New York,Queens,1487,842,842,1.0,225,63,0.28,312,0.2098184263618022,447,0.300605245460659,62,0.0416946872898453,714,0.4801613987895091,327,0.2199058507061197,351,0.2360457296570275,177,0.2102137767220902,36081122702,6209,1932,0.3111612175873732,6209,1327,0.2137220164277661,6209,364,0.0586245772266065,72543,0.072543,20498.187282025832,0.8026855455114867
360811227032,360811227032,Block Group 2; Census Tract 1227.03; Queens County; New York,Queens,2278,1032,731,0.7083333333333334,1204,417,0.3463455149501661,442,0.1940298507462686,169,0.0741878841088674,347,0.1523266022827041,309,0.1356453028972783,215,0.0943810359964881,1274,0.559262510974539,161,0.1560077519379845,36081122703,5896,737,0.125,5896,1193,0.2023405698778833,5896,72,0.0122116689280868,100055,0.100055,22767.47788716206,0.7875230046333302
360811227042,360811227042,Block Group 2; Census Tract 1227.04; Queens County; New York,Queens,2134,649,325,0.5007704160246533,723,84,0.1161825726141078,368,0.1724461105904405,30,0.0140581068416119,844,0.3955014058106841,91,0.042642924086223,43,0.0201499531396438,1118,0.5238987816307404,13,0.0200308166409861,36081122704,5015,561,0.111864406779661,5015,375,0.0747756729810568,5015,133,0.0265204386839481,84695,0.084695,25196.292579254972,0.8033290909040629
360810122002,360810122002,Block Group 2; Census Tract 122; Queens County; New York,Queens,1791,389,150,0.3856041131105398,865,351,0.4057803468208092,548,0.3059743160245672,236,0.1317699609156895,282,0.1574539363484087,104,0.0580681183696259,286,0.1596873255164712,986,0.5505304299274149,11,0.0282776349614395,36081012200,2906,279,0.0960082587749483,2939,347,0.1180673698536917,2939,194,0.0660088465464443,100895,0.100895,17751.127409683333,0.8109883914708005
360810123012,360810123012,Block Group 2; Census Tract 123.01; Queens County; New York,Queens,802,355,281,0.7915492957746478,349,102,0.2922636103151863,211,0.2630922693266833,34,0.0423940149625935,732,0.912718204488778,11,0.013715710723192,0,0.0,59,0.0735660847880299,25,0.0704225352112676,36081012301,3328,125,0.0375600961538461,3343,165,0.0493568650912354,3343,286,0.0855518994914747,205670,0.20567,3899.4505761657024,0.7919571619229172
360811241002,360811241002,Block Group 2; Census Tract 1241; Queens County; New York,Queens,881,290,144,0.496551724137931,373,181,0.485254691689008,110,0.1248581157775255,190,0.2156640181611804,101,0.1146424517593643,24,0.0272417707150964,666,0.7559591373439274,42,0.0476730987514188,37,0.1275862068965517,36081124100,3820,154,0.0403141361256544,3820,445,0.1164921465968586,3820,68,0.0178010471204188,120854,0.120854,7289.7876776937455,0.875226928499949
360811247002,360811247002,Block Group 2; Census Tract 1247; Queens County; New York,Queens,1630,603,175,0.2902155887230514,546,152,0.2783882783882784,486,0.298159509202454,232,0.1423312883435583,787,0.4828220858895705,0,0.0,834,0.5116564417177915,9,0.005521472392638,102,0.1691542288557214,36081124700,3910,163,0.0416879795396419,3911,312,0.0797749936077729,3911,126,0.0322168243416006,153811,0.153811,10597.42151081522,0.6442460318454459
360810124002,360810124002,Block Group 2; Census Tract 124; Queens County; New York,Queens,1636,544,354,0.6507352941176471,1070,746,0.697196261682243,286,0.1748166259168704,296,0.1809290953545232,80,0.0488997555012225,613,0.3746943765281174,302,0.1845965770171149,612,0.3740831295843521,0,0.0,36081012400,2913,274,0.0940611053896326,2906,465,0.1600137646249139,2906,206,0.0708878183069511,103860,0.10386,15751.973810899288,0.8340944275182515
360811257002,360811257002,Block Group 2; Census Tract 1257; Queens County; New York,Queens,1191,352,75,0.2130681818181818,588,176,0.2993197278911564,192,0.1612090680100755,286,0.2401343408900084,26,0.0218303946263644,1,0.0008396305625524,260,0.218303946263644,873,0.7329974811083123,91,0.2585227272727273,36081125700,3007,338,0.1124043897572331,3043,468,0.1537955964508708,3043,199,0.065395990798554,111280,0.11128,10702.73184759166,0.8571993890451906
360810125002,360810125002,Block Group 2; Census Tract 125; Queens County; New York,Queens,628,264,264,1.0,400,172,0.43,65,0.1035031847133758,103,0.1640127388535031,274,0.4363057324840764,7,0.0111464968152866,66,0.1050955414012738,205,0.3264331210191082,32,0.1212121212121212,36081012500,1354,104,0.0768094534711964,1360,104,0.0764705882352941,1360,149,0.1095588235294117,60559,0.060559,10370.052345646394,0.8889414269934681
360810126012,360810126012,Block Group 2; Census Tract 126.01; Queens County; New York,Queens,1348,348,254,0.7298850574712644,578,179,0.3096885813148789,500,0.3709198813056379,69,0.051186943620178,83,0.0615727002967359,79,0.0586053412462908,0,0.0,940,0.6973293768545994,56,0.160919540229885,36081012601,2785,237,0.0850987432675045,2787,292,0.1047721564406171,2787,87,0.0312163616792249,60936,0.060936,22121.570171983723,0.8122435407291078
360810126022,360810126022,Block Group 2; Census Tract 126.02; Queens County; New York,Queens,1108,431,198,0.4593967517401392,639,329,0.514866979655712,112,0.1010830324909747,184,0.1660649819494584,119,0.1074007220216606,0,0.0,82,0.0740072202166065,703,0.6344765342960289,73,0.1693735498839907,36081012602,2215,236,0.1065462753950338,2215,198,0.0893905191873589,2215,206,0.0930022573363431,87422,0.087422,12674.155246963008,0.800988026086261
360811265002,360811265002,Block Group 2; Census Tract 1265; Queens County; New York,Queens,1483,475,256,0.5389473684210526,664,291,0.4382530120481928,185,0.1247471341874578,288,0.1942009440323668,264,0.1780175320296695,44,0.0296695886716115,811,0.5468644639244774,327,0.2204989885367498,72,0.151578947368421,36081126500,2038,291,0.1427870461236506,2085,215,0.1031175059952038,2085,31,0.0148681055155875,83154,0.083154,17834.37958486663,0.8704749435818172
360811267002,360811267002,Block Group 2; Census Tract 1267; Queens County; New York,Queens,769,258,69,0.2674418604651162,366,141,0.3852459016393442,193,0.2509752925877763,153,0.1989596879063719,183,0.2379713914174252,33,0.0429128738621586,217,0.2821846553966189,331,0.4304291287386216,20,0.0775193798449612,36081126700,2164,184,0.0850277264325323,4329,339,0.0783090783090783,4329,269,0.0621390621390621,160780,0.16078,4782.933200646847,0.8578113799264399
360811277002,360811277002,Block Group 2; Census Tract 1277; Queens County; New York,Queens,496,132,26,0.1969696969696969,169,25,0.1479289940828402,257,0.5181451612903226,108,0.2177419354838709,260,0.5241935483870968,0,0.0,124,0.25,91,0.1834677419354838,8,0.0606060606060606,36081127700,2973,248,0.0834174234779683,2980,161,0.0540268456375838,2980,176,0.0590604026845637,226220,0.22622,2192.555919016886,0.8477129760145762
360810128002,360810128002,Block Group 2; Census Tract 128; Queens County; New York,Queens,766,191,101,0.5287958115183246,388,199,0.5128865979381443,170,0.2219321148825065,96,0.1253263707571801,51,0.0665796344647519,17,0.0221932114882506,191,0.2493472584856396,456,0.5953002610966057,27,0.1413612565445026,36081012800,2129,196,0.0920620009394081,2129,287,0.1348050728041334,2129,114,0.0535462658525129,80654,0.080654,9497.359089443797,0.6523366894957867
360811291022,360811291022,Block Group 2; Census Tract 1291.02; Queens County; New York,Queens,1375,380,11,0.0289473684210526,625,143,0.2288,475,0.3454545454545454,262,0.1905454545454545,914,0.6647272727272727,0,0.0,276,0.2007272727272727,120,0.0872727272727272,14,0.0368421052631578,36081129102,3807,285,0.0748620961386918,3807,180,0.0472813238770685,3807,69,0.0181245074862096,327365,0.327365,4200.204664518198,0.8190393909856765
360811291032,360811291032,Block Group 2; Census Tract 1291.03; Queens County; New York,Queens,1939,796,361,0.4535175879396985,719,147,0.2044506258692628,614,0.3166580711707065,406,0.2093862815884476,1094,0.5642083548220732,25,0.0128932439401753,195,0.1005673027333677,586,0.3022176379577102,172,0.2160804020100502,36081129103,4179,542,0.1296960995453457,4179,493,0.1179708064130174,4179,79,0.0189040440296721,137912,0.137912,14059.69023725274,0.8206907249018425
360811291042,360811291042,Block Group 2; Census Tract 1291.04; Queens County; New York,Queens,838,525,127,0.2419047619047619,498,151,0.3032128514056225,126,0.1503579952267303,182,0.2171837708830549,471,0.5620525059665871,13,0.0155131264916467,211,0.2517899761336515,81,0.0966587112171837,13,0.0247619047619047,36081129104,4192,346,0.0825381679389313,4192,523,0.1247614503816793,4192,238,0.0567748091603053,142450,0.14245,5882.765882765883,0.8356705650996691
360810012002,360810012002,Block Group 2; Census Tract 12; Queens County; New York,Queens,946,294,231,0.7857142857142857,644,405,0.6288819875776398,110,0.1162790697674418,116,0.1226215644820296,44,0.0465116279069767,0,0.0,213,0.2251585623678647,689,0.7283298097251586,157,0.5340136054421769,36081001200,4591,254,0.0553256371160967,4603,550,0.1194872908972409,4603,414,0.0899413426026504,74894,0.074894,12631.18540871098,0.5692448703556968
360811301002,360811301002,Block Group 2; Census Tract 1301; Queens County; New York,Queens,1163,591,143,0.2419627749576988,554,117,0.2111913357400722,121,0.1040412725709372,357,0.3069647463456578,150,0.1289767841788478,317,0.2725709372312984,204,0.175408426483233,396,0.3404987102321582,29,0.0490693739424703,36081130100,4015,243,0.0605230386052303,4044,635,0.15702274975272,4044,37,0.0091493570722057,148039,0.148039,7856.037935949311,0.7607200080530294
360810130002,360810130002,Block Group 2; Census Tract 130; Queens County; New York,Queens,950,321,167,0.5202492211838006,377,108,0.2864721485411141,169,0.1778947368421052,242,0.2547368421052631,246,0.2589473684210526,129,0.1357894736842105,171,0.18,220,0.231578947368421,31,0.0965732087227414,36081013000,1829,112,0.0612356478950246,1829,236,0.1290322580645161,1829,26,0.0142154182613449,108073,0.108073,8790.354667678328,0.838215457228347
360810132002,360810132002,Block Group 2; Census Tract 132; Queens County; New York,Queens,751,264,175,0.6628787878787878,544,184,0.3382352941176471,84,0.1118508655126498,115,0.1531291611185086,97,0.1291611185086551,98,0.1304926764314247,232,0.3089214380825565,281,0.374167776298269,58,0.2196969696969697,36081013200,1931,158,0.0818228896944588,1960,117,0.0596938775510204,1960,131,0.0668367346938775,106585,0.106585,7046.019608762959,0.825344887346675
360811333002,360811333002,Block Group 2; Census Tract 1333; Queens County; New York,Queens,590,241,85,0.3526970954356846,309,144,0.4660194174757281,73,0.123728813559322,108,0.1830508474576271,98,0.1661016949152542,0,0.0,392,0.6644067796610169,65,0.1101694915254237,40,0.1659751037344398,36081133300,3886,399,0.1026762738033968,3886,356,0.0916109109624292,3886,90,0.0231600617601646,141460,0.14146,4170.790329421745,0.8605524939464353
360811341002,360811341002,Block Group 2; Census Tract 1341; Queens County; New York,Queens,512,226,122,0.5398230088495575,225,29,0.1288888888888889,102,0.19921875,164,0.3203125,263,0.513671875,0,0.0,249,0.486328125,0,0.0,65,0.2876106194690265,36081134100,2857,254,0.0889044452222611,2857,192,0.0672033601680084,2857,157,0.0549527476373818,216819,0.216819,2361.416665513631,0.8124579388619401
360811347012,360811347012,Block Group 2; Census Tract 1347.01; Queens County; New York,Queens,2051,923,923,1.0,1026,159,0.1549707602339181,383,0.1867381764992686,339,0.1652852267186738,215,0.1048269137006338,120,0.0585080448561677,890,0.4339346660165772,785,0.3827401267674305,246,0.266522210184182,36081134701,4809,366,0.0761072988147223,4809,374,0.0777708463297982,4809,149,0.0309835724682886,144931,0.144931,14151.561777673513,0.8279866612337926
360811347022,360811347022,Block Group 2; Census Tract 1347.02; Queens County; New York,Queens,2508,899,818,0.9098998887652948,1135,139,0.1224669603524229,658,0.2623604465709729,280,0.1116427432216905,232,0.0925039872408293,533,0.2125199362041467,1642,0.6547049441786283,82,0.0326953748006379,182,0.2024471635150166,36081134702,4530,431,0.0951434878587196,4532,308,0.0679611650485436,4532,96,0.0211827007943512,241277,0.241277,10394.691578559085,0.7709089250226788
360810134002,360810134002,Block Group 2; Census Tract 134; Queens County; New York,Queens,1214,562,453,0.806049822064057,744,339,0.4556451612903225,296,0.243822075782537,164,0.1350906095551894,880,0.7248764415156508,103,0.0848434925864909,89,0.0733113673805601,81,0.0667215815485996,54,0.096085409252669,36081013400,5720,421,0.0736013986013986,5802,786,0.1354705274043433,5802,167,0.0287831782144088,80454,0.080454,15089.367837522062,0.785892711425733
360811367002,360811367002,Block Group 2; Census Tract 1367; Queens County; New York,Queens,370,287,172,0.5993031358885017,96,68,0.7083333333333334,45,0.1216216216216216,229,0.6189189189189189,295,0.7972972972972973,26,0.0702702702702702,49,0.1324324324324324,0,0.0,8,0.0278745644599303,36081136700,5903,363,0.0614941555141453,5903,451,0.0764018295781805,5903,105,0.0177875656445874,81657,0.081657,4531.148584934544,0.3937352420191603
360810136002,360810136002,Block Group 2; Census Tract 136; Queens County; New York,Queens,838,404,284,0.7029702970297029,355,145,0.4084507042253521,202,0.2410501193317422,146,0.1742243436754176,352,0.4200477326968974,27,0.0322195704057279,168,0.2004773269689737,285,0.3400954653937947,46,0.1138613861386138,36081013600,1981,254,0.1282180716809692,1981,215,0.1085310449268046,1981,127,0.0641090358404846,50590,0.05059,16564.538446333267,0.8436968658036691
360811377002,360811377002,Block Group 2; Census Tract 1377; Queens County; New York,Queens,1914,809,349,0.4313967861557478,853,226,0.264947245017585,508,0.2654127481713688,411,0.2147335423197492,524,0.2737722048066875,22,0.0114942528735632,1280,0.6687565308254964,73,0.0381400208986415,189,0.2336217552533992,36081137700,6759,315,0.0466045272969374,6759,676,0.1000147950880307,6759,678,0.1003106968486462,238923,0.238923,8010.949134239901,0.596636388965403
360811385012,360811385012,Block Group 2; Census Tract 1385.01; Queens County; New York,Queens,1241,492,284,0.5772357723577236,678,52,0.0766961651917404,223,0.1796937953263497,306,0.2465753424657534,178,0.1434327155519742,0,0.0,637,0.5132957292506044,314,0.2530217566478646,66,0.1341463414634146,36081138501,4187,495,0.1182230714115118,4189,410,0.0978753879207448,4189,114,0.0272141322511339,101766,0.101766,12194.642611481242,0.5414188986655413
360810138002,360810138002,Block Group 2; Census Tract 138; Queens County; New York,Queens,2172,652,249,0.3819018404907975,1045,215,0.2057416267942583,633,0.2914364640883978,155,0.0713627992633517,272,0.1252302025782689,65,0.0299263351749539,1201,0.5529465930018416,530,0.2440147329650092,27,0.0414110429447852,36081013800,4016,885,0.2203685258964143,4016,556,0.1384462151394422,4016,80,0.0199203187250996,125629,0.125629,17289.001743228077,0.8415180413474533
360811399002,360811399002,Block Group 2; Census Tract 1399; Queens County; New York,Queens,1136,361,36,0.0997229916897507,543,171,0.3149171270718232,204,0.1795774647887324,199,0.1751760563380281,128,0.1126760563380281,0,0.0,730,0.6426056338028169,278,0.2447183098591549,54,0.149584487534626,36081139900,1547,140,0.090497737556561,1545,151,0.0977346278317152,1545,48,0.0310679611650485,206023,0.206023,5513.947471884207,0.8286725143886996
360811403002,360811403002,Block Group 2; Census Tract 1403; Queens County; New York,Queens,1200,415,62,0.1493975903614458,571,154,0.2697022767075306,175,0.1458333333333333,340,0.2833333333333333,245,0.2041666666666666,0,0.0,874,0.7283333333333334,81,0.0675,114,0.2746987951807229,36081140300,2214,236,0.1065943992773261,2214,118,0.053297199638663,2214,253,0.1142728093947606,181709,0.181709,6603.965681391675,0.7984636582988298
360811409022,360811409022,Block Group 2; Census Tract 1409.02; Queens County; New York,Queens,1104,404,174,0.4306930693069307,541,140,0.2587800369685767,248,0.2246376811594203,193,0.1748188405797101,302,0.2735507246376811,3,0.0027173913043478,725,0.6567028985507246,74,0.0670289855072463,81,0.2004950495049505,36081140902,2505,212,0.0846307385229541,2505,232,0.0926147704590818,2505,49,0.0195608782435129,237613,0.237613,4646.210434614268,0.7903941776947817
360810140002,360810140002,Block Group 2; Census Tract 140; Queens County; New York,Queens,1830,668,540,0.8083832335329342,920,243,0.2641304347826086,469,0.2562841530054645,206,0.1125683060109289,917,0.5010928961748634,114,0.0622950819672131,218,0.1191256830601092,447,0.2442622950819672,107,0.1601796407185629,36081014000,4381,181,0.0413147683177356,4409,289,0.0655477432524382,4409,107,0.0242685416194148,110462,0.110462,16566.783147145623,0.8285080426830826
360811417002,360811417002,Block Group 2; Census Tract 1417; Queens County; New York,Queens,1349,469,169,0.3603411513859275,619,233,0.3764135702746365,324,0.2401779095626389,213,0.1578947368421052,184,0.1363973313565604,0,0.0,857,0.6352853965900667,300,0.2223869532987398,164,0.3496801705756929,36081141700,4300,670,0.1558139534883721,4300,415,0.0965116279069767,4300,267,0.0620930232558139,219193,0.219193,6154.393616584472,0.8180313465739131
360810141002,360810141002,Block Group 2; Census Tract 141; Queens County; New York,Queens,847,484,328,0.6776859504132231,583,302,0.5180102915951973,49,0.0578512396694214,130,0.153482880755608,340,0.4014167650531287,59,0.0696576151121605,275,0.3246753246753247,124,0.1463990554899645,34,0.0702479338842975,36081014100,1613,157,0.0973341599504029,1613,174,0.1078735275883447,1613,180,0.1115933044017359,148104,0.148104,5718.9542483660125,0.8308393650706387
360810142012,360810142012,Block Group 2; Census Tract 142.01; Queens County; New York,Queens,2746,782,594,0.7595907928388747,1263,692,0.547901821060966,621,0.2261471230881281,246,0.0895848506919155,169,0.0615440640932265,39,0.0142024763292061,883,0.3215586307356154,1383,0.5036416605972324,221,0.2826086956521739,36081014201,4387,340,0.0775017095965352,4388,396,0.0902461257976299,4388,477,0.1087055606198723,116876,0.116876,23494.98613915603,0.8313656308605527
360810142022,360810142022,Block Group 2; Census Tract 142.02; Queens County; New York,Queens,807,184,49,0.266304347826087,203,114,0.5615763546798029,181,0.2242874845105328,140,0.1734820322180917,64,0.0793060718711276,71,0.0879801734820322,117,0.1449814126394052,361,0.4473358116480793,0,0.0,36081014202,2279,277,0.1215445370776656,2373,423,0.1782553729456384,2373,176,0.0741677201854193,415210,0.41521,1943.594807446834,0.8106962279308387
360811429002,360811429002,Block Group 2; Census Tract 1429; Queens County; New York,Queens,1235,574,151,0.2630662020905923,466,238,0.5107296137339056,74,0.0599190283400809,522,0.4226720647773279,542,0.4388663967611336,0,0.0,693,0.5611336032388664,0,0.0,42,0.073170731707317,36081142900,3678,223,0.0606307775965198,3678,351,0.0954323001631321,3678,194,0.0527460576400217,157197,0.157197,7856.384027685007,0.8479047847876967
360811435002,360811435002,Block Group 2; Census Tract 1435; Queens County; New York,Queens,1319,380,123,0.3236842105263158,651,118,0.1812596006144393,209,0.158453373768006,165,0.1250947687642153,387,0.2934040940106141,19,0.0144048521607278,477,0.3616376042456406,99,0.0750568612585291,12,0.031578947368421,36081143500,2343,99,0.0422535211267605,2343,269,0.1148100725565514,2343,87,0.0371318822023047,166418,0.166418,7925.82533139444,0.825833305957223
360810143002,360810143002,Block Group 2; Census Tract 143; Queens County; New York,Queens,2771,1237,1093,0.883589329021827,1498,736,0.4913217623497997,637,0.2298809094189823,208,0.0750631540959942,1507,0.5438469866474197,35,0.0126308191988451,334,0.1205341032118368,666,0.2403464453265969,75,0.0606305578011317,36081014300,3844,494,0.1285119667013527,3853,317,0.0822735530755255,3853,560,0.1453412924993511,85270,0.08527,32496.77495015832,0.8396278230543018
360811441002,360811441002,Block Group 2; Census Tract 1441; Queens County; New York,Queens,410,218,152,0.6972477064220184,181,29,0.1602209944751381,57,0.1390243902439024,100,0.2439024390243902,46,0.1121951219512195,0,0.0,288,0.7024390243902439,76,0.1853658536585365,82,0.3761467889908257,36081144100,3002,177,0.058960692871419,3002,256,0.0852764823451032,3002,62,0.0206528980679546,39950,0.03995,10262.828535669589,0.8353974467477971
360811447002,360811447002,Block Group 2; Census Tract 1447; Queens County; New York,Queens,1741,689,238,0.3454281567489115,936,200,0.2136752136752136,223,0.1280873061458931,365,0.2096496266513497,269,0.1545089029293509,154,0.0884549109707064,1132,0.6502010338885698,168,0.0964962665134979,172,0.2496371552975326,36081144700,3447,724,0.210037713954163,3465,294,0.0848484848484848,3465,544,0.156998556998557,220568,0.220568,7893.257408146241,0.8384008908635725
360811451022,360811451022,Block Group 2; Census Tract 1451.02; Queens County; New York,Queens,1043,420,112,0.2666666666666666,579,43,0.0742659758203799,117,0.112176414189837,395,0.3787152444870565,270,0.2588686481303931,11,0.0105465004793863,441,0.4228187919463087,240,0.2301054650047938,29,0.069047619047619,36081145102,2344,134,0.0571672354948805,2361,300,0.1270648030495552,2361,61,0.0258365099534095,171533,0.171533,6080.462651501461,0.879316983120719
360811459002,360811459002,Block Group 2; Census Tract 1459; Queens County; New York,Queens,1130,380,105,0.2763157894736842,591,106,0.1793570219966159,119,0.1053097345132743,275,0.243362831858407,314,0.2778761061946903,0,0.0,514,0.4548672566371681,291,0.2575221238938053,89,0.2342105263157894,36081145900,2757,257,0.0932172651432716,2781,286,0.1028407047824523,2781,83,0.0298453793599424,142934,0.142934,7905.74670827095,0.8459792613176416
360810145002,360810145002,Block Group 2; Census Tract 145; Queens County; New York,Queens,1164,560,549,0.9803571428571428,652,311,0.4769938650306748,124,0.1065292096219931,245,0.2104810996563574,717,0.615979381443299,27,0.0231958762886597,126,0.1082474226804123,273,0.2345360824742268,104,0.1857142857142857,36081014500,2416,234,0.0968543046357615,2429,290,0.1193906957595718,2429,277,0.1140386990531082,50980,0.05098,22832.483326794823,0.82333624239049
360811463002,360811463002,Block Group 2; Census Tract 1463; Queens County; New York,Queens,1507,397,321,0.8085642317380353,585,195,0.3333333333333333,440,0.291970802919708,342,0.2269409422694094,334,0.2216323822163238,147,0.0975447909754479,458,0.3039150630391506,388,0.2574651625746516,45,0.1133501259445843,36081146300,2370,173,0.0729957805907173,2678,71,0.0265123226288274,2678,237,0.0884988797610156,150113,0.150113,10039.103875080771,0.8592448426872715
360811467002,360811467002,Block Group 2; Census Tract 1467; Queens County; New York,Queens,729,388,388,1.0,510,207,0.4058823529411764,57,0.0781893004115226,45,0.0617283950617283,302,0.4142661179698216,89,0.1220850480109739,98,0.1344307270233196,164,0.2249657064471879,3,0.0077319587628865,36081146700,2762,266,0.0963070238957277,2762,222,0.0803765387400434,2762,236,0.0854453294713975,63284,0.063284,11519.499399532266,0.8014018275158077
360811471002,360811471002,Block Group 2; Census Tract 1471; Queens County; New York,Queens,1607,677,193,0.2850812407680945,760,162,0.2131578947368421,350,0.2177971375233354,352,0.2190416925948973,1133,0.7050404480398258,0,0.0,379,0.2358431860609832,42,0.0261356565028002,96,0.1418020679468242,36081147100,3810,672,0.1763779527559055,3810,414,0.1086614173228346,3810,78,0.0204724409448818,188601,0.188601,8520.633506715236,0.800719099621898
360811479002,360811479002,Block Group 2; Census Tract 1479; Queens County; New York,Queens,1591,811,461,0.5684340320591862,935,204,0.2181818181818181,220,0.1382778126964173,302,0.1898177247014456,886,0.556882463859208,46,0.0289126335637963,320,0.2011313639220616,281,0.1766184789440603,48,0.0591861898890258,36081147900,4249,434,0.1021416803953871,4249,457,0.1075547187573546,4249,386,0.0908449046834549,453035,0.453035,3511.869943823325,0.6823656308545812
360810147002,360810147002,Block Group 2; Census Tract 147; Queens County; New York,Queens,1038,437,422,0.965675057208238,592,305,0.5152027027027027,265,0.2552986512524084,57,0.0549132947976878,786,0.7572254335260116,16,0.0154142581888246,53,0.0510597302504816,183,0.176300578034682,12,0.0274599542334096,36081014700,3066,304,0.0991519895629484,3065,268,0.0874388254486133,3065,295,0.0962479608482871,49372,0.049372,21024.062221502067,0.8093199072177343
360811483002,360811483002,Block Group 2; Census Tract 1483; Queens County; New York,Queens,487,181,32,0.1767955801104972,232,70,0.3017241379310345,123,0.2525667351129363,132,0.271047227926078,147,0.3018480492813141,0,0.0,308,0.6324435318275154,0,0.0,0,0.0,36081148300,2974,146,0.0490921318090114,2974,361,0.1213853396099529,2974,14,0.0047074646940147,368429,0.368429,1321.828629125286,0.6899254911491208
360810149002,360810149002,Block Group 2; Census Tract 149; Queens County; New York,Queens,703,331,331,1.0,488,270,0.5532786885245902,104,0.1479374110953058,0,0.0,336,0.4779516358463727,0,0.0,64,0.0910384068278805,228,0.3243243243243243,0,0.0,36081014900,2163,380,0.1756819232547387,2163,135,0.0624133148404993,2163,117,0.0540915395284327,56777,0.056777,12381.774310019902,0.8248666564019342
360810014002,360810014002,Block Group 2; Census Tract 14; Queens County; New York,Queens,1267,401,198,0.4937655860349127,734,288,0.3923705722070845,41,0.032359905288082,254,0.2004735595895816,202,0.1594317284925019,23,0.0181531176006314,633,0.4996053670086819,380,0.2999210734017364,205,0.5112219451371571,36081001400,3609,425,0.1177611526738708,3609,383,0.1061235799390412,3609,144,0.0399002493765586,75008,0.075008,16891.531569965868,0.3856640032170815
360811507012,360811507012,Block Group 2; Census Tract 1507.01; Queens County; New York,Queens,1331,468,171,0.3653846153846153,739,211,0.2855209742895805,183,0.1374906085649887,288,0.2163786626596543,558,0.4192336589030804,17,0.0127723516153268,409,0.3072877535687453,250,0.1878287002253944,0,0.0,36081150701,3123,135,0.0432276657060518,3123,217,0.0694844700608389,3123,43,0.0137688120397054,325477,0.325477,4089.3826599114527,0.6957062186015389
360811507022,360811507022,Block Group 2; Census Tract 1507.02; Queens County; New York,Queens,731,237,13,0.0548523206751054,262,65,0.2480916030534351,237,0.3242134062927496,174,0.2380300957592339,382,0.5225718194254446,7,0.0095759233926128,255,0.3488372093023256,62,0.0848153214774281,19,0.080168776371308,36081150702,3047,183,0.0600590744995077,3047,589,0.1933048900557925,3047,35,0.0114867082376107,205024,0.205024,3565.436241610738,0.7119225346302231
360810150002,360810150002,Block Group 2; Census Tract 150; Queens County; New York,Queens,1080,274,114,0.4160583941605839,516,149,0.2887596899224806,98,0.0907407407407407,302,0.2796296296296296,59,0.0546296296296296,85,0.0787037037037037,508,0.4703703703703704,272,0.2518518518518518,22,0.0802919708029197,36081015000,2233,95,0.0425436632333184,2233,211,0.0944917151813703,2233,404,0.1809225257501119,76419,0.076419,14132.610999882228,0.6129049457000144
360810151002,360810151002,Block Group 2; Census Tract 151; Queens County; New York,Queens,1498,627,577,0.920255183413078,905,541,0.5977900552486188,284,0.1895861148197596,99,0.0660881174899866,551,0.3678237650200267,25,0.0166889185580774,133,0.0887850467289719,692,0.4619492656875834,156,0.2488038277511961,36081015100,2764,375,0.1356729377713458,2769,259,0.0935355724088118,2769,167,0.060310581437342,80293,0.080293,18656.669946321595,0.8037469321297331
360811529012,360811529012,Block Group 2; Census Tract 1529.01; Queens County; New York,Queens,2977,1067,643,0.6026241799437676,1626,192,0.1180811808118081,456,0.1531743365804501,576,0.1934833725226738,461,0.1548538797447094,633,0.2126301645952301,1652,0.5549210614712798,231,0.0775948941887806,125,0.1171508903467666,36081152901,5613,487,0.0867628719045073,5613,1183,0.2107607340103331,5613,119,0.0212007838945305,274638,0.274638,10839.723563381614,0.7527549106538411
360811529022,360811529022,Block Group 2; Census Tract 1529.02; Queens County; New York,Queens,903,296,31,0.1047297297297297,333,26,0.078078078078078,76,0.0841638981173864,342,0.3787375415282392,452,0.5005537098560354,0,0.0,368,0.4075304540420819,45,0.0498338870431893,12,0.0405405405405405,36081152902,6530,113,0.0173047473200612,6530,397,0.0607963246554364,6530,198,0.0303215926493108,387351,0.387351,2331.218971940178,0.7852730640056927
360810152002,360810152002,Block Group 2; Census Tract 152; Queens County; New York,Queens,1179,372,288,0.7741935483870968,471,143,0.3036093418259023,282,0.2391857506361323,197,0.1670907548770144,10,0.008481764206955,290,0.2459711620016963,278,0.2357930449533503,88,0.0746395250212044,23,0.0618279569892473,36081015200,2584,224,0.0866873065015479,2596,332,0.1278890600924499,2596,116,0.0446841294298921,94956,0.094956,12416.277012511058,0.8325514124421916
360810153002,360810153002,Block Group 2; Census Tract 153; Queens County; New York,Queens,928,504,414,0.8214285714285714,567,278,0.4902998236331569,14,0.0150862068965517,238,0.2564655172413793,613,0.6605603448275862,19,0.0204741379310344,126,0.1357758620689655,67,0.0721982758620689,102,0.2023809523809523,36081015300,1799,238,0.1322957198443579,1821,127,0.0697419000549148,1821,53,0.029104887424492,48514,0.048514,19128.498989982272,0.8325705904787751
360810154002,360810154002,Block Group 2; Census Tract 154; Queens County; New York,Queens,1351,329,230,0.6990881458966566,649,231,0.3559322033898305,344,0.2546262028127313,171,0.1265729089563286,75,0.0555144337527757,230,0.1702442635085122,426,0.3153219837157661,336,0.2487046632124352,55,0.1671732522796352,36081015400,2295,235,0.10239651416122,2296,272,0.1184668989547038,2296,289,0.1258710801393728,77926,0.077926,17336.960706311118,0.6069224096793844
360811551032,360811551032,Block Group 2; Census Tract 1551.03; Queens County; New York,Queens,908,463,149,0.3218142548596112,380,121,0.3184210526315789,165,0.1817180616740088,274,0.3017621145374449,442,0.486784140969163,2,0.0022026431718061,232,0.2555066079295154,105,0.1156387665198237,0,0.0,36081155103,4325,363,0.0839306358381502,4325,755,0.1745664739884393,4325,101,0.0233526011560693,236956,0.236956,3831.935042792755,0.806111972845336
360811551042,360811551042,Block Group 2; Census Tract 1551.04; Queens County; New York,Queens,1704,462,294,0.6363636363636364,556,186,0.3345323741007194,210,0.1232394366197183,802,0.4706572769953052,435,0.255281690140845,203,0.119131455399061,866,0.5082159624413145,172,0.1009389671361502,13,0.0281385281385281,36081155104,2640,293,0.1109848484848484,2722,448,0.1645848640705363,2722,78,0.0286554004408523,441533,0.441533,3859.2811862307008,0.8797762137534221
360810155002,360810155002,Block Group 2; Census Tract 155; Queens County; New York,Queens,770,195,161,0.8256410256410256,579,453,0.7823834196891192,10,0.0129870129870129,53,0.0688311688311688,173,0.2246753246753246,25,0.0324675324675324,508,0.6597402597402597,64,0.0831168831168831,0,0.0,36081015500,2119,89,0.0420009438414346,2119,115,0.0542708824917413,2119,88,0.0415290231241151,74684,0.074684,10310.106582400516,0.8521578168911197
360810156002,360810156002,Block Group 2; Census Tract 156; Queens County; New York,Queens,2198,542,294,0.5424354243542435,1098,597,0.5437158469945356,468,0.2129208371246587,328,0.1492265696087352,38,0.0172884440400363,148,0.0673339399454049,1288,0.5859872611464968,339,0.154231119199272,26,0.047970479704797,36081015600,3177,423,0.1331444759206798,3184,297,0.0932788944723618,3184,174,0.0546482412060301,127305,0.127305,17265.621931581634,0.5933354844687202
360811571012,360811571012,Block Group 2; Census Tract 1571.01; Queens County; New York,Queens,1055,333,159,0.4774774774774775,415,42,0.1012048192771084,289,0.2739336492890995,411,0.3895734597156398,60,0.0568720379146919,45,0.0426540284360189,612,0.5800947867298578,338,0.3203791469194312,0,0.0,36081157101,8073,727,0.0900532639663074,8073,1119,0.1386101820884429,8073,412,0.0510343119038771,99538,0.099538,10598.967228596111,0.8397860000174941
360811571022,360811571022,Block Group 2; Census Tract 1571.02; Queens County; New York,Queens,938,347,154,0.4438040345821326,423,33,0.0780141843971631,147,0.1567164179104477,257,0.2739872068230277,80,0.0852878464818763,0,0.0,644,0.6865671641791045,214,0.2281449893390192,35,0.100864553314121,36081157102,1840,67,0.0364130434782608,1840,284,0.1543478260869565,1840,64,0.0347826086956521,195020,0.19502,4809.763101220387,0.840049630660788
360811579012,360811579012,Block Group 2; Census Tract 1579.01; Queens County; New York,Queens,830,220,28,0.1272727272727272,399,269,0.6741854636591479,72,0.0867469879518072,522,0.6289156626506024,65,0.0783132530120482,0,0.0,415,0.5,0,0.0,43,0.1954545454545454,36081157901,5064,712,0.1406003159557662,5064,709,0.1400078988941548,5064,143,0.0282385466034755,153931,0.153931,5392.02629749693,0.8375464699675876
360811579022,360811579022,Block Group 2; Census Tract 1579.02; Queens County; New York,Queens,795,216,48,0.2222222222222222,261,57,0.2183908045977011,162,0.2037735849056604,254,0.3194968553459119,114,0.1433962264150943,0,0.0,504,0.6339622641509434,177,0.2226415094339622,13,0.0601851851851851,36081157902,3632,149,0.0410242290748898,3635,680,0.18707015130674,3635,113,0.0310866574965612,153505,0.153505,5178.984397902348,0.8359491685390588
360811579032,360811579032,Block Group 2; Census Tract 1579.03; Queens County; New York,Queens,949,350,171,0.4885714285714285,476,75,0.157563025210084,260,0.273972602739726,156,0.1643835616438356,140,0.1475237091675448,0,0.0,795,0.8377239199157007,14,0.0147523709167544,106,0.3028571428571429,36081157903,3671,155,0.0422228275674203,3671,313,0.0852628711522745,3671,64,0.0174339417052574,152434,0.152434,6225.645197265702,0.7743552273819745
360810158012,360810158012,Block Group 2; Census Tract 158.01; Queens County; New York,Queens,1567,462,91,0.1969696969696969,670,304,0.4537313432835821,319,0.2035737077217613,274,0.1748564135290364,1,0.0006381620931716,112,0.0714741544352265,844,0.5386088066368858,1,0.0006381620931716,148,0.3203463203463203,36081015801,3836,538,0.1402502606882169,3836,364,0.0948905109489051,3836,459,0.1196558915537017,99593,0.099593,15734.037532758326,0.7977983306427124
360810158022,360810158022,Block Group 2; Census Tract 158.02; Queens County; New York,Queens,1409,396,129,0.3257575757575757,618,235,0.3802588996763754,191,0.1355571327182398,265,0.1880766501064585,8,0.0056777856635912,46,0.0326472675656493,215,0.1525904897090134,400,0.2838892831795599,0,0.0,36081015802,5268,407,0.0772589217919514,5464,727,0.1330527086383601,5464,421,0.0770497803806735,96077,0.096077,14665.320524162911,0.7784638149298193
360810159002,360810159002,Block Group 2; Census Tract 159; Queens County; New York,Queens,1286,549,532,0.9690346083788708,751,410,0.5459387483355526,268,0.208398133748056,198,0.1539657853810264,489,0.380248833592535,74,0.0575427682737169,67,0.052099533437014,549,0.426905132192846,57,0.1038251366120218,36081015900,3699,338,0.0913760475804271,3699,418,0.1130035144633684,3699,386,0.1043525277101919,42343,0.042343,30371.017641640887,0.8284993426230097
360811617002,360811617002,Block Group 2; Census Tract 1617; Queens County; New York,Queens,836,287,86,0.2996515679442508,347,111,0.3198847262247838,129,0.1543062200956937,272,0.3253588516746411,335,0.4007177033492823,35,0.0418660287081339,222,0.2655502392344497,201,0.2404306220095693,24,0.0836236933797909,36081161700,4843,288,0.059467272351848,4843,548,0.1131530043361552,4843,90,0.0185835226099525,124977,0.124977,6689.230818470598,0.7855493679053568
360810161002,360810161002,Block Group 2; Census Tract 161; Queens County; New York,Queens,915,340,316,0.9294117647058824,472,341,0.722457627118644,124,0.1355191256830601,71,0.0775956284153005,142,0.1551912568306011,46,0.0502732240437158,193,0.2109289617486338,502,0.5486338797814208,57,0.1676470588235294,36081016100,2028,130,0.0641025641025641,2028,154,0.0759368836291913,2028,103,0.0507889546351084,48480,0.04848,18873.762376237624,0.6265595894102135
360811621002,360811621002,Block Group 2; Census Tract 1621; Queens County; New York,Queens,1332,565,316,0.5592920353982301,689,120,0.1741654571843251,227,0.1704204204204204,330,0.2477477477477477,122,0.0915915915915916,239,0.1794294294294294,757,0.5683183183183184,205,0.1539039039039039,74,0.1309734513274336,36081162100,6327,174,0.0275011853959222,6340,856,0.1350157728706624,6340,440,0.0694006309148265,130857,0.130857,10179.050413810495,0.79582786774242
360810163002,360810163002,Block Group 2; Census Tract 163; Queens County; New York,Queens,502,317,286,0.9022082018927444,114,44,0.3859649122807017,71,0.1414342629482071,261,0.5199203187250996,20,0.0398406374501992,224,0.446215139442231,0,0.0,258,0.5139442231075697,95,0.2996845425867508,36081016300,3956,821,0.2075328614762386,3956,816,0.2062689585439838,3956,271,0.0685035389282103,62927,0.062927,7977.497735471261,0.6225891283007373
360810164002,360810164002,Block Group 2; Census Tract 164; Queens County; New York,Queens,2155,616,269,0.4366883116883117,815,275,0.3374233128834356,388,0.180046403712297,298,0.1382830626450116,13,0.0060324825986078,149,0.0691415313225058,628,0.291415313225058,915,0.4245939675174014,30,0.0487012987012987,36081016400,3155,349,0.1106180665610142,3175,448,0.1411023622047244,3175,208,0.065511811023622,108335,0.108335,19892.0016615129,0.7630049227560467
360810166002,360810166002,Block Group 2; Census Tract 166; Queens County; New York,Queens,1884,478,157,0.3284518828451883,830,315,0.3795180722891566,348,0.1847133757961783,302,0.1602972399150743,83,0.0440552016985138,46,0.024416135881104,767,0.4071125265392781,531,0.2818471337579618,21,0.0439330543933054,36081016600,4009,455,0.1134946370666001,4009,599,0.1494138189074582,4009,723,0.1803442254926415,91377,0.091377,20617.87977280935,0.7271355706531283
360810168002,360810168002,Block Group 2; Census Tract 168; Queens County; New York,Queens,1324,356,157,0.4410112359550562,715,207,0.2895104895104895,201,0.1518126888217522,282,0.2129909365558912,6,0.0045317220543806,148,0.1117824773413897,535,0.4040785498489426,245,0.1850453172205438,32,0.0898876404494382,36081016800,2922,332,0.1136208076659822,2923,330,0.1128977078344166,2923,642,0.2196373588778652,113315,0.113315,11684.243039315184,0.7277702228417808
360810169002,360810169002,Block Group 2; Census Tract 169; Queens County; New York,Queens,1258,653,566,0.8667687595712098,813,245,0.3013530135301353,216,0.1717011128775834,135,0.1073131955484896,638,0.5071542130365659,0,0.0,332,0.2639109697933227,247,0.1963434022257551,14,0.0214395099540581,36081016900,5859,398,0.0679296808329066,5859,309,0.0527393753200204,5859,352,0.0600785116914149,74560,0.07456,16872.317596566525,0.6153319882903462
360810016002,360810016002,Block Group 2; Census Tract 16; Queens County; New York,Queens,1567,395,192,0.4860759493670886,615,370,0.6016260162601627,234,0.1493299298021697,179,0.1142310146777281,63,0.0402042118698149,0,0.0,457,0.2916400765794512,1000,0.6381620931716656,71,0.1797468354430379,36081001600,2650,383,0.1445283018867924,2650,231,0.0871698113207547,2650,174,0.0656603773584905,86073,0.086073,18205.476746482636,0.3663226579021008
360810170002,360810170002,Block Group 2; Census Tract 170; Queens County; New York,Queens,1039,269,137,0.5092936802973977,460,204,0.4434782608695652,215,0.2069297401347449,195,0.1876804619826756,18,0.0173243503368623,236,0.2271414821944177,376,0.3618864292589028,163,0.1568816169393647,0,0.0,36081017000,2738,164,0.0598977355734112,2732,111,0.0406295754026354,2732,241,0.0882137628111273,103036,0.103036,10083.854186886138,0.7675010519719091
360810172002,360810172002,Block Group 2; Census Tract 172; Queens County; New York,Queens,768,231,98,0.4242424242424242,359,85,0.2367688022284122,87,0.11328125,158,0.2057291666666666,10,0.0130208333333333,451,0.5872395833333334,166,0.2161458333333333,51,0.06640625,0,0.0,36081017200,2335,371,0.1588865096359743,2355,191,0.081104033970276,2355,108,0.0458598726114649,89923,0.089923,8540.640325611912,0.7751098543519439
360810174002,360810174002,Block Group 2; Census Tract 174; Queens County; New York,Queens,1852,479,237,0.4947807933194154,895,252,0.2815642458100558,394,0.212742980561555,192,0.1036717062634989,38,0.0205183585313174,246,0.132829373650108,803,0.433585313174946,454,0.2451403887688985,24,0.0501043841336116,36081017400,2805,134,0.0477718360071301,2805,352,0.1254901960784313,2805,356,0.1269162210338681,101098,0.101098,18318.85892896002,0.748265140722856
360810176002,360810176002,Block Group 2; Census Tract 176; Queens County; New York,Queens,1098,306,127,0.4150326797385621,436,228,0.5229357798165137,305,0.2777777777777778,251,0.2285974499089253,44,0.0400728597449908,399,0.3633879781420765,293,0.2668488160291439,292,0.2659380692167577,15,0.0490196078431372,36081017600,2302,457,0.1985230234578627,2302,274,0.1190269331016507,2302,230,0.0999131190269331,88730,0.08873,12374.61963259326,0.7299679824254379
360810178002,360810178002,Block Group 2; Census Tract 178; Queens County; New York,Queens,1018,287,191,0.6655052264808362,536,284,0.5298507462686567,237,0.2328094302554027,73,0.0717092337917485,0,0.0,293,0.2878192534381139,595,0.5844793713163065,130,0.1277013752455795,0,0.0,36081017800,2086,127,0.060882070949185,2086,106,0.0508149568552253,2086,463,0.2219558964525407,88588,0.088588,11491.398383528243,0.7425497151883349
360810181012,360810181012,Block Group 2; Census Tract 181.01; Queens County; New York,Queens,914,513,513,1.0,578,341,0.5899653979238755,66,0.0722100656455142,129,0.1411378555798687,464,0.5076586433260394,0,0.0,147,0.1608315098468271,221,0.2417943107221006,21,0.0409356725146198,36081018101,3522,503,0.142816581487791,3532,296,0.0838052095130237,3532,435,0.1231596828992072,28180,0.02818,32434.350603264727,0.6489833134234146
360810181022,360810181022,Block Group 2; Census Tract 181.02; Queens County; New York,Queens,1081,496,496,1.0,515,246,0.4776699029126213,252,0.2331174838112858,61,0.0564292321924144,407,0.3765032377428307,57,0.0527289546716003,146,0.1350601295097132,438,0.4051803885291397,44,0.0887096774193548,36081018102,3680,213,0.0578804347826086,3680,283,0.0769021739130434,3680,98,0.0266304347826086,38530,0.03853,28056.060212821176,0.6441490174141153
360810182002,360810182002,Block Group 2; Census Tract 182; Queens County; New York,Queens,1163,373,202,0.5415549597855228,526,224,0.4258555133079847,224,0.1926053310404127,117,0.1006018916595012,27,0.0232158211521926,730,0.6276870163370594,52,0.0447119518486672,283,0.2433361994840928,35,0.0938337801608579,36081018200,2595,314,0.1210019267822736,2588,225,0.0869397217928902,2588,152,0.0587326120556414,119871,0.119871,9702.096420318509,0.7078183354736068
360810183002,360810183002,Block Group 2; Census Tract 183; Queens County; New York,Queens,1342,561,538,0.9590017825311944,657,210,0.319634703196347,224,0.1669150521609538,326,0.2429210134128167,263,0.1959761549925484,2,0.0014903129657228,579,0.4314456035767511,466,0.3472429210134128,208,0.3707664884135472,36081018300,5057,945,0.1868696855843385,5058,321,0.0634638196915777,5058,246,0.0486358244365361,29702,0.029702,45182.14261665881,0.6219194005580397
360810184022,360810184022,Block Group 2; Census Tract 184.02; Queens County; New York,Queens,1564,313,60,0.1916932907348242,739,187,0.2530446549391069,348,0.2225063938618925,211,0.1349104859335038,0,0.0,919,0.5875959079283888,76,0.0485933503836317,445,0.2845268542199488,38,0.121405750798722,36081018402,2847,320,0.1123990165086055,2855,349,0.1222416812609457,2855,203,0.0711033274956217,94985,0.094985,16465.75775122388,0.7070330509537689
360810185012,360810185012,Block Group 2; Census Tract 185.01; Queens County; New York,Queens,1269,795,586,0.7371069182389937,777,404,0.51994851994852,73,0.0575256107171,233,0.1836091410559495,544,0.4286840031520882,14,0.0110323089046493,395,0.3112687155240347,282,0.2222222222222222,100,0.1257861635220125,36081018501,3696,371,0.1003787878787878,3696,279,0.0754870129870129,3696,300,0.0811688311688311,32832,0.032832,38651.31578947369,0.6150299804537381
360810185022,360810185022,Block Group 2; Census Tract 185.02; Queens County; New York,Queens,1279,653,579,0.886676875957121,755,422,0.5589403973509933,170,0.1329163408913213,269,0.2103205629397967,470,0.3674745895230649,0,0.0,407,0.3182173573103987,394,0.3080531665363565,25,0.0382848392036753,36081018502,3071,331,0.1077824812764571,3071,216,0.0703353956366004,3071,206,0.0670791273200911,32797,0.032797,38997.469280726895,0.6369766294783483
360810187002,360810187002,Block Group 2; Census Tract 187; Queens County; New York,Queens,740,208,83,0.3990384615384615,359,166,0.4623955431754875,150,0.2027027027027027,67,0.0905405405405405,102,0.1378378378378378,31,0.0418918918918918,392,0.5297297297297298,215,0.2905405405405405,0,0.0,36081018700,2702,397,0.1469282013323464,2760,304,0.1101449275362318,2760,199,0.0721014492753623,54050,0.05405,13691.026827012023,0.601959546816064
360810189002,360810189002,Block Group 2; Census Tract 189; Queens County; New York,Queens,638,286,245,0.8566433566433567,369,164,0.4444444444444444,32,0.0501567398119122,105,0.164576802507837,101,0.1583072100313479,21,0.0329153605015673,300,0.4702194357366771,190,0.2978056426332288,94,0.3286713286713286,36081018900,3102,283,0.0912314635718891,3106,205,0.0660012878300064,3106,146,0.0470057952350289,134582,0.134582,4740.604241280409,0.6168452963810229
360810018002,360810018002,Block Group 2; Census Tract 18; Queens County; New York,Queens,806,239,56,0.2343096234309623,244,85,0.3483606557377049,131,0.162531017369727,261,0.3238213399503722,163,0.2022332506203474,0,0.0,183,0.2270471464019851,367,0.4553349875930521,27,0.1129707112970711,36081001800,3025,512,0.1692561983471074,3015,383,0.1270315091210613,3015,269,0.0892205638474295,88974,0.088974,9058.826173938454,0.804462627063024
360810190002,360810190002,Block Group 2; Census Tract 190; Queens County; New York,Queens,1140,454,103,0.2268722466960352,549,211,0.3843351548269581,133,0.1166666666666666,206,0.1807017543859649,60,0.0526315789473684,711,0.6236842105263158,43,0.037719298245614,126,0.1105263157894736,0,0.0,36081019000,2736,294,0.1074561403508772,2736,264,0.0964912280701754,2736,171,0.0625,91700,0.0917,12431.84296619411,0.7906586973005362
360810192002,360810192002,Block Group 2; Census Tract 192; Queens County; New York,Queens,644,223,85,0.3811659192825112,309,170,0.5501618122977346,112,0.1739130434782608,89,0.1381987577639751,0,0.0,387,0.6009316770186336,60,0.093167701863354,62,0.0962732919254658,0,0.0,36081019200,2190,177,0.0808219178082191,2214,269,0.1214995483288166,2214,116,0.052393857271906,71876,0.071876,8959.875340864823,0.7887898541051402
360810194002,360810194002,Block Group 2; Census Tract 194; Queens County; New York,Queens,2123,603,192,0.3184079601990049,998,400,0.4008016032064128,446,0.2100800753650494,256,0.1205840791333019,0,0.0,871,0.4102684879886952,216,0.1017428167687235,709,0.3339613754121526,38,0.0630182421227197,36081019400,2962,251,0.0847400405131667,2970,275,0.0925925925925925,2970,81,0.0272727272727272,163701,0.163701,12968.766226229527,0.7941190431705294
360810196002,360810196002,Block Group 2; Census Tract 196; Queens County; New York,Queens,1034,309,210,0.6796116504854369,430,282,0.6558139534883721,274,0.264990328820116,96,0.09284332688588,0,0.0,536,0.5183752417794971,160,0.1547388781431334,238,0.230174081237911,37,0.1197411003236245,36081019600,3168,823,0.2597853535353535,3175,301,0.0948031496062992,3175,190,0.0598425196850393,94971,0.094971,10887.534089353592,0.8225292123971049
360810198002,360810198002,Block Group 2; Census Tract 198; Queens County; New York,Queens,1117,331,179,0.540785498489426,467,209,0.4475374732334047,218,0.1951656222023276,29,0.0259623992837958,0,0.0,88,0.0787824529991047,597,0.5344673231871083,352,0.315129811996419,136,0.4108761329305136,36081019800,3144,281,0.0893765903307888,3189,233,0.0730636563185951,3189,284,0.0890561304484164,85979,0.085979,12991.544446899825,0.8402893013976757
360810199012,360810199012,Block Group 2; Census Tract 199.01; Queens County; New York,Queens,128,4,4,1.0,4,4,1.0,0,0.0,1,0.0078125,1,0.0078125,93,0.7265625,4,0.03125,30,0.234375,0,0.0,36081019901,335,143,0.426865671641791,335,78,0.2328358208955223,335,34,0.1014925373134328,220195,0.220195,581.3029360339699,0.6266239551982861
360810199022,360810199022,Block Group 2; Census Tract 199.02; Queens County; New York,Queens,8,8,8,1.0,8,8,1.0,0,0.0,0,0.0,8,1.0,0,0.0,0,0.0,0,0.0,0,0.0,36081019902,165,115,0.696969696969697,181,30,0.1657458563535911,181,15,0.0828729281767955,172685,0.172685,46.32712742855488,0.7990923866240233
360810204002,360810204002,Block Group 2; Census Tract 204; Queens County; New York,Queens,1085,377,213,0.5649867374005305,527,270,0.5123339658444023,146,0.1345622119815668,199,0.1834101382488479,15,0.0138248847926267,216,0.1990783410138248,246,0.2267281105990783,492,0.4534562211981567,88,0.2334217506631299,36081020400,1967,338,0.1718352821555668,1977,199,0.1006575619625695,1977,271,0.1370763783510369,91647,0.091647,11838.903619321964,0.8230410066149667
360810205002,360810205002,Block Group 2; Census Tract 205; Queens County; New York,Queens,1152,376,168,0.4468085106382978,522,341,0.6532567049808429,225,0.1953125,157,0.1362847222222222,129,0.1119791666666666,20,0.0173611111111111,116,0.1006944444444444,887,0.7699652777777778,74,0.1968085106382978,36081020500,1324,72,0.0543806646525679,1324,127,0.0959214501510574,1324,156,0.1178247734138972,74057,0.074057,15555.58556247215,0.8202151992792254
360810208002,360810208002,Block Group 2; Census Tract 208; Queens County; New York,Queens,2218,826,789,0.9552058111380144,1046,690,0.6596558317399618,608,0.2741208295761947,156,0.0703336339044184,121,0.0545536519386835,1154,0.5202885482416592,286,0.1289449954914337,561,0.2529305680793507,137,0.1658595641646489,36081020800,4178,615,0.1471996170416467,4190,309,0.0737470167064439,4190,406,0.0968973747016706,312129,0.312129,7106.036286279071,0.8866616532097662
360810212002,360810212002,Block Group 2; Census Tract 212; Queens County; New York,Queens,1694,451,351,0.7782705099778271,800,528,0.66,451,0.2662337662337662,296,0.1747343565525383,123,0.0726092089728453,179,0.1056670602125147,167,0.0985832349468713,997,0.588547815820543,167,0.3702882483370288,36081021200,2416,557,0.230546357615894,2517,254,0.1009137862534763,2517,364,0.144616607071911,126256,0.126256,13417.184133823344,0.8678491718287683
360810214002,360810214002,Block Group 2; Census Tract 214; Queens County; New York,Queens,1259,674,515,0.7640949554896143,593,91,0.1534569983136593,209,0.1660047656870532,307,0.2438443208895949,352,0.2795869737887212,142,0.1127879269261318,314,0.2494042891183479,434,0.3447180301826846,213,0.3160237388724035,36081021400,5874,1047,0.1782431052093973,5874,383,0.0652025876744977,5874,662,0.1127000340483486,104670,0.10467,12028.279354160695,0.8683600566314849
360810220012,360810220012,Block Group 2; Census Tract 220.01; Queens County; New York,Queens,2862,1090,1090,1.0,1142,459,0.4019264448336252,632,0.2208245981830887,125,0.043675751222921,572,0.1998602375960866,415,0.1450034940600978,326,0.113906359189378,1214,0.4241788958770091,169,0.155045871559633,36081022001,6402,1064,0.1661980631052796,6402,663,0.1035613870665417,6402,511,0.0798188066229303,106060,0.10606,26984.725627003583,0.8236368091263844
360810220022,360810220022,Block Group 2; Census Tract 220.02; Queens County; New York,Queens,1262,565,454,0.8035398230088495,545,146,0.2678899082568807,176,0.1394611727416798,229,0.1814580031695721,188,0.1489698890649762,353,0.2797147385103011,384,0.3042789223454833,337,0.2670364500792393,83,0.1469026548672566,36081022002,6097,943,0.1546662292930949,6098,469,0.0769104624467038,6098,209,0.0342735323056739,95173,0.095173,13260.063253233586,0.8317710878116696
360810022002,360810022002,Block Group 2; Census Tract 22; Queens County; New York,Queens,943,338,291,0.8609467455621301,406,201,0.4950738916256157,238,0.2523860021208908,225,0.2386002120890774,136,0.144220572640509,153,0.1622481442205726,92,0.0975609756097561,562,0.5959703075291622,41,0.1213017751479289,36081002200,2021,199,0.0984661058881741,2021,221,0.1093518060366155,2021,100,0.049480455220188,69756,0.069756,13518.55037559493,0.3850956946210562
360810230002,360810230002,Block Group 2; Census Tract 230; Queens County; New York,Queens,838,299,135,0.451505016722408,361,116,0.3213296398891966,145,0.1730310262529833,229,0.2732696897374702,336,0.4009546539379475,122,0.1455847255369928,287,0.3424821002386635,9,0.0107398568019093,36,0.1204013377926421,36081023000,1848,64,0.0346320346320346,1840,244,0.1326086956521739,1840,45,0.0244565217391304,79058,0.079058,10599.812795669002,0.8232735671849462
360810232002,360810232002,Block Group 2; Census Tract 232; Queens County; New York,Queens,1705,613,448,0.7308319738988581,832,351,0.421875,472,0.2768328445747801,309,0.1812316715542522,25,0.0146627565982404,654,0.3835777126099707,567,0.3325513196480938,187,0.1096774193548387,82,0.1337683523654159,36081023200,4638,582,0.1254851228978007,4638,616,0.1328158689090125,4638,81,0.0174644243208279,87626,0.087626,19457.695204619635,0.8292988496003575
360810235012,360810235012,Block Group 2; Census Tract 235.01; Queens County; New York,Queens,1919,811,793,0.9778051787916152,814,536,0.6584766584766585,458,0.2386659718603439,216,0.1125586242834809,126,0.0656591974986972,49,0.0255341323606044,535,0.2787910369984366,1209,0.6300156331422616,250,0.3082614056720099,36081023501,3614,684,0.1892639734366353,3614,322,0.0890979524073049,3614,377,0.1043165467625899,59325,0.059325,32347.239780868094,0.5488483021180074
360810235022,360810235022,Block Group 2; Census Tract 235.02; Queens County; New York,Queens,1177,484,484,1.0,912,631,0.6918859649122807,105,0.0892098555649957,50,0.0424808836023789,274,0.2327952421410365,0,0.0,281,0.2387425658453695,612,0.5199660152931181,106,0.2190082644628099,36081023502,2739,425,0.1551661190215407,2731,152,0.0556572683998535,2731,315,0.115342365433907,49327,0.049327,23861.171366594357,0.6391631477764566
360810236002,360810236002,Block Group 2; Census Tract 236; Queens County; New York,Queens,2680,980,941,0.960204081632653,1264,509,0.4026898734177215,467,0.1742537313432836,385,0.1436567164179104,262,0.0977611940298507,675,0.251865671641791,530,0.1977611940298507,1182,0.4410447761194029,213,0.2173469387755102,36081023600,3580,598,0.1670391061452514,3564,453,0.1271043771043771,3564,242,0.0679012345679012,82308,0.082308,32560.625941585266,0.6107109788002085
360810238002,360810238002,Block Group 2; Census Tract 238; Queens County; New York,Queens,1078,328,289,0.8810975609756098,521,350,0.6717850287907869,274,0.2541743970315399,97,0.0899814471243042,13,0.0120593692022263,71,0.0658627087198515,357,0.3311688311688311,442,0.4100185528756957,113,0.3445121951219512,36081023800,4495,1044,0.232258064516129,4502,573,0.1272767658818303,4502,770,0.1710350955131052,52626,0.052626,20484.17132216015,0.8667953221880116
360810240002,360810240002,Block Group 2; Census Tract 240; Queens County; New York,Queens,2239,899,865,0.9621802002224694,1038,574,0.5529865125240848,453,0.2023224653863332,170,0.0759267530147387,226,0.1009379187137114,682,0.3046002679767753,352,0.1572130415364001,843,0.376507369361322,238,0.2647385984427141,36081024000,6530,800,0.1225114854517611,6556,515,0.0785539963392312,6556,952,0.1452104942037828,162763,0.162763,13756.197661630717,0.8463495075171605
360810243002,360810243002,Block Group 2; Census Tract 243; Queens County; New York,Queens,912,441,171,0.3877551020408163,330,130,0.3939393939393939,37,0.0405701754385964,474,0.5197368421052632,190,0.2083333333333333,0,0.0,275,0.3015350877192982,447,0.4901315789473684,48,0.1088435374149659,36081024300,5591,455,0.0813807905562511,5607,548,0.0977349741394685,5607,663,0.1182450508293204,207858,0.207858,4387.610772739082,0.8044792260467933
360810245002,360810245002,Block Group 2; Census Tract 245; Queens County; New York,Queens,1135,684,660,0.9649122807017544,880,386,0.4386363636363636,4,0.0035242290748898,156,0.1374449339207048,463,0.4079295154185022,44,0.0387665198237885,125,0.1101321585903083,483,0.4255506607929515,0,0.0,36081024500,5063,218,0.0430574758048587,5102,699,0.1370050960407683,5102,43,0.0084280674245393,71550,0.07155,15863.03284416492,0.8303633603415963
360810249002,360810249002,Block Group 2; Census Tract 249; Queens County; New York,Queens,443,179,168,0.9385474860335196,287,148,0.5156794425087108,21,0.0474040632054176,54,0.1218961625282167,201,0.45372460496614,15,0.0338600451467268,122,0.2753950338600451,76,0.1715575620767494,66,0.3687150837988827,36081024900,4967,257,0.0517414938594725,4997,360,0.0720432259355613,4997,612,0.1224734840904542,42438,0.042438,10438.7577171403,0.8433005741015903
360810024002,360810024002,Block Group 2; Census Tract 24; Queens County; New York,Queens,1092,432,281,0.6504629629629629,498,116,0.2329317269076305,195,0.1785714285714285,126,0.1153846153846153,119,0.1089743589743589,159,0.1456043956043956,287,0.2628205128205128,503,0.4606227106227106,29,0.0671296296296296,36081002400,2080,327,0.1572115384615384,2080,208,0.1,2080,482,0.2317307692307692,84918,0.084918,12859.46442450364,0.6476328440048993
360810251002,360810251002,Block Group 2; Census Tract 251; Queens County; New York,Queens,1099,427,300,0.702576112412178,589,218,0.3701188455008489,279,0.2538671519563239,189,0.1719745222929936,222,0.2020018198362147,0,0.0,146,0.1328480436760691,731,0.6651501364877161,235,0.550351288056206,36081025100,5682,696,0.1224920802534318,5703,488,0.0855689987725758,5703,316,0.055409433631422,59916,0.059916,18342.345950998064,0.8415555853081003
360810253012,360810253012,Block Group 2; Census Tract 253.01; Queens County; New York,Queens,1233,547,547,1.0,432,222,0.5138888888888888,272,0.2206001622060016,312,0.2530413625304136,434,0.3519870235198702,29,0.0235198702351987,326,0.2643957826439578,436,0.3536090835360908,103,0.1882998171846435,36081025301,3660,493,0.1346994535519125,3660,478,0.1306010928961748,3660,138,0.0377049180327868,34121,0.034121,36136.103865654586,0.6404167333171433
360810253022,360810253022,Block Group 2; Census Tract 253.02; Queens County; New York,Queens,1004,581,528,0.9087779690189328,732,500,0.6830601092896175,78,0.0776892430278884,126,0.1254980079681275,283,0.2818725099601594,0,0.0,395,0.3934262948207171,288,0.2868525896414343,199,0.342512908777969,36081025302,3026,523,0.1728354263053536,3026,190,0.0627891606080634,3026,150,0.0495703899537343,71940,0.07194,13956.07450653322,0.6513903211527897
360810254012,360810254012,Block Group 2; Census Tract 254.01; Queens County; New York,Queens,833,290,245,0.8448275862068966,449,191,0.4253897550111358,129,0.1548619447779111,50,0.0600240096038415,9,0.0108043217286914,376,0.4513805522208883,248,0.297719087635054,41,0.04921968787515,31,0.1068965517241379,36081025401,3747,146,0.0389645049372831,3750,238,0.0634666666666666,3750,453,0.1208,121522,0.121522,6854.725893253896,0.7030427684801749
360810254022,360810254022,Block Group 2; Census Tract 254.02; Queens County; New York,Queens,2895,685,350,0.5109489051094891,1230,692,0.5626016260162602,888,0.3067357512953368,233,0.0804835924006908,22,0.0075993091537132,571,0.1972366148531951,1549,0.5350604490500863,683,0.2359240069084628,146,0.2131386861313868,36081025402,5962,1304,0.2187185508218718,6013,913,0.1518376850157991,6013,203,0.0337601862630966,134423,0.134423,21536.49301086868,0.5663935215360657
360810258002,360810258002,Block Group 2; Census Tract 258; Queens County; New York,Queens,1747,323,83,0.2569659442724458,700,299,0.4271428571428571,424,0.2427017744705208,180,0.1030337721808815,0,0.0,794,0.4544934172867773,695,0.3978248425872925,206,0.1179164281625644,59,0.1826625386996904,36081025800,2693,273,0.1013739324173783,2693,132,0.0490159673226884,2693,113,0.0419606386929075,62743,0.062743,27843.743525174126,0.764580119389965
360810259002,360810259002,Block Group 2; Census Tract 259; Queens County; New York,Queens,1491,660,607,0.9196969696969696,814,498,0.6117936117936118,137,0.0918846411804158,323,0.2166331321260898,177,0.1187122736418511,0,0.0,303,0.2032193158953722,998,0.6693494299128102,289,0.4378787878787878,36081025900,3060,248,0.0810457516339869,3060,246,0.0803921568627451,3060,133,0.0434640522875817,64620,0.06462,23073.35190343547,0.8663508040270146
360810025002,360810025002,Block Group 2; Census Tract 25; Queens County; New York,Queens,810,445,445,1.0,398,266,0.6683417085427136,192,0.237037037037037,110,0.1358024691358024,81,0.1,183,0.2259259259259259,170,0.2098765432098765,340,0.419753086419753,89,0.2,36081002500,6530,1796,0.2750382848392037,6530,1168,0.1788667687595712,6530,227,0.0347626339969372,28220,0.02822,28703.047484053863,0.8221232278544431
360810260002,360810260002,Block Group 2; Census Tract 260; Queens County; New York,Queens,1951,442,254,0.5746606334841629,926,402,0.4341252699784017,399,0.2045105074320861,267,0.1368528959507944,0,0.0,1068,0.5474115838031779,806,0.4131214761660687,31,0.0158892875448487,100,0.2262443438914027,36081026000,2894,519,0.1793365583966828,2894,261,0.0901865929509329,2894,83,0.0286800276434001,91794,0.091794,21254.11246922457,0.8185963437128927
360810261002,360810261002,Block Group 2; Census Tract 261; Queens County; New York,Queens,1347,523,486,0.9292543021032504,868,554,0.6382488479262672,217,0.1610987379361544,160,0.1187824795842613,133,0.0987379361544172,0,0.0,686,0.5092798812175204,504,0.3741648106904232,101,0.1931166347992352,36081026100,7139,432,0.0605126768454965,7175,285,0.0397212543554007,7175,648,0.0903135888501742,46836,0.046836,28759.92826031258,0.642969878406862
360810263002,360810263002,Block Group 2; Census Tract 263; Queens County; New York,Queens,2303,1152,1036,0.8993055555555556,1454,683,0.4697386519944979,213,0.0924880590534086,286,0.1241858445505861,47,0.0204081632653061,34,0.0147633521493703,1998,0.8675640468953539,174,0.0755536257056014,381,0.3307291666666667,36081026300,4529,614,0.1355707661735482,4559,207,0.0454046940118447,4559,620,0.1359947356876508,85539,0.085539,26923.391669297045,0.8580214124532095
360810264002,360810264002,Block Group 2; Census Tract 264; Queens County; New York,Queens,1168,424,247,0.5825471698113207,514,179,0.348249027237354,310,0.2654109589041096,254,0.2174657534246575,5,0.0042808219178082,719,0.615582191780822,82,0.0702054794520548,255,0.2183219178082192,31,0.0731132075471698,36081026400,2454,240,0.097799511002445,2454,281,0.1145069274653626,2454,191,0.0778321108394458,130865,0.130865,8925.228288694456,0.5499542207658162
360810265012,360810265012,Block Group 2; Census Tract 265.01; Queens County; New York,Queens,1665,558,558,1.0,1000,468,0.468,274,0.1645645645645645,107,0.0642642642642642,158,0.0948948948948949,16,0.0096096096096096,1061,0.6372372372372372,410,0.2462462462462462,113,0.2025089605734767,36081026501,3031,475,0.1567139557901682,3031,254,0.0838007258330583,3031,478,0.1577037281425272,68795,0.068795,24202.340286358023,0.8902228668350605
360810267002,360810267002,Block Group 2; Census Tract 267; Queens County; New York,Queens,1659,821,709,0.8635809987819733,1113,841,0.7556154537286612,225,0.1356238698010849,147,0.0886075949367088,256,0.1543098251959011,3,0.0018083182640144,716,0.431585292344786,684,0.4122965641952983,506,0.6163215590742996,36081026700,5214,669,0.1283084004602992,5214,267,0.0512082853855005,5214,786,0.1507479861910241,85437,0.085437,19417.816636820113,0.8737600902721242
360810269012,360810269012,Block Group 2; Census Tract 269.01; Queens County; New York,Queens,685,311,288,0.9260450160771704,308,236,0.7662337662337663,146,0.2131386861313868,183,0.2671532846715328,10,0.0145985401459854,0,0.0,172,0.2510948905109489,503,0.7343065693430657,164,0.5273311897106109,36081026901,4532,946,0.2087378640776699,4532,278,0.0613415710503089,4532,688,0.1518093556928508,20336,0.020336,33684.107002360346,0.6371243684565091
360810269022,360810269022,Block Group 2; Census Tract 269.02; Queens County; New York,Queens,1668,564,547,0.9698581560283688,880,606,0.6886363636363636,180,0.1079136690647482,345,0.2068345323741007,11,0.0065947242206235,1,0.000599520383693,1010,0.605515587529976,646,0.3872901678657074,237,0.4202127659574468,36081026902,4437,564,0.1271129141311697,4437,438,0.0987153482082488,4437,954,0.2150101419878296,41334,0.041334,40354.187835680066,0.6474396571025601
360810026002,360810026002,Block Group 2; Census Tract 26; Queens County; New York,Queens,1041,267,199,0.7453183520599251,452,226,0.5,234,0.2247838616714697,95,0.0912584053794428,189,0.1815561959654178,116,0.111431316042267,148,0.1421709894332372,451,0.4332372718539865,0,0.0,36081002600,2236,290,0.129695885509839,2236,163,0.0728980322003577,2236,86,0.0384615384615384,64662,0.064662,16099.09993504686,0.6651496568575862
360810271012,360810271012,Block Group 2; Census Tract 271.01; Queens County; New York,Queens,1209,323,266,0.8235294117647058,468,371,0.7927350427350427,409,0.3382961124896608,104,0.086021505376344,0,0.0,0,0.0,764,0.6319272125723738,398,0.3291976840363937,68,0.2105263157894736,36081027101,5368,851,0.158532041728763,5409,686,0.1268256609354779,5409,973,0.1798853762248105,18714,0.018714,64604.03975633215,0.8756190721526729
360810271022,360810271022,Block Group 2; Census Tract 271.02; Queens County; New York,Queens,709,292,254,0.8698630136986302,350,275,0.7857142857142857,140,0.1974612129760225,115,0.1622002820874471,61,0.0860366713681241,0,0.0,268,0.3779971791255289,380,0.535966149506347,77,0.2636986301369863,36081027102,2531,535,0.211378901619913,2643,126,0.0476730987514188,2643,435,0.1645856980703745,27518,0.027518,25764.953848390145,0.8481291921123403
360810272002,360810272002,Block Group 2; Census Tract 272; Queens County; New York,Queens,1167,340,151,0.4441176470588235,650,262,0.403076923076923,219,0.1876606683804627,149,0.1276778063410454,67,0.0574121679520137,710,0.6083976006855184,109,0.0934018851756641,119,0.1019708654670094,21,0.0617647058823529,36081027200,1921,179,0.0931806350858927,1916,201,0.1049060542797494,1916,221,0.1153444676409185,72586,0.072586,16077.480505882677,0.5226411936509238
360810273012,360810273012,Block Group 2; Census Tract 273.01; Queens County; New York,Queens,1590,447,447,1.0,502,356,0.7091633466135459,643,0.4044025157232704,103,0.0647798742138364,42,0.0264150943396226,0,0.0,125,0.0786163522012578,1423,0.8949685534591195,158,0.3534675615212528,36081027301,3098,1016,0.3279535183989671,3098,351,0.1132989025177533,3098,465,0.1500968366688186,36773,0.036773,43238.24545182607,0.8683423864273614
360810273022,360810273022,Block Group 2; Census Tract 273.02; Queens County; New York,Queens,1127,339,309,0.911504424778761,498,285,0.572289156626506,375,0.3327417923691215,137,0.121561668145519,0,0.0,35,0.031055900621118,253,0.2244897959183673,792,0.7027506654835848,97,0.2861356932153392,36081027302,3807,736,0.1933280798529025,3813,502,0.1316548649357461,3813,778,0.2040388145816942,26513,0.026513,42507.44917587599,0.84599357353591
360810275002,360810275002,Block Group 2; Census Tract 275; Queens County; New York,Queens,2871,943,886,0.9395546129374336,1343,785,0.5845122859270291,200,0.0696621386276558,524,0.1825148032044583,149,0.0518982932776036,0,0.0,705,0.2455590386624869,1940,0.6757227446882619,363,0.3849416755037115,36081027500,6454,1559,0.2415556244189649,6454,643,0.099628137589092,6454,1566,0.2426402231174465,52687,0.052687,54491.62032379904,0.8592530752157778
360810277012,360810277012,Block Group 2; Census Tract 277.01; Queens County; New York,Queens,1994,659,624,0.9468892261001516,886,536,0.6049661399548533,505,0.253259779338014,158,0.0792377131394182,85,0.0426278836509528,23,0.0115346038114343,175,0.0877632898696088,1711,0.858074222668004,152,0.2306525037936267,36081027701,3553,331,0.0931607092597804,3553,698,0.1964537010976639,3553,861,0.2423304249929637,37507,0.037507,53163.40949689392,0.8749338277934855
360810277022,360810277022,Block Group 2; Census Tract 277.02; Queens County; New York,Queens,900,409,359,0.8777506112469438,564,373,0.6613475177304965,212,0.2355555555555555,59,0.0655555555555555,30,0.0333333333333333,0,0.0,84,0.0933333333333333,786,0.8733333333333333,182,0.4449877750611247,36081027702,3361,537,0.1597738768223743,3397,388,0.1142184280247277,3397,253,0.074477480129526,49695,0.049695,18110.473890733472,0.8457157003329131
360810278002,360810278002,Block Group 2; Census Tract 278; Queens County; New York,Queens,1662,605,551,0.9107438016528926,452,260,0.5752212389380531,516,0.3104693140794224,217,0.1305655836341757,0,0.0,1278,0.7689530685920578,0,0.0,332,0.1997593261131167,10,0.0165289256198347,36081027800,2476,706,0.2851373182552504,2497,427,0.171005206247497,2497,229,0.0917100520624749,81039,0.081039,20508.643986228853,0.5766572618523977
360810279002,360810279002,Block Group 2; Census Tract 279; Queens County; New York,Queens,4534,885,835,0.943502824858757,1822,670,0.3677277716794731,1050,0.231583590648434,414,0.0913101014556682,59,0.0130127922364358,3,0.0006616674018526,195,0.0430083811204234,3475,0.766431407146008,304,0.343502824858757,36081027900,8551,692,0.0809262074611156,8551,969,0.1133200795228628,8551,1667,0.1949479593030054,54524,0.054524,83156.04137627466,0.8631793822985383
360810281002,360810281002,Block Group 2; Census Tract 281; Queens County; New York,Queens,1819,757,400,0.5284015852047557,849,382,0.4499411071849234,314,0.1726223199560198,391,0.2149532710280373,453,0.2490379329301814,22,0.0120945574491478,48,0.0263881253435953,1116,0.6135239142385926,111,0.1466314398943196,36081028100,6090,634,0.1041050903119868,6090,973,0.1597701149425287,6090,129,0.0211822660098522,51837,0.051837,35090.76528348477,0.6230522015245795
360810283002,360810283002,Block Group 2; Census Tract 283; Queens County; New York,Queens,1937,971,838,0.86302780638517,661,275,0.416036308623298,522,0.2694889003613835,159,0.0820856995353639,681,0.3515745998967475,19,0.0098089829633453,22,0.0113577697470314,688,0.3551884357253485,112,0.1153450051493305,36081028300,7575,888,0.1172277227722772,7578,1055,0.1392187912377936,7578,766,0.1010820797044075,34536,0.034536,56086.40259439426,0.629591790172794
360810284002,360810284002,Block Group 2; Census Tract 284; Queens County; New York,Queens,1130,409,201,0.491442542787286,632,176,0.2784810126582278,73,0.0646017699115044,322,0.2849557522123894,0,0.0,792,0.7008849557522124,14,0.0123893805309734,191,0.1690265486725663,35,0.0855745721271393,36081028400,3308,168,0.0507859733978234,3333,347,0.1041104110411041,3333,216,0.0648064806480648,145680,0.14568,7756.727073036793,0.5314706534737782
360810285002,360810285002,Block Group 2; Census Tract 285; Queens County; New York,Queens,1596,730,518,0.7095890410958904,1039,457,0.4398460057747834,226,0.1416040100250626,329,0.2061403508771929,359,0.224937343358396,104,0.0651629072681704,374,0.2343358395989974,481,0.3013784461152882,137,0.1876712328767123,36081028500,4811,406,0.0843899397214716,4811,503,0.1045520681770941,4811,268,0.0557056744959467,34533,0.034533,46216.66232299539,0.8361174662251506
360810287002,360810287002,Block Group 2; Census Tract 287; Queens County; New York,Queens,1255,571,433,0.7583187390542907,802,225,0.2805486284289277,146,0.1163346613545816,243,0.1936254980079681,508,0.4047808764940239,18,0.0143426294820717,535,0.4262948207171315,124,0.098804780876494,18,0.031523642732049,36081028700,6422,1477,0.2299906571161631,6422,684,0.1065088757396449,6422,206,0.0320772345063843,39283,0.039283,31947.661838454296,0.8658326415338384
360810288012,360810288012,Block Group 2; Census Tract 288.01; Queens County; New York,Queens,1426,338,130,0.3846153846153846,503,200,0.3976143141153082,404,0.2833099579242636,152,0.1065918653576437,21,0.0147265077138849,1068,0.7489481065918654,9,0.0063113604488078,41,0.0287517531556802,0,0.0,36081028801,2813,207,0.0735869178812655,2813,282,0.10024884464984,2813,197,0.0700319943121222,141425,0.141425,10083.082906133994,0.6951825182806922
360810288022,360810288022,Block Group 2; Census Tract 288.02; Queens County; New York,Queens,1156,351,85,0.2421652421652421,343,75,0.2186588921282798,333,0.2880622837370242,286,0.2474048442906574,0,0.0,951,0.8226643598615917,14,0.0121107266435986,180,0.1557093425605536,18,0.0512820512820512,36081028802,2310,302,0.1307359307359307,2343,338,0.1442594963721724,2343,149,0.0635936833119931,98801,0.098801,11700.28643434783,0.5324990640696529
360810289002,360810289002,Block Group 2; Census Tract 289; Queens County; New York,Queens,911,461,319,0.6919739696312365,431,229,0.531322505800464,96,0.1053787047200878,333,0.3655323819978046,265,0.2908891328210757,0,0.0,503,0.5521405049396267,99,0.1086717892425905,68,0.1475054229934924,36081028900,4859,439,0.0903478081909858,4859,334,0.068738423543939,4859,99,0.0203745626672154,34574,0.034574,26349.27980563429,0.8413267113894132
360810028002,360810028002,Block Group 2; Census Tract 28; Queens County; New York,Queens,1502,482,279,0.578838174273859,835,371,0.444311377245509,213,0.1418109187749667,265,0.1764314247669773,15,0.0099866844207723,19,0.0126498002663115,491,0.3268974700399467,666,0.4434087882822903,232,0.4813278008298755,36081002800,2862,313,0.1093640810621942,2883,234,0.0811654526534859,2883,204,0.0707596253902185,96095,0.096095,15630.365783859725,0.6395140241670364
360810291002,360810291002,Block Group 2; Census Tract 291; Queens County; New York,Queens,1878,691,533,0.7713458755426917,796,478,0.6005025125628141,324,0.1725239616613418,217,0.1155484558040468,284,0.1512247071352502,0,0.0,1135,0.6043663471778488,459,0.2444089456869009,78,0.1128798842257597,36081029100,5962,650,0.1090238175109023,5993,491,0.0819289170699149,5993,403,0.0672451193058568,40283,0.040283,46620.1623513641,0.8668408461785957
360810294002,360810294002,Block Group 2; Census Tract 294; Queens County; New York,Queens,2032,590,375,0.635593220338983,774,188,0.2428940568475452,899,0.4424212598425197,207,0.1018700787401574,0,0.0,1282,0.6309055118110236,0,0.0,202,0.0994094488188976,0,0.0,36081029400,8509,1206,0.1417322834645669,8578,1147,0.1337141524830963,8578,451,0.0525763581254371,164344,0.164344,12364.309010368495,0.578760066553112
360810295002,360810295002,Block Group 2; Census Tract 295; Queens County; New York,Queens,1600,676,538,0.7958579881656804,718,316,0.4401114206128134,341,0.213125,267,0.166875,494,0.30875,46,0.02875,716,0.4475,215,0.134375,134,0.1982248520710059,36081029500,3527,368,0.1043379642755883,3527,353,0.1000850581230507,3527,172,0.0487666572157641,123404,0.123404,12965.544066642897,0.6234905997179293
360810297002,360810297002,Block Group 2; Census Tract 297; Queens County; New York,Queens,1465,391,334,0.8542199488491049,713,316,0.4431977559607293,467,0.3187713310580204,91,0.0621160409556314,36,0.0245733788395904,5,0.0034129692832764,510,0.3481228668941979,874,0.5965870307167236,118,0.3017902813299232,36081029700,2376,334,0.1405723905723905,2389,162,0.0678107994976977,2389,197,0.0824612808706571,207831,0.207831,7048.996540458354,0.8493072488712938
360810002002,360810002002,Block Group 2; Census Tract 2; Queens County; New York,Queens,1660,622,378,0.6077170418006431,786,576,0.732824427480916,139,0.0837349397590361,277,0.166867469879518,255,0.1536144578313253,31,0.0186746987951807,491,0.2957831325301205,825,0.4969879518072289,61,0.0980707395498392,36081000200,2439,368,0.1508815088150881,2439,295,0.1209512095120951,2439,348,0.1426814268142681,98724,0.098724,16814.553705279362,0.5736636851548234
360810306002,360810306002,Block Group 2; Census Tract 306; Queens County; New York,Queens,411,158,72,0.4556962025316455,264,66,0.25,40,0.097323600973236,96,0.2335766423357664,31,0.0754257907542579,341,0.829683698296837,0,0.0,39,0.0948905109489051,0,0.0,36081030600,5390,632,0.1172541743970315,5473,485,0.0886168463365613,5473,735,0.1342956331079846,83313,0.083313,4933.203701703215,0.6972390969794363
360810309032,360810309032,Block Group 2; Census Tract 309.03; Queens County; New York,Queens,1089,366,157,0.4289617486338797,483,176,0.3643892339544513,181,0.1662075298438934,337,0.3094582185491276,365,0.3351698806244261,0,0.0,355,0.3259871441689623,369,0.3388429752066115,117,0.319672131147541,36081030903,5176,139,0.0268547140649149,5176,480,0.0927357032457496,5176,440,0.0850077279752704,96431,0.096431,11293.048915805082,0.8020696011294719
360810309042,360810309042,Block Group 2; Census Tract 309.04; Queens County; New York,Queens,1433,717,412,0.5746164574616457,531,88,0.1657250470809793,129,0.0900209351011863,519,0.3621772505233775,304,0.212142358688067,39,0.0272156315422191,615,0.4291695743196092,409,0.2854152128401954,302,0.4211994421199442,36081030904,2721,329,0.1209114296214627,2721,254,0.0933480338110988,2721,141,0.051819184123484,113909,0.113909,12580.217542073058,0.7732344752956023
360810309052,360810309052,Block Group 2; Census Tract 309.05; Queens County; New York,Queens,2729,839,670,0.798569725864124,1070,295,0.2757009345794392,648,0.237449615243679,154,0.0564309270795163,133,0.0487358006595822,110,0.0403078050567973,1344,0.4924880908757786,1142,0.4184683034078417,283,0.3373063170441001,36081030905,3749,412,0.1098959722592691,3780,173,0.0457671957671957,3780,386,0.1021164021164021,106406,0.106406,25647.04997838468,0.7999877124173144
360810309062,360810309062,Block Group 2; Census Tract 309.06; Queens County; New York,Queens,1688,542,424,0.7822878228782287,783,262,0.334610472541507,418,0.2476303317535545,272,0.1611374407582938,245,0.1451421800947867,5,0.0029620853080568,929,0.5503554502369669,509,0.3015402843601896,106,0.1955719557195571,36081030906,4096,299,0.072998046875,4116,390,0.0947521865889212,4116,230,0.0558794946550048,75404,0.075404,22386.080314041697,0.8291527080678933
360810317002,360810317002,Block Group 2; Census Tract 317; Queens County; New York,Queens,2254,832,380,0.4567307692307692,792,264,0.3333333333333333,455,0.201863354037267,291,0.1291038154392191,1753,0.7777284826974268,90,0.0399290150842945,166,0.0736468500443655,245,0.108695652173913,132,0.1586538461538461,36081031700,5882,1254,0.213192791567494,5965,450,0.0754400670578373,5965,253,0.0424140821458507,140327,0.140327,16062.482629857404,0.7102649387504874
360810031002,360810031002,Block Group 2; Census Tract 31; Queens County; New York,Queens,1021,538,490,0.9107806691449816,640,361,0.5640625,85,0.0832517140058766,78,0.0763956904995102,287,0.2810969637610186,75,0.0734573947110675,273,0.267384916748286,291,0.2850146914789422,97,0.1802973977695167,36081003100,1660,339,0.2042168674698795,1715,196,0.1142857142857142,1715,145,0.0845481049562682,104584,0.104584,9762.487569800353,0.8955231250997764
360810320002,360810320002,Block Group 2; Census Tract 320; Queens County; New York,Queens,1160,20,19,0.95,214,73,0.3411214953271028,242,0.2086206896551724,55,0.0474137931034482,263,0.2267241379310345,399,0.3439655172413793,78,0.0672413793103448,366,0.3155172413793103,19,0.95,36081032000,5116,1211,0.2367083659108678,5433,497,0.0914780047855696,5433,369,0.0679182771949199,421235,0.421235,2753.807257231711,0.7057398014531583
360810327002,360810327002,Block Group 2; Census Tract 327; Queens County; New York,Queens,1343,433,403,0.930715935334873,542,359,0.6623616236162362,383,0.2851824274013403,44,0.0327624720774385,76,0.0565897244973938,0,0.0,201,0.1496649292628444,1066,0.7937453462397617,156,0.3602771362586605,36081032700,3742,176,0.0470336718332442,3742,187,0.049973276322822,3742,613,0.1638161411010155,56651,0.056651,23706.554164975023,0.8229573886331133
360810328002,360810328002,Block Group 2; Census Tract 328; Queens County; New York,Queens,798,266,82,0.3082706766917293,367,102,0.2779291553133515,225,0.2819548872180451,127,0.1591478696741854,0,0.0,692,0.8671679197994987,0,0.0,70,0.087719298245614,0,0.0,36081032800,2815,281,0.0998223801065719,2882,327,0.1134628730048577,2882,188,0.0652324774462179,111222,0.111222,7174.839510168851,0.4684618860855327
360810329002,360810329002,Block Group 2; Census Tract 329; Queens County; New York,Queens,1560,403,230,0.5707196029776674,516,126,0.2441860465116279,463,0.2967948717948718,183,0.1173076923076923,0,0.0,333,0.2134615384615384,280,0.1794871794871795,919,0.5891025641025641,13,0.032258064516129,36081032900,3582,524,0.146286990508096,3715,339,0.0912516823687752,3715,538,0.1448183041722745,144613,0.144613,10787.411920090171,0.5474924140101589
360810033022,360810033022,Block Group 2; Census Tract 33.02; Queens County; New York,Queens,648,255,198,0.7764705882352941,332,170,0.5120481927710844,83,0.1280864197530864,117,0.1805555555555555,237,0.3657407407407407,82,0.1265432098765432,134,0.2067901234567901,192,0.2962962962962963,39,0.1529411764705882,36081003302,988,327,0.3309716599190283,1056,190,0.1799242424242424,1056,66,0.0625,184820,0.18482,3506.114056920246,0.8511615590386109
360810330002,360810330002,Block Group 2; Census Tract 330; Queens County; New York,Queens,1409,393,80,0.2035623409669211,503,65,0.1292246520874751,263,0.1866572036905606,209,0.1483321504613201,0,0.0,904,0.6415897799858056,0,0.0,361,0.2562100780695528,0,0.0,36081033000,6920,572,0.0826589595375722,6943,735,0.1058620193000144,6943,528,0.0760478179461328,123814,0.123814,11379.97318558483,0.5037724745669075
360810334012,360810334012,Block Group 2; Census Tract 334.01; Queens County; New York,Queens,2557,1116,772,0.6917562724014337,1135,413,0.3638766519823788,658,0.2573328118889323,207,0.080954243253813,48,0.0187719984356667,2193,0.8576456785295268,57,0.0222917481423543,259,0.101290574892452,46,0.0412186379928315,36081033401,3928,657,0.1672606924643584,3928,489,0.1244908350305499,3928,147,0.0374236252545824,406359,0.406359,6292.465529248767,0.8090026690256749
360810334032,360810334032,Block Group 2; Census Tract 334.03; Queens County; New York,Queens,1801,1077,1004,0.9322191272051996,894,424,0.4742729306487696,306,0.169905607995558,438,0.2431982232093281,0,0.0,1570,0.8717379233759023,30,0.0166574125485841,200,0.1110494169905608,36,0.0334261838440111,36081033403,4327,952,0.2200138664201525,4328,726,0.1677449168207024,4328,218,0.0503696857670979,160001,0.160001,11256.179648877194,0.7615825169943838
360810334042,360810334042,Block Group 2; Census Tract 334.04; Queens County; New York,Queens,2694,1197,1075,0.898078529657477,1176,514,0.4370748299319728,484,0.1796585003711952,421,0.1562731997030438,88,0.0326651818856718,2358,0.8752783964365256,71,0.0263548626577579,69,0.0256124721603563,96,0.0802005012531328,36081033404,6091,994,0.1631915941553111,6066,882,0.14540059347181,6066,474,0.0781404549950544,157480,0.15748,17106.934213868426,0.7927495933468223
360810334052,360810334052,Block Group 2; Census Tract 334.05; Queens County; New York,Queens,1049,314,0,0.0,332,86,0.2590361445783132,331,0.315538608198284,243,0.2316491897044804,77,0.0734032411820781,739,0.7044804575786463,0,0.0,142,0.1353670162059103,0,0.0,36081033405,3573,234,0.0654911838790932,3643,523,0.1435629975295086,3643,11,0.0030194894317869,170108,0.170108,6166.670585745526,0.8113077912730694
360810337002,360810337002,Block Group 2; Census Tract 337; Queens County; New York,Queens,1239,388,279,0.7190721649484536,595,309,0.519327731092437,223,0.1799838579499596,155,0.1251008878127522,110,0.0887812752219531,0,0.0,343,0.2768361581920904,786,0.6343825665859564,107,0.2757731958762887,36081033700,2771,274,0.0988812702995308,2791,341,0.1221784306700107,2791,286,0.1024722321748477,56590,0.05659,21894.3276197208,0.5983315570964153
360810339002,360810339002,Block Group 2; Census Tract 339; Queens County; New York,Queens,1472,641,241,0.37597503900156,440,220,0.5,364,0.2472826086956521,345,0.234375,175,0.1188858695652173,67,0.045516304347826,326,0.2214673913043478,596,0.4048913043478261,106,0.1653666146645865,36081033900,3166,788,0.2488945041061276,3166,264,0.0833859759949463,3166,309,0.0975994946304485,37756,0.037756,38987.18084542854,0.8305508862385987
360810347002,360810347002,Block Group 2; Census Tract 347; Queens County; New York,Queens,2349,575,400,0.6956521739130435,774,422,0.5452196382428941,842,0.3584504044274159,245,0.1042997020008514,71,0.0302256279267773,266,0.1132396764580672,276,0.1174968071519795,1722,0.7330779054916986,219,0.3808695652173913,36081034700,3859,805,0.2086032650945841,3976,265,0.0666498993963782,3976,468,0.1177062374245472,255205,0.255205,9204.365118238278,0.5255735339954628
360810034002,360810034002,Block Group 2; Census Tract 34; Queens County; New York,Queens,1854,473,223,0.4714587737843552,730,372,0.5095890410958904,366,0.1974110032362459,264,0.1423948220064725,188,0.1014023732470334,93,0.0501618122977346,397,0.2141316073354908,1083,0.5841423948220065,98,0.2071881606765327,36081003400,2594,513,0.1977640709329221,2619,214,0.0817105765559373,2619,345,0.131729667812142,75792,0.075792,24461.684610512984,0.3338825376023687
360810351002,360810351002,Block Group 2; Census Tract 351; Queens County; New York,Queens,1786,899,436,0.4849833147942158,980,422,0.4306122448979592,194,0.108622620380739,438,0.2452407614781634,245,0.1371780515117581,138,0.0772676371780515,382,0.2138857782754759,970,0.5431131019036954,132,0.1468298109010011,36081035100,3598,536,0.1489716509171762,3598,368,0.1022790439132851,3598,161,0.0447470817120622,51557,0.051557,34641.270826463915,0.8290146736910011
360810352002,360810352002,Block Group 2; Census Tract 352; Queens County; New York,Queens,1448,341,122,0.3577712609970674,614,180,0.2931596091205212,188,0.1298342541436464,308,0.212707182320442,0,0.0,1100,0.7596685082872928,13,0.0089779005524861,93,0.0642265193370165,0,0.0,36081035200,2828,274,0.0968882602545968,2828,439,0.1552333804809052,2828,207,0.0731966053748232,280657,0.280657,5159.322589495363,0.7462786352879465
360810353002,360810353002,Block Group 2; Census Tract 353; Queens County; New York,Queens,1077,433,245,0.5658198614318707,540,367,0.6796296296296296,139,0.1290622098421541,196,0.1819870009285051,101,0.0937790157845868,0,0.0,78,0.0724233983286908,727,0.6750232126276694,229,0.5288683602771362,36081035300,2143,96,0.0447970135324311,2143,162,0.0755949603359776,2143,391,0.1824545030331311,68423,0.068423,15740.321237010949,0.8157727683290897
360810357002,360810357002,Block Group 2; Census Tract 357; Queens County; New York,Queens,1345,357,160,0.4481792717086835,775,313,0.4038709677419355,214,0.1591078066914498,194,0.1442379182156133,170,0.1263940520446096,444,0.3301115241635687,101,0.0750929368029739,616,0.4579925650557621,23,0.0644257703081232,36081035700,4029,760,0.1886324149913129,4058,476,0.1172991621488418,4058,313,0.0771315919172005,205289,0.205289,6551.73925539118,0.5309805830374164
360810358002,360810358002,Block Group 2; Census Tract 358; Queens County; New York,Queens,2077,566,297,0.5247349823321554,1110,348,0.3135135135135135,343,0.1651420317766008,273,0.1314395763119884,107,0.0515166104959075,1858,0.8945594607607126,27,0.0129995185363505,24,0.0115551275878671,22,0.03886925795053,36081035800,4538,278,0.0612604671661524,4511,248,0.0549767235646198,4511,358,0.0793615606295721,169470,0.16947,12255.856493774709,0.5380217338760328
360810361002,360810361002,Block Group 2; Census Tract 361; Queens County; New York,Queens,1174,346,199,0.5751445086705202,463,294,0.6349892008639308,200,0.1703577512776831,235,0.2001703577512776,0,0.0,247,0.2103918228279386,284,0.24190800681431,555,0.4727427597955707,87,0.2514450867052023,36081036100,2578,314,0.1217998448409619,2608,161,0.0617331288343558,2608,247,0.0947085889570552,63949,0.063949,18358.379333531408,0.5793654296783747
360810363002,360810363002,Block Group 2; Census Tract 363; Queens County; New York,Queens,750,247,157,0.6356275303643725,446,371,0.8318385650224215,153,0.204,22,0.0293333333333333,0,0.0,116,0.1546666666666666,43,0.0573333333333333,582,0.776,55,0.2226720647773279,36081036300,2032,240,0.1181102362204724,2033,192,0.0944417117560255,2033,318,0.1564190850959173,52097,0.052097,14396.222431234044,0.5874038481845067
360810365002,360810365002,Block Group 2; Census Tract 365; Queens County; New York,Queens,1987,575,398,0.6921739130434783,1005,557,0.554228855721393,502,0.2526421741318571,99,0.0498238550578762,0,0.0,270,0.135883241066935,161,0.0810266733769501,1537,0.7735279315551082,225,0.391304347826087,36081036500,3289,588,0.1787777439951353,3278,442,0.1348383160463697,3278,401,0.1223306894447834,83794,0.083794,23712.915005847677,0.5923951491541616
360810366002,360810366002,Block Group 2; Census Tract 366; Queens County; New York,Queens,1680,464,201,0.4331896551724138,764,399,0.5222513089005235,289,0.1720238095238095,237,0.1410714285714285,0,0.0,1325,0.7886904761904762,0,0.0,355,0.2113095238095238,28,0.0603448275862069,36081036600,3126,372,0.1190019193857965,3131,504,0.1609709358032577,3131,300,0.0958160332162248,148619,0.148619,11304.07283052638,0.7529434481956525
360810367002,360810367002,Block Group 2; Census Tract 367; Queens County; New York,Queens,2149,547,439,0.8025594149908593,1108,695,0.6272563176895307,427,0.1986970684039088,204,0.0949278734295021,42,0.019543973941368,343,0.1596091205211726,238,0.1107491856677524,1500,0.6979990693345742,146,0.2669104204753199,36081036700,2919,422,0.144570058239123,2928,428,0.1461748633879781,2928,232,0.0792349726775956,146654,0.146654,14653.538260122465,0.5718263410828531
360810368002,360810368002,Block Group 2; Census Tract 368; Queens County; New York,Queens,1349,424,84,0.1981132075471698,729,247,0.3388203017832647,230,0.1704966641957005,183,0.1356560415122313,24,0.0177909562638991,1098,0.8139362490733877,0,0.0,92,0.0681986656782802,0,0.0,36081036800,2899,173,0.0596757502587099,2918,186,0.0637422892392049,2918,217,0.0743660041124057,106655,0.106655,12648.258403262857,0.5526111383111769
360810036002,360810036002,Block Group 2; Census Tract 36; Queens County; New York,Queens,1401,546,349,0.6391941391941391,535,172,0.3214953271028037,272,0.1941470378301213,314,0.22412562455389,160,0.1142041399000713,35,0.0249821556031406,315,0.2248394004282655,762,0.5438972162740899,93,0.1703296703296703,36081003600,3295,445,0.1350531107738998,3330,466,0.1399399399399399,3330,290,0.087087087087087,73285,0.073285,19117.145391280617,0.3341676292760641
360810373002,360810373002,Block Group 2; Census Tract 373; Queens County; New York,Queens,858,331,245,0.7401812688821753,333,142,0.4264264264264264,229,0.2668997668997669,92,0.1072261072261072,7,0.0081585081585081,128,0.1491841491841491,96,0.1118881118881118,603,0.7027972027972028,103,0.311178247734139,36081037300,2393,299,0.1249477643125783,2420,191,0.0789256198347107,2420,362,0.1495867768595041,150271,0.150271,5709.68450333065,0.5944898443489417
360810375022,360810375022,Block Group 2; Census Tract 375.02; Queens County; New York,Queens,1212,318,318,1.0,375,176,0.4693333333333333,541,0.4463696369636963,137,0.113036303630363,0,0.0,255,0.2103960396039604,62,0.0511551155115511,895,0.7384488448844885,146,0.4591194968553459,36081037502,2669,433,0.1622330460846759,2669,189,0.0708130385912326,2669,488,0.1828400149868864,23852,0.023852,50813.348985410026,0.8824131241036086
360810376002,360810376002,Block Group 2; Census Tract 376; Queens County; New York,Queens,1997,437,78,0.1784897025171624,761,42,0.0551905387647831,742,0.371557336004006,162,0.0811216825237856,14,0.0070105157736604,1930,0.9664496745117676,35,0.0175262894341512,18,0.0090135202804206,15,0.034324942791762,36081037600,6883,308,0.0447479296818247,6883,569,0.0826674415225919,6883,240,0.0348685166351881,156223,0.156223,12783.0089039386,0.3143503588387324
360810377002,360810377002,Block Group 2; Census Tract 377; Queens County; New York,Queens,1428,393,358,0.910941475826972,768,385,0.5013020833333334,408,0.2857142857142857,70,0.0490196078431372,0,0.0,46,0.0322128851540616,0,0.0,1373,0.961484593837535,230,0.5852417302798982,36081037700,3563,600,0.1683974179062587,3530,402,0.1138810198300283,3530,1060,0.3002832861189802,63704,0.063704,22416.174808489264,0.826631629676783
360810379002,360810379002,Block Group 2; Census Tract 379; Queens County; New York,Queens,2266,598,532,0.8896321070234113,1094,545,0.4981718464351005,433,0.1910856134157105,261,0.115180935569285,4,0.0017652250661959,205,0.0904677846425419,309,0.1363636363636363,1748,0.7714033539276258,274,0.4581939799331103,36081037900,5841,620,0.1061462078411231,5841,251,0.0429720938195514,5841,1546,0.2646807053586714,63607,0.063607,35625.00982596255,0.8345402193735496
360810381002,360810381002,Block Group 2; Census Tract 381; Queens County; New York,Queens,3253,651,617,0.9477726574500768,1765,1198,0.6787535410764872,1178,0.3621272671380264,104,0.031970488779588,15,0.0046111281893636,30,0.0092222563787273,32,0.0098370734706424,3155,0.9698739624961574,276,0.423963133640553,36081038100,6895,1373,0.1991298042059463,6999,424,0.0605800828689812,6999,1671,0.2387483926275182,74595,0.074595,43608.820966552725,0.6021651801160285
360810384002,360810384002,Block Group 2; Census Tract 384; Queens County; New York,Queens,1449,486,135,0.2777777777777778,662,277,0.418429003021148,182,0.1256038647342995,336,0.2318840579710145,0,0.0,1230,0.8488612836438924,0,0.0,27,0.0186335403726708,8,0.0164609053497942,36081038400,2605,221,0.0848368522072936,2634,530,0.2012148823082764,2634,235,0.089217919514047,140292,0.140292,10328.457788042084,0.3283499194591518
360810038002,360810038002,Block Group 2; Census Tract 38; Queens County; New York,Queens,1161,389,177,0.455012853470437,436,145,0.3325688073394495,281,0.2420327304048234,275,0.2368647717484927,246,0.2118863049095607,26,0.0223944875107665,326,0.280792420327304,563,0.4849267872523686,16,0.0411311053984575,36081003800,2184,255,0.1167582417582417,2185,218,0.0997711670480549,2185,261,0.1194508009153318,77695,0.077695,14943.04652809061,0.5922092774992435
360810394002,360810394002,Block Group 2; Census Tract 394; Queens County; New York,Queens,1054,370,215,0.581081081081081,372,165,0.4435483870967742,250,0.2371916508538899,194,0.1840607210626186,0,0.0,987,0.9364326375711576,0,0.0,16,0.0151802656546489,8,0.0216216216216216,36081039400,3230,734,0.2272445820433436,3289,407,0.1237458193979933,3289,244,0.074186682882335,108431,0.108431,9720.46739401094,0.7625378020443719
360810398002,360810398002,Block Group 2; Census Tract 398; Queens County; New York,Queens,328,122,0,0.0,157,69,0.4394904458598726,57,0.173780487804878,91,0.2774390243902439,0,0.0,255,0.7774390243902439,0,0.0,62,0.1890243902439024,0,0.0,36081039800,1463,141,0.0963773069036226,1485,161,0.1084175084175084,1485,54,0.0363636363636363,90178,0.090178,3637.250770697953,0.7620400947471457
360810399012,360810399012,Block Group 2; Census Tract 399.01; Queens County; New York,Queens,1592,287,217,0.7560975609756098,538,279,0.5185873605947955,627,0.3938442211055276,149,0.0935929648241206,89,0.0559045226130653,5,0.0031407035175879,202,0.1268844221105527,1181,0.7418341708542714,54,0.1881533101045296,36081039901,2499,424,0.1696678671468587,2504,119,0.0475239616613418,2504,550,0.2196485623003194,47220,0.04722,33714.527742482,0.635465398753303
360810040012,360810040012,Block Group 2; Census Tract 40.01; Queens County; New York,Queens,709,235,110,0.4680851063829787,402,190,0.472636815920398,97,0.1368124118476728,41,0.0578279266572637,212,0.2990126939351198,4,0.005641748942172,191,0.2693935119887165,244,0.3441466854724965,36,0.1531914893617021,36081004001,2063,198,0.0959767329132331,2058,123,0.0597667638483965,2058,248,0.1205053449951409,89319,0.089319,7937.840772959841,0.58797711108368
360810400002,360810400002,Block Group 2; Census Tract 400; Queens County; New York,Queens,714,244,74,0.3032786885245901,372,142,0.3817204301075269,139,0.1946778711484593,115,0.1610644257703081,0,0.0,532,0.7450980392156863,24,0.0336134453781512,31,0.0434173669467787,7,0.0286885245901639,36081040000,1410,58,0.0411347517730496,1410,178,0.126241134751773,1410,93,0.0659574468085106,104277,0.104277,6847.147501366553,0.5418049668795446
360810401012,360810401012,Block Group 2; Census Tract 401.01; Queens County; New York,Queens,926,216,163,0.7546296296296297,355,208,0.5859154929577465,149,0.1609071274298056,173,0.1868250539956803,0,0.0,8,0.0086393088552915,84,0.0907127429805615,834,0.9006479481641468,69,0.3194444444444444,36081040101,2251,355,0.157707685473123,2251,349,0.1550422034651266,2251,666,0.2958685028876055,42916,0.042916,21577.0342063566,0.6353026697445057
360810401022,360810401022,Block Group 2; Census Tract 401.02; Queens County; New York,Queens,1853,521,517,0.9923224568138196,1045,780,0.7464114832535885,326,0.1759309228278467,88,0.0474905558553696,31,0.0167296276308688,16,0.0086346465191581,93,0.0501888828926065,1713,0.9244468429573665,102,0.1957773512476007,36081040102,3966,898,0.2264246091780131,3966,234,0.059001512859304,3966,661,0.1666666666666666,60451,0.060451,30652.925509917124,0.6387902092048726
360810402002,360810402002,Block Group 2; Census Tract 402; Queens County; New York,Queens,748,259,87,0.3359073359073359,404,124,0.3069306930693069,153,0.2045454545454545,137,0.1831550802139037,0,0.0,652,0.8716577540106952,9,0.0120320855614973,27,0.0360962566844919,0,0.0,36081040200,1557,120,0.0770712909441233,1557,239,0.1535003211303789,1557,89,0.0571612074502247,107809,0.107809,6938.196254487102,0.7166883696786462
360810403012,360810403012,Block Group 2; Census Tract 403.01; Queens County; New York,Queens,1886,683,605,0.8857979502196194,874,625,0.7151029748283753,529,0.2804878048780488,176,0.0933191940615058,0,0.0,0,0.0,456,0.2417815482502651,1430,0.7582184517497349,257,0.3762811127379209,36081040301,2590,566,0.2185328185328185,2603,216,0.0829811755666538,2603,727,0.279293123319247,45004,0.045004,41907.38601013243,0.6222426685976807
360810404002,360810404002,Block Group 2; Census Tract 404; Queens County; New York,Queens,868,429,374,0.8717948717948718,414,171,0.4130434782608695,59,0.0679723502304147,302,0.347926267281106,0,0.0,642,0.7396313364055299,151,0.173963133640553,34,0.0391705069124423,94,0.2191142191142191,36081040400,3671,320,0.0871697085262871,3671,566,0.1541814219558703,3671,153,0.041678016889131,141780,0.14178,6122.161094653689,0.559740225199992
360810407012,360810407012,Block Group 2; Census Tract 407.01; Queens County; New York,Queens,1068,291,281,0.9656357388316152,397,270,0.6801007556675063,450,0.4213483146067415,51,0.047752808988764,0,0.0,0,0.0,55,0.0514981273408239,990,0.9269662921348316,149,0.5120274914089347,36081040701,3014,1107,0.36728599867286,3181,455,0.1430367808865136,3181,987,0.310279786230745,37725,0.037725,28310.13916500994,0.8520361313212922
360810407022,360810407022,Block Group 2; Census Tract 407.02; Queens County; New York,Queens,1225,322,250,0.7763975155279503,512,359,0.701171875,373,0.3044897959183673,202,0.1648979591836734,0,0.0,0,0.0,0,0.0,1225,1.0,247,0.7670807453416149,36081040702,4406,598,0.135724012709941,4430,302,0.0681715575620767,4430,1229,0.2774266365688487,35958,0.035958,34067.52322153624,0.8266301379361024
360810409012,360810409012,Block Group 2; Census Tract 409.01; Queens County; New York,Queens,1213,290,168,0.5793103448275863,658,470,0.7142857142857143,240,0.1978565539983512,150,0.1236603462489695,0,0.0,0,0.0,152,0.1253091508656224,1015,0.8367683429513603,89,0.3068965517241379,36081040901,1818,182,0.1001100110011001,1818,156,0.0858085808580858,1818,463,0.2546754675467547,37635,0.037635,32230.636375714093,0.8273275353262632
360810409022,360810409022,Block Group 2; Census Tract 409.02; Queens County; New York,Queens,1884,415,370,0.891566265060241,876,729,0.8321917808219178,582,0.3089171974522293,98,0.0520169851380042,101,0.0536093418259023,0,0.0,47,0.0249469214437367,1736,0.921443736730361,177,0.4265060240963855,36081040902,2950,280,0.0949152542372881,2972,214,0.0720053835800807,2972,661,0.2224091520861373,50271,0.050271,37476.87533568061,0.8438980747519472
360810411002,360810411002,Block Group 2; Census Tract 411; Queens County; New York,Queens,2395,727,464,0.6382393397524071,1025,673,0.6565853658536586,466,0.194572025052192,257,0.1073068893528183,0,0.0,0,0.0,188,0.0784968684759916,2207,0.9215031315240084,372,0.5116918844566712,36081041100,4250,770,0.1811764705882353,4250,541,0.1272941176470588,4250,925,0.2176470588235294,69015,0.069015,34702.60088386582,0.640227918510389
360810413002,360810413002,Block Group 2; Census Tract 413; Queens County; New York,Queens,2549,577,450,0.779896013864818,1412,1020,0.7223796033994334,438,0.1718320910160847,227,0.0890545311887014,90,0.0353079639074146,18,0.0070615927814829,636,0.249509611612397,1805,0.7081208316987053,203,0.3518197573656845,36081041300,4572,1541,0.3370516185476815,4596,203,0.0441688424717145,4596,1082,0.2354221061792863,54585,0.054585,46697.81075387011,0.8086826643993115
360810414002,360810414002,Block Group 2; Census Tract 414; Queens County; New York,Queens,221,103,96,0.9320388349514565,118,58,0.4915254237288136,0,0.0,52,0.2352941176470588,0,0.0,219,0.990950226244344,0,0.0,2,0.0090497737556561,0,0.0,36081041400,4561,810,0.1775926331944749,4561,378,0.0828765621574216,4561,289,0.0633632975224731,45485,0.045485,4858.7446410904695,0.5647847944637926
360810415002,360810415002,Block Group 2; Census Tract 415; Queens County; New York,Queens,1828,651,359,0.5514592933947773,930,611,0.656989247311828,379,0.2073304157549234,197,0.1077680525164113,146,0.0798687089715536,3,0.0016411378555798,137,0.074945295404814,1542,0.8435448577680525,127,0.195084485407066,36081041500,3936,923,0.2345020325203252,3999,384,0.0960240060015003,3999,1240,0.3100775193798449,63872,0.063872,28619.739478957916,0.8083330018669235
360810424002,360810424002,Block Group 2; Census Tract 424; Queens County; New York,Queens,1066,321,93,0.2897196261682243,515,120,0.233009708737864,258,0.2420262664165103,128,0.1200750469043152,5,0.0046904315196998,974,0.9136960600375236,0,0.0,61,0.0572232645403377,0,0.0,36081042400,2637,46,0.0174440652256351,2652,224,0.0844645550527903,2652,76,0.028657616892911,169571,0.169571,6286.452282524724,0.7444347337471737
360810427002,360810427002,Block Group 2; Census Tract 427; Queens County; New York,Queens,2626,784,480,0.6122448979591837,1490,656,0.4402684563758389,525,0.1999238385376999,459,0.1747905559786748,131,0.0498857578065498,0,0.0,222,0.0845392231530845,2273,0.8655750190403656,240,0.3061224489795918,36081042700,4192,754,0.1798664122137404,4260,670,0.1572769953051643,4260,576,0.1352112676056338,96954,0.096954,27085.009385894344,0.8195060235007251
360810042002,360810042002,Block Group 2; Census Tract 42; Queens County; New York,Queens,1455,323,141,0.436532507739938,571,415,0.7267950963222417,459,0.3154639175257732,141,0.0969072164948453,48,0.0329896907216494,389,0.2673539518900343,955,0.6563573883161512,39,0.0268041237113402,47,0.1455108359133126,36081004200,4523,1248,0.275923059915985,4651,413,0.0887981079337776,4651,431,0.0926682433885186,47048,0.047048,30925.86294847815,0.7545617343427355
360810437012,360810437012,Block Group 2; Census Tract 437.01; Queens County; New York,Queens,1580,445,387,0.8696629213483146,540,193,0.3574074074074074,231,0.1462025316455696,310,0.1962025316455696,220,0.1392405063291139,222,0.140506329113924,79,0.05,1054,0.6670886075949367,107,0.2404494382022471,36081043701,2940,684,0.2326530612244897,2967,595,0.2005392652510954,2967,368,0.1240310077519379,83921,0.083921,18827.23037142074,0.6184282472032427
360810437022,360810437022,Block Group 2; Census Tract 437.02; Queens County; New York,Queens,1678,685,497,0.7255474452554744,607,538,0.886326194398682,161,0.0959475566150178,487,0.2902264600715137,138,0.0822407628128724,24,0.0143027413587604,179,0.1066746126340882,1337,0.7967818831942789,305,0.4452554744525547,36081043702,5850,1070,0.1829059829059829,5982,1019,0.1703443664326312,5982,710,0.1186894015379471,50836,0.050836,33008.104492879065,0.6138234520570941
360810439002,360810439002,Block Group 2; Census Tract 439; Queens County; New York,Queens,1648,477,417,0.8742138364779874,553,285,0.515370705244123,544,0.3300970873786408,178,0.108009708737864,59,0.0358009708737864,152,0.0922330097087378,132,0.0800970873786407,1305,0.7918689320388349,190,0.3983228511530398,36081043900,4110,772,0.1878345498783455,4150,332,0.08,4150,960,0.2313253012048192,88121,0.088121,18701.55808490598,0.8236876551202265
360810043002,360810043002,Block Group 2; Census Tract 43; Queens County; New York,Queens,187,70,70,1.0,59,39,0.6610169491525424,65,0.3475935828877005,25,0.1336898395721925,25,0.1336898395721925,79,0.4224598930481283,0,0.0,38,0.2032085561497326,0,0.0,36081004300,2033,631,0.3103787506148548,2033,461,0.2267584849975406,2033,53,0.0260698475159862,64238,0.064238,2911.0495345434165,0.8425715631642984
360810044012,360810044012,Block Group 2; Census Tract 44.01; Queens County; New York,Queens,1538,547,287,0.5246800731261426,755,336,0.4450331125827814,363,0.2360208062418725,100,0.0650195058517555,129,0.0838751625487646,103,0.0669700910273081,1101,0.7158647594278283,121,0.0786736020806241,78,0.1425959780621572,36081004401,3493,688,0.1969653592900085,3493,343,0.0981963927855711,3493,360,0.1030632693959347,130547,0.130547,11781.197576351811,0.5259678224697056
360810440002,360810440002,Block Group 2; Census Tract 440; Queens County; New York,Queens,767,232,131,0.5646551724137931,383,154,0.402088772845953,173,0.2255541069100391,38,0.0495436766623207,1,0.0013037809647979,339,0.4419817470664928,256,0.3337679269882659,133,0.1734028683181225,49,0.2112068965517241,36081044000,3821,221,0.057838262235017,3821,160,0.041873855011777,3821,260,0.0680450143941376,118663,0.118663,6463.682866605429,0.7731109164089985
360810443012,360810443012,Block Group 2; Census Tract 443.01; Queens County; New York,Queens,1723,621,607,0.9774557165861514,688,320,0.4651162790697674,309,0.179338363319791,404,0.2344747533372025,100,0.0580383052814857,530,0.3076030179918746,317,0.1839814277423099,776,0.4503772489843297,184,0.2962962962962963,36081044301,3944,837,0.2122210953346856,4215,994,0.2358244365361803,4215,603,0.1430604982206405,60163,0.060163,28638.8644183302,0.6173883207025251
360810443022,360810443022,Block Group 2; Census Tract 443.02; Queens County; New York,Queens,749,254,122,0.4803149606299212,332,218,0.6566265060240963,104,0.1388518024032042,200,0.2670226969292389,0,0.0,0,0.0,572,0.7636849132176236,177,0.2363150867823765,140,0.5511811023622047,36081044302,4848,1109,0.2287541254125412,4864,622,0.1278782894736842,4864,869,0.1786595394736842,99208,0.099208,7549.794371421659,0.6244626143100124
360810444002,360810444002,Block Group 2; Census Tract 444; Queens County; New York,Queens,1331,436,369,0.8463302752293578,554,243,0.4386281588447653,176,0.1322314049586777,231,0.1735537190082644,8,0.0060105184072126,198,0.1487603305785124,298,0.2238918106686701,385,0.2892561983471074,113,0.2591743119266055,36081044400,4139,882,0.2130949504711282,4178,462,0.1105792245093346,4178,380,0.0909526089037817,106227,0.106227,12529.771150460803,0.7893154340356704
360810446012,360810446012,Block Group 2; Census Tract 446.01; Queens County; New York,Queens,1619,516,516,1.0,535,217,0.405607476635514,474,0.2927733168622606,259,0.1599752933909821,17,0.0105003088326127,199,0.1229153798641136,628,0.3878937615812229,712,0.4397776405188388,175,0.3391472868217054,36081044601,3673,788,0.2145385243670024,3774,463,0.1226815050344462,3774,469,0.1242713301536831,127010,0.12701,12747.027793087158,0.8016935231320332
360810446022,360810446022,Block Group 2; Census Tract 446.02; Queens County; New York,Queens,2085,540,467,0.8648148148148148,928,545,0.5872844827586207,439,0.2105515587529976,107,0.0513189448441247,366,0.1755395683453237,400,0.1918465227817745,772,0.3702637889688249,505,0.2422062350119904,55,0.1018518518518518,36081044602,4754,1474,0.3100546907867059,4774,1035,0.2167993297025555,4774,617,0.1292417260159195,52842,0.052842,39457.24991484047,0.8407168455403521
360810448002,360810448002,Block Group 2; Census Tract 448; Queens County; New York,Queens,967,286,155,0.541958041958042,340,67,0.1970588235294117,262,0.2709410548086866,173,0.1789038262668045,112,0.1158221302998965,40,0.0413650465356773,552,0.5708376421923474,221,0.2285418821096173,86,0.3006993006993007,36081044800,2871,263,0.0916057122953674,2871,384,0.1337513061650992,2871,309,0.1076280041797283,60842,0.060842,15893.62611353999,0.8263586416575204
360810450002,360810450002,Block Group 2; Census Tract 450; Queens County; New York,Queens,1149,546,431,0.7893772893772893,424,137,0.3231132075471698,232,0.2019147084421235,132,0.1148825065274151,164,0.1427328111401218,46,0.0400348128807658,798,0.6945169712793734,0,0.0,82,0.1501831501831501,36081045000,2088,164,0.0785440613026819,2088,141,0.0675287356321839,2088,370,0.1772030651340996,84004,0.084004,13677.920099042904,0.8051804883913108
360810454002,360810454002,Block Group 2; Census Tract 454; Queens County; New York,Queens,3420,1165,819,0.7030042918454935,1423,486,0.3415319747013352,474,0.1385964912280701,603,0.1763157894736842,238,0.0695906432748538,550,0.1608187134502924,1737,0.5078947368421053,275,0.0804093567251462,132,0.1133047210300429,36081045400,4935,865,0.1752786220871327,4950,1190,0.2404040404040404,4950,286,0.0577777777777777,135181,0.135181,25299.413379099136,0.8241122279357613
360810455002,360810455002,Block Group 2; Census Tract 455; Queens County; New York,Queens,3892,1147,1147,1.0,1153,837,0.7259323503902863,1084,0.2785200411099691,504,0.1294964028776978,228,0.0585817060637204,1665,0.4278006166495375,591,0.1518499486125385,1258,0.3232271325796506,240,0.2092414995640802,36081045500,12747,2077,0.1629402996783557,12747,2302,0.1805915117282497,12747,986,0.0773515336942025,25068,0.025068,155257.6990585607,0.8362227856430772
360810457002,360810457002,Block Group 2; Census Tract 457; Queens County; New York,Queens,1482,563,451,0.8010657193605684,753,556,0.7383798140770252,376,0.2537112010796221,317,0.2139001349527665,98,0.0661268556005398,0,0.0,867,0.5850202429149798,481,0.3245614035087719,286,0.5079928952042628,36081045700,3185,294,0.0923076923076923,3185,183,0.0574568288854003,3185,679,0.2131868131868131,59999,0.059999,24700.411673527895,0.8640369777053175
360810459002,360810459002,Block Group 2; Census Tract 459; Queens County; New York,Queens,1302,313,200,0.6389776357827476,633,428,0.6761453396524486,373,0.2864823348694316,49,0.0376344086021505,0,0.0,0,0.0,497,0.3817204301075269,805,0.6182795698924731,63,0.2012779552715655,36081045900,3480,407,0.1169540229885057,3480,128,0.0367816091954023,3480,297,0.0853448275862069,45598,0.045598,28553.88394227817,0.8581481558247409
360810045002,360810045002,Block Group 2; Census Tract 45; Queens County; New York,Queens,599,331,137,0.4138972809667673,369,221,0.5989159891598916,65,0.1085141903171953,127,0.2120200333889816,496,0.8280467445742905,0,0.0,14,0.023372287145242,17,0.028380634390651,0,0.0,36081004500,2758,234,0.084844089920232,2758,405,0.1468455402465554,2758,47,0.0170413343002175,24964,0.024964,23994.55215510335,0.8438549398807336
360810460002,360810460002,Block Group 2; Census Tract 460; Queens County; New York,Queens,1955,626,515,0.8226837060702875,746,493,0.660857908847185,610,0.3120204603580562,331,0.169309462915601,33,0.0168797953964194,677,0.3462915601023018,982,0.5023017902813299,241,0.1232736572890025,232,0.3706070287539936,36081046000,5945,1326,0.2230445752733389,6027,676,0.11216193794591,6027,468,0.0776505724240915,103551,0.103551,18879.585904530133,0.8183406268031737
360810461002,360810461002,Block Group 2; Census Tract 461; Queens County; New York,Queens,1090,253,196,0.7747035573122529,565,242,0.4283185840707965,265,0.2431192660550458,111,0.1018348623853211,0,0.0,0,0.0,395,0.3623853211009174,647,0.5935779816513761,106,0.4189723320158103,36081046100,2728,341,0.125,2739,283,0.1033223804308141,2739,687,0.2508214676889376,51664,0.051664,21097.86311551564,0.8366643659488459
360810462002,360810462002,Block Group 2; Census Tract 462; Queens County; New York,Queens,2294,765,549,0.7176470588235294,911,405,0.4445664105378705,384,0.1673931996512641,409,0.1782911944202266,29,0.0126416739319965,534,0.2327811682650392,1097,0.478204010462075,363,0.1582388840453356,257,0.3359477124183007,36081046200,5901,636,0.1077783426537875,5901,676,0.1145568547703779,5901,341,0.0577868157939332,90690,0.09069,25294.960855662142,0.8218371463853889
360810463002,360810463002,Block Group 2; Census Tract 463; Queens County; New York,Queens,2121,523,441,0.8432122370936902,981,522,0.5321100917431193,663,0.3125884016973126,214,0.1008958038661008,0,0.0,140,0.066006600660066,658,0.3102310231023102,1280,0.6034889203206035,219,0.4187380497131931,36081046300,3993,496,0.1242173804157275,4020,209,0.0519900497512437,4020,977,0.2430348258706467,114115,0.114115,18586.51360469702,0.8286514201752383
360810465002,360810465002,Block Group 2; Census Tract 465; Queens County; New York,Queens,3093,719,607,0.8442280945757997,1634,1130,0.6915544675642595,1004,0.3246039443905593,168,0.0543161978661493,7,0.0022631749110895,0,0.0,191,0.0617523440025864,2846,0.9201422567086972,179,0.2489568845618915,36081046500,4098,1213,0.2959980478282089,4147,274,0.0660718591753074,4147,1103,0.2659754039064383,64147,0.064147,48217.37571515426,0.8603914737711162
360810466002,360810466002,Block Group 2; Census Tract 466; Queens County; New York,Queens,1916,811,619,0.7632552404438965,800,353,0.44125,360,0.1878914405010438,418,0.2181628392484342,134,0.0699373695198329,636,0.3319415448851774,641,0.3345511482254697,336,0.1753653444676409,164,0.2022194821208384,36081046600,4066,745,0.1832267584849975,4066,486,0.1195277914412198,4066,166,0.0408263649778652,74576,0.074576,25691.911606951297,0.8232816542223587
360810467002,360810467002,Block Group 2; Census Tract 467; Queens County; New York,Queens,2236,673,655,0.9732540861812778,1262,526,0.4167987321711568,495,0.2213774597495527,87,0.0389087656529517,42,0.0187835420393559,44,0.0196779964221824,432,0.1932021466905187,1718,0.7683363148479427,301,0.4472511144130758,36081046700,6679,607,0.090881868543195,6774,357,0.0527015057573073,6774,1252,0.1848243283141423,30966,0.030966,72208.228379513,0.8717400048785773
360810468002,360810468002,Block Group 2; Census Tract 468; Queens County; New York,Queens,2210,498,343,0.6887550200803213,1008,381,0.3779761904761904,646,0.2923076923076923,532,0.2407239819004525,0,0.0,502,0.2271493212669683,963,0.4357466063348416,359,0.1624434389140271,50,0.1004016064257028,36081046800,3653,444,0.1215439364905557,3757,343,0.0912962470055895,3757,538,0.1431993611924407,135301,0.135301,16333.951707674,0.8035442934867466
360810469012,360810469012,Block Group 2; Census Tract 469.01; Queens County; New York,Queens,2189,576,507,0.8802083333333334,950,568,0.5978947368421053,182,0.0831429876656007,398,0.1818181818181818,32,0.0146185472818638,51,0.0232983097304705,1555,0.7103700319780721,261,0.1192325262677021,184,0.3194444444444444,36081046901,4691,658,0.1402685994457471,4691,854,0.1820507354508633,4691,1112,0.2370496695800469,25274,0.025274,86610.74622141331,0.6509239210741089
360810469022,360810469022,Block Group 2; Census Tract 469.02; Queens County; New York,Queens,1428,541,502,0.9279112754158964,909,655,0.7205720572057206,241,0.1687675070028011,176,0.1232492997198879,60,0.042016806722689,31,0.0217086834733893,347,0.2429971988795518,943,0.6603641456582633,248,0.4584103512014787,36081046902,3177,620,0.1951526597418948,3177,259,0.0815234497954044,3177,646,0.2033364809568775,25759,0.025759,55436.93466361272,0.8735109389710146
360810470002,360810470002,Block Group 2; Census Tract 470; Queens County; New York,Queens,1541,587,356,0.606473594548552,881,582,0.6606129398410897,172,0.1116158338741077,322,0.208955223880597,6,0.0038935756002595,25,0.0162232316677482,602,0.390655418559377,552,0.3582089552238806,110,0.1873935264054514,36081047000,3181,535,0.1681861049984281,3187,523,0.1641041732036398,3187,184,0.0577345465955443,124026,0.124026,12424.814151871382,0.6152715660608418
360810471002,360810471002,Block Group 2; Census Tract 471; Queens County; New York,Queens,1965,616,529,0.8587662337662337,882,616,0.6984126984126984,534,0.2717557251908397,401,0.2040712468193384,56,0.0284987277353689,21,0.0106870229007633,1420,0.72264631043257,413,0.210178117048346,173,0.2808441558441558,36081047100,4217,580,0.1375385345032013,4244,189,0.0445334590009425,4244,608,0.1432610744580584,76522,0.076522,25678.889731057738,0.8679054118118072
360810472002,360810472002,Block Group 2; Census Tract 472; Queens County; New York,Queens,1751,581,263,0.4526678141135972,689,286,0.4150943396226415,272,0.1553398058252427,364,0.2078812107367218,552,0.3152484294688749,264,0.1507709880068532,534,0.3049685893774985,229,0.1307824100513992,60,0.1032702237521514,36081047200,3338,232,0.0695026962252846,3349,296,0.0883845924156464,3349,140,0.0418035234398327,263361,0.263361,6648.668557607239,0.6064870064295906
360810473002,360810473002,Block Group 2; Census Tract 473; Queens County; New York,Queens,1879,799,621,0.7772215269086358,1047,570,0.5444126074498568,308,0.1639169771154869,343,0.1825439063331559,118,0.0627993613624268,0,0.0,1045,0.5561468866418308,674,0.3587014369345396,198,0.2478097622027534,36081047300,4209,473,0.1123782371109527,4242,683,0.161008958038661,4242,278,0.0655351249410655,121834,0.121834,15422.624226406422,0.8982464558412064
360810475002,360810475002,Block Group 2; Census Tract 475; Queens County; New York,Queens,2904,942,723,0.767515923566879,1202,789,0.6564059900166389,577,0.1986914600550964,642,0.2210743801652892,296,0.1019283746556473,12,0.0041322314049586,1389,0.4783057851239669,1187,0.4087465564738292,364,0.386411889596603,36081047500,4940,568,0.1149797570850202,5006,528,0.1054734318817419,5006,746,0.1490211745904914,165312,0.165312,17566.78281068525,0.8611480634173234
360810476002,360810476002,Block Group 2; Census Tract 476; Queens County; New York,Queens,867,317,89,0.2807570977917981,355,75,0.2112676056338028,221,0.2549019607843137,114,0.1314878892733564,200,0.2306805074971165,206,0.2376009227220299,242,0.279123414071511,6,0.0069204152249134,16,0.0504731861198738,36081047600,1604,61,0.0380299251870324,1604,198,0.1234413965087281,1604,158,0.098503740648379,205920,0.20592,4210.372960372961,0.5979749944079544
360810478012,360810478012,Block Group 2; Census Tract 478.01; Queens County; New York,Queens,1867,911,499,0.5477497255762898,697,193,0.2769010043041607,358,0.1917514729512587,612,0.3277986073915372,618,0.3310123192287091,168,0.0899839314408141,129,0.0690948044991965,899,0.4815211569362614,257,0.2821075740944017,36081047801,4074,640,0.157093765341188,4074,429,0.1053019145802651,4074,437,0.1072655866470299,342785,0.342785,5446.562714237787,0.7914144952435864
360810479002,360810479002,Block Group 2; Census Tract 479; Queens County; New York,Queens,853,65,17,0.2615384615384615,239,98,0.4100418410041841,261,0.305978898007034,95,0.1113716295427901,67,0.0785463071512309,180,0.2110199296600234,298,0.3493552168815944,295,0.3458382180539273,48,0.7384615384615385,36081047900,5907,1247,0.2111054680887083,6032,500,0.0828912466843501,6032,618,0.1024535809018567,117140,0.11714,7281.884924022537,0.856284035408842
360810047002,360810047002,Block Group 2; Census Tract 47; Queens County; New York,Queens,2204,980,980,1.0,634,321,0.5063091482649842,694,0.3148820326678765,396,0.1796733212341197,98,0.0444646098003629,1016,0.4609800362976406,98,0.0444646098003629,884,0.4010889292196007,68,0.0693877551020408,36081004700,3963,1209,0.3050719152157456,3963,544,0.1372697451425687,3963,255,0.0643451930355791,99049,0.099049,22251.612838090237,0.8574796736617925
360810480002,360810480002,Block Group 2; Census Tract 480; Queens County; New York,Queens,968,293,119,0.4061433447098976,432,125,0.2893518518518518,156,0.1611570247933884,219,0.2262396694214876,48,0.0495867768595041,120,0.1239669421487603,441,0.4555785123966942,174,0.1797520661157025,36,0.1228668941979522,36081048000,2345,393,0.167590618336887,2370,380,0.160337552742616,2370,174,0.0734177215189873,90492,0.090492,10697.078194757549,0.5819527007345647
360810481002,360810481002,Block Group 2; Census Tract 481; Queens County; New York,Queens,1971,502,486,0.9681274900398408,923,711,0.7703141928494042,427,0.2166412988330796,111,0.0563165905631659,19,0.0096397767630644,14,0.0071029934043632,657,0.3333333333333333,1182,0.5996955859969558,109,0.2171314741035856,36081048100,6277,1187,0.1891030747172216,6361,715,0.1124037101084735,6361,1160,0.1823612639522087,33967,0.033967,58026.90846998558,0.8604128847579244
360810484002,360810484002,Block Group 2; Census Tract 484; Queens County; New York,Queens,796,227,157,0.6916299559471366,315,209,0.6634920634920635,204,0.2562814070351759,70,0.0879396984924623,0,0.0,115,0.1444723618090452,544,0.6834170854271356,63,0.079145728643216,45,0.198237885462555,36081048400,4692,442,0.0942028985507246,4942,565,0.1143261837312828,4942,149,0.0301497369486038,93646,0.093646,8500.096106614272,0.8019564807909709
360810485002,360810485002,Block Group 2; Census Tract 485; Queens County; New York,Queens,1726,597,429,0.7185929648241206,812,544,0.6699507389162561,330,0.1911935110081112,267,0.1546929316338354,36,0.0208574739281575,0,0.0,1307,0.7572421784472769,383,0.2219003476245654,123,0.2060301507537688,36081048500,5205,728,0.1398655139289145,5205,346,0.0664745437079731,5205,713,0.136983669548511,63659,0.063659,27113.212585808764,0.8704739914754298
360810489002,360810489002,Block Group 2; Census Tract 489; Queens County; New York,Queens,814,299,260,0.8695652173913043,243,44,0.1810699588477366,172,0.2113022113022113,144,0.1769041769041769,30,0.0368550368550368,0,0.0,548,0.6732186732186732,197,0.242014742014742,63,0.2107023411371237,36081048900,1820,308,0.1692307692307692,1838,79,0.0429815016322089,1838,146,0.0794341675734494,43902,0.043902,18541.296524076355,0.6324290935273842
360810492012,360810492012,Block Group 2; Census Tract 492.01; Queens County; New York,Queens,1107,597,535,0.8961474036850922,397,212,0.5340050377833753,211,0.1906052393857271,263,0.2375790424570912,17,0.015356820234869,603,0.5447154471544715,136,0.1228545618789521,307,0.2773261065943992,71,0.1189279731993299,36081049201,2544,419,0.1647012578616352,2544,283,0.1112421383647798,2544,56,0.0220125786163522,135316,0.135316,8180.850749357061,0.6041888139359965
360810493012,360810493012,Block Group 2; Census Tract 493.01; Queens County; New York,Queens,1205,331,223,0.6737160120845922,441,254,0.5759637188208617,358,0.2970954356846473,219,0.1817427385892116,381,0.3161825726141078,24,0.0199170124481327,329,0.2730290456431535,369,0.3062240663900415,135,0.4078549848942598,36081049301,2293,436,0.1901439162668992,2260,137,0.0606194690265486,2260,127,0.0561946902654867,79751,0.079751,15109.528407167309,0.7988588815356062
360810493022,360810493022,Block Group 2; Census Tract 493.02; Queens County; New York,Queens,1436,445,295,0.6629213483146067,538,115,0.2137546468401487,323,0.2249303621169916,290,0.201949860724234,466,0.3245125348189415,88,0.0612813370473537,301,0.2096100278551532,573,0.399025069637883,51,0.1146067415730337,36081049302,3042,691,0.2271531886916502,3150,342,0.1085714285714285,3150,74,0.0234920634920634,167774,0.167774,8559.133119553684,0.635863577453533
360810496002,360810496002,Block Group 2; Census Tract 496; Queens County; New York,Queens,1128,349,105,0.3008595988538682,443,124,0.2799097065462754,213,0.1888297872340425,275,0.2437943262411347,12,0.0106382978723404,450,0.3989361702127659,316,0.2801418439716312,200,0.1773049645390071,6,0.0171919770773638,36081049600,3040,237,0.0779605263157894,3040,335,0.1101973684210526,3040,147,0.0483552631578947,107958,0.107958,10448.50775301506,0.5669919108152046
360810497002,360810497002,Block Group 2; Census Tract 497; Queens County; New York,Queens,1148,359,223,0.6211699164345403,429,169,0.3939393939393939,377,0.328397212543554,157,0.1367595818815331,402,0.3501742160278746,3,0.0026132404181184,344,0.2996515679442508,399,0.3475609756097561,64,0.1782729805013927,36081049700,2693,224,0.0831786112142592,2693,280,0.1039732640178239,2693,219,0.0813219457853694,85811,0.085811,13378.238221207072,0.8244102997318603
360810499002,360810499002,Block Group 2; Census Tract 499; Queens County; New York,Queens,1787,482,255,0.529045643153527,707,424,0.5997171145685997,359,0.2008953553441522,168,0.094012311135982,67,0.0374930050363738,8,0.004476776720761,1285,0.719082260772244,427,0.2389479574706211,226,0.4688796680497925,36081049900,5119,602,0.1176010939636647,5115,267,0.052199413489736,5115,532,0.1040078201368523,173278,0.173278,10312.907582035805,0.8236812263798606
360810004002,360810004002,Block Group 2; Census Tract 4; Queens County; New York,Queens,1508,407,239,0.5872235872235873,624,321,0.5144230769230769,296,0.1962864721485411,189,0.1253315649867374,9,0.0059681697612732,104,0.0689655172413793,297,0.1969496021220159,1038,0.6883289124668435,13,0.0319410319410319,36081000400,4102,347,0.0845928815212091,4102,443,0.1079960994636762,4102,434,0.1058020477815699,63560,0.06356,23725.613593455,0.569035332857279
360810500002,360810500002,Block Group 2; Census Tract 500; Queens County; New York,Queens,2709,1033,1020,0.9874152952565344,1293,642,0.4965197215777262,689,0.2543373938722776,246,0.0908084163898117,45,0.0166112956810631,2010,0.7419712070874862,72,0.0265780730897009,428,0.1579918789221114,86,0.0832526621490803,36081050000,4130,440,0.1065375302663438,4139,367,0.088668760570186,4139,254,0.0613674800676491,135658,0.135658,19969.334650370783,0.5762237911698875
360810504002,360810504002,Block Group 2; Census Tract 504; Queens County; New York,Queens,742,253,71,0.2806324110671936,436,70,0.1605504587155963,185,0.2493261455525606,118,0.1590296495956873,0,0.0,420,0.5660377358490566,51,0.068733153638814,12,0.0161725067385444,0,0.0,36081050400,1729,144,0.0832851359167148,1733,187,0.1079053664166185,1733,112,0.0646278130409694,109427,0.109427,6780.776225246054,0.5961324320592949
360810506002,360810506002,Block Group 2; Census Tract 506; Queens County; New York,Queens,1038,294,103,0.3503401360544217,446,152,0.3408071748878923,170,0.163776493256262,216,0.2080924855491329,0,0.0,633,0.6098265895953757,190,0.1830443159922928,86,0.0828516377649325,1,0.0034013605442176,36081050600,1504,195,0.1296542553191489,1504,134,0.089095744680851,1504,48,0.0319148936170212,132876,0.132876,7811.794454980583,0.7388400249240658
360810507002,360810507002,Block Group 2; Census Tract 507; Queens County; New York,Queens,1791,729,383,0.5253772290809328,853,478,0.5603751465416178,165,0.0921273031825795,607,0.3389168062534897,960,0.5360134003350083,0,0.0,590,0.3294249022892239,241,0.1345616973757677,94,0.1289437585733882,36081050700,3305,379,0.1146747352496217,3305,402,0.1216338880484114,3305,312,0.0944024205748865,147243,0.147243,12163.56634950388,0.7907271070314119
360810508002,360810508002,Block Group 2; Census Tract 508; Queens County; New York,Queens,957,331,105,0.3172205438066465,398,90,0.2261306532663316,177,0.1849529780564263,148,0.154649947753396,0,0.0,797,0.832810867293626,54,0.0564263322884012,94,0.0982236154649947,6,0.0181268882175226,36081050800,2035,215,0.1056511056511056,2035,279,0.1371007371007371,2035,152,0.0746928746928747,86610,0.08661,11049.532386560442,0.5509288822504088
360810510002,360810510002,Block Group 2; Census Tract 510; Queens County; New York,Queens,553,171,80,0.4678362573099415,194,44,0.2268041237113402,183,0.3309222423146474,89,0.1609403254972875,35,0.0632911392405063,419,0.7576853526220615,27,0.0488245931283905,72,0.1301989150090416,14,0.0818713450292397,36081051000,1490,344,0.2308724832214765,1490,119,0.0798657718120805,1490,97,0.0651006711409395,83297,0.083297,6638.8945580273,0.5865634529313598
360810511002,360810511002,Block Group 2; Census Tract 511; Queens County; New York,Queens,1011,382,173,0.4528795811518324,526,280,0.532319391634981,75,0.0741839762611275,199,0.1968348170128585,370,0.3659742828882295,0,0.0,49,0.0484668644906033,592,0.5855588526211671,71,0.1858638743455497,36081051100,2494,272,0.1090617481956696,2494,175,0.070168404170008,2494,200,0.0801924619085805,101481,0.101481,9962.45602625122,0.8098283631941103
360810512002,360810512002,Block Group 2; Census Tract 512; Queens County; New York,Queens,995,290,92,0.3172413793103448,596,224,0.3758389261744966,129,0.1296482412060301,68,0.0683417085427135,32,0.0321608040201005,423,0.4251256281407035,174,0.1748743718592965,203,0.2040201005025125,44,0.1517241379310344,36081051200,2682,338,0.1260253542132736,2683,209,0.077897875512486,2683,186,0.0693253820350354,132554,0.132554,7506.374760474976,0.5811276886295544
360810513002,360810513002,Block Group 2; Census Tract 513; Queens County; New York,Queens,1220,384,154,0.4010416666666667,555,150,0.2702702702702703,261,0.2139344262295082,91,0.0745901639344262,356,0.2918032786885245,0,0.0,401,0.3286885245901639,408,0.3344262295081967,54,0.140625,36081051300,2621,382,0.1457458985120183,2621,208,0.0793590232735597,2621,203,0.0774513544448683,84098,0.084098,14506.8848248472,0.7994782931159046
360810515002,360810515002,Block Group 2; Census Tract 515; Queens County; New York,Queens,1682,688,266,0.3866279069767442,865,289,0.3341040462427745,421,0.2502972651605232,274,0.1629013079667063,1276,0.7586206896551724,0,0.0,182,0.1082045184304399,193,0.11474435196195,57,0.0828488372093023,36081051500,3062,143,0.0467015022860875,3062,212,0.0692357935989549,3062,19,0.0062050947093403,70584,0.070584,23829.76311912048,0.7831250195330118
360810516002,360810516002,Block Group 2; Census Tract 516; Queens County; New York,Queens,1151,336,97,0.2886904761904761,559,123,0.220035778175313,144,0.1251086012163336,274,0.2380538662033015,80,0.0695047784535186,617,0.5360556038227628,18,0.0156385751520417,229,0.1989574283231972,6,0.0178571428571428,36081051600,2161,201,0.0930124942156409,2152,254,0.1180297397769516,2152,38,0.0176579925650557,119057,0.119057,9667.63819011062,0.3323053411658899
360810517002,360810517002,Block Group 2; Census Tract 517; Queens County; New York,Queens,1247,467,283,0.6059957173447538,715,261,0.365034965034965,235,0.1884522854851644,111,0.0890136327185244,843,0.6760224538893344,0,0.0,89,0.0713712910986367,254,0.2036888532477947,29,0.0620985010706638,36081051700,2068,206,0.0996131528046421,2068,256,0.1237911025145067,2068,118,0.0570599613152804,83699,0.083699,14898.62483422741,0.79634532719429
360810518002,360810518002,Block Group 2; Census Tract 518; Queens County; New York,Queens,1397,379,108,0.2849604221635884,690,373,0.5405797101449276,315,0.2254831782390837,145,0.1037938439513242,7,0.0050107372942018,961,0.6879026485325698,0,0.0,251,0.1796707229778096,0,0.0,36081051800,2186,140,0.0640439158279963,2186,170,0.0777676120768527,2186,176,0.0805123513266239,94171,0.094171,14834.71557061091,0.5316844811453139
360810051002,360810051002,Block Group 2; Census Tract 51; Queens County; New York,Queens,585,259,253,0.9768339768339768,353,223,0.6317280453257791,110,0.188034188034188,26,0.0444444444444444,197,0.3367521367521368,15,0.0256410256410256,200,0.3418803418803419,146,0.2495726495726495,21,0.081081081081081,36081005100,2303,185,0.0803300043421623,2303,191,0.0829353017802865,2303,223,0.0968302214502822,72482,0.072482,8070.96934411302,0.8688081414063821
360810521002,360810521002,Block Group 2; Census Tract 521; Queens County; New York,Queens,1293,468,331,0.7072649572649573,613,294,0.4796084828711256,294,0.2273781902552204,142,0.1098221191028615,600,0.4640371229698375,1,0.0007733952049497,298,0.2304717710750193,390,0.3016241299303944,82,0.1752136752136752,36081052100,1841,319,0.1732753938077132,1841,165,0.0896252036936447,1841,107,0.0581205866376969,129012,0.129012,10022.323504790253,0.8010646756030876
360810524002,360810524002,Block Group 2; Census Tract 524; Queens County; New York,Queens,1486,364,130,0.3571428571428571,680,215,0.3161764705882353,481,0.3236877523553162,150,0.1009421265141319,0,0.0,1013,0.6816958277254375,254,0.17092866756393,195,0.1312247644683714,50,0.1373626373626373,36081052400,2150,221,0.1027906976744186,2150,214,0.0995348837209302,2150,42,0.0195348837209302,90923,0.090923,16343.499444584975,0.546805832507362
360810525002,360810525002,Block Group 2; Census Tract 525; Queens County; New York,Queens,578,217,81,0.3732718894009216,330,84,0.2545454545454545,56,0.0968858131487889,130,0.2249134948096885,309,0.5346020761245674,0,0.0,63,0.1089965397923875,183,0.3166089965397924,39,0.1797235023041474,36081052500,2152,150,0.0697026022304832,2152,199,0.0924721189591078,2152,162,0.0752788104089219,108980,0.10898,5303.725454211783,0.8039906594001971
360810526002,360810526002,Block Group 2; Census Tract 526; Queens County; New York,Queens,952,346,117,0.338150289017341,354,95,0.268361581920904,184,0.1932773109243697,169,0.1775210084033613,0,0.0,567,0.5955882352941176,6,0.0063025210084033,173,0.1817226890756302,12,0.0346820809248554,36081052600,2324,253,0.1088640275387263,2352,149,0.0633503401360544,2352,109,0.0463435374149659,95832,0.095832,9934.051256365306,0.5616263369930218
360810052002,360810052002,Block Group 2; Census Tract 52; Queens County; New York,Queens,1149,368,217,0.5896739130434783,507,251,0.4950690335305719,220,0.1914708442123585,128,0.1114012184508268,184,0.1601392515230635,16,0.0139251523063533,524,0.4560487380330722,353,0.3072236727589208,16,0.0434782608695652,36081005200,2303,353,0.1532783326096396,2303,221,0.0959617889709075,2303,247,0.1072514112027789,57893,0.057893,19846.95904513499,0.5695810570725134
360810530002,360810530002,Block Group 2; Census Tract 530; Queens County; New York,Queens,1366,379,84,0.2216358839050131,625,138,0.2208,231,0.1691068814055636,174,0.1273792093704246,0,0.0,998,0.7306002928257687,9,0.0065885797950219,168,0.1229868228404099,0,0.0,36081053000,2510,220,0.0876494023904382,2510,302,0.1203187250996015,2510,122,0.048605577689243,132030,0.13203,10346.133454517912,0.3212754665585648
360810531002,360810531002,Block Group 2; Census Tract 531; Queens County; New York,Queens,744,394,304,0.7715736040609137,407,163,0.4004914004914005,161,0.2163978494623656,170,0.2284946236559139,332,0.4462365591397849,0,0.0,0,0.0,308,0.4139784946236559,64,0.1624365482233502,36081053100,3244,327,0.1008014796547472,3244,366,0.1128236744759556,3244,301,0.0927866831072749,51446,0.051446,14461.76573494538,0.7992069964265099
360810532002,360810532002,Block Group 2; Census Tract 532; Queens County; New York,Queens,1020,292,45,0.1541095890410959,473,178,0.3763213530655391,175,0.1715686274509804,171,0.1676470588235294,0,0.0,829,0.8127450980392157,99,0.0970588235294117,70,0.0686274509803921,15,0.0513698630136986,36081053200,2138,243,0.1136576239476146,2163,154,0.0711974110032362,2163,172,0.0795191863153028,88948,0.088948,11467.374196159552,0.5220840107662974
360810534012,360810534012,Block Group 2; Census Tract 534.01; Queens County; New York,Queens,1141,353,133,0.376770538243626,607,348,0.5733113673805601,187,0.1638913234005258,272,0.2383873794916739,9,0.0078878177037686,1002,0.8781770376862401,52,0.0455740578439964,76,0.0666082383873794,0,0.0,36081053401,1968,74,0.0376016260162601,1968,208,0.1056910569105691,1968,129,0.0655487804878048,95117,0.095117,11995.752599430176,0.5192711799665894
360810536012,360810536012,Block Group 2; Census Tract 536.01; Queens County; New York,Queens,398,167,0,0.0,112,7,0.0625,61,0.1532663316582914,165,0.414572864321608,0,0.0,248,0.6231155778894473,0,0.0,84,0.2110552763819095,0,0.0,36081053601,1761,294,0.1669505962521294,1761,456,0.2589437819420783,1761,15,0.0085178875638841,76602,0.076602,5195.6867966893815,0.5371464992940236
360810538002,360810538002,Block Group 2; Census Tract 538; Queens County; New York,Queens,757,181,62,0.3425414364640884,258,172,0.6666666666666666,162,0.214002642007926,157,0.2073976221928666,0,0.0,629,0.8309114927344782,43,0.0568031704095112,37,0.0488771466314399,0,0.0,36081053800,1700,89,0.0523529411764705,1714,211,0.1231038506417736,1714,152,0.0886814469078179,87975,0.087975,8604.71724921853,0.5661252724966372
360810539012,360810539012,Block Group 2; Census Tract 539.01; Queens County; New York,Queens,2244,810,569,0.7024691358024692,1178,296,0.2512733446519524,289,0.1287878787878787,224,0.0998217468805704,577,0.2571301247771836,46,0.0204991087344028,635,0.2829768270944741,865,0.3854723707664884,107,0.1320987654320987,36081053901,4128,491,0.1189437984496124,4112,656,0.159533073929961,4112,604,0.1468871595330739,160975,0.160975,13940.052803230315,0.5438789693007829
360810053002,360810053002,Block Group 2; Census Tract 53; Queens County; New York,Queens,1445,548,482,0.8795620437956204,1053,613,0.5821462488129154,195,0.1349480968858131,70,0.0484429065743944,726,0.5024221453287198,24,0.0166089965397923,149,0.103114186851211,283,0.1958477508650519,15,0.0273722627737226,36081005300,5188,299,0.0576329992289899,5188,216,0.0416345412490362,5188,517,0.0996530454895913,48776,0.048776,29625.22552074791,0.8694228042594796
360810540002,360810540002,Block Group 2; Census Tract 540; Queens County; New York,Queens,1233,419,256,0.6109785202863962,608,73,0.1200657894736842,100,0.08110300081103,495,0.4014598540145985,0,0.0,753,0.610705596107056,111,0.0900243309002433,73,0.0592051905920519,127,0.3031026252983294,36081054000,4325,536,0.1239306358381502,4240,615,0.1450471698113207,4240,399,0.0941037735849056,162952,0.162952,7566.645392508222,0.5590851147779394
360810542002,360810542002,Block Group 2; Census Tract 542; Queens County; New York,Queens,1529,409,44,0.1075794621026894,481,40,0.0831600831600831,472,0.3086984957488554,295,0.1929365598430346,16,0.0104643557880967,521,0.3407455853499019,272,0.1778940483976455,433,0.2831916285153695,0,0.0,36081054200,5358,425,0.0793206420306084,5517,556,0.100779409099148,5517,415,0.0752220409642921,132287,0.132287,11558.202998027018,0.5451233590828792
360810545002,360810545002,Block Group 2; Census Tract 545; Queens County; New York,Queens,1417,468,420,0.8974358974358975,857,406,0.4737456242707117,300,0.2117148906139732,96,0.0677487649964714,135,0.0952717007762879,14,0.009880028228652,0,0.0,1268,0.89484827099506,164,0.3504273504273504,36081054500,3675,339,0.0922448979591836,3675,388,0.105578231292517,3675,654,0.1779591836734693,40420,0.04042,35056.90252350322,0.5725065663848302
360810547002,360810547002,Block Group 2; Census Tract 547; Queens County; New York,Queens,1827,530,521,0.9830188679245284,1026,595,0.5799220272904484,301,0.1647509578544061,229,0.1253420908593322,372,0.2036124794745484,14,0.0076628352490421,154,0.0842911877394636,1276,0.6984126984126984,86,0.1622641509433962,36081054700,5142,432,0.0840140023337222,5210,337,0.06468330134357,5210,1326,0.254510556621881,37727,0.037727,48426.85609775493,0.6004074300920659
360810548002,360810548002,Block Group 2; Census Tract 548; Queens County; New York,Queens,1503,398,173,0.4346733668341708,570,226,0.3964912280701754,293,0.1949434464404524,312,0.2075848303393213,7,0.0046573519627411,273,0.1816367265469061,915,0.6087824351297405,129,0.0858283433133732,44,0.1105527638190954,36081054800,2382,253,0.1062132661628883,2376,297,0.125,2376,179,0.0753367003367003,92967,0.092967,16167.027009584048,0.5338201153254122
360810549002,360810549002,Block Group 2; Census Tract 549; Queens County; New York,Queens,1623,395,395,1.0,882,549,0.6224489795918368,567,0.3493530499075785,68,0.0418977202711028,176,0.1084411583487369,31,0.0191004313000616,81,0.0499075785582255,1335,0.822550831792976,96,0.2430379746835443,36081054900,5227,523,0.1000573942988329,5281,241,0.0456352963453891,5281,871,0.1649308843022155,30347,0.030347,53481.39849078986,0.6035449082829047
360810054002,360810054002,Block Group 2; Census Tract 54; Queens County; New York,Queens,1466,458,161,0.3515283842794759,602,241,0.4003322259136213,170,0.1159618008185538,231,0.1575716234652114,310,0.2114597544338335,214,0.145975443383356,87,0.0593451568894952,448,0.3055934515688949,25,0.0545851528384279,36081005400,5262,610,0.1159255036107943,5341,898,0.1681333083692192,5341,228,0.0426886350870623,101831,0.101831,14396.40188154884,0.5268954708668453
360810551002,360810551002,Block Group 2; Census Tract 551; Queens County; New York,Queens,869,321,321,1.0,555,280,0.5045045045045045,167,0.192174913693901,49,0.0563866513233601,227,0.2612197928653625,158,0.1818181818181818,71,0.0817031070195627,337,0.3878020713463751,73,0.2274143302180685,36081055100,4276,727,0.1700187090739008,4363,442,0.1013064405225762,4363,629,0.144166857666743,37300,0.0373,23297.58713136729,0.6055295319752882
360810552002,360810552002,Block Group 2; Census Tract 552; Queens County; New York,Queens,1208,366,81,0.221311475409836,651,150,0.2304147465437788,173,0.1432119205298013,255,0.211092715231788,62,0.0513245033112582,37,0.0306291390728476,814,0.6738410596026491,133,0.1100993377483443,10,0.0273224043715847,36081055200,2873,275,0.0957187608771319,2873,358,0.1246084232509571,2873,51,0.0177514792899408,131835,0.131835,9162.968862593392,0.7435091628101784
360810553002,360810553002,Block Group 2; Census Tract 553; Queens County; New York,Queens,1656,637,606,0.9513343799058084,923,493,0.5341278439869989,229,0.1382850241545893,141,0.0851449275362318,295,0.1781400966183574,24,0.0144927536231884,404,0.2439613526570048,891,0.5380434782608695,76,0.119309262166405,36081055300,2911,290,0.0996221229817932,2904,212,0.0730027548209366,2904,610,0.2100550964187328,53485,0.053485,30961.951949144623,0.6093594179259452
360810554002,360810554002,Block Group 2; Census Tract 554; Queens County; New York,Queens,1102,361,190,0.5263157894736842,540,157,0.2907407407407407,198,0.1796733212341197,211,0.1914700544464609,133,0.1206896551724138,72,0.0653357531760435,377,0.3421052631578947,247,0.2241379310344827,39,0.1080332409972299,36081055400,2599,414,0.1592920353982301,2599,251,0.0965756060023085,2599,103,0.0396306271642939,111456,0.111456,9887.309790410563,0.7435423614563728
360810555002,360810555002,Block Group 2; Census Tract 555; Queens County; New York,Queens,1501,509,454,0.8919449901768173,844,546,0.6469194312796208,198,0.1319120586275816,170,0.1132578281145902,232,0.1545636242504996,62,0.0413057961359093,143,0.09526982011992,967,0.6442371752165224,104,0.2043222003929273,36081055500,2269,260,0.1145879241956809,2256,162,0.0718085106382978,2256,476,0.2109929078014184,105308,0.105308,14253.428039655108,0.3408000648950732
360810556002,360810556002,Block Group 2; Census Tract 556; Queens County; New York,Queens,719,209,48,0.2296650717703349,394,36,0.0913705583756345,131,0.1821974965229485,68,0.0945757997218358,47,0.0653685674547983,79,0.1098748261474269,324,0.4506258692628651,206,0.2865090403337969,47,0.2248803827751196,36081055600,2233,66,0.0295566502463054,2233,204,0.0913569189431258,2233,85,0.0380653828929691,76438,0.076438,9406.316230147308,0.5438765797363477
360810557002,360810557002,Block Group 2; Census Tract 557; Queens County; New York,Queens,859,303,229,0.7557755775577558,504,240,0.4761904761904761,53,0.0616996507566938,178,0.2072176949941792,654,0.7613504074505238,14,0.0162980209545983,10,0.0116414435389988,181,0.2107101280558789,49,0.1617161716171617,36081055700,3386,323,0.0953927938570584,3386,202,0.0596574128765505,3386,510,0.1506202008269344,143493,0.143493,5986.354735074185,0.5760207180473319
360810558002,360810558002,Block Group 2; Census Tract 558; Queens County; New York,Queens,871,364,94,0.2582417582417582,460,148,0.3217391304347826,113,0.1297359357060849,236,0.2709529276693456,20,0.0229621125143513,74,0.0849598163030998,400,0.4592422502870264,306,0.3513203214695752,0,0.0,36081055800,1649,103,0.0624620982413584,1649,280,0.1697998787143723,1649,59,0.0357792601576713,116082,0.116082,7503.316621009286,0.5451220442506124
360810560002,360810560002,Block Group 2; Census Tract 560; Queens County; New York,Queens,899,269,65,0.241635687732342,481,100,0.2079002079002079,156,0.1735261401557286,138,0.1535038932146829,94,0.1045606229143492,89,0.0989988876529477,427,0.474972191323693,176,0.1957730812013348,23,0.0855018587360594,36081056000,1690,115,0.0680473372781065,1695,222,0.1309734513274336,1695,81,0.047787610619469,105336,0.105336,8534.59406090985,0.6134050088816041
360810566002,360810566002,Block Group 2; Census Tract 566; Queens County; New York,Queens,561,180,107,0.5944444444444444,329,88,0.2674772036474164,37,0.0659536541889483,126,0.2245989304812834,8,0.0142602495543672,238,0.4242424242424242,37,0.0659536541889483,75,0.1336898395721925,10,0.0555555555555555,36081056600,1546,377,0.2438551099611901,1546,248,0.1604139715394566,1546,135,0.0873221216041397,102079,0.102079,5495.743492785,0.5880256855381065
360810567002,360810567002,Block Group 2; Census Tract 567; Queens County; New York,Queens,1452,476,89,0.1869747899159664,1007,273,0.2711022840119166,28,0.0192837465564738,261,0.1797520661157025,589,0.4056473829201102,0,0.0,10,0.0068870523415977,853,0.587465564738292,108,0.226890756302521,36081056700,4601,203,0.0441208432949358,4601,248,0.0539013257987394,4601,423,0.0919365355357531,104672,0.104672,13871.904616325282,0.555737952427065
360810568002,360810568002,Block Group 2; Census Tract 568; Queens County; New York,Queens,675,242,56,0.2314049586776859,398,85,0.2135678391959799,31,0.0459259259259259,80,0.1185185185185185,0,0.0,571,0.845925925925926,0,0.0,104,0.154074074074074,10,0.0413223140495867,36081056800,4351,418,0.0960698689956331,4364,767,0.1757561869844179,4364,313,0.0717231897341888,227027,0.227027,2973.2146396684093,0.54027048455799
360810577002,360810577002,Block Group 2; Census Tract 577; Queens County; New York,Queens,1450,542,499,0.9206642066420664,788,453,0.5748730964467005,386,0.2662068965517241,181,0.1248275862068965,713,0.4917241379310345,0,0.0,45,0.0310344827586206,682,0.4703448275862069,78,0.1439114391143911,36081057700,3926,520,0.1324503311258278,3926,324,0.0825267447784004,3926,356,0.0906775343861436,74605,0.074605,19435.69465853495,0.5784111663531433
360810579002,360810579002,Block Group 2; Census Tract 579; Queens County; New York,Queens,787,322,253,0.7857142857142857,447,241,0.5391498881431768,151,0.1918678526048284,102,0.1296060991105463,354,0.4498094027954257,0,0.0,20,0.025412960609911,413,0.5247776365946633,89,0.2763975155279503,36081057900,1671,157,0.0939557151406343,1671,134,0.0801915020945541,1671,190,0.113704368641532,33046,0.033046,23815.287780669372,0.5858458322037841
360810057002,360810057002,Block Group 2; Census Tract 57; Queens County; New York,Queens,643,274,264,0.9635036496350364,459,132,0.2875816993464052,139,0.2161741835147745,29,0.0451010886469673,196,0.3048211508553655,0,0.0,87,0.135303265940902,167,0.2597200622083981,14,0.0510948905109489,36081005700,3799,884,0.2326928138983943,3800,422,0.1110526315789473,3800,533,0.1402631578947368,31940,0.03194,20131.496556042577,0.8734703430422038
360810580002,360810580002,Block Group 2; Census Tract 580; Queens County; New York,Queens,1368,349,53,0.1518624641833811,674,220,0.3264094955489614,163,0.1191520467836257,262,0.1915204678362573,74,0.0540935672514619,739,0.5402046783625731,75,0.0548245614035087,183,0.1337719298245614,0,0.0,36081058000,4287,153,0.0356892932120363,4287,541,0.126195474690926,4287,249,0.0580825752274317,170354,0.170354,8030.336828016952,0.6652471929474635
360810581002,360810581002,Block Group 2; Census Tract 581; Queens County; New York,Queens,1788,827,664,0.8029020556227328,1146,682,0.5951134380453752,210,0.1174496644295302,236,0.1319910514541387,563,0.3148769574944071,13,0.0072706935123042,85,0.0475391498881431,1023,0.5721476510067114,50,0.060459492140266,36081058100,2779,226,0.0813242173443684,2779,340,0.122346167686218,2779,102,0.0367038503058654,81681,0.081681,21890.035626400266,0.608880972862134
360810582002,360810582002,Block Group 2; Census Tract 582; Queens County; New York,Queens,2213,709,89,0.1255289139633286,1204,409,0.3397009966777408,348,0.1572525982828739,374,0.1690013556258472,233,0.105286940804338,1264,0.5711703569814731,59,0.026660641662901,500,0.2259376412110257,0,0.0,36081058200,5092,285,0.0559701492537313,5112,404,0.0790297339593114,5112,479,0.0937010954616588,255115,0.255115,8674.519334417811,0.5457560882469192
360810583002,360810583002,Block Group 2; Census Tract 583; Queens County; New York,Queens,971,432,276,0.6388888888888888,539,119,0.2207792207792207,129,0.1328527291452111,79,0.0813594232749742,549,0.5653964984552008,0,0.0,107,0.1101956745623069,203,0.2090628218331617,38,0.0879629629629629,36081058300,3495,412,0.1178826895565093,3495,383,0.1095851216022889,3495,172,0.0492131616595135,51740,0.05174,18766.91148047932,0.5975898577899416
360810585002,360810585002,Block Group 2; Census Tract 585; Queens County; New York,Queens,1393,570,453,0.7947368421052632,999,568,0.5685685685685685,215,0.154343144292893,169,0.1213208901651112,1031,0.7401292175161522,0,0.0,36,0.0258435032304379,262,0.1880832735104091,50,0.087719298245614,36081058500,4010,242,0.0603491271820448,4010,413,0.1029925187032419,4010,444,0.1107231920199501,52927,0.052927,26319.269937838908,0.6111889236252592
360810587002,360810587002,Block Group 2; Census Tract 587; Queens County; New York,Queens,735,283,240,0.8480565371024735,541,242,0.4473197781885397,101,0.1374149659863945,0,0.0,421,0.5727891156462585,57,0.0775510204081632,38,0.0517006802721088,180,0.2448979591836734,50,0.1766784452296819,36081058700,3486,341,0.097819850831899,3486,250,0.0717154331612163,3486,171,0.0490533562822719,36905,0.036905,19916.000541931982,0.6157858341038152
360810589002,360810589002,Block Group 2; Census Tract 589; Queens County; New York,Queens,1875,741,725,0.9784075573549258,1016,634,0.6240157480314961,543,0.2896,136,0.0725333333333333,1089,0.5808,0,0.0,114,0.0608,672,0.3584,104,0.1403508771929824,36081058900,4595,1299,0.2826985854189336,4618,425,0.0920311823300129,4618,461,0.0998267648332611,54787,0.054787,34223.44716812382,0.5907110881085672
360810058002,360810058002,Block Group 2; Census Tract 58; Queens County; New York,Queens,1644,351,106,0.301994301994302,554,101,0.1823104693140794,527,0.3205596107055961,154,0.0936739659367396,359,0.2183698296836983,34,0.0206812652068126,475,0.2889294403892944,753,0.458029197080292,31,0.0883190883190883,36081005800,6219,139,0.0223508602669239,6242,916,0.1467478372316565,6242,227,0.0363665491829541,120466,0.120466,13647.004133946508,0.4821493212544975
360810591002,360810591002,Block Group 2; Census Tract 591; Queens County; New York,Queens,1085,543,543,1.0,328,203,0.6189024390243902,67,0.0617511520737327,190,0.1751152073732718,407,0.3751152073732718,0,0.0,13,0.0119815668202764,665,0.6129032258064516,13,0.0239410681399631,36081059100,4799,1252,0.2608876849343613,4799,356,0.0741821212752656,4799,943,0.1964992706813919,50492,0.050492,21488.55264200269,0.5844914256948119
360810593002,360810593002,Block Group 2; Census Tract 593; Queens County; New York,Queens,2378,1044,714,0.6839080459770115,1277,311,0.2435395458104933,297,0.1248948696383515,398,0.1673675357443229,1587,0.667367535744323,46,0.0193439865433137,108,0.0454163162321278,541,0.2275021026072329,246,0.2356321839080459,36081059300,4040,811,0.2007425742574257,4040,94,0.0232673267326732,4040,580,0.1435643564356435,143816,0.143816,16535.01696612338,0.6135325232836454
360810594002,360810594002,Block Group 2; Census Tract 594; Queens County; New York,Queens,700,202,12,0.0594059405940594,308,68,0.2207792207792207,125,0.1785714285714285,127,0.1814285714285714,13,0.0185714285714285,663,0.9471428571428572,0,0.0,11,0.0157142857142857,0,0.0,36081059400,1667,17,0.0101979604079184,1667,188,0.1127774445110977,1667,137,0.0821835632873425,98679,0.098679,7093.707881109456,0.5390211308896148
360810595012,360810595012,Block Group 2; Census Tract 595.01; Queens County; New York,Queens,928,382,263,0.6884816753926701,405,248,0.6123456790123457,53,0.0571120689655172,242,0.2607758620689655,513,0.552801724137931,7,0.0075431034482758,54,0.0581896551724137,345,0.3717672413793103,88,0.2303664921465968,36081059501,1903,222,0.116657908565423,1903,292,0.1534419337887546,1903,296,0.1555438780872307,95471,0.095471,9720.229179541431,0.5958374488268295
360810595022,360810595022,Block Group 2; Census Tract 595.02; Queens County; New York,Queens,1160,357,330,0.9243697478991596,478,336,0.702928870292887,391,0.3370689655172413,56,0.0482758620689655,446,0.3844827586206896,32,0.0275862068965517,1,0.0008620689655172,681,0.5870689655172414,110,0.3081232492997199,36081059502,2674,608,0.2273747195213163,2674,270,0.1009723261032161,2674,231,0.0863874345549738,84014,0.084014,13807.222605756182,0.5947542679566111
360810596002,360810596002,Block Group 2; Census Tract 596; Queens County; New York,Queens,982,377,81,0.2148541114058355,313,119,0.3801916932907348,217,0.2209775967413442,272,0.2769857433808554,0,0.0,715,0.7281059063136456,0,0.0,255,0.2596741344195519,109,0.2891246684350133,36081059600,1674,240,0.1433691756272401,1674,357,0.2132616487455197,1674,141,0.0842293906810035,98233,0.098233,9996.640640110758,0.5326729583452016
360810598002,360810598002,Block Group 2; Census Tract 598; Queens County; New York,Queens,824,352,131,0.3721590909090909,489,85,0.1738241308793456,33,0.0400485436893203,230,0.279126213592233,44,0.0533980582524271,585,0.7099514563106796,101,0.1225728155339805,81,0.0983009708737864,17,0.0482954545454545,36081059800,1670,92,0.0550898203592814,1691,159,0.094027202838557,1691,56,0.0331164991129509,110662,0.110662,7446.097124577543,0.5882517617884147
360810599002,360810599002,Block Group 2; Census Tract 599; Queens County; New York,Queens,637,181,42,0.2320441988950276,306,131,0.4281045751633986,103,0.1616954474097331,117,0.1836734693877551,314,0.4929356357927786,0,0.0,209,0.3281004709576138,88,0.1381475667189952,16,0.0883977900552486,36081059900,1492,141,0.0945040214477211,1493,180,0.1205626255860683,1493,83,0.0555927662424648,69542,0.069542,9159.932127347502,0.6294022773705261
360810059002,360810059002,Block Group 2; Census Tract 59; Queens County; New York,Queens,1250,608,584,0.9605263157894736,723,460,0.636237897648686,174,0.1392,144,0.1152,452,0.3616,53,0.0424,107,0.0856,636,0.5088,19,0.03125,36081005900,4208,376,0.0893536121673003,4208,299,0.0710551330798479,4208,368,0.0874524714828897,47520,0.04752,26304.713804713803,0.8763838959675636
360810601002,360810601002,Block Group 2; Census Tract 601; Queens County; New York,Queens,801,365,172,0.4712328767123288,467,235,0.5032119914346895,79,0.0986267166042447,99,0.1235955056179775,453,0.5655430711610487,6,0.0074906367041198,68,0.0848938826466916,269,0.3358302122347066,87,0.2383561643835616,36081060100,2084,97,0.0465451055662188,2084,193,0.0926103646833013,2084,280,0.1343570057581574,79305,0.079305,10100.245886135805,0.6231278811851282
360810606002,360810606002,Block Group 2; Census Tract 606; Queens County; New York,Queens,602,276,45,0.1630434782608695,366,134,0.366120218579235,74,0.1229235880398671,85,0.1411960132890365,0,0.0,496,0.8239202657807309,28,0.0465116279069767,78,0.1295681063122923,8,0.0289855072463768,36081060600,1176,59,0.0501700680272108,1176,100,0.0850340136054421,1176,27,0.0229591836734693,115055,0.115055,5232.280213810786,0.4640341181967593
360810612002,360810612002,Block Group 2; Census Tract 612; Queens County; New York,Queens,639,211,13,0.0616113744075829,291,104,0.3573883161512027,35,0.054773082942097,269,0.4209702660406886,0,0.0,616,0.9640062597809076,0,0.0,7,0.0109546165884194,0,0.0,36081061200,1839,73,0.0396954866775421,1839,336,0.1827079934747145,1839,6,0.0032626427406199,138497,0.138497,4613.818349855953,0.5076308102694947
360810613012,360810613012,Block Group 2; Census Tract 613.01; Queens County; New York,Queens,1056,413,300,0.7263922518159807,532,381,0.7161654135338346,146,0.1382575757575757,91,0.0861742424242424,359,0.3399621212121212,33,0.03125,243,0.2301136363636363,421,0.3986742424242424,83,0.2009685230024213,36081061301,5205,606,0.1164265129682997,5205,447,0.085878962536023,5205,837,0.1608069164265129,306479,0.306479,3445.586810189279,0.5980118300712896
360810616012,360810616012,Block Group 2; Census Tract 616.01; Queens County; New York,Queens,954,255,40,0.1568627450980392,322,56,0.1739130434782608,301,0.3155136268343815,118,0.1236897274633123,9,0.0094339622641509,882,0.9245283018867924,7,0.0073375262054507,41,0.0429769392033543,0,0.0,36081061601,2257,95,0.0420912715994683,2216,229,0.1033393501805054,2216,79,0.0356498194945848,132747,0.132747,7186.603087075414,0.4859204460621118
360810616022,360810616022,Block Group 2; Census Tract 616.02; Queens County; New York,Queens,404,170,24,0.1411764705882353,234,122,0.5213675213675214,10,0.0247524752475247,123,0.3044554455445544,22,0.0544554455445544,181,0.448019801980198,0,0.0,124,0.3069306930693069,5,0.0294117647058823,36081061602,968,29,0.0299586776859504,968,73,0.0754132231404958,968,89,0.0919421487603305,225517,0.225517,1791.4392263110983,0.7432423290537118
360810618002,360810618002,Block Group 2; Census Tract 618; Queens County; New York,Queens,1482,402,87,0.2164179104477611,675,212,0.314074074074074,313,0.2112010796221322,293,0.1977058029689608,0,0.0,1206,0.8137651821862348,34,0.0229419703103913,172,0.1160593792172739,10,0.0248756218905472,36081061800,2037,141,0.0692194403534609,2037,220,0.1080019636720667,2037,263,0.1291114383897889,152274,0.152274,9732.455967532213,0.5413196352258086
360810619002,360810619002,Block Group 2; Census Tract 619; Queens County; New York,Queens,1140,564,466,0.8262411347517731,827,319,0.3857315598548972,68,0.0596491228070175,305,0.2675438596491228,1054,0.924561403508772,0,0.0,0,0.0,86,0.075438596491228,123,0.2180851063829787,36081061900,3046,542,0.1779382797110965,3046,296,0.0971766250820748,3046,22,0.0072225869993434,124815,0.124815,9133.517606056965,0.6157736697295512
360810061002,360810061002,Block Group 2; Census Tract 61; Queens County; New York,Queens,1753,890,890,1.0,1107,602,0.5438121047877146,327,0.1865373645179692,102,0.0581859669138619,677,0.3861950941243582,40,0.0228180262407301,721,0.4112949229891614,277,0.1580148317170564,89,0.1,36081006100,5165,309,0.0598257502420135,5207,406,0.0779719608219704,5207,152,0.0291914730170923,48636,0.048636,36043.26013652438,0.8755220676040093
360810062012,360810062012,Block Group 2; Census Tract 62.01; Queens County; New York,Queens,942,518,131,0.2528957528957529,441,96,0.2176870748299319,89,0.0944798301486199,363,0.3853503184713376,652,0.692144373673036,0,0.0,46,0.048832271762208,202,0.2144373673036093,74,0.1428571428571428,36081006201,5870,469,0.0798977853492333,5855,1207,0.2061485909479077,5855,156,0.0266438941076003,51987,0.051987,18119.914594033125,0.457988387824541
360810062022,360810062022,Block Group 2; Census Tract 62.02; Queens County; New York,Queens,1004,313,265,0.8466453674121406,444,55,0.1238738738738738,183,0.1822709163346613,270,0.2689243027888446,320,0.3187250996015936,0,0.0,0,0.0,239,0.2380478087649402,0,0.0,36081006202,7327,534,0.0728811246076156,7327,1733,0.2365224512078613,7327,391,0.0533642691415313,180721,0.180721,5555.524814493058,0.6484843102509512
360810621002,360810621002,Block Group 2; Census Tract 621; Queens County; New York,Queens,625,215,84,0.3906976744186046,131,16,0.1221374045801526,169,0.2704,160,0.256,254,0.4064,30,0.048,26,0.0416,282,0.4512,15,0.0697674418604651,36081062100,2646,369,0.1394557823129251,2650,272,0.1026415094339622,2650,305,0.1150943396226415,120046,0.120046,5206.337570597938,0.5481723043930175
360810622002,360810622002,Block Group 2; Census Tract 622; Queens County; New York,Queens,1012,349,57,0.163323782234957,474,145,0.3059071729957806,99,0.0978260869565217,275,0.2717391304347826,6,0.0059288537549407,909,0.8982213438735178,0,0.0,83,0.0820158102766798,0,0.0,36081062200,2069,172,0.0831319478008699,2069,373,0.1802803286611889,2069,35,0.0169163847269212,194468,0.194468,5203.941008289282,0.4834337070376669
360810623002,360810623002,Block Group 2; Census Tract 623; Queens County; New York,Queens,1369,547,408,0.7458866544789763,529,168,0.3175803402646502,230,0.1680058436815193,149,0.1088385682980277,1007,0.7355734112490869,7,0.0051132213294375,6,0.0043827611395178,342,0.2498173849525201,57,0.1042047531992687,36081062300,2111,374,0.177167219327333,2104,135,0.0641634980988593,2104,50,0.023764258555133,74927,0.074927,18271.117220761545,0.6913180152043306
360810625002,360810625002,Block Group 2; Census Tract 625; Queens County; New York,Queens,1504,516,294,0.5697674418604651,595,232,0.3899159663865546,309,0.2054521276595744,313,0.2081117021276596,847,0.5631648936170213,6,0.0039893617021276,27,0.0179521276595744,586,0.3896276595744681,41,0.0794573643410852,36081062500,2637,121,0.0458854759196056,2637,255,0.0967007963594994,2637,66,0.0250284414106939,106904,0.106904,14068.697148843825,0.4976030283966677
360810626002,360810626002,Block Group 2; Census Tract 626; Queens County; New York,Queens,1838,493,51,0.1034482758620689,850,186,0.2188235294117647,532,0.2894450489662676,175,0.0952121871599564,34,0.0184983677910772,1654,0.8998911860718172,0,0.0,142,0.0772578890097932,0,0.0,36081062600,3298,102,0.0309278350515463,3255,300,0.0921658986175115,3255,169,0.0519201228878648,177195,0.177195,10372.75318152318,0.5415709200108136
360810627002,360810627002,Block Group 2; Census Tract 627; Queens County; New York,Queens,1589,587,415,0.706984667802385,902,268,0.2971175166297117,233,0.1466331025802391,105,0.066079295154185,621,0.3908118313404657,2,0.001258653241032,50,0.0314663310258023,898,0.5651353052234109,106,0.1805792163543441,36081062700,2831,218,0.0770045920169551,2831,325,0.1148004238784881,2831,36,0.0127163546450017,64892,0.064892,24486.839672070517,0.5627370843461613
360810629002,360810629002,Block Group 2; Census Tract 629; Queens County; New York,Queens,1072,342,235,0.6871345029239766,521,298,0.5719769673704415,353,0.3292910447761194,112,0.1044776119402985,512,0.4776119402985074,15,0.0139925373134328,57,0.0531716417910447,488,0.4552238805970149,84,0.2456140350877192,36081062900,3289,329,0.1000304043782304,3282,409,0.1246191346739792,3282,296,0.0901889092017062,67344,0.067344,15918.270373010217,0.5096662947854351
360810630002,360810630002,Block Group 2; Census Tract 630; Queens County; New York,Queens,795,251,50,0.199203187250996,357,187,0.5238095238095238,52,0.0654088050314465,208,0.2616352201257861,6,0.0075471698113207,755,0.949685534591195,0,0.0,6,0.0075471698113207,0,0.0,36081063000,1614,53,0.0328376703841387,1614,259,0.1604708798017348,1614,156,0.0966542750929368,74596,0.074596,10657.407903909056,0.7049620644764705
360810632002,360810632002,Block Group 2; Census Tract 632; Queens County; New York,Queens,1595,450,122,0.2711111111111111,698,154,0.2206303724928366,417,0.2614420062695924,169,0.1059561128526645,35,0.0219435736677116,1332,0.8351097178683385,0,0.0,148,0.0927899686520376,14,0.0311111111111111,36081063200,2466,118,0.0478507704785077,2499,304,0.1216486594637855,2499,100,0.040016006402561,210931,0.210931,7561.714494313306,0.5538817933281409
360810633022,360810633022,Block Group 2; Census Tract 633.02; Queens County; New York,Queens,1540,474,212,0.4472573839662447,619,185,0.2988691437802908,433,0.2811688311688312,295,0.1915584415584415,897,0.5824675324675325,0,0.0,26,0.0168831168831168,617,0.4006493506493506,0,0.0,36081063302,1862,168,0.0902255639097744,1862,236,0.1267454350161117,1862,188,0.1009667024704618,76828,0.076828,20044.77534232311,0.556536837062833
360810635002,360810635002,Block Group 2; Census Tract 635; Queens County; New York,Queens,1798,640,361,0.5640625,754,214,0.2838196286472148,576,0.3203559510567297,294,0.1635150166852058,1124,0.625139043381535,0,0.0,36,0.0200222469410456,638,0.3548387096774194,25,0.0390625,36081063500,2652,231,0.08710407239819,2642,209,0.0791067373202119,2642,72,0.0272520817562452,99573,0.099573,18057.103833368485,0.5530864162108803
360810637002,360810637002,Block Group 2; Census Tract 637; Queens County; New York,Queens,1045,379,155,0.4089709762532981,492,54,0.1097560975609756,301,0.2880382775119617,143,0.1368421052631579,810,0.7751196172248804,0,0.0,14,0.0133971291866028,205,0.1961722488038277,53,0.1398416886543535,36081063700,3311,611,0.1845363938387194,3455,340,0.0984081041968162,3455,218,0.0630969609261939,140968,0.140968,7413.029907496736,0.5506695132008496
360810638002,360810638002,Block Group 2; Census Tract 638; Queens County; New York,Queens,505,199,57,0.2864321608040201,197,101,0.5126903553299492,96,0.1900990099009901,66,0.1306930693069307,45,0.0891089108910891,399,0.7900990099009901,0,0.0,18,0.0356435643564356,0,0.0,36081063800,3893,407,0.1045466221423067,3893,433,0.1112252761366555,3893,438,0.1125096326740303,171667,0.171667,2941.741860695417,0.8171799036878233
360810639002,360810639002,Block Group 2; Census Tract 639; Queens County; New York,Queens,730,194,113,0.5824742268041238,397,283,0.7128463476070529,94,0.1287671232876712,84,0.1150684931506849,272,0.3726027397260274,22,0.0301369863013698,91,0.1246575342465753,345,0.4726027397260274,19,0.0979381443298969,36081063900,3113,174,0.0558946353999357,3113,489,0.1570831994860263,3113,129,0.0414391262447799,90373,0.090373,8077.633806557269,0.7529985497367234
360810063002,360810063002,Block Group 2; Census Tract 63; Queens County; New York,Queens,2206,1061,1045,0.9849198868991518,1690,1009,0.5970414201183432,170,0.0770625566636446,79,0.0358114233907524,1019,0.4619220308250226,0,0.0,401,0.1817769718948322,555,0.2515865820489574,84,0.0791705937794533,36081006300,5613,254,0.0452520933547122,5613,570,0.1015499732763228,5613,352,0.0627115624443256,53270,0.05327,41411.67636568425,0.8582407661853227
360810645002,360810645002,Block Group 2; Census Tract 645; Queens County; New York,Queens,1095,410,168,0.4097560975609756,579,242,0.4179620034542314,118,0.1077625570776255,186,0.1698630136986301,498,0.4547945205479452,0,0.0,237,0.2164383561643835,303,0.2767123287671232,42,0.1024390243902439,36081064500,2016,317,0.1572420634920635,2016,241,0.1195436507936508,2016,97,0.0481150793650793,204943,0.204943,5342.949015092002,0.8006301769074766
360810646002,360810646002,Block Group 2; Census Tract 646; Queens County; New York,Queens,1200,400,66,0.165,679,163,0.2400589101620029,197,0.1641666666666666,258,0.215,0,0.0,997,0.8308333333333333,0,0.0,199,0.1658333333333333,18,0.045,36081064600,3076,147,0.0477893368010403,3076,257,0.0835500650195058,3076,235,0.0763979193758127,202798,0.202798,5917.218118521879,0.2907782846629379
360810065012,360810065012,Block Group 2; Census Tract 65.01; Queens County; New York,Queens,1504,789,762,0.9657794676806084,1035,404,0.3903381642512077,189,0.1256648936170212,210,0.139627659574468,472,0.3138297872340425,35,0.0232712765957446,257,0.170877659574468,693,0.4607712765957447,39,0.0494296577946768,36081006501,2983,203,0.0680522963459604,2983,252,0.0844787127053302,2983,126,0.0422393563526651,53584,0.053584,28068.080023887727,0.8848140620441285
360810065022,360810065022,Block Group 2; Census Tract 65.02; Queens County; New York,Queens,704,401,337,0.8403990024937655,527,410,0.777988614800759,0,0.0,53,0.0752840909090909,361,0.5127840909090909,58,0.0823863636363636,42,0.0596590909090909,190,0.2698863636363636,42,0.1047381546134663,36081006502,3975,604,0.1519496855345912,3975,245,0.0616352201257861,3975,729,0.1833962264150943,26904,0.026904,26167.11269699673,0.8627182856838297
360810650002,360810650002,Block Group 2; Census Tract 650; Queens County; New York,Queens,1516,511,118,0.2309197651663405,614,233,0.3794788273615635,287,0.1893139841688654,480,0.316622691292876,0,0.0,1291,0.8515831134564644,0,0.0,221,0.145778364116095,52,0.1017612524461839,36081065000,2773,160,0.0576992426974396,2862,282,0.0985324947589098,2862,145,0.0506638714185884,204481,0.204481,7413.891755224202,0.7636188227497146
360810654012,360810654012,Block Group 2; Census Tract 654.01; Queens County; New York,Queens,773,287,89,0.3101045296167247,488,184,0.3770491803278688,144,0.186287192755498,72,0.093143596377749,0,0.0,588,0.7606727037516171,0,0.0,57,0.0737386804657179,5,0.0174216027874564,36081065401,3085,394,0.1277147487844408,3098,197,0.0635894125242091,3098,463,0.1494512588766946,104167,0.104167,7420.776253515989,0.7793294956304347
360810656002,360810656002,Block Group 2; Census Tract 656; Queens County; New York,Queens,1607,564,311,0.5514184397163121,1015,504,0.496551724137931,284,0.1767268201617921,246,0.1530802738021157,247,0.1537025513378967,1215,0.7560672059738643,0,0.0,86,0.0535158680771624,16,0.0283687943262411,36081065600,5282,353,0.0668307459295721,5282,688,0.1302536917834153,5282,435,0.0823551684967815,133753,0.133753,12014.683782793656,0.7813519603311673
360810657032,360810657032,Block Group 2; Census Tract 657.03; Queens County; New York,Queens,809,252,123,0.4880952380952381,348,29,0.0833333333333333,207,0.2558714462299135,197,0.2435105067985166,743,0.9184177997527811,2,0.0024721878862793,0,0.0,64,0.0791100123609394,32,0.1269841269841269,36081065703,3225,89,0.0275968992248062,3229,418,0.129451842675751,3229,94,0.0291111799318674,100449,0.100449,8053.83826618483,0.6247597781486468
360810659002,360810659002,Block Group 2; Census Tract 659; Queens County; New York,Queens,885,309,117,0.3786407766990291,425,191,0.4494117647058823,272,0.3073446327683616,133,0.1502824858757062,459,0.5186440677966102,0,0.0,284,0.3209039548022598,142,0.1604519774011299,14,0.0453074433656957,36081065900,1974,133,0.0673758865248227,1974,182,0.0921985815602836,1974,105,0.0531914893617021,101861,0.101861,8688.31054083506,0.6247044387586289
360810660002,360810660002,Block Group 2; Census Tract 660; Queens County; New York,Queens,2688,764,271,0.3547120418848167,1415,272,0.192226148409894,348,0.1294642857142857,587,0.2183779761904762,217,0.0807291666666666,1792,0.6666666666666666,41,0.0152529761904761,288,0.1071428571428571,16,0.0209424083769633,36081066000,3535,40,0.0113154172560113,3564,562,0.1576879910213243,3564,142,0.0398428731762065,233500,0.2335,11511.777301927194,0.76766721407536
360810663012,360810663012,Block Group 2; Census Tract 663.01; Queens County; New York,Queens,1308,541,181,0.3345656192236599,500,148,0.296,202,0.154434250764526,424,0.3241590214067278,878,0.6712538226299695,0,0.0,189,0.1444954128440367,221,0.168960244648318,41,0.0757855822550831,36081066301,2712,81,0.0298672566371681,2712,272,0.1002949852507374,2712,53,0.0195427728613569,133980,0.13398,9762.651141961487,0.815614795396473
360810664012,360810664012,Block Group 2; Census Tract 664.01; Queens County; New York,Queens,1626,367,189,0.5149863760217984,745,182,0.2442953020134228,453,0.2785977859778598,214,0.1316113161131611,106,0.065190651906519,1358,0.8351783517835178,0,0.0,91,0.0559655596555965,0,0.0,36081066401,2224,253,0.1137589928057554,2241,123,0.0548862115127175,2241,92,0.0410531012940651,349165,0.349165,4656.824137585382,0.733989096372741
360810664022,360810664022,Block Group 2; Census Tract 664.02; Queens County; New York,Queens,543,199,87,0.4371859296482412,278,97,0.3489208633093525,98,0.1804788213627992,140,0.2578268876611418,0,0.0,543,1.0,0,0.0,0,0.0,0,0.0,36081066402,3470,209,0.0602305475504322,3525,330,0.0936170212765957,3525,238,0.0675177304964539,128401,0.128401,4228.939026954619,0.7507784416099188
360810664032,360810664032,Block Group 2; Census Tract 664.03; Queens County; New York,Queens,1926,550,62,0.1127272727272727,825,213,0.2581818181818182,478,0.2481827622014538,190,0.0986500519210799,503,0.2611630321910695,933,0.484423676012461,71,0.0368639667705088,363,0.1884735202492211,15,0.0272727272727272,36081066403,5738,1244,0.2168002788428023,5738,621,0.1082258626699198,5738,38,0.0066225165562913,132812,0.132812,14501.701653465048,0.7286407815095545
360810665012,360810665012,Block Group 2; Census Tract 665.01; Queens County; New York,Queens,1324,586,348,0.5938566552901023,662,112,0.1691842900302115,263,0.1986404833836858,373,0.2817220543806646,820,0.6193353474320241,0,0.0,52,0.039274924471299,399,0.3013595166163142,37,0.0631399317406143,36081066501,3959,164,0.0414246021722657,4003,505,0.1261553834624032,4003,92,0.0229827629278041,89762,0.089762,14750.11697600321,0.5823262445973089
360810667012,360810667012,Block Group 2; Census Tract 667.01; Queens County; New York,Queens,578,276,101,0.3659420289855072,215,68,0.3162790697674418,65,0.1124567474048442,245,0.4238754325259515,402,0.6955017301038062,0,0.0,92,0.1591695501730103,84,0.1453287197231834,16,0.0579710144927536,36081066701,2576,249,0.0966614906832298,2576,364,0.1413043478260869,2576,333,0.1292701863354037,115747,0.115747,4993.64994341106,0.6061382185007794
360810669002,360810669002,Block Group 2; Census Tract 669; Queens County; New York,Queens,856,284,141,0.4964788732394366,344,136,0.3953488372093023,268,0.3130841121495327,173,0.2021028037383177,402,0.4696261682242991,0,0.0,7,0.0081775700934579,439,0.5128504672897196,35,0.1232394366197183,36081066900,1692,258,0.1524822695035461,1685,108,0.0640949554896142,1685,171,0.1014836795252225,68185,0.068185,12554.08080956222,0.6130602036824842
360810671002,360810671002,Block Group 2; Census Tract 671; Queens County; New York,Queens,980,428,94,0.219626168224299,461,104,0.2255965292841648,176,0.1795918367346938,303,0.3091836734693877,618,0.6306122448979592,0,0.0,229,0.2336734693877551,114,0.1163265306122448,74,0.1728971962616822,36081067100,2279,167,0.0732777534006143,2339,272,0.1162890123984608,2339,82,0.0350577169730654,122332,0.122332,8010.986495765622,0.8160328472901568
360810677002,360810677002,Block Group 2; Census Tract 677; Queens County; New York,Queens,1134,409,210,0.5134474327628362,532,212,0.3984962406015037,243,0.2142857142857142,271,0.2389770723104056,744,0.656084656084656,0,0.0,55,0.0485008818342151,329,0.2901234567901234,15,0.0366748166259168,36081067700,1893,66,0.0348652931854199,1893,185,0.097728473322768,1893,77,0.0406761753829899,94658,0.094658,11979.969997253267,0.8083435224492496
360810679002,360810679002,Block Group 2; Census Tract 679; Queens County; New York,Queens,2756,1031,1000,0.9699321047526672,1088,626,0.5753676470588235,504,0.1828737300435413,699,0.2536284470246734,835,0.3029753265602322,126,0.0457184325108853,216,0.0783744557329463,1521,0.5518867924528302,226,0.2192046556741028,36081067900,3978,604,0.1518350930115636,3978,611,0.15359477124183,3978,318,0.0799396681749622,73680,0.07368,37404.99457111835,0.8321648314121344
360810680002,360810680002,Block Group 2; Census Tract 680; Queens County; New York,Queens,1295,418,185,0.4425837320574162,776,356,0.4587628865979381,137,0.1057915057915057,228,0.176061776061776,0,0.0,1194,0.922007722007722,69,0.0532818532818532,32,0.0247104247104247,19,0.0454545454545454,36081068000,5594,289,0.0516624955309259,5594,326,0.058276725062567,5594,211,0.0377189846263854,166459,0.166459,7779.693498098631,0.7488591858271237
360810682002,360810682002,Block Group 2; Census Tract 682; Queens County; New York,Queens,426,126,47,0.373015873015873,189,54,0.2857142857142857,99,0.2323943661971831,112,0.2629107981220657,0,0.0,306,0.7183098591549296,0,0.0,62,0.1455399061032863,0,0.0,36081068200,1091,138,0.1264894592117323,1091,100,0.0916590284142988,1091,0,0.0,98696,0.098696,4316.284347896571,0.8270529590120019
360810683002,360810683002,Block Group 2; Census Tract 683; Queens County; New York,Queens,1254,548,391,0.7135036496350365,539,327,0.6066790352504638,101,0.080542264752791,450,0.3588516746411483,93,0.0741626794258373,83,0.0661881977671451,772,0.6156299840510366,306,0.2440191387559808,149,0.2718978102189781,36081068300,4057,471,0.1160956371703229,4057,414,0.1020458466847424,4057,232,0.0571851121518363,103013,0.103013,12173.220855620166,0.8817650874470712
360810687002,360810687002,Block Group 2; Census Tract 687; Queens County; New York,Queens,921,322,252,0.782608695652174,484,315,0.6508264462809917,203,0.2204125950054288,135,0.1465798045602606,124,0.1346362649294245,12,0.013029315960912,423,0.4592833876221498,231,0.250814332247557,123,0.3819875776397515,36081068700,4405,333,0.0755959137343927,4405,497,0.1128263337116912,4405,225,0.0510783200908059,60038,0.060038,15340.284486491888,0.8667357872670799
360810690002,360810690002,Block Group 2; Census Tract 690; Queens County; New York,Queens,1790,552,377,0.6829710144927537,773,161,0.2082794307891332,464,0.259217877094972,159,0.0888268156424581,111,0.0620111731843575,1397,0.7804469273743017,14,0.0078212290502793,231,0.1290502793296089,57,0.1032608695652173,36081069000,3756,178,0.0473908413205537,3756,278,0.0740149094781682,3756,149,0.0396698615548455,158564,0.158564,11288.817133775636,0.7543525095196323
360810693002,360810693002,Block Group 2; Census Tract 693; Queens County; New York,Queens,1084,394,392,0.9949238578680204,498,274,0.5502008032128514,236,0.2177121771217712,115,0.1060885608856088,65,0.0599630996309963,41,0.0378228782287822,171,0.1577490774907749,776,0.7158671586715867,130,0.3299492385786802,36081069300,2902,294,0.1013094417643004,2902,280,0.0964851826326671,2902,48,0.0165403170227429,61570,0.06157,17605.97693681988,0.8867070940299376
360810694002,360810694002,Block Group 2; Census Tract 694; Queens County; New York,Queens,2367,723,411,0.5684647302904564,914,226,0.2472647702407002,688,0.2906632868610055,295,0.124630333755809,64,0.0270384452893958,2064,0.8719898605830165,26,0.010984368398817,129,0.0544993662864385,20,0.0276625172890733,36081069400,4091,165,0.0403324370569542,4091,333,0.0813981911513077,4091,169,0.0413101931068198,235414,0.235414,10054.62716745818,0.7406726739754127
360810695002,360810695002,Block Group 2; Census Tract 695; Queens County; New York,Queens,923,376,205,0.5452127659574468,507,217,0.4280078895463511,81,0.0877573131094257,242,0.2621885157096424,376,0.4073672806067172,11,0.0119176598049837,374,0.4052004333694474,162,0.1755146262188515,61,0.1622340425531915,36081069500,2363,456,0.1929750317393144,2363,284,0.120186203977994,2363,211,0.0892932712653406,94068,0.094068,9812.050856826976,0.849599987636834
360810697012,360810697012,Block Group 2; Census Tract 697.01; Queens County; New York,Queens,717,290,212,0.7310344827586207,354,160,0.4519774011299435,144,0.200836820083682,152,0.2119944211994421,243,0.3389121338912134,0,0.0,380,0.5299860529986054,44,0.0613668061366806,98,0.3379310344827586,36081069701,4054,168,0.0414405525407005,4054,397,0.0979279723729649,4054,85,0.0209669462259496,24980,0.02498,28702.96236989592,0.8782301156780051
360810697022,360810697022,Block Group 2; Census Tract 697.02; Queens County; New York,Queens,851,243,27,0.1111111111111111,358,153,0.4273743016759777,128,0.1504112808460634,232,0.27262044653349,384,0.4512338425381904,0,0.0,356,0.418331374853114,111,0.1304347826086956,29,0.1193415637860082,36081069702,4138,472,0.1140647655872402,4258,405,0.0951150775011742,4258,202,0.0474401127289807,120334,0.120334,7071.982980703709,0.8375851847234683
360810069002,360810069002,Block Group 2; Census Tract 69; Queens County; New York,Queens,1834,749,672,0.897196261682243,1023,458,0.447702834799609,227,0.123773173391494,372,0.2028353326063249,746,0.4067611777535441,62,0.0338058887677208,407,0.2219193020719738,571,0.3113413304252999,167,0.2229639519359145,36081006900,4502,466,0.1035095513105286,4515,440,0.0974529346622369,4515,430,0.0952380952380952,90219,0.090219,20328.3122180472,0.8587753939635686
360810006002,360810006002,Block Group 2; Census Tract 6; Queens County; New York,Queens,683,154,93,0.6038961038961039,284,201,0.7077464788732394,140,0.2049780380673499,56,0.0819912152269399,37,0.0541727672035139,3,0.0043923865300146,188,0.2752562225475842,441,0.6456808199121523,55,0.3571428571428571,36081000600,3543,620,0.1749929438329099,3549,377,0.1062271062271062,3549,439,0.1236968160045083,61739,0.061739,11062.699428238227,0.3604632367763439
360810007012,360810007012,Block Group 2; Census Tract 7.01; Queens County; New York,Queens,2284,964,832,0.8630705394190872,1429,570,0.3988803358992302,560,0.2451838879159369,75,0.0328371278458844,972,0.425569176882662,332,0.1453590192644483,461,0.2018388791593695,190,0.0831873905429071,75,0.0778008298755186,36081000701,3691,189,0.051205635329179,3691,72,0.0195069086968301,3691,77,0.0208615551341099,160077,0.160077,14268.133460772004,0.5710123318225021
360810007022,360810007022,Block Group 2; Census Tract 7.02; Queens County; New York,Queens,990,378,352,0.9312169312169312,573,235,0.4101221640488656,161,0.1626262626262626,163,0.1646464646464646,190,0.1919191919191919,63,0.0636363636363636,720,0.7272727272727273,17,0.0171717171717171,0,0.0,36081000702,4643,717,0.154426017660995,4643,204,0.043937109627396,4643,81,0.0174456170579366,60575,0.060575,16343.375980189849,0.6567958807783456
360810703002,360810703002,Block Group 2; Census Tract 703; Queens County; New York,Queens,1307,572,329,0.5751748251748252,627,242,0.3859649122807017,145,0.1109410864575363,447,0.3420045906656465,393,0.3006885998469778,4,0.0030604437643458,303,0.2318286151491966,452,0.3458301453710788,54,0.0944055944055944,36081070300,2324,185,0.07960413080895,2324,174,0.0748709122203098,2324,46,0.0197934595524956,128553,0.128553,10167.012827394148,0.7975774936669562
360810707002,360810707002,Block Group 2; Census Tract 707; Queens County; New York,Queens,514,253,129,0.5098814229249012,288,84,0.2916666666666667,119,0.2315175097276264,145,0.2821011673151751,318,0.6186770428015564,17,0.0330739299610894,94,0.1828793774319066,63,0.122568093385214,17,0.067193675889328,36081070700,2502,63,0.0251798561151079,2502,259,0.1035171862509992,2502,12,0.0047961630695443,45097,0.045097,11397.653945938757,0.7960586678600907
360810709002,360810709002,Block Group 2; Census Tract 709; Queens County; New York,Queens,1134,471,283,0.6008492569002123,607,331,0.5453047775947282,322,0.2839506172839506,171,0.1507936507936507,421,0.3712522045855379,22,0.019400352733686,422,0.3721340388007054,213,0.1878306878306878,41,0.0870488322717622,36081070900,2765,354,0.1280289330922242,2765,140,0.050632911392405,2765,49,0.0177215189873417,103595,0.103595,10946.474250687774,0.8254356754968839
360810711002,360810711002,Block Group 2; Census Tract 711; Queens County; New York,Queens,2154,1091,607,0.5563703024747938,1091,428,0.3923006416131989,155,0.0719591457753017,646,0.2999071494893222,1047,0.4860724233983287,92,0.042711234911792,785,0.3644382544103992,69,0.032033426183844,27,0.0247479376718606,36081071100,5679,338,0.0595175206902623,5679,794,0.1398133474203204,5679,143,0.0251804895228033,162891,0.162891,13223.566679558722,0.8525235235903961
360810713032,360810713032,Block Group 2; Census Tract 713.03; Queens County; New York,Queens,1364,641,439,0.6848673946957878,811,448,0.5524044389642416,272,0.1994134897360703,330,0.2419354838709677,458,0.3357771260997067,18,0.0131964809384164,457,0.3350439882697947,377,0.2763929618768328,146,0.2277691107644305,36081071303,5303,506,0.0954176881010748,5303,342,0.0644917970959834,5303,106,0.0199886856496322,36117,0.036117,37766.14890494781,0.8370955671527266
360810713042,360810713042,Block Group 2; Census Tract 713.04; Queens County; New York,Queens,2577,1251,799,0.6386890487609912,1459,690,0.4729266620973269,266,0.103220799379123,541,0.2099340318199456,1133,0.4396585176561893,0,0.0,1384,0.537058595265813,60,0.0232828870779976,171,0.1366906474820144,36081071304,6352,800,0.1259445843828715,6352,1157,0.1821473551637279,6352,378,0.0595088161209068,34030,0.03403,75727.29944166912,0.8350522962771036
360810713052,360810713052,Block Group 2; Census Tract 713.05; Queens County; New York,Queens,1814,834,762,0.9136690647482014,1039,539,0.5187680461982676,417,0.2298787210584344,197,0.1085997794928335,1128,0.6218302094818081,85,0.0468577728776185,284,0.1565600882028666,282,0.155457552370452,74,0.0887290167865707,36081071305,6007,777,0.129349092725154,6007,670,0.1115365407025137,6007,341,0.0567671050441151,42255,0.042255,42929.830789255706,0.8557840138593047
360810713062,360810713062,Block Group 2; Census Tract 713.06; Queens County; New York,Queens,3378,1277,1157,0.9060297572435396,1642,1094,0.6662606577344702,879,0.2602131438721137,470,0.1391355831853167,1071,0.3170515097690941,558,0.1651865008880994,664,0.1965660153937241,1002,0.2966252220248668,123,0.0963194988253719,36081071306,7192,1228,0.1707452725250278,7156,930,0.1299608719955282,7156,862,0.1204583566238121,62996,0.062996,53622.452219188526,0.8291042553269844
360810717012,360810717012,Block Group 2; Census Tract 717.01; Queens County; New York,Queens,1026,619,563,0.9095315024232632,508,337,0.6633858267716536,153,0.1491228070175438,234,0.2280701754385964,572,0.557504873294347,0,0.0,250,0.2436647173489278,176,0.1715399610136452,253,0.4087237479806139,36081071701,4978,847,0.1701486540779429,4979,778,0.156256276360715,4979,148,0.0297248443462542,53854,0.053854,19051.509637167157,0.8886290575090404
360810717022,360810717022,Block Group 2; Census Tract 717.02; Queens County; New York,Queens,1610,848,597,0.7040094339622641,1019,566,0.5554465161923454,168,0.1043478260869565,362,0.2248447204968944,503,0.3124223602484472,0,0.0,746,0.4633540372670807,327,0.2031055900621118,96,0.1132075471698113,36081071702,4448,629,0.1414118705035971,4448,785,0.1764838129496403,4448,65,0.0146133093525179,183459,0.183459,8775.802767920897,0.8782918715807586
360810719002,360810719002,Block Group 2; Census Tract 719; Queens County; New York,Queens,2490,719,561,0.780250347705146,1171,580,0.4953031596925704,788,0.3164658634538153,371,0.1489959839357429,732,0.2939759036144578,0,0.0,725,0.2911646586345381,962,0.3863453815261044,174,0.2420027816411682,36081071900,3299,757,0.2294634737799333,3299,422,0.1279175507729615,3299,452,0.1370112155198545,97376,0.097376,25570.982582977325,0.8692617677283865
360810071002,360810071002,Block Group 2; Census Tract 71; Queens County; New York,Queens,434,227,227,1.0,376,230,0.6117021276595744,38,0.0875576036866359,0,0.0,164,0.3778801843317972,24,0.0552995391705069,102,0.2350230414746544,49,0.1129032258064516,18,0.079295154185022,36081007100,3464,362,0.1045034642032332,3488,271,0.0776949541284403,3488,362,0.1037844036697247,22261,0.022261,19495.979515745024,0.8462332045116215
360810721002,360810721002,Block Group 2; Census Tract 721; Queens County; New York,Queens,650,338,199,0.5887573964497042,427,244,0.5714285714285714,25,0.0384615384615384,160,0.2461538461538461,278,0.4276923076923077,16,0.0246153846153846,200,0.3076923076923077,132,0.203076923076923,59,0.1745562130177514,36081072100,5595,198,0.0353887399463807,5595,713,0.1274352100089365,5595,152,0.0271671134941912,31878,0.031878,20390.23778154213,0.8613048194929328
360810723002,360810723002,Block Group 2; Census Tract 723; Queens County; New York,Queens,622,210,52,0.2476190476190476,333,105,0.3153153153153153,58,0.0932475884244373,170,0.2733118971061093,188,0.3022508038585209,25,0.040192926045016,209,0.3360128617363344,121,0.1945337620578778,11,0.0523809523809523,36081072300,2246,62,0.0276046304541406,2270,235,0.1035242290748898,2270,101,0.0444933920704845,176465,0.176465,3524.7782846456803,0.8540311761526307
360810729002,360810729002,Block Group 2; Census Tract 729; Queens County; New York,Queens,546,236,97,0.4110169491525424,201,50,0.2487562189054726,137,0.2509157509157509,157,0.2875457875457875,186,0.3406593406593406,22,0.0402930402930402,264,0.4835164835164835,45,0.0824175824175824,34,0.1440677966101695,36081072900,1405,166,0.1181494661921708,1406,108,0.0768136557610241,1406,10,0.0071123755334281,81248,0.081248,6720.165419456479,0.6865392320751282
360810731002,360810731002,Block Group 2; Census Tract 731; Queens County; New York,Queens,831,281,101,0.3594306049822064,359,162,0.4512534818941504,247,0.2972322503008424,131,0.1576413959085439,484,0.5824308062575211,0,0.0,175,0.210589651022864,111,0.1335740072202166,7,0.0249110320284697,36081073100,1714,85,0.0495915985997666,1724,72,0.0417633410672853,1724,29,0.0168213457076566,89618,0.089618,9272.69075408958,0.8245023122771972
360810737002,360810737002,Block Group 2; Census Tract 737; Queens County; New York,Queens,1228,587,328,0.5587734241908007,689,302,0.4383164005805515,222,0.1807817589576547,357,0.2907166123778502,797,0.6490228013029316,41,0.0333876221498371,141,0.1148208469055374,162,0.1319218241042345,17,0.0289608177172061,36081073700,2088,9,0.0043103448275862,2088,94,0.0450191570881226,2088,43,0.0205938697318007,150353,0.150353,8167.44594387874,0.8714859232693098
360810739002,360810739002,Block Group 2; Census Tract 739; Queens County; New York,Queens,528,282,155,0.549645390070922,168,82,0.4880952380952381,60,0.1136363636363636,189,0.3579545454545454,182,0.3446969696969697,0,0.0,270,0.5113636363636364,25,0.0473484848484848,70,0.2482269503546099,36081073900,5303,137,0.025834433339619,5303,479,0.0903262304356024,5303,0,0.0,42276,0.042276,12489.355662787397,0.8758059944713114
360810073002,360810073002,Block Group 2; Census Tract 73; Queens County; New York,Queens,1125,813,743,0.91389913899139,840,461,0.5488095238095239,0,0.0,233,0.2071111111111111,516,0.4586666666666666,0,0.0,197,0.1751111111111111,140,0.1244444444444444,8,0.009840098400984,36081007300,3813,294,0.077104642014162,3782,290,0.076679005817028,3782,179,0.0473294553146483,42258,0.042258,26622.178049126793,0.8474382524816411
360810741002,360810741002,Block Group 2; Census Tract 741; Queens County; New York,Queens,1056,614,498,0.8110749185667753,630,352,0.5587301587301587,151,0.1429924242424242,235,0.2225378787878787,378,0.3579545454545454,36,0.034090909090909,244,0.231060606060606,358,0.3390151515151515,118,0.1921824104234527,36081074100,3102,338,0.1089619600257898,3102,368,0.1186331399097356,3102,129,0.0415860735009671,52836,0.052836,19986.372927549397,0.6450600942838742
360810743002,360810743002,Block Group 2; Census Tract 743; Queens County; New York,Queens,792,284,158,0.5563380281690141,113,10,0.0884955752212389,235,0.2967171717171717,125,0.1578282828282828,200,0.2525252525252525,220,0.2777777777777778,235,0.2967171717171717,57,0.0719696969696969,66,0.2323943661971831,36081074300,3942,623,0.1580416032470827,3953,335,0.0847457627118644,3953,206,0.0521123197571464,48558,0.048558,16310.391696527864,0.826727128676679
360810745002,360810745002,Block Group 2; Census Tract 745; Queens County; New York,Queens,1896,736,655,0.8899456521739131,596,255,0.4278523489932886,404,0.2130801687763713,586,0.3090717299578059,816,0.430379746835443,134,0.070675105485232,307,0.1619198312236286,375,0.1977848101265822,322,0.4375,36081074500,4261,768,0.1802393804271297,4275,717,0.167719298245614,4275,90,0.0210526315789473,77651,0.077651,24416.94247337446,0.834438884788959
360810747002,360810747002,Block Group 2; Census Tract 747; Queens County; New York,Queens,1137,543,281,0.5174953959484346,647,404,0.624420401854714,114,0.100263852242744,216,0.1899736147757255,251,0.2207563764291996,45,0.0395778364116095,481,0.4230430958663149,316,0.27792436235708,40,0.0736648250460405,36081074700,3681,439,0.1192610703613148,3681,549,0.1491442542787286,3681,185,0.0502580820429231,158059,0.158059,7193.516345162249,0.6203867203580093
360810749002,360810749002,Block Group 2; Census Tract 749; Queens County; New York,Queens,795,295,65,0.2203389830508474,309,120,0.3883495145631068,246,0.3094339622641509,132,0.1660377358490566,261,0.3283018867924528,16,0.020125786163522,355,0.4465408805031446,94,0.1182389937106918,43,0.1457627118644067,36081074900,1620,44,0.0271604938271604,1620,55,0.0339506172839506,1620,18,0.0111111111111111,209143,0.209143,3801.226911730252,0.8255926946393192
360810757012,360810757012,Block Group 2; Census Tract 757.01; Queens County; New York,Queens,1137,648,438,0.6759259259259259,370,144,0.3891891891891892,150,0.1319261213720316,460,0.4045734388742304,645,0.5672823218997362,0,0.0,300,0.2638522427440633,192,0.1688654353562005,16,0.0246913580246913,36081075701,5031,432,0.0858676207513416,5031,516,0.1025641025641025,5031,195,0.0387596899224806,47095,0.047095,24142.69030682663,0.6658384503640574
360810757022,360810757022,Block Group 2; Census Tract 757.02; Queens County; New York,Queens,1781,466,225,0.482832618025751,869,251,0.288837744533947,293,0.1645143177989893,440,0.2470522178551375,1422,0.79842784952274,115,0.06457046603032,113,0.0634475014037057,62,0.0348119034250421,23,0.0493562231759656,36081075702,5012,288,0.057462090981644,5056,734,0.1451740506329114,5056,78,0.0154272151898734,287384,0.287384,6197.283077693957,0.8575087962002255
360810075002,360810075002,Block Group 2; Census Tract 75; Queens County; New York,Queens,1986,948,886,0.9345991561181436,940,431,0.4585106382978723,176,0.0886203423967774,563,0.283484390735146,773,0.3892245720040282,177,0.0891238670694864,295,0.148539778449144,741,0.3731117824773414,140,0.1476793248945147,36081007500,5002,527,0.1053578568572571,5002,459,0.0917632946821271,5002,291,0.0581767293082766,40849,0.040849,48618.0812259786,0.8795195284011967
360810769012,360810769012,Block Group 2; Census Tract 769.01; Queens County; New York,Queens,3136,1249,888,0.710968775020016,1496,705,0.4712566844919786,855,0.272640306122449,684,0.2181122448979592,2026,0.6460459183673469,79,0.0251913265306122,581,0.1852678571428571,300,0.0956632653061224,78,0.0624499599679743,36081076901,5452,248,0.0454878943506969,5452,419,0.0768525311812179,5452,108,0.0198092443140132,83997,0.083997,37334.666714287414,0.6688172277473774
360810773002,360810773002,Block Group 2; Census Tract 773; Queens County; New York,Queens,565,347,269,0.7752161383285303,376,206,0.5478723404255319,45,0.079646017699115,82,0.1451327433628318,232,0.4106194690265486,8,0.0141592920353982,66,0.1168141592920354,235,0.415929203539823,9,0.0259365994236311,36081077300,2203,133,0.0603722197004085,2203,280,0.1270994098955969,2203,30,0.0136177939173853,47586,0.047586,11873.240028579834,0.8796105207304776
360810775002,360810775002,Block Group 2; Census Tract 775; Queens County; New York,Queens,691,355,236,0.6647887323943662,331,83,0.2507552870090634,41,0.0593342981186685,239,0.3458755426917511,454,0.6570188133140377,11,0.0159189580318379,47,0.0680173661360347,45,0.065123010130246,22,0.0619718309859154,36081077500,2144,186,0.0867537313432835,2144,365,0.1702425373134328,2144,120,0.0559701492537313,108610,0.10861,6362.213424178252,0.8576272320237278
360810779022,360810779022,Block Group 2; Census Tract 779.02; Queens County; New York,Queens,1866,523,149,0.2848948374760994,782,91,0.1163682864450127,685,0.3670953912111468,308,0.165058949624866,1780,0.9539121114683816,13,0.0069667738478027,35,0.0187566988210075,0,0.0,45,0.0860420650095602,36081077902,5643,895,0.1586035796562112,5643,286,0.0506822612085769,5643,315,0.0558213716108452,197153,0.197153,9464.730437781824,0.791890546796496
360810779032,360810779032,Block Group 2; Census Tract 779.03; Queens County; New York,Queens,1078,380,214,0.5631578947368421,738,344,0.4661246612466124,134,0.12430426716141,98,0.0909090909090909,285,0.2643784786641929,10,0.0092764378478664,599,0.5556586270871985,160,0.1484230055658627,81,0.2131578947368421,36081077903,3410,258,0.0756598240469208,3410,228,0.0668621700879765,3410,75,0.0219941348973607,89402,0.089402,12057.89579651462,0.8265027854978476
360810779042,360810779042,Block Group 2; Census Tract 779.04; Queens County; New York,Queens,1628,765,667,0.8718954248366013,784,306,0.3903061224489796,419,0.2573710073710074,192,0.1179361179361179,957,0.5878378378378378,19,0.0116707616707616,326,0.2002457002457002,97,0.0595823095823095,103,0.134640522875817,36081077904,5024,442,0.0879777070063694,5096,811,0.1591444270015698,5096,452,0.0886970172684458,105348,0.105348,15453.544443178798,0.8537166214621538
360810779052,360810779052,Block Group 2; Census Tract 779.05; Queens County; New York,Queens,641,368,244,0.6630434782608695,301,80,0.26578073089701,80,0.1248049921996879,127,0.1981279251170047,168,0.2620904836193448,65,0.1014040561622464,244,0.3806552262090483,110,0.1716068642745709,32,0.0869565217391304,36081077905,3045,343,0.1126436781609195,3284,359,0.1093179049939098,3284,202,0.061510353227771,46334,0.046334,13834.333318945051,0.8693208624664838
360810779062,360810779062,Block Group 2; Census Tract 779.06; Queens County; New York,Queens,2200,645,422,0.6542635658914728,879,196,0.2229806598407281,879,0.3995454545454545,445,0.2022727272727272,1768,0.8036363636363636,0,0.0,38,0.0172727272727272,236,0.1072727272727272,104,0.1612403100775193,36081077906,3944,404,0.1024340770791075,3933,363,0.0922959572845156,3933,141,0.0358504958047292,155682,0.155682,14131.37035752367,0.8599386834552167
360810779072,360810779072,Block Group 2; Census Tract 779.07; Queens County; New York,Queens,1609,469,383,0.8166311300639659,525,27,0.0514285714285714,616,0.3828464885021753,148,0.0919825978868862,1282,0.7967681789931634,100,0.0621504039776258,33,0.0205096333126165,22,0.0136730888750776,66,0.1407249466950959,36081077907,3118,271,0.086914688903143,3294,513,0.1557377049180328,3294,77,0.0233758348512446,92542,0.092542,17386.700092930776,0.8287797519884158
360810779082,360810779082,Block Group 2; Census Tract 779.08; Queens County; New York,Queens,1450,581,581,1.0,604,366,0.6059602649006622,323,0.2227586206896551,253,0.1744827586206896,267,0.1841379310344827,222,0.153103448275862,282,0.1944827586206896,657,0.4531034482758621,135,0.2323580034423407,36081077908,2807,473,0.1685073031706448,3061,431,0.1408036589349885,3061,160,0.0522704998366546,80022,0.080022,18120.016995326285,0.8345184493640105
360810788002,360810788002,Block Group 2; Census Tract 788; Queens County; New York,Queens,686,189,106,0.5608465608465608,293,125,0.4266211604095563,215,0.3134110787172011,70,0.1020408163265306,0,0.0,411,0.5991253644314869,0,0.0,16,0.0233236151603498,0,0.0,36081078800,2183,80,0.0366468163078332,2183,246,0.1126889601465872,2183,167,0.0765002290426019,80923,0.080923,8477.194369956625,0.4870719992172984
360810790002,360810790002,Block Group 2; Census Tract 790; Queens County; New York,Queens,1583,418,173,0.4138755980861244,762,291,0.3818897637795275,342,0.2160454832596336,124,0.078332280480101,22,0.0138976626658243,986,0.6228679722046747,94,0.0593809222994314,148,0.0934933670246367,13,0.0311004784688995,36081079000,3082,551,0.1787800129785853,3137,390,0.1243226012113484,3137,191,0.0608861970035065,149830,0.14983,10565.307348328106,0.4851292866511782
360810792002,360810792002,Block Group 2; Census Tract 792; Queens County; New York,Queens,2034,653,426,0.6523736600306279,807,263,0.3258983890954151,499,0.2453294001966568,279,0.1371681415929203,0,0.0,1146,0.5634218289085545,190,0.0934119960668633,571,0.2807276302851524,32,0.0490045941807044,36081079200,2667,461,0.1728533933258342,2732,272,0.0995607613469985,2732,239,0.0874816983894582,208143,0.208143,9772.127815972672,0.4471935265597705
360810797012,360810797012,Block Group 2; Census Tract 797.01; Queens County; New York,Queens,2651,1060,973,0.9179245283018868,1316,404,0.3069908814589666,609,0.2297246322142587,307,0.1158053564692568,64,0.0241418332704639,197,0.0743115805356469,2367,0.8928706148623161,23,0.0086759713315729,298,0.2811320754716981,36081079701,6564,1100,0.1675807434491164,6549,1126,0.1719346465109177,6549,495,0.0755840586349061,19259,0.019259,137649.92990290254,0.8699221579380935
360810797022,360810797022,Block Group 2; Census Tract 797.02; Queens County; New York,Queens,1131,476,368,0.773109243697479,527,150,0.2846299810246679,210,0.1856763925729443,159,0.1405835543766578,15,0.013262599469496,34,0.0300618921308576,971,0.8585322723253758,87,0.0769230769230769,234,0.4915966386554621,36081079702,3627,1239,0.3416046319272126,3627,300,0.0827129859387924,3627,333,0.0918114143920595,20849,0.020849,54247.20610101204,0.8758867946238891
360810799002,360810799002,Block Group 2; Census Tract 799; Queens County; New York,Queens,2475,700,533,0.7614285714285715,870,181,0.2080459770114942,755,0.305050505050505,253,0.1022222222222222,130,0.0525252525252525,0,0.0,1598,0.6456565656565657,616,0.2488888888888888,354,0.5057142857142857,36081079900,3148,1313,0.4170902160101651,3148,295,0.093710292249047,3148,107,0.033989834815756,129753,0.129753,19074.70347506416,0.8764039629793073
360810079002,360810079002,Block Group 2; Census Tract 79; Queens County; New York,Queens,1099,568,541,0.9524647887323944,662,381,0.5755287009063444,111,0.1010009099181073,61,0.0555050045495905,367,0.3339399454049135,24,0.021838034576888,171,0.1555959963603275,450,0.4094631483166515,61,0.1073943661971831,36081007900,2730,457,0.1673992673992674,2742,458,0.1670313639679066,2742,189,0.0689277899343544,54745,0.054745,20074.892684263403,0.8170923928666103
360810803012,360810803012,Block Group 2; Census Tract 803.01; Queens County; New York,Queens,956,304,224,0.7368421052631579,508,206,0.405511811023622,266,0.2782426778242677,66,0.0690376569037656,136,0.1422594142259414,34,0.0355648535564853,268,0.2803347280334728,518,0.5418410041841004,99,0.3256578947368421,36081080301,3964,581,0.14656912209889,3964,216,0.0544904137235116,3964,429,0.1082240161453077,116880,0.11688,8179.329226557153,0.8584865950501142
360810803022,360810803022,Block Group 2; Census Tract 803.02; Queens County; New York,Queens,1266,431,64,0.148491879350348,535,74,0.1383177570093458,210,0.1658767772511848,310,0.244865718799368,526,0.4154818325434439,3,0.0023696682464454,491,0.3878357030015797,246,0.1943127962085308,68,0.1577726218097447,36081080302,3616,557,0.154037610619469,3616,549,0.151825221238938,3616,164,0.0453539823008849,149214,0.149214,8484.458562869435,0.8592790003468382
360810809002,360810809002,Block Group 2; Census Tract 809; Queens County; New York,Queens,219,151,103,0.6821192052980133,154,38,0.2467532467532467,12,0.0547945205479452,28,0.1278538812785388,53,0.2420091324200913,0,0.0,139,0.634703196347032,0,0.0,67,0.4437086092715231,36081080900,7349,649,0.0883113348754932,7864,829,0.1054170905391658,7864,288,0.0366225839267548,56862,0.056862,3851.429777355703,0.8520124562055712
360810814002,360810814002,Block Group 2; Census Tract 814; Queens County; New York,Queens,1873,466,90,0.1931330472103004,839,161,0.1918951132300357,420,0.2242391884676988,322,0.1719167111585691,0,0.0,595,0.3176721836625734,475,0.2536038441003737,417,0.2226374799786439,53,0.1137339055793991,36081081400,3997,728,0.1821366024518388,3997,263,0.0657993495121341,3997,294,0.073555166374781,107607,0.107607,17405.930840930425,0.4500395310701612
360810818002,360810818002,Block Group 2; Census Tract 818; Queens County; New York,Queens,1313,354,212,0.5988700564971752,531,121,0.2278719397363465,346,0.2635186595582635,205,0.1561309977151561,43,0.0327494287890327,182,0.1386138613861386,542,0.4127951256664128,170,0.1294744859101294,100,0.2824858757062147,36081081800,3688,404,0.1095444685466377,3739,263,0.0703396630115004,3739,587,0.1569938486226263,129317,0.129317,10153.344107889914,0.3750989253082371
360810837002,360810837002,Block Group 2; Census Tract 837; Queens County; New York,Queens,793,309,260,0.8414239482200647,289,0,0.0,103,0.1298865069356872,271,0.3417402269861286,79,0.0996216897856242,0,0.0,534,0.6733921815889029,154,0.1941992433795712,212,0.686084142394822,36081083700,5243,576,0.1098607667366011,5254,549,0.1044918157594213,5254,162,0.0308336505519604,83107,0.083107,9541.915843430756,0.8627619540792577
360810838002,360810838002,Block Group 2; Census Tract 838; Queens County; New York,Queens,1460,479,245,0.511482254697286,635,178,0.2803149606299213,263,0.1801369863013698,187,0.1280821917808219,82,0.0561643835616438,132,0.0904109589041095,494,0.3383561643835616,116,0.0794520547945205,0,0.0,36081083800,5272,375,0.0711305007587253,5291,548,0.1035721035721035,5291,847,0.1600831600831601,132434,0.132434,11024.359303502122,0.4245059285292487
360810083002,360810083002,Block Group 2; Census Tract 83; Queens County; New York,Queens,1546,640,556,0.86875,705,427,0.6056737588652482,259,0.167529107373868,185,0.1196636481241914,470,0.3040103492884864,151,0.0976714100905562,174,0.11254851228978,680,0.4398447606727037,93,0.1453125,36081008300,2405,294,0.1222453222453222,2405,194,0.0806652806652806,2405,179,0.0744282744282744,131283,0.131283,11776.086774372918,0.8159242297640847
360810840002,360810840002,Block Group 2; Census Tract 840; Queens County; New York,Queens,1294,407,88,0.2162162162162162,505,206,0.4079207920792079,261,0.2017001545595054,353,0.2727975270479134,0,0.0,74,0.0571870170015456,578,0.446676970633694,522,0.4034003091190108,117,0.2874692874692874,36081084000,6942,972,0.1400172860847018,6942,897,0.1292134831460674,6942,435,0.0626620570440795,130990,0.13099,9878.616688296815,0.4306860306188147
360810845002,360810845002,Block Group 2; Census Tract 845; Queens County; New York,Queens,1019,487,469,0.9630390143737166,365,234,0.6410958904109589,165,0.1619234543670265,431,0.422963689892051,72,0.070657507360157,144,0.141315014720314,268,0.2630029440628066,438,0.4298331697742885,257,0.5277207392197125,36081084500,4455,1076,0.2415263748597081,4455,660,0.1481481481481481,4455,579,0.1299663299663299,30691,0.030691,33201.915871102276,0.8556971778132878
360810846012,360810846012,Block Group 2; Census Tract 846.01; Queens County; New York,Queens,1553,469,115,0.2452025586353944,645,124,0.1922480620155038,294,0.189311010946555,290,0.1867353509336767,219,0.1410173857050869,167,0.107533805537669,523,0.3367675466838377,264,0.1699935608499678,10,0.021321961620469,36081084601,2679,101,0.0377006345651362,2687,265,0.0986229996278377,2687,88,0.032750279121697,168572,0.168572,9212.680634980898,0.6041577498569808
360810849012,360810849012,Block Group 2; Census Tract 849.01; Queens County; New York,Queens,1237,462,437,0.945887445887446,523,227,0.4340344168260038,52,0.042037186742118,110,0.0889248181083266,0,0.0,0,0.0,1221,0.9870654810024252,0,0.0,412,0.8917748917748918,36081084901,3038,1040,0.3423304805793285,3038,105,0.0345622119815668,3038,262,0.0862409479921,157695,0.157695,7844.256317575066,0.8390153405234086
360810849022,360810849022,Block Group 2; Census Tract 849.02; Queens County; New York,Queens,1888,629,558,0.8871224165341812,705,397,0.5631205673758866,336,0.1779661016949152,286,0.1514830508474576,13,0.0068855932203389,35,0.0185381355932203,1573,0.833156779661017,267,0.1414194915254237,305,0.4848966613672496,36081084902,3774,1531,0.4056703762586116,3774,430,0.1139374668786433,3774,1007,0.2668256491785903,43850,0.04385,43055.87229190422,0.849501674996308
360810853002,360810853002,Block Group 2; Census Tract 853; Queens County; New York,Queens,1059,648,577,0.8904320987654321,523,153,0.2925430210325048,31,0.0292728989612842,184,0.1737488196411709,138,0.1303116147308781,0,0.0,796,0.7516525023607177,125,0.1180358829084041,424,0.654320987654321,36081085300,4828,861,0.178334714167357,4828,983,0.2036039768019884,4828,256,0.0530240265120132,42751,0.042751,24771.350377768944,0.8484239685869694
360810855002,360810855002,Block Group 2; Census Tract 855; Queens County; New York,Queens,1996,1017,1001,0.984267453294002,807,177,0.2193308550185873,66,0.033066132264529,672,0.3366733466933868,0,0.0,180,0.0901803607214428,1437,0.719939879759519,313,0.156813627254509,511,0.5024582104228122,36081085500,5807,936,0.1611847769932839,5807,1035,0.1782331668675736,5807,801,0.1379369726192526,31824,0.031824,62719.95977878331,0.8684946399637349
360810857002,360810857002,Block Group 2; Census Tract 857; Queens County; New York,Queens,1154,470,440,0.9361702127659576,381,238,0.6246719160104987,62,0.0537261698440207,486,0.4211438474870017,155,0.134315424610052,137,0.1187175043327556,590,0.511265164644714,264,0.2287694974003466,176,0.3744680851063829,36081085700,5525,812,0.1469683257918552,5520,717,0.1298913043478261,5520,678,0.1228260869565217,51532,0.051532,22393.85236357991,0.8942869843031662
360810859002,360810859002,Block Group 2; Census Tract 859; Queens County; New York,Queens,919,513,476,0.9278752436647172,491,245,0.4989816700610998,18,0.0195865070729053,256,0.2785636561479869,264,0.2872687704026115,23,0.0250272034820457,595,0.6474428726877041,37,0.0402611534276387,122,0.2378167641325536,36081085900,5584,1218,0.2181232091690544,5584,722,0.1292979942693409,5584,813,0.1455945558739255,59143,0.059143,15538.609810121232,0.8529624267762503
360810085002,360810085002,Block Group 2; Census Tract 85; Queens County; New York,Queens,619,38,38,1.0,120,54,0.45,110,0.1777059773828756,0,0.0,50,0.0807754442649434,129,0.2084006462035541,0,0.0,440,0.7108239095315024,38,1.0,36081008500,1762,566,0.3212258796821793,1821,125,0.0686436024162548,1821,120,0.0658978583196046,126114,0.126114,4908.2576081957595,0.8265917739513068
360810861002,360810861002,Block Group 2; Census Tract 861; Queens County; New York,Queens,713,298,256,0.8590604026845637,344,119,0.3459302325581395,105,0.1472650771388499,142,0.1991584852734922,0,0.0,0,0.0,519,0.7279102384291725,194,0.2720897615708275,123,0.412751677852349,36081086100,2007,530,0.2640757349277529,2007,289,0.1439960139511709,2007,204,0.1016442451420029,101216,0.101216,7044.340815681315,0.8535734860380836
360810863002,360810863002,Block Group 2; Census Tract 863; Queens County; New York,Queens,928,459,232,0.5054466230936819,381,229,0.6010498687664042,79,0.0851293103448275,235,0.2532327586206896,226,0.2435344827586207,0,0.0,702,0.7564655172413793,0,0.0,290,0.6318082788671024,36081086300,7393,1707,0.230894089003111,7479,625,0.0835673218344698,7479,836,0.1117796496857868,39349,0.039349,23583.82678085847,0.86019140497216
360810864002,360810864002,Block Group 2; Census Tract 864; Queens County; New York,Queens,1206,352,145,0.4119318181818182,610,247,0.4049180327868852,250,0.2072968490878938,222,0.1840796019900497,256,0.2122719734660033,183,0.1517412935323383,179,0.148424543946932,542,0.4494195688225539,7,0.0198863636363636,36081086400,2884,385,0.1334951456310679,2884,332,0.1151178918169209,2884,432,0.1497919556171983,132940,0.13294,9071.761697006168,0.7183960125931703
360810865002,360810865002,Block Group 2; Census Tract 865; Queens County; New York,Queens,1561,965,787,0.8155440414507772,424,221,0.5212264150943396,37,0.0237027546444586,936,0.5996156310057655,262,0.167841127482383,0,0.0,968,0.6201153106982703,240,0.153747597693786,354,0.3668393782383419,36081086500,4669,672,0.1439280359820089,4679,810,0.1731139132293225,4679,715,0.1528104295789698,45111,0.045111,34603.533506240165,0.8641787912252616
360810869002,360810869002,Block Group 2; Census Tract 869; Queens County; New York,Queens,273,90,49,0.5444444444444444,162,53,0.3271604938271605,62,0.2271062271062271,24,0.0879120879120879,58,0.2124542124542124,0,0.0,166,0.608058608058608,49,0.1794871794871795,49,0.5444444444444444,36081086900,1967,282,0.1433655312658871,1980,123,0.0621212121212121,1980,180,0.0909090909090909,370992,0.370992,735.8649243110364,0.7887306892793565
360810086002,360810086002,Block Group 2; Census Tract 86; Queens County; New York,Queens,1640,479,151,0.3152400835073068,648,264,0.4074074074074074,261,0.1591463414634146,305,0.1859756097560975,519,0.3164634146341463,79,0.048170731707317,251,0.1530487804878048,712,0.4341463414634146,44,0.0918580375782881,36081008600,3197,459,0.143572098842665,3341,363,0.1086501047590541,3341,424,0.126908111343909,133928,0.133928,12245.38558031181,0.7127259710225555
360810871002,360810871002,Block Group 2; Census Tract 871; Queens County; New York,Queens,3447,1664,1595,0.958533653846154,1442,728,0.5048543689320388,403,0.116913257905425,1007,0.2921380910937046,38,0.0110240789091964,575,0.1668117203365245,2169,0.6292428198433421,645,0.1871192341166231,542,0.3257211538461538,36081087100,5389,1316,0.2442011504917424,5400,602,0.1114814814814814,5400,522,0.0966666666666666,319144,0.319144,10800.767051863735,0.8809923315094256
360810087002,360810087002,Block Group 2; Census Tract 87; Queens County; New York,Queens,1126,596,587,0.9848993288590604,492,259,0.5264227642276422,222,0.1971580817051509,85,0.0754884547069271,390,0.3463587921847247,224,0.1989342806394316,105,0.0932504440497335,250,0.2220248667850799,121,0.2030201342281879,36081008700,3444,1246,0.3617886178861789,3480,796,0.228735632183908,3480,343,0.0985632183908045,98515,0.098515,11429.731512967568,0.8093534363376591
360810884002,360810884002,Block Group 2; Census Tract 884; Queens County; New York,Queens,503,127,18,0.1417322834645669,209,20,0.0956937799043062,208,0.4135188866799205,111,0.220675944333996,426,0.8469184890656064,0,0.0,0,0.0,77,0.1530815109343936,0,0.0,36081088400,8995,919,0.1021678710394663,8995,1757,0.1953307392996109,8995,299,0.0332406892718176,121671,0.121671,4134.099333448397,0.4945907556196005
360810889022,360810889022,Block Group 2; Census Tract 889.02; Queens County; New York,Queens,2035,803,384,0.4782067247820672,1252,560,0.4472843450479233,154,0.0756756756756756,437,0.2147420147420147,161,0.0791154791154791,30,0.0147420147420147,1560,0.7665847665847666,284,0.1395577395577395,208,0.2590286425902864,36081088902,6357,1490,0.2343872896020135,6357,786,0.1236432279377064,6357,607,0.0954852918043102,90348,0.090348,22524.018240580863,0.6571480407988002
360810889032,360810889032,Block Group 2; Census Tract 889.03; Queens County; New York,Queens,1141,505,136,0.2693069306930693,518,103,0.1988416988416988,7,0.0061349693251533,580,0.5083260297984225,199,0.1744084136722173,0,0.0,752,0.6590709903593339,36,0.0315512708150744,167,0.3306930693069307,36081088903,4537,1035,0.2281243112188671,4537,573,0.1262949085298655,4537,237,0.0522371611196826,106589,0.106589,10704.669337361263,0.8088465059812816
360810088002,360810088002,Block Group 2; Census Tract 88; Queens County; New York,Queens,1682,600,254,0.4233333333333333,728,167,0.2293956043956043,521,0.3097502972651605,221,0.1313912009512485,488,0.2901307966706302,180,0.1070154577883472,351,0.208680142687277,550,0.3269916765755054,71,0.1183333333333333,36081008800,3641,179,0.0491623180444932,3679,360,0.0978526773579777,3679,282,0.0766512639304158,170970,0.17097,9837.983271919047,0.5016650174001714
360810892012,360810892012,Block Group 2; Census Tract 892.01; Queens County; New York,Queens,1458,453,28,0.0618101545253863,554,0,0.0,390,0.2674897119341564,399,0.2736625514403292,1298,0.8902606310013718,0,0.0,0,0.0,53,0.0363511659807956,27,0.0596026490066225,36081089201,9116,243,0.0266564282580079,9116,1369,0.1501755155770074,9116,395,0.0433304080737165,355079,0.355079,4106.128495348923,0.6202274663206246
360810008002,360810008002,Block Group 2; Census Tract 8; Queens County; New York,Queens,1659,440,207,0.4704545454545454,664,400,0.6024096385542169,370,0.2230259192284509,299,0.1802290536467751,151,0.0910186859553948,69,0.0415913200723327,413,0.2489451476793249,986,0.594333936106088,17,0.0386363636363636,36081000800,3768,379,0.1005838641188959,3768,369,0.0979299363057324,3768,375,0.0995222929936305,100698,0.100698,16475.00446880772,0.3610077022425429
360810919002,360810919002,Block Group 2; Census Tract 919; Queens County; New York,Queens,1619,586,324,0.552901023890785,576,255,0.4427083333333333,200,0.1235330450895614,603,0.3724521309450277,371,0.2291537986411365,0,0.0,476,0.2940086473131563,772,0.4768375540457072,221,0.3771331058020478,36081091900,4722,686,0.1452774248199915,4722,347,0.0734858110969928,4722,316,0.0669207962727657,169114,0.169114,9573.42384427073,0.6152475277278171
360810091002,360810091002,Block Group 2; Census Tract 91; Queens County; New York,Queens,960,448,377,0.8415178571428571,649,293,0.4514637904468413,186,0.19375,26,0.0270833333333333,449,0.4677083333333333,10,0.0104166666666666,62,0.0645833333333333,388,0.4041666666666667,36,0.0803571428571428,36081009100,1928,117,0.0606846473029045,1928,236,0.1224066390041493,1928,35,0.0181535269709543,73814,0.073814,13005.662882380037,0.8404580115141421
360810922002,360810922002,Block Group 2; Census Tract 922; Queens County; New York,Queens,655,205,41,0.2,232,23,0.0991379310344827,253,0.3862595419847328,73,0.1114503816793893,642,0.9801526717557252,0,0.0,6,0.0091603053435114,0,0.0,0,0.0,36081092200,2338,85,0.0363558597091531,2338,151,0.064585115483319,2338,69,0.0295124037639007,207278,0.207278,3160.0073331467884,0.428386237772545
360810925002,360810925002,Block Group 2; Census Tract 925; Queens County; New York,Queens,1225,445,263,0.5910112359550562,523,173,0.3307839388145315,329,0.2685714285714285,245,0.2,341,0.2783673469387755,0,0.0,567,0.4628571428571428,317,0.2587755102040816,68,0.1528089887640449,36081092500,3798,654,0.1721958925750395,3799,424,0.1116083179784153,3799,319,0.0839694656488549,104531,0.104531,11719.011585080025,0.585119005483719
360810928002,360810928002,Block Group 2; Census Tract 928; Queens County; New York,Queens,825,329,68,0.2066869300911854,313,26,0.0830670926517571,200,0.2424242424242424,218,0.2642424242424242,818,0.9915151515151516,0,0.0,0,0.0,7,0.0084848484848484,0,0.0,36081092800,3341,148,0.0442981143370248,3341,161,0.0481891649206824,3341,14,0.0041903621670158,208240,0.20824,3961.774875144065,0.4566815938717687
360810929002,360810929002,Block Group 2; Census Tract 929; Queens County; New York,Queens,739,271,252,0.9298892988929888,402,158,0.3930348258706467,202,0.2733423545331529,90,0.121786197564276,64,0.0866035182679296,0,0.0,87,0.1177266576454668,440,0.5953991880920162,120,0.4428044280442804,36081092900,7003,557,0.0795373411395116,7003,382,0.0545480508353562,7003,872,0.1245180636869913,290611,0.290611,2542.918196489465,0.8178785811932385
360810934012,360810934012,Block Group 2; Census Tract 934.01; Queens County; New York,Queens,1514,519,247,0.4759152215799614,482,54,0.1120331950207468,422,0.2787318361955085,385,0.2542932628797886,1321,0.8725231175693527,30,0.0198150594451783,34,0.0224570673712021,93,0.0614266842800528,21,0.0404624277456647,36081093401,4120,523,0.1269417475728155,4218,508,0.1204362256993836,4218,52,0.0123281175912754,132716,0.132716,11407.818198257934,0.5114606465036403
360810934022,360810934022,Block Group 2; Census Tract 934.02; Queens County; New York,Queens,809,374,254,0.679144385026738,407,92,0.226044226044226,243,0.3003708281829419,178,0.2200247218788628,540,0.6674907292954264,18,0.0222496909765142,0,0.0,251,0.3102595797280593,10,0.0267379679144385,36081093402,4165,409,0.0981992797118847,4165,631,0.151500600240096,4165,83,0.0199279711884753,85995,0.085995,9407.52369323798,0.500721400293654
360810938002,360810938002,Block Group 2; Census Tract 938; Queens County; New York,Queens,1706,750,459,0.612,602,318,0.5282392026578073,393,0.2303634232121922,384,0.2250879249706917,1267,0.742672919109027,0,0.0,52,0.0304806565064478,387,0.2268464243845252,119,0.1586666666666666,36081093800,4527,496,0.1095648332228849,4527,712,0.1572785509167218,4527,569,0.1256903026286724,156305,0.156305,10914.558075557405,0.554126904971849
360810939002,360810939002,Block Group 2; Census Tract 939; Queens County; New York,Queens,772,221,149,0.6742081447963801,475,192,0.4042105263157894,105,0.1360103626943005,71,0.0919689119170984,213,0.2759067357512953,0,0.0,198,0.2564766839378238,361,0.4676165803108808,18,0.0814479638009049,36081093900,5805,312,0.0537467700258397,5819,369,0.0634129575528441,5819,289,0.0496648908747207,108685,0.108685,7103.096103418135,0.5807288296219859
360810942012,360810942012,Block Group 2; Census Tract 942.01; Queens County; New York,Queens,702,307,245,0.7980456026058632,217,117,0.5391705069124424,155,0.2207977207977208,129,0.1837606837606837,67,0.0954415954415954,359,0.5113960113960114,0,0.0,137,0.1951566951566951,0,0.0,36081094201,3436,731,0.2127473806752037,3454,524,0.1517081644470179,3454,183,0.0529820497973364,129529,0.129529,5419.635757243552,0.5750830123393683
360810942022,360810942022,Block Group 2; Census Tract 942.02; Queens County; New York,Queens,2145,934,858,0.9186295503211992,591,339,0.5736040609137056,563,0.2624708624708625,360,0.1678321678321678,256,0.1193473193473193,1242,0.579020979020979,17,0.0079254079254079,338,0.1575757575757575,105,0.1124197002141327,36081094202,5623,1751,0.3113996087497777,5623,689,0.1225324559843499,5623,302,0.0537079850613551,121971,0.121971,17586.147526871144,0.7451272423112157
360810942032,360810942032,Block Group 2; Census Tract 942.03; Queens County; New York,Queens,1942,818,493,0.6026894865525673,583,244,0.41852487135506,472,0.243048403707518,547,0.2816683831101956,1057,0.5442842430484037,164,0.0844490216271884,53,0.0272914521112255,490,0.2523171987641606,85,0.1039119804400978,36081094203,5729,703,0.122709024262524,5730,1255,0.219022687609075,5730,66,0.0115183246073298,82427,0.082427,23560.241183107475,0.7474346352365705
360810945002,360810945002,Block Group 2; Census Tract 945; Queens County; New York,Queens,1743,648,195,0.3009259259259259,753,203,0.2695883134130146,344,0.1973608720596672,624,0.3580034423407917,650,0.3729202524383247,1,0.0005737234652897,437,0.2507171543316122,655,0.3757888697647734,99,0.1527777777777778,36081094500,3958,565,0.1427488630621526,3958,746,0.1884790298130368,3958,234,0.0591207680646791,810878,0.810878,2149.521876287185,0.5859125179532784
360810947002,360810947002,Block Group 2; Census Tract 947; Queens County; New York,Queens,1404,408,206,0.5049019607843137,650,148,0.2276923076923077,283,0.2015669515669515,191,0.136039886039886,239,0.1702279202279202,78,0.0555555555555555,555,0.3952991452991453,532,0.3789173789173789,82,0.2009803921568627,36081094700,2755,349,0.1266787658802178,2773,329,0.1186440677966101,2773,169,0.0609448250991705,115526,0.115526,12153.108391184667,0.60609357437035
360810094002,360810094002,Block Group 2; Census Tract 94; Queens County; New York,Queens,1645,447,279,0.6241610738255033,603,212,0.351575456053068,468,0.2844984802431611,180,0.1094224924012158,83,0.0504559270516717,298,0.1811550151975683,394,0.2395136778115501,349,0.2121580547112462,0,0.0,36081009400,2707,523,0.1932028075360177,2707,292,0.1078684891023273,2707,525,0.1939416328038418,74889,0.074889,21965.842780648694,0.755825828438704
360810954002,360810954002,Block Group 2; Census Tract 954; Queens County; New York,Queens,2752,656,252,0.3841463414634146,1261,387,0.3068992862807296,776,0.2819767441860465,292,0.1061046511627906,144,0.0523255813953488,1985,0.7212936046511628,104,0.0377906976744186,475,0.1726017441860465,36,0.0548780487804878,36081095400,6993,1448,0.207064207064207,6940,1202,0.1731988472622478,6940,99,0.0142651296829971,140607,0.140607,19572.283030005616,0.8020466208505621
360810095002,360810095002,Block Group 2; Census Tract 95; Queens County; New York,Queens,1185,500,379,0.758,768,316,0.4114583333333333,163,0.1375527426160337,150,0.1265822784810126,773,0.6523206751054852,0,0.0,232,0.1957805907172995,114,0.0962025316455696,42,0.084,36081009500,1959,130,0.0663603879530372,1959,108,0.0551301684532924,1959,84,0.0428790199081163,123835,0.123835,9569.184802357977,0.855732835557883
360810964002,360810964002,Block Group 2; Census Tract 964; Queens County; New York,Queens,3879,1124,431,0.3834519572953737,1783,753,0.4223219293325855,878,0.2263469966486208,791,0.2039185357050786,546,0.1407579273008507,1579,0.4070636762052075,746,0.1923176076308327,880,0.2268625934519205,64,0.0569395017793594,36081096400,6591,1474,0.2236382946442118,6614,713,0.1078016328999092,6614,377,0.057000302388872,372559,0.372559,10411.773705641255,0.7939627630093509
360810096002,360810096002,Block Group 2; Census Tract 96; Queens County; New York,Queens,1240,389,141,0.3624678663239074,508,251,0.4940944881889764,266,0.214516129032258,249,0.2008064516129032,37,0.0298387096774193,160,0.1290322580645161,617,0.4975806451612903,164,0.132258064516129,5,0.0128534704370179,36081009600,3072,336,0.109375,3072,404,0.1315104166666666,3072,219,0.0712890625,91294,0.091294,13582.491730015116,0.7315779446830117
360810972042,360810972042,Block Group 2; Census Tract 972.04; Queens County; New York,Queens,919,302,302,1.0,347,226,0.6512968299711815,251,0.2731229597388466,124,0.1349292709466811,0,0.0,301,0.3275299238302502,53,0.0576713819368879,565,0.6147986942328618,2,0.0066225165562913,36081097204,3597,506,0.1406727828746177,3603,518,0.1437690813211213,3603,274,0.0760477379961143,41843,0.041843,21963.052362402315,0.8017057329431632
360810972052,360810972052,Block Group 2; Census Tract 972.05; Queens County; New York,Queens,1622,478,478,1.0,599,422,0.7045075125208681,469,0.2891491985203452,197,0.1214549938347718,33,0.0203452527743526,639,0.3939580764488286,0,0.0,950,0.5856966707768188,24,0.0502092050209205,36081097205,3318,1926,0.5804701627486437,3318,550,0.1657625075346594,3318,304,0.0916214587100663,66501,0.066501,24390.61066750876,0.797775386278148
360810972062,360810972062,Block Group 2; Census Tract 972.06; Queens County; New York,Queens,1134,569,474,0.8330404217926186,466,248,0.5321888412017167,68,0.0599647266313932,241,0.2125220458553791,62,0.054673721340388,724,0.6384479717813051,0,0.0,52,0.0458553791887125,0,0.0,36081097206,2635,757,0.2872865275142315,2635,468,0.1776091081593928,2635,161,0.061100569259962,191252,0.191252,5929.349758433898,0.7944840952877834
360810973002,360810973002,Block Group 2; Census Tract 973; Queens County; New York,Queens,573,255,128,0.5019607843137255,220,60,0.2727272727272727,95,0.1657940663176265,185,0.3228621291448517,392,0.6841186736474695,0,0.0,52,0.0907504363001745,129,0.225130890052356,3,0.0117647058823529,36081097300,2116,120,0.0567107750472589,2116,262,0.1238185255198487,2116,50,0.0236294896030245,102278,0.102278,5602.377832965057,0.8237330568712677
360810097002,360810097002,Block Group 2; Census Tract 97; Queens County; New York,Queens,1513,542,505,0.9317343173431736,779,375,0.4813863928112965,396,0.2617316589557171,205,0.1354923992068737,946,0.6252478519497686,0,0.0,112,0.0740251156642432,330,0.2181097157964309,23,0.0424354243542435,36081009700,3802,342,0.0899526564965807,3837,326,0.0849622100599426,3837,248,0.0646338285118582,63677,0.063677,23760.541482795987,0.8379565558475567
360810981002,360810981002,Block Group 2; Census Tract 981; Queens County; New York,Queens,1260,460,196,0.4260869565217391,561,113,0.2014260249554367,262,0.2079365079365079,199,0.1579365079365079,727,0.5769841269841269,0,0.0,285,0.2261904761904762,248,0.1968253968253968,28,0.0608695652173913,36081098100,2486,170,0.0683829444891391,2486,122,0.0490748189863234,2486,50,0.0201126307320997,254328,0.254328,4954.23232990469,0.8294740389573607
360810987002,360810987002,Block Group 2; Census Tract 987; Queens County; New York,Queens,1413,534,238,0.445692883895131,768,93,0.12109375,218,0.1542816702052371,206,0.1457891012031139,1138,0.805378627034678,6,0.0042462845010615,152,0.1075725406935598,111,0.078556263269639,98,0.1835205992509363,36081098700,2591,214,0.0825935932072558,2591,226,0.0872250096487842,2591,110,0.04245465071401,288938,0.288938,4890.32249133032,0.8296495874370515
360810098002,360810098002,Block Group 2; Census Tract 98; Queens County; New York,Queens,1142,378,185,0.4894179894179894,573,308,0.537521815008726,194,0.169877408056042,229,0.2005253940455341,0,0.0,46,0.0402802101576182,418,0.3660245183887916,191,0.1672504378283713,8,0.0211640211640211,36081009800,2216,296,0.1335740072202166,2216,239,0.1078519855595668,2216,226,0.101985559566787,68023,0.068023,16788.439204386752,0.7550092700967197
360810991002,360810991002,Block Group 2; Census Tract 991; Queens County; New York,Queens,1582,719,132,0.1835883171070932,760,162,0.2131578947368421,283,0.1788874841972187,484,0.3059418457648546,985,0.622629582806574,0,0.0,193,0.1219974715549936,404,0.2553729456384324,87,0.1210013908205841,36081099100,7613,329,0.0432155523446735,7613,953,0.125180612110863,7613,317,0.0416393011953237,79422,0.079422,19918.914154768197,0.7781588581820341
360810992002,360810992002,Block Group 2; Census Tract 992; Queens County; New York,Queens,1310,517,359,0.6943907156673114,501,156,0.311377245508982,245,0.1870229007633587,224,0.1709923664122137,186,0.1419847328244274,480,0.366412213740458,114,0.0870229007633587,368,0.2809160305343511,17,0.0328820116054158,36081099200,4258,1815,0.4262564584311883,4258,939,0.2205260685767966,4258,172,0.0403945514325974,413332,0.413332,3169.3650624679435,0.8470676465671525
360810997012,360810997012,Block Group 2; Census Tract 997.01; Queens County; New York,Queens,340,189,57,0.3015873015873015,63,0,0.0,15,0.0441176470588235,211,0.6205882352941177,276,0.8117647058823529,0,0.0,64,0.188235294117647,0,0.0,26,0.1375661375661375,36081099701,2491,236,0.0947410678442392,2507,538,0.21459912245712,2507,16,0.0063821300358994,174856,0.174856,1944.4571533147275,0.5903687813675592
360810997032,360810997032,Block Group 2; Census Tract 997.03; Queens County; New York,Queens,1080,655,118,0.1801526717557252,532,53,0.0996240601503759,114,0.1055555555555555,471,0.4361111111111111,674,0.6240740740740741,18,0.0166666666666666,204,0.1888888888888888,184,0.1703703703703703,58,0.0885496183206106,36081099703,3931,374,0.0951411854489951,3931,388,0.0987026201984228,3931,51,0.012973798015772,147673,0.147673,7313.456082019055,0.752886288163266
360810997042,360810997042,Block Group 2; Census Tract 997.04; Queens County; New York,Queens,1745,893,519,0.5811870100783875,776,244,0.3144329896907216,398,0.228080229226361,466,0.2670487106017192,967,0.5541547277936962,83,0.0475644699140401,404,0.2315186246418338,225,0.1289398280802292,199,0.2228443449048152,36081099704,7118,792,0.1112672098904186,7118,1729,0.242905310480472,7118,255,0.0358246698510817,141014,0.141014,12374.65783539223,0.6162775991209614
360810998012,360810998012,Block Group 2; Census Tract 998.01; Queens County; New York,Queens,2255,631,631,1.0,901,274,0.3041065482796892,550,0.2439024390243902,264,0.1170731707317073,65,0.0288248337028824,812,0.3600886917960089,4,0.0017738359201773,1371,0.6079822616407983,51,0.080824088748019,36081099801,8701,1439,0.1653832892770946,8710,1661,0.1907003444316877,8710,452,0.0518943742824339,46047,0.046047,48971.70282537408,0.6089655169575515
360810998022,360810998022,Block Group 2; Census Tract 998.02; Queens County; New York,Queens,1929,894,866,0.9686800894854586,881,243,0.2758229284903519,454,0.2353551062726801,270,0.1399688958009331,18,0.0093312597200622,1184,0.6137895282529808,127,0.0658372213582167,576,0.2986003110419907,161,0.1800894854586129,36081099802,5375,1473,0.274046511627907,5375,1410,0.2623255813953488,5375,344,0.064,91982,0.091982,20971.49442282186,0.7910583024395212
360811010033,360811010033,Block Group 3; Census Tract 1010.03; Queens County; New York,Queens,2115,491,376,0.7657841140529531,899,0,0.0,731,0.3456264775413711,227,0.1073286052009456,1445,0.6832151300236406,89,0.042080378250591,173,0.0817966903073286,408,0.1929078014184397,0,0.0,36081101003,4188,807,0.1926934097421203,4188,417,0.0995702005730659,4188,33,0.0078796561604584,82747,0.082747,25559.839027396763,0.7828689658310742
360811010043,360811010043,Block Group 3; Census Tract 1010.04; Queens County; New York,Queens,2123,898,719,0.8006681514476615,847,117,0.1381345926800472,281,0.1323598681111634,545,0.2567121997173811,487,0.2293923692887423,766,0.3608101742816769,243,0.1144606688648139,617,0.2906264719736222,136,0.1514476614699332,36081101004,5524,1582,0.2863866763215061,5627,949,0.1686511462591078,5627,233,0.0414074995557135,102180,0.10218,20777.060090037183,0.7720342260397316
360811017003,360811017003,Block Group 3; Census Tract 1017; Queens County; New York,Queens,831,206,0,0.0,382,13,0.0340314136125654,198,0.2382671480144404,181,0.2178098676293622,245,0.2948255114320096,4,0.0048134777376654,0,0.0,69,0.0830324909747292,0,0.0,36081101700,6801,577,0.0848404646375533,6806,627,0.0921245959447546,6806,106,0.0155744930943285,140397,0.140397,5918.929891664352,0.6028329622022258
360811032013,360811032013,Block Group 3; Census Tract 1032.01; Queens County; New York,Queens,2414,778,778,1.0,710,313,0.4408450704225352,1013,0.4196354598177299,146,0.0604805302402651,49,0.02029826014913,363,0.1503728251864126,0,0.0,1761,0.7294946147473074,172,0.2210796915167095,36081103201,6293,2219,0.3526140155728587,6296,890,0.1413595933926302,6296,827,0.1313532401524777,142009,0.142009,16998.92260349696,0.8139218808935903
360811032023,360811032023,Block Group 3; Census Tract 1032.02; Queens County; New York,Queens,2597,893,773,0.8656215005599104,1324,252,0.1903323262839879,682,0.2626107046592222,274,0.1055063534847901,958,0.3688871775125144,602,0.2318059299191374,0,0.0,978,0.3765883711975356,281,0.3146696528555431,36081103202,7684,1178,0.1533055700156168,7684,715,0.0930504945340968,7684,1296,0.1686621551275377,122114,0.122114,21267.01279132614,0.7864827242403244
360811033003,360811033003,Block Group 3; Census Tract 1033; Queens County; New York,Queens,821,288,75,0.2604166666666667,444,74,0.1666666666666666,104,0.1266747868453105,50,0.0609013398294762,626,0.7624847746650426,0,0.0,147,0.1790499390986601,48,0.0584652862362971,74,0.2569444444444444,36081103300,4387,435,0.0991565990426259,4387,450,0.1025757921130613,4387,119,0.0271255983587873,159392,0.159392,5150.823127885967,0.7867270688302642
360811039003,360811039003,Block Group 3; Census Tract 1039; Queens County; New York,Queens,882,367,261,0.7111716621253406,316,148,0.4683544303797468,52,0.0589569160997732,128,0.1451247165532879,78,0.0884353741496598,0,0.0,219,0.2482993197278911,585,0.6632653061224489,67,0.1825613079019073,36081103900,6539,551,0.0842636488759749,6540,663,0.1013761467889908,6540,590,0.0902140672782874,169403,0.169403,5206.519365064373,0.8445169726526355
360810103003,360810103003,Block Group 3; Census Tract 103; Queens County; New York,Queens,766,471,425,0.902335456475584,439,170,0.3872437357630979,57,0.0744125326370757,154,0.2010443864229765,478,0.6240208877284595,10,0.0130548302872062,141,0.1840731070496083,96,0.1253263707571801,88,0.1868365180467091,36081010300,3887,453,0.1165423205556984,3915,454,0.1159642401021711,3915,105,0.0268199233716475,43929,0.043929,17437.228254683694,0.8523453696520796
360811047003,360811047003,Block Group 3; Census Tract 1047; Queens County; New York,Queens,1971,787,487,0.6188055908513341,853,268,0.3141852286049238,89,0.0451547437848807,460,0.2333840690005073,172,0.0872653475393201,24,0.0121765601217656,1122,0.5692541856925418,651,0.3302891933028919,245,0.3113087674714104,36081104700,6679,1053,0.1576583320856415,6656,515,0.077373798076923,6656,256,0.0384615384615384,184079,0.184079,10707.359340283248,0.7921505572402314
360811059003,360811059003,Block Group 3; Census Tract 1059; Queens County; New York,Queens,430,159,11,0.0691823899371069,175,41,0.2342857142857143,20,0.0465116279069767,120,0.2790697674418604,223,0.5186046511627908,8,0.0186046511627906,64,0.1488372093023255,125,0.2906976744186046,0,0.0,36081105900,3640,310,0.0851648351648351,3641,339,0.0931062894809118,3641,68,0.0186761878604778,165136,0.165136,2603.9143493847496,0.6267598396217635
360810105003,360810105003,Block Group 3; Census Tract 105; Queens County; New York,Queens,1868,701,564,0.8045649072753209,570,179,0.3140350877192982,298,0.1595289079229122,325,0.173982869379015,1033,0.5529978586723768,0,0.0,376,0.2012847965738758,391,0.2093147751605995,141,0.2011412268188302,36081010500,4668,624,0.1336760925449871,4668,774,0.1658097686375321,4668,258,0.0552699228791773,73608,0.073608,25377.67633952831,0.8304781053553785
360811085003,360811085003,Block Group 3; Census Tract 1085; Queens County; New York,Queens,905,398,76,0.1909547738693467,332,23,0.0692771084337349,135,0.149171270718232,435,0.4806629834254143,443,0.4895027624309392,3,0.0033149171270718,363,0.4011049723756906,79,0.087292817679558,90,0.2261306532663316,36081108500,2770,248,0.0895306859205776,2790,418,0.1498207885304659,2790,174,0.0623655913978494,205962,0.205962,4394.014429846282,0.5214362486830599
360811093003,360811093003,Block Group 3; Census Tract 1093; Queens County; New York,Queens,1222,453,52,0.1147902869757174,560,91,0.1625,179,0.146481178396072,300,0.2454991816693944,850,0.6955810147299509,0,0.0,248,0.2029459901800327,124,0.1014729950900163,66,0.1456953642384106,36081109300,2808,174,0.0619658119658119,2808,386,0.1374643874643874,2808,142,0.0505698005698005,234497,0.234497,5211.154087259112,0.6364277870461078
360811097003,360811097003,Block Group 3; Census Tract 1097; Queens County; New York,Queens,804,319,165,0.5172413793103449,509,86,0.1689587426326129,74,0.0920398009950248,175,0.2176616915422885,431,0.5360696517412935,0,0.0,268,0.3333333333333333,105,0.1305970149253731,68,0.2131661442006269,36081109700,1899,73,0.0384412848867825,1899,200,0.105318588730911,1899,102,0.0537124802527646,111965,0.111965,7180.815433394365,0.7686913886212591
360811099003,360811099003,Block Group 3; Census Tract 1099; Queens County; New York,Queens,716,295,97,0.3288135593220339,340,89,0.2617647058823529,217,0.303072625698324,55,0.0768156424581005,110,0.1536312849162011,0,0.0,118,0.164804469273743,182,0.2541899441340782,97,0.3288135593220339,36081109900,3398,391,0.1150676868746321,3398,366,0.1077104178928781,3398,85,0.0250147145379635,100264,0.100264,7141.147370940716,0.5581752042607456
360811113003,360811113003,Block Group 3; Census Tract 1113; Queens County; New York,Queens,1035,294,44,0.1496598639455782,426,126,0.2957746478873239,303,0.2927536231884058,241,0.2328502415458937,300,0.2898550724637681,8,0.0077294685990338,577,0.557487922705314,73,0.0705314009661835,64,0.2176870748299319,36081111300,2714,290,0.1068533529845246,2714,195,0.0718496683861459,2714,134,0.0493736182756079,156668,0.156668,6606.326754665918,0.7771379951428035
360811129003,360811129003,Block Group 3; Census Tract 1129; Queens County; New York,Queens,1070,392,227,0.5790816326530612,490,89,0.1816326530612245,202,0.1887850467289719,225,0.2102803738317757,240,0.2242990654205607,6,0.005607476635514,414,0.3869158878504672,365,0.3411214953271028,99,0.2525510204081632,36081112900,2204,133,0.0603448275862069,2204,283,0.1284029038112522,2204,159,0.0721415607985481,83110,0.08311,12874.503669835158,0.8665344115509727
360811139003,360811139003,Block Group 3; Census Tract 1139; Queens County; New York,Queens,989,401,207,0.516209476309227,527,200,0.3795066413662239,168,0.1698685540950455,263,0.2659251769464105,383,0.3872598584428716,0,0.0,397,0.4014155712841253,79,0.0798786653185035,58,0.1446384039900249,36081113900,4051,571,0.1409528511478647,4051,441,0.1088620093803999,4051,167,0.0412243890397432,114914,0.114914,8606.43611744435,0.794738709616542
360810113003,360810113003,Block Group 3; Census Tract 113; Queens County; New York,Queens,977,482,462,0.95850622406639,760,367,0.4828947368421052,75,0.0767656090071648,75,0.0767656090071648,785,0.8034800409416581,35,0.0358239508700102,67,0.0685772773797338,90,0.0921187308085977,21,0.0435684647302904,36081011300,4443,379,0.0853027233851001,4445,265,0.0596175478065241,4445,575,0.1293588301462317,67709,0.067709,14429.396387481722,0.8570965684218206
360811157003,360811157003,Block Group 3; Census Tract 1157; Queens County; New York,Queens,487,258,184,0.7131782945736435,284,118,0.4154929577464789,87,0.1786447638603696,76,0.1560574948665297,46,0.0944558521560575,0,0.0,388,0.7967145790554415,53,0.108829568788501,188,0.7286821705426356,36081115700,3136,759,0.2420280612244898,3136,201,0.064094387755102,3136,309,0.0985331632653061,61742,0.061742,7887.66155939231,0.8184661277169843
360811159003,360811159003,Block Group 3; Census Tract 1159; Queens County; New York,Queens,2358,925,714,0.7718918918918919,1192,355,0.2978187919463087,397,0.1683630195080576,447,0.1895674300254453,195,0.0826972010178117,161,0.0682782018659881,1605,0.6806615776081425,229,0.0971162001696352,225,0.2432432432432432,36081115900,3883,450,0.1158897759464331,3884,398,0.1024716786817713,3884,353,0.090885684860968,66265,0.066265,35584.39598581453,0.8231127744686977
360811163013,360811163013,Block Group 3; Census Tract 1163.01; Queens County; New York,Queens,1278,409,376,0.9193154034229828,569,246,0.4323374340949033,33,0.0258215962441314,616,0.4820031298904538,209,0.1635367762128325,98,0.0766823161189358,695,0.5438184663536776,214,0.1674491392801252,295,0.7212713936430318,36081116301,3729,1063,0.2850630195762939,3729,377,0.1010994904800214,3729,1083,0.2904263877715205,63152,0.063152,20236.88877628579,0.8338252263360069
360811171003,360811171003,Block Group 3; Census Tract 1171; Queens County; New York,Queens,1090,431,314,0.728538283062645,626,123,0.1964856230031949,99,0.0908256880733945,71,0.065137614678899,98,0.0899082568807339,40,0.036697247706422,669,0.6137614678899083,176,0.1614678899082569,75,0.1740139211136891,36081117100,2525,296,0.1172277227722772,2525,329,0.1302970297029703,2525,433,0.1714851485148515,93359,0.093359,11675.360704377725,0.8714727117083344
360811175003,360811175003,Block Group 3; Census Tract 1175; Queens County; New York,Queens,973,412,198,0.4805825242718446,535,178,0.3327102803738317,273,0.2805755395683453,190,0.1952723535457348,211,0.2168550873586844,0,0.0,352,0.3617677286742035,268,0.2754367934224049,46,0.1116504854368932,36081117500,4464,745,0.1668906810035842,4461,245,0.0549204214301726,4461,515,0.1154449674960771,140460,0.14046,6927.239071621814,0.8440904893700245
360810117003,360810117003,Block Group 3; Census Tract 117; Queens County; New York,Queens,867,422,367,0.8696682464454977,616,263,0.4269480519480519,35,0.0403690888119953,126,0.1453287197231834,445,0.5132641291810842,0,0.0,62,0.0715109573241061,333,0.3840830449826989,75,0.1777251184834123,36081011700,3996,386,0.0965965965965966,4015,128,0.0318804483188044,4015,129,0.0321295143212951,73786,0.073786,11750.196514243891,0.8423357570281084
360811215003,360811215003,Block Group 3; Census Tract 1215; Queens County; New York,Queens,1444,502,377,0.750996015936255,738,345,0.4674796747967479,317,0.2195290858725762,176,0.1218836565096952,110,0.0761772853185595,119,0.0824099722991689,773,0.5353185595567868,186,0.1288088642659279,223,0.4442231075697211,36081121500,4420,432,0.0977375565610859,4420,335,0.0757918552036199,4420,368,0.0832579185520362,139847,0.139847,10325.570087309705,0.8410352859691043
360811223003,360811223003,Block Group 3; Census Tract 1223; Queens County; New York,Queens,975,352,55,0.15625,434,128,0.2949308755760368,128,0.1312820512820512,292,0.2994871794871795,380,0.3897435897435897,0,0.0,556,0.5702564102564103,39,0.04,114,0.3238636363636363,36081122300,3166,256,0.0808591282375236,3166,145,0.0457991156032849,3166,180,0.0568540745420088,234091,0.234091,4165.0469261953685,0.6009785315185814
360811227023,360811227023,Block Group 3; Census Tract 1227.02; Queens County; New York,Queens,1711,691,691,1.0,426,252,0.5915492957746479,648,0.3787258912916423,244,0.1426066627703097,53,0.0309760374050263,707,0.4132086499123319,1,0.0005844535359438,804,0.4699006428988895,57,0.0824891461649783,36081122702,6209,1932,0.3111612175873732,6209,1327,0.2137220164277661,6209,364,0.0586245772266065,113859,0.113859,15027.358399423849,0.7954862663468444
360811227033,360811227033,Block Group 3; Census Tract 1227.03; Queens County; New York,Queens,1126,578,482,0.8339100346020761,620,192,0.3096774193548387,191,0.169626998223801,134,0.1190053285968028,456,0.4049733570159858,499,0.4431616341030195,20,0.0177619893428063,133,0.1181172291296625,22,0.0380622837370242,36081122703,5896,737,0.125,5896,1193,0.2023405698778833,5896,72,0.0122116689280868,56815,0.056815,19818.709847751474,0.7668979463396234
360811227043,360811227043,Block Group 3; Census Tract 1227.04; Queens County; New York,Queens,1065,344,126,0.3662790697674418,417,190,0.4556354916067146,130,0.1220657276995305,296,0.2779342723004694,257,0.2413145539906103,0,0.0,738,0.6929577464788732,70,0.0657276995305164,147,0.4273255813953488,36081122704,5015,561,0.111864406779661,5015,375,0.0747756729810568,5015,133,0.0265204386839481,92869,0.092869,11467.766423672056,0.6140991049271718
360810123013,360810123013,Block Group 3; Census Tract 123.01; Queens County; New York,Queens,969,325,125,0.3846153846153846,411,84,0.2043795620437956,188,0.1940144478844169,249,0.2569659442724458,625,0.6449948400412797,14,0.0144478844169246,0,0.0,303,0.3126934984520124,42,0.1292307692307692,36081012301,3328,125,0.0375600961538461,3343,165,0.0493568650912354,3343,286,0.0855518994914747,180160,0.18016,5378.5523978685615,0.78855272899378
360811241003,360811241003,Block Group 3; Census Tract 1241; Queens County; New York,Queens,956,344,276,0.8023255813953488,540,181,0.3351851851851852,166,0.1736401673640167,172,0.1799163179916318,220,0.2301255230125523,116,0.1213389121338912,336,0.3514644351464435,274,0.2866108786610878,71,0.2063953488372093,36081124100,3820,154,0.0403141361256544,3820,445,0.1164921465968586,3820,68,0.0178010471204188,128762,0.128762,7424.550721486154,0.6471923264742507
360811247003,360811247003,Block Group 3; Census Tract 1247; Queens County; New York,Queens,1512,454,146,0.3215859030837004,611,185,0.3027823240589198,468,0.3095238095238095,318,0.2103174603174603,523,0.3458994708994709,0,0.0,741,0.490079365079365,0,0.0,68,0.1497797356828193,36081124700,3910,163,0.0416879795396419,3911,312,0.0797749936077729,3911,126,0.0322168243416006,167658,0.167658,9018.358801846616,0.8632152591216902
360811257003,360811257003,Block Group 3; Census Tract 1257; Queens County; New York,Queens,886,304,155,0.5098684210526315,272,25,0.0919117647058823,103,0.1162528216704289,345,0.3893905191873589,163,0.1839729119638826,124,0.1399548532731377,296,0.3340857787810384,294,0.3318284424379232,92,0.3026315789473684,36081125700,3007,338,0.1124043897572331,3043,468,0.1537955964508708,3043,199,0.065395990798554,92911,0.092911,9536.00757714372,0.8678007706013116
360811267003,360811267003,Block Group 3; Census Tract 1267; Queens County; New York,Queens,910,229,71,0.3100436681222707,449,226,0.5033407572383074,162,0.178021978021978,118,0.1296703296703296,153,0.1681318681318681,215,0.2362637362637362,331,0.3637362637362637,184,0.2021978021978022,35,0.1528384279475982,36081126700,2164,184,0.0850277264325323,4329,339,0.0783090783090783,4329,269,0.0621390621390621,105651,0.105651,8613.264427217917,0.834181625992745
360811277003,360811277003,Block Group 3; Census Tract 1277; Queens County; New York,Queens,333,170,78,0.4588235294117647,170,70,0.4117647058823529,0,0.0,171,0.5135135135135135,195,0.5855855855855856,0,0.0,47,0.1411411411411411,33,0.0990990990990991,35,0.2058823529411764,36081127700,2973,248,0.0834174234779683,2980,161,0.0540268456375838,2980,176,0.0590604026845637,253747,0.253747,1312.3307861767823,0.8183276301814263
360811291023,360811291023,Block Group 3; Census Tract 1291.02; Queens County; New York,Queens,819,206,0,0.0,350,34,0.0971428571428571,216,0.2637362637362637,134,0.1636141636141636,750,0.9157509157509156,5,0.0061050061050061,37,0.0451770451770451,18,0.0219780219780219,1,0.0048543689320388,36081129102,3807,285,0.0748620961386918,3807,180,0.0472813238770685,3807,69,0.0181245074862096,250577,0.250577,3268.4564026227467,0.8331567020562146
360811291033,360811291033,Block Group 3; Census Tract 1291.03; Queens County; New York,Queens,704,223,49,0.2197309417040358,201,38,0.1890547263681592,210,0.2982954545454545,190,0.2698863636363636,410,0.5823863636363636,0,0.0,140,0.1988636363636363,59,0.0838068181818181,6,0.0269058295964125,36081129103,4179,542,0.1296960995453457,4179,493,0.1179708064130174,4179,79,0.0189040440296721,185070,0.18507,3803.966066893608,0.8437816890819144
360811291043,360811291043,Block Group 3; Census Tract 1291.04; Queens County; New York,Queens,906,358,170,0.4748603351955307,532,175,0.3289473684210526,191,0.2108167770419426,117,0.1291390728476821,213,0.2350993377483443,134,0.1479028697571744,391,0.4315673289183223,87,0.0960264900662251,0,0.0,36081129104,4192,346,0.0825381679389313,4192,523,0.1247614503816793,4192,238,0.0567748091603053,145643,0.145643,6220.690318106604,0.7651019421896865
360810012003,360810012003,Block Group 3; Census Tract 12; Queens County; New York,Queens,2504,535,305,0.5700934579439252,1073,609,0.5675675675675675,738,0.2947284345047923,234,0.0934504792332268,213,0.0850638977635782,29,0.0115814696485623,282,0.1126198083067092,1730,0.6908945686900958,98,0.1831775700934579,36081001200,4591,254,0.0553256371160967,4603,550,0.1194872908972409,4603,414,0.0899413426026504,82946,0.082946,30188.31528946543,0.567688038847935
360811301003,360811301003,Block Group 3; Census Tract 1301; Queens County; New York,Queens,328,122,65,0.5327868852459017,101,13,0.1287128712871287,60,0.1829268292682926,149,0.4542682926829268,62,0.1890243902439024,0,0.0,251,0.7652439024390244,0,0.0,28,0.2295081967213114,36081130100,4015,243,0.0605230386052303,4044,635,0.15702274975272,4044,37,0.0091493570722057,190122,0.190122,1725.2080243212251,0.8215089566788238
360811333003,360811333003,Block Group 3; Census Tract 1333; Queens County; New York,Queens,1387,353,29,0.0821529745042493,690,282,0.408695652173913,332,0.2393655371304974,274,0.1975486661860129,1045,0.7534246575342466,0,0.0,96,0.0692141312184571,246,0.1773612112472963,30,0.0849858356940509,36081133300,3886,399,0.1026762738033968,3886,356,0.0916109109624292,3886,90,0.0231600617601646,196241,0.196241,7067.840053811385,0.8605157883354012
360811341003,360811341003,Block Group 3; Census Tract 1341; Queens County; New York,Queens,1120,459,276,0.6013071895424836,547,85,0.1553930530164533,231,0.20625,215,0.1919642857142857,218,0.1946428571428571,0,0.0,786,0.7017857142857142,116,0.1035714285714285,103,0.2244008714596949,36081134100,2857,254,0.0889044452222611,2857,192,0.0672033601680084,2857,157,0.0549527476373818,164159,0.164159,6822.65364676929,0.6022717733803741
360811347013,360811347013,Block Group 3; Census Tract 1347.01; Queens County; New York,Queens,1133,370,370,1.0,505,84,0.1663366336633663,355,0.3133274492497793,108,0.0953221535745807,190,0.1676963812886143,69,0.0609002647837599,502,0.4430714916151809,372,0.3283318623124448,0,0.0,36081134701,4809,366,0.0761072988147223,4809,374,0.0777708463297982,4809,149,0.0309835724682886,78713,0.078713,14394.064512850482,0.8254537810202109
360810134003,360810134003,Block Group 3; Census Tract 134; Queens County; New York,Queens,1305,553,502,0.9077757685352622,444,163,0.3671171171171171,245,0.1877394636015325,341,0.2613026819923371,429,0.328735632183908,33,0.025287356321839,88,0.0674329501915708,755,0.578544061302682,75,0.1356238698010849,36081013400,5720,421,0.0736013986013986,5802,786,0.1354705274043433,5802,167,0.0287831782144088,34628,0.034628,37686.26544992492,0.8022794511453115
360811367003,360811367003,Block Group 3; Census Tract 1367; Queens County; New York,Queens,932,163,31,0.1901840490797546,272,0,0.0,106,0.1137339055793991,479,0.5139484978540773,254,0.2725321888412017,0,0.0,664,0.7124463519313304,14,0.0150214592274678,33,0.2024539877300613,36081136700,5903,363,0.0614941555141453,5903,451,0.0764018295781805,5903,105,0.0177875656445874,245384,0.245384,3798.1286473445703,0.5805276289224031
360811377003,360811377003,Block Group 3; Census Tract 1377; Queens County; New York,Queens,2022,686,146,0.2128279883381924,1011,165,0.1632047477744807,449,0.2220573689416419,256,0.1266073194856577,586,0.2898120672601385,270,0.1335311572700296,852,0.4213649851632047,287,0.1419386745796241,157,0.2288629737609329,36081137700,6759,315,0.0466045272969374,6759,676,0.1000147950880307,6759,678,0.1003106968486462,209343,0.209343,9658.789641879595,0.71125185797001
360811385013,360811385013,Block Group 3; Census Tract 1385.01; Queens County; New York,Queens,747,201,129,0.6417910447761194,416,145,0.3485576923076923,178,0.2382864792503346,69,0.0923694779116465,84,0.1124497991967871,0,0.0,655,0.8768406961178046,8,0.0107095046854083,58,0.2885572139303483,36081138501,4187,495,0.1182230714115118,4189,410,0.0978753879207448,4189,114,0.0272141322511339,154774,0.154774,4826.392029669066,0.6014727892030803
360811417003,360811417003,Block Group 3; Census Tract 1417; Queens County; New York,Queens,797,299,48,0.1605351170568562,238,102,0.4285714285714285,34,0.0426599749058971,442,0.5545796737766625,237,0.2973651191969887,0,0.0,441,0.5533249686323714,108,0.1355081555834379,64,0.2140468227424749,36081141700,4300,670,0.1558139534883721,4300,415,0.0965116279069767,4300,267,0.0620930232558139,132540,0.13254,6013.2790101101555,0.6097904540464152
360811429003,360811429003,Block Group 3; Census Tract 1429; Queens County; New York,Queens,729,251,83,0.3306772908366533,378,128,0.3386243386243386,161,0.2208504801097393,110,0.1508916323731138,191,0.262002743484225,0,0.0,504,0.691358024691358,21,0.0288065843621399,58,0.2310756972111553,36081142900,3678,223,0.0606307775965198,3678,351,0.0954323001631321,3678,194,0.0527460576400217,149444,0.149444,4878.081421803485,0.8077460310937327
360811441003,360811441003,Block Group 3; Census Tract 1441; Queens County; New York,Queens,701,245,86,0.3510204081632653,333,93,0.2792792792792792,178,0.2539229671897289,86,0.122681883024251,258,0.3680456490727532,0,0.0,443,0.6319543509272468,0,0.0,78,0.3183673469387755,36081144100,3002,177,0.058960692871419,3002,256,0.0852764823451032,3002,62,0.0206528980679546,77078,0.077078,9094.683307818055,0.8379828260622445
360811459003,360811459003,Block Group 3; Census Tract 1459; Queens County; New York,Queens,992,357,146,0.4089635854341736,541,79,0.1460258780036968,217,0.21875,99,0.0997983870967741,326,0.3286290322580645,0,0.0,308,0.3104838709677419,335,0.3377016129032258,103,0.2885154061624649,36081145900,2757,257,0.0932172651432716,2781,286,0.1028407047824523,2781,83,0.0298453793599424,115995,0.115995,8552.092762619079,0.8480946632877455
360811467003,360811467003,Block Group 3; Census Tract 1467; Queens County; New York,Queens,678,396,177,0.4469696969696969,233,36,0.1545064377682403,60,0.0884955752212389,225,0.331858407079646,417,0.6150442477876106,2,0.0029498525073746,165,0.243362831858407,94,0.1386430678466076,42,0.106060606060606,36081146700,2762,266,0.0963070238957277,2762,222,0.0803765387400434,2762,236,0.0854453294713975,135579,0.135579,5000.774456221096,0.7981668874108074
360811479003,360811479003,Block Group 3; Census Tract 1479; Queens County; New York,Queens,1483,550,267,0.4854545454545454,739,103,0.1393775372124492,278,0.1874578556979096,267,0.1800404585300067,391,0.2636547538772757,0,0.0,584,0.3937963587322994,416,0.2805124747134187,135,0.2454545454545454,36081147900,4249,434,0.1021416803953871,4249,457,0.1075547187573546,4249,386,0.0908449046834549,197372,0.197372,7513.730417688426,0.6512302467234815
360810147003,360810147003,Block Group 3; Census Tract 147; Queens County; New York,Queens,776,471,471,1.0,439,201,0.4578587699316628,127,0.163659793814433,18,0.0231958762886597,314,0.4046391752577319,113,0.1456185567010309,48,0.0618556701030927,187,0.2409793814432989,0,0.0,36081014700,3066,304,0.0991519895629484,3065,268,0.0874388254486133,3065,295,0.0962479608482871,49321,0.049321,15733.66314551611,0.8217855160046218
360811483003,360811483003,Block Group 3; Census Tract 1483; Queens County; New York,Queens,1244,411,15,0.0364963503649635,455,83,0.1824175824175824,261,0.2098070739549839,506,0.4067524115755627,1055,0.8480707395498392,0,0.0,104,0.0836012861736334,79,0.0635048231511254,8,0.0194647201946472,36081148300,2974,146,0.0490921318090114,2974,361,0.1213853396099529,2974,14,0.0047074646940147,315868,0.315868,3938.3539959730015,0.7002680300318277
360810014003,360810014003,Block Group 3; Census Tract 14; Queens County; New York,Queens,1275,469,375,0.7995735607675906,600,365,0.6083333333333333,284,0.2227450980392157,7,0.0054901960784313,312,0.2447058823529412,58,0.0454901960784313,325,0.2549019607843137,580,0.4549019607843137,0,0.0,36081001400,3609,425,0.1177611526738708,3609,383,0.1061235799390412,3609,144,0.0399002493765586,68256,0.068256,18679.676511954993,0.3982988248924302
360811507013,360811507013,Block Group 3; Census Tract 1507.01; Queens County; New York,Queens,933,374,194,0.5187165775401069,334,23,0.0688622754491018,261,0.2797427652733119,237,0.2540192926045016,563,0.6034297963558414,0,0.0,174,0.1864951768488746,151,0.1618435155412647,61,0.1631016042780748,36081150701,3123,135,0.0432276657060518,3123,217,0.0694844700608389,3123,43,0.0137688120397054,222633,0.222633,4190.753392354233,0.6830776843458823
360811507023,360811507023,Block Group 3; Census Tract 1507.02; Queens County; New York,Queens,832,469,223,0.4754797441364605,311,51,0.1639871382636656,40,0.048076923076923,463,0.5564903846153846,453,0.5444711538461539,38,0.0456730769230769,235,0.2824519230769231,106,0.1274038461538461,59,0.1257995735607676,36081150702,3047,183,0.0600590744995077,3047,589,0.1933048900557925,3047,35,0.0114867082376107,239244,0.239244,3477.6211733627592,0.7857171234220582
360811529013,360811529013,Block Group 3; Census Tract 1529.01; Queens County; New York,Queens,1773,908,170,0.1872246696035242,760,85,0.1118421052631579,237,0.1336717428087986,498,0.2808798646362098,1056,0.5956006768189509,0,0.0,463,0.2611393119007332,174,0.0981387478849407,114,0.1255506607929515,36081152901,5613,487,0.0867628719045073,5613,1183,0.2107607340103331,5613,119,0.0212007838945305,318816,0.318816,5561.201445347787,0.7485300124086584
360811529023,360811529023,Block Group 3; Census Tract 1529.02; Queens County; New York,Queens,2057,652,283,0.4340490797546012,1169,46,0.039349871685201,342,0.1662615459406903,460,0.2236266407389402,519,0.2523091881380651,37,0.0179873602333495,939,0.456490034030141,406,0.1973748176956733,48,0.0736196319018405,36081152902,6530,113,0.0173047473200612,6530,397,0.0607963246554364,6530,198,0.0303215926493108,267056,0.267056,7702.504343658258,0.7784219218219832
360811551033,360811551033,Block Group 3; Census Tract 1551.03; Queens County; New York,Queens,1594,673,367,0.5453194650817236,867,76,0.0876585928489042,231,0.144918444165621,366,0.2296110414052697,602,0.3776662484316185,276,0.1731493099121706,185,0.1160602258469259,448,0.2810539523212045,45,0.0668647845468053,36081155103,4325,363,0.0839306358381502,4325,755,0.1745664739884393,4325,101,0.0233526011560693,145344,0.145344,10967.084984588288,0.8406211602567234
360811571013,360811571013,Block Group 3; Census Tract 1571.01; Queens County; New York,Queens,372,192,99,0.515625,165,35,0.2121212121212121,18,0.0483870967741935,155,0.4166666666666667,81,0.2177419354838709,0,0.0,234,0.6290322580645161,57,0.1532258064516129,68,0.3541666666666667,36081157101,8073,727,0.0900532639663074,8073,1119,0.1386101820884429,8073,412,0.0510343119038771,66118,0.066118,5626.304485919115,0.8395385777804806
360811579013,360811579013,Block Group 3; Census Tract 1579.01; Queens County; New York,Queens,505,241,62,0.2572614107883817,206,75,0.3640776699029126,28,0.0554455445544554,209,0.4138613861386138,147,0.291089108910891,0,0.0,254,0.502970297029703,97,0.192079207920792,47,0.1950207468879668,36081157901,5064,712,0.1406003159557662,5064,709,0.1400078988941548,5064,143,0.0282385466034755,137077,0.137077,3684.060783355341,0.8301062558268401
360811579023,360811579023,Block Group 3; Census Tract 1579.02; Queens County; New York,Queens,617,219,21,0.0958904109589041,300,66,0.22,10,0.0162074554294975,292,0.473257698541329,97,0.1572123176661264,0,0.0,356,0.5769854132901134,131,0.2123176661264181,9,0.0410958904109589,36081157902,3632,149,0.0410242290748898,3635,680,0.18707015130674,3635,113,0.0310866574965612,142523,0.142523,4329.125825305389,0.8273473619435721
360811579033,360811579033,Block Group 3; Census Tract 1579.03; Queens County; New York,Queens,1045,395,64,0.1620253164556962,689,239,0.3468795355587808,106,0.1014354066985645,196,0.1875598086124402,270,0.2583732057416268,128,0.1224880382775119,558,0.5339712918660288,53,0.0507177033492822,24,0.060759493670886,36081157903,3671,155,0.0422228275674203,3671,313,0.0852628711522745,3671,64,0.0174339417052574,221828,0.221828,4710.8570604251945,0.77922469822201
360810158013,360810158013,Block Group 3; Census Tract 158.01; Queens County; New York,Queens,1260,323,211,0.653250773993808,541,216,0.399260628465804,119,0.0944444444444444,342,0.2714285714285714,0,0.0,60,0.0476190476190476,342,0.2714285714285714,738,0.5857142857142857,28,0.0866873065015479,36081015801,3836,538,0.1402502606882169,3836,364,0.0948905109489051,3836,459,0.1196558915537017,88614,0.088614,14218.972171440178,0.7818734658047101
360810158023,360810158023,Block Group 3; Census Tract 158.02; Queens County; New York,Queens,2402,521,322,0.6180422264875239,1312,438,0.3338414634146341,500,0.2081598667776852,252,0.1049125728559533,99,0.0412156536219816,438,0.1823480432972523,671,0.2793505412156536,955,0.3975853455453788,41,0.0786948176583493,36081015802,5268,407,0.0772589217919514,5464,727,0.1330527086383601,5464,421,0.0770497803806735,92711,0.092711,25908.468250800874,0.5843774364835758
360810159003,360810159003,Block Group 3; Census Tract 159; Queens County; New York,Queens,378,255,255,1.0,186,140,0.7526881720430108,16,0.0423280423280423,177,0.4682539682539682,284,0.7513227513227513,28,0.074074074074074,13,0.0343915343915343,37,0.0978835978835978,42,0.1647058823529411,36081015900,3699,338,0.0913760475804271,3699,418,0.1130035144633684,3699,386,0.1043525277101919,32450,0.03245,11648.690292758089,0.8236131135227247
360811617003,360811617003,Block Group 3; Census Tract 1617; Queens County; New York,Queens,932,349,193,0.5530085959885387,512,91,0.177734375,195,0.2092274678111588,126,0.1351931330472103,382,0.4098712446351931,0,0.0,374,0.4012875536480687,139,0.1491416309012875,7,0.0200573065902578,36081161700,4843,288,0.059467272351848,4843,548,0.1131530043361552,4843,90,0.0185835226099525,144702,0.144702,6440.8232090779675,0.7830628821338849
360811621003,360811621003,Block Group 3; Census Tract 1621; Queens County; New York,Queens,1884,501,195,0.3892215568862275,804,356,0.4427860696517413,528,0.2802547770700637,339,0.179936305732484,339,0.179936305732484,165,0.0875796178343949,1230,0.6528662420382165,150,0.0796178343949044,9,0.0179640718562874,36081162100,6327,174,0.0275011853959222,6340,856,0.1350157728706624,6340,440,0.0694006309148265,118070,0.11807,15956.635893961213,0.7344464926080702
360810163003,360810163003,Block Group 3; Census Tract 163; Queens County; New York,Queens,2594,1098,1098,1.0,540,200,0.3703703703703703,650,0.2505782575173477,587,0.2262914417887432,106,0.0408635312259059,655,0.2525057825751735,160,0.061680801850424,1516,0.5844255975327679,256,0.2331511839708561,36081016300,3956,821,0.2075328614762386,3956,816,0.2062689585439838,3956,271,0.0685035389282103,99913,0.099913,25962.58745108244,0.6198650074855433
360810169003,360810169003,Block Group 3; Census Tract 169; Queens County; New York,Queens,1393,507,401,0.7909270216962525,741,479,0.6464237516869096,280,0.2010050251256281,148,0.1062455132806891,392,0.2814070351758794,0,0.0,507,0.3639626704953338,474,0.3402727925340991,34,0.0670611439842209,36081016900,5859,398,0.0679296808329066,5859,309,0.0527393753200204,5859,352,0.0600785116914149,49735,0.049735,28008.44475721323,0.6266703459717854
360810181013,360810181013,Block Group 3; Census Tract 181.01; Queens County; New York,Queens,1482,798,732,0.9172932330827068,949,599,0.631190727081138,125,0.0843454790823211,195,0.131578947368421,410,0.2766531713900135,53,0.0357624831309041,272,0.1835357624831309,692,0.4669365721997301,145,0.181704260651629,36081018101,3522,503,0.142816581487791,3532,296,0.0838052095130237,3532,435,0.1231596828992072,38233,0.038233,38762.32573954437,0.6489850038897383
360810181023,360810181023,Block Group 3; Census Tract 181.02; Queens County; New York,Queens,1686,686,658,0.9591836734693876,849,495,0.5830388692579506,386,0.228944246737841,195,0.1156583629893238,423,0.2508896797153025,0,0.0,923,0.5474495848161328,266,0.1577698695136417,126,0.1836734693877551,36081018102,3680,213,0.0578804347826086,3680,283,0.0769021739130434,3680,98,0.0266304347826086,28979,0.028979,58180.06142378964,0.6387346674997172
360810183003,360810183003,Block Group 3; Census Tract 183; Queens County; New York,Queens,1036,562,539,0.9590747330960854,571,312,0.5464098073555166,225,0.2171814671814672,120,0.1158301158301158,381,0.3677606177606177,19,0.0183397683397683,359,0.3465250965250965,170,0.1640926640926641,41,0.0729537366548042,36081018300,5057,945,0.1868696855843385,5058,321,0.0634638196915777,5058,246,0.0486358244365361,31796,0.031796,32582.71480689395,0.6421450487133377
360810185013,360810185013,Block Group 3; Census Tract 185.01; Queens County; New York,Queens,1377,485,439,0.9051546391752576,804,436,0.5422885572139303,279,0.2026143790849673,149,0.1082062454611474,257,0.186637618010167,0,0.0,283,0.205519244734931,824,0.59840232389252,78,0.1608247422680412,36081018501,3696,371,0.1003787878787878,3696,279,0.0754870129870129,3696,300,0.0811688311688311,32886,0.032886,41871.921182266015,0.6201625310994605
360810185023,360810185023,Block Group 3; Census Tract 185.02; Queens County; New York,Queens,1267,619,494,0.7980613893376414,843,482,0.571767497034401,200,0.1578531965272296,181,0.1428571428571428,682,0.5382794001578532,22,0.0173638516179952,161,0.1270718232044199,320,0.2525651144435675,39,0.0630048465266559,36081018502,3071,331,0.1077824812764571,3071,216,0.0703353956366004,3071,206,0.0670791273200911,49144,0.049144,25781.377177274942,0.623270949624821
360810187003,360810187003,Block Group 3; Census Tract 187; Queens County; New York,Queens,1023,392,301,0.7678571428571429,593,365,0.6155143338954469,145,0.1417399804496578,192,0.187683284457478,188,0.1837732160312805,107,0.104594330400782,65,0.0635386119257087,663,0.6480938416422287,44,0.1122448979591836,36081018700,2702,397,0.1469282013323464,2760,304,0.1101449275362318,2760,199,0.0721014492753623,89107,0.089107,11480.579527983213,0.5938196041304701
360810189003,360810189003,Block Group 3; Census Tract 189; Queens County; New York,Queens,659,338,269,0.7958579881656804,393,275,0.6997455470737913,110,0.1669195751138088,131,0.1987860394537177,191,0.2898330804248862,34,0.0515933232169954,301,0.456752655538695,113,0.1714719271623672,55,0.1627218934911242,36081018900,3102,283,0.0912314635718891,3106,205,0.0660012878300064,3106,146,0.0470057952350289,49723,0.049723,13253.42396878708,0.6152868892321671
360810198003,360810198003,Block Group 3; Census Tract 198; Queens County; New York,Queens,1137,321,205,0.6386292834890965,586,39,0.0665529010238907,333,0.2928759894459103,45,0.0395778364116095,0,0.0,362,0.318381706244503,496,0.436235708003518,81,0.0712401055408971,69,0.2149532710280373,36081019800,3144,281,0.0893765903307888,3189,233,0.0730636563185951,3189,284,0.0890561304484164,62840,0.06284,18093.570973901977,0.8405014001097963
360810214003,360810214003,Block Group 3; Census Tract 214; Queens County; New York,Queens,2844,832,572,0.6875,1007,566,0.5620655412115194,642,0.2257383966244725,287,0.100914205344585,35,0.0123066104078762,966,0.339662447257384,850,0.2988748241912798,871,0.3062587904360056,492,0.5913461538461539,36081021400,5874,1047,0.1782431052093973,5874,383,0.0652025876744977,5874,662,0.1127000340483486,222056,0.222056,12807.58006989228,0.8837069856422809
360810220013,360810220013,Block Group 3; Census Tract 220.01; Queens County; New York,Queens,1418,579,423,0.7305699481865285,580,217,0.3741379310344828,311,0.2193229901269393,426,0.3004231311706629,300,0.2115655853314527,322,0.2270803949224259,360,0.2538787023977433,330,0.232722143864598,64,0.1105354058721934,36081022001,6402,1064,0.1661980631052796,6402,663,0.1035613870665417,6402,511,0.0798188066229303,133699,0.133699,10605.91328282186,0.8595467328326355
360810220023,360810220023,Block Group 3; Census Tract 220.02; Queens County; New York,Queens,2032,925,753,0.8140540540540541,905,415,0.4585635359116022,547,0.2691929133858268,322,0.1584645669291338,755,0.3715551181102362,321,0.1579724409448819,209,0.1028543307086614,385,0.1894685039370078,334,0.361081081081081,36081022002,6097,943,0.1546662292930949,6098,469,0.0769104624467038,6098,209,0.0342735323056739,57552,0.057552,35307.20044481513,0.8640788706131742
360810232003,360810232003,Block Group 3; Census Tract 232; Queens County; New York,Queens,2253,697,519,0.7446197991391679,645,330,0.5116279069767442,292,0.1296049711495783,898,0.3985796715490457,321,0.1424766977363515,87,0.0386151797603195,1205,0.5348424323124723,383,0.1699955614735907,283,0.406025824964132,36081023200,4638,582,0.1254851228978007,4638,616,0.1328158689090125,4638,81,0.0174644243208279,196588,0.196588,11460.51640995381,0.8192172434232808
360810238003,360810238003,Block Group 3; Census Tract 238; Queens County; New York,Queens,2168,765,765,1.0,922,447,0.4848156182212581,464,0.2140221402214022,343,0.158210332103321,0,0.0,265,0.1222324723247232,775,0.3574723247232472,1057,0.4875461254612546,281,0.3673202614379085,36081023800,4495,1044,0.232258064516129,4502,573,0.1272767658818303,4502,770,0.1710350955131052,34030,0.03403,63708.492506611816,0.8821737751687566
360810240003,360810240003,Block Group 3; Census Tract 240; Queens County; New York,Queens,2502,785,785,1.0,1291,887,0.6870642912470952,647,0.2585931254996003,523,0.2090327737809752,43,0.0171862509992006,97,0.0387689848121502,580,0.2318145483613109,1347,0.5383693045563549,242,0.30828025477707,36081024000,6530,800,0.1225114854517611,6556,515,0.0785539963392312,6556,952,0.1452104942037828,36646,0.036646,68274.84582219069,0.870350206378771
360810243003,360810243003,Block Group 3; Census Tract 243; Queens County; New York,Queens,1334,464,355,0.7650862068965517,710,318,0.447887323943662,372,0.2788605697151424,142,0.1064467766116941,431,0.3230884557721139,0,0.0,362,0.2713643178410794,541,0.4055472263868065,112,0.2413793103448276,36081024300,5591,455,0.0813807905562511,5607,548,0.0977349741394685,5607,663,0.1182450508293204,118862,0.118862,11223.099056048191,0.8058509146851477
360810245003,360810245003,Block Group 3; Census Tract 245; Queens County; New York,Queens,554,315,225,0.7142857142857143,270,226,0.837037037037037,0,0.0,176,0.3176895306859206,50,0.0902527075812274,59,0.1064981949458483,225,0.4061371841155234,209,0.3772563176895306,160,0.5079365079365079,36081024500,5063,218,0.0430574758048587,5102,699,0.1370050960407683,5102,43,0.0084280674245393,56901,0.056901,9736.208502486776,0.8382919805358484
360810249003,360810249003,Block Group 3; Census Tract 249; Queens County; New York,Queens,2034,626,626,1.0,1122,581,0.517825311942959,571,0.2807276302851524,194,0.095378564405113,244,0.119960668633235,0,0.0,703,0.3456243854473943,1069,0.5255653883972468,218,0.3482428115015974,36081024900,4967,257,0.0517414938594725,4997,360,0.0720432259355613,4997,612,0.1224734840904542,73938,0.073938,27509.53501582407,0.8605206970563402
360810251003,360810251003,Block Group 3; Census Tract 251; Queens County; New York,Queens,2009,702,637,0.9074074074074074,970,649,0.6690721649484536,379,0.1886510701841712,384,0.1911398705823793,375,0.1866600298656048,49,0.024390243902439,733,0.3648581383773021,775,0.3857640617222498,261,0.3717948717948718,36081025100,5682,696,0.1224920802534318,5703,488,0.0855689987725758,5703,316,0.055409433631422,74271,0.074271,27049.588668524724,0.8343535347343888
360810253013,360810253013,Block Group 3; Census Tract 253.01; Queens County; New York,Queens,896,541,531,0.9815157116451017,581,399,0.6867469879518072,43,0.0479910714285714,114,0.1272321428571428,372,0.4151785714285714,0,0.0,76,0.0848214285714285,440,0.4910714285714285,100,0.1848428835489833,36081025301,3660,493,0.1346994535519125,3660,478,0.1306010928961748,3660,138,0.0377049180327868,33674,0.033674,26608.065569875867,0.6505187311493253
360810254023,360810254023,Block Group 3; Census Tract 254.02; Queens County; New York,Queens,2064,1023,1023,1.0,785,546,0.6955414012738853,367,0.1778100775193798,426,0.2063953488372093,0,0.0,1002,0.4854651162790697,0,0.0,577,0.2795542635658914,99,0.0967741935483871,36081025402,5962,1304,0.2187185508218718,6013,913,0.1518376850157991,6013,203,0.0337601862630966,95920,0.09592,21517.931609674728,0.8006453916538032
360810025003,360810025003,Block Group 3; Census Tract 25; Queens County; New York,Queens,1045,833,833,1.0,506,152,0.300395256916996,60,0.0574162679425837,313,0.2995215311004784,0,0.0,380,0.3636363636363636,73,0.0698564593301435,540,0.5167464114832536,182,0.2184873949579832,36081002500,6530,1796,0.2750382848392037,6530,1168,0.1788667687595712,6530,227,0.0347626339969372,27587,0.027587,37880.16094537282,0.8117094142555032
360810261003,360810261003,Block Group 3; Census Tract 261; Queens County; New York,Queens,2291,909,879,0.966996699669967,1083,626,0.5780240073868883,328,0.1431689218681798,313,0.1366215626364033,120,0.0523788738542121,0,0.0,935,0.4081187254474029,1161,0.5067656045395024,450,0.495049504950495,36081026100,7139,432,0.0605126768454965,7175,285,0.0397212543554007,7175,648,0.0903135888501742,42180,0.04218,54314.841156946415,0.8713638829629863
360810263003,360810263003,Block Group 3; Census Tract 263; Queens County; New York,Queens,1353,430,405,0.9418604651162792,827,741,0.8960096735187424,249,0.1840354767184035,91,0.0672579453067258,45,0.0332594235033259,0,0.0,604,0.4464153732446415,575,0.4249815225424981,130,0.3023255813953488,36081026300,4529,614,0.1355707661735482,4559,207,0.0454046940118447,4559,620,0.1359947356876508,43892,0.043892,30825.662990977853,0.8573160276132042
360810267003,360810267003,Block Group 3; Census Tract 267; Queens County; New York,Queens,1422,818,780,0.9535452322738386,534,260,0.4868913857677903,186,0.1308016877637131,374,0.2630098452883263,42,0.0295358649789029,0,0.0,1050,0.7383966244725738,296,0.2081575246132208,231,0.2823960880195599,36081026700,5214,669,0.1283084004602992,5214,267,0.0512082853855005,5214,786,0.1507479861910241,79309,0.079309,17929.869245608945,0.8887481764527847
360810269013,360810269013,Block Group 3; Census Tract 269.01; Queens County; New York,Queens,1298,403,385,0.955334987593052,632,413,0.6534810126582279,229,0.1764252696456086,226,0.1741140215716486,55,0.0423728813559322,0,0.0,417,0.3212634822804314,817,0.6294298921417566,62,0.1538461538461538,36081026901,4532,946,0.2087378640776699,4532,278,0.0613415710503089,4532,688,0.1518093556928508,20818,0.020818,62349.889518685755,0.6473294026845952
360810271013,360810271013,Block Group 3; Census Tract 271.01; Queens County; New York,Queens,2759,815,701,0.8601226993865031,1044,591,0.5660919540229885,621,0.225081551286698,217,0.0786516853932584,32,0.0115984052192823,0,0.0,2152,0.7799927509967379,575,0.2084088437839797,351,0.4306748466257669,36081027101,5368,851,0.158532041728763,5409,686,0.1268256609354779,5409,973,0.1798853762248105,26615,0.026615,103663.34773623895,0.8718119026241624
360810273023,360810273023,Block Group 3; Census Tract 273.02; Queens County; New York,Queens,1998,683,683,1.0,1085,850,0.783410138248848,431,0.2157157157157157,180,0.09009009009009,43,0.0215215215215215,12,0.006006006006006,171,0.0855855855855855,1747,0.8743743743743744,407,0.595900439238653,36081027302,3807,736,0.1933280798529025,3813,502,0.1316548649357461,3813,778,0.2040388145816942,41293,0.041293,48385.92497517739,0.8596666985078112
360810275003,360810275003,Block Group 3; Census Tract 275; Queens County; New York,Queens,1796,585,574,0.9811965811965812,933,647,0.6934619506966774,478,0.2661469933184855,178,0.099109131403118,0,0.0,0,0.0,359,0.1998886414253897,1437,0.8001113585746102,329,0.5623931623931624,36081027500,6454,1559,0.2415556244189649,6454,643,0.099628137589092,6454,1566,0.2426402231174465,92472,0.092472,19422.095336966864,0.8757965910275435
360810277023,360810277023,Block Group 3; Census Tract 277.02; Queens County; New York,Queens,1310,560,495,0.8839285714285714,596,248,0.4161073825503356,165,0.1259541984732824,418,0.3190839694656489,57,0.0435114503816793,0,0.0,352,0.2687022900763359,901,0.6877862595419847,229,0.4089285714285714,36081027702,3361,537,0.1597738768223743,3397,388,0.1142184280247277,3397,253,0.074477480129526,34562,0.034562,37902.89913778137,0.8598709183399523
360810279003,360810279003,Block Group 3; Census Tract 279; Queens County; New York,Queens,1851,566,387,0.6837455830388692,724,319,0.4406077348066298,554,0.2992976769313884,211,0.1139924365207995,32,0.0172879524581307,63,0.0340356564019448,220,0.1188546731496488,1533,0.8282009724473258,252,0.4452296819787986,36081027900,8551,692,0.0809262074611156,8551,969,0.1133200795228628,8551,1667,0.1949479593030054,37548,0.037548,49296.89996804091,0.6453530084584407
360810281003,360810281003,Block Group 3; Census Tract 281; Queens County; New York,Queens,1457,677,388,0.5731166912850812,634,281,0.443217665615142,169,0.1159917638984214,437,0.2999313658201784,973,0.6678105696636926,0,0.0,99,0.0679478380233356,380,0.2608098833218943,132,0.1949778434268833,36081028100,6090,634,0.1041050903119868,6090,973,0.1597701149425287,6090,129,0.0211822660098522,36971,0.036971,39409.26672256634,0.6456331190007396
360810283003,360810283003,Block Group 3; Census Tract 283; Queens County; New York,Queens,1277,438,392,0.8949771689497716,792,460,0.5808080808080808,202,0.1581832419733751,169,0.1323414252153484,262,0.2051683633516053,114,0.0892717306186374,23,0.0180109631949882,878,0.687548942834769,92,0.2100456621004566,36081028300,7575,888,0.1172277227722772,7578,1055,0.1392187912377936,7578,766,0.1010820797044075,37040,0.03704,34476.241900647954,0.6531999531817141
360810285003,360810285003,Block Group 3; Census Tract 285; Queens County; New York,Queens,1995,843,688,0.8161328588374852,913,550,0.6024096385542169,599,0.300250626566416,277,0.1388471177944862,1045,0.5238095238095238,27,0.0135338345864661,66,0.0330827067669172,787,0.3944862155388471,44,0.0521945432977461,36081028500,4811,406,0.0843899397214716,4811,503,0.1045520681770941,4811,268,0.0557056744959467,36270,0.03627,55004.13564929694,0.8535995817811528
360810287003,360810287003,Block Group 3; Census Tract 287; Queens County; New York,Queens,1921,1053,868,0.8243114909781576,932,368,0.3948497854077253,204,0.1061946902654867,609,0.3170223841749089,909,0.4731910463300364,8,0.00416449765747,229,0.1192087454450806,763,0.3971889640812077,196,0.1861348528015194,36081028700,6422,1477,0.2299906571161631,6422,684,0.1065088757396449,6422,206,0.0320772345063843,73024,0.073024,26306.41980718668,0.8707691717317623
360810289003,360810289003,Block Group 3; Census Tract 289; Queens County; New York,Queens,3250,1347,1240,0.9205642167780252,1875,724,0.3861333333333333,766,0.2356923076923077,576,0.1772307692307692,1736,0.5341538461538462,0,0.0,471,0.1449230769230769,715,0.22,251,0.1863400148478099,36081028900,4859,439,0.0903478081909858,4859,334,0.068738423543939,4859,99,0.0203745626672154,72171,0.072171,45031.93803605326,0.8820372774439039
360810291003,360810291003,Block Group 3; Census Tract 291; Queens County; New York,Queens,1376,436,386,0.8853211009174312,524,285,0.5438931297709924,97,0.0704941860465116,559,0.40625,351,0.2550872093023256,38,0.0276162790697674,571,0.4149709302325581,410,0.2979651162790697,55,0.1261467889908256,36081029100,5962,650,0.1090238175109023,5993,491,0.0819289170699149,5993,403,0.0672451193058568,79568,0.079568,17293.38427508546,0.8513216289415462
360810294003,360810294003,Block Group 3; Census Tract 294; Queens County; New York,Queens,1375,291,74,0.2542955326460481,648,196,0.3024691358024691,303,0.2203636363636363,160,0.1163636363636363,0,0.0,958,0.6967272727272728,0,0.0,237,0.1723636363636363,0,0.0,36081029400,8509,1206,0.1417322834645669,8578,1147,0.1337141524830963,8578,451,0.0525763581254371,114354,0.114354,12024.065620791578,0.770229373612063
360810306003,360810306003,Block Group 3; Census Tract 306; Queens County; New York,Queens,1545,418,160,0.3827751196172249,818,274,0.334963325183374,287,0.1857605177993527,86,0.0556634304207119,2,0.001294498381877,963,0.6233009708737864,255,0.1650485436893204,268,0.173462783171521,1,0.0023923444976076,36081030600,5390,632,0.1172541743970315,5473,485,0.0886168463365613,5473,735,0.1342956331079846,148722,0.148722,10388.510106104006,0.7126061027650341
360810309033,360810309033,Block Group 3; Census Tract 309.03; Queens County; New York,Queens,717,241,166,0.6887966804979253,331,150,0.4531722054380664,135,0.1882845188284518,42,0.0585774058577405,23,0.0320781032078103,176,0.2454672245467224,92,0.1283124128312412,421,0.5871687587168759,19,0.0788381742738589,36081030903,5176,139,0.0268547140649149,5176,480,0.0927357032457496,5176,440,0.0850077279752704,56565,0.056565,12675.682842747285,0.8076210370515378
360810309063,360810309063,Block Group 3; Census Tract 309.06; Queens County; New York,Queens,1334,447,375,0.8389261744966443,792,406,0.5126262626262627,221,0.1656671664167916,321,0.2406296851574212,143,0.1071964017991004,0,0.0,352,0.2638680659670165,830,0.6221889055472264,157,0.3512304250559284,36081030906,4096,299,0.072998046875,4116,390,0.0947521865889212,4116,230,0.0558794946550048,47700,0.0477,27966.457023060797,0.6212088849978591
360810317003,360810317003,Block Group 3; Census Tract 317; Queens County; New York,Queens,1107,457,227,0.4967177242888402,577,367,0.6360485268630849,194,0.1752484191508581,206,0.1860885275519422,1060,0.957542908762421,0,0.0,0,0.0,47,0.042457091237579,13,0.0284463894967177,36081031700,5882,1254,0.213192791567494,5965,450,0.0754400670578373,5965,253,0.0424140821458507,101349,0.101349,10922.65340555901,0.3642259208624345
360810320003,360810320003,Block Group 3; Census Tract 320; Queens County; New York,Queens,1123,292,110,0.3767123287671233,472,93,0.1970338983050847,185,0.1647373107747106,68,0.0605520926090828,24,0.0213713268032057,524,0.4666073018699911,57,0.0507569011576135,420,0.3739982190560997,0,0.0,36081032000,5116,1211,0.2367083659108678,5433,497,0.0914780047855696,5433,369,0.0679182771949199,154489,0.154489,7269.125957187891,0.3456295261729879
360810328003,360810328003,Block Group 3; Census Tract 328; Queens County; New York,Queens,946,287,137,0.4773519163763066,354,155,0.4378531073446328,284,0.3002114164904862,144,0.1522198731501057,2,0.0021141649048625,814,0.8604651162790697,0,0.0,39,0.0412262156448203,0,0.0,36081032800,2815,281,0.0998223801065719,2882,327,0.1134628730048577,2882,188,0.0652324774462179,128298,0.128298,7373.458666541957,0.6819360330129184
360810329003,360810329003,Block Group 3; Census Tract 329; Queens County; New York,Queens,1183,468,252,0.5384615384615384,489,271,0.5541922290388548,172,0.1453930684699915,292,0.2468300929839391,44,0.0371935756551141,0,0.0,356,0.3009298393913778,703,0.5942519019442096,180,0.3846153846153846,36081032900,3582,524,0.146286990508096,3715,339,0.0912516823687752,3715,538,0.1448183041722745,143779,0.143779,8227.90532692535,0.5549659331634663
360810330003,360810330003,Block Group 3; Census Tract 330; Queens County; New York,Queens,1397,417,136,0.3261390887290168,565,198,0.3504424778761062,250,0.1789549033643521,141,0.1009305654974946,1,0.0007158196134574,1179,0.8439513242662849,62,0.0443808160343593,155,0.1109520400858983,0,0.0,36081033000,6920,572,0.0826589595375722,6943,735,0.1058620193000144,6943,528,0.0760478179461328,150090,0.15009,9307.74868412286,0.7937558259997564
360810339003,360810339003,Block Group 3; Census Tract 339; Queens County; New York,Queens,920,285,167,0.5859649122807018,440,224,0.509090909090909,184,0.2,146,0.158695652173913,233,0.2532608695652174,66,0.0717391304347826,96,0.1043478260869565,480,0.5217391304347826,42,0.1473684210526315,36081033900,3166,788,0.2488945041061276,3166,264,0.0833859759949463,3166,309,0.0975994946304485,50219,0.050219,18319.759453593266,0.5808158235599212
360810351003,360810351003,Block Group 3; Census Tract 351; Queens County; New York,Queens,1013,268,213,0.7947761194029851,413,343,0.8305084745762712,328,0.3237907206317867,124,0.1224086870681145,20,0.0197433366238894,0,0.0,67,0.0661401776900296,849,0.8381046396841066,69,0.2574626865671642,36081035100,3598,536,0.1489716509171762,3598,368,0.1022790439132851,3598,161,0.0447470817120622,43722,0.043722,23169.113947211932,0.5839896914197498
360810357003,360810357003,Block Group 3; Census Tract 357; Queens County; New York,Queens,1335,292,217,0.7431506849315068,340,95,0.2794117647058823,138,0.1033707865168539,462,0.346067415730337,163,0.1220973782771535,420,0.3146067415730337,268,0.2007490636704119,457,0.3423220973782772,22,0.0753424657534246,36081035700,4029,760,0.1886324149913129,4058,476,0.1172991621488418,4058,313,0.0771315919172005,208601,0.208601,6399.777565783481,0.5310039770703753
360810358003,360810358003,Block Group 3; Census Tract 358; Queens County; New York,Queens,690,259,156,0.6023166023166023,415,160,0.3855421686746988,127,0.1840579710144927,114,0.1652173913043478,10,0.0144927536231884,632,0.9159420289855073,20,0.0289855072463768,20,0.0289855072463768,0,0.0,36081035800,4538,278,0.0612604671661524,4511,248,0.0549767235646198,4511,358,0.0793615606295721,125281,0.125281,5507.618872774004,0.6743430897325807
360810376003,360810376003,Block Group 3; Census Tract 376; Queens County; New York,Queens,570,185,87,0.4702702702702703,274,99,0.3613138686131387,153,0.2684210526315789,82,0.143859649122807,0,0.0,544,0.9543859649122808,2,0.0035087719298245,4,0.0070175438596491,0,0.0,36081037600,6883,308,0.0447479296818247,6883,569,0.0826674415225919,6883,240,0.0348685166351881,116498,0.116498,4892.7878590190385,0.3173984919219721
360810379003,360810379003,Block Group 3; Census Tract 379; Queens County; New York,Queens,1248,331,331,1.0,739,551,0.7456021650879567,361,0.2892628205128205,0,0.0,0,0.0,92,0.0737179487179487,0,0.0,1156,0.9262820512820512,156,0.4712990936555891,36081037900,5841,620,0.1061462078411231,5841,251,0.0429720938195514,5841,1546,0.2646807053586714,66699,0.066699,18710.925201277383,0.8146525418838825
360810381003,360810381003,Block Group 3; Census Tract 381; Queens County; New York,Queens,1659,444,332,0.7477477477477478,763,574,0.7522935779816514,512,0.3086196503918023,146,0.0880048221820373,52,0.0313441832429174,142,0.0855937311633514,375,0.2260397830018083,1050,0.6329113924050633,123,0.277027027027027,36081038100,6895,1373,0.1991298042059463,6999,424,0.0605800828689812,6999,1671,0.2387483926275182,127659,0.127659,12995.55848001316,0.6144915160315352
360810394003,360810394003,Block Group 3; Census Tract 394; Queens County; New York,Queens,792,273,144,0.5274725274725275,333,107,0.3213213213213213,215,0.2714646464646464,175,0.2209595959595959,45,0.0568181818181818,645,0.8143939393939394,28,0.0353535353535353,74,0.0934343434343434,0,0.0,36081039400,3230,734,0.2272445820433436,3289,407,0.1237458193979933,3289,244,0.074186682882335,95411,0.095411,8300.92966219828,0.5590606364538021
360810404003,360810404003,Block Group 3; Census Tract 404; Queens County; New York,Queens,1056,332,142,0.4277108433734939,642,254,0.3956386292834891,147,0.1392045454545454,210,0.1988636363636363,19,0.0179924242424242,651,0.6164772727272727,117,0.1107954545454545,187,0.1770833333333333,110,0.3313253012048193,36081040400,3671,320,0.0871697085262871,3671,566,0.1541814219558703,3671,153,0.041678016889131,96943,0.096943,10892.998978781345,0.5874124774481092
360810407023,360810407023,Block Group 3; Census Tract 407.02; Queens County; New York,Queens,1562,256,223,0.87109375,850,515,0.6058823529411764,464,0.2970550576184379,425,0.2720870678617157,0,0.0,0,0.0,0,0.0,1562,1.0,144,0.5625,36081040702,4406,598,0.135724012709941,4430,302,0.0681715575620767,4430,1229,0.2774266365688487,42341,0.042341,36890.95675586312,0.8145783226404661
360810413003,360810413003,Block Group 3; Census Tract 413; Queens County; New York,Queens,897,262,192,0.732824427480916,307,154,0.501628664495114,257,0.2865105908584169,248,0.2764771460423634,0,0.0,43,0.0479375696767001,119,0.1326644370122631,735,0.8193979933110368,179,0.683206106870229,36081041300,4572,1541,0.3370516185476815,4596,203,0.0441688424717145,4596,1082,0.2354221061792863,47356,0.047356,18941.63358391756,0.8073721553294603
360810414003,360810414003,Block Group 3; Census Tract 414; Queens County; New York,Queens,1373,424,200,0.4716981132075472,497,195,0.3923541247484909,369,0.2687545520757465,224,0.1631463947560087,0,0.0,741,0.5396941005098325,26,0.0189366351056081,208,0.1514930808448652,82,0.1933962264150943,36081041400,4561,810,0.1775926331944749,4561,378,0.0828765621574216,4561,289,0.0633632975224731,115952,0.115952,11841.106664826824,0.7716322665802726
360810424003,360810424003,Block Group 3; Census Tract 424; Queens County; New York,Queens,684,191,59,0.3089005235602094,332,120,0.3614457831325301,36,0.0526315789473684,131,0.1915204678362573,24,0.0350877192982456,451,0.6593567251461988,0,0.0,125,0.1827485380116959,0,0.0,36081042400,2637,46,0.0174440652256351,2652,224,0.0844645550527903,2652,76,0.028657616892911,128885,0.128885,5307.056678434263,0.7648165940698575
360810042003,360810042003,Block Group 3; Census Tract 42; Queens County; New York,Queens,1956,402,340,0.845771144278607,823,204,0.2478736330498177,657,0.3358895705521472,205,0.1048057259713701,27,0.013803680981595,36,0.0184049079754601,1070,0.5470347648261759,797,0.4074642126789366,61,0.1517412935323383,36081004200,4523,1248,0.275923059915985,4651,413,0.0887981079337776,4651,431,0.0926682433885186,46693,0.046693,41890.647420384215,0.3161752944611014
360810437023,360810437023,Block Group 3; Census Tract 437.02; Queens County; New York,Queens,1996,676,350,0.5177514792899408,986,703,0.7129817444219066,415,0.2079158316633266,589,0.2950901803607214,0,0.0,405,0.2029058116232465,674,0.3376753507014028,917,0.4594188376753507,124,0.1834319526627219,36081043702,5850,1070,0.1829059829059829,5982,1019,0.1703443664326312,5982,710,0.1186894015379471,58366,0.058366,34197.99198163314,0.6416750694959867
360810440003,360810440003,Block Group 3; Census Tract 440; Queens County; New York,Queens,1728,481,167,0.3471933471933472,773,188,0.2432082794307891,484,0.2800925925925926,226,0.130787037037037,18,0.0104166666666666,663,0.3836805555555556,308,0.1782407407407407,474,0.2743055555555556,78,0.1621621621621621,36081044000,3821,221,0.057838262235017,3821,160,0.041873855011777,3821,260,0.0680450143941376,155516,0.155516,11111.396898068368,0.7615872597610804
360810443023,360810443023,Block Group 3; Census Tract 443.02; Queens County; New York,Queens,2918,892,783,0.8778026905829597,1460,665,0.4554794520547945,388,0.1329677861549006,648,0.2220699108978752,102,0.0349554489376285,384,0.1315969842357779,715,0.2450308430431802,1326,0.4544208361891707,288,0.3228699551569506,36081044302,4848,1109,0.2287541254125412,4864,622,0.1278782894736842,4864,869,0.1786595394736842,84820,0.08482,34402.26361707144,0.8340898734566404
360810444003,360810444003,Block Group 3; Census Tract 444; Queens County; New York,Queens,983,249,218,0.8755020080321285,440,296,0.6727272727272727,224,0.2278738555442523,50,0.0508646998982706,7,0.0071210579857578,528,0.5371312309257376,39,0.039674465920651,305,0.3102746693794506,20,0.0803212851405622,36081044400,4139,882,0.2130949504711282,4178,462,0.1105792245093346,4178,380,0.0909526089037817,675814,0.675814,1454.5422261154697,0.7659122657017903
360810446023,360810446023,Block Group 3; Census Tract 446.02; Queens County; New York,Queens,645,254,178,0.7007874015748031,181,85,0.4696132596685083,148,0.2294573643410852,50,0.0775193798449612,25,0.0387596899224806,61,0.0945736434108527,533,0.8263565891472868,17,0.0263565891472868,25,0.0984251968503937,36081044602,4754,1474,0.3100546907867059,4774,1035,0.2167993297025555,4774,617,0.1292417260159195,63808,0.063808,10108.45035105316,0.834082246739617
360810455003,360810455003,Block Group 3; Census Tract 455; Queens County; New York,Queens,1127,320,320,1.0,271,260,0.959409594095941,327,0.290150842945874,68,0.0603371783496007,296,0.2626441881100266,524,0.4649511978704525,82,0.0727595385980479,225,0.1996450754214729,0,0.0,36081045500,12747,2077,0.1629402996783557,12747,2302,0.1805915117282497,12747,986,0.0773515336942025,31835,0.031835,35401.28789068635,0.7962040657660172
360810045003,360810045003,Block Group 3; Census Tract 45; Queens County; New York,Queens,1242,766,447,0.5835509138381201,627,317,0.5055821371610846,75,0.0603864734299516,440,0.3542673107890499,704,0.5668276972624798,27,0.0217391304347826,256,0.2061191626409017,146,0.1175523349436392,156,0.2036553524804177,36081004500,2758,234,0.084844089920232,2758,405,0.1468455402465554,2758,47,0.0170413343002175,53835,0.053835,23070.493173585957,0.8484998741702439
360810460003,360810460003,Block Group 3; Census Tract 460; Queens County; New York,Queens,1965,739,633,0.8565629228687416,487,417,0.8562628336755647,608,0.3094147582697201,472,0.2402035623409669,110,0.0559796437659033,139,0.070737913486005,421,0.2142493638676844,924,0.4702290076335877,165,0.2232746955345061,36081046000,5945,1326,0.2230445752733389,6027,676,0.11216193794591,6027,468,0.0776505724240915,72040,0.07204,27276.513048306493,0.8211500147001962
360810462003,360810462003,Block Group 3; Census Tract 462; Queens County; New York,Queens,2029,705,653,0.926241134751773,587,318,0.5417376490630323,554,0.2730409068506653,240,0.11828486939379,22,0.0108427796944307,68,0.0335140463282405,1422,0.700837851158206,373,0.1838344011828487,115,0.1631205673758865,36081046200,5901,636,0.1077783426537875,5901,676,0.1145568547703779,5901,341,0.0577868157939332,84055,0.084055,24138.956635536255,0.8133537171802563
360810467003,360810467003,Block Group 3; Census Tract 467; Queens County; New York,Queens,1996,525,517,0.9847619047619048,889,705,0.7930258717660292,574,0.2875751503006012,250,0.125250501002004,93,0.0465931863727454,7,0.0035070140280561,287,0.1437875751503006,1585,0.7940881763527055,106,0.2019047619047619,36081046700,6679,607,0.090881868543195,6774,357,0.0527015057573073,6774,1252,0.1848243283141423,30964,0.030964,64461.95581966155,0.8608493119376912
360810469013,360810469013,Block Group 3; Census Tract 469.01; Queens County; New York,Queens,1636,436,436,1.0,941,662,0.7035069075451648,339,0.2072127139364303,95,0.0580684596577017,39,0.0238386308068459,0,0.0,462,0.2823960880195599,1074,0.656479217603912,203,0.4655963302752293,36081046901,4691,658,0.1402685994457471,4691,854,0.1820507354508633,4691,1112,0.2370496695800469,24100,0.0241,67883.81742738589,0.8507546554289612
360810472003,360810472003,Block Group 3; Census Tract 472; Queens County; New York,Queens,1010,360,282,0.7833333333333333,417,162,0.3884892086330935,62,0.0613861386138613,436,0.4316831683168317,108,0.1069306930693069,513,0.5079207920792079,324,0.3207920792079208,23,0.0227722772277227,86,0.2388888888888889,36081047200,3338,232,0.0695026962252846,3349,296,0.0883845924156464,3349,140,0.0418035234398327,55839,0.055839,18087.716470567168,0.794591443059628
360810473003,360810473003,Block Group 3; Census Tract 473; Queens County; New York,Queens,1313,573,489,0.8534031413612565,611,461,0.7545008183306056,274,0.2086824067022087,204,0.1553693830921553,95,0.0723533891850723,0,0.0,1081,0.8233054074638233,137,0.1043412033511043,169,0.2949389179755672,36081047300,4209,473,0.1123782371109527,4242,683,0.161008958038661,4242,278,0.0655351249410655,28128,0.028128,46679.46530147895,0.883866882663025
360810479003,360810479003,Block Group 3; Census Tract 479; Queens County; New York,Queens,1326,436,296,0.6788990825688074,630,354,0.5619047619047619,303,0.2285067873303167,137,0.1033182503770739,19,0.0143288084464555,0,0.0,1037,0.782051282051282,213,0.1606334841628959,56,0.128440366972477,36081047900,5907,1247,0.2111054680887083,6032,500,0.0828912466843501,6032,618,0.1024535809018567,107993,0.107993,12278.57361125258,0.8640928567253434
360810481003,360810481003,Block Group 3; Census Tract 481; Queens County; New York,Queens,1447,520,501,0.9634615384615384,353,189,0.5354107648725213,64,0.0442294402211472,766,0.5293711126468555,204,0.1409813407049067,169,0.1167933655839668,618,0.4270905321354526,450,0.3109882515549412,261,0.5019230769230769,36081048100,6277,1187,0.1891030747172216,6361,715,0.1124037101084735,6361,1160,0.1823612639522087,33368,0.033368,43364.90050347638,0.6475442973185955
360810484003,360810484003,Block Group 3; Census Tract 484; Queens County; New York,Queens,1063,394,165,0.4187817258883248,424,108,0.2547169811320754,205,0.1928504233301975,320,0.3010348071495766,99,0.0931326434619002,11,0.0103480714957666,580,0.5456255879586077,175,0.1646284101599247,23,0.0583756345177665,36081048400,4692,442,0.0942028985507246,4942,565,0.1143261837312828,4942,149,0.0301497369486038,94801,0.094801,11212.961888587672,0.8019597792555173
360810485003,360810485003,Block Group 3; Census Tract 485; Queens County; New York,Queens,2749,858,557,0.6491841491841492,1249,492,0.3939151321056846,663,0.2411786104037832,302,0.1098581302291742,73,0.0265551109494361,25,0.009094216078574,1755,0.6384139687158967,786,0.2859221535103674,268,0.3123543123543124,36081048500,5205,728,0.1398655139289145,5205,346,0.0664745437079731,5205,713,0.136983669548511,153513,0.153513,17907.278210965844,0.8373141495737774
360810496003,360810496003,Block Group 3; Census Tract 496; Queens County; New York,Queens,566,174,77,0.4425287356321839,254,121,0.4763779527559055,113,0.1996466431095406,41,0.0724381625441696,0,0.0,251,0.4434628975265017,247,0.4363957597173145,31,0.0547703180212014,2,0.0114942528735632,36081049600,3040,237,0.0779605263157894,3040,335,0.1101973684210526,3040,147,0.0483552631578947,62803,0.062803,9012.308329219944,0.574746444968474
360810499003,360810499003,Block Group 3; Census Tract 499; Queens County; New York,Queens,1947,570,454,0.7964912280701755,1142,619,0.542031523642732,319,0.1638418079096045,123,0.0631741140215716,165,0.0847457627118644,4,0.0020544427324088,1278,0.6563944530046225,271,0.1391884951206985,140,0.2456140350877192,36081049900,5119,602,0.1176010939636647,5115,267,0.052199413489736,5115,532,0.1040078201368523,134693,0.134693,14455.094177128727,0.8236423509149289
360810004003,360810004003,Block Group 3; Census Tract 4; Queens County; New York,Queens,1228,286,133,0.465034965034965,440,58,0.1318181818181818,362,0.2947882736156352,112,0.0912052117263843,0,0.0,124,0.1009771986970684,348,0.2833876221498371,671,0.5464169381107492,14,0.0489510489510489,36081000400,4102,347,0.0845928815212091,4102,443,0.1079960994636762,4102,434,0.1058020477815699,72079,0.072079,17036.862331608372,0.4735382663498773
360810512003,360810512003,Block Group 3; Census Tract 512; Queens County; New York,Queens,389,134,66,0.4925373134328358,135,62,0.4592592592592592,53,0.1362467866323907,123,0.3161953727506427,6,0.0154241645244215,363,0.9331619537275064,0,0.0,13,0.0334190231362467,0,0.0,36081051200,2682,338,0.1260253542132736,2683,209,0.077897875512486,2683,186,0.0693253820350354,66542,0.066542,5845.931892639235,0.5662161985848954
360810515003,360810515003,Block Group 3; Census Tract 515; Queens County; New York,Queens,891,313,69,0.2204472843450479,432,27,0.0625,220,0.2469135802469135,177,0.1986531986531986,456,0.5117845117845118,0,0.0,91,0.1021324354657687,281,0.3153759820426487,10,0.0319488817891373,36081051500,3062,143,0.0467015022860875,3062,212,0.0692357935989549,3062,19,0.0062050947093403,98951,0.098951,9004.45675132136,0.5874182507972036
360810531003,360810531003,Block Group 3; Census Tract 531; Queens County; New York,Queens,624,318,221,0.6949685534591195,377,49,0.129973474801061,16,0.0256410256410256,131,0.2099358974358974,401,0.6426282051282052,0,0.0,0,0.0,223,0.3573717948717949,121,0.3805031446540881,36081053100,3244,327,0.1008014796547472,3244,366,0.1128236744759556,3244,301,0.0927866831072749,183198,0.183198,3406.150722169456,0.5931889728907905
360810539013,360810539013,Block Group 3; Census Tract 539.01; Queens County; New York,Queens,1332,553,464,0.8390596745027125,912,458,0.5021929824561403,156,0.1171171171171171,145,0.1088588588588588,584,0.4384384384384384,214,0.1606606606606606,60,0.045045045045045,417,0.3130630630630631,59,0.1066907775768535,36081053901,4128,491,0.1189437984496124,4112,656,0.159533073929961,4112,604,0.1468871595330739,49934,0.049934,26675.21127888813,0.5397896055376871
360810053003,360810053003,Block Group 3; Census Tract 53; Queens County; New York,Queens,1541,721,652,0.9042995839112344,989,301,0.3043478260869565,125,0.081116158338741,108,0.0700843608046722,793,0.5146009085009734,0,0.0,440,0.2855288773523686,287,0.1862426995457495,33,0.0457697642163661,36081005300,5188,299,0.0576329992289899,5188,216,0.0416345412490362,5188,517,0.0996530454895913,31922,0.031922,48273.917674331184,0.8667746682259597
360810540003,360810540003,Block Group 3; Census Tract 540; Queens County; New York,Queens,1844,576,367,0.6371527777777778,869,136,0.1565017261219793,248,0.1344902386117136,338,0.1832971800433839,0,0.0,1341,0.7272234273318872,165,0.0894793926247288,229,0.1241865509761388,48,0.0833333333333333,36081054000,4325,536,0.1239306358381502,4240,615,0.1450471698113207,4240,399,0.0941037735849056,146534,0.146534,12584.110172383202,0.5421221848005708
360810542003,360810542003,Block Group 3; Census Tract 542; Queens County; New York,Queens,1502,452,88,0.1946902654867256,829,344,0.4149577804583836,253,0.1684420772303595,372,0.2476697736351531,158,0.1051930758988016,195,0.1298268974700399,440,0.2929427430093209,532,0.3541944074567243,0,0.0,36081054200,5358,425,0.0793206420306084,5517,556,0.100779409099148,5517,415,0.0752220409642921,155268,0.155268,9673.596620037612,0.5538278615386427
360810545003,360810545003,Block Group 3; Census Tract 545; Queens County; New York,Queens,1039,395,362,0.9164556962025316,459,216,0.4705882352941176,151,0.1453320500481232,222,0.2136669874879692,308,0.2964388835418672,0,0.0,137,0.1318575553416746,594,0.5717035611164581,65,0.1645569620253164,36081054500,3675,339,0.0922448979591836,3675,388,0.105578231292517,3675,654,0.1779591836734693,37778,0.037778,27502.77939541532,0.5579798921844663
360810547003,360810547003,Block Group 3; Census Tract 547; Queens County; New York,Queens,1435,438,245,0.5593607305936074,759,347,0.4571805006587615,268,0.1867595818815331,164,0.1142857142857142,244,0.1700348432055749,321,0.2236933797909407,266,0.1853658536585365,591,0.4118466898954704,71,0.1621004566210045,36081054700,5142,432,0.0840140023337222,5210,337,0.06468330134357,5210,1326,0.254510556621881,35919,0.035919,39951.00086305298,0.5984933492847875
360810549003,360810549003,Block Group 3; Census Tract 549; Queens County; New York,Queens,1272,421,421,1.0,768,420,0.546875,282,0.2216981132075471,60,0.0471698113207547,356,0.279874213836478,59,0.0463836477987421,34,0.0267295597484276,735,0.5778301886792453,47,0.1116389548693586,36081054900,5227,523,0.1000573942988329,5281,241,0.0456352963453891,5281,871,0.1649308843022155,37802,0.037802,33649.013279720646,0.6143132673002976
360810054003,360810054003,Block Group 3; Census Tract 54; Queens County; New York,Queens,1422,519,226,0.4354527938342967,739,444,0.6008119079837618,168,0.1181434599156118,243,0.170886075949367,319,0.2243319268635724,80,0.0562587904360056,472,0.3319268635724332,349,0.2454289732770745,30,0.0578034682080924,36081005400,5262,610,0.1159255036107943,5341,898,0.1681333083692192,5341,228,0.0426886350870623,131452,0.131452,10817.636856038704,0.5580040452376406
360810551003,360810551003,Block Group 3; Census Tract 551; Queens County; New York,Queens,1490,490,490,1.0,726,489,0.6735537190082644,373,0.2503355704697986,129,0.0865771812080536,648,0.4348993288590604,0,0.0,105,0.0704697986577181,659,0.4422818791946308,114,0.2326530612244897,36081055100,4276,727,0.1700187090739008,4363,442,0.1013064405225762,4363,629,0.144166857666743,29695,0.029695,50176.79744064657,0.6118194690509557
360810557003,360810557003,Block Group 3; Census Tract 557; Queens County; New York,Queens,1261,519,519,1.0,668,354,0.5299401197604791,212,0.1681205392545599,103,0.0816812053925456,395,0.3132434575733545,17,0.0134813639968279,90,0.0713719270420301,726,0.5757335448057097,27,0.0520231213872832,36081055700,3386,323,0.0953927938570584,3386,202,0.0596574128765505,3386,510,0.1506202008269344,35508,0.035508,35513.12380308663,0.6011092207827359
360810567003,360810567003,Block Group 3; Census Tract 567; Queens County; New York,Queens,1207,445,247,0.5550561797752809,646,283,0.4380804953560371,296,0.2452361226180613,77,0.0637945318972659,449,0.371996685998343,0,0.0,0,0.0,758,0.628003314001657,110,0.247191011235955,36081056700,4601,203,0.0441208432949358,4601,248,0.0539013257987394,4601,423,0.0919365355357531,71642,0.071642,16847.65919432735,0.5706196891058437
360810568003,360810568003,Block Group 3; Census Tract 568; Queens County; New York,Queens,552,166,47,0.2831325301204819,175,33,0.1885714285714285,116,0.2101449275362318,102,0.1847826086956521,42,0.0760869565217391,454,0.822463768115942,14,0.0253623188405797,13,0.0235507246376811,24,0.144578313253012,36081056800,4351,418,0.0960698689956331,4364,767,0.1757561869844179,4364,313,0.0717231897341888,97162,0.097162,5681.233404005681,0.5400479482337263
360810577003,360810577003,Block Group 3; Census Tract 577; Queens County; New York,Queens,1546,556,408,0.7338129496402878,791,459,0.5802781289506953,217,0.1403622250970246,153,0.0989650711513583,610,0.3945666235446313,0,0.0,98,0.0633893919793014,838,0.5420439844760673,144,0.2589928057553957,36081057700,3926,520,0.1324503311258278,3926,324,0.0825267447784004,3926,356,0.0906775343861436,59036,0.059036,26187.411071210787,0.5593760564813111
360810057003,360810057003,Block Group 3; Census Tract 57; Queens County; New York,Queens,1431,654,624,0.9541284403669724,780,536,0.6871794871794872,252,0.1761006289308176,163,0.113906359189378,523,0.3654786862334032,15,0.010482180293501,58,0.0405310971348707,658,0.4598183088749126,77,0.1177370030581039,36081005700,3799,884,0.2326928138983943,3800,422,0.1110526315789473,3800,533,0.1402631578947368,79847,0.079847,17921.775395443787,0.8663622188983654
360810580003,360810580003,Block Group 3; Census Tract 580; Queens County; New York,Queens,1685,343,48,0.1399416909620991,869,214,0.2462600690448791,284,0.1685459940652819,336,0.1994065281899109,37,0.0219584569732937,1048,0.6219584569732938,2,0.001186943620178,118,0.0700296735905044,69,0.2011661807580174,36081058000,4287,153,0.0356892932120363,4287,541,0.126195474690926,4287,249,0.0580825752274317,117121,0.117121,14386.830713535574,0.5528045266059427
360810582003,360810582003,Block Group 3; Census Tract 582; Queens County; New York,Queens,1334,392,170,0.4336734693877551,784,218,0.2780612244897959,204,0.1529235382308845,327,0.245127436281859,0,0.0,909,0.6814092953523239,215,0.1611694152923538,89,0.0667166416791604,10,0.0255102040816326,36081058200,5092,285,0.0559701492537313,5112,404,0.0790297339593114,5112,479,0.0937010954616588,140746,0.140746,9478.066872237932,0.5622376532182198
360810583003,360810583003,Block Group 3; Census Tract 583; Queens County; New York,Queens,1017,381,261,0.6850393700787402,487,219,0.4496919917864476,204,0.2005899705014749,132,0.1297935103244837,727,0.7148475909537857,96,0.0943952802359882,0,0.0,101,0.0993117010816125,43,0.1128608923884514,36081058300,3495,412,0.1178826895565093,3495,383,0.1095851216022889,3495,172,0.0492131616595135,35285,0.035285,28822.44579849795,0.5855156237437671
360810585003,360810585003,Block Group 3; Census Tract 585; Queens County; New York,Queens,1254,567,440,0.7760141093474426,875,502,0.5737142857142857,121,0.0964912280701754,114,0.0909090909090909,712,0.5677830940988836,0,0.0,117,0.0933014354066985,392,0.3125996810207336,46,0.0811287477954144,36081058500,4010,242,0.0603491271820448,4010,413,0.1029925187032419,4010,444,0.1107231920199501,64250,0.06425,19517.509727626457,0.6231662798010319
360810587003,360810587003,Block Group 3; Census Tract 587; Queens County; New York,Queens,1299,481,448,0.9313929313929314,627,187,0.2982456140350877,408,0.3140877598152425,101,0.0777521170130869,583,0.4488067744418784,39,0.0300230946882217,93,0.0715935334872979,584,0.449576597382602,0,0.0,36081058700,3486,341,0.097819850831899,3486,250,0.0717154331612163,3486,171,0.0490533562822719,33455,0.033455,38828.27678971753,0.6188895136440355
360810589003,360810589003,Block Group 3; Census Tract 589; Queens County; New York,Queens,1348,644,644,1.0,522,284,0.5440613026819924,202,0.1498516320474777,160,0.1186943620178041,508,0.3768545994065282,92,0.0682492581602373,45,0.0333827893175074,675,0.5007418397626113,0,0.0,36081058900,4595,1299,0.2826985854189336,4618,425,0.0920311823300129,4618,461,0.0998267648332611,59846,0.059846,22524.4794973766,0.6164785165715619
360810058003,360810058003,Block Group 3; Census Tract 58; Queens County; New York,Queens,2374,777,388,0.4993564993564993,961,228,0.2372528616024974,788,0.3319292333614153,423,0.1781802864363942,518,0.2181971356360572,79,0.0332771693344566,431,0.1815501263689974,882,0.3715248525695029,53,0.0682110682110682,36081005800,6219,139,0.0223508602669239,6242,916,0.1467478372316565,6242,227,0.0363665491829541,172689,0.172689,13747.256628968838,0.5187772299772893
360810591003,360810591003,Block Group 3; Census Tract 591; Queens County; New York,Queens,889,472,396,0.8389830508474576,624,354,0.5673076923076923,51,0.0573678290213723,137,0.1541057367829021,305,0.343082114735658,0,0.0,218,0.2452193475815523,284,0.3194600674915636,101,0.2139830508474576,36081059100,4799,1252,0.2608876849343613,4799,356,0.0741821212752656,4799,943,0.1964992706813919,49207,0.049207,18066.53524904993,0.5820287060807714
360810059003,360810059003,Block Group 3; Census Tract 59; Queens County; New York,Queens,1461,451,444,0.984478935698448,489,290,0.5930470347648262,681,0.4661190965092402,21,0.0143737166324435,608,0.4161533196440794,35,0.0239561943874058,42,0.028747433264887,629,0.4305270362765229,29,0.0643015521064301,36081005900,4208,376,0.0893536121673003,4208,299,0.0710551330798479,4208,368,0.0874524714828897,47649,0.047649,30661.713782031104,0.8941156966932612
360810613013,360810613013,Block Group 3; Census Tract 613.01; Queens County; New York,Queens,1112,371,240,0.6469002695417789,642,241,0.3753894080996884,178,0.1600719424460431,96,0.0863309352517985,451,0.4055755395683453,24,0.0215827338129496,0,0.0,629,0.5656474820143885,35,0.0943396226415094,36081061301,5205,606,0.1164265129682997,5205,447,0.085878962536023,5205,837,0.1608069164265129,68604,0.068604,16208.967407148271,0.6165863853049148
360810616013,360810616013,Block Group 3; Census Tract 616.01; Queens County; New York,Queens,298,145,55,0.3793103448275862,129,84,0.6511627906976745,27,0.0906040268456375,115,0.3859060402684564,0,0.0,270,0.906040268456376,0,0.0,4,0.0134228187919463,0,0.0,36081061601,2257,95,0.0420912715994683,2216,229,0.1033393501805054,2216,79,0.0356498194945848,100722,0.100722,2958.638629097913,0.3041483609273024
360810061003,360810061003,Block Group 3; Census Tract 61; Queens County; New York,Queens,1722,1001,978,0.977022977022977,1144,751,0.6564685314685315,148,0.0859465737514518,278,0.1614401858304297,1158,0.6724738675958188,0,0.0,176,0.1022067363530778,265,0.1538908246225319,79,0.0789210789210789,36081006100,5165,309,0.0598257502420135,5207,406,0.0779719608219704,5207,152,0.0291914730170923,48648,0.048648,35397.13862851505,0.868948365471007
360810062013,360810062013,Block Group 3; Census Tract 62.01; Queens County; New York,Queens,1948,1008,383,0.3799603174603174,797,208,0.260978670012547,340,0.1745379876796714,574,0.2946611909650924,797,0.4091375770020534,347,0.1781314168377823,11,0.0056468172484599,632,0.324435318275154,59,0.058531746031746,36081006201,5870,469,0.0798977853492333,5855,1207,0.2061485909479077,5855,156,0.0266438941076003,89231,0.089231,21830.978023332696,0.4542255489514762
360810062023,360810062023,Block Group 3; Census Tract 62.02; Queens County; New York,Queens,1359,398,236,0.592964824120603,639,0,0.0,574,0.4223693892568064,99,0.0728476821192053,422,0.3105224429727741,0,0.0,0,0.0,899,0.6615158204562178,0,0.0,36081006202,7327,534,0.0728811246076156,7327,1733,0.2365224512078613,7327,391,0.0533642691415313,86462,0.086462,15717.887626934376,0.660361605436512
360810621003,360810621003,Block Group 3; Census Tract 621; Queens County; New York,Queens,1036,325,136,0.4184615384615384,491,122,0.2484725050916497,235,0.2268339768339768,182,0.1756756756756756,643,0.6206563706563707,16,0.0154440154440154,0,0.0,377,0.3638996138996139,18,0.0553846153846153,36081062100,2646,369,0.1394557823129251,2650,272,0.1026415094339622,2650,305,0.1150943396226415,58569,0.058569,17688.538305246802,0.7354403888054172
360810626003,360810626003,Block Group 3; Census Tract 626; Queens County; New York,Queens,562,180,9,0.05,312,141,0.4519230769230769,62,0.1103202846975089,85,0.1512455516014235,38,0.0676156583629893,381,0.6779359430604982,0,0.0,97,0.1725978647686832,12,0.0666666666666666,36081062600,3298,102,0.0309278350515463,3255,300,0.0921658986175115,3255,169,0.0519201228878648,130348,0.130348,4311.535274802835,0.5260423007292848
360810629003,360810629003,Block Group 3; Census Tract 629; Queens County; New York,Queens,857,283,177,0.6254416961130742,404,159,0.3935643564356436,212,0.2473745624270711,119,0.1388564760793465,390,0.455075845974329,0,0.0,0,0.0,428,0.499416569428238,20,0.0706713780918728,36081062900,3289,329,0.1000304043782304,3282,409,0.1246191346739792,3282,296,0.0901889092017062,48290,0.04829,17746.94553737834,0.5677666155505351
360810637003,360810637003,Block Group 3; Census Tract 637; Queens County; New York,Queens,1579,538,179,0.3327137546468401,522,101,0.1934865900383141,425,0.2691576947435085,452,0.2862571247625079,857,0.5427485750474984,172,0.1089297023432552,130,0.0823305889803673,335,0.2121595946801773,109,0.2026022304832713,36081063700,3311,611,0.1845363938387194,3455,340,0.0984081041968162,3455,218,0.0630969609261939,270020,0.27002,5847.7149840752545,0.6802633099966313
360810638003,360810638003,Block Group 3; Census Tract 638; Queens County; New York,Queens,922,230,28,0.1217391304347826,432,0,0.0,381,0.413232104121475,92,0.0997830802603036,28,0.0303687635574837,842,0.913232104121475,21,0.0227765726681128,0,0.0,11,0.0478260869565217,36081063800,3893,407,0.1045466221423067,3893,433,0.1112252761366555,3893,438,0.1125096326740303,85918,0.085918,10731.162271002584,0.8040368085878552
360810063003,360810063003,Block Group 3; Census Tract 63; Queens County; New York,Queens,1558,1016,796,0.7834645669291339,1240,691,0.557258064516129,0,0.0,148,0.0949935815147625,776,0.4980744544287548,16,0.0102695763799743,261,0.1675224646983311,277,0.1777920410783055,49,0.0482283464566929,36081006300,5613,254,0.0452520933547122,5613,570,0.1015499732763228,5613,352,0.0627115624443256,53239,0.053239,29264.261161930164,0.8480123120717619
360810065013,360810065013,Block Group 3; Census Tract 65.01; Queens County; New York,Queens,456,292,292,1.0,243,94,0.3868312757201646,17,0.0372807017543859,101,0.2214912280701754,249,0.5460526315789473,0,0.0,118,0.2587719298245614,82,0.1798245614035087,87,0.2979452054794521,36081006501,2983,203,0.0680522963459604,2983,252,0.0844787127053302,2983,126,0.0422393563526651,24700,0.0247,18461.53846153846,0.861408213511525
360810065023,360810065023,Block Group 3; Census Tract 65.02; Queens County; New York,Queens,1429,728,627,0.8612637362637363,863,504,0.5840092699884125,167,0.1168649405178446,221,0.1546536039188243,859,0.6011196641007698,1,0.0006997900629811,105,0.0734779566130161,436,0.305108467459762,148,0.2032967032967033,36081006502,3975,604,0.1519496855345912,3975,245,0.0616352201257861,3975,729,0.1833962264150943,60711,0.060711,23537.744395579055,0.8608817446874305
360810654013,360810654013,Block Group 3; Census Tract 654.01; Queens County; New York,Queens,1045,342,99,0.2894736842105263,485,204,0.4206185567010309,249,0.2382775119617224,212,0.2028708133971291,68,0.0650717703349282,675,0.645933014354067,62,0.0593301435406698,72,0.0688995215311004,0,0.0,36081065401,3085,394,0.1277147487844408,3098,197,0.0635894125242091,3098,463,0.1494512588766946,121358,0.121358,8610.886797738922,0.8220083407002776
360810656003,360810656003,Block Group 3; Census Tract 656; Queens County; New York,Queens,2468,689,251,0.3642960812772133,1177,291,0.2472387425658453,471,0.1908427876823338,603,0.2443273905996758,64,0.0259319286871961,2225,0.9015397082658024,33,0.0133711507293354,103,0.0417341977309562,29,0.0420899854862119,36081065600,5282,353,0.0668307459295721,5282,688,0.1302536917834153,5282,435,0.0823551684967815,287450,0.28745,8585.84101582884,0.756952650807933
360810657033,360810657033,Block Group 3; Census Tract 657.03; Queens County; New York,Queens,1193,414,114,0.2753623188405797,538,48,0.0892193308550185,416,0.3487007544006705,215,0.1802179379715004,825,0.691533948030176,0,0.0,7,0.0058675607711651,308,0.2581726739312657,0,0.0,36081065703,3225,89,0.0275968992248062,3229,418,0.129451842675751,3229,94,0.0291111799318674,74376,0.074376,16040.120468968486,0.6234024286322614
360810664023,360810664023,Block Group 3; Census Tract 664.02; Queens County; New York,Queens,1520,427,137,0.3208430913348946,838,438,0.522673031026253,254,0.1671052631578947,237,0.1559210526315789,3,0.0019736842105263,1424,0.936842105263158,39,0.0256578947368421,54,0.0355263157894736,73,0.1709601873536299,36081066402,3470,209,0.0602305475504322,3525,330,0.0936170212765957,3525,238,0.0675177304964539,135666,0.135666,11203.986260374742,0.7447634308200054
360810664033,360810664033,Block Group 3; Census Tract 664.03; Queens County; New York,Queens,1413,454,301,0.6629955947136564,596,64,0.1073825503355704,359,0.254069355980184,169,0.1196036801132342,0,0.0,1413,1.0,0,0.0,0,0.0,31,0.0682819383259911,36081066403,5738,1244,0.2168002788428023,5738,621,0.1082258626699198,5738,38,0.0066225165562913,92716,0.092716,15240.08801069934,0.7244320811364864
360810665013,360810665013,Block Group 3; Census Tract 665.01; Queens County; New York,Queens,881,380,255,0.6710526315789473,354,42,0.1186440677966101,199,0.2258796821793416,227,0.2576617480136209,623,0.7071509648127128,1,0.0011350737797956,29,0.0329171396140749,178,0.2020431328036322,69,0.181578947368421,36081066501,3959,164,0.0414246021722657,4003,505,0.1261553834624032,4003,92,0.0229827629278041,93500,0.0935,9422.459893048128,0.5868041967763746
360810679003,360810679003,Block Group 3; Census Tract 679; Queens County; New York,Queens,1296,544,367,0.6746323529411765,676,384,0.5680473372781065,180,0.1388888888888889,262,0.2021604938271605,504,0.3888888888888889,9,0.0069444444444444,324,0.25,445,0.3433641975308642,75,0.1378676470588235,36081067900,3978,604,0.1518350930115636,3978,611,0.15359477124183,3978,318,0.0799396681749622,121872,0.121872,10634.10791650256,0.8083110936238613
360810680003,360810680003,Block Group 3; Census Tract 680; Queens County; New York,Queens,1897,606,116,0.1914191419141914,995,171,0.171859296482412,220,0.1159725882973115,324,0.1707959936742224,34,0.0179230363732208,1764,0.9298892988929888,53,0.0279388508170796,27,0.0142329994728518,9,0.0148514851485148,36081068000,5594,289,0.0516624955309259,5594,326,0.058276725062567,5594,211,0.0377189846263854,204633,0.204633,9270.25455327342,0.7374693114425418
360810683003,360810683003,Block Group 3; Census Tract 683; Queens County; New York,Queens,1117,316,248,0.7848101265822784,428,225,0.5257009345794392,268,0.2399283795881826,189,0.1692032229185318,31,0.02775290957923,1,0.000895255147717,969,0.8675022381378693,116,0.1038495971351835,54,0.170886075949367,36081068300,4057,471,0.1160956371703229,4057,414,0.1020458466847424,4057,232,0.0571851121518363,62697,0.062697,17815.84445826754,0.8733276405783803
360810687003,360810687003,Block Group 3; Census Tract 687; Queens County; New York,Queens,2323,1087,816,0.7506899724011039,884,585,0.6617647058823529,423,0.1820921222557038,443,0.1907016788635385,809,0.3482565647869134,33,0.0142057684029272,989,0.4257425742574257,412,0.1773568661213947,144,0.1324747010119595,36081068700,4405,333,0.0755959137343927,4405,497,0.1128263337116912,4405,225,0.0510783200908059,179210,0.17921,12962.446292059594,0.8729077217601989
360810697013,360810697013,Block Group 3; Census Tract 697.01; Queens County; New York,Queens,1700,811,773,0.9531442663378544,851,377,0.4430082256169212,357,0.21,187,0.11,627,0.3688235294117647,31,0.018235294117647,463,0.2723529411764706,537,0.3158823529411764,172,0.2120838471023428,36081069701,4054,168,0.0414405525407005,4054,397,0.0979279723729649,4054,85,0.0209669462259496,67237,0.067237,25283.697963918672,0.8607733337209431
360810697023,360810697023,Block Group 3; Census Tract 697.02; Queens County; New York,Queens,903,457,336,0.7352297592997812,410,97,0.2365853658536585,100,0.1107419712070874,307,0.3399778516057586,251,0.2779623477297896,0,0.0,590,0.6533776301218162,62,0.0686600221483942,164,0.3588621444201313,36081069702,4138,472,0.1140647655872402,4258,405,0.0951150775011742,4258,202,0.0474401127289807,93376,0.093376,9670.57916381083,0.8237969507085123
360810069003,360810069003,Block Group 3; Census Tract 69; Queens County; New York,Queens,906,426,408,0.9577464788732394,461,133,0.2885032537960954,145,0.1600441501103753,221,0.2439293598233995,280,0.3090507726269316,25,0.0275938189845474,102,0.1125827814569536,405,0.4470198675496689,152,0.3568075117370892,36081006900,4502,466,0.1035095513105286,4515,440,0.0974529346622369,4515,430,0.0952380952380952,57369,0.057369,15792.50117659363,0.8814488352411619
360810006003,360810006003,Block Group 3; Census Tract 6; Queens County; New York,Queens,1689,511,314,0.6144814090019569,687,347,0.50509461426492,372,0.2202486678507993,335,0.1983422143280047,71,0.0420367081113084,0,0.0,469,0.2776791000592066,1082,0.640615748963884,146,0.2857142857142857,36081000600,3543,620,0.1749929438329099,3549,377,0.1062271062271062,3549,439,0.1236968160045083,86671,0.086671,19487.487164103335,0.3649385930015791
360810007023,360810007023,Block Group 3; Census Tract 7.02; Queens County; New York,Queens,2112,806,735,0.911910669975186,912,482,0.5285087719298246,649,0.3072916666666667,93,0.0440340909090909,1357,0.6425189393939394,19,0.0089962121212121,544,0.2575757575757575,99,0.046875,0,0.0,36081000702,4643,717,0.154426017660995,4643,204,0.043937109627396,4643,81,0.0174456170579366,149956,0.149956,14084.13134519459,0.5868216770922224
360810707003,360810707003,Block Group 3; Census Tract 707; Queens County; New York,Queens,1324,534,100,0.1872659176029962,517,165,0.3191489361702128,291,0.2197885196374622,392,0.29607250755287,756,0.5709969788519638,0,0.0,439,0.3315709969788519,114,0.0861027190332326,117,0.2191011235955056,36081070700,2502,63,0.0251798561151079,2502,259,0.1035171862509992,2502,12,0.0047961630695443,96627,0.096627,13702.17434050524,0.8225397151336191
360810711003,360810711003,Block Group 3; Census Tract 711; Queens County; New York,Queens,1360,526,414,0.7870722433460076,782,387,0.4948849104859335,300,0.2205882352941176,165,0.1213235294117647,413,0.3036764705882352,47,0.0345588235294117,437,0.3213235294117647,427,0.3139705882352941,18,0.0342205323193916,36081071100,5679,338,0.0595175206902623,5679,794,0.1398133474203204,5679,143,0.0251804895228033,47355,0.047355,28719.24823144335,0.8084210327150945
360810713033,360810713033,Block Group 3; Census Tract 713.03; Queens County; New York,Queens,1896,1065,936,0.8788732394366198,984,353,0.358739837398374,267,0.1408227848101265,282,0.1487341772151898,1156,0.609704641350211,69,0.0363924050632911,68,0.0358649789029535,578,0.3048523206751055,62,0.0582159624413145,36081071303,5303,506,0.0954176881010748,5303,342,0.0644917970959834,5303,106,0.0199886856496322,55243,0.055243,34321.09045489926,0.8709796444331843
360810713043,360810713043,Block Group 3; Census Tract 713.04; Queens County; New York,Queens,541,313,313,1.0,219,138,0.6301369863013698,64,0.1182994454713493,191,0.3530499075785582,157,0.2902033271719039,79,0.1460258780036968,16,0.0295748613678373,130,0.2402957486136783,87,0.2779552715654952,36081071304,6352,800,0.1259445843828715,6352,1157,0.1821473551637279,6352,378,0.0595088161209068,31047,0.031047,17425.19406061777,0.8713866189244673
360810713053,360810713053,Block Group 3; Census Tract 713.05; Queens County; New York,Queens,1703,815,815,1.0,1048,304,0.2900763358778626,273,0.1603053435114503,323,0.1896652965355255,1246,0.731650029359953,25,0.0146799765120375,170,0.0998238402818555,195,0.1145038167938931,74,0.0907975460122699,36081071305,6007,777,0.129349092725154,6007,670,0.1115365407025137,6007,341,0.0567671050441151,24236,0.024236,70267.37085327612,0.8700797718823834
360810713063,360810713063,Block Group 3; Census Tract 713.06; Queens County; New York,Queens,1214,808,692,0.8564356435643564,634,369,0.582018927444795,272,0.2240527182866556,164,0.1350906095551894,416,0.342668863261944,0,0.0,380,0.3130148270181219,338,0.2784184514003295,79,0.0977722772277227,36081071306,7192,1228,0.1707452725250278,7156,930,0.1299608719955282,7156,862,0.1204583566238121,37680,0.03768,32218.683651804673,0.8552145529474184
360810717013,360810717013,Block Group 3; Census Tract 717.01; Queens County; New York,Queens,977,470,309,0.6574468085106383,285,136,0.4771929824561403,62,0.0634595701125895,511,0.5230296827021494,237,0.2425793244626407,42,0.0429887410440122,367,0.375639713408393,182,0.1862845445240532,138,0.2936170212765957,36081071701,4978,847,0.1701486540779429,4979,778,0.156256276360715,4979,148,0.0297248443462542,68772,0.068772,14206.363054731575,0.8852496894578462
360810071003,360810071003,Block Group 3; Census Tract 71; Queens County; New York,Queens,1070,562,551,0.9804270462633452,578,242,0.4186851211072664,221,0.2065420560747663,118,0.1102803738317757,459,0.4289719626168224,66,0.0616822429906542,134,0.1252336448598131,411,0.3841121495327103,44,0.0782918149466192,36081007100,3464,362,0.1045034642032332,3488,271,0.0776949541284403,3488,362,0.1037844036697247,46931,0.046931,22799.428948882403,0.8584650063429076
360810721003,360810721003,Block Group 3; Census Tract 721; Queens County; New York,Queens,1163,419,305,0.7279236276849642,463,190,0.4103671706263499,290,0.2493551160791057,352,0.3026655202063628,546,0.469475494411006,0,0.0,277,0.2381771281169389,306,0.2631126397248495,209,0.4988066825775656,36081072100,5595,198,0.0353887399463807,5595,713,0.1274352100089365,5595,152,0.0271671134941912,31886,0.031886,36473.68751176065,0.8614680446902621
360810723003,360810723003,Block Group 3; Census Tract 723; Queens County; New York,Queens,1315,474,123,0.2594936708860759,547,139,0.2541133455210237,359,0.2730038022813688,254,0.1931558935361216,562,0.4273764258555133,24,0.0182509505703422,448,0.3406844106463878,205,0.155893536121673,55,0.1160337552742616,36081072300,2246,62,0.0276046304541406,2270,235,0.1035242290748898,2270,101,0.0444933920704845,192725,0.192725,6823.193669736671,0.8506933421121948
360810739003,360810739003,Block Group 3; Census Tract 739; Queens County; New York,Queens,1386,547,350,0.6398537477148081,764,275,0.3599476439790576,372,0.2683982683982684,109,0.0786435786435786,498,0.3593073593073593,18,0.0129870129870129,698,0.5036075036075036,70,0.0505050505050505,37,0.0676416819012797,36081073900,5303,137,0.025834433339619,5303,479,0.0903262304356024,5303,0,0.0,59403,0.059403,23332.154941669614,0.8842072660375421
360810073003,360810073003,Block Group 3; Census Tract 73; Queens County; New York,Queens,1840,844,758,0.8981042654028436,1194,665,0.5569514237855946,256,0.1391304347826087,164,0.0891304347826087,682,0.3706521739130435,34,0.0184782608695652,453,0.246195652173913,548,0.2978260869565217,86,0.1018957345971564,36081007300,3813,294,0.077104642014162,3782,290,0.076679005817028,3782,179,0.0473294553146483,49512,0.049512,37162.708030376474,0.8440950376296288
360810741003,360810741003,Block Group 3; Census Tract 741; Queens County; New York,Queens,831,394,81,0.2055837563451776,500,237,0.474,189,0.2274368231046931,103,0.1239470517448856,383,0.4608904933814681,0,0.0,202,0.2430806257521059,183,0.2202166064981949,42,0.1065989847715736,36081074100,3102,338,0.1089619600257898,3102,368,0.1186331399097356,3102,129,0.0415860735009671,29974,0.029974,27724.02749049176,0.645359473264321
360810743003,360810743003,Block Group 3; Census Tract 743; Queens County; New York,Queens,1369,692,501,0.7239884393063584,662,339,0.5120845921450151,249,0.1818845872899926,345,0.252008765522279,761,0.5558802045288532,8,0.0058436815193571,404,0.2951059167275383,171,0.12490869247626,139,0.2008670520231213,36081074300,3942,623,0.1580416032470827,3953,335,0.0847457627118644,3953,206,0.0521123197571464,47449,0.047449,28852.03060127716,0.8390767464499624
360810757013,360810757013,Block Group 3; Census Tract 757.01; Queens County; New York,Queens,1528,878,651,0.7414578587699316,1002,497,0.4960079840319361,200,0.1308900523560209,275,0.1799738219895288,545,0.3566753926701571,61,0.0399214659685863,320,0.2094240837696335,391,0.2558900523560209,121,0.1378132118451025,36081075701,5031,432,0.0858676207513416,5031,516,0.1025641025641025,5031,195,0.0387596899224806,78516,0.078516,19461.00157929594,0.8979765004886485
360810757023,360810757023,Block Group 3; Census Tract 757.02; Queens County; New York,Queens,1558,736,352,0.4782608695652174,777,402,0.5173745173745173,320,0.2053915275994865,364,0.2336328626444159,504,0.3234916559691912,0,0.0,1017,0.6527599486521181,37,0.0237483953786906,108,0.1467391304347826,36081075702,5012,288,0.057462090981644,5056,734,0.1451740506329114,5056,78,0.0154272151898734,31938,0.031938,48782.01515436157,0.8784445847099689
360810075003,360810075003,Block Group 3; Census Tract 75; Queens County; New York,Queens,1140,645,594,0.9209302325581395,762,326,0.4278215223097112,53,0.0464912280701754,161,0.1412280701754386,804,0.7052631578947368,1,0.0008771929824561,145,0.1271929824561403,135,0.1184210526315789,16,0.0248062015503875,36081007500,5002,527,0.1053578568572571,5002,459,0.0917632946821271,5002,291,0.0581767293082766,24624,0.024624,46296.2962962963,0.8843745429324218
360810773003,360810773003,Block Group 3; Census Tract 773; Queens County; New York,Queens,564,350,181,0.5171428571428571,289,142,0.4913494809688581,87,0.1542553191489361,177,0.3138297872340425,408,0.723404255319149,38,0.0673758865248227,23,0.0407801418439716,55,0.0975177304964539,0,0.0,36081077300,2203,133,0.0603722197004085,2203,280,0.1270994098955969,2203,30,0.0136177939173853,143476,0.143476,3930.971033482952,0.8579121630054788
360810775003,360810775003,Block Group 3; Census Tract 775; Queens County; New York,Queens,574,359,268,0.7465181058495822,327,203,0.6207951070336392,14,0.024390243902439,259,0.4512195121951219,307,0.5348432055749129,0,0.0,54,0.0940766550522648,134,0.2334494773519163,43,0.1197771587743732,36081077500,2144,186,0.0867537313432835,2144,365,0.1702425373134328,2144,120,0.0559701492537313,67908,0.067908,8452.612357895978,0.8795810298154925
360810779023,360810779023,Block Group 3; Census Tract 779.02; Queens County; New York,Queens,1207,334,49,0.1467065868263473,307,21,0.0684039087947882,644,0.5335542667771334,222,0.1839270919635459,1100,0.911350455675228,0,0.0,46,0.0381110190555095,0,0.0,12,0.0359281437125748,36081077902,5643,895,0.1586035796562112,5643,286,0.0506822612085769,5643,315,0.0558213716108452,169007,0.169007,7141.716023596656,0.839692821567329
360810779033,360810779033,Block Group 3; Census Tract 779.03; Queens County; New York,Queens,1680,498,223,0.4477911646586345,659,179,0.2716236722306525,612,0.3642857142857142,208,0.1238095238095238,923,0.549404761904762,39,0.0232142857142857,167,0.0994047619047619,470,0.2797619047619047,64,0.1285140562248996,36081077903,3410,258,0.0756598240469208,3410,228,0.0668621700879765,3410,75,0.0219941348973607,128224,0.128224,13102.071375093588,0.8289378048369743
360810779043,360810779043,Block Group 3; Census Tract 779.04; Queens County; New York,Queens,1825,841,628,0.746730083234245,926,448,0.4838012958963283,374,0.204931506849315,491,0.269041095890411,490,0.2684931506849315,20,0.010958904109589,390,0.2136986301369863,818,0.4482191780821918,242,0.2877526753864447,36081077904,5024,442,0.0879777070063694,5096,811,0.1591444270015698,5096,452,0.0886970172684458,110268,0.110268,16550.585845394857,0.8275541761069791
360810803013,360810803013,Block Group 3; Census Tract 803.01; Queens County; New York,Queens,1521,333,243,0.7297297297297297,532,100,0.18796992481203,457,0.3004602235371466,63,0.0414201183431952,86,0.0565417488494411,0,0.0,1219,0.8014464168310322,216,0.1420118343195266,107,0.3213213213213213,36081080301,3964,581,0.14656912209889,3964,216,0.0544904137235116,3964,429,0.1082240161453077,108530,0.10853,14014.558186676495,0.8882838056864384
360810803023,360810803023,Block Group 3; Census Tract 803.02; Queens County; New York,Queens,1282,224,132,0.5892857142857143,453,77,0.1699779249448123,213,0.1661466458658346,485,0.3783151326053042,61,0.047581903276131,38,0.0296411856474258,1170,0.9126365054602184,13,0.0101404056162246,42,0.1875,36081080302,3616,557,0.154037610619469,3616,549,0.151825221238938,3616,164,0.0453539823008849,148379,0.148379,8640.036662870081,0.8600362812446517
360810809003,360810809003,Block Group 3; Census Tract 809; Queens County; New York,Queens,721,162,55,0.3395061728395062,351,78,0.2222222222222222,316,0.4382801664355062,18,0.0249653259361997,493,0.6837725381414702,0,0.0,36,0.0499306518723994,76,0.1054091539528432,0,0.0,36081080900,7349,649,0.0883113348754932,7864,829,0.1054170905391658,7864,288,0.0366225839267548,61770,0.06177,11672.332847660677,0.8590894744985985
360810814003,360810814003,Block Group 3; Census Tract 814; Queens County; New York,Queens,696,182,91,0.5,313,125,0.3993610223642173,184,0.264367816091954,110,0.1580459770114942,42,0.0603448275862069,244,0.3505747126436782,88,0.1264367816091954,267,0.3836206896551724,29,0.1593406593406593,36081081400,3997,728,0.1821366024518388,3997,263,0.0657993495121341,3997,294,0.073555166374781,96566,0.096566,7207.505747364496,0.4417176391404424
360810818003,360810818003,Block Group 3; Census Tract 818; Queens County; New York,Queens,1229,346,123,0.3554913294797688,879,307,0.3492605233219568,60,0.048820179007323,310,0.2522375915378356,28,0.0227827502034174,519,0.4222945484133442,496,0.403580146460537,59,0.0480065093572009,11,0.0317919075144508,36081081800,3688,404,0.1095444685466377,3739,263,0.0703396630115004,3739,587,0.1569938486226263,127815,0.127815,9615.459844306222,0.3626988540191964
360810837003,360810837003,Block Group 3; Census Tract 837; Queens County; New York,Queens,1173,313,115,0.3674121405750798,597,200,0.3350083752093802,169,0.1440750213128729,232,0.1977834612105712,142,0.1210571184995737,0,0.0,726,0.618925831202046,295,0.2514919011082694,115,0.3674121405750798,36081083700,5243,576,0.1098607667366011,5254,549,0.1044918157594213,5254,162,0.0308336505519604,96386,0.096386,12169.817193368332,0.8549689525062083
360810838003,360810838003,Block Group 3; Census Tract 838; Queens County; New York,Queens,939,321,92,0.2866043613707165,492,270,0.5487804878048781,42,0.0447284345047923,131,0.1395101171458999,40,0.0425985090521831,170,0.1810436634717785,120,0.1277955271565495,417,0.4440894568690096,11,0.0342679127725856,36081083800,5272,375,0.0711305007587253,5291,548,0.1035721035721035,5291,847,0.1600831600831601,133035,0.133035,7058.292930431842,0.6433410420449924
360810840003,360810840003,Block Group 3; Census Tract 840; Queens County; New York,Queens,1516,393,95,0.2417302798982188,667,252,0.3778110944527736,177,0.116754617414248,127,0.0837730870712401,336,0.2216358839050131,108,0.0712401055408971,308,0.2031662269129287,466,0.3073878627968338,0,0.0,36081084000,6942,972,0.1400172860847018,6942,897,0.1292134831460674,6942,435,0.0626620570440795,85674,0.085674,17694.98330882181,0.4483920684919501
360810845003,360810845003,Block Group 3; Census Tract 845; Queens County; New York,Queens,1530,448,319,0.7120535714285714,748,197,0.2633689839572192,255,0.1666666666666666,251,0.1640522875816993,0,0.0,0,0.0,901,0.5888888888888889,629,0.4111111111111111,181,0.4040178571428571,36081084500,4455,1076,0.2415263748597081,4455,660,0.1481481481481481,4455,579,0.1299663299663299,121300,0.1213,12613.355317394888,0.8569780963820752
360810853003,360810853003,Block Group 3; Census Tract 853; Queens County; New York,Queens,1140,486,339,0.6975308641975309,517,296,0.5725338491295938,228,0.2,146,0.1280701754385965,83,0.0728070175438596,0,0.0,654,0.5736842105263158,403,0.3535087719298245,164,0.3374485596707819,36081085300,4828,861,0.178334714167357,4828,983,0.2036039768019884,4828,256,0.0530240265120132,34383,0.034383,33155.92007678213,0.8589135610401704
360810855003,360810855003,Block Group 3; Census Tract 855; Queens County; New York,Queens,2427,803,682,0.8493150684931506,949,333,0.3508956796628029,592,0.2439225381128965,474,0.1953028430160692,31,0.0127729707457766,20,0.0082406262875978,2088,0.8603213844252163,288,0.1186650185414091,396,0.4931506849315068,36081085500,5807,936,0.1611847769932839,5807,1035,0.1782331668675736,5807,801,0.1379369726192526,21685,0.021685,111920.68249942356,0.8453684549397773
360810857003,360810857003,Block Group 3; Census Tract 857; Queens County; New York,Queens,2712,814,692,0.8501228501228502,1509,688,0.4559310801855533,426,0.1570796460176991,560,0.2064896755162241,64,0.023598820058997,0,0.0,2208,0.8141592920353983,314,0.1157817109144542,341,0.4189189189189189,36081085700,5525,812,0.1469683257918552,5520,717,0.1298913043478261,5520,678,0.1228260869565217,48024,0.048024,56471.764117941035,0.831132903667688
360810859003,360810859003,Block Group 3; Census Tract 859; Queens County; New York,Queens,2784,1175,854,0.7268085106382979,1198,446,0.3722871452420701,459,0.1648706896551724,735,0.2640086206896552,240,0.0862068965517241,0,0.0,2304,0.8275862068965517,240,0.0862068965517241,808,0.6876595744680851,36081085900,5584,1218,0.2181232091690544,5584,722,0.1292979942693409,5584,813,0.1455945558739255,48644,0.048644,57232.13551517145,0.8559285926984168
360810863003,360810863003,Block Group 3; Census Tract 863; Queens County; New York,Queens,2260,612,520,0.8496732026143791,1062,418,0.3935969868173258,306,0.1353982300884955,334,0.147787610619469,55,0.0243362831858407,0,0.0,1484,0.6566371681415929,721,0.3190265486725663,288,0.4705882352941176,36081086300,7393,1707,0.230894089003111,7479,625,0.0835673218344698,7479,836,0.1117796496857868,16716,0.016716,135199.80856664272,0.8662634574743721
360810865003,360810865003,Block Group 3; Census Tract 865; Queens County; New York,Queens,713,281,255,0.9074733096085408,360,143,0.3972222222222222,27,0.0378681626928471,215,0.3015427769985975,198,0.2776998597475456,22,0.0308555399719495,359,0.5035063113604488,134,0.1879382889200561,140,0.498220640569395,36081086500,4669,672,0.1439280359820089,4679,810,0.1731139132293225,4679,715,0.1528104295789698,34804,0.034804,20486.151017124463,0.821462053560519
360810087003,360810087003,Block Group 3; Census Tract 87; Queens County; New York,Queens,1203,508,508,1.0,382,281,0.7356020942408377,181,0.1504571903574397,266,0.2211138819617622,62,0.0515378221113881,508,0.4222776392352452,0,0.0,591,0.4912718204488778,26,0.0511811023622047,36081008700,3444,1246,0.3617886178861789,3480,796,0.228735632183908,3480,343,0.0985632183908045,72973,0.072973,16485.5494497965,0.8091940568799011
360810884003,360810884003,Block Group 3; Census Tract 884; Queens County; New York,Queens,980,420,211,0.5023809523809524,343,28,0.0816326530612244,150,0.1530612244897959,267,0.2724489795918367,772,0.7877551020408163,0,0.0,0,0.0,186,0.1897959183673469,0,0.0,36081088400,8995,919,0.1021678710394663,8995,1757,0.1953307392996109,8995,299,0.0332406892718176,160145,0.160145,6119.454244590839,0.5047339230906046
360810889023,360810889023,Block Group 3; Census Tract 889.02; Queens County; New York,Queens,1488,745,738,0.9906040268456376,445,96,0.2157303370786517,207,0.1391129032258064,439,0.2950268817204301,245,0.1646505376344086,167,0.1122311827956989,376,0.2526881720430107,575,0.3864247311827957,249,0.334228187919463,36081088902,6357,1490,0.2343872896020135,6357,786,0.1236432279377064,6357,607,0.0954852918043102,90803,0.090803,16387.12377344361,0.6498246011366154
360810889033,360810889033,Block Group 3; Census Tract 889.03; Queens County; New York,Queens,2357,714,271,0.3795518207282913,719,72,0.1001390820584144,357,0.1514637250742469,523,0.2218922358930844,137,0.058124734832414,0,0.0,2104,0.8926601612218923,50,0.0212134068731438,221,0.3095238095238095,36081088903,4537,1035,0.2281243112188671,4537,573,0.1262949085298655,4537,237,0.0522371611196826,89157,0.089157,26436.51087407607,0.7547517327448539
360810892013,360810892013,Block Group 3; Census Tract 892.01; Queens County; New York,Queens,588,193,0,0.0,448,55,0.1227678571428571,133,0.2261904761904762,7,0.0119047619047619,588,1.0,0,0.0,0,0.0,0,0.0,0,0.0,36081089201,9116,243,0.0266564282580079,9116,1369,0.1501755155770074,9116,395,0.0433304080737165,212980,0.21298,2760.8226124518733,0.3308148554705081
360810919003,360810919003,Block Group 3; Census Tract 919; Queens County; New York,Queens,2107,811,351,0.4327990135635018,738,157,0.2127371273712737,593,0.2814428096820123,405,0.1922164214523018,339,0.1608922638822971,0,0.0,1070,0.5078310393925012,685,0.3251067869008068,273,0.3366214549938348,36081091900,4722,686,0.1452774248199915,4722,347,0.0734858110969928,4722,316,0.0669207962727657,152662,0.152662,13801.73193067037,0.8049060488196624
360810922003,360810922003,Block Group 3; Census Tract 922; Queens County; New York,Queens,348,109,26,0.2385321100917431,129,8,0.0620155038759689,125,0.3591954022988505,41,0.1178160919540229,184,0.5287356321839081,0,0.0,0,0.0,126,0.3620689655172414,0,0.0,36081092200,2338,85,0.0363558597091531,2338,151,0.064585115483319,2338,69,0.0295124037639007,243192,0.243192,1430.968123951446,0.4149025510803709
360810925003,360810925003,Block Group 3; Census Tract 925; Queens County; New York,Queens,998,274,189,0.6897810218978102,482,286,0.5933609958506224,182,0.1823647294589178,113,0.1132264529058116,131,0.1312625250501002,0,0.0,284,0.2845691382765531,559,0.5601202404809619,55,0.2007299270072992,36081092500,3798,654,0.1721958925750395,3799,424,0.1116083179784153,3799,319,0.0839694656488549,104479,0.104479,9552.158807032993,0.5876828660069171
360810928003,360810928003,Block Group 3; Census Tract 928; Queens County; New York,Queens,1163,371,53,0.1428571428571428,446,100,0.2242152466367713,271,0.233018056749785,277,0.2381771281169389,1080,0.9286328460877042,0,0.0,0,0.0,70,0.0601891659501289,0,0.0,36081092800,3341,148,0.0442981143370248,3341,161,0.0481891649206824,3341,14,0.0041903621670158,246008,0.246008,4727.488536958148,0.4682615435827449
360810929003,360810929003,Block Group 3; Census Tract 929; Queens County; New York,Queens,1174,260,180,0.6923076923076923,467,325,0.69593147751606,233,0.1984667802385008,365,0.3109028960817717,143,0.1218057921635434,2,0.0017035775127768,239,0.2035775127768313,790,0.6729131175468483,219,0.8423076923076923,36081092900,7003,557,0.0795373411395116,7003,382,0.0545480508353562,7003,872,0.1245180636869913,78447,0.078447,14965.518120514487,0.5896168008707294
360810934013,360810934013,Block Group 3; Census Tract 934.01; Queens County; New York,Queens,979,412,125,0.3033980582524271,348,42,0.1206896551724138,264,0.2696629213483146,348,0.355464759959142,957,0.9775280898876404,0,0.0,0,0.0,0,0.0,36,0.087378640776699,36081093401,4120,523,0.1269417475728155,4218,508,0.1204362256993836,4218,52,0.0123281175912754,183811,0.183811,5326.123028545626,0.504126348938499
360810934023,360810934023,Block Group 3; Census Tract 934.02; Queens County; New York,Queens,2005,529,119,0.2249527410207939,873,67,0.0767468499427262,724,0.3610972568578554,255,0.1271820448877805,1671,0.8334164588528679,0,0.0,0,0.0,313,0.1561097256857855,0,0.0,36081093402,4165,409,0.0981992797118847,4165,631,0.151500600240096,4165,83,0.0199279711884753,195025,0.195025,10280.73323932829,0.5560291033959215
360810938003,360810938003,Block Group 3; Census Tract 938; Queens County; New York,Queens,1310,236,217,0.9194915254237288,303,15,0.0495049504950495,184,0.1404580152671755,495,0.3778625954198473,590,0.4503816793893129,353,0.2694656488549618,79,0.0603053435114503,284,0.216793893129771,37,0.1567796610169491,36081093800,4527,496,0.1095648332228849,4527,712,0.1572785509167218,4527,569,0.1256903026286724,556060,0.55606,2355.860878322483,0.5665041056673219
360810939003,360810939003,Block Group 3; Census Tract 939; Queens County; New York,Queens,1032,395,228,0.5772151898734177,476,299,0.6281512605042017,112,0.1085271317829457,312,0.3023255813953488,151,0.1463178294573643,0,0.0,315,0.3052325581395348,566,0.5484496124031008,24,0.060759493670886,36081093900,5805,312,0.0537467700258397,5819,369,0.0634129575528441,5819,289,0.0496648908747207,115361,0.115361,8945.830913393607,0.5782002866225824
360810942023,360810942023,Block Group 3; Census Tract 942.02; Queens County; New York,Queens,980,381,111,0.2913385826771653,515,120,0.233009708737864,309,0.3153061224489796,19,0.0193877551020408,324,0.3306122448979592,292,0.2979591836734694,21,0.0214285714285714,343,0.35,19,0.0498687664041994,36081094202,5623,1751,0.3113996087497777,5623,689,0.1225324559843499,5623,302,0.0537079850613551,327313,0.327313,2994.0760067580572,0.8006050292803248
360810942033,360810942033,Block Group 3; Census Tract 942.03; Queens County; New York,Queens,780,458,391,0.8537117903930131,209,141,0.6746411483253588,97,0.1243589743589743,432,0.5538461538461539,333,0.4269230769230769,200,0.2564102564102564,0,0.0,228,0.2923076923076923,19,0.0414847161572052,36081094203,5729,703,0.122709024262524,5730,1255,0.219022687609075,5730,66,0.0115183246073298,58945,0.058945,13232.674527101535,0.7366455971131797
360810954003,360810954003,Block Group 3; Census Tract 954; Queens County; New York,Queens,2782,958,671,0.7004175365344467,1288,454,0.3524844720496894,810,0.291157440690151,239,0.0859094176851186,778,0.2796549245147376,1065,0.3828181164629762,29,0.0104241552839683,804,0.289000718907261,30,0.0313152400835073,36081095400,6993,1448,0.207064207064207,6940,1202,0.1731988472622478,6940,99,0.0142651296829971,391489,0.391489,7106.202217686832,0.7958370666750773
360810972043,360810972043,Block Group 3; Census Tract 972.04; Queens County; New York,Queens,787,497,464,0.9336016096579476,356,169,0.4747191011235955,111,0.1410419313850063,293,0.3722998729351969,0,0.0,594,0.7547649301143583,9,0.0114358322744599,84,0.1067344345616264,56,0.1126760563380281,36081097204,3597,506,0.1406727828746177,3603,518,0.1437690813211213,3603,274,0.0760477379961143,66038,0.066038,11917.380901904964,0.7945001858967337
360810973003,360810973003,Block Group 3; Census Tract 973; Queens County; New York,Queens,707,231,27,0.1168831168831168,303,22,0.0726072607260726,159,0.2248939179632249,132,0.1867043847241867,486,0.6874115983026874,0,0.0,129,0.1824611032531824,84,0.1188118811881188,50,0.2164502164502164,36081097300,2116,120,0.0567107750472589,2116,262,0.1238185255198487,2116,50,0.0236294896030245,163948,0.163948,4312.342938004733,0.5814212066766808
360810097003,360810097003,Block Group 3; Census Tract 97; Queens County; New York,Queens,767,375,214,0.5706666666666667,359,223,0.6211699164345403,91,0.1186440677966101,167,0.2177314211212516,648,0.8448500651890483,7,0.0091264667535853,9,0.0117340286831812,85,0.1108213820078226,0,0.0,36081009700,3802,342,0.0899526564965807,3837,326,0.0849622100599426,3837,248,0.0646338285118582,49465,0.049465,15505.913272010512,0.8512577528827197
360810991003,360810991003,Block Group 3; Census Tract 991; Queens County; New York,Queens,508,157,19,0.1210191082802547,271,54,0.1992619926199262,127,0.25,126,0.2480314960629921,402,0.7913385826771654,0,0.0,0,0.0,0,0.0,16,0.1019108280254777,36081099100,7613,329,0.0432155523446735,7613,953,0.125180612110863,7613,317,0.0416393011953237,241385,0.241385,2104.5218219856247,0.793309654923054
360810997013,360810997013,Block Group 3; Census Tract 997.01; Queens County; New York,Queens,1121,527,80,0.1518026565464895,516,91,0.1763565891472868,268,0.2390722569134701,176,0.1570026761819803,573,0.5111507582515611,0,0.0,363,0.3238180196253345,138,0.1231043710972346,56,0.1062618595825427,36081099701,2491,236,0.0947410678442392,2507,538,0.21459912245712,2507,16,0.0063821300358994,119780,0.11978,9358.82451160461,0.6009574142507903
360810997033,360810997033,Block Group 3; Census Tract 997.03; Queens County; New York,Queens,1367,651,207,0.3179723502304147,798,183,0.2293233082706766,176,0.1287490855888807,409,0.2991953182150695,761,0.556693489392831,0,0.0,502,0.3672275054864667,49,0.035844915874177,111,0.1705069124423963,36081099703,3931,374,0.0951411854489951,3931,388,0.0987026201984228,3931,51,0.012973798015772,274391,0.274391,4981.941827538075,0.6210536633254521
360810997043,360810997043,Block Group 3; Census Tract 997.04; Queens County; New York,Queens,2272,906,122,0.1346578366445916,499,22,0.0440881763527054,407,0.1791373239436619,665,0.292693661971831,1542,0.6786971830985915,3,0.0013204225352112,528,0.2323943661971831,149,0.0655809859154929,231,0.2549668874172185,36081099704,7118,792,0.1112672098904186,7118,1729,0.242905310480472,7118,255,0.0358246698510817,141061,0.141061,16106.507113943611,0.5671796128853935
360810998013,360810998013,Block Group 3; Census Tract 998.01; Queens County; New York,Queens,1550,310,242,0.7806451612903226,709,306,0.4315937940761636,51,0.0329032258064516,376,0.2425806451612903,145,0.0935483870967742,841,0.5425806451612903,18,0.0116129032258064,276,0.1780645161290322,40,0.1290322580645161,36081099801,8701,1439,0.1653832892770946,8710,1661,0.1907003444316877,8710,452,0.0518943742824339,121711,0.121711,12735.085571558857,0.7862031599745503
360810998023,360810998023,Block Group 3; Census Tract 998.02; Queens County; New York,Queens,1214,978,978,1.0,72,50,0.6944444444444444,0,0.0,1152,0.9489291598023064,604,0.4975288303130148,117,0.0963756177924217,179,0.1474464579901153,258,0.2125205930807248,554,0.5664621676891616,36081099802,5375,1473,0.274046511627907,5375,1410,0.2623255813953488,5375,344,0.064,30680,0.03068,39569.75228161669,0.7653102169412469
360811017004,360811017004,Block Group 4; Census Tract 1017; Queens County; New York,Queens,1041,511,116,0.2270058708414872,406,94,0.2315270935960591,98,0.0941402497598463,307,0.2949087415946205,706,0.6781940441882806,0,0.0,315,0.3025936599423631,20,0.0192122958693563,107,0.2093933463796477,36081101700,6801,577,0.0848404646375533,6806,627,0.0921245959447546,6806,106,0.0155744930943285,140348,0.140348,7417.277054179611,0.6032045431068002
360811032024,360811032024,Block Group 4; Census Tract 1032.02; Queens County; New York,Queens,2131,597,545,0.9128978224455612,718,127,0.1768802228412256,908,0.4260910370717973,307,0.1440638198029094,612,0.2871891130924449,398,0.1867667761614265,8,0.003754106053496,783,0.3674331299859221,101,0.169179229480737,36081103202,7684,1178,0.1533055700156168,7684,715,0.0930504945340968,7684,1296,0.1686621551275377,125634,0.125634,16961.968893770794,0.8172340285406429
360811033004,360811033004,Block Group 4; Census Tract 1033; Queens County; New York,Queens,1199,397,90,0.2267002518891687,556,90,0.1618705035971223,253,0.2110091743119266,373,0.311092577147623,345,0.2877397831526272,0,0.0,601,0.5012510425354462,216,0.1801501251042535,64,0.1612090680100755,36081103300,4387,435,0.0991565990426259,4387,450,0.1025757921130613,4387,119,0.0271255983587873,123472,0.123472,9710.703641311393,0.8326940875788506
360811039004,360811039004,Block Group 4; Census Tract 1039; Queens County; New York,Queens,1765,518,134,0.2586872586872586,544,32,0.0588235294117647,299,0.1694050991501416,378,0.2141643059490085,728,0.4124645892351274,0,0.0,696,0.3943342776203966,192,0.1087818696883852,76,0.1467181467181467,36081103900,6539,551,0.0842636488759749,6540,663,0.1013761467889908,6540,590,0.0902140672782874,256594,0.256594,6878.570816153145,0.8086962351254611
360810103004,360810103004,Block Group 4; Census Tract 103; Queens County; New York,Queens,1158,378,306,0.8095238095238095,484,198,0.4090909090909091,238,0.2055267702936096,202,0.1744386873920552,619,0.5345423143350605,13,0.0112262521588946,241,0.2081174438687392,234,0.2020725388601036,0,0.0,36081010300,3887,453,0.1165423205556984,3915,454,0.1159642401021711,3915,105,0.0268199233716475,66060,0.06606,17529.518619436876,0.8606413076018433
360811047004,360811047004,Block Group 4; Census Tract 1047; Queens County; New York,Queens,1548,859,298,0.3469150174621653,839,331,0.3945172824791418,172,0.1111111111111111,587,0.3791989664082687,475,0.3068475452196382,0,0.0,916,0.5917312661498708,157,0.1014211886304909,432,0.5029103608847497,36081104700,6679,1053,0.1576583320856415,6656,515,0.077373798076923,6656,256,0.0384615384615384,89213,0.089213,17351.731249929944,0.6573408667604799
360811059004,360811059004,Block Group 4; Census Tract 1059; Queens County; New York,Queens,1507,475,46,0.0968421052631579,800,93,0.11625,403,0.2674187126741871,238,0.1579296615792966,859,0.5700066357000664,0,0.0,648,0.4299933642999336,0,0.0,53,0.111578947368421,36081105900,3640,310,0.0851648351648351,3641,339,0.0931062894809118,3641,68,0.0186761878604778,193634,0.193634,7782.724108369398,0.6246767370058427
360810105004,360810105004,Block Group 4; Census Tract 105; Queens County; New York,Queens,940,407,378,0.9287469287469288,423,65,0.1536643026004728,182,0.1936170212765957,144,0.1531914893617021,517,0.55,75,0.0797872340425532,43,0.0457446808510638,248,0.2638297872340425,57,0.14004914004914,36081010500,4668,624,0.1336760925449871,4668,774,0.1658097686375321,4668,258,0.0552699228791773,42411,0.042411,22164.061210535005,0.8432182734684224
360811175004,360811175004,Block Group 4; Census Tract 1175; Queens County; New York,Queens,911,222,75,0.3378378378378378,147,89,0.6054421768707483,195,0.2140504939626783,68,0.0746432491767288,18,0.0197585071350164,55,0.0603732162458836,791,0.8682766190998902,23,0.0252469813391877,131,0.5900900900900901,36081117500,4464,745,0.1668906810035842,4461,245,0.0549204214301726,4461,515,0.1154449674960771,112766,0.112766,8078.676196725964,0.8602388511402894
360810117004,360810117004,Block Group 4; Census Tract 117; Queens County; New York,Queens,1449,513,384,0.7485380116959064,839,440,0.5244338498212158,310,0.2139406487232574,143,0.0986887508626639,971,0.6701173222912353,0,0.0,99,0.0683229813664596,326,0.2249827467218771,29,0.0565302144249512,36081011700,3996,386,0.0965965965965966,4015,128,0.0318804483188044,4015,129,0.0321295143212951,51486,0.051486,28143.57301013868,0.866589154767436
360811227024,360811227024,Block Group 4; Census Tract 1227.02; Queens County; New York,Queens,527,204,204,1.0,202,66,0.3267326732673267,173,0.3282732447817836,21,0.0398481973434535,144,0.2732447817836812,254,0.4819734345351044,129,0.2447817836812144,0,0.0,0,0.0,36081122702,6209,1932,0.3111612175873732,6209,1327,0.2137220164277661,6209,364,0.0586245772266065,78502,0.078502,6713.204759114417,0.650083763697109
360811227034,360811227034,Block Group 4; Census Tract 1227.03; Queens County; New York,Queens,1391,531,310,0.583804143126177,422,126,0.2985781990521327,248,0.1782890007189072,359,0.2580877066858375,518,0.3723939611790079,76,0.0546369518332135,28,0.0201294033069734,621,0.4464414090582315,18,0.0338983050847457,36081122703,5896,737,0.125,5896,1193,0.2023405698778833,5896,72,0.0122116689280868,108006,0.108006,12878.91413439994,0.5810733785150447
360811277004,360811277004,Block Group 4; Census Tract 1277; Queens County; New York,Queens,903,271,29,0.1070110701107011,443,165,0.3724604966139955,163,0.1805094130675526,82,0.0908084163898117,634,0.7021040974529347,184,0.2037652270210409,85,0.0941306755260243,0,0.0,27,0.0996309963099631,36081127700,2973,248,0.0834174234779683,2980,161,0.0540268456375838,2980,176,0.0590604026845637,210026,0.210026,4299.467684953292,0.6430942259865572
360811291024,360811291024,Block Group 4; Census Tract 1291.02; Queens County; New York,Queens,968,392,72,0.1836734693877551,445,71,0.1595505617977528,189,0.1952479338842975,253,0.2613636363636363,178,0.1838842975206611,13,0.0134297520661157,534,0.5516528925619835,116,0.1198347107438016,40,0.1020408163265306,36081129102,3807,285,0.0748620961386918,3807,180,0.0472813238770685,3807,69,0.0181245074862096,189316,0.189316,5113.14416108517,0.8295926789368518
360811291044,360811291044,Block Group 4; Census Tract 1291.04; Queens County; New York,Queens,686,235,17,0.0723404255319148,365,21,0.0575342465753424,120,0.1749271137026239,246,0.358600583090379,134,0.19533527696793,2,0.0029154518950437,425,0.619533527696793,16,0.0233236151603498,69,0.2936170212765957,36081129104,4192,346,0.0825381679389313,4192,523,0.1247614503816793,4192,238,0.0567748091603053,193557,0.193557,3544.1756175183536,0.8313243411687057
360811301004,360811301004,Block Group 4; Census Tract 1301; Queens County; New York,Queens,1846,682,188,0.2756598240469208,520,100,0.1923076923076923,130,0.0704225352112676,723,0.3916576381365114,227,0.1229685807150595,552,0.2990249187432286,334,0.180931744312026,524,0.2838569880823402,28,0.0410557184750733,36081130100,4015,243,0.0605230386052303,4044,635,0.15702274975272,4044,37,0.0091493570722057,144870,0.14487,12742.45875612618,0.7737814891312229
360811333004,360811333004,Block Group 4; Census Tract 1333; Queens County; New York,Queens,1204,583,413,0.7084048027444254,740,248,0.3351351351351351,258,0.2142857142857142,221,0.1835548172757475,152,0.1262458471760797,14,0.0116279069767441,801,0.665282392026578,228,0.1893687707641196,22,0.0377358490566037,36081133300,3886,399,0.1026762738033968,3886,356,0.0916109109624292,3886,90,0.0231600617601646,172426,0.172426,6982.70562444179,0.8626143861450271
360810134004,360810134004,Block Group 4; Census Tract 134; Queens County; New York,Queens,995,185,164,0.8864864864864865,519,334,0.6435452793834296,112,0.1125628140703517,340,0.3417085427135678,132,0.1326633165829145,109,0.1095477386934673,570,0.5728643216080402,158,0.1587939698492462,0,0.0,36081013400,5720,421,0.0736013986013986,5802,786,0.1354705274043433,5802,167,0.0287831782144088,29275,0.029275,33988.04440649018,0.6420901123382955
360811367004,360811367004,Block Group 4; Census Tract 1367; Queens County; New York,Queens,1771,878,199,0.2266514806378132,935,254,0.2716577540106952,200,0.1129305477131564,396,0.2236024844720497,438,0.2473178994918125,18,0.010163749294184,991,0.55957086391869,306,0.1727837380011293,195,0.2220956719817767,36081136700,5903,363,0.0614941555141453,5903,451,0.0764018295781805,5903,105,0.0177875656445874,175062,0.175062,10116.415898367435,0.6023265644531636
360811377004,360811377004,Block Group 4; Census Tract 1377; Queens County; New York,Queens,1458,410,82,0.2,644,61,0.0947204968944099,487,0.3340192043895748,219,0.1502057613168724,167,0.1145404663923182,32,0.0219478737997256,899,0.6165980795610425,319,0.2187928669410151,18,0.0439024390243902,36081137700,6759,315,0.0466045272969374,6759,676,0.1000147950880307,6759,678,0.1003106968486462,136503,0.136503,10681.083932221269,0.6012764699261309
360811385014,360811385014,Block Group 4; Census Tract 1385.01; Queens County; New York,Queens,1241,483,355,0.7349896480331263,499,93,0.1863727454909819,349,0.2812248186946011,325,0.2618855761482675,300,0.24174053182917,0,0.0,432,0.3481063658340048,392,0.3158742949234488,109,0.2256728778467908,36081138501,4187,495,0.1182230714115118,4189,410,0.0978753879207448,4189,114,0.0272141322511339,201215,0.201215,6167.532241632085,0.5313729151196751
360811417004,360811417004,Block Group 4; Census Tract 1417; Queens County; New York,Queens,1223,405,42,0.1037037037037037,583,123,0.2109777015437393,371,0.30335241210139,209,0.1708912510220768,168,0.1373671300081766,67,0.0547833197056418,955,0.7808667211774325,11,0.0089942763695829,115,0.2839506172839506,36081141700,4300,670,0.1558139534883721,4300,415,0.0965116279069767,4300,267,0.0620930232558139,266353,0.266353,4591.650929405713,0.6505069383588067
360811429004,360811429004,Block Group 4; Census Tract 1429; Queens County; New York,Queens,715,284,101,0.3556338028169014,481,107,0.2224532224532224,41,0.0573426573426573,104,0.1454545454545454,308,0.4307692307692308,0,0.0,289,0.4041958041958042,107,0.1496503496503496,54,0.1901408450704225,36081142900,3678,223,0.0606307775965198,3678,351,0.0954323001631321,3678,194,0.0527460576400217,119119,0.119119,6002.400960384153,0.8098153944794567
360811441004,360811441004,Block Group 4; Census Tract 1441; Queens County; New York,Queens,1007,271,0,0.0,447,15,0.0335570469798657,224,0.2224428997020854,229,0.2274081429990069,620,0.6156901688182721,0,0.0,366,0.3634558093346574,4,0.0039721946375372,14,0.051660516605166,36081144100,3002,177,0.058960692871419,3002,256,0.0852764823451032,3002,62,0.0206528980679546,140028,0.140028,7191.4188590853255,0.8168503760936738
360811483004,360811483004,Block Group 4; Census Tract 1483; Queens County; New York,Queens,628,230,10,0.0434782608695652,364,49,0.1346153846153846,134,0.2133757961783439,185,0.2945859872611465,426,0.678343949044586,0,0.0,130,0.2070063694267516,0,0.0,8,0.0347826086956521,36081148300,2974,146,0.0490921318090114,2974,361,0.1213853396099529,2974,14,0.0047074646940147,286390,0.28639,2192.813994902057,0.6969614720835915
360811507024,360811507024,Block Group 4; Census Tract 1507.02; Queens County; New York,Queens,329,150,36,0.24,141,9,0.0638297872340425,61,0.1854103343465045,114,0.3465045592705167,166,0.5045592705167173,0,0.0,136,0.4133738601823708,14,0.0425531914893617,50,0.3333333333333333,36081150702,3047,183,0.0600590744995077,3047,589,0.1933048900557925,3047,35,0.0114867082376107,96823,0.096823,3397.9529657209546,0.68502162768085
360811529024,360811529024,Block Group 4; Census Tract 1529.02; Queens County; New York,Queens,2749,1186,276,0.2327150084317032,1362,127,0.093245227606461,354,0.1287740996726082,632,0.2299017824663514,783,0.2848308475809385,0,0.0,1861,0.6769734448890505,105,0.0381957075300109,76,0.0640809443507588,36081152902,6530,113,0.0173047473200612,6530,397,0.0607963246554364,6530,198,0.0303215926493108,232527,0.232527,11822.283003694194,0.7943564111915898
360811551034,360811551034,Block Group 4; Census Tract 1551.03; Queens County; New York,Queens,945,605,341,0.5636363636363636,715,132,0.1846153846153846,96,0.1015873015873015,230,0.2433862433862433,612,0.6476190476190476,208,0.2201058201058201,91,0.0962962962962963,33,0.0349206349206349,0,0.0,36081155103,4325,363,0.0839306358381502,4325,755,0.1745664739884393,4325,101,0.0233526011560693,132213,0.132213,7147.557350638742,0.8216840293669647
360811571014,360811571014,Block Group 4; Census Tract 1571.01; Queens County; New York,Queens,825,255,138,0.5411764705882353,406,83,0.2044334975369458,74,0.0896969696969696,251,0.3042424242424242,52,0.063030303030303,199,0.2412121212121212,314,0.3806060606060606,260,0.3151515151515151,0,0.0,36081157101,8073,727,0.0900532639663074,8073,1119,0.1386101820884429,8073,412,0.0510343119038771,188780,0.18878,4370.16633117915,0.8441957407546224
360811579014,360811579014,Block Group 4; Census Tract 1579.01; Queens County; New York,Queens,1068,412,88,0.2135922330097087,634,72,0.113564668769716,230,0.2153558052434457,180,0.1685393258426966,195,0.1825842696629213,0,0.0,602,0.5636704119850188,271,0.2537453183520599,66,0.1601941747572815,36081157901,5064,712,0.1406003159557662,5064,709,0.1400078988941548,5064,143,0.0282385466034755,147274,0.147274,7251.789182068797,0.7725168383331911
360811579024,360811579024,Block Group 4; Census Tract 1579.02; Queens County; New York,Queens,952,334,19,0.0568862275449101,243,18,0.074074074074074,258,0.2710084033613445,331,0.3476890756302521,103,0.1081932773109243,0,0.0,849,0.8918067226890757,0,0.0,36,0.1077844311377245,36081157902,3632,149,0.0410242290748898,3635,680,0.18707015130674,3635,113,0.0310866574965612,160026,0.160026,5949.03328209166,0.8310884329355104
360811579034,360811579034,Block Group 4; Census Tract 1579.03; Queens County; New York,Queens,885,180,40,0.2222222222222222,352,47,0.1335227272727272,287,0.3242937853107344,203,0.2293785310734463,101,0.1141242937853107,14,0.015819209039548,682,0.7706214689265537,58,0.0655367231638418,0,0.0,36081157903,3671,155,0.0422228275674203,3671,313,0.0852628711522745,3671,64,0.0174339417052574,138891,0.138891,6371.903147072165,0.7436238464000139
360810159004,360810159004,Block Group 4; Census Tract 159; Queens County; New York,Queens,1345,662,662,1.0,679,477,0.7025036818851251,121,0.0899628252788104,67,0.049814126394052,620,0.4609665427509293,202,0.1501858736059479,73,0.0542750929368029,373,0.2773234200743494,54,0.0815709969788519,36081015900,3699,338,0.0913760475804271,3699,418,0.1130035144633684,3699,386,0.1043525277101919,47432,0.047432,28356.38387586439,0.8333114819597198
360811617004,360811617004,Block Group 4; Census Tract 1617; Queens County; New York,Queens,1711,502,82,0.1633466135458167,662,195,0.2945619335347432,542,0.3167738164815897,228,0.1332554061952074,449,0.2624196376388077,305,0.1782583284628872,373,0.2180011689070718,450,0.2630040911747516,88,0.1752988047808765,36081161700,4843,288,0.059467272351848,4843,548,0.1131530043361552,4843,90,0.0185835226099525,236364,0.236364,7238.835017176897,0.7183132344460731
360811621004,360811621004,Block Group 4; Census Tract 1621; Queens County; New York,Queens,508,198,93,0.4696969696969697,298,26,0.087248322147651,54,0.1062992125984252,118,0.2322834645669291,261,0.5137795275590551,0,0.0,247,0.4862204724409449,0,0.0,47,0.2373737373737373,36081162100,6327,174,0.0275011853959222,6340,856,0.1350157728706624,6340,440,0.0694006309148265,118697,0.118697,4279.804881336512,0.729334993166841
360810169004,360810169004,Block Group 4; Census Tract 169; Queens County; New York,Queens,1159,669,451,0.6741405082212257,762,259,0.3398950131233595,148,0.1276962899050906,55,0.0474547023295944,371,0.3201035375323555,27,0.0232959447799827,320,0.2761000862812769,418,0.360655737704918,58,0.0866965620328849,36081016900,5859,398,0.0679296808329066,5859,309,0.0527393753200204,5859,352,0.0600785116914149,26832,0.026832,43194.69290399523,0.6315620780831033
360810183004,360810183004,Block Group 4; Census Tract 183; Queens County; New York,Queens,1082,533,533,1.0,658,367,0.5577507598784195,124,0.1146025878003696,153,0.1414048059149723,505,0.466728280961183,50,0.0462107208872458,91,0.0841035120147874,357,0.3299445471349353,109,0.2045028142589118,36081018300,5057,945,0.1868696855843385,5058,321,0.0634638196915777,5058,246,0.0486358244365361,33973,0.033973,31848.821122656223,0.6383765683031888
360810220014,360810220014,Block Group 4; Census Tract 220.01; Queens County; New York,Queens,1495,838,677,0.8078758949880668,898,522,0.5812917594654788,234,0.1565217391304348,275,0.1839464882943143,180,0.1204013377926421,288,0.1926421404682274,208,0.1391304347826087,732,0.4896321070234113,110,0.1312649164677804,36081022001,6402,1064,0.1661980631052796,6402,663,0.1035613870665417,6402,511,0.0798188066229303,45486,0.045486,32867.25585894561,0.8541633360920227
360810220024,360810220024,Block Group 4; Census Tract 220.02; Queens County; New York,Queens,1680,910,469,0.5153846153846153,869,683,0.7859608745684695,76,0.0452380952380952,451,0.2684523809523809,761,0.4529761904761905,163,0.0970238095238095,411,0.2446428571428571,319,0.1898809523809523,173,0.1901098901098901,36081022002,6097,943,0.1546662292930949,6098,469,0.0769104624467038,6098,209,0.0342735323056739,50450,0.05045,33300.29732408325,0.8407446444347016
360810238004,360810238004,Block Group 4; Census Tract 238; Queens County; New York,Queens,583,201,148,0.736318407960199,236,123,0.5211864406779662,84,0.144082332761578,38,0.0651801029159519,15,0.0257289879931389,123,0.2109777015437393,324,0.5557461406518011,59,0.1012006861063464,55,0.2736318407960199,36081023800,4495,1044,0.232258064516129,4502,573,0.1272767658818303,4502,770,0.1710350955131052,29032,0.029032,20081.289611463213,0.8599103259794749
360810243004,360810243004,Block Group 4; Census Tract 243; Queens County; New York,Queens,2438,990,414,0.4181818181818181,1111,629,0.5661566156615662,648,0.2657916324856439,566,0.2321575061525841,314,0.1287940935192781,9,0.0036915504511894,706,0.2895816242821985,1384,0.5676784249384742,268,0.2707070707070707,36081024300,5591,455,0.0813807905562511,5607,548,0.0977349741394685,5607,663,0.1182450508293204,131682,0.131682,18514.299600552848,0.8246219067057142
360810245004,360810245004,Block Group 4; Census Tract 245; Queens County; New York,Queens,910,239,139,0.5815899581589958,161,90,0.5590062111801242,302,0.3318681318681318,335,0.3681318681318681,107,0.1175824175824175,0,0.0,754,0.8285714285714286,49,0.0538461538461538,78,0.3263598326359833,36081024500,5063,218,0.0430574758048587,5102,699,0.1370050960407683,5102,43,0.0084280674245393,64575,0.064575,14092.140921409216,0.8088277599515872
360810251004,360810251004,Block Group 4; Census Tract 251; Queens County; New York,Queens,868,536,536,1.0,662,381,0.5755287009063444,25,0.0288018433179723,127,0.1463133640552995,559,0.6440092165898618,0,0.0,92,0.1059907834101382,199,0.2292626728110599,12,0.0223880597014925,36081025100,5682,696,0.1224920802534318,5703,488,0.0855689987725758,5703,316,0.055409433631422,27512,0.027512,31549.86914800814,0.8376677845416591
360810253014,360810253014,Block Group 4; Census Tract 253.01; Queens County; New York,Queens,1063,427,360,0.8430913348946136,580,330,0.5689655172413793,77,0.0724365004703668,290,0.2728127939793038,432,0.4063969896519285,0,0.0,387,0.3640639698965193,244,0.2295390404515522,30,0.0702576112412178,36081025301,3660,493,0.1346994535519125,3660,478,0.1306010928961748,3660,138,0.0377049180327868,29691,0.029691,35802.09491091577,0.6279974572820393
360810025004,360810025004,Block Group 4; Census Tract 25; Queens County; New York,Queens,1080,393,393,1.0,293,206,0.7030716723549488,225,0.2083333333333333,216,0.2,33,0.0305555555555555,311,0.287962962962963,0,0.0,728,0.674074074074074,61,0.1552162849872773,36081002500,6530,1796,0.2750382848392037,6530,1168,0.1788667687595712,6530,227,0.0347626339969372,28299,0.028299,38163.89271705714,0.8534348119368188
360810261004,360810261004,Block Group 4; Census Tract 261; Queens County; New York,Queens,2569,783,727,0.9284802043422732,1626,1125,0.6918819188191881,345,0.1342934994161152,234,0.0910860256909303,306,0.1191124951342935,0,0.0,1472,0.5729855975087583,760,0.2958349552355002,262,0.334610472541507,36081026100,7139,432,0.0605126768454965,7175,285,0.0397212543554007,7175,648,0.0903135888501742,91266,0.091266,28148.489032060133,0.8623011099776002
360810269014,360810269014,Block Group 4; Census Tract 269.01; Queens County; New York,Queens,612,178,153,0.8595505617977528,264,167,0.6325757575757576,199,0.3251633986928104,32,0.0522875816993464,19,0.0310457516339869,0,0.0,353,0.576797385620915,240,0.392156862745098,32,0.1797752808988764,36081026901,4532,946,0.2087378640776699,4532,278,0.0613415710503089,4532,688,0.1518093556928508,32888,0.032888,18608.61104354172,0.6482306775411517
360810279004,360810279004,Block Group 4; Census Tract 279; Queens County; New York,Queens,363,245,149,0.6081632653061224,220,95,0.4318181818181818,26,0.071625344352617,158,0.4352617079889807,90,0.2479338842975206,3,0.0082644628099173,59,0.162534435261708,131,0.3608815426997245,30,0.1224489795918367,36081027900,8551,692,0.0809262074611156,8551,969,0.1133200795228628,8551,1667,0.1949479593030054,18130,0.01813,20022.062879205736,0.6254155247670184
360810281004,360810281004,Block Group 4; Census Tract 281; Queens County; New York,Queens,1945,770,696,0.903896103896104,1309,804,0.6142093200916731,288,0.1480719794344473,215,0.1105398457583547,272,0.1398457583547558,28,0.0143958868894601,173,0.0889460154241645,1432,0.7362467866323907,144,0.187012987012987,36081028100,6090,634,0.1041050903119868,6090,973,0.1597701149425287,6090,129,0.0211822660098522,36848,0.036848,52784.411636995224,0.648928931671864
360810283004,360810283004,Block Group 4; Census Tract 283; Queens County; New York,Queens,1170,559,507,0.9069767441860463,463,241,0.5205183585313174,59,0.0504273504273504,208,0.1777777777777777,240,0.2051282051282051,0,0.0,232,0.1982905982905982,698,0.5965811965811966,169,0.3023255813953488,36081028300,7575,888,0.1172277227722772,7578,1055,0.1392187912377936,7578,766,0.1010820797044075,36807,0.036807,31787.431738527997,0.6525623715416743
360810285004,360810285004,Block Group 4; Census Tract 285; Queens County; New York,Queens,579,306,305,0.9967320261437908,366,211,0.5765027322404371,21,0.0362694300518134,91,0.157167530224525,88,0.1519861830742659,0,0.0,80,0.1381692573402418,411,0.7098445595854922,111,0.3627450980392157,36081028500,4811,406,0.0843899397214716,4811,503,0.1045520681770941,4811,268,0.0557056744959467,37555,0.037555,15417.387831180937,0.8655187335519601
360810287004,360810287004,Block Group 4; Census Tract 287; Queens County; New York,Queens,2263,954,933,0.9779874213836478,1129,410,0.3631532329495128,590,0.2607158638974812,519,0.2293415819708351,276,0.1219619973486522,15,0.0066283694211224,1278,0.5647370746796289,404,0.1785240830755634,188,0.1970649895178197,36081028700,6422,1477,0.2299906571161631,6422,684,0.1065088757396449,6422,206,0.0320772345063843,33565,0.033565,67421.42112319381,0.8400681861762958
360810291004,360810291004,Block Group 4; Census Tract 291; Queens County; New York,Queens,1191,444,370,0.8333333333333334,503,351,0.6978131212723658,138,0.1158690176322418,286,0.2401343408900084,81,0.0680100755667506,3,0.0025188916876574,553,0.4643157010915197,551,0.4626364399664148,278,0.6261261261261262,36081029100,5962,650,0.1090238175109023,5993,491,0.0819289170699149,5993,403,0.0672451193058568,80466,0.080466,14801.28252926702,0.8473971398140081
360810294004,360810294004,Block Group 4; Census Tract 294; Queens County; New York,Queens,925,476,428,0.8991596638655462,476,269,0.5651260504201681,148,0.16,186,0.201081081081081,0,0.0,852,0.9210810810810812,0,0.0,46,0.0497297297297297,0,0.0,36081029400,8509,1206,0.1417322834645669,8578,1147,0.1337141524830963,8578,451,0.0525763581254371,101685,0.101685,9096.720263559033,0.5289721168776825
360810306004,360810306004,Block Group 4; Census Tract 306; Queens County; New York,Queens,1364,381,151,0.3963254593175853,436,143,0.3279816513761467,332,0.2434017595307918,171,0.125366568914956,16,0.0117302052785923,967,0.7089442815249267,159,0.1165689149560117,172,0.126099706744868,10,0.0262467191601049,36081030600,5390,632,0.1172541743970315,5473,485,0.0886168463365613,5473,735,0.1342956331079846,229885,0.229885,5933.401483350371,0.3657798264868813
360810309034,360810309034,Block Group 4; Census Tract 309.03; Queens County; New York,Queens,1683,654,412,0.6299694189602446,643,166,0.2581648522550544,230,0.136660724896019,182,0.1081402257872846,197,0.1170528817587641,0,0.0,1071,0.6363636363636364,383,0.2275698158051099,190,0.290519877675841,36081030903,5176,139,0.0268547140649149,5176,480,0.0927357032457496,5176,440,0.0850077279752704,75308,0.075308,22348.22329632974,0.827929298632944
360810317004,360810317004,Block Group 4; Census Tract 317; Queens County; New York,Queens,1208,545,222,0.4073394495412844,548,393,0.7171532846715328,313,0.2591059602649007,117,0.0968543046357615,454,0.3758278145695364,0,0.0,214,0.1771523178807947,540,0.4470198675496689,76,0.1394495412844036,36081031700,5882,1254,0.213192791567494,5965,450,0.0754400670578373,5965,253,0.0424140821458507,150655,0.150655,8018.320002655072,0.7401117409095689
360810320004,360810320004,Block Group 4; Census Tract 320; Queens County; New York,Queens,1311,397,196,0.4937027707808564,548,289,0.5273722627737226,352,0.2684973302822273,75,0.05720823798627,7,0.0053394355453852,940,0.7170099160945843,0,0.0,123,0.0938215102974828,0,0.0,36081032000,5116,1211,0.2367083659108678,5433,497,0.0914780047855696,5433,369,0.0679182771949199,188396,0.188396,6958.746470201066,0.6542873695187442
360810330004,360810330004,Block Group 4; Census Tract 330; Queens County; New York,Queens,1504,485,78,0.1608247422680412,617,251,0.406807131280389,451,0.2998670212765957,226,0.1502659574468085,12,0.0079787234042553,1337,0.8889627659574468,0,0.0,22,0.014627659574468,0,0.0,36081033000,6920,572,0.0826589595375722,6943,735,0.1058620193000144,6943,528,0.0760478179461328,120543,0.120543,12476.875471823332,0.5114273597847703
360810358004,360810358004,Block Group 4; Census Tract 358; Queens County; New York,Queens,527,149,68,0.4563758389261745,283,157,0.5547703180212014,131,0.2485768500948766,71,0.1347248576850095,0,0.0,329,0.6242884250474383,0,0.0,0,0.0,11,0.0738255033557047,36081035800,4538,278,0.0612604671661524,4511,248,0.0549767235646198,4511,358,0.0793615606295721,100688,0.100688,5233.990147783251,0.6882309463582266
360810376004,360810376004,Block Group 4; Census Tract 376; Queens County; New York,Queens,1648,521,259,0.4971209213051823,658,301,0.4574468085106383,469,0.2845873786407767,291,0.1765776699029126,0,0.0,1378,0.8361650485436893,0,0.0,253,0.1535194174757281,33,0.0633397312859884,36081037600,6883,308,0.0447479296818247,6883,569,0.0826674415225919,6883,240,0.0348685166351881,203097,0.203097,8114.349301072886,0.3188101689924684
360810404004,360810404004,Block Group 4; Census Tract 404; Queens County; New York,Queens,932,329,31,0.094224924012158,477,90,0.1886792452830188,82,0.0879828326180257,232,0.2489270386266094,91,0.0976394849785407,646,0.6931330472103004,56,0.0600858369098712,53,0.0568669527896995,0,0.0,36081040400,3671,320,0.0871697085262871,3671,566,0.1541814219558703,3671,153,0.041678016889131,149110,0.14911,6250.419153644961,0.3719305032098329
360810455004,360810455004,Block Group 4; Census Tract 455; Queens County; New York,Queens,1859,806,806,1.0,1122,811,0.7228163992869875,198,0.1065088757396449,247,0.1328671328671328,202,0.1086605701990317,1074,0.577729962345347,0,0.0,582,0.3130715438407746,74,0.0918114143920595,36081045500,12747,2077,0.1629402996783557,12747,2302,0.1805915117282497,12747,986,0.0773515336942025,25776,0.025776,72121.3531967722,0.8275619382790315
360810467004,360810467004,Block Group 4; Census Tract 467; Queens County; New York,Queens,1399,422,372,0.8815165876777251,656,233,0.3551829268292683,599,0.4281629735525375,61,0.043602573266619,122,0.087205146533238,0,0.0,622,0.444603288062902,655,0.4681915654038599,47,0.1113744075829383,36081046700,6679,607,0.090881868543195,6774,357,0.0527015057573073,6774,1252,0.1848243283141423,44611,0.044611,31359.97848064379,0.8494949747666569
360810481004,360810481004,Block Group 4; Census Tract 481; Queens County; New York,Queens,2059,568,495,0.8714788732394366,1037,874,0.8428158148505304,285,0.138416707139388,281,0.1364740165128703,119,0.0577950461389023,23,0.0111704711024769,1377,0.6687712481787276,478,0.2321515298688684,251,0.4419014084507042,36081048100,6277,1187,0.1891030747172216,6361,715,0.1124037101084735,6361,1160,0.1823612639522087,29232,0.029232,70436.50793650793,0.6567937925050261
360810484004,360810484004,Block Group 4; Census Tract 484; Queens County; New York,Queens,1639,326,164,0.5030674846625767,650,307,0.4723076923076923,511,0.3117754728492983,167,0.1018913971934106,73,0.0445393532641854,296,0.1805979255643685,635,0.387431360585723,480,0.2928615009151922,0,0.0,36081048400,4692,442,0.0942028985507246,4942,565,0.1143261837312828,4942,149,0.0301497369486038,94300,0.0943,17380.69989395546,0.7873551367533369
360810499004,360810499004,Block Group 4; Census Tract 499; Queens County; New York,Queens,1387,407,277,0.6805896805896806,674,415,0.615727002967359,303,0.2184571016582552,152,0.1095890410958904,141,0.1016582552271088,20,0.0144196106705118,966,0.6964671953857245,171,0.1232876712328767,129,0.3169533169533169,36081049900,5119,602,0.1176010939636647,5115,267,0.052199413489736,5115,532,0.1040078201368523,123929,0.123929,11191.892131785136,0.8259247839702851
360810053004,360810053004,Block Group 4; Census Tract 53; Queens County; New York,Queens,1275,591,516,0.8730964467005076,693,284,0.4098124098124098,236,0.1850980392156862,78,0.0611764705882353,595,0.4666666666666667,24,0.0188235294117647,399,0.3129411764705882,224,0.1756862745098039,145,0.2453468697123519,36081005300,5188,299,0.0576329992289899,5188,216,0.0416345412490362,5188,517,0.0996530454895913,63899,0.063899,19953.363902408488,0.8618297573959435
360810542004,360810542004,Block Group 4; Census Tract 542; Queens County; New York,Queens,1615,479,321,0.6701461377870563,606,170,0.2805280528052805,276,0.1708978328173374,530,0.3281733746130031,21,0.0130030959752321,151,0.0934984520123839,257,0.1591331269349845,735,0.4551083591331269,274,0.5720250521920668,36081054200,5358,425,0.0793206420306084,5517,556,0.100779409099148,5517,415,0.0752220409642921,157796,0.157796,10234.733453319475,0.7757540186634975
360810549004,360810549004,Block Group 4; Census Tract 549; Queens County; New York,Queens,1395,381,381,1.0,707,479,0.6775106082036775,257,0.1842293906810035,59,0.0422939068100358,272,0.1949820788530466,49,0.0351254480286738,71,0.0508960573476702,896,0.6422939068100358,41,0.1076115485564304,36081054900,5227,523,0.1000573942988329,5281,241,0.0456352963453891,5281,871,0.1649308843022155,58202,0.058202,23968.248513796774,0.6141010742966503
360810054004,360810054004,Block Group 4; Census Tract 54; Queens County; New York,Queens,1764,567,293,0.5167548500881834,616,290,0.4707792207792208,327,0.1853741496598639,287,0.1626984126984127,379,0.2148526077097505,254,0.1439909297052154,267,0.151360544217687,665,0.376984126984127,4,0.0070546737213403,36081005400,5262,610,0.1159255036107943,5341,898,0.1681333083692192,5341,228,0.0426886350870623,106920,0.10692,16498.316498316497,0.5589005580694499
360810551004,360810551004,Block Group 4; Census Tract 551; Queens County; New York,Queens,1468,644,633,0.9829192546583853,774,425,0.5490956072351422,173,0.1178474114441417,230,0.1566757493188011,819,0.5579019073569482,89,0.0606267029972752,62,0.0422343324250681,362,0.2465940054495912,131,0.2034161490683229,36081055100,4276,727,0.1700187090739008,4363,442,0.1013064405225762,4363,629,0.144166857666743,43641,0.043641,33638.092619325864,0.5960149052145879
360810567004,360810567004,Block Group 4; Census Tract 567; Queens County; New York,Queens,1225,453,213,0.4701986754966887,540,189,0.35,265,0.2163265306122449,173,0.1412244897959183,632,0.5159183673469387,0,0.0,15,0.0122448979591836,578,0.4718367346938775,148,0.3267108167770419,36081056700,4601,203,0.0441208432949358,4601,248,0.0539013257987394,4601,423,0.0919365355357531,68415,0.068415,17905.430095739237,0.5797076975157285
360810568004,360810568004,Block Group 4; Census Tract 568; Queens County; New York,Queens,829,270,51,0.1888888888888888,335,75,0.2238805970149253,104,0.1254523522316043,153,0.1845597104945717,12,0.0144752714113389,522,0.6296743063932448,57,0.06875753920386,232,0.2798552472858866,7,0.0259259259259259,36081056800,4351,418,0.0960698689956331,4364,767,0.1757561869844179,4364,313,0.0717231897341888,232005,0.232005,3573.198853472986,0.59245330078236
360810580004,360810580004,Block Group 4; Census Tract 580; Queens County; New York,Queens,480,116,25,0.2155172413793103,219,67,0.3059360730593607,86,0.1791666666666666,148,0.3083333333333333,0,0.0,308,0.6416666666666667,0,0.0,138,0.2875,0,0.0,36081058000,4287,153,0.0356892932120363,4287,541,0.126195474690926,4287,249,0.0580825752274317,101115,0.101115,4747.070167630915,0.5574790987087913
360810058004,360810058004,Block Group 4; Census Tract 58; Queens County; New York,Queens,528,208,73,0.3509615384615384,275,49,0.1781818181818182,102,0.1931818181818181,91,0.1723484848484848,201,0.3806818181818182,0,0.0,17,0.0321969696969696,310,0.5871212121212122,13,0.0625,36081005800,6219,139,0.0223508602669239,6242,916,0.1467478372316565,6242,227,0.0363665491829541,122764,0.122764,4300.935127561826,0.516958476241078
360810591004,360810591004,Block Group 4; Census Tract 591; Queens County; New York,Queens,1744,710,619,0.8718309859154929,796,279,0.350502512562814,429,0.2459862385321101,279,0.1599770642201834,494,0.2832568807339449,14,0.0080275229357798,97,0.0556192660550458,1021,0.5854357798165137,298,0.4197183098591549,36081059100,4799,1252,0.2608876849343613,4799,356,0.0741821212752656,4799,943,0.1964992706813919,49219,0.049219,35433.4708141165,0.5473346147799093
360810613014,360810613014,Block Group 4; Census Tract 613.01; Queens County; New York,Queens,2151,705,683,0.9687943262411348,1136,716,0.6302816901408451,483,0.2245467224546722,180,0.0836820083682008,598,0.2780102278010228,78,0.0362622036262203,31,0.0144119014411901,1346,0.6257554625755463,179,0.2539007092198581,36081061301,5205,606,0.1164265129682997,5205,447,0.085878962536023,5205,837,0.1608069164265129,61502,0.061502,34974.47237488212,0.6168781086029661
360810061004,360810061004,Block Group 4; Census Tract 61; Queens County; New York,Queens,948,514,494,0.9610894941634242,794,508,0.6397984886649875,23,0.0242616033755274,44,0.0464135021097046,626,0.6603375527426161,0,0.0,122,0.1286919831223628,152,0.160337552742616,48,0.0933852140077821,36081006100,5165,309,0.0598257502420135,5207,406,0.0779719608219704,5207,152,0.0291914730170923,48629,0.048629,19494.54029488577,0.8623569220667363
360810062024,360810062024,Block Group 4; Census Tract 62.02; Queens County; New York,Queens,409,195,138,0.7076923076923077,148,104,0.7027027027027027,56,0.1369193154034229,81,0.1980440097799511,51,0.1246943765281173,0,0.0,11,0.0268948655256723,347,0.8484107579462102,0,0.0,36081006202,7327,534,0.0728811246076156,7327,1733,0.2365224512078613,7327,391,0.0533642691415313,85424,0.085424,4787.881625772617,0.4597287202223009
360810637004,360810637004,Block Group 4; Census Tract 637; Queens County; New York,Queens,736,309,71,0.2297734627831715,169,45,0.2662721893491124,71,0.0964673913043478,365,0.4959239130434782,511,0.6942934782608695,0,0.0,194,0.2635869565217391,20,0.0271739130434782,57,0.1844660194174757,36081063700,3311,611,0.1845363938387194,3455,340,0.0984081041968162,3455,218,0.0630969609261939,143472,0.143472,5129.920820787332,0.5512790819957827
360810638004,360810638004,Block Group 4; Census Tract 638; Queens County; New York,Queens,837,233,44,0.1888412017167382,370,41,0.1108108108108108,151,0.1804062126642771,215,0.2568697729988052,0,0.0,592,0.7072879330943848,0,0.0,245,0.2927120669056153,14,0.0600858369098712,36081063800,3893,407,0.1045466221423067,3893,433,0.1112252761366555,3893,438,0.1125096326740303,133766,0.133766,6257.195400924002,0.794285678402384
360810063004,360810063004,Block Group 4; Census Tract 63; Queens County; New York,Queens,833,380,292,0.7684210526315789,491,188,0.3828920570264765,84,0.1008403361344537,164,0.1968787515006002,417,0.5006002400960384,18,0.0216086434573829,161,0.1932773109243697,202,0.2424969987995198,15,0.0394736842105263,36081006300,5613,254,0.0452520933547122,5613,570,0.1015499732763228,5613,352,0.0627115624443256,53293,0.053293,15630.570619030645,0.8366988195522335
360810665014,360810665014,Block Group 4; Census Tract 665.01; Queens County; New York,Queens,975,239,103,0.4309623430962343,482,26,0.0539419087136929,214,0.2194871794871795,115,0.1179487179487179,382,0.3917948717948717,0,0.0,114,0.1169230769230769,368,0.3774358974358974,0,0.0,36081066501,3959,164,0.0414246021722657,4003,505,0.1261553834624032,4003,92,0.0229827629278041,60053,0.060053,16235.65850165687,0.7822305530013169
360810680004,360810680004,Block Group 4; Census Tract 680; Queens County; New York,Queens,1455,396,125,0.3156565656565656,957,237,0.2476489028213166,329,0.2261168384879725,67,0.0460481099656357,0,0.0,1203,0.8268041237113402,0,0.0,252,0.1731958762886598,0,0.0,36081068000,5594,289,0.0516624955309259,5594,326,0.058276725062567,5594,211,0.0377189846263854,151344,0.151344,9613.859816048209,0.7325077853917542
360810697024,360810697024,Block Group 4; Census Tract 697.02; Queens County; New York,Queens,1846,686,234,0.3411078717201166,701,170,0.2425106990014265,513,0.2778981581798483,421,0.2280606717226435,515,0.2789815817984832,4,0.0021668472372697,493,0.2670639219934994,486,0.2632719393282773,262,0.3819241982507289,36081069702,4138,472,0.1140647655872402,4258,405,0.0951150775011742,4258,202,0.0474401127289807,143189,0.143189,12892.0517637528,0.6315104193711415
360810711004,360810711004,Block Group 4; Census Tract 711; Queens County; New York,Queens,1331,860,376,0.4372093023255814,768,259,0.3372395833333333,143,0.1074380165289256,422,0.3170548459804658,625,0.4695717505634861,0,0.0,531,0.3989481592787378,175,0.1314800901577761,67,0.077906976744186,36081071100,5679,338,0.0595175206902623,5679,794,0.1398133474203204,5679,143,0.0251804895228033,79163,0.079163,16813.410305319405,0.8869831991303926
360810713044,360810713044,Block Group 4; Census Tract 713.04; Queens County; New York,Queens,1582,796,523,0.657035175879397,860,536,0.6232558139534884,156,0.0986093552465234,458,0.2895069532237674,727,0.4595448798988622,0,0.0,273,0.1725663716814159,479,0.3027812895069532,235,0.2952261306532663,36081071304,6352,800,0.1259445843828715,6352,1157,0.1821473551637279,6352,378,0.0595088161209068,57824,0.057824,27358.882125069176,0.8600596809679748
360810713054,360810713054,Block Group 4; Census Tract 713.05; Queens County; New York,Queens,953,339,339,1.0,332,186,0.5602409638554217,386,0.4050367261280168,44,0.0461699895068205,454,0.4763903462749213,0,0.0,133,0.1395592864637985,348,0.3651626442812172,48,0.1415929203539823,36081071305,6007,777,0.129349092725154,6007,670,0.1115365407025137,6007,341,0.0567671050441151,14386,0.014386,66244.96037814542,0.8791901457527749
360810713064,360810713064,Block Group 4; Census Tract 713.06; Queens County; New York,Queens,1143,399,344,0.8621553884711779,773,342,0.4424320827943079,151,0.1321084864391951,205,0.179352580927384,138,0.1207349081364829,208,0.1819772528433945,334,0.2922134733158355,413,0.3613298337707786,53,0.1328320802005012,36081071306,7192,1228,0.1707452725250278,7156,930,0.1299608719955282,7156,862,0.1204583566238121,48748,0.048748,23447.115779108888,0.8699675892018844
360810717014,360810717014,Block Group 4; Census Tract 717.01; Queens County; New York,Queens,1488,656,430,0.6554878048780488,619,342,0.5525040387722132,387,0.2600806451612903,431,0.2896505376344086,738,0.4959677419354839,8,0.0053763440860215,378,0.2540322580645161,169,0.1135752688172043,241,0.3673780487804878,36081071701,4978,847,0.1701486540779429,4979,778,0.156256276360715,4979,148,0.0297248443462542,39119,0.039119,38037.782151895495,0.8773397684579042
360810071004,360810071004,Block Group 4; Census Tract 71; Queens County; New York,Queens,1414,792,776,0.9797979797979798,961,538,0.5598335067637877,159,0.1124469589816124,144,0.1018387553041018,873,0.6173974540311173,6,0.0042432814710042,103,0.0728429985855728,253,0.1789250353606789,44,0.0555555555555555,36081007100,3464,362,0.1045034642032332,3488,271,0.0776949541284403,3488,362,0.1037844036697247,87403,0.087403,16177.934395844535,0.66729076329111
360810721004,360810721004,Block Group 4; Census Tract 721; Queens County; New York,Queens,1136,514,352,0.6848249027237354,837,279,0.3333333333333333,236,0.2077464788732394,27,0.0237676056338028,446,0.3926056338028169,0,0.0,652,0.573943661971831,0,0.0,104,0.2023346303501945,36081072100,5595,198,0.0353887399463807,5595,713,0.1274352100089365,5595,152,0.0271671134941912,31991,0.031991,35509.98718389547,0.8608880120357085
360810739004,360810739004,Block Group 4; Census Tract 739; Queens County; New York,Queens,1066,673,390,0.5794947994056464,581,178,0.306368330464716,165,0.1547842401500938,245,0.2298311444652908,484,0.4540337711069418,0,0.0,187,0.175422138836773,201,0.1885553470919324,121,0.1797919762258543,36081073900,5303,137,0.025834433339619,5303,479,0.0903262304356024,5303,0,0.0,49664,0.049664,21464.23969072165,0.8890297606385872
360810741004,360810741004,Block Group 4; Census Tract 741; Queens County; New York,Queens,582,351,205,0.584045584045584,325,142,0.4369230769230769,95,0.1632302405498281,173,0.2972508591065292,272,0.4673539518900343,16,0.0274914089347079,162,0.2783505154639175,115,0.197594501718213,0,0.0,36081074100,3102,338,0.1089619600257898,3102,368,0.1186331399097356,3102,129,0.0415860735009671,60804,0.060804,9571.738701401224,0.6381082561447085
360810743004,360810743004,Block Group 4; Census Tract 743; Queens County; New York,Queens,747,374,265,0.7085561497326203,481,164,0.340956340956341,65,0.0870147255689424,116,0.1552878179384203,270,0.3614457831325301,16,0.0214190093708166,359,0.4805890227576974,67,0.0896921017402945,104,0.2780748663101604,36081074300,3942,623,0.1580416032470827,3953,335,0.0847457627118644,3953,206,0.0521123197571464,48278,0.048278,15472.886200753966,0.8404342234719835
360810779024,360810779024,Block Group 4; Census Tract 779.02; Queens County; New York,Queens,572,274,113,0.4124087591240876,303,63,0.2079207920792079,78,0.1363636363636363,167,0.291958041958042,11,0.0192307692307692,20,0.0349650349650349,333,0.5821678321678322,54,0.0944055944055944,28,0.1021897810218978,36081077902,5643,895,0.1586035796562112,5643,286,0.0506822612085769,5643,315,0.0558213716108452,61847,0.061847,9248.629682927223,0.7938846203609705
360810779044,360810779044,Block Group 4; Census Tract 779.04; Queens County; New York,Queens,1444,379,255,0.6728232189973615,481,176,0.3659043659043659,125,0.0865650969529086,223,0.1544321329639889,613,0.4245152354570637,0,0.0,179,0.123961218836565,100,0.0692520775623268,65,0.1715039577836411,36081077904,5024,442,0.0879777070063694,5096,811,0.1591444270015698,5096,452,0.0886970172684458,92833,0.092833,15554.81348227462,0.8352766302010528
360810797014,360810797014,Block Group 4; Census Tract 797.01; Queens County; New York,Queens,2438,1270,1164,0.9165354330708662,995,270,0.271356783919598,276,0.1132075471698113,767,0.3146021328958162,143,0.0586546349466776,3,0.0012305168170631,2162,0.8867924528301887,66,0.0270713699753896,904,0.7118110236220473,36081079701,6564,1100,0.1675807434491164,6549,1126,0.1719346465109177,6549,495,0.0755840586349061,50815,0.050815,47977.959263996854,0.8680903151827133
360810797024,360810797024,Block Group 4; Census Tract 797.02; Queens County; New York,Queens,1293,524,459,0.8759541984732825,607,53,0.0873146622734761,397,0.3070378963650425,219,0.1693735498839907,10,0.0077339520494972,0,0.0,1268,0.9806651198762568,15,0.0116009280742459,459,0.8759541984732825,36081079702,3627,1239,0.3416046319272126,3627,300,0.0827129859387924,3627,333,0.0918114143920595,52657,0.052657,24555.139867444024,0.8660828960513792
360810809004,360810809004,Block Group 4; Census Tract 809; Queens County; New York,Queens,2459,487,173,0.3552361396303901,911,130,0.1427003293084522,1363,0.5542903619357462,67,0.027246848312322,2439,0.9918666124440828,0,0.0,20,0.008133387555917,0,0.0,55,0.1129363449691991,36081080900,7349,649,0.0883113348754932,7864,829,0.1054170905391658,7864,288,0.0366225839267548,97516,0.097516,25216.374748759175,0.8486952264911392
360810838004,360810838004,Block Group 4; Census Tract 838; Queens County; New York,Queens,1158,443,163,0.3679458239277652,506,65,0.1284584980237154,113,0.0975820379965457,215,0.1856649395509499,413,0.3566493955094991,0,0.0,255,0.2202072538860103,339,0.2927461139896373,10,0.0225733634311512,36081083800,5272,375,0.0711305007587253,5291,548,0.1035721035721035,5291,847,0.1600831600831601,98539,0.098539,11751.692223383634,0.6577524667622294
360810840004,360810840004,Block Group 4; Census Tract 840; Queens County; New York,Queens,1292,408,11,0.0269607843137254,582,243,0.4175257731958763,254,0.196594427244582,330,0.2554179566563467,292,0.2260061919504644,72,0.0557275541795665,697,0.5394736842105263,93,0.0719814241486068,73,0.1789215686274509,36081084000,6942,972,0.1400172860847018,6942,897,0.1292134831460674,6942,435,0.0626620570440795,82049,0.082049,15746.687954758743,0.451425209946053
360810853004,360810853004,Block Group 4; Census Tract 853; Queens County; New York,Queens,482,169,145,0.8579881656804734,181,70,0.3867403314917127,84,0.1742738589211618,132,0.2738589211618257,27,0.0560165975103734,0,0.0,243,0.504149377593361,156,0.3236514522821577,83,0.4911242603550296,36081085300,4828,861,0.178334714167357,4828,983,0.2036039768019884,4828,256,0.0530240265120132,26461,0.026461,18215.48694304826,0.8249505379463331
360810855004,360810855004,Block Group 4; Census Tract 855; Queens County; New York,Queens,966,473,473,1.0,319,174,0.5454545454545454,98,0.1014492753623188,197,0.2039337474120083,246,0.2546583850931677,0,0.0,500,0.5175983436853002,220,0.2277432712215321,186,0.3932346723044397,36081085500,5807,936,0.1611847769932839,5807,1035,0.1782331668675736,5807,801,0.1379369726192526,45483,0.045483,21238.704570938593,0.895007866342879
360810863004,360810863004,Block Group 4; Census Tract 863; Queens County; New York,Queens,2979,886,651,0.7347629796839729,1454,405,0.2785419532324621,396,0.1329305135951661,558,0.1873111782477341,104,0.034911043974488,2,0.0006713662302786,2582,0.8667338032896945,131,0.0439744880832494,400,0.4514672686230248,36081086300,7393,1707,0.230894089003111,7479,625,0.0835673218344698,7479,836,0.1117796496857868,62296,0.062296,47820.084756645694,0.8638991356318861
360810884004,360810884004,Block Group 4; Census Tract 884; Queens County; New York,Queens,1284,485,55,0.1134020618556701,610,34,0.0557377049180327,306,0.2383177570093458,273,0.2126168224299065,984,0.7663551401869159,114,0.0887850467289719,16,0.0124610591900311,71,0.0552959501557632,0,0.0,36081088400,8995,919,0.1021678710394663,8995,1757,0.1953307392996109,8995,299,0.0332406892718176,152387,0.152387,8425.915596474766,0.4198079401975801
360810889024,360810889024,Block Group 4; Census Tract 889.02; Queens County; New York,Queens,928,387,343,0.8863049095607235,506,299,0.5909090909090909,252,0.271551724137931,203,0.21875,0,0.0,0,0.0,603,0.6497844827586207,325,0.3502155172413793,223,0.5762273901808785,36081088902,6357,1490,0.2343872896020135,6357,786,0.1236432279377064,6357,607,0.0954852918043102,36348,0.036348,25530.978320677892,0.6600514421122728
360810892014,360810892014,Block Group 4; Census Tract 892.01; Queens County; New York,Queens,2222,538,25,0.0464684014869888,722,38,0.0526315789473684,843,0.3793879387938794,434,0.1953195319531953,1991,0.8960396039603961,0,0.0,27,0.0121512151215121,155,0.0697569756975697,16,0.0297397769516728,36081089201,9116,243,0.0266564282580079,9116,1369,0.1501755155770074,9116,395,0.0433304080737165,287820,0.28782,7720.102842054061,0.3126631923837864
360810929004,360810929004,Block Group 4; Census Tract 929; Queens County; New York,Queens,797,249,135,0.5421686746987951,430,0,0.0,160,0.2007528230865746,114,0.1430363864491844,299,0.3751568381430364,0,0.0,267,0.3350062735257214,231,0.2898368883312421,78,0.3132530120481928,36081092900,7003,557,0.0795373411395116,7003,382,0.0545480508353562,7003,872,0.1245180636869913,76800,0.0768,10377.604166666668,0.5797155300757012
360810942034,360810942034,Block Group 4; Census Tract 942.03; Queens County; New York,Queens,987,572,329,0.5751748251748252,412,52,0.1262135922330097,90,0.0911854103343465,316,0.32016210739615,504,0.5106382978723404,292,0.2958459979736575,0,0.0,191,0.193515704154002,107,0.187062937062937,36081094203,5729,703,0.122709024262524,5730,1255,0.219022687609075,5730,66,0.0115183246073298,45870,0.04587,21517.331589274036,0.7440644181323597
360810097004,360810097004,Block Group 4; Census Tract 97; Queens County; New York,Queens,987,386,219,0.5673575129533679,672,286,0.4255952380952381,114,0.1155015197568389,95,0.0962512664640324,390,0.3951367781155015,43,0.0435663627152988,453,0.458966565349544,87,0.0881458966565349,6,0.0155440414507772,36081009700,3802,342,0.0899526564965807,3837,326,0.0849622100599426,3837,248,0.0646338285118582,49776,0.049776,19828.833172613307,0.8576875314377349
360810991004,360810991004,Block Group 4; Census Tract 991; Queens County; New York,Queens,960,403,44,0.1091811414392059,417,43,0.1031175059952038,72,0.075,495,0.515625,669,0.696875,0,0.0,82,0.0854166666666666,209,0.2177083333333333,17,0.0421836228287841,36081099100,7613,329,0.0432155523446735,7613,953,0.125180612110863,7613,317,0.0416393011953237,318867,0.318867,3010.6596167053976,0.6009106288706201
360810997044,360810997044,Block Group 4; Census Tract 997.04; Queens County; New York,Queens,101,87,34,0.3908045977011494,34,0,0.0,0,0.0,83,0.8217821782178217,83,0.8217821782178217,0,0.0,0,0.0,18,0.1782178217821782,0,0.0,36081099704,7118,792,0.1112672098904186,7118,1729,0.242905310480472,7118,255,0.0358246698510817,134081,0.134081,753.2760048030668,0.6168843642981635
360810998014,360810998014,Block Group 4; Census Tract 998.01; Queens County; New York,Queens,2156,796,774,0.9723618090452262,1025,494,0.4819512195121951,596,0.2764378478664193,367,0.1702226345083488,18,0.0083487940630797,1190,0.551948051948052,44,0.0204081632653061,469,0.2175324675324675,109,0.1369346733668341,36081099801,8701,1439,0.1653832892770946,8710,1661,0.1907003444316877,8710,452,0.0518943742824339,70531,0.070531,30568.118983142165,0.7816597175919704
360811010045,360811010045,Block Group 5; Census Tract 1010.04; Queens County; New York,Queens,692,455,455,1.0,307,77,0.250814332247557,89,0.1286127167630057,318,0.4595375722543353,270,0.3901734104046243,240,0.3468208092485549,47,0.0679190751445086,135,0.1950867052023121,133,0.2923076923076923,36081101004,5524,1582,0.2863866763215061,5627,949,0.1686511462591078,5627,233,0.0414074995557135,64255,0.064255,10769.589915181698,0.75830265791971
360811017005,360811017005,Block Group 5; Census Tract 1017; Queens County; New York,Queens,910,408,198,0.4852941176470588,302,4,0.0132450331125827,178,0.1956043956043956,234,0.2571428571428571,158,0.1736263736263736,0,0.0,315,0.3461538461538461,256,0.2813186813186813,99,0.2426470588235294,36081101700,6801,577,0.0848404646375533,6806,627,0.0921245959447546,6806,106,0.0155744930943285,145684,0.145684,6246.396309821256,0.6404503307985587
360811047005,360811047005,Block Group 5; Census Tract 1047; Queens County; New York,Queens,1470,547,323,0.5904936014625228,952,440,0.4621848739495798,187,0.1272108843537415,84,0.0571428571428571,767,0.5217687074829932,0,0.0,529,0.3598639455782313,154,0.1047619047619047,18,0.0329067641681901,36081104700,6679,1053,0.1576583320856415,6656,515,0.077373798076923,6656,256,0.0384615384615384,170890,0.17089,8602.024694247762,0.7590794896694363
360811175005,360811175005,Block Group 5; Census Tract 1175; Queens County; New York,Queens,504,141,64,0.4539007092198581,261,145,0.5555555555555556,121,0.2400793650793651,63,0.125,31,0.0615079365079365,0,0.0,402,0.7976190476190477,0,0.0,7,0.0496453900709219,36081117500,4464,745,0.1668906810035842,4461,245,0.0549204214301726,4461,515,0.1154449674960771,78610,0.07861,6411.39804096171,0.8611458202080967
360811227025,360811227025,Block Group 5; Census Tract 1227.02; Queens County; New York,Queens,826,317,268,0.8454258675078864,403,227,0.5632754342431762,92,0.1113801452784503,97,0.1174334140435835,0,0.0,0,0.0,262,0.3171912832929782,492,0.5956416464891041,104,0.3280757097791798,36081122702,6209,1932,0.3111612175873732,6209,1327,0.2137220164277661,6209,364,0.0586245772266065,72885,0.072885,11332.921726006722,0.654112219980266
360811227035,360811227035,Block Group 5; Census Tract 1227.03; Queens County; New York,Queens,490,204,23,0.1127450980392156,219,82,0.3744292237442922,50,0.1020408163265306,268,0.5469387755102041,57,0.1163265306122448,0,0.0,433,0.8836734693877552,0,0.0,103,0.5049019607843137,36081122703,5896,737,0.125,5896,1193,0.2023405698778833,5896,72,0.0122116689280868,88954,0.088954,5508.46504935135,0.7821943775869218
360811291045,360811291045,Block Group 5; Census Tract 1291.04; Queens County; New York,Queens,1240,530,124,0.2339622641509434,595,74,0.1243697478991596,312,0.2516129032258064,255,0.2056451612903226,456,0.3677419354838709,0,0.0,252,0.2032258064516129,475,0.3830645161290322,52,0.0981132075471698,36081129104,4192,346,0.0825381679389313,4192,523,0.1247614503816793,4192,238,0.0567748091603053,123456,0.123456,10044.064282011404,0.5663149141800043
360811367005,360811367005,Block Group 5; Census Tract 1367; Queens County; New York,Queens,1202,396,221,0.5580808080808081,506,89,0.1758893280632411,388,0.3227953410981697,142,0.1181364392678868,34,0.0282861896838602,0,0.0,1046,0.870216306156406,28,0.0232945091514143,85,0.2146464646464646,36081136700,5903,363,0.0614941555141453,5903,451,0.0764018295781805,5903,105,0.0177875656445874,89944,0.089944,13363.870852975186,0.5938537726509224
360811417005,360811417005,Block Group 5; Census Tract 1417; Queens County; New York,Queens,260,78,40,0.5128205128205128,143,25,0.1748251748251748,27,0.1038461538461538,13,0.05,0,0.0,42,0.1615384615384615,205,0.7884615384615384,0,0.0,1,0.0128205128205128,36081141700,4300,670,0.1558139534883721,4300,415,0.0965116279069767,4300,267,0.0620930232558139,157097,0.157097,1655.0284219304,0.6392678247721825
360811571015,360811571015,Block Group 5; Census Tract 1571.01; Queens County; New York,Queens,903,385,62,0.161038961038961,455,24,0.0527472527472527,25,0.0276854928017718,505,0.5592469545957918,367,0.4064230343300111,0,0.0,294,0.3255813953488372,140,0.1550387596899224,44,0.1142857142857142,36081157101,8073,727,0.0900532639663074,8073,1119,0.1386101820884429,8073,412,0.0510343119038771,210319,0.210319,4293.478002462925,0.8347587920990553
360811579015,360811579015,Block Group 5; Census Tract 1579.01; Queens County; New York,Queens,815,141,23,0.1631205673758865,218,36,0.1651376146788991,133,0.1631901840490797,388,0.4760736196319018,46,0.056441717791411,0,0.0,741,0.90920245398773,17,0.0208588957055214,25,0.1773049645390071,36081157901,5064,712,0.1406003159557662,5064,709,0.1400078988941548,5064,143,0.0282385466034755,120441,0.120441,6766.798681512109,0.7767746516210072
360811579025,360811579025,Block Group 5; Census Tract 1579.02; Queens County; New York,Queens,744,342,48,0.1403508771929824,281,154,0.5480427046263345,25,0.0336021505376344,377,0.5067204301075269,171,0.2298387096774193,0,0.0,376,0.5053763440860215,184,0.2473118279569892,61,0.1783625730994152,36081157902,3632,149,0.0410242290748898,3635,680,0.18707015130674,3635,113,0.0310866574965612,135368,0.135368,5496.129070385911,0.7752195111124582
360811621005,360811621005,Block Group 5; Census Tract 1621; Queens County; New York,Queens,1118,351,86,0.245014245014245,625,145,0.232,213,0.1905187835420393,91,0.0813953488372093,35,0.0313059033989266,86,0.0769230769230769,568,0.5080500894454383,367,0.3282647584973166,26,0.074074074074074,36081162100,6327,174,0.0275011853959222,6340,856,0.1350157728706624,6340,440,0.0694006309148265,159832,0.159832,6994.844586816157,0.7413719056689422
360810183005,360810183005,Block Group 5; Census Tract 183; Queens County; New York,Queens,871,332,332,1.0,401,201,0.5012468827930174,262,0.3008036739380023,70,0.0803673938002296,124,0.1423650975889782,0,0.0,213,0.2445464982778415,512,0.5878300803673938,0,0.0,36081018300,5057,945,0.1868696855843385,5058,321,0.0634638196915777,5058,246,0.0486358244365361,49146,0.049146,17722.70378057217,0.6418817352791084
360810025005,360810025005,Block Group 5; Census Tract 25; Queens County; New York,Queens,1105,670,670,1.0,406,236,0.5812807881773399,137,0.1239819004524886,178,0.1610859728506787,235,0.2126696832579185,312,0.2823529411764706,72,0.0651583710407239,130,0.1176470588235294,123,0.1835820895522388,36081002500,6530,1796,0.2750382848392037,6530,1168,0.1788667687595712,6530,227,0.0347626339969372,31449,0.031449,35136.25234506662,0.815704030333767
360810283005,360810283005,Block Group 5; Census Tract 283; Queens County; New York,Queens,2292,1086,1053,0.9696132596685084,1168,733,0.627568493150685,97,0.0423211169284467,717,0.31282722513089,232,0.1012216404886562,76,0.0331588132635253,411,0.1793193717277487,1573,0.6863001745200699,246,0.2265193370165746,36081028300,7575,888,0.1172277227722772,7578,1055,0.1392187912377936,7578,766,0.1010820797044075,36881,0.036881,62145.820341097045,0.8535796493993095
360810294005,360810294005,Block Group 5; Census Tract 294; Queens County; New York,Queens,1637,422,191,0.45260663507109,751,394,0.5246338215712384,316,0.1930360415394013,214,0.1307269395235186,9,0.0054978619425778,1287,0.7861942577886377,0,0.0,244,0.1490531459987782,128,0.3033175355450237,36081029400,8509,1206,0.1417322834645669,8578,1147,0.1337141524830963,8578,451,0.0525763581254371,230913,0.230913,7089.2500638768715,0.5432370578158539
360810306005,360810306005,Block Group 5; Census Tract 306; Queens County; New York,Queens,1821,494,231,0.4676113360323887,788,336,0.4263959390862944,560,0.3075233388248215,228,0.1252059308072487,21,0.0115321252059308,1576,0.8654585392641406,89,0.0488742449203734,72,0.0395387149917627,26,0.0526315789473684,36081030600,5390,632,0.1172541743970315,5473,485,0.0886168463365613,5473,735,0.1342956331079846,240746,0.240746,7563.988602095154,0.5412038054506111
360810317005,360810317005,Block Group 5; Census Tract 317; Queens County; New York,Queens,1396,504,360,0.7142857142857143,538,239,0.4442379182156133,282,0.2020057306590258,291,0.2084527220630372,824,0.5902578796561605,105,0.075214899713467,0,0.0,457,0.3273638968481375,87,0.1726190476190476,36081031700,5882,1254,0.213192791567494,5965,450,0.0754400670578373,5965,253,0.0424140821458507,179488,0.179488,7777.678730611517,0.8278012744582471
360810330005,360810330005,Block Group 5; Census Tract 330; Queens County; New York,Queens,811,237,80,0.3375527426160337,470,207,0.4404255319148936,155,0.1911220715166461,51,0.06288532675709,70,0.0863131935881627,559,0.689272503082614,82,0.1011097410604192,63,0.0776818742293464,0,0.0,36081033000,6920,572,0.0826589595375722,6943,735,0.1058620193000144,6943,528,0.0760478179461328,136317,0.136317,5949.368017195215,0.6423448550968034
360810376005,360810376005,Block Group 5; Census Tract 376; Queens County; New York,Queens,1573,483,125,0.2587991718426501,944,283,0.2997881355932203,351,0.2231404958677686,115,0.0731087094723458,0,0.0,1381,0.8779402415766052,0,0.0,0,0.0,0,0.0,36081037600,6883,308,0.0447479296818247,6883,569,0.0826674415225919,6883,240,0.0348685166351881,197276,0.197276,7973.600437965084,0.565022424131124
360810455005,360810455005,Block Group 5; Census Tract 455; Queens County; New York,Queens,2737,1076,1076,1.0,1202,395,0.3286189683860233,607,0.2217756667884545,682,0.2491779320423821,573,0.2093533065400073,1618,0.5911582024113994,0,0.0,497,0.1815856777493606,238,0.2211895910780669,36081045500,12747,2077,0.1629402996783557,12747,2302,0.1805915117282497,12747,986,0.0773515336942025,20463,0.020463,133753.604065875,0.8495723857104976
360810062025,360810062025,Block Group 5; Census Tract 62.02; Queens County; New York,Queens,542,162,52,0.3209876543209876,228,54,0.2368421052631578,211,0.3892988929889299,24,0.044280442804428,149,0.2749077490774907,281,0.518450184501845,0,0.0,54,0.0996309963099631,0,0.0,36081006202,7327,534,0.0728811246076156,7327,1733,0.2365224512078613,7327,391,0.0533642691415313,92997,0.092997,5828.144993924536,0.4522692868018356
360810638005,360810638005,Block Group 5; Census Tract 638; Queens County; New York,Queens,692,207,0,0.0,292,110,0.3767123287671233,34,0.0491329479768786,274,0.3959537572254335,6,0.0086705202312138,508,0.7341040462427746,0,0.0,178,0.2572254335260115,0,0.0,36081063800,3893,407,0.1045466221423067,3893,433,0.1112252761366555,3893,438,0.1125096326740303,121476,0.121476,5696.598505054496,0.7622957035445123
360810721005,360810721005,Block Group 5; Census Tract 721; Queens County; New York,Queens,1069,358,203,0.5670391061452514,452,182,0.4026548672566372,264,0.2469597754911132,297,0.2778297474275023,595,0.5565949485500468,47,0.0439663236669784,145,0.1356407857811038,147,0.137511693171188,33,0.0921787709497206,36081072100,5595,198,0.0353887399463807,5595,713,0.1274352100089365,5595,152,0.0271671134941912,42616,0.042616,25084.47531443589,0.8290603416681236
360810739005,360810739005,Block Group 5; Census Tract 739; Queens County; New York,Queens,1528,790,790,1.0,996,570,0.572289156626506,24,0.0157068062827225,185,0.1210732984293193,911,0.5962041884816754,21,0.0137434554973822,344,0.225130890052356,226,0.1479057591623036,0,0.0,36081073900,5303,137,0.025834433339619,5303,479,0.0903262304356024,5303,0,0.0,33049,0.033049,46234.37925504553,0.8860201776687077
360810779025,360810779025,Block Group 5; Census Tract 779.02; Queens County; New York,Queens,1322,530,479,0.9037735849056604,685,392,0.5722627737226277,266,0.2012102874432677,227,0.1717095310136157,510,0.3857791225416036,0,0.0,291,0.2201210287443268,521,0.3940998487140696,44,0.0830188679245283,36081077902,5643,895,0.1586035796562112,5643,286,0.0506822612085769,5643,315,0.0558213716108452,63434,0.063434,20840.558690922848,0.857494205768318
360810809005,360810809005,Block Group 5; Census Tract 809; Queens County; New York,Queens,453,296,70,0.2364864864864864,311,161,0.5176848874598071,0,0.0,128,0.282560706401766,228,0.5033112582781457,24,0.0529801324503311,182,0.401766004415011,19,0.0419426048565121,87,0.2939189189189189,36081080900,7349,649,0.0883113348754932,7864,829,0.1054170905391658,7864,288,0.0366225839267548,83399,0.083399,5431.719804793823,0.8563427587702419
360810837005,360810837005,Block Group 5; Census Tract 837; Queens County; New York,Queens,1177,446,236,0.5291479820627802,682,280,0.4105571847507331,157,0.1333899745114698,172,0.1461342395921835,127,0.1079014443500424,0,0.0,946,0.8037383177570093,104,0.0883602378929481,110,0.2466367713004484,36081083700,5243,576,0.1098607667366011,5254,549,0.1044918157594213,5254,162,0.0308336505519604,249668,0.249668,4714.260537994456,0.8376738244344779
360810840005,360810840005,Block Group 5; Census Tract 840; Queens County; New York,Queens,1197,421,142,0.33729216152019,395,155,0.3924050632911392,123,0.1027568922305764,429,0.3583959899749373,13,0.010860484544695,223,0.1862990810359231,406,0.3391812865497076,285,0.238095238095238,0,0.0,36081084000,6942,972,0.1400172860847018,6942,897,0.1292134831460674,6942,435,0.0626620570440795,116222,0.116222,10299.254874292305,0.6555313625373065
360810884005,360810884005,Block Group 5; Census Tract 884; Queens County; New York,Queens,1329,420,18,0.0428571428571428,410,37,0.0902439024390243,376,0.2829194883370955,339,0.255079006772009,867,0.6523702031602708,281,0.2114371708051166,108,0.0812641083521444,73,0.054928517682468,13,0.0309523809523809,36081088400,8995,919,0.1021678710394663,8995,1757,0.1953307392996109,8995,299,0.0332406892718176,222044,0.222044,5985.300210769037,0.4504921500766225
360810892015,360810892015,Block Group 5; Census Tract 892.01; Queens County; New York,Queens,1091,353,77,0.2181303116147308,292,22,0.0753424657534246,0,0.0,399,0.3657195233730522,985,0.9028414298808431,0,0.0,0,0.0,65,0.0595783684692942,0,0.0,36081089201,9116,243,0.0266564282580079,9116,1369,0.1501755155770074,9116,395,0.0433304080737165,121957,0.121957,8945.775970219012,0.3772527546764595
360810929005,360810929005,Block Group 5; Census Tract 929; Queens County; New York,Queens,3788,1159,408,0.3520276100086281,1964,552,0.2810590631364562,784,0.2069693769799366,648,0.1710665258711721,821,0.2167370644139387,0,0.0,1443,0.3809398099260823,1524,0.4023231256599788,69,0.0595340811044003,36081092900,7003,557,0.0795373411395116,7003,382,0.0545480508353562,7003,872,0.1245180636869913,243458,0.243458,15559.151886567704,0.5446387155189593
360810942035,360810942035,Block Group 5; Census Tract 942.03; Queens County; New York,Queens,841,524,482,0.9198473282442748,282,77,0.2730496453900709,114,0.1355529131985731,329,0.3912009512485137,459,0.5457788347205708,180,0.2140309155766944,0,0.0,155,0.1843043995243757,226,0.4312977099236641,36081094203,5729,703,0.122709024262524,5730,1255,0.219022687609075,5730,66,0.0115183246073298,44285,0.044285,18990.628881110988,0.7510960168669287
360810991005,360810991005,Block Group 5; Census Tract 991; Queens County; New York,Queens,2299,692,50,0.0722543352601156,891,116,0.1301907968574635,483,0.2100913440626359,528,0.2296650717703349,2023,0.8799478033927794,0,0.0,276,0.1200521966072205,0,0.0,65,0.0939306358381502,36081099100,7613,329,0.0432155523446735,7613,953,0.125180612110863,7613,317,0.0416393011953237,279507,0.279507,8225.19650670645,0.570044377958776
360810997045,360810997045,Block Group 5; Census Tract 997.04; Queens County; New York,Queens,1537,1024,561,0.5478515625,482,152,0.3153526970954357,26,0.0169160702667534,850,0.5530253741054001,752,0.4892648015614834,0,0.0,557,0.3623942745608328,209,0.1359791802212101,204,0.19921875,36081099704,7118,792,0.1112672098904186,7118,1729,0.242905310480472,7118,255,0.0358246698510817,66450,0.06645,23130.173062452977,0.763089595299898
360810998015,360810998015,Block Group 5; Census Tract 998.01; Queens County; New York,Queens,2135,579,200,0.3454231433506045,853,221,0.2590855803048065,294,0.1377049180327869,334,0.1564402810304449,15,0.0070257611241217,1336,0.6257611241217799,333,0.1559718969555035,153,0.0716627634660421,73,0.1260794473229706,36081099801,8701,1439,0.1653832892770946,8710,1661,0.1907003444316877,8710,452,0.0518943742824339,100675,0.100675,21206.853737273403,0.6092010910261105
360811017006,360811017006,Block Group 6; Census Tract 1017; Queens County; New York,Queens,1307,382,86,0.225130890052356,496,19,0.0383064516129032,249,0.1905126243305279,259,0.1981637337413925,461,0.3527161438408569,0,0.0,655,0.5011476664116297,19,0.0145371078806426,107,0.2801047120418848,36081101700,6801,577,0.0848404646375533,6806,627,0.0921245959447546,6806,106,0.0155744930943285,148560,0.14856,8797.792137856759,0.6093502631324695
360811367006,360811367006,Block Group 6; Census Tract 1367; Queens County; New York,Queens,1068,389,284,0.7300771208226221,598,64,0.1070234113712374,169,0.1582397003745318,173,0.1619850187265917,91,0.0852059925093633,82,0.0767790262172284,738,0.6910112359550562,157,0.147003745318352,162,0.416452442159383,36081136700,5903,363,0.0614941555141453,5903,451,0.0764018295781805,5903,105,0.0177875656445874,79507,0.079507,13432.7795036915,0.5980885056627905
360811571016,360811571016,Block Group 6; Census Tract 1571.01; Queens County; New York,Queens,2190,459,127,0.2766884531590414,1037,427,0.4117647058823529,331,0.1511415525114155,685,0.3127853881278539,157,0.0716894977168949,4,0.0018264840182648,1871,0.854337899543379,0,0.0,0,0.0,36081157101,8073,727,0.0900532639663074,8073,1119,0.1386101820884429,8073,412,0.0510343119038771,230312,0.230312,9508.840182013964,0.7810446744601341
360811579016,360811579016,Block Group 6; Census Tract 1579.01; Queens County; New York,Queens,1240,358,17,0.047486033519553,802,103,0.128428927680798,131,0.1056451612903225,343,0.2766129032258064,155,0.125,0,0.0,829,0.6685483870967742,256,0.2064516129032258,0,0.0,36081157901,5064,712,0.1406003159557662,5064,709,0.1400078988941548,5064,143,0.0282385466034755,193591,0.193591,6405.25644270653,0.8470693624519648
360810025006,360810025006,Block Group 6; Census Tract 25; Queens County; New York,Queens,1568,570,570,1.0,767,721,0.940026075619296,227,0.1447704081632653,166,0.1058673469387755,119,0.0758928571428571,226,0.1441326530612245,905,0.5771683673469388,186,0.1186224489795918,86,0.1508771929824561,36081002500,6530,1796,0.2750382848392037,6530,1168,0.1788667687595712,6530,227,0.0347626339969372,65300,0.0653,24012.251148545176,0.8358194304450087
360810294006,360810294006,Block Group 6; Census Tract 294; Queens County; New York,Queens,526,49,49,1.0,227,118,0.5198237885462555,57,0.1083650190114068,20,0.0380228136882129,17,0.0323193916349809,405,0.7699619771863118,5,0.0095057034220532,99,0.188212927756654,0,0.0,36081029400,8509,1206,0.1417322834645669,8578,1147,0.1337141524830963,8578,451,0.0525763581254371,297131,0.297131,1770.2629479926363,0.5285584858666351
360810455006,360810455006,Block Group 6; Census Tract 455; Queens County; New York,Queens,283,164,164,1.0,164,164,1.0,0,0.0,164,0.5795053003533569,0,0.0,0,0.0,0,0.0,283,1.0,0,0.0,36081045500,12747,2077,0.1629402996783557,12747,2302,0.1805915117282497,12747,986,0.0773515336942025,20108,0.020108,14074.000397851602,0.8482477167868046
360810062026,360810062026,Block Group 6; Census Tract 62.02; Queens County; New York,Queens,1082,489,159,0.3251533742331288,374,184,0.4919786096256685,308,0.2846580406654344,315,0.2911275415896488,441,0.4075785582255083,0,0.0,334,0.3086876155268022,262,0.2421441774491682,96,0.1963190184049079,36081006202,7327,534,0.0728811246076156,7327,1733,0.2365224512078613,7327,391,0.0533642691415313,148367,0.148367,7292.72681930618,0.4482337127576838
360810809006,360810809006,Block Group 6; Census Tract 809; Queens County; New York,Queens,890,484,145,0.2995867768595041,372,83,0.2231182795698924,124,0.1393258426966292,315,0.3539325842696629,101,0.1134831460674157,0,0.0,652,0.7325842696629213,75,0.0842696629213483,153,0.3161157024793388,36081080900,7349,649,0.0883113348754932,7864,829,0.1054170905391658,7864,288,0.0366225839267548,101528,0.101528,8766.054684422032,0.8357788225481111
360810884006,360810884006,Block Group 6; Census Tract 884; Queens County; New York,Queens,1564,428,221,0.5163551401869159,586,212,0.3617747440273037,399,0.2551150895140665,241,0.1540920716112531,512,0.3273657289002558,169,0.1080562659846547,42,0.0268542199488491,758,0.4846547314578005,41,0.0957943925233644,36081088400,8995,919,0.1021678710394663,8995,1757,0.1953307392996109,8995,299,0.0332406892718176,330433,0.330433,4733.183429015868,0.4992985611398538
360810892016,360810892016,Block Group 6; Census Tract 892.01; Queens County; New York,Queens,877,283,22,0.07773851590106,307,36,0.1172638436482084,212,0.2417331812998859,244,0.2782212086659065,780,0.8893956670467503,0,0.0,0,0.0,97,0.1106043329532497,9,0.0318021201413427,36081089201,9116,243,0.0266564282580079,9116,1369,0.1501755155770074,9116,395,0.0433304080737165,200890,0.20089,4365.573199263278,0.3728070466685597
360811017007,360811017007,Block Group 7; Census Tract 1017; Queens County; New York,Queens,976,477,18,0.0377358490566037,261,75,0.2873563218390804,208,0.2131147540983606,312,0.319672131147541,501,0.5133196721311475,0,0.0,435,0.4456967213114754,10,0.0102459016393442,22,0.0461215932914046,36081101700,6801,577,0.0848404646375533,6806,627,0.0921245959447546,6806,106,0.0155744930943285,126937,0.126937,7688.85352576475,0.6033734925484229
360811571017,360811571017,Block Group 7; Census Tract 1571.01; Queens County; New York,Queens,1272,342,110,0.3216374269005848,621,26,0.0418679549114331,130,0.1022012578616352,275,0.2161949685534591,261,0.205188679245283,0,0.0,673,0.5290880503144654,192,0.1509433962264151,0,0.0,36081157101,8073,727,0.0900532639663074,8073,1119,0.1386101820884429,8073,412,0.0510343119038771,182979,0.182979,6951.617398717885,0.7792387106200651
360810062027,360810062027,Block Group 7; Census Tract 62.02; Queens County; New York,Queens,2832,815,402,0.4932515337423312,930,177,0.1903225806451612,717,0.2531779661016949,591,0.2086864406779661,1130,0.3990112994350282,0,0.0,87,0.0307203389830508,1600,0.5649717514124294,0,0.0,36081006202,7327,534,0.0728811246076156,7327,1733,0.2365224512078613,7327,391,0.0533642691415313,341822,0.341822,8285.013837611388,0.4075907803310155
360810809007,360810809007,Block Group 7; Census Tract 809; Queens County; New York,Queens,868,191,56,0.2931937172774869,294,84,0.2857142857142857,0,0.0,177,0.2039170506912442,268,0.3087557603686636,102,0.1175115207373272,361,0.4158986175115207,90,0.1036866359447004,16,0.0837696335078534,36081080900,7349,649,0.0883113348754932,7864,829,0.1054170905391658,7864,288,0.0366225839267548,466752,0.466752,1859.659947895242,0.8295400927945126
360810884007,360810884007,Block Group 7; Census Tract 884; Queens County; New York,Queens,567,292,0,0.0,182,32,0.1758241758241758,64,0.1128747795414462,285,0.5026455026455027,532,0.9382716049382716,0,0.0,35,0.0617283950617283,0,0.0,19,0.0650684931506849,36081088400,8995,919,0.1021678710394663,8995,1757,0.1953307392996109,8995,299,0.0332406892718176,88401,0.088401,6413.954593273832,0.4859804173848713
360810892017,360810892017,Block Group 7; Census Tract 892.01; Queens County; New York,Queens,986,287,169,0.5888501742160279,421,17,0.0403800475059382,342,0.3468559837728194,150,0.152129817444219,531,0.5385395537525355,0,0.0,86,0.0872210953346856,108,0.1095334685598377,25,0.0871080139372822,36081089201,9116,243,0.0266564282580079,9116,1369,0.1501755155770074,9116,395,0.0433304080737165,162326,0.162326,6074.19637026724,0.3745829134455224
360811571018,360811571018,Block Group 8; Census Tract 1571.01; Queens County; New York,Queens,468,212,65,0.3066037735849056,274,48,0.1751824817518248,39,0.0833333333333333,43,0.0918803418803418,118,0.2521367521367521,22,0.047008547008547,177,0.3782051282051282,128,0.2735042735042735,0,0.0,36081157101,8073,727,0.0900532639663074,8073,1119,0.1386101820884429,8073,412,0.0510343119038771,155754,0.155754,3004.7382410724604,0.7893332294230854
360810884008,360810884008,Block Group 8; Census Tract 884; Queens County; New York,Queens,597,346,187,0.5404624277456648,272,103,0.3786764705882353,45,0.0753768844221105,221,0.3701842546063651,592,0.9916247906197656,1,0.0016750418760469,0,0.0,4,0.0067001675041876,19,0.0549132947976878,36081088400,8995,919,0.1021678710394663,8995,1757,0.1953307392996109,8995,299,0.0332406892718176,158058,0.158058,3777.0944843032303,0.4642389313111837
360810892018,360810892018,Block Group 8; Census Tract 892.01; Queens County; New York,Queens,1133,417,61,0.1462829736211031,372,157,0.4220430107526882,310,0.2736098852603707,272,0.2400706090026478,869,0.7669902912621359,96,0.0847308031774051,0,0.0,168,0.1482789055604589,42,0.1007194244604316,36081089201,9116,243,0.0266564282580079,9116,1369,0.1501755155770074,9116,395,0.0433304080737165,230550,0.23055,4914.335285187595,0.294246331051858
