GEOID_TEXT,GEOID,NAME,borough,total_population,total_households,no_vehicle_households,no_vehicle_rate,total_workers_16_plus,public_transit_workers,public_transit_commute_rate,under_18_population,under_18_rate,age_65_plus_population,age_65_plus_rate,white_non_hispanic_population,white_non_hispanic_rate,black_non_hispanic_population,black_non_hispanic_rate,asian_non_hispanic_population,asian_non_hispanic_rate,hispanic_population,hispanic_rate,limited_english_households,limited_english_rate,TRACT_GEOID,tract_poverty_universe,tract_below_poverty_population,tract_poverty_rate,tract_disability_universe,tract_disabled_population,tract_disability_rate,tract_insurance_universe,tract_uninsured_population,tract_uninsured_rate,ALAND,land_area_sq_km,population_density_per_sq_km,ewm_accessibility_score
360850105001,360850105001,Block Group 1; Census Tract 105; Richmond County; New York,Staten Island,664,209,67,0.3205741626794258,363,102,0.2809917355371901,155,0.233433734939759,94,0.1415662650602409,82,0.1234939759036144,174,0.2620481927710843,0,0.0,171,0.2575301204819277,26,0.124401913875598,36085010500,5635,983,0.1744454303460514,5635,555,0.0984915705412599,5635,406,0.0720496894409937,143753,0.143753,4619.034037550521,0.9623496820366968
360850112011,360850112011,Block Group 1; Census Tract 112.01; Richmond County; New York,Staten Island,978,365,182,0.4986301369863014,443,117,0.2641083521444695,96,0.0981595092024539,205,0.2096114519427402,554,0.5664621676891616,0,0.0,179,0.1830265848670756,245,0.2505112474437628,6,0.0164383561643835,36085011201,5411,191,0.0352984660875993,5411,597,0.1103308076141193,5411,514,0.0949916836074662,552613,0.552613,1769.7737838233988,0.9038290125172728
360850112031,360850112031,Block Group 1; Census Tract 112.03; Richmond County; New York,Staten Island,2369,769,230,0.2990897269180754,1062,205,0.1930320150659133,402,0.1696918531025749,423,0.1785563528915154,705,0.297593921485859,15,0.0063317855635289,1265,0.5339805825242718,355,0.1498522583368509,140,0.1820546163849154,36085011203,6982,1164,0.1667144084789458,7029,715,0.1017214397496087,7029,614,0.0873523972115521,441223,0.441223,5369.167065180192,0.8917622030344787
360850112041,360850112041,Block Group 1; Census Tract 112.04; Richmond County; New York,Staten Island,75,27,27,1.0,56,29,0.5178571428571429,0,0.0,0,0.0,11,0.1466666666666666,0,0.0,0,0.0,64,0.8533333333333334,0,0.0,36085011204,75,11,0.1466666666666666,75,43,0.5733333333333334,75,0,0.0,786354,0.786354,95.37689132375496,0.8496620023136975
360850114011,360850114011,Block Group 1; Census Tract 114.01; Richmond County; New York,Staten Island,815,501,263,0.5249500998003992,402,225,0.5597014925373134,9,0.011042944785276,310,0.3803680981595092,627,0.7693251533742331,0,0.0,137,0.1680981595092024,42,0.0515337423312883,54,0.1077844311377245,36085011401,2906,444,0.1527873365450791,2918,641,0.2196710075394105,2918,10,0.0034270047978067,160072,0.160072,5091.458843520416,0.9367837354063564
360850114021,360850114021,Block Group 1; Census Tract 114.02; Richmond County; New York,Staten Island,1123,385,54,0.1402597402597402,318,61,0.1918238993710692,298,0.2653606411398041,286,0.2546749777382012,832,0.7408726625111309,12,0.0106856634016028,195,0.1736420302760463,84,0.0747996438112199,0,0.0,36085011402,3192,45,0.0140977443609022,3192,559,0.175125313283208,3192,31,0.0097117794486215,200691,0.200691,5595.666970616519,0.6637254694835539
360850011001,360850011001,Block Group 1; Census Tract 11; Richmond County; New York,Staten Island,830,385,266,0.6909090909090909,278,73,0.2625899280575539,211,0.2542168674698795,68,0.0819277108433735,254,0.3060240963855422,35,0.0421686746987951,32,0.0385542168674698,445,0.536144578313253,47,0.122077922077922,36085001100,4852,1655,0.3410964550700742,4852,635,0.130873866446826,4852,315,0.0649216817807089,102191,0.102191,8122.0459727373245,0.9442359351803428
360850121001,360850121001,Block Group 1; Census Tract 121; Richmond County; New York,Staten Island,829,278,8,0.0287769784172661,379,54,0.1424802110817942,161,0.1942098914354644,190,0.2291917973462002,605,0.729794933655006,6,0.0072376357056694,0,0.0,90,0.1085645355850422,0,0.0,36085012100,3134,36,0.0114869176770899,3134,315,0.1005105296745373,3134,0,0.0,237960,0.23796,3483.778786350647,0.8986200490703554
360850122001,360850122001,Block Group 1; Census Tract 122; Richmond County; New York,Staten Island,2190,540,148,0.2740740740740741,712,114,0.1601123595505618,1014,0.4630136986301369,134,0.0611872146118721,953,0.4351598173515982,6,0.0027397260273972,251,0.1146118721461187,980,0.4474885844748858,13,0.024074074074074,36085012200,4783,378,0.0790298975538365,4783,290,0.0606314028852184,4783,254,0.0531047459753292,210673,0.210673,10395.25710461236,0.6334609948886388
360850125001,360850125001,Block Group 1; Census Tract 125; Richmond County; New York,Staten Island,1670,548,63,0.114963503649635,854,212,0.2482435597189695,303,0.181437125748503,184,0.1101796407185628,443,0.2652694610778443,356,0.2131736526946107,84,0.0502994011976047,787,0.4712574850299401,39,0.0711678832116788,36085012500,3229,174,0.0538866522143078,3218,429,0.1333126165320074,3218,157,0.0487880671224362,185955,0.185955,8980.667365760533,0.7293167009214375
360850128041,360850128041,Block Group 1; Census Tract 128.04; Richmond County; New York,Staten Island,2117,759,408,0.5375494071146245,1106,320,0.2893309222423146,398,0.1880018894662257,327,0.1544638639584317,1247,0.589041095890411,42,0.0198393953708077,331,0.1563533301842229,433,0.2045347189418989,76,0.1001317523056653,36085012804,4806,209,0.0434873075322513,4820,486,0.1008298755186722,4820,210,0.0435684647302904,455204,0.455204,4650.662120719501,0.8853146476746759
360850128051,360850128051,Block Group 1; Census Tract 128.05; Richmond County; New York,Staten Island,2173,683,153,0.2240117130307467,1173,288,0.2455242966751918,339,0.1560055223193741,288,0.1325356649792913,1783,0.8205246203405431,12,0.0055223193741371,197,0.0906580763920846,53,0.024390243902439,24,0.0351390922401171,36085012805,2384,96,0.0402684563758389,2384,347,0.1455536912751678,2384,101,0.0423657718120805,362287,0.362287,5998.007104864375,0.8741723383683603
360850128061,360850128061,Block Group 1; Census Tract 128.06; Richmond County; New York,Staten Island,1811,453,195,0.4304635761589404,721,387,0.536754507628294,495,0.2733296521258972,178,0.0982882385422418,1405,0.7758144671452236,0,0.0,89,0.0491441192711209,84,0.0463832136940916,10,0.0220750551876379,36085012806,6036,763,0.1264082173624917,6075,911,0.1499588477366255,6075,148,0.0243621399176954,223264,0.223264,8111.473412641537,0.5933751142289861
360850132011,360850132011,Block Group 1; Census Tract 132.01; Richmond County; New York,Staten Island,967,331,38,0.1148036253776435,478,115,0.2405857740585774,217,0.2244053774560496,209,0.2161323681489141,799,0.8262668045501551,1,0.0010341261633919,61,0.0630816959669079,67,0.0692864529472595,14,0.0422960725075528,36085013201,1657,351,0.2118286059143029,1652,93,0.0562953995157384,1652,20,0.0121065375302663,225753,0.225753,4283.442523465912,0.5699947101982308
360850132031,360850132031,Block Group 1; Census Tract 132.03; Richmond County; New York,Staten Island,1558,526,284,0.5399239543726235,811,360,0.4438964241676942,299,0.1919127086007702,291,0.186777920410783,1097,0.7041078305519898,0,0.0,136,0.0872913992297817,301,0.193196405648267,30,0.0570342205323193,36085013203,7305,268,0.0366872005475701,7305,1108,0.1516769336071184,7305,355,0.0485968514715948,186659,0.186659,8346.771385253323,0.8406815023051051
360850132041,360850132041,Block Group 1; Census Tract 132.04; Richmond County; New York,Staten Island,1354,552,278,0.5036231884057971,666,244,0.3663663663663664,275,0.2031019202363367,316,0.2333825701624815,785,0.5797636632200887,0,0.0,218,0.1610044313146233,309,0.2282127031019202,30,0.0543478260869565,36085013204,4921,560,0.1137980085348506,4948,583,0.1178253839935327,4948,195,0.0394098625707356,387025,0.387025,3498.482010206059,0.5234099989934408
360850133011,360850133011,Block Group 1; Census Tract 133.01; Richmond County; New York,Staten Island,1176,499,484,0.969939879759519,331,103,0.311178247734139,296,0.2517006802721088,228,0.1938775510204081,44,0.0374149659863945,497,0.4226190476190476,0,0.0,585,0.4974489795918367,68,0.1362725450901803,36085013301,1176,444,0.3775510204081632,1176,260,0.2210884353741496,1176,80,0.0680272108843537,67337,0.067337,17464.39550321517,0.9418456934559748
360850133021,360850133021,Block Group 1; Census Tract 133.02; Richmond County; New York,Staten Island,451,104,32,0.3076923076923077,187,58,0.3101604278074866,112,0.2483370288248337,24,0.0532150776053215,0,0.0,12,0.0266075388026607,70,0.155210643015521,369,0.8181818181818182,0,0.0,36085013302,3216,1016,0.3159203980099502,3216,229,0.0712064676616915,3216,464,0.1442786069651741,162904,0.162904,2768.501694249374,0.9218330210854896
360850134001,360850134001,Block Group 1; Census Tract 134; Richmond County; New York,Staten Island,1138,393,149,0.3791348600508906,519,86,0.1657032755298651,285,0.2504393673110721,177,0.1555360281195079,504,0.4428822495606327,54,0.047451669595782,369,0.3242530755711775,184,0.1616871704745167,0,0.0,36085013400,3854,644,0.1670991177996886,3868,455,0.1176318510858324,3868,142,0.0367114788004136,268185,0.268185,4243.33948580271,0.582505038334223
360850138001,360850138001,Block Group 1; Census Tract 138; Richmond County; New York,Staten Island,734,341,15,0.0439882697947214,343,53,0.1545189504373177,49,0.0667574931880109,403,0.5490463215258855,608,0.8283378746594006,0,0.0,126,0.1716621253405994,0,0.0,0,0.0,36085013800,6090,142,0.0233169129720853,6090,567,0.093103448275862,6090,351,0.0576354679802955,312525,0.312525,2348.612111031118,0.2348954544767318
360850141001,360850141001,Block Group 1; Census Tract 141; Richmond County; New York,Staten Island,1626,657,369,0.5616438356164384,810,140,0.1728395061728395,288,0.1771217712177121,327,0.2011070110701107,441,0.2712177121771217,357,0.2195571955719557,109,0.0670356703567035,672,0.4132841328413284,29,0.0441400304414003,36085014100,2554,355,0.138997650743931,2554,204,0.0798747063429913,2554,65,0.0254502740798747,163067,0.163067,9971.361464919328,0.9049308207636918
360850146041,360850146041,Block Group 1; Census Tract 146.04; Richmond County; New York,Staten Island,1527,598,298,0.4983277591973244,757,247,0.3262879788639365,414,0.2711198428290766,240,0.1571709233791748,1090,0.7138179436804192,26,0.0170268500327439,19,0.0124426981008513,392,0.2567125081859855,11,0.0183946488294314,36085014604,7039,308,0.0437562153715016,7039,446,0.0633612729080835,7039,284,0.0403466401477482,240583,0.240583,6347.081880265854,0.8483816882877632
360850146051,360850146051,Block Group 1; Census Tract 146.05; Richmond County; New York,Staten Island,1647,625,96,0.1536,751,152,0.2023968042609853,153,0.0928961748633879,442,0.2683667273831208,1435,0.8712811171827566,2,0.0012143290831815,151,0.0916818457802064,59,0.0358227079538555,23,0.0368,36085014605,3713,100,0.0269323996768112,3724,404,0.108485499462943,3724,199,0.0534371643394199,461283,0.461283,3570.47625860914,0.8099594330317081
360850146061,360850146061,Block Group 1; Census Tract 146.06; Richmond County; New York,Staten Island,1179,409,124,0.3031784841075794,427,83,0.1943793911007025,89,0.0754877014418999,325,0.275657336726039,897,0.7608142493638677,3,0.0025445292620865,141,0.1195928753180661,131,0.1111111111111111,0,0.0,36085014606,6450,432,0.0669767441860465,6450,715,0.1108527131782945,6450,144,0.0223255813953488,216825,0.216825,5437.564856451056,0.8100474296036329
360850146071,360850146071,Block Group 1; Census Tract 146.07; Richmond County; New York,Staten Island,2922,989,63,0.063700707785642,1331,80,0.0601051840721262,872,0.298425735797399,430,0.1471594798083504,2216,0.758384668035592,0,0.0,455,0.1557152635181382,217,0.0742642026009582,77,0.0778564206268958,36085014607,4738,388,0.0818910932883073,4754,434,0.0912915439629785,4754,55,0.0115692048801009,401346,0.401346,7280.501113752224,0.5924972634705666
360850146081,360850146081,Block Group 1; Census Tract 146.08; Richmond County; New York,Staten Island,1668,561,156,0.2780748663101604,786,38,0.0483460559796437,378,0.2266187050359712,357,0.2140287769784172,1340,0.8033573141486811,0,0.0,57,0.0341726618705036,271,0.1624700239808153,68,0.1212121212121212,36085014608,3592,168,0.0467706013363029,3592,300,0.0835189309576837,3592,52,0.0144766146993318,208360,0.20836,8005.37531196007,0.3492168002761102
360850147001,360850147001,Block Group 1; Census Tract 147; Richmond County; New York,Staten Island,753,319,11,0.0344827586206896,366,12,0.0327868852459016,175,0.2324037184594953,105,0.1394422310756972,501,0.6653386454183267,0,0.0,72,0.095617529880478,180,0.2390438247011952,11,0.0344827586206896,36085014700,3367,182,0.054054054054054,3367,377,0.1119691119691119,3367,95,0.0282150282150282,324247,0.324247,2322.303675901396,0.9089905576446874
360850151001,360850151001,Block Group 1; Census Tract 151; Richmond County; New York,Staten Island,2142,766,321,0.4190600522193211,915,174,0.1901639344262295,536,0.2502334267040149,313,0.146125116713352,1612,0.7525676937441643,0,0.0,205,0.0957049486461251,221,0.1031746031746031,28,0.0365535248041775,36085015100,5048,289,0.0572503961965134,5070,572,0.1128205128205128,5070,49,0.0096646942800788,316575,0.316575,6766.169154228855,0.8934092246346668
360850156011,360850156011,Block Group 1; Census Tract 156.01; Richmond County; New York,Staten Island,1596,556,257,0.4622302158273381,886,200,0.2257336343115124,409,0.256265664160401,136,0.0852130325814536,914,0.5726817042606517,120,0.075187969924812,492,0.3082706766917293,36,0.0225563909774436,42,0.0755395683453237,36085015601,6214,467,0.0751528805922111,6214,508,0.0817508850981654,6214,137,0.0220469906662375,331789,0.331789,4810.286055294178,0.8403341717149235
360850156021,360850156021,Block Group 1; Census Tract 156.02; Richmond County; New York,Staten Island,570,259,8,0.0308880308880308,245,0,0.0,95,0.1666666666666666,195,0.3421052631578947,523,0.9175438596491228,0,0.0,23,0.0403508771929824,8,0.0140350877192982,0,0.0,36085015602,3650,381,0.1043835616438356,3650,278,0.0761643835616438,3650,99,0.0271232876712328,202484,0.202484,2815.037237510124,0.6831171748572743
360850156031,360850156031,Block Group 1; Census Tract 156.03; Richmond County; New York,Staten Island,1080,359,55,0.1532033426183844,482,77,0.1597510373443983,171,0.1583333333333333,364,0.337037037037037,445,0.412037037037037,0,0.0,341,0.3157407407407407,294,0.2722222222222222,0,0.0,36085015603,5417,671,0.1238693003507476,5417,437,0.0806719586486985,5417,146,0.0269521875576887,267985,0.267985,4030.076310241245,0.939026725272412
360850169011,360850169011,Block Group 1; Census Tract 169.01; Richmond County; New York,Staten Island,1435,445,134,0.3011235955056179,857,252,0.294049008168028,301,0.2097560975609756,246,0.1714285714285714,1065,0.7421602787456446,5,0.0034843205574912,196,0.1365853658536585,169,0.1177700348432055,0,0.0,36085016901,3552,31,0.0087274774774774,3586,226,0.0630228667038483,3586,171,0.0476854433909648,499624,0.499624,2872.159864217892,0.639445703035145
360850170051,360850170051,Block Group 1; Census Tract 170.05; Richmond County; New York,Staten Island,2481,960,244,0.2541666666666666,1288,127,0.0986024844720497,641,0.2583635630794034,411,0.1656590084643289,1993,0.8033051189036678,10,0.004030632809351,295,0.1189036678758565,111,0.0447400241837968,0,0.0,36085017005,4526,132,0.0291648254529385,4526,321,0.0709235528060097,4526,34,0.0075121520106053,964216,0.964216,2573.0749126751684,0.8568745592277105
360850170071,360850170071,Block Group 1; Census Tract 170.07; Richmond County; New York,Staten Island,2679,685,164,0.2394160583941605,1131,248,0.2192749778956675,848,0.3165360209033221,324,0.1209406494960806,1280,0.4777902202314296,43,0.0160507652108995,499,0.1862635311683464,857,0.3198954833893244,4,0.0058394160583941,36085017007,6346,690,0.1087299086038449,6340,625,0.0985804416403785,6340,168,0.0264984227129337,1195127,1.195127,2241.6027752699083,0.7321857458973579
360850170091,360850170091,Block Group 1; Census Tract 170.09; Richmond County; New York,Staten Island,1024,329,71,0.21580547112462,431,71,0.1647331786542923,233,0.2275390625,139,0.1357421875,689,0.6728515625,0,0.0,13,0.0126953125,262,0.255859375,17,0.0516717325227963,36085017009,4870,144,0.0295687885010266,4880,398,0.0815573770491803,4880,140,0.0286885245901639,308383,0.308383,3320.5462039087756,0.8220246549863687
360850170111,360850170111,Block Group 1; Census Tract 170.11; Richmond County; New York,Staten Island,2021,824,170,0.2063106796116504,1003,237,0.2362911266201395,159,0.0786739238000989,546,0.2701632855022266,1835,0.9079663532904504,4,0.0019792182088075,17,0.0084116773874319,137,0.0677882236516576,0,0.0,36085017011,4731,625,0.1321073768759247,4745,683,0.143940990516333,4745,28,0.0059009483667017,364938,0.364938,5537.9269903380855,0.865706640383774
360850170121,360850170121,Block Group 1; Census Tract 170.12; Richmond County; New York,Staten Island,2069,670,199,0.2970149253731343,926,113,0.1220302375809935,472,0.2281295311744804,373,0.1802803286611889,1548,0.7481875302078299,0,0.0,224,0.1082648622522958,297,0.1435476075398743,40,0.0597014925373134,36085017012,5363,392,0.0730934178631363,5363,531,0.0990117471564422,5363,7,0.0013052396046988,335779,0.335779,6161.790939874143,0.5773949122087663
360850170131,360850170131,Block Group 1; Census Tract 170.13; Richmond County; New York,Staten Island,2671,804,230,0.2860696517412935,1034,85,0.0822050290135396,485,0.1815799326095095,657,0.2459752901535005,1787,0.6690378135529764,0,0.0,502,0.187944590041183,368,0.1377761138150505,0,0.0,36085017013,4617,127,0.0275070392029456,4617,262,0.0567468052848169,4617,93,0.0201429499675113,272826,0.272826,9790.122642270164,0.7076566651787447
360850170141,360850170141,Block Group 1; Census Tract 170.14; Richmond County; New York,Staten Island,2597,907,199,0.2194046306504961,1338,287,0.2144992526158445,461,0.1775125144397381,549,0.2113977666538313,1974,0.7601078167115903,0,0.0,57,0.0219484020023103,529,0.2036965729688101,19,0.0209481808158765,36085017014,4141,203,0.0490219753682685,4141,449,0.1084279159623279,4141,181,0.0437092489736778,248849,0.248849,10436.04756297996,0.692320661587218
360850170151,360850170151,Block Group 1; Census Tract 170.15; Richmond County; New York,Staten Island,3167,1100,192,0.1745454545454545,1508,345,0.2287798408488063,562,0.1774550047363435,583,0.1840858856962425,2804,0.8853804862646037,0,0.0,0,0.0,155,0.048942216608778,0,0.0,36085017015,3167,8,0.0025260498894853,3167,451,0.1424060625197347,3167,0,0.0,457623,0.457623,6920.543766375379,0.7004669328710197
360850170161,360850170161,Block Group 1; Census Tract 170.16; Richmond County; New York,Staten Island,2534,945,200,0.2116402116402116,1453,200,0.1376462491397109,359,0.1416732438831886,311,0.122730860299921,1655,0.6531176006314128,0,0.0,472,0.186266771902131,407,0.1606156274664562,42,0.0444444444444444,36085017016,4459,113,0.0253420049338416,4449,604,0.1357608451337379,4449,119,0.0267475837266801,364310,0.36431,6955.6147237243,0.5820920267970184
360850173001,360850173001,Block Group 1; Census Tract 173; Richmond County; New York,Staten Island,1876,501,155,0.3093812375249501,1015,234,0.2305418719211822,470,0.2505330490405117,268,0.1428571428571428,543,0.2894456289978678,126,0.0671641791044776,524,0.279317697228145,665,0.3544776119402985,39,0.0778443113772455,36085017300,2786,324,0.1162957645369705,2791,474,0.1698316015764958,2791,226,0.0809745610892153,276824,0.276824,6776.869057596162,0.3415235431452536
360850176001,360850176001,Block Group 1; Census Tract 176; Richmond County; New York,Staten Island,1304,415,74,0.1783132530120482,586,50,0.0853242320819112,438,0.3358895705521472,158,0.1211656441717791,1086,0.8328220858895705,0,0.0,189,0.1449386503067484,29,0.0222392638036809,11,0.0265060240963855,36085017600,5169,71,0.0137357322499516,5169,448,0.0866705358870187,5169,105,0.02031340684852,1122759,1.122759,1161.4246690518623,0.9523270456440396
360850177011,360850177011,Block Group 1; Census Tract 177.01; Richmond County; New York,Staten Island,962,296,0,0.0,658,135,0.2051671732522796,179,0.186070686070686,134,0.1392931392931393,565,0.5873180873180873,0,0.0,75,0.0779625779625779,274,0.2848232848232848,0,0.0,36085017701,4246,378,0.089024964672633,4246,842,0.1983042863871879,4246,3,0.0007065473386716,408346,0.408346,2355.8452880645336,0.8451285459065995
360850177021,360850177021,Block Group 1; Census Tract 177.02; Richmond County; New York,Staten Island,948,424,93,0.2193396226415094,399,110,0.2756892230576441,162,0.170886075949367,273,0.2879746835443038,664,0.70042194092827,0,0.0,97,0.1023206751054852,128,0.1350210970464135,63,0.1485849056603773,36085017702,2117,289,0.1365139348134152,2117,331,0.1563533301842229,2117,10,0.004723665564478,311987,0.311987,3038.5881463009673,0.6716367076654739
360850017001,360850017001,Block Group 1; Census Tract 17; Richmond County; New York,Staten Island,593,218,78,0.3577981651376147,267,27,0.1011235955056179,91,0.1534569983136593,174,0.2934232715008432,240,0.4047217537942664,205,0.3456998313659359,40,0.0674536256323777,70,0.118043844856661,25,0.1146788990825688,36085001700,1606,149,0.0927770859277708,1606,217,0.135118306351183,1606,95,0.0591531755915317,205521,0.205521,2885.349915580403,0.9534824261948884
360850187011,360850187011,Block Group 1; Census Tract 187.01; Richmond County; New York,Staten Island,1091,369,174,0.4715447154471545,455,80,0.1758241758241758,350,0.3208065994500458,99,0.0907424381301558,666,0.6104491292392301,44,0.0403299725022914,159,0.1457378551787351,150,0.1374885426214482,31,0.084010840108401,36085018701,1859,177,0.0952124798278644,1915,174,0.0908616187989556,1915,65,0.0339425587467362,162716,0.162716,6704.933749600531,0.6444485712353947
360850187031,360850187031,Block Group 1; Census Tract 187.03; Richmond County; New York,Staten Island,2244,710,391,0.5507042253521127,778,46,0.0591259640102827,520,0.231729055258467,650,0.2896613190730838,1060,0.4723707664884135,75,0.0334224598930481,898,0.4001782531194296,105,0.0467914438502673,0,0.0,36085018703,3663,370,0.101010101010101,3663,323,0.0881790881790881,3663,48,0.0131040131040131,231409,0.231409,9697.11636107498,0.6048844541264027
360850187041,360850187041,Block Group 1; Census Tract 187.04; Richmond County; New York,Staten Island,2585,610,164,0.2688524590163934,862,15,0.0174013921113689,671,0.2595744680851063,693,0.2680851063829787,2080,0.804642166344294,66,0.025531914893617,209,0.0808510638297872,124,0.0479690522243713,52,0.0852459016393442,36085018704,4309,91,0.0211185889997679,4309,304,0.0705500116036203,4309,30,0.0069621721977256,312588,0.312588,8269.671260573023,0.3579506216765558
360850189011,360850189011,Block Group 1; Census Tract 189.01; Richmond County; New York,Staten Island,2452,719,115,0.1599443671766342,1019,280,0.2747791952894995,636,0.2593800978792822,414,0.1688417618270799,1756,0.7161500815660685,2,0.0008156606851549,354,0.1443719412724306,281,0.114600326264274,30,0.0417246175243393,36085018901,5794,724,0.1249568519157749,5814,619,0.1064671482628139,5814,494,0.0849673202614379,523868,0.523868,4680.568387456382,0.6194484614478333
360850189021,360850189021,Block Group 1; Census Tract 189.02; Richmond County; New York,Staten Island,1404,512,63,0.123046875,736,203,0.2758152173913043,362,0.2578347578347578,252,0.1794871794871795,645,0.4594017094017094,29,0.0206552706552706,510,0.3632478632478632,135,0.0961538461538461,180,0.3515625,36085018902,5643,1004,0.1779195463405989,5643,555,0.0983519404572036,5643,69,0.012227538543328,236926,0.236926,5925.9009142095,0.6206759063101517
360850018001,360850018001,Block Group 1; Census Tract 18; Richmond County; New York,Staten Island,449,146,146,1.0,168,0,0.0,163,0.3630289532293986,9,0.0200445434298441,211,0.4699331848552338,94,0.2093541202672605,25,0.0556792873051225,88,0.1959910913140311,0,0.0,36085001800,427,27,0.063231850117096,346,7,0.0202312138728323,346,20,0.0578034682080924,910163,0.910163,493.3182298115832,0.9222786997893516
360850197001,360850197001,Block Group 1; Census Tract 197; Richmond County; New York,Staten Island,1289,445,71,0.1595505617977528,831,152,0.1829121540312876,206,0.1598138091543832,121,0.0938712179984484,874,0.6780449961210241,0,0.0,131,0.1016291698991466,271,0.2102404965089216,0,0.0,36085019700,1975,28,0.0141772151898734,1975,171,0.0865822784810126,1975,76,0.0384810126582278,142540,0.14254,9043.075627893924,0.6443304555531094
360850198001,360850198001,Block Group 1; Census Tract 198; Richmond County; New York,Staten Island,1661,477,82,0.1719077568134172,824,14,0.0169902912621359,508,0.3058398555087296,124,0.0746538229981938,1294,0.7790487658037327,49,0.0295003010234798,281,0.1691751956652619,37,0.0222757375075255,38,0.0796645702306079,36085019800,7341,683,0.0930390954910775,7341,758,0.1032556872360713,7341,100,0.0136221223266584,2404501,2.404501,690.7878183456775,0.7857074839289242
360850020011,360850020011,Block Group 1; Census Tract 20.01; Richmond County; New York,Staten Island,1599,879,454,0.5164960182025028,730,248,0.3397260273972602,85,0.0531582238899312,523,0.3270794246404002,1167,0.7298311444652908,16,0.0100062539086929,141,0.0881801125703564,247,0.1544715447154471,109,0.124004550625711,36085002001,2904,108,0.0371900826446281,2904,372,0.128099173553719,2904,120,0.0413223140495867,180427,0.180427,8862.309964694863,0.9429145610816754
360850020021,360850020021,Block Group 1; Census Tract 20.02; Richmond County; New York,Staten Island,1389,666,294,0.4414414414414414,862,508,0.5893271461716937,124,0.0892728581713463,358,0.257739380849532,738,0.531317494600432,11,0.0079193664506839,363,0.2613390928725702,183,0.1317494600431965,156,0.2342342342342342,36085002002,2710,85,0.0313653136531365,2710,245,0.0904059040590405,2710,160,0.059040590405904,537737,0.537737,2583.047102951815,0.949880975067686
360850201001,360850201001,Block Group 1; Census Tract 201; Richmond County; New York,Staten Island,1521,614,245,0.3990228013029316,683,85,0.1244509516837481,444,0.291913214990138,111,0.0729783037475345,617,0.4056541748849441,24,0.0157790927021696,24,0.0157790927021696,851,0.559500328731098,35,0.0570032573289902,36085020100,3356,352,0.1048867699642431,3356,264,0.0786650774731823,3356,78,0.0232419547079856,294056,0.294056,5172.484152678402,0.9241882284231434
360850207011,360850207011,Block Group 1; Census Tract 207.01; Richmond County; New York,Staten Island,1245,455,275,0.6043956043956044,623,240,0.3852327447833066,201,0.1614457831325301,158,0.1269076305220883,78,0.0626506024096385,205,0.1646586345381526,160,0.1285140562248996,737,0.5919678714859438,46,0.1010989010989011,36085020701,3364,674,0.2003567181926278,3364,449,0.1334720570749108,3364,126,0.0374554102259215,263368,0.263368,4727.225782934905,0.9076220800960824
360850207021,360850207021,Block Group 1; Census Tract 207.02; Richmond County; New York,Staten Island,815,191,165,0.8638743455497382,230,57,0.2478260869565217,366,0.449079754601227,49,0.060122699386503,109,0.1337423312883435,0,0.0,13,0.0159509202453987,602,0.7386503067484662,120,0.6282722513089005,36085020702,2916,889,0.3048696844993141,2928,349,0.1191939890710382,2928,331,0.1130464480874317,280966,0.280966,2900.706847091819,0.9167373544291144
360850208031,360850208031,Block Group 1; Census Tract 208.03; Richmond County; New York,Staten Island,1826,661,204,0.3086232980332829,1004,432,0.4302788844621514,348,0.1905805038335158,362,0.1982475355969332,1709,0.9359255202628696,0,0.0,7,0.0038335158817086,110,0.0602409638554216,0,0.0,36085020803,7532,571,0.0758098778544875,7627,776,0.1017438049036318,7627,185,0.0242559328700668,721894,0.721894,2529.4572333334254,0.704625095239615
360850208041,360850208041,Block Group 1; Census Tract 208.04; Richmond County; New York,Staten Island,2379,804,104,0.1293532338308457,1120,201,0.1794642857142857,401,0.1685582177385456,557,0.2341319882303489,2175,0.914249684741488,25,0.0105086170659941,112,0.0470786044556536,40,0.0168137873055905,0,0.0,36085020804,5124,246,0.0480093676814988,5124,658,0.1284153005464481,5124,55,0.0107338017174082,444254,0.444254,5355.044636626795,0.8456180134689271
360850208051,360850208051,Block Group 1; Census Tract 208.05; Richmond County; New York,Staten Island,1535,459,80,0.1742919389978213,632,113,0.1787974683544304,368,0.2397394136807817,287,0.1869706840390879,1073,0.6990228013029316,4,0.0026058631921824,112,0.0729641693811074,346,0.2254071661237785,12,0.0261437908496732,36085020805,6559,302,0.0460436042079585,6559,759,0.1157188595822533,6559,181,0.0275956700716572,434779,0.434779,3530.529303393218,0.7196687182207682
360850208061,360850208061,Block Group 1; Census Tract 208.06; Richmond County; New York,Staten Island,1568,553,109,0.1971066907775768,800,87,0.10875,215,0.1371173469387755,199,0.1269132653061224,1230,0.7844387755102041,2,0.0012755102040816,106,0.0676020408163265,195,0.1243622448979591,19,0.0343580470162748,36085020806,2533,275,0.1085669166995657,2533,279,0.1101460718515594,2533,31,0.012238452427951,296925,0.296925,5280.794813505094,0.6964082787326923
360850213001,360850213001,Block Group 1; Census Tract 213; Richmond County; New York,Staten Island,840,296,76,0.2567567567567567,388,49,0.1262886597938144,175,0.2083333333333333,189,0.225,282,0.3357142857142857,50,0.0595238095238095,49,0.0583333333333333,459,0.5464285714285714,42,0.1418918918918918,36085021300,5669,818,0.1442935261950961,5669,739,0.130358087846181,5669,485,0.085553007585112,126904,0.126904,6619.176700498015,0.9146136948197976
360850021001,360850021001,Block Group 1; Census Tract 21; Richmond County; New York,Staten Island,1702,539,353,0.6549165120593692,621,318,0.5120772946859904,483,0.2837837837837837,239,0.1404230317273795,453,0.2661574618096357,277,0.1627497062279671,19,0.0111633372502937,953,0.5599294947121034,38,0.0705009276437847,36085002100,5613,1344,0.239444147514698,5577,708,0.1269499731038192,5577,646,0.1158328850636543,152253,0.152253,11178.761666436789,0.9814796833377404
360850223001,360850223001,Block Group 1; Census Tract 223; Richmond County; New York,Staten Island,1792,605,115,0.1900826446280991,657,153,0.2328767123287671,372,0.2075892857142857,419,0.2338169642857142,306,0.1707589285714285,712,0.3973214285714285,39,0.0217633928571428,342,0.1908482142857142,16,0.0264462809917355,36085022300,3263,559,0.1713147410358565,3263,672,0.2059454489733374,3263,110,0.033711308611707,343665,0.343665,5214.380283124555,0.8721429610129018
360850226011,360850226011,Block Group 1; Census Tract 226.01; Richmond County; New York,Staten Island,2296,931,269,0.2889366272824919,1015,457,0.4502463054187192,564,0.2456445993031359,383,0.1668118466898954,2015,0.8776132404181185,2,0.0008710801393728,65,0.0283101045296167,112,0.048780487804878,171,0.1836734693877551,36085022601,7394,322,0.0435488233703002,7483,970,0.1296271548844046,7483,177,0.0236536148603501,478740,0.47874,4795.922630237707,0.7201510890142961
360850226021,360850226021,Block Group 1; Census Tract 226.02; Richmond County; New York,Staten Island,486,358,331,0.9245810055865922,83,2,0.0240963855421686,37,0.0761316872427983,29,0.0596707818930041,452,0.9300411522633744,3,0.0061728395061728,18,0.037037037037037,13,0.0267489711934156,9,0.0251396648044692,36085022602,1373,363,0.2643845593590677,1373,364,0.2651128914785142,1373,78,0.0568099053168244,768456,0.768456,632.4369905368687,0.8318427301195892
360850228011,360850228011,Block Group 1; Census Tract 228.01; Richmond County; New York,Staten Island,37,10,6,0.6,26,5,0.1923076923076923,0,0.0,0,0.0,31,0.8378378378378378,0,0.0,0,0.0,0,0.0,0,0.0,36085022801,37,0,0.0,37,5,0.1351351351351351,37,0,0.0,1453186,1.453186,25.46129676448851,0.2701810808534436
360850231001,360850231001,Block Group 1; Census Tract 231; Richmond County; New York,Staten Island,1995,614,253,0.4120521172638436,815,203,0.249079754601227,517,0.2591478696741854,166,0.0832080200501253,115,0.0576441102756892,603,0.3022556390977444,200,0.100250626566416,867,0.4345864661654135,22,0.0358306188925081,36085023100,4742,760,0.1602699283002952,4757,510,0.1072104267395417,4757,548,0.1151986546142526,247759,0.247759,8052.179739182027,0.9224443361616402
360850239001,360850239001,Block Group 1; Census Tract 239; Richmond County; New York,Staten Island,1799,540,209,0.387037037037037,886,170,0.1918735891647855,395,0.2195664257921067,242,0.1345191773207337,358,0.1989994441356309,564,0.3135075041689827,348,0.1934408004446915,485,0.2695942190105614,0,0.0,36085023900,3071,336,0.1094106154347118,3102,279,0.0899419729206963,3102,155,0.0499677627337201,315025,0.315025,5710.6578842948975,0.939292137944982
360850244011,360850244011,Block Group 1; Census Tract 244.01; Richmond County; New York,Staten Island,2379,739,131,0.1772665764546684,1300,70,0.0538461538461538,863,0.3627574611181168,119,0.0500210172341319,2260,0.949978982765868,0,0.0,0,0.0,119,0.0500210172341319,0,0.0,36085024401,6270,117,0.0186602870813397,6270,421,0.0671451355661882,6270,322,0.0513556618819776,535737,0.535737,4440.611718063154,0.9148109469548972
360850244021,360850244021,Block Group 1; Census Tract 244.02; Richmond County; New York,Staten Island,3155,1191,245,0.2057094878253568,1574,232,0.1473951715374841,521,0.16513470681458,547,0.1733755942947702,2870,0.9096671949286846,1,0.0003169572107765,65,0.0206022187004754,123,0.038985736925515,105,0.08816120906801,36085024402,4980,273,0.0548192771084337,5013,360,0.0718132854578097,5013,206,0.0410931577897466,1000041,1.000041,3154.8706503033377,0.9422998056845996
360850247001,360850247001,Block Group 1; Census Tract 247; Richmond County; New York,Staten Island,1174,429,234,0.5454545454545454,421,65,0.1543942992874109,253,0.2155025553662691,202,0.1720613287904599,422,0.3594548551959114,573,0.4880749574105621,44,0.0374787052810902,135,0.1149914821124361,62,0.1445221445221445,36085024700,2833,296,0.1044828803388634,2822,342,0.1211906449326718,2822,242,0.0857547838412473,211867,0.211867,5541.212175562971,0.908501612684996
360850248001,360850248001,Block Group 1; Census Tract 248; Richmond County; New York,Staten Island,1354,564,202,0.3581560283687943,585,93,0.1589743589743589,285,0.2104874446085672,296,0.2186115214180206,982,0.725258493353028,4,0.0029542097488921,2,0.001477104874446,240,0.1772525849335302,14,0.0248226950354609,36085024800,4769,581,0.1218284755713986,4769,537,0.1126022226881945,4769,175,0.0366953239672887,328754,0.328754,4118.581066694245,0.9269609581887872
360850251001,360850251001,Block Group 1; Census Tract 251; Richmond County; New York,Staten Island,1976,632,311,0.4920886075949367,659,45,0.0682852807283763,230,0.1163967611336032,361,0.1826923076923076,983,0.4974696356275304,8,0.0040485829959514,458,0.2317813765182186,486,0.2459514170040485,36,0.0569620253164556,36085025100,6459,538,0.0832946276513392,6459,676,0.1046601641120916,6459,334,0.0517107911441399,453089,0.453089,4361.174073967807,0.9222670986329384
360850273021,360850273021,Block Group 1; Census Tract 273.02; Richmond County; New York,Staten Island,3527,858,263,0.3065268065268065,1211,194,0.1601981833195706,1565,0.4437198752480862,563,0.1596257442585767,2582,0.7320669123901332,151,0.0428125886022115,425,0.120499007655231,62,0.0175786787638219,35,0.0407925407925407,36085027302,4866,551,0.1132346896835183,4866,271,0.0556925606247431,4866,36,0.0073982737361282,322581,0.322581,10933.68797294323,0.6128544319798542
360850277021,360850277021,Block Group 1; Census Tract 277.02; Richmond County; New York,Staten Island,2201,750,266,0.3546666666666667,1037,191,0.1841851494696239,546,0.2480690595184007,321,0.1458427987278509,1273,0.5783734666060881,20,0.0090867787369377,316,0.1435711040436165,429,0.1949114039073148,28,0.0373333333333333,36085027702,6159,874,0.141906153596363,6159,574,0.0931969475564215,6159,341,0.0553661308654002,188664,0.188664,11666.2426324047,0.4538480562494025
360850277041,360850277041,Block Group 1; Census Tract 277.04; Richmond County; New York,Staten Island,2351,713,215,0.3015427769985975,777,69,0.0888030888030888,565,0.2403232666950234,517,0.219906422798809,1543,0.6563164610803913,0,0.0,437,0.1858783496384517,352,0.1497235219055721,141,0.1977559607293127,36085027704,5163,998,0.1932984698818516,5161,658,0.1274946715752761,5161,312,0.0604534005037783,267182,0.267182,8799.245458152122,0.8054096720992167
360850277051,360850277051,Block Group 1; Census Tract 277.05; Richmond County; New York,Staten Island,3024,881,133,0.1509648127128263,1389,245,0.1763858891288696,631,0.2086640211640211,575,0.1901455026455026,1681,0.5558862433862434,47,0.015542328042328,916,0.3029100529100529,380,0.1256613756613756,45,0.0510783200908059,36085027705,6119,419,0.0684752410524595,6119,536,0.0875960124203301,6119,264,0.0431443046249387,233651,0.233651,12942.379874256903,0.7969509652962926
360850277061,360850277061,Block Group 1; Census Tract 277.06; Richmond County; New York,Staten Island,1567,549,258,0.4699453551912568,539,125,0.2319109461966604,153,0.0976388002552648,191,0.1218889597957881,1219,0.7779195915762603,0,0.0,212,0.1352903637523931,136,0.0867900446713465,92,0.1675774134790528,36085027706,3107,908,0.2922433215320245,3089,193,0.0624797669148591,3089,108,0.0349627711233408,186202,0.186202,8415.591669262414,0.7963021535894428
360850279001,360850279001,Block Group 1; Census Tract 279; Richmond County; New York,Staten Island,1255,444,82,0.1846846846846846,537,108,0.2011173184357542,289,0.2302788844621514,313,0.249402390438247,994,0.7920318725099602,35,0.0278884462151394,106,0.0844621513944223,120,0.095617529880478,24,0.054054054054054,36085027900,1784,113,0.0633408071748879,1784,164,0.0919282511210762,1784,20,0.0112107623318385,3696471,3.696471,339.51301119364933,0.4195802121187511
360850027001,360850027001,Block Group 1; Census Tract 27; Richmond County; New York,Staten Island,1934,196,115,0.5867346938775511,425,193,0.4541176470588235,395,0.2042399172699069,516,0.2668045501551189,407,0.2104446742502585,616,0.3185108583247156,115,0.0594622543950362,753,0.3893485005170631,59,0.3010204081632653,36085002700,2061,1312,0.6365841824357108,2061,273,0.1324599708879185,2061,312,0.1513828238719068,178853,0.178853,10813.349510491857,0.9580185604222148
360850291021,360850291021,Block Group 1; Census Tract 291.02; Richmond County; New York,Staten Island,577,178,34,0.1910112359550561,229,0,0.0,194,0.3362218370883882,87,0.1507798960138648,314,0.5441941074523396,0,0.0,66,0.1143847487001733,197,0.341421143847487,4,0.0224719101123595,36085029102,3355,161,0.0479880774962742,3355,223,0.0664679582712369,3355,265,0.0789865871833084,8094585,8.094585,71.28222138627243,0.7582483372803309
360850291041,360850291041,Block Group 1; Census Tract 291.04; Richmond County; New York,Staten Island,1713,530,21,0.0396226415094339,1027,472,0.4595910418695229,178,0.1039112667834209,244,0.1424401634559252,574,0.3350846468184472,301,0.1757151196730881,278,0.162288382953882,516,0.3012259194395796,34,0.0641509433962264,36085029104,6879,956,0.1389736880360517,6879,825,0.1199302224160488,6879,580,0.0843145806076464,280632,0.280632,6104.079363721885,0.8031894922696252
360850291051,360850291051,Block Group 1; Census Tract 291.05; Richmond County; New York,Staten Island,1079,381,125,0.3280839895013123,441,68,0.1541950113378684,169,0.1566265060240964,351,0.3253012048192771,837,0.7757182576459685,103,0.0954587581093605,44,0.0407784986098239,61,0.0565338276181649,0,0.0,36085029105,4467,309,0.0691739422431161,4467,527,0.11797627042758,4467,89,0.0199238862771434,1113805,1.113805,968.751262563914,0.8099281302761648
360850291061,360850291061,Block Group 1; Census Tract 291.06; Richmond County; New York,Staten Island,1078,363,134,0.3691460055096419,456,73,0.1600877192982456,156,0.1447124304267161,231,0.2142857142857142,889,0.8246753246753247,85,0.0788497217068645,93,0.0862708719851577,11,0.010204081632653,10,0.0275482093663911,36085029106,2845,391,0.1374340949033392,2845,272,0.0956063268892794,2845,111,0.0390158172231985,195141,0.195141,5524.210698930517,0.6128608689568212
360850029001,360850029001,Block Group 1; Census Tract 29; Richmond County; New York,Staten Island,907,271,170,0.6273062730627307,443,107,0.2415349887133182,239,0.2635060639470782,62,0.0683572216097023,74,0.0815876515986769,424,0.4674751929437706,0,0.0,379,0.4178610804851158,0,0.0,36085002900,5429,1803,0.3321053601031497,5495,576,0.1048225659690627,5495,417,0.075887170154686,140312,0.140312,6464.165573863961,0.9471459237745335
360850303011,360850303011,Block Group 1; Census Tract 303.01; Richmond County; New York,Staten Island,3299,1068,400,0.3745318352059925,1737,559,0.3218192285549798,538,0.1630797211276144,829,0.2512882691724765,926,0.2806911185207639,405,0.1227644740830554,1214,0.3679903000909366,712,0.2158229766595938,89,0.0833333333333333,36085030301,5379,284,0.0527979178285926,5379,542,0.1007622234616099,5379,33,0.0061349693251533,342790,0.34279,9623.96802707197,0.5987221396085909
360850303021,360850303021,Block Group 1; Census Tract 303.02; Richmond County; New York,Staten Island,734,251,83,0.3306772908366533,381,105,0.2755905511811024,71,0.0967302452316076,160,0.217983651226158,249,0.3392370572207084,191,0.2602179836512261,201,0.273841961852861,93,0.1267029972752043,56,0.2231075697211155,36085030302,6123,605,0.0988077739670096,6123,500,0.0816593173281071,6123,252,0.041156295933366,179128,0.179128,4097.628511455495,0.777595382436289
360850319011,360850319011,Block Group 1; Census Tract 319.01; Richmond County; New York,Staten Island,2708,873,862,0.9873997709049256,700,589,0.8414285714285714,765,0.2824963072378139,168,0.0620384047267356,99,0.0365583456425406,1024,0.3781388478581979,140,0.051698670605613,1365,0.5040620384047267,81,0.0927835051546391,36085031901,3948,1478,0.3743667679837892,3948,577,0.1461499493414387,3948,95,0.0240628166160081,159746,0.159746,16951.911158964856,0.9229914642394996
360850319021,360850319021,Block Group 1; Census Tract 319.02; Richmond County; New York,Staten Island,751,431,387,0.8979118329466357,100,23,0.23,274,0.3648468708388815,88,0.1171770972037283,100,0.133155792276964,457,0.6085219707057257,0,0.0,162,0.2157123834886817,26,0.0603248259860788,36085031902,4653,953,0.2048140984311197,4653,747,0.1605415860735009,4653,340,0.0730711369009241,131868,0.131868,5695.0890284223615,0.8405568934994015
360850323001,360850323001,Block Group 1; Census Tract 323; Richmond County; New York,Staten Island,1030,437,143,0.3272311212814645,569,341,0.5992970123022847,148,0.1436893203883495,142,0.1378640776699029,107,0.103883495145631,349,0.3388349514563107,79,0.0766990291262136,291,0.2825242718446601,17,0.0389016018306636,36085032300,1030,116,0.1126213592233009,1030,165,0.1601941747572815,1030,69,0.0669902912621359,3867919,3.867919,266.29306353106153,0.7592336159075791
360850033001,360850033001,Block Group 1; Census Tract 33; Richmond County; New York,Staten Island,1491,530,175,0.330188679245283,739,290,0.3924221921515561,321,0.2152917505030181,176,0.1180415828303152,926,0.6210596914822267,207,0.1388329979879275,113,0.0757880617035546,138,0.0925553319919517,16,0.030188679245283,36085003300,3821,503,0.131640931693274,3821,335,0.0876733839309081,3821,87,0.0227689086626537,166291,0.166291,8966.209836972537,0.9776127275078844
360850036001,360850036001,Block Group 1; Census Tract 36; Richmond County; New York,Staten Island,1305,392,202,0.5153061224489796,571,110,0.1926444833625218,372,0.2850574712643678,126,0.096551724137931,254,0.1946360153256705,6,0.0045977011494252,446,0.3417624521072797,373,0.285823754789272,106,0.2704081632653061,36085003600,2608,345,0.1322852760736196,2565,173,0.0674463937621832,2565,249,0.0970760233918128,246746,0.246746,5288.839535392671,0.9657054160591256
360850039001,360850039001,Block Group 1; Census Tract 39; Richmond County; New York,Staten Island,891,418,300,0.7177033492822966,429,103,0.2400932400932401,238,0.2671156004489338,93,0.1043771043771043,418,0.4691358024691358,67,0.0751964085297418,215,0.2413019079685746,184,0.2065095398428731,12,0.0287081339712918,36085003900,2144,221,0.1030783582089552,2215,388,0.1751693002257336,2215,38,0.0171557562076749,151928,0.151928,5864.620083197304,0.6590902531713662
360850003001,360850003001,Block Group 1; Census Tract 3; Richmond County; New York,Staten Island,955,469,469,1.0,497,271,0.545271629778672,165,0.1727748691099476,104,0.1089005235602094,142,0.1486910994764398,171,0.1790575916230366,451,0.4722513089005236,161,0.1685863874345549,104,0.2217484008528784,36085000300,1889,397,0.2101641079936474,1878,139,0.0740149094781682,1878,49,0.0260915867944621,147455,0.147455,6476.552168458174,0.8582565148597777
360850040011,360850040011,Block Group 1; Census Tract 40.01; Richmond County; New York,Staten Island,918,366,251,0.6857923497267759,288,97,0.3368055555555556,192,0.2091503267973856,287,0.312636165577342,97,0.1056644880174292,641,0.6982570806100218,77,0.0838779956427015,90,0.0980392156862745,59,0.1612021857923497,36085004001,2758,148,0.0536620739666424,2758,310,0.1124002900652646,2758,106,0.0384336475707034,141618,0.141618,6482.22683557175,0.9718569376129385
360850040021,360850040021,Block Group 1; Census Tract 40.02; Richmond County; New York,Staten Island,949,267,52,0.1947565543071161,665,152,0.2285714285714285,82,0.0864067439409905,91,0.0958904109589041,159,0.1675447839831401,27,0.0284510010537407,627,0.660695468914647,87,0.0916754478398314,91,0.3408239700374532,36085004002,2411,206,0.0854417254251348,2411,192,0.0796350062214848,2411,60,0.024885939444214,208183,0.208183,4558.489405955337,0.8763310228842477
360850040031,360850040031,Block Group 1; Census Tract 40.03; Richmond County; New York,Staten Island,1274,519,519,1.0,470,237,0.5042553191489362,381,0.2990580847723705,156,0.1224489795918367,0,0.0,1025,0.804552590266876,0,0.0,214,0.1679748822605965,35,0.0674373795761079,36085004003,3517,1433,0.4074495308501564,3517,440,0.1251066249644583,3517,98,0.0278646573784475,42016,0.042016,30321.78217821782,0.9513767030457444
360850040041,360850040041,Block Group 1; Census Tract 40.04; Richmond County; New York,Staten Island,1804,628,427,0.6799363057324841,624,309,0.4951923076923077,308,0.1707317073170731,160,0.0886917960088691,89,0.0493348115299334,392,0.2172949002217294,764,0.4235033259423503,559,0.3098669623059867,143,0.2277070063694267,36085004004,3808,551,0.1446953781512605,3829,279,0.0728649778009924,3829,172,0.0449203447375293,157996,0.157996,11418.010582546394,0.9092654684972864
360850047001,360850047001,Block Group 1; Census Tract 47; Richmond County; New York,Staten Island,2298,677,312,0.4608567208271787,929,199,0.2142088266953713,442,0.1923411662315056,340,0.1479547432550043,903,0.3929503916449086,646,0.2811140121845082,364,0.1583986074847693,362,0.1575282854656222,67,0.0989660265878877,36085004700,2436,183,0.0751231527093596,2941,492,0.1672900374022441,2941,97,0.0329819789187351,754155,0.754155,3047.118960956302,0.9000542204711054
360850050001,360850050001,Block Group 1; Census Tract 50; Richmond County; New York,Staten Island,2952,885,249,0.2813559322033898,1509,464,0.3074884029158383,790,0.2676151761517615,459,0.1554878048780487,1389,0.4705284552845528,156,0.0528455284552845,826,0.279810298102981,564,0.1910569105691057,111,0.1254237288135593,36085005000,4668,497,0.1064695801199657,4668,464,0.0994001713796058,4668,258,0.0552699228791773,290259,0.290259,10170.227279774272,0.9042823387199698
360850059011,360850059011,Block Group 1; Census Tract 59.01; Richmond County; New York,Staten Island,978,436,175,0.4013761467889908,471,34,0.0721868365180467,31,0.0316973415132924,228,0.2331288343558282,642,0.656441717791411,59,0.0603271983640081,0,0.0,262,0.2678936605316973,0,0.0,36085005901,3061,120,0.039202874877491,3062,335,0.1094056172436316,3062,52,0.0169823644676681,192810,0.19281,5072.351019138011,0.9513977206057784
360850064001,360850064001,Block Group 1; Census Tract 64; Richmond County; New York,Staten Island,1091,307,43,0.1400651465798045,543,157,0.289134438305709,83,0.076076993583868,369,0.3382218148487626,932,0.854262144821265,0,0.0,155,0.1420714940421631,4,0.0036663611365719,18,0.0586319218241042,36085006400,3425,678,0.197956204379562,3425,604,0.1763503649635036,3425,74,0.0216058394160583,224096,0.224096,4868.449236041697,0.6805428668920493
360850067001,360850067001,Block Group 1; Census Tract 67; Richmond County; New York,Staten Island,783,279,63,0.2258064516129032,369,118,0.3197831978319783,173,0.2209450830140485,147,0.1877394636015325,483,0.6168582375478927,74,0.0945083014048531,108,0.1379310344827586,118,0.1507024265644955,9,0.032258064516129,36085006700,3052,190,0.0622542595019659,3052,291,0.0953473132372215,3052,182,0.0596330275229357,602312,0.602312,1299.99070249306,0.959390939402653
360850006001,360850006001,Block Group 1; Census Tract 6; Richmond County; New York,Staten Island,1318,482,290,0.6016597510373444,496,84,0.1693548387096774,277,0.2101669195751138,204,0.1547799696509863,501,0.3801213960546282,46,0.0349013657056145,91,0.0690440060698027,481,0.3649468892261001,1,0.0020746887966804,36085000600,2568,461,0.1795171339563863,2568,581,0.2262461059190031,2568,178,0.0693146417445482,376492,0.376492,3500.738395503756,0.9431647699840752
360850070011,360850070011,Block Group 1; Census Tract 70.01; Richmond County; New York,Staten Island,1096,452,160,0.3539823008849557,551,86,0.1560798548094374,208,0.1897810218978102,183,0.166970802919708,569,0.5191605839416058,16,0.0145985401459854,321,0.2928832116788321,93,0.0848540145985401,113,0.25,36085007001,2710,159,0.0586715867158671,2739,375,0.1369112814895947,2739,14,0.0051113545089448,261944,0.261944,4184.100418410042,0.9181810412810965
360850070021,360850070021,Block Group 1; Census Tract 70.02; Richmond County; New York,Staten Island,1775,600,423,0.705,952,266,0.2794117647058823,433,0.2439436619718309,148,0.0833802816901408,1089,0.6135211267605634,0,0.0,389,0.2191549295774648,297,0.1673239436619718,47,0.0783333333333333,36085007002,5636,824,0.1462029808374733,5703,485,0.0850429598456952,5703,230,0.0403296510608451,228973,0.228973,7752.005694994606,0.924748259998334
360850074001,360850074001,Block Group 1; Census Tract 74; Richmond County; New York,Staten Island,2560,883,116,0.131370328425821,1174,523,0.4454855195911414,564,0.2203125,447,0.174609375,1146,0.44765625,93,0.036328125,798,0.31171875,486,0.18984375,119,0.1347678369195923,36085007400,4756,831,0.174726661059714,4854,647,0.1332921302018953,4854,198,0.0407911001236094,219300,0.2193,11673.506611947105,0.924506269631975
360850075001,360850075001,Block Group 1; Census Tract 75; Richmond County; New York,Staten Island,168,125,76,0.608,95,19,0.2,20,0.119047619047619,25,0.1488095238095238,44,0.2619047619047619,29,0.1726190476190476,0,0.0,71,0.4226190476190476,28,0.224,36085007500,2718,261,0.0960264900662251,2729,243,0.0890436057163796,2729,131,0.0480029314767314,130350,0.13035,1288.8377445339472,0.9402235657863272
360850077001,360850077001,Block Group 1; Census Tract 77; Richmond County; New York,Staten Island,1793,523,322,0.615678776290631,779,167,0.214377406931964,469,0.2615727830451756,207,0.1154489682097044,107,0.0596765197992191,915,0.5103179029559398,126,0.0702732849972113,640,0.3569436698271054,30,0.0573613766730401,36085007700,1784,570,0.3195067264573991,1793,97,0.0540992749581706,1793,68,0.0379252649191299,248536,0.248536,7214.246628255061,0.9352600845365896
360850007001,360850007001,Block Group 1; Census Tract 7; Richmond County; New York,Staten Island,1652,485,485,1.0,494,314,0.6356275303643725,545,0.3299031476997578,283,0.1713075060532687,15,0.0090799031476997,483,0.2923728813559322,123,0.074455205811138,816,0.4939467312348668,66,0.1360824742268041,36085000700,5482,2191,0.3996716526815031,5482,831,0.1515870120394016,5482,49,0.0089383436701933,104190,0.10419,15855.64833477301,0.8295158573729198
360850081001,360850081001,Block Group 1; Census Tract 81; Richmond County; New York,Staten Island,1855,865,588,0.6797687861271676,667,336,0.5037481259370314,223,0.1202156334231805,583,0.3142857142857143,528,0.2846361185983827,278,0.1498652291105121,183,0.0986522911051212,827,0.445822102425876,118,0.1364161849710982,36085008100,4427,591,0.1334989835102778,4427,757,0.1709961599277162,4427,131,0.0295911452450869,315063,0.315063,5887.711346619565,0.9304032115364634
360850008001,360850008001,Block Group 1; Census Tract 8; Richmond County; New York,Staten Island,1867,730,246,0.336986301369863,695,188,0.2705035971223021,431,0.2308516336368505,148,0.079271558650241,755,0.404392072844135,290,0.1553294054633101,631,0.3379753615425817,191,0.1023031601499732,74,0.1013698630136986,36085000800,5178,632,0.1220548474314407,5178,635,0.1226342217072228,5178,203,0.0392043259945925,336169,0.336169,5553.754212910768,0.9785113439509042
360850096011,360850096011,Block Group 1; Census Tract 96.01; Richmond County; New York,Staten Island,2095,807,405,0.5018587360594795,915,400,0.4371584699453552,474,0.2262529832935561,395,0.18854415274463,1715,0.8186157517899761,9,0.0042959427207637,163,0.0778042959427207,190,0.0906921241050119,70,0.0867410161090458,36085009601,4105,145,0.0353227771010962,4105,466,0.1135200974421437,4105,171,0.0416565164433617,437455,0.437455,4789.064018013281,0.924961138725342
360850096021,360850096021,Block Group 1; Census Tract 96.02; Richmond County; New York,Staten Island,1190,387,119,0.3074935400516795,705,246,0.3489361702127659,253,0.2126050420168067,196,0.1647058823529411,477,0.4008403361344538,10,0.0084033613445378,530,0.4453781512605042,78,0.0655462184873949,98,0.2532299741602067,36085009602,3792,170,0.0448312236286919,3800,432,0.1136842105263157,3800,134,0.0352631578947368,214819,0.214819,5539.547246751917,0.9301046458159086
360850097011,360850097011,Block Group 1; Census Tract 97.01; Richmond County; New York,Staten Island,1665,609,404,0.6633825944170771,623,221,0.3547351524879615,528,0.3171171171171171,331,0.1987987987987988,400,0.2402402402402402,768,0.4612612612612612,52,0.0312312312312312,368,0.221021021021021,147,0.2413793103448276,36085009701,4523,384,0.0848994030510723,4523,300,0.0663276586336502,4523,294,0.0650011054609772,303405,0.303405,5487.714441093588,0.9451198161130028
360850097021,360850097021,Block Group 1; Census Tract 97.02; Richmond County; New York,Staten Island,40,21,4,0.1904761904761904,21,0,0.0,0,0.0,17,0.425,40,1.0,0,0.0,0,0.0,0,0.0,0,0.0,36085009702,40,0,0.0,40,0,0.0,40,0,0.0,367493,0.367493,108.84561066469291,0.9328532522964836
360850009001,360850009001,Block Group 1; Census Tract 9; Richmond County; New York,Staten Island,1041,513,376,0.732943469785575,548,230,0.4197080291970803,162,0.1556195965417867,144,0.138328530259366,440,0.4226705091258405,319,0.3064361191162343,53,0.0509125840537944,221,0.212295869356388,0,0.0,36085000900,2209,450,0.2037120869171571,2209,283,0.1281122679945676,2209,213,0.0964237211407876,134712,0.134712,7727.59665063246,0.9308376363280488
360850105002,360850105002,Block Group 2; Census Tract 105; Richmond County; New York,Staten Island,937,296,113,0.3817567567567567,448,105,0.234375,348,0.3713980789754535,81,0.0864461045891142,556,0.5933831376734259,182,0.1942369263607257,8,0.0085378868729989,191,0.2038420490928495,0,0.0,36085010500,5635,983,0.1744454303460514,5635,555,0.0984915705412599,5635,406,0.0720496894409937,151034,0.151034,6203.901108359707,0.9574188417900372
360850112012,360850112012,Block Group 2; Census Tract 112.01; Richmond County; New York,Staten Island,1749,664,354,0.5331325301204819,947,275,0.29039070749736,331,0.1892510005717552,397,0.226986849628359,1065,0.6089193825042881,0,0.0,319,0.1823899371069182,339,0.1938250428816466,78,0.1174698795180722,36085011201,5411,191,0.0352984660875993,5411,597,0.1103308076141193,5411,514,0.0949916836074662,382825,0.382825,4568.667145562594,0.8761733115517788
360850112032,360850112032,Block Group 2; Census Tract 112.03; Richmond County; New York,Staten Island,2346,694,167,0.2406340057636887,587,181,0.3083475298126065,541,0.2306052855924978,353,0.1504688832054561,981,0.418158567774936,0,0.0,1253,0.5341005967604433,112,0.0477408354646206,192,0.276657060518732,36085011203,6982,1164,0.1667144084789458,7029,715,0.1017214397496087,7029,614,0.0873523972115521,269733,0.269733,8697.489739853856,0.9145272596480656
360850114012,360850114012,Block Group 2; Census Tract 114.01; Richmond County; New York,Staten Island,2103,907,703,0.7750826901874311,822,355,0.4318734793187348,528,0.2510699001426533,306,0.1455064194008559,636,0.3024251069900143,480,0.2282453637660485,373,0.1773656680932002,614,0.291963861150737,139,0.1532524807056229,36085011401,2906,444,0.1527873365450791,2918,641,0.2196710075394105,2918,10,0.0034270047978067,366820,0.36682,5733.0570852189085,0.6318976451769669
360850114022,360850114022,Block Group 2; Census Tract 114.02; Richmond County; New York,Staten Island,1217,458,281,0.6135371179039302,779,351,0.4505776636713735,218,0.1791290057518488,146,0.1199671322925226,686,0.5636811832374692,1,0.000821692686935,270,0.2218570254724733,128,0.105176663927691,29,0.0633187772925764,36085011402,3192,45,0.0140977443609022,3192,559,0.175125313283208,3192,31,0.0097117794486215,146691,0.146691,8296.350832702758,0.9055746941888152
360850011002,360850011002,Block Group 2; Census Tract 11; Richmond County; New York,Staten Island,2329,531,290,0.5461393596986818,765,393,0.5137254901960784,769,0.3301846285959639,117,0.0502361528553027,106,0.0455130957492486,244,0.1047659939888364,231,0.0991841992271361,1504,0.6457707170459425,41,0.0772128060263653,36085001100,4852,1655,0.3410964550700742,4852,635,0.130873866446826,4852,315,0.0649216817807089,114588,0.114588,20324.990400390965,0.9280576368134588
360850121002,360850121002,Block Group 2; Census Tract 121; Richmond County; New York,Staten Island,918,280,23,0.0821428571428571,225,0,0.0,313,0.340958605664488,137,0.1492374727668845,719,0.7832244008714597,12,0.0130718954248366,33,0.0359477124183006,123,0.1339869281045751,5,0.0178571428571428,36085012100,3134,36,0.0114869176770899,3134,315,0.1005105296745373,3134,0,0.0,271703,0.271703,3378.6892305200904,0.6912320568011097
360850122002,360850122002,Block Group 2; Census Tract 122; Richmond County; New York,Staten Island,914,339,61,0.1799410029498525,304,49,0.1611842105263158,154,0.1684901531728665,251,0.274617067833698,637,0.6969365426695843,7,0.0076586433260393,82,0.0897155361050328,164,0.1794310722100656,12,0.0353982300884955,36085012200,4783,378,0.0790298975538365,4783,290,0.0606314028852184,4783,254,0.0531047459753292,244289,0.244289,3741.470143968824,0.5431433613750699
360850125002,360850125002,Block Group 2; Census Tract 125; Richmond County; New York,Staten Island,816,318,132,0.4150943396226415,408,93,0.2279411764705882,263,0.3223039215686274,110,0.1348039215686274,175,0.2144607843137254,348,0.4264705882352941,13,0.0159313725490196,229,0.2806372549019608,0,0.0,36085012500,3229,174,0.0538866522143078,3218,429,0.1333126165320074,3218,157,0.0487880671224362,122591,0.122591,6656.279824783222,0.9557237908132232
360850128042,360850128042,Block Group 2; Census Tract 128.04; Richmond County; New York,Staten Island,2703,766,250,0.3263707571801567,1256,439,0.3495222929936306,505,0.1868294487606363,357,0.1320754716981132,1530,0.5660377358490566,5,0.0018497965223825,698,0.2582315945246023,253,0.0935997040325564,107,0.139686684073107,36085012804,4806,209,0.0434873075322513,4820,486,0.1008298755186722,4820,210,0.0435684647302904,274103,0.274103,9861.25653495219,0.8364965729811559
360850128052,360850128052,Block Group 2; Census Tract 128.05; Richmond County; New York,Staten Island,114,51,0,0.0,37,9,0.2432432432432432,20,0.175438596491228,5,0.043859649122807,51,0.4473684210526316,31,0.2719298245614035,0,0.0,32,0.2807017543859649,0,0.0,36085012805,2384,96,0.0402684563758389,2384,347,0.1455536912751678,2384,101,0.0423657718120805,175796,0.175796,648.4789187467292,0.8458567242009098
360850128062,360850128062,Block Group 2; Census Tract 128.06; Richmond County; New York,Staten Island,988,417,276,0.6618705035971223,543,118,0.2173112338858195,171,0.173076923076923,198,0.2004048582995951,594,0.6012145748987854,34,0.034412955465587,49,0.0495951417004048,311,0.3147773279352227,55,0.13189448441247,36085012806,6036,763,0.1264082173624917,6075,911,0.1499588477366255,6075,148,0.0243621399176954,139975,0.139975,7058.403286301126,0.8707621245854844
360850132012,360850132012,Block Group 2; Census Tract 132.01; Richmond County; New York,Staten Island,690,216,25,0.1157407407407407,290,69,0.2379310344827586,154,0.2231884057971014,199,0.2884057971014492,564,0.8173913043478261,39,0.0565217391304347,20,0.0289855072463768,43,0.0623188405797101,0,0.0,36085013201,1657,351,0.2118286059143029,1652,93,0.0562953995157384,1652,20,0.0121065375302663,243833,0.243833,2829.8056456673216,0.5374082971005506
360850132032,360850132032,Block Group 2; Census Tract 132.03; Richmond County; New York,Staten Island,3685,998,140,0.1402805611222445,1774,336,0.1894024802705749,527,0.143012211668928,504,0.1367706919945726,2770,0.751696065128901,11,0.0029850746268656,368,0.0998643147896879,536,0.1454545454545454,65,0.065130260521042,36085013203,7305,268,0.0366872005475701,7305,1108,0.1516769336071184,7305,355,0.0485968514715948,383021,0.383021,9620.882405925524,0.9431893609701903
360850132042,360850132042,Block Group 2; Census Tract 132.04; Richmond County; New York,Staten Island,2053,689,196,0.2844702467343977,912,318,0.3486842105263157,458,0.2230881636629323,372,0.1811982464685825,1393,0.6785192401363858,0,0.0,314,0.1529469069654164,275,0.1339503166098392,96,0.13933236574746,36085013204,4921,560,0.1137980085348506,4948,583,0.1178253839935327,4948,195,0.0394098625707356,376411,0.376411,5454.144538815284,0.931155068775198
360850133022,360850133022,Block Group 2; Census Tract 133.02; Richmond County; New York,Staten Island,1015,302,169,0.5596026490066225,324,194,0.5987654320987654,468,0.4610837438423645,59,0.0581280788177339,50,0.0492610837438423,232,0.2285714285714285,44,0.0433497536945812,667,0.6571428571428571,66,0.2185430463576159,36085013302,3216,1016,0.3159203980099502,3216,229,0.0712064676616915,3216,464,0.1442786069651741,409003,0.409003,2481.6443889164625,0.937476118409566
360850134002,360850134002,Block Group 2; Census Tract 134; Richmond County; New York,Staten Island,1157,480,195,0.40625,596,109,0.1828859060402684,144,0.1244598098530682,341,0.2947277441659464,676,0.5842696629213483,8,0.006914433880726,200,0.1728608470181503,100,0.0864304235090751,94,0.1958333333333333,36085013400,3854,644,0.1670991177996886,3868,455,0.1176318510858324,3868,142,0.0367114788004136,285393,0.285393,4054.058789108352,0.9123123316147908
360850138002,360850138002,Block Group 2; Census Tract 138; Richmond County; New York,Staten Island,1869,655,87,0.132824427480916,762,142,0.1863517060367454,549,0.2937399678972712,514,0.2750133761369716,1671,0.8940609951845907,0,0.0,48,0.0256821829855537,39,0.0208667736757624,0,0.0,36085013800,6090,142,0.0233169129720853,6090,567,0.093103448275862,6090,351,0.0576354679802955,478666,0.478666,3904.6015384422544,0.4782206365992788
360850141002,360850141002,Block Group 2; Census Tract 141; Richmond County; New York,Staten Island,928,397,168,0.4231738035264483,399,75,0.18796992481203,226,0.2435344827586207,157,0.1691810344827586,317,0.3415948275862069,247,0.2661637931034483,107,0.115301724137931,228,0.2456896551724137,5,0.0125944584382871,36085014100,2554,355,0.138997650743931,2554,204,0.0798747063429913,2554,65,0.0254502740798747,148293,0.148293,6257.881356503678,0.9217094128124418
360850146042,360850146042,Block Group 2; Census Tract 146.04; Richmond County; New York,Staten Island,2187,669,275,0.4110612855007474,1179,249,0.2111959287531806,686,0.3136716963877458,198,0.0905349794238683,1585,0.7247370827617741,0,0.0,249,0.1138545953360768,319,0.14586191129401,17,0.0254110612855007,36085014604,7039,308,0.0437562153715016,7039,446,0.0633612729080835,7039,284,0.0403466401477482,300083,0.300083,7287.98365785466,0.8392979529305592
360850146052,360850146052,Block Group 2; Census Tract 146.05; Richmond County; New York,Staten Island,2077,711,179,0.2517580872011252,1188,256,0.2154882154882154,381,0.1834376504573904,287,0.1381800674049109,1789,0.8613384689455946,0,0.0,1,0.0004814636494944,167,0.0804044294655753,8,0.0112517580872011,36085014605,3713,100,0.0269323996768112,3724,404,0.108485499462943,3724,199,0.0534371643394199,414516,0.414516,5010.663038338689,0.8633693019108936
360850146062,360850146062,Block Group 2; Census Tract 146.06; Richmond County; New York,Staten Island,2423,1010,222,0.2198019801980198,937,176,0.1878335112059765,364,0.1502269913330582,639,0.2637226578621544,1776,0.7329756500206356,0,0.0,109,0.0449855550969872,344,0.141972761040033,59,0.0584158415841584,36085014606,6450,432,0.0669767441860465,6450,715,0.1108527131782945,6450,144,0.0223255813953488,368008,0.368008,6584.0959979130885,0.8609168172675133
360850146072,360850146072,Block Group 2; Census Tract 146.07; Richmond County; New York,Staten Island,1832,687,128,0.1863173216885007,867,140,0.1614763552479815,373,0.2036026200873362,274,0.1495633187772925,1272,0.6943231441048034,4,0.0021834061135371,140,0.0764192139737991,391,0.2134279475982533,22,0.032023289665211,36085014607,4738,388,0.0818910932883073,4754,434,0.0912915439629785,4754,55,0.0115692048801009,282134,0.282134,6493.368399413045,0.5876426451177705
360850146082,360850146082,Block Group 2; Census Tract 146.08; Richmond County; New York,Staten Island,1924,705,116,0.1645390070921985,1016,95,0.093503937007874,269,0.1398128898128898,476,0.2474012474012474,1699,0.8830561330561331,24,0.0124740124740124,63,0.0327442827442827,138,0.0717255717255717,68,0.0964539007092198,36085014608,3592,168,0.0467706013363029,3592,300,0.0835189309576837,3592,52,0.0144766146993318,240268,0.240268,8007.724707410059,0.8341783079280927
360850147002,360850147002,Block Group 2; Census Tract 147; Richmond County; New York,Staten Island,1435,720,350,0.4861111111111111,735,217,0.2952380952380952,109,0.0759581881533101,574,0.4,1168,0.8139372822299652,20,0.0139372822299651,41,0.0285714285714285,148,0.1031358885017421,77,0.1069444444444444,36085014700,3367,182,0.054054054054054,3367,377,0.1119691119691119,3367,95,0.0282150282150282,1143314,1.143314,1255.1232644750262,0.6150602771254853
360850151002,360850151002,Block Group 2; Census Tract 151; Richmond County; New York,Staten Island,308,114,22,0.1929824561403508,157,18,0.1146496815286624,31,0.1006493506493506,68,0.2207792207792207,265,0.8603896103896104,1,0.0032467532467532,41,0.1331168831168831,1,0.0032467532467532,22,0.1929824561403508,36085015100,5048,289,0.0572503961965134,5070,572,0.1128205128205128,5070,49,0.0096646942800788,131046,0.131046,2350.319735054866,0.8961080924512026
360850156012,360850156012,Block Group 2; Census Tract 156.01; Richmond County; New York,Staten Island,1329,378,11,0.0291005291005291,584,277,0.4743150684931507,508,0.382242287434161,106,0.0797592174567344,1137,0.8555304740406321,0,0.0,0,0.0,192,0.1444695259593679,0,0.0,36085015601,6214,467,0.0751528805922111,6214,508,0.0817508850981654,6214,137,0.0220469906662375,197936,0.197936,6714.291488157788,0.8105319410594904
360850156022,360850156022,Block Group 2; Census Tract 156.02; Richmond County; New York,Staten Island,1052,375,83,0.2213333333333333,439,46,0.1047835990888382,215,0.2043726235741444,172,0.1634980988593156,852,0.8098859315589354,5,0.0047528517110266,29,0.0275665399239543,148,0.1406844106463878,11,0.0293333333333333,36085015602,3650,381,0.1043835616438356,3650,278,0.0761643835616438,3650,99,0.0271232876712328,258375,0.258375,4071.601354620222,0.9407086858376654
360850156032,360850156032,Block Group 2; Census Tract 156.03; Richmond County; New York,Staten Island,2689,828,139,0.1678743961352657,1368,310,0.2266081871345029,658,0.2447006322052807,324,0.1204908888062476,2130,0.7921160282632949,0,0.0,205,0.0762365191521011,234,0.0870211974711788,0,0.0,36085015603,5417,671,0.1238693003507476,5417,437,0.0806719586486985,5417,146,0.0269521875576887,307447,0.307447,8746.222926227934,0.9286038524043004
360850169012,360850169012,Block Group 2; Census Tract 169.01; Richmond County; New York,Staten Island,2151,602,271,0.4501661129568106,1070,96,0.0897196261682242,613,0.2849837284983728,250,0.1162250116225011,995,0.4625755462575546,14,0.00650860065086,256,0.1190144119014411,790,0.3672710367271036,105,0.1744186046511628,36085016901,3552,31,0.0087274774774774,3586,226,0.0630228667038483,3586,171,0.0476854433909648,323817,0.323817,6642.64075079443,0.8727825040843374
360850170052,360850170052,Block Group 2; Census Tract 170.05; Richmond County; New York,Staten Island,2045,868,345,0.3974654377880184,1055,250,0.2369668246445497,473,0.2312958435207824,351,0.1716381418092909,1743,0.8523227383863081,0,0.0,205,0.1002444987775061,97,0.0474327628361858,71,0.0817972350230414,36085017005,4526,132,0.0291648254529385,4526,321,0.0709235528060097,4526,34,0.0075121520106053,425378,0.425378,4807.488868723818,0.8594517846291247
360850170072,360850170072,Block Group 2; Census Tract 170.07; Richmond County; New York,Staten Island,1845,605,98,0.1619834710743801,768,173,0.2252604166666666,429,0.232520325203252,207,0.1121951219512195,1097,0.5945799457994579,0,0.0,419,0.22710027100271,275,0.1490514905149051,86,0.1421487603305785,36085017007,6346,690,0.1087299086038449,6340,625,0.0985804416403785,6340,168,0.0264984227129337,146687,0.146687,12577.801713853303,0.503382820580369
360850170092,360850170092,Block Group 2; Census Tract 170.09; Richmond County; New York,Staten Island,2430,650,154,0.2369230769230769,879,249,0.2832764505119454,833,0.342798353909465,266,0.1094650205761317,1732,0.7127572016460906,11,0.0045267489711934,355,0.1460905349794238,232,0.0954732510288065,40,0.0615384615384615,36085017009,4870,144,0.0295687885010266,4880,398,0.0815573770491803,4880,140,0.0286885245901639,386221,0.386221,6291.734525051719,0.8525857337390742
360850170112,360850170112,Block Group 2; Census Tract 170.11; Richmond County; New York,Staten Island,2724,793,127,0.1601513240857503,1218,147,0.1206896551724138,765,0.2808370044052863,224,0.0822320117474302,1714,0.6292217327459618,11,0.0040381791483113,574,0.21071953010279,301,0.1104992657856094,124,0.1563682219419924,36085017011,4731,625,0.1321073768759247,4745,683,0.143940990516333,4745,28,0.0059009483667017,354458,0.354458,7684.972549639168,0.8602259187303009
360850170122,360850170122,Block Group 2; Census Tract 170.12; Richmond County; New York,Staten Island,1903,585,85,0.1452991452991453,896,186,0.2075892857142857,525,0.2758801891749868,325,0.1707829742511823,1254,0.6589595375722543,0,0.0,161,0.0846032580136626,424,0.2228060956384655,4,0.0068376068376068,36085017012,5363,392,0.0730934178631363,5363,531,0.0990117471564422,5363,7,0.0013052396046988,300179,0.300179,6339.550734728279,0.5902304142977174
360850170132,360850170132,Block Group 2; Census Tract 170.13; Richmond County; New York,Staten Island,1946,594,61,0.1026936026936027,888,191,0.21509009009009,477,0.2451181911613566,285,0.1464542651593011,707,0.3633093525179856,215,0.1104830421377184,686,0.3525179856115107,273,0.1402877697841726,61,0.1026936026936027,36085017013,4617,127,0.0275070392029456,4617,262,0.0567468052848169,4617,93,0.0201429499675113,283823,0.283823,6856.385846108315,0.7097958018910837
360850170142,360850170142,Block Group 2; Census Tract 170.14; Richmond County; New York,Staten Island,1544,703,194,0.2759601706970128,815,145,0.1779141104294478,250,0.1619170984455958,333,0.2156735751295336,1143,0.7402849740932642,9,0.0058290155440414,181,0.1172279792746114,211,0.1366580310880829,16,0.0227596017069701,36085017014,4141,203,0.0490219753682685,4141,449,0.1084279159623279,4141,181,0.0437092489736778,305023,0.305023,5061.913363910263,0.7047154531474384
360850170162,360850170162,Block Group 2; Census Tract 170.16; Richmond County; New York,Staten Island,1927,601,107,0.1780366056572379,868,97,0.1117511520737327,284,0.1473793461338868,296,0.1536066424494032,1434,0.7441619097042034,0,0.0,229,0.1188375713544369,245,0.1271406331084587,0,0.0,36085017016,4459,113,0.0253420049338416,4449,604,0.1357608451337379,4449,119,0.0267475837266801,297115,0.297115,6485.704188613836,0.561866836620833
360850173002,360850173002,Block Group 2; Census Tract 173; Richmond County; New York,Staten Island,915,491,491,1.0,241,101,0.4190871369294606,122,0.1333333333333333,241,0.2633879781420765,219,0.2393442622950819,233,0.2546448087431694,6,0.0065573770491803,407,0.4448087431693989,106,0.2158859470468432,36085017300,2786,324,0.1162957645369705,2791,474,0.1698316015764958,2791,226,0.0809745610892153,66400,0.0664,13780.12048192771,0.3619152855075344
360850176002,360850176002,Block Group 2; Census Tract 176; Richmond County; New York,Staten Island,817,273,0,0.0,379,75,0.1978891820580474,248,0.3035495716034271,231,0.2827417380660955,595,0.7282741738066095,172,0.2105263157894736,50,0.0611995104039167,0,0.0,10,0.0366300366300366,36085017600,5169,71,0.0137357322499516,5169,448,0.0866705358870187,5169,105,0.02031340684852,247809,0.247809,3296.89397883047,0.9549650198837548
360850177012,360850177012,Block Group 2; Census Tract 177.01; Richmond County; New York,Staten Island,1428,459,81,0.1764705882352941,391,168,0.4296675191815857,352,0.2464985994397759,235,0.1645658263305322,971,0.6799719887955182,3,0.0021008403361344,358,0.2507002801120448,9,0.0063025210084033,30,0.065359477124183,36085017701,4246,378,0.089024964672633,4246,842,0.1983042863871879,4246,3,0.0007065473386716,972112,0.972112,1468.966538835031,0.7962626875376537
360850177022,360850177022,Block Group 2; Census Tract 177.02; Richmond County; New York,Staten Island,1169,487,127,0.2607802874743326,675,104,0.154074074074074,97,0.0829769033361847,339,0.2899914456800684,1116,0.9546621043627032,1,0.0008554319931565,37,0.0316509837467921,14,0.0119760479041916,7,0.0143737166324435,36085017702,2117,289,0.1365139348134152,2117,331,0.1563533301842229,2117,10,0.004723665564478,274954,0.274954,4251.620271027154,0.9120828504980822
360850017002,360850017002,Block Group 2; Census Tract 17; Richmond County; New York,Staten Island,1045,377,188,0.4986737400530504,437,143,0.3272311212814645,180,0.1722488038277512,116,0.1110047846889952,522,0.4995215311004785,255,0.2440191387559808,147,0.1406698564593301,102,0.0976076555023923,45,0.1193633952254641,36085001700,1606,149,0.0927770859277708,1606,217,0.135118306351183,1606,95,0.0591531755915317,100484,0.100484,10399.66561840691,0.6175486140413605
360850181002,360850181002,Block Group 2; Census Tract 181; Richmond County; New York,Staten Island,1947,716,72,0.1005586592178771,820,49,0.0597560975609756,378,0.1941448382126348,460,0.2362609142270159,1445,0.7421674370826913,30,0.0154083204930662,110,0.0564971751412429,328,0.1684643040575243,10,0.0139664804469273,36085018100,3312,613,0.1850845410628019,3312,558,0.1684782608695652,3312,257,0.0775966183574879,2125944,2.125944,915.8284507964462,0.5191293475552695
360850187012,360850187012,Block Group 2; Census Tract 187.01; Richmond County; New York,Staten Island,824,324,42,0.1296296296296296,391,75,0.1918158567774936,140,0.1699029126213592,103,0.125,531,0.6444174757281553,5,0.0060679611650485,172,0.2087378640776699,77,0.0934466019417475,28,0.0864197530864197,36085018701,1859,177,0.0952124798278644,1915,174,0.0908616187989556,1915,65,0.0339425587467362,222438,0.222438,3704.403024663052,0.3986360783932473
360850187032,360850187032,Block Group 2; Census Tract 187.03; Richmond County; New York,Staten Island,1591,408,123,0.3014705882352941,722,42,0.0581717451523545,502,0.3155248271527341,282,0.1772470144563167,929,0.5839094908862351,93,0.0584538026398491,258,0.1621621621621621,311,0.1954745443117536,12,0.0294117647058823,36085018703,3663,370,0.101010101010101,3663,323,0.0881790881790881,3663,48,0.0131040131040131,243098,0.243098,6544.685682317419,0.6092122917730969
360850187042,360850187042,Block Group 2; Census Tract 187.04; Richmond County; New York,Staten Island,2074,561,42,0.0748663101604278,1182,85,0.071912013536379,586,0.2825458052073288,251,0.1210221793635487,1210,0.583413693346191,17,0.0081967213114754,794,0.3828351012536162,11,0.0053037608486017,33,0.0588235294117647,36085018704,4309,91,0.0211185889997679,4309,304,0.0705500116036203,4309,30,0.0069621721977256,226206,0.226206,9168.633900073384,0.5467078869590825
360850189012,360850189012,Block Group 2; Census Tract 189.01; Richmond County; New York,Staten Island,856,378,154,0.4074074074074074,431,71,0.1647331786542923,202,0.2359813084112149,138,0.161214953271028,470,0.5490654205607477,0,0.0,131,0.1530373831775701,96,0.1121495327102803,32,0.0846560846560846,36085018901,5794,724,0.1249568519157749,5814,619,0.1064671482628139,5814,494,0.0849673202614379,332075,0.332075,2577.7309342768954,0.6206815088649449
360850189022,360850189022,Block Group 2; Census Tract 189.02; Richmond County; New York,Staten Island,2482,715,141,0.1972027972027972,857,140,0.1633605600933489,574,0.2312651087832393,395,0.1591458501208702,2154,0.8678485092667204,26,0.0104754230459307,207,0.0834004834810636,61,0.0245769540692989,56,0.0783216783216783,36085018902,5643,1004,0.1779195463405989,5643,555,0.0983519404572036,5643,69,0.012227538543328,289785,0.289785,8564.97058163811,0.6222711589416321
360850197002,360850197002,Block Group 2; Census Tract 197; Richmond County; New York,Staten Island,686,258,67,0.2596899224806202,270,55,0.2037037037037037,185,0.2696793002915452,196,0.2857142857142857,509,0.7419825072886297,16,0.0233236151603498,126,0.1836734693877551,29,0.0422740524781341,11,0.0426356589147286,36085019700,1975,28,0.0141772151898734,1975,171,0.0865822784810126,1975,76,0.0384810126582278,157617,0.157617,4352.322401771382,0.8396766560167923
360850198002,360850198002,Block Group 2; Census Tract 198; Richmond County; New York,Staten Island,862,317,113,0.3564668769716088,371,47,0.1266846361185983,232,0.2691415313225058,173,0.2006960556844547,657,0.7621809744779582,0,0.0,176,0.2041763341067285,12,0.0139211136890951,0,0.0,36085019800,7341,683,0.0930390954910775,7341,758,0.1032556872360713,7341,100,0.0136221223266584,426029,0.426029,2023.3364395381536,0.9129200761121884
360850020012,360850020012,Block Group 2; Census Tract 20.01; Richmond County; New York,Staten Island,1305,640,168,0.2625,593,81,0.1365935919055649,133,0.1019157088122605,366,0.2804597701149425,954,0.7310344827586207,0,0.0,152,0.1164750957854406,91,0.0697318007662835,34,0.053125,36085002001,2904,108,0.0371900826446281,2904,372,0.128099173553719,2904,120,0.0413223140495867,332537,0.332537,3924.375332669748,0.9148607269867384
360850020022,360850020022,Block Group 2; Census Tract 20.02; Richmond County; New York,Staten Island,1338,625,327,0.5232,629,263,0.4181240063593004,205,0.1532137518684604,222,0.1659192825112107,1023,0.7645739910313901,77,0.0575485799701046,122,0.0911808669656203,82,0.0612855007473841,12,0.0192,36085002002,2710,85,0.0313653136531365,2710,245,0.0904059040590405,2710,160,0.059040590405904,234012,0.234012,5717.655504845905,0.8396803679106252
360850201002,360850201002,Block Group 2; Census Tract 201; Richmond County; New York,Staten Island,597,264,104,0.3939393939393939,161,25,0.15527950310559,74,0.1239530988274706,131,0.219430485762144,381,0.6381909547738693,3,0.0050251256281407,32,0.0536013400335008,168,0.2814070351758794,2,0.0075757575757575,36085020100,3356,352,0.1048867699642431,3356,264,0.0786650774731823,3356,78,0.0232419547079856,173849,0.173849,3434.014575867563,0.899363506349549
360850207012,360850207012,Block Group 2; Census Tract 207.01; Richmond County; New York,Staten Island,773,153,86,0.5620915032679739,259,205,0.7915057915057915,223,0.2884864165588616,18,0.0232858990944372,25,0.0323415265200517,434,0.5614489003880984,0,0.0,255,0.3298835705045278,0,0.0,36085020701,3364,674,0.2003567181926278,3364,449,0.1334720570749108,3364,126,0.0374554102259215,72499,0.072499,10662.21603056594,0.969762031089293
360850207022,360850207022,Block Group 2; Census Tract 207.02; Richmond County; New York,Staten Island,1368,464,178,0.3836206896551724,653,179,0.2741194486983154,325,0.2375730994152046,172,0.1257309941520467,0,0.0,668,0.4883040935672514,179,0.1308479532163742,479,0.3501461988304093,44,0.0948275862068965,36085020702,2916,889,0.3048696844993141,2928,349,0.1191939890710382,2928,331,0.1130464480874317,119921,0.119921,11407.509944046496,0.9125490865560352
360850208032,360850208032,Block Group 2; Census Tract 208.03; Richmond County; New York,Staten Island,2353,652,164,0.2515337423312883,1008,0,0.0,842,0.3578410539736507,338,0.143646408839779,2142,0.9103272418189544,35,0.0148746281342966,117,0.0497237569060773,13,0.005524861878453,0,0.0,36085020803,7532,571,0.0758098778544875,7627,776,0.1017438049036318,7627,185,0.0242559328700668,682662,0.682662,3446.8009058655675,0.8354636619212604
360850208042,360850208042,Block Group 2; Census Tract 208.04; Richmond County; New York,Staten Island,1677,662,187,0.2824773413897281,436,35,0.0802752293577981,333,0.1985688729874776,369,0.220035778175313,1096,0.6535480023852117,0,0.0,0,0.0,392,0.2337507453786523,30,0.0453172205438066,36085020804,5124,246,0.0480093676814988,5124,658,0.1284153005464481,5124,55,0.0107338017174082,476128,0.476128,3522.162107668526,0.8698977930745684
360850208052,360850208052,Block Group 2; Census Tract 208.05; Richmond County; New York,Staten Island,3149,1291,228,0.1766072811773818,1572,70,0.044529262086514,771,0.2448396316290886,648,0.2057796125754207,2507,0.7961257542076849,0,0.0,250,0.0793902826294061,124,0.0393775801841854,77,0.0596436870642912,36085020805,6559,302,0.0460436042079585,6559,759,0.1157188595822533,6559,181,0.0275956700716572,285550,0.28555,11027.841008579931,0.7017048498785914
360850208062,360850208062,Block Group 2; Census Tract 208.06; Richmond County; New York,Staten Island,965,321,24,0.0747663551401869,434,24,0.0552995391705069,224,0.2321243523316062,74,0.0766839378238342,673,0.6974093264248704,0,0.0,292,0.3025906735751295,0,0.0,11,0.0342679127725856,36085020806,2533,275,0.1085669166995657,2533,279,0.1101460718515594,2533,31,0.012238452427951,1172847,1.172847,822.7842165261113,0.0707621228812106
360850213002,360850213002,Block Group 2; Census Tract 213; Richmond County; New York,Staten Island,900,221,129,0.583710407239819,465,112,0.2408602150537634,30,0.0333333333333333,145,0.1611111111111111,39,0.0433333333333333,268,0.2977777777777777,82,0.0911111111111111,422,0.4688888888888889,29,0.1312217194570135,36085021300,5669,818,0.1442935261950961,5669,739,0.130358087846181,5669,485,0.085553007585112,106353,0.106353,8462.384700008462,0.9028079698601966
360850021002,360850021002,Block Group 2; Census Tract 21; Richmond County; New York,Staten Island,2510,1043,1014,0.972195589645254,1605,598,0.3725856697819314,499,0.198804780876494,73,0.0290836653386454,643,0.2561752988047808,660,0.2629482071713147,107,0.0426294820717131,1077,0.4290836653386454,152,0.1457334611697028,36085002100,5613,1344,0.239444147514698,5577,708,0.1269499731038192,5577,646,0.1158328850636543,476201,0.476201,5270.883513474352,0.8960798118241441
360850223002,360850223002,Block Group 2; Census Tract 223; Richmond County; New York,Staten Island,1471,460,237,0.5152173913043478,581,168,0.2891566265060241,470,0.3195105370496261,137,0.0931339225016995,70,0.0475866757307953,560,0.380693405846363,141,0.0958531611148878,685,0.4656696125084976,22,0.0478260869565217,36085022300,3263,559,0.1713147410358565,3263,672,0.2059454489733374,3263,110,0.033711308611707,344090,0.34409,4275.044319800052,0.8835418257319592
360850226012,360850226012,Block Group 2; Census Tract 226.01; Richmond County; New York,Staten Island,1691,616,159,0.2581168831168831,956,189,0.1976987447698744,507,0.2998225901833234,152,0.0898876404494382,1663,0.9834417504435246,0,0.0,0,0.0,28,0.0165582495564754,0,0.0,36085022601,7394,322,0.0435488233703002,7483,970,0.1296271548844046,7483,177,0.0236536148603501,328887,0.328887,5141.583583419229,0.8254422756618018
360850226022,360850226022,Block Group 2; Census Tract 226.02; Richmond County; New York,Staten Island,887,359,92,0.2562674094707521,385,46,0.1194805194805194,22,0.0248027057497181,309,0.3483652762119504,811,0.9143179255918829,2,0.0022547914317925,21,0.0236753100338218,26,0.0293122886133032,9,0.0250696378830083,36085022602,1373,363,0.2643845593590677,1373,364,0.2651128914785142,1373,78,0.0568099053168244,4389521,4.389521,202.0721623156604,0.794357495846191
360850231002,360850231002,Block Group 2; Census Tract 231; Richmond County; New York,Staten Island,1044,336,70,0.2083333333333333,580,164,0.2827586206896552,165,0.1580459770114942,129,0.1235632183908046,158,0.1513409961685823,80,0.0766283524904214,299,0.2863984674329501,507,0.4856321839080459,50,0.1488095238095238,36085023100,4742,760,0.1602699283002952,4757,510,0.1072104267395417,4757,548,0.1151986546142526,115278,0.115278,9056.368084109718,0.9082785184929196
360850239002,360850239002,Block Group 2; Census Tract 239; Richmond County; New York,Staten Island,1309,504,165,0.3273809523809524,676,192,0.2840236686390532,257,0.1963330786860198,309,0.2360580595874713,321,0.2452253628724217,298,0.2276546982429335,83,0.0634071810542398,509,0.388846447669977,0,0.0,36085023900,3071,336,0.1094106154347118,3102,279,0.0899419729206963,3102,155,0.0499677627337201,217058,0.217058,6030.6461867335,0.6939170545622892
360850244012,360850244012,Block Group 2; Census Tract 244.01; Richmond County; New York,Staten Island,2576,688,105,0.1526162790697674,1032,29,0.0281007751937984,557,0.2162267080745341,231,0.0896739130434782,2064,0.8012422360248447,0,0.0,330,0.1281055900621118,182,0.0706521739130434,15,0.0218023255813953,36085024401,6270,117,0.0186602870813397,6270,421,0.0671451355661882,6270,322,0.0513556618819776,512252,0.512252,5028.774899853977,0.9153601054862416
360850244022,360850244022,Block Group 2; Census Tract 244.02; Richmond County; New York,Staten Island,1858,593,68,0.1146711635750421,761,37,0.0486202365308804,405,0.2179763186221743,386,0.2077502691065662,1633,0.8789020452099031,0,0.0,0,0.0,178,0.0958019375672766,0,0.0,36085024402,4980,273,0.0548192771084337,5013,360,0.0718132854578097,5013,206,0.0410931577897466,822987,0.822987,2257.6298289037372,0.9155720489592168
360850247002,360850247002,Block Group 2; Census Tract 247; Richmond County; New York,Staten Island,1661,449,81,0.1804008908685968,842,161,0.1912114014251781,400,0.2408187838651415,187,0.1125827814569536,555,0.3341360626128838,257,0.1547260686333534,243,0.1462974111980734,585,0.3521974714027694,11,0.0244988864142538,36085024700,2833,296,0.1044828803388634,2822,342,0.1211906449326718,2822,242,0.0857547838412473,267989,0.267989,6198.015590192135,0.6924109629470752
360850248002,360850248002,Block Group 2; Census Tract 248; Richmond County; New York,Staten Island,1738,668,154,0.2305389221556886,955,151,0.1581151832460733,416,0.239355581127733,147,0.0845799769850402,1307,0.7520138089758343,0,0.0,7,0.0040276179516685,413,0.2376294591484465,11,0.0164670658682634,36085024800,4769,581,0.1218284755713986,4769,537,0.1126022226881945,4769,175,0.0366953239672887,320351,0.320351,5425.299125022241,0.9144992799500128
360850251002,360850251002,Block Group 2; Census Tract 251; Richmond County; New York,Staten Island,1838,676,205,0.3032544378698225,960,294,0.30625,340,0.1849836779107725,459,0.249727965179543,1204,0.6550598476605005,23,0.0125136017410228,125,0.0680087051142546,408,0.2219804134929271,16,0.0236686390532544,36085025100,6459,538,0.0832946276513392,6459,676,0.1046601641120916,6459,334,0.0517107911441399,288539,0.288539,6370.022769885527,0.6449825741500476
360850273022,360850273022,Block Group 2; Census Tract 273.02; Richmond County; New York,Staten Island,1345,382,102,0.2670157068062827,383,22,0.0574412532637075,461,0.3427509293680297,353,0.262453531598513,1217,0.9048327137546468,4,0.0029739776951672,61,0.0453531598513011,0,0.0,0,0.0,36085027302,4866,551,0.1132346896835183,4866,271,0.0556925606247431,4866,36,0.0073982737361282,698566,0.698566,1925.3728352081264,0.2905441192966646
360850277022,360850277022,Block Group 2; Census Tract 277.02; Richmond County; New York,Staten Island,1315,443,330,0.744920993227991,727,247,0.3397524071526822,172,0.1307984790874524,158,0.1201520912547528,410,0.311787072243346,11,0.0083650190114068,261,0.1984790874524714,374,0.2844106463878327,78,0.1760722347629796,36085027702,6159,874,0.141906153596363,6159,574,0.0931969475564215,6159,341,0.0553661308654002,922023,0.922023,1426.2117105538582,0.6033027686782922
360850277042,360850277042,Block Group 2; Census Tract 277.04; Richmond County; New York,Staten Island,2823,822,198,0.2408759124087591,1025,12,0.0117073170731707,774,0.2741764080765143,498,0.1764080765143464,1345,0.4764434998228835,102,0.0361317747077577,1163,0.4119730782855119,213,0.0754516471838469,125,0.1520681265206812,36085027704,5163,998,0.1932984698818516,5161,658,0.1274946715752761,5161,312,0.0604534005037783,260846,0.260846,10822.477630479283,0.3490234777387833
360850277052,360850277052,Block Group 2; Census Tract 277.05; Richmond County; New York,Staten Island,1167,392,196,0.5,720,82,0.1138888888888888,156,0.1336760925449871,165,0.1413881748071979,542,0.4644387317909169,10,0.0085689802913453,220,0.1885175664095972,395,0.3384747215081405,85,0.2168367346938775,36085027705,6119,419,0.0684752410524595,6119,536,0.0875960124203301,6119,264,0.0431443046249387,162114,0.162114,7198.637995484659,0.8447892734332514
360850277062,360850277062,Block Group 2; Census Tract 277.06; Richmond County; New York,Staten Island,633,225,111,0.4933333333333333,252,0,0.0,191,0.30173775671406,87,0.1374407582938388,264,0.4170616113744075,0,0.0,186,0.2938388625592417,126,0.1990521327014218,19,0.0844444444444444,36085027706,3107,908,0.2922433215320245,3089,193,0.0624797669148591,3089,108,0.0349627711233408,132536,0.132536,4776.0608438462,0.7956206647966658
360850279002,360850279002,Block Group 2; Census Tract 279; Richmond County; New York,Staten Island,893,199,37,0.185929648241206,262,25,0.0954198473282442,189,0.2116461366181411,364,0.4076147816349384,715,0.8006718924972005,30,0.0335946248600224,48,0.0537513997760358,57,0.0638297872340425,15,0.0753768844221105,36085027900,1784,113,0.0633408071748879,1784,164,0.0919282511210762,1784,20,0.0112107623318385,549927,0.549927,1623.8518930694436,0.5471902150723569
360850027002,360850027002,Block Group 2; Census Tract 27; Richmond County; New York,Staten Island,693,199,199,1.0,221,124,0.5610859728506787,258,0.3722943722943723,0,0.0,52,0.075036075036075,28,0.0404040404040404,0,0.0,613,0.8845598845598845,58,0.2914572864321608,36085002700,2061,1312,0.6365841824357108,2061,273,0.1324599708879185,2061,312,0.1513828238719068,71505,0.071505,9691.629955947135,0.9522465907546106
360850291022,360850291022,Block Group 2; Census Tract 291.02; Richmond County; New York,Staten Island,2778,905,206,0.2276243093922652,1572,304,0.193384223918575,638,0.2296616270698344,260,0.093592512598992,1199,0.431605471562275,74,0.0266378689704823,654,0.2354211663066954,780,0.2807775377969762,21,0.0232044198895027,36085029102,3355,161,0.0479880774962742,3355,223,0.0664679582712369,3355,265,0.0789865871833084,1147286,1.147286,2421.3665990868885,0.2610320258467052
360850291042,360850291042,Block Group 2; Census Tract 291.04; Richmond County; New York,Staten Island,1653,674,276,0.4094955489614243,597,216,0.3618090452261306,285,0.1724137931034483,405,0.2450090744101633,1039,0.6285541439806412,12,0.0072595281306715,328,0.1984271022383545,266,0.160919540229885,100,0.1483679525222551,36085029104,6879,956,0.1389736880360517,6879,825,0.1199302224160488,6879,580,0.0843145806076464,578366,0.578366,2858.051821856748,0.7877135629034878
360850291052,360850291052,Block Group 2; Census Tract 291.05; Richmond County; New York,Staten Island,1479,500,170,0.34,709,92,0.1297602256699576,395,0.2670723461798512,244,0.1649763353617309,891,0.6024340770791075,0,0.0,210,0.1419878296146044,85,0.057471264367816,12,0.024,36085029105,4467,309,0.0691739422431161,4467,527,0.11797627042758,4467,89,0.0199238862771434,199558,0.199558,7411.379147916896,0.764552991724084
360850291062,360850291062,Block Group 2; Census Tract 291.06; Richmond County; New York,Staten Island,1767,639,286,0.4475743348982786,559,65,0.1162790697674418,552,0.3123938879456706,363,0.2054329371816638,954,0.5398981324278438,196,0.11092246745897,260,0.1471420486700622,333,0.1884550084889643,17,0.0266040688575899,36085029106,2845,391,0.1374340949033392,2845,272,0.0956063268892794,2845,111,0.0390158172231985,235695,0.235695,7496.977025392987,0.6164857137212325
360850029002,360850029002,Block Group 2; Census Tract 29; Richmond County; New York,Staten Island,2129,852,852,1.0,493,247,0.5010141987829615,591,0.2775951150775012,137,0.0643494598403006,26,0.0122123062470643,1160,0.5448567402536402,0,0.0,943,0.4429309534992954,120,0.1408450704225352,36085002900,5429,1803,0.3321053601031497,5495,576,0.1048225659690627,5495,417,0.075887170154686,102891,0.102891,20691.800060257945,0.9713819451948664
360850303012,360850303012,Block Group 2; Census Tract 303.01; Richmond County; New York,Staten Island,2085,846,358,0.4231678486997636,1091,226,0.2071494042163153,199,0.0954436450839328,348,0.1669064748201439,1113,0.5338129496402878,72,0.0345323741007194,66,0.0316546762589928,715,0.342925659472422,14,0.0165484633569739,36085030301,5379,284,0.0527979178285926,5379,542,0.1007622234616099,5379,33,0.0061349693251533,376529,0.376529,5537.422084354725,0.6304360827370137
360850303022,360850303022,Block Group 2; Census Tract 303.02; Richmond County; New York,Staten Island,3103,1065,233,0.2187793427230047,1324,300,0.2265861027190332,657,0.2117305833064776,440,0.1417982597486303,477,0.1537222043184015,977,0.3148565903963906,422,0.1359974218498227,1135,0.3657750563970351,92,0.0863849765258216,36085030302,6123,605,0.0988077739670096,6123,500,0.0816593173281071,6123,252,0.041156295933366,153879,0.153879,20165.194730924948,0.8752285225913549
360850319012,360850319012,Block Group 2; Census Tract 319.01; Richmond County; New York,Staten Island,1240,341,162,0.4750733137829912,587,192,0.3270868824531516,341,0.275,108,0.0870967741935483,41,0.0330645161290322,424,0.3419354838709677,161,0.1298387096774193,501,0.4040322580645161,31,0.0909090909090909,36085031901,3948,1478,0.3743667679837892,3948,577,0.1461499493414387,3948,95,0.0240628166160081,228304,0.228304,5431.354684981428,0.8703692119996806
360850319022,360850319022,Block Group 2; Census Tract 319.02; Richmond County; New York,Staten Island,2106,666,167,0.2507507507507507,1109,320,0.2885482416591524,464,0.2203228869895536,203,0.0963912630579297,234,0.1111111111111111,715,0.3395061728395062,44,0.0208926875593542,1093,0.5189933523266856,13,0.0195195195195195,36085031902,4653,953,0.2048140984311197,4653,747,0.1605415860735009,4653,340,0.0730711369009241,225236,0.225236,9350.192686781864,0.8383337021743802
360850033002,360850033002,Block Group 2; Census Tract 33; Richmond County; New York,Staten Island,2330,899,527,0.5862068965517241,969,280,0.2889576883384933,685,0.2939914163090129,408,0.175107296137339,656,0.2815450643776824,838,0.359656652360515,286,0.1227467811158798,473,0.2030042918454935,58,0.064516129032258,36085003300,3821,503,0.131640931693274,3821,335,0.0876733839309081,3821,87,0.0227689086626537,686184,0.686184,3395.59068704604,0.8891638787596621
360850036002,360850036002,Block Group 2; Census Tract 36; Richmond County; New York,Staten Island,1310,478,194,0.405857740585774,709,260,0.3667136812411847,202,0.1541984732824427,250,0.1908396946564885,606,0.4625954198473282,0,0.0,335,0.2557251908396946,330,0.2519083969465648,66,0.1380753138075313,36085003600,2608,345,0.1322852760736196,2565,173,0.0674463937621832,2565,249,0.0970760233918128,162437,0.162437,8064.665070150274,0.978833641563413
360850039002,360850039002,Block Group 2; Census Tract 39; Richmond County; New York,Staten Island,1324,684,547,0.7997076023391813,721,257,0.3564493758668516,92,0.0694864048338368,253,0.1910876132930513,727,0.5490936555891238,159,0.1200906344410876,34,0.0256797583081571,401,0.3028700906344411,11,0.0160818713450292,36085003900,2144,221,0.1030783582089552,2215,388,0.1751693002257336,2215,38,0.0171557562076749,431132,0.431132,3070.9852203037585,0.8448812212624432
360850003002,360850003002,Block Group 2; Census Tract 3; Richmond County; New York,Staten Island,934,479,226,0.4718162839248434,479,145,0.302713987473904,65,0.069593147751606,220,0.2355460385438972,507,0.5428265524625268,140,0.1498929336188436,55,0.0588865096359743,177,0.1895074946466809,14,0.0292275574112734,36085000300,1889,397,0.2101641079936474,1878,139,0.0740149094781682,1878,49,0.0260915867944621,230006,0.230006,4060.763632253072,0.8517629368023558
360850040012,360850040012,Block Group 2; Census Tract 40.01; Richmond County; New York,Staten Island,1869,736,189,0.2567934782608695,995,501,0.5035175879396985,321,0.1717495987158908,360,0.1926163723916533,1011,0.5409309791332263,140,0.0749063670411985,367,0.1963616907437132,244,0.1305510968432316,101,0.1372282608695652,36085004001,2758,148,0.0536620739666424,2758,310,0.1124002900652646,2758,106,0.0384336475707034,159043,0.159043,11751.538891997763,0.7236267655647446
360850040022,360850040022,Block Group 2; Census Tract 40.02; Richmond County; New York,Staten Island,1462,509,137,0.2691552062868369,774,267,0.3449612403100775,238,0.1627906976744186,295,0.2017783857729138,49,0.033515731874145,424,0.2900136798905608,681,0.4658002735978112,308,0.2106703146374829,141,0.2770137524557957,36085004002,2411,206,0.0854417254251348,2411,192,0.0796350062214848,2411,60,0.024885939444214,129191,0.129191,11316.577780185926,0.8834478478805828
360850040032,360850040032,Block Group 2; Census Tract 40.03; Richmond County; New York,Staten Island,1018,404,404,1.0,179,85,0.4748603351955307,247,0.2426326129666011,81,0.0795677799607072,0,0.0,289,0.2838899803536345,84,0.0825147347740668,645,0.6335952848722987,150,0.3712871287128713,36085004003,3517,1433,0.4074495308501564,3517,440,0.1251066249644583,3517,98,0.0278646573784475,28042,0.028042,36302.68882390699,0.9407360085235812
360850040042,360850040042,Block Group 2; Census Tract 40.04; Richmond County; New York,Staten Island,2030,483,93,0.1925465838509316,1363,338,0.247982391782832,341,0.1679802955665024,121,0.0596059113300492,26,0.012807881773399,779,0.383743842364532,283,0.1394088669950739,936,0.4610837438423645,7,0.0144927536231884,36085004004,3808,551,0.1446953781512605,3829,279,0.0728649778009924,3829,172,0.0449203447375293,201238,0.201238,10087.558015881692,0.8772008016214206
360850047002,360850047002,Block Group 2; Census Tract 47; Richmond County; New York,Staten Island,643,251,114,0.4541832669322709,236,72,0.3050847457627119,89,0.1384136858475894,75,0.1166407465007776,435,0.6765163297045101,31,0.0482115085536547,81,0.1259720062208398,13,0.0202177293934681,4,0.0159362549800796,36085004700,2436,183,0.0751231527093596,2941,492,0.1672900374022441,2941,97,0.0329819789187351,141503,0.141503,4544.073270531368,0.657072156541051
360850050002,360850050002,Block Group 2; Census Tract 50; Richmond County; New York,Staten Island,947,370,170,0.4594594594594595,258,126,0.4883720930232558,128,0.1351636747624076,302,0.3189017951425554,235,0.2481520591341077,0,0.0,300,0.3167898627243928,412,0.4350580781414995,83,0.2243243243243243,36085005000,4668,497,0.1064695801199657,4668,464,0.0994001713796058,4668,258,0.0552699228791773,217697,0.217697,4350.082913407166,0.903056283134858
360850059012,360850059012,Block Group 2; Census Tract 59.01; Richmond County; New York,Staten Island,2084,701,341,0.4864479315263909,946,353,0.3731501057082452,452,0.2168905950095969,203,0.0974088291746641,1439,0.6904990403071017,161,0.0772552783109404,45,0.0215930902111324,427,0.20489443378119,19,0.0271041369472182,36085005901,3061,120,0.039202874877491,3062,335,0.1094056172436316,3062,52,0.0169823644676681,744091,0.744091,2800.732706080305,0.8967672090277237
360850064002,360850064002,Block Group 2; Census Tract 64; Richmond County; New York,Staten Island,853,259,104,0.4015444015444015,329,92,0.2796352583586626,152,0.1781946072684642,183,0.2145369284876905,560,0.6565064478311841,27,0.0316529894490035,147,0.1723329425556858,119,0.1395076201641266,73,0.2818532818532818,36085006400,3425,678,0.197956204379562,3425,604,0.1763503649635036,3425,74,0.0216058394160583,147818,0.147818,5770.6098039480985,0.9231033841752696
360850067002,360850067002,Block Group 2; Census Tract 67; Richmond County; New York,Staten Island,1221,590,222,0.376271186440678,572,90,0.1573426573426573,89,0.0728910728910729,339,0.2776412776412776,945,0.773955773955774,133,0.1089271089271089,14,0.0114660114660114,107,0.0876330876330876,35,0.059322033898305,36085006700,3052,190,0.0622542595019659,3052,291,0.0953473132372215,3052,182,0.0596330275229357,183413,0.183413,6657.107184332626,0.9814654759551104
360850006002,360850006002,Block Group 2; Census Tract 6; Richmond County; New York,Staten Island,1250,795,462,0.5811320754716981,505,168,0.3326732673267327,83,0.0664,594,0.4752,621,0.4968,86,0.0688,223,0.1784,303,0.2424,233,0.2930817610062893,36085000600,2568,461,0.1795171339563863,2568,581,0.2262461059190031,2568,178,0.0693146417445482,290277,0.290277,4306.2316339220815,0.9148543225833666
360850070012,360850070012,Block Group 2; Census Tract 70.01; Richmond County; New York,Staten Island,1643,592,110,0.1858108108108108,619,169,0.2730210016155089,249,0.1515520389531345,475,0.2891052951917224,1267,0.7711503347534997,17,0.01034692635423,213,0.1296409007912355,134,0.0815581253804017,27,0.0456081081081081,36085007001,2710,159,0.0586715867158671,2739,375,0.1369112814895947,2739,14,0.0051113545089448,211514,0.211514,7767.80733190238,0.9162672737986892
360850070022,360850070022,Block Group 2; Census Tract 70.02; Richmond County; New York,Staten Island,3189,960,176,0.1833333333333333,1757,291,0.1656232214001138,587,0.1840702414550015,574,0.1799937284415177,2196,0.6886171213546566,0,0.0,740,0.2320476638444653,253,0.079335214800878,83,0.0864583333333333,36085007002,5636,824,0.1462029808374733,5703,485,0.0850429598456952,5703,230,0.0403296510608451,367522,0.367522,8677.031579061933,0.9117270150291668
360850074002,360850074002,Block Group 2; Census Tract 74; Richmond County; New York,Staten Island,2294,908,461,0.5077092511013216,921,211,0.2290988056460369,333,0.1451612903225806,573,0.2497820401046207,1174,0.5117698343504795,76,0.033129904097646,537,0.2340889276373147,244,0.1063644289450741,124,0.1365638766519823,36085007400,4756,831,0.174726661059714,4854,647,0.1332921302018953,4854,198,0.0407911001236094,208126,0.208126,11022.169262850388,0.9247864637043766
360850075002,360850075002,Block Group 2; Census Tract 75; Richmond County; New York,Staten Island,1537,538,394,0.7323420074349443,619,200,0.3231017770597738,492,0.3201040988939492,203,0.1320754716981132,592,0.3851659076122316,334,0.2173064411190631,28,0.018217306441119,530,0.3448275862068966,41,0.0762081784386617,36085007500,2718,261,0.0960264900662251,2729,243,0.0890436057163796,2729,131,0.0480029314767314,141411,0.141411,10869.027161960526,0.9389365076826816
360850007002,360850007002,Block Group 2; Census Tract 7; Richmond County; New York,Staten Island,1686,597,390,0.6532663316582915,684,188,0.2748538011695906,649,0.3849347568208778,80,0.0474495848161328,470,0.2787663107947805,942,0.5587188612099644,61,0.0361803084223013,125,0.0741399762752075,0,0.0,36085000700,5482,2191,0.3996716526815031,5482,831,0.1515870120394016,5482,49,0.0089383436701933,106709,0.106709,15799.9793831823,0.8361966583908729
360850081002,360850081002,Block Group 2; Census Tract 81; Richmond County; New York,Staten Island,1160,349,130,0.3724928366762177,388,66,0.1701030927835051,159,0.1370689655172413,421,0.3629310344827586,505,0.4353448275862069,352,0.3034482758620689,18,0.0155172413793103,201,0.1732758620689655,0,0.0,36085008100,4427,591,0.1334989835102778,4427,757,0.1709961599277162,4427,131,0.0295911452450869,204614,0.204614,5669.2112954147815,0.9227956269581165
360850008002,360850008002,Block Group 2; Census Tract 8; Richmond County; New York,Staten Island,1814,582,36,0.0618556701030927,970,581,0.5989690721649484,253,0.139470782800441,364,0.2006615214994487,522,0.2877618522601984,175,0.0964718853362734,766,0.422271223814774,202,0.1113561190738699,104,0.1786941580756013,36085000800,5178,632,0.1220548474314407,5178,635,0.1226342217072228,5178,203,0.0392043259945925,208348,0.208348,8706.587056271239,0.9075635697431956
360850096012,360850096012,Block Group 2; Census Tract 96.01; Richmond County; New York,Staten Island,2231,755,345,0.4569536423841059,955,269,0.281675392670157,305,0.136709995517705,590,0.2644554011653967,1544,0.6920663379650381,20,0.0089645898700134,322,0.1443298969072164,120,0.0537875392200806,98,0.1298013245033112,36085009601,4105,145,0.0353227771010962,4105,466,0.1135200974421437,4105,171,0.0416565164433617,338824,0.338824,6584.539465917408,0.9094382025094424
360850096022,360850096022,Block Group 2; Census Tract 96.02; Richmond County; New York,Staten Island,921,313,232,0.7412140575079872,559,138,0.2468694096601073,122,0.1324647122692725,136,0.1476655808903366,665,0.7220412595005429,0,0.0,62,0.0673181324647122,179,0.1943539630836047,49,0.1565495207667731,36085009602,3792,170,0.0448312236286919,3800,432,0.1136842105263157,3800,134,0.0352631578947368,167892,0.167892,5485.669358873562,0.9144584809475284
360850097012,360850097012,Block Group 2; Census Tract 97.01; Richmond County; New York,Staten Island,1512,486,154,0.3168724279835391,751,139,0.18508655126498,489,0.3234126984126984,54,0.0357142857142857,201,0.1329365079365079,461,0.3048941798941799,160,0.1058201058201058,590,0.3902116402116402,9,0.0185185185185185,36085009701,4523,384,0.0848994030510723,4523,300,0.0663276586336502,4523,294,0.0650011054609772,188205,0.188205,8033.792938551048,0.8995948760686009
360850009002,360850009002,Block Group 2; Census Tract 9; Richmond County; New York,Staten Island,1168,351,285,0.811965811965812,380,249,0.6552631578947369,437,0.3741438356164384,124,0.1061643835616438,56,0.047945205479452,860,0.7363013698630136,26,0.0222602739726027,203,0.1738013698630137,7,0.0199430199430199,36085000900,2209,450,0.2037120869171571,2209,283,0.1281122679945676,2209,213,0.0964237211407876,97165,0.097165,12020.789378891575,0.9075053644595504
360850105003,360850105003,Block Group 3; Census Tract 105; Richmond County; New York,Staten Island,798,341,143,0.4193548387096774,361,53,0.1468144044321329,182,0.2280701754385964,142,0.1779448621553884,661,0.8283208020050126,48,0.0601503759398496,0,0.0,31,0.0388471177944862,0,0.0,36085010500,5635,983,0.1744454303460514,5635,555,0.0984915705412599,5635,406,0.0720496894409937,154459,0.154459,5166.419567652257,0.9253125987129046
360850112013,360850112013,Block Group 3; Census Tract 112.01; Richmond County; New York,Staten Island,2684,837,352,0.4205495818399044,1221,127,0.104013104013104,780,0.2906110283159464,357,0.13301043219076,1875,0.6985842026825634,0,0.0,645,0.2403129657228017,112,0.0417287630402384,158,0.1887694145758661,36085011201,5411,191,0.0352984660875993,5411,597,0.1103308076141193,5411,514,0.0949916836074662,465239,0.465239,5769.077828814867,0.8725097457698924
360850112033,360850112033,Block Group 3; Census Tract 112.03; Richmond County; New York,Staten Island,2314,781,450,0.5761843790012804,876,257,0.29337899543379,605,0.2614520311149524,325,0.1404494382022472,1102,0.4762316335350043,16,0.006914433880726,422,0.1823681936041486,755,0.3262748487467589,96,0.1229193341869398,36085011203,6982,1164,0.1667144084789458,7029,715,0.1017214397496087,7029,614,0.0873523972115521,290642,0.290642,7961.684821877086,0.9127101625801788
360850114023,360850114023,Block Group 3; Census Tract 114.02; Richmond County; New York,Staten Island,852,358,94,0.2625698324022346,363,111,0.3057851239669421,127,0.1490610328638497,302,0.3544600938967136,663,0.778169014084507,10,0.0117370892018779,147,0.1725352112676056,8,0.0093896713615023,98,0.2737430167597765,36085011402,3192,45,0.0140977443609022,3192,559,0.175125313283208,3192,31,0.0097117794486215,231898,0.231898,3674.029099000423,0.9023667714262036
360850011003,360850011003,Block Group 3; Census Tract 11; Richmond County; New York,Staten Island,1693,354,146,0.4124293785310734,678,125,0.1843657817109144,325,0.1919669226225634,148,0.0874187832250443,184,0.1086828115770821,1098,0.648552864737153,48,0.028352037802717,259,0.1529828706438275,35,0.0988700564971751,36085001100,4852,1655,0.3410964550700742,4852,635,0.130873866446826,4852,315,0.0649216817807089,108311,0.108311,15630.914680872673,0.9004468175908292
360850121003,360850121003,Block Group 3; Census Tract 121; Richmond County; New York,Staten Island,1387,533,32,0.0600375234521576,898,96,0.1069042316258351,211,0.1521268925739005,199,0.1434751261715933,1348,0.9718817591925016,11,0.0079307858687815,0,0.0,28,0.0201874549387166,15,0.0281425891181988,36085012100,3134,36,0.0114869176770899,3134,315,0.1005105296745373,3134,0,0.0,232321,0.232321,5970.18780050017,0.9419416707676912
360850122003,360850122003,Block Group 3; Census Tract 122; Richmond County; New York,Staten Island,878,270,20,0.074074074074074,386,59,0.1528497409326424,277,0.3154897494305239,90,0.10250569476082,688,0.7835990888382688,38,0.0432801822323462,53,0.0603644646924829,99,0.112756264236902,23,0.0851851851851851,36085012200,4783,378,0.0790298975538365,4783,290,0.0606314028852184,4783,254,0.0531047459753292,201654,0.201654,4353.992482172434,0.5730500485082489
360850125003,360850125003,Block Group 3; Census Tract 125; Richmond County; New York,Staten Island,743,282,118,0.4184397163120567,484,216,0.4462809917355372,55,0.0740242261103634,91,0.1224764468371467,542,0.7294751009421265,19,0.02557200538358,10,0.0134589502018842,108,0.1453566621803499,0,0.0,36085012500,3229,174,0.0538866522143078,3218,429,0.1333126165320074,3218,157,0.0487880671224362,152529,0.152529,4871.204820067003,0.9180025551693982
360850128063,360850128063,Block Group 3; Census Tract 128.06; Richmond County; New York,Staten Island,1451,816,816,1.0,561,189,0.3368983957219251,167,0.1150930392832529,382,0.2632667126119917,877,0.6044107512060648,49,0.0337698139214334,0,0.0,525,0.3618194348725017,195,0.2389705882352941,36085012806,6036,763,0.1264082173624917,6075,911,0.1499588477366255,6075,148,0.0243621399176954,149759,0.149759,9688.900166267136,0.5921091976729264
360850132033,360850132033,Block Group 3; Census Tract 132.03; Richmond County; New York,Staten Island,2062,785,314,0.4,793,132,0.1664564943253468,423,0.2051406401551891,488,0.2366634335596508,1543,0.7483026188166828,0,0.0,161,0.0780795344325897,174,0.084384093113482,35,0.0445859872611464,36085013203,7305,268,0.0366872005475701,7305,1108,0.1516769336071184,7305,355,0.0485968514715948,458028,0.458028,4501.908180285922,0.8476997798075492
360850132043,360850132043,Block Group 3; Census Tract 132.04; Richmond County; New York,Staten Island,1541,548,232,0.4233576642335766,633,118,0.1864139020537124,365,0.2368591823491239,332,0.2154445165476963,990,0.6424399740428294,18,0.0116807268007787,197,0.1278390655418559,230,0.1492537313432835,27,0.0492700729927007,36085013204,4921,560,0.1137980085348506,4948,583,0.1178253839935327,4948,195,0.0394098625707356,281757,0.281757,5469.251873067928,0.8461052678917342
360850133023,360850133023,Block Group 3; Census Tract 133.02; Richmond County; New York,Staten Island,1750,559,392,0.7012522361359571,1002,120,0.1197604790419161,437,0.2497142857142857,123,0.0702857142857142,116,0.0662857142857142,438,0.2502857142857143,174,0.0994285714285714,1022,0.584,10,0.0178890876565295,36085013302,3216,1016,0.3159203980099502,3216,229,0.0712064676616915,3216,464,0.1442786069651741,277420,0.27742,6308.124864825896,0.9188045580694298
360850134003,360850134003,Block Group 3; Census Tract 134; Richmond County; New York,Staten Island,1573,499,192,0.3847695390781563,490,75,0.1530612244897959,558,0.3547361729179911,210,0.133502860775588,659,0.4189446916719644,522,0.3318499682136046,122,0.0775588048315321,166,0.10553083280356,58,0.1162324649298597,36085013400,3854,644,0.1670991177996886,3868,455,0.1176318510858324,3868,142,0.0367114788004136,297126,0.297126,5294.050335547882,0.5873940650298435
360850138003,360850138003,Block Group 3; Census Tract 138; Richmond County; New York,Staten Island,1617,725,180,0.2482758620689655,905,57,0.0629834254143646,89,0.0550401978973407,472,0.2918985776128633,1235,0.7637600494743352,0,0.0,47,0.0290661719233147,179,0.1106988249845392,19,0.0262068965517241,36085013800,6090,142,0.0233169129720853,6090,567,0.093103448275862,6090,351,0.0576354679802955,211549,0.211549,7643.619208788508,0.5369216647385121
360850146043,360850146043,Block Group 3; Census Tract 146.04; Richmond County; New York,Staten Island,1948,740,46,0.0621621621621621,858,187,0.2179487179487179,233,0.1196098562628336,730,0.3747433264887063,1538,0.7895277207392197,2,0.0010266940451745,150,0.0770020533880903,230,0.1180698151950718,81,0.1094594594594594,36085014604,7039,308,0.0437562153715016,7039,446,0.0633612729080835,7039,284,0.0403466401477482,313771,0.313771,6208.349401314971,0.6223102138192088
360850146063,360850146063,Block Group 3; Census Tract 146.06; Richmond County; New York,Staten Island,1978,592,82,0.1385135135135135,1113,115,0.1033243486073674,212,0.1071789686552072,173,0.0874620829120323,1086,0.5490394337714863,1,0.0005055611729019,26,0.0131445904954499,777,0.3928210313447927,18,0.0304054054054054,36085014606,6450,432,0.0669767441860465,6450,715,0.1108527131782945,6450,144,0.0223255813953488,1064519,1.064519,1858.116200838125,0.7345067074401326
360850147003,360850147003,Block Group 3; Census Tract 147; Richmond County; New York,Staten Island,1179,505,184,0.3643564356435643,539,158,0.2931354359925788,47,0.0398642917726887,578,0.4902459711620017,958,0.8125530110262935,0,0.0,37,0.0313825275657336,173,0.1467345207803223,0,0.0,36085014700,3367,182,0.054054054054054,3367,377,0.1119691119691119,3367,95,0.0282150282150282,199473,0.199473,5910.574363447684,0.3753513540051892
360850151003,360850151003,Block Group 3; Census Tract 151; Richmond County; New York,Staten Island,1168,280,0,0.0,322,16,0.0496894409937888,426,0.3647260273972603,9,0.0077054794520547,696,0.5958904109589042,25,0.021404109589041,198,0.1695205479452055,249,0.2131849315068493,1,0.0035714285714285,36085015100,5048,289,0.0572503961965134,5070,572,0.1128205128205128,5070,49,0.0096646942800788,130947,0.130947,8919.639243357999,0.8482394294049196
360850156013,360850156013,Block Group 3; Census Tract 156.01; Richmond County; New York,Staten Island,519,275,142,0.5163636363636364,342,106,0.3099415204678362,58,0.1117533718689788,149,0.2870905587668593,282,0.5433526011560693,0,0.0,0,0.0,217,0.4181117533718689,86,0.3127272727272727,36085015601,6214,467,0.0751528805922111,6214,508,0.0817508850981654,6214,137,0.0220469906662375,202213,0.202213,2566.6005647510297,0.9386826728341988
360850156023,360850156023,Block Group 3; Census Tract 156.02; Richmond County; New York,Staten Island,734,247,60,0.242914979757085,360,66,0.1833333333333333,178,0.2425068119891008,132,0.1798365122615803,645,0.8787465940054496,0,0.0,7,0.0095367847411444,46,0.0626702997275204,0,0.0,36085015602,3650,381,0.1043835616438356,3650,278,0.0761643835616438,3650,99,0.0271232876712328,192868,0.192868,3805.711678453657,0.834901718769617
360850156033,360850156033,Block Group 3; Census Tract 156.03; Richmond County; New York,Staten Island,1648,614,118,0.1921824104234527,687,92,0.1339155749636099,380,0.2305825242718446,170,0.1031553398058252,1001,0.6074029126213593,0,0.0,252,0.1529126213592233,395,0.2396844660194174,81,0.1319218241042345,36085015603,5417,671,0.1238693003507476,5417,437,0.0806719586486985,5417,146,0.0269521875576887,393835,0.393835,4184.493506163749,0.8338601620798525
360850170073,360850170073,Block Group 3; Census Tract 170.07; Richmond County; New York,Staten Island,1822,593,70,0.118043844856661,783,157,0.2005108556832694,540,0.2963776070252469,159,0.0872667398463227,1145,0.6284302963776071,0,0.0,228,0.1251372118551043,405,0.2222832052689352,48,0.0809443507588532,36085017007,6346,690,0.1087299086038449,6340,625,0.0985804416403785,6340,168,0.0264984227129337,118597,0.118597,15362.951845324924,0.5529487151544066
360850170093,360850170093,Block Group 3; Census Tract 170.09; Richmond County; New York,Staten Island,1426,614,183,0.2980456026058632,635,90,0.1417322834645669,174,0.1220196353436185,464,0.3253856942496493,1192,0.8359046283309958,19,0.0133239831697054,140,0.0981767180925666,42,0.0294530154277699,41,0.0667752442996742,36085017009,4870,144,0.0295687885010266,4880,398,0.0815573770491803,4880,140,0.0286885245901639,487735,0.487735,2923.718822721355,0.8012362970238472
360850170123,360850170123,Block Group 3; Census Tract 170.12; Richmond County; New York,Staten Island,1391,424,98,0.2311320754716981,707,255,0.3606789250353607,254,0.1826024442846872,191,0.1373112868439971,1150,0.8267433501078361,0,0.0,0,0.0,241,0.1732566498921639,17,0.0400943396226415,36085017012,5363,392,0.0730934178631363,5363,531,0.0990117471564422,5363,7,0.0013052396046988,286626,0.286626,4853.014032223176,0.591136847884945
360850176003,360850176003,Block Group 3; Census Tract 176; Richmond County; New York,Staten Island,1712,437,84,0.1922196796338672,929,213,0.2292787944025834,249,0.1454439252336448,213,0.1244158878504673,1615,0.9433411214953272,6,0.0035046728971962,73,0.0426401869158878,18,0.0105140186915887,0,0.0,36085017600,5169,71,0.0137357322499516,5169,448,0.0866705358870187,5169,105,0.02031340684852,1497067,1.497067,1143.5693926858316,0.9546122237464962
360850177013,360850177013,Block Group 3; Census Tract 177.01; Richmond County; New York,Staten Island,596,237,61,0.2573839662447257,320,72,0.225,71,0.1191275167785234,206,0.3456375838926174,275,0.4614093959731543,0,0.0,163,0.273489932885906,0,0.0,13,0.0548523206751054,36085017701,4246,378,0.089024964672633,4246,842,0.1983042863871879,4246,3,0.0007065473386716,549520,0.54952,1084.5829087203376,0.5643537154554545
360850189013,360850189013,Block Group 3; Census Tract 189.01; Richmond County; New York,Staten Island,2506,600,211,0.3516666666666667,1084,66,0.0608856088560885,547,0.2182761372705506,255,0.101755786113328,951,0.3794892258579409,351,0.1400638467677573,248,0.0989624900239425,956,0.3814844373503591,0,0.0,36085018901,5794,724,0.1249568519157749,5814,619,0.1064671482628139,5814,494,0.0849673202614379,280503,0.280503,8933.950795535164,0.6068947049298519
360850189023,360850189023,Block Group 3; Census Tract 189.02; Richmond County; New York,Staten Island,1757,375,78,0.208,410,90,0.2195121951219512,670,0.3813318155947638,198,0.1126920887877063,1329,0.7564029595902105,0,0.0,147,0.0836653386454183,85,0.0483779169038133,0,0.0,36085018902,5643,1004,0.1779195463405989,5643,555,0.0983519404572036,5643,69,0.012227538543328,228366,0.228366,7693.789793576977,0.5589177920492229
360850198003,360850198003,Block Group 3; Census Tract 198; Richmond County; New York,Staten Island,2471,827,353,0.4268440145102781,1038,0,0.0,417,0.1687575880210441,480,0.1942533387292594,2415,0.9773371104815864,0,0.0,21,0.0084985835694051,0,0.0,0,0.0,36085019800,7341,683,0.0930390954910775,7341,758,0.1032556872360713,7341,100,0.0136221223266584,847889,0.847889,2914.2965647626047,0.9424371707232864
360850201003,360850201003,Block Group 3; Census Tract 201; Richmond County; New York,Staten Island,1238,400,115,0.2875,640,222,0.346875,324,0.2617124394184168,86,0.0694668820678513,521,0.4208400646203554,0,0.0,119,0.0961227786752827,266,0.2148626817447496,14,0.035,36085020100,3356,352,0.1048867699642431,3356,264,0.0786650774731823,3356,78,0.0232419547079856,160283,0.160283,7723.838460722596,0.8849264301763612
360850207013,360850207013,Block Group 3; Census Tract 207.01; Richmond County; New York,Staten Island,1346,423,275,0.6501182033096927,280,76,0.2714285714285714,467,0.3469539375928677,59,0.0438335809806835,650,0.4829123328380386,1,0.00074294205052,0,0.0,695,0.5163447251114414,33,0.0780141843971631,36085020701,3364,674,0.2003567181926278,3364,449,0.1334720570749108,3364,126,0.0374554102259215,81901,0.081901,16434.475769526623,0.9161855623812984
360850207023,360850207023,Block Group 3; Census Tract 207.02; Richmond County; New York,Staten Island,745,290,126,0.4344827586206896,213,87,0.4084507042253521,12,0.0161073825503355,182,0.2442953020134228,36,0.0483221476510067,260,0.348993288590604,0,0.0,410,0.5503355704697986,29,0.1,36085020702,2916,889,0.3048696844993141,2928,349,0.1191939890710382,2928,331,0.1130464480874317,141146,0.141146,5278.222549700311,0.9654698885737334
360850208033,360850208033,Block Group 3; Census Tract 208.03; Richmond County; New York,Staten Island,1033,373,88,0.2359249329758713,423,77,0.1820330969267139,103,0.0997095837366892,311,0.3010648596321394,959,0.9283639883833494,0,0.0,0,0.0,74,0.0716360116166505,0,0.0,36085020803,7532,571,0.0758098778544875,7627,776,0.1017438049036318,7627,185,0.0242559328700668,241927,0.241927,4269.8830638994405,0.739434166843177
360850208043,360850208043,Block Group 3; Census Tract 208.04; Richmond County; New York,Staten Island,1068,437,111,0.2540045766590389,495,58,0.1171717171717171,170,0.1591760299625468,222,0.2078651685393258,701,0.6563670411985019,0,0.0,117,0.1095505617977528,139,0.1301498127340824,10,0.022883295194508,36085020804,5124,246,0.0480093676814988,5124,658,0.1284153005464481,5124,55,0.0107338017174082,410376,0.410376,2602.4913737645475,0.8643908608621563
360850208053,360850208053,Block Group 3; Census Tract 208.05; Richmond County; New York,Staten Island,1875,615,65,0.1056910569105691,715,45,0.0629370629370629,375,0.2,506,0.2698666666666666,1440,0.768,0,0.0,78,0.0416,265,0.1413333333333333,80,0.1300813008130081,36085020805,6559,302,0.0460436042079585,6559,759,0.1157188595822533,6559,181,0.0275956700716572,406960,0.40696,4607.332415962257,0.7106969817294185
360850213003,360850213003,Block Group 3; Census Tract 213; Richmond County; New York,Staten Island,1600,442,70,0.1583710407239819,703,154,0.2190611664295874,485,0.303125,157,0.098125,329,0.205625,96,0.06,0,0.0,1037,0.648125,0,0.0,36085021300,5669,818,0.1442935261950961,5669,739,0.130358087846181,5669,485,0.085553007585112,194749,0.194749,8215.703289875686,0.942147523931734
360850021003,360850021003,Block Group 3; Census Tract 21; Richmond County; New York,Staten Island,1411,578,432,0.7474048442906575,586,396,0.6757679180887372,95,0.0673281360737066,257,0.182140326009922,250,0.1771793054571226,501,0.3550673281360737,55,0.0389794472005669,554,0.3926293408929837,64,0.1107266435986159,36085002100,5613,1344,0.239444147514698,5577,708,0.1269499731038192,5577,646,0.1158328850636543,235906,0.235906,5981.195900061889,0.9648775311787452
360850226013,360850226013,Block Group 3; Census Tract 226.01; Richmond County; New York,Staten Island,1172,290,90,0.3103448275862069,596,57,0.0956375838926174,320,0.273037542662116,114,0.0972696245733788,796,0.6791808873720137,150,0.1279863481228668,0,0.0,61,0.0520477815699658,51,0.1758620689655172,36085022601,7394,322,0.0435488233703002,7483,970,0.1296271548844046,7483,177,0.0236536148603501,291383,0.291383,4022.197588740592,0.8158277793053084
360850231003,360850231003,Block Group 3; Census Tract 231; Richmond County; New York,Staten Island,1720,579,289,0.4991364421416235,464,92,0.1982758620689655,572,0.3325581395348837,263,0.152906976744186,284,0.1651162790697674,462,0.2686046511627907,161,0.0936046511627907,813,0.4726744186046511,70,0.1208981001727115,36085023100,4742,760,0.1602699283002952,4757,510,0.1072104267395417,4757,548,0.1151986546142526,229805,0.229805,7484.606514218576,0.916153209864104
360850244013,360850244013,Block Group 3; Census Tract 244.01; Richmond County; New York,Staten Island,1315,436,8,0.018348623853211,725,48,0.0662068965517241,163,0.1239543726235741,360,0.2737642585551331,1315,1.0,0,0.0,0,0.0,0,0.0,9,0.0206422018348623,36085024401,6270,117,0.0186602870813397,6270,421,0.0671451355661882,6270,322,0.0513556618819776,1054143,1.054143,1247.4588362299992,0.9143559213556564
360850248003,360850248003,Block Group 3; Census Tract 248; Richmond County; New York,Staten Island,1677,542,57,0.1051660516605166,770,113,0.1467532467532467,509,0.3035181872391175,122,0.0727489564698867,1017,0.6064400715563506,0,0.0,0,0.0,660,0.3935599284436494,69,0.1273062730627306,36085024800,4769,581,0.1218284755713986,4769,537,0.1126022226881945,4769,175,0.0366953239672887,1000450,1.00045,1676.245689439752,0.8536020503667725
360850251003,360850251003,Block Group 3; Census Tract 251; Richmond County; New York,Staten Island,2645,762,141,0.1850393700787401,1043,123,0.1179290508149568,807,0.3051039697542533,372,0.1406427221172022,2153,0.8139886578449905,0,0.0,214,0.0809073724007561,271,0.1024574669187145,0,0.0,36085025100,6459,538,0.0832946276513392,6459,676,0.1046601641120916,6459,334,0.0517107911441399,430071,0.430071,6150.14730125956,0.6071225097760311
360850273013,360850273013,Block Group 3; Census Tract 273.01; Richmond County; New York,Staten Island,2054,853,176,0.2063305978898007,930,248,0.2666666666666666,327,0.1592015579357351,520,0.2531645569620253,1359,0.6616358325219085,0,0.0,462,0.2249269717624148,205,0.0998052580331061,64,0.0750293083235638,36085027301,4200,397,0.0945238095238095,4494,846,0.1882510013351135,4494,137,0.0304850912327547,384704,0.384704,5339.169855265347,0.7705535561110834
360850277023,360850277023,Block Group 3; Census Tract 277.02; Richmond County; New York,Staten Island,1305,803,136,0.1693648816936488,582,238,0.40893470790378,118,0.0904214559386973,416,0.3187739463601532,1074,0.8229885057471265,0,0.0,199,0.1524904214559387,23,0.0176245210727969,172,0.2141967621419676,36085027702,6159,874,0.141906153596363,6159,574,0.0931969475564215,6159,341,0.0553661308654002,141672,0.141672,9211.417923089955,0.4994073951261134
360850277053,360850277053,Block Group 3; Census Tract 277.05; Richmond County; New York,Staten Island,1928,680,98,0.1441176470588235,913,224,0.2453450164293537,307,0.1592323651452282,400,0.2074688796680498,1218,0.6317427385892116,17,0.0088174273858921,474,0.245850622406639,219,0.1135892116182572,113,0.1661764705882353,36085027705,6119,419,0.0684752410524595,6119,536,0.0875960124203301,6119,264,0.0431443046249387,135764,0.135764,14201.113697298251,0.8462209266389638
360850277063,360850277063,Block Group 3; Census Tract 277.06; Richmond County; New York,Staten Island,907,354,72,0.2033898305084746,314,94,0.2993630573248407,221,0.2436604189636163,221,0.2436604189636163,403,0.444321940463065,0,0.0,333,0.3671444321940463,66,0.0727673649393605,146,0.4124293785310734,36085027706,3107,908,0.2922433215320245,3089,193,0.0624797669148591,3089,108,0.0349627711233408,119900,0.1199,7564.637197664721,0.7957369372990274
360850291043,360850291043,Block Group 3; Census Tract 291.04; Richmond County; New York,Staten Island,1746,558,129,0.2311827956989247,418,141,0.3373205741626794,224,0.1282932416953035,551,0.3155784650630011,1493,0.8550973654066437,13,0.0074455899198167,72,0.0412371134020618,168,0.0962199312714776,32,0.057347670250896,36085029104,6879,956,0.1389736880360517,6879,825,0.1199302224160488,6879,580,0.0843145806076464,269037,0.269037,6489.813668751881,0.6364531713666198
360850291053,360850291053,Block Group 3; Census Tract 291.05; Richmond County; New York,Staten Island,1909,704,304,0.4318181818181818,990,205,0.207070707070707,284,0.1487689889994761,176,0.0921948664222105,1230,0.644316396018858,40,0.0209533787323205,336,0.1760083813514929,281,0.1471974855945521,32,0.0454545454545454,36085029105,4467,309,0.0691739422431161,4467,527,0.11797627042758,4467,89,0.0199238862771434,294600,0.2946,6479.972844534963,0.6107925955612917
360850029003,360850029003,Block Group 3; Census Tract 29; Richmond County; New York,Staten Island,1811,501,265,0.5289421157684631,870,74,0.0850574712643678,369,0.2037548315847598,213,0.1176145775814467,3,0.0016565433462175,1018,0.5621203754831585,355,0.1960242959690778,310,0.1711761457758144,0,0.0,36085002900,5429,1803,0.3321053601031497,5495,576,0.1048225659690627,5495,417,0.075887170154686,181046,0.181046,10002.982667388398,0.9497832658017196
360850303023,360850303023,Block Group 3; Census Tract 303.02; Richmond County; New York,Staten Island,2286,775,155,0.2,1085,362,0.3336405529953917,368,0.1609798775153106,321,0.1404199475065616,942,0.4120734908136483,174,0.0761154855643044,313,0.136920384951881,843,0.368766404199475,52,0.0670967741935483,36085030302,6123,605,0.0988077739670096,6123,500,0.0816593173281071,6123,252,0.041156295933366,336199,0.336199,6799.544317502431,0.891029142737644
360850319023,360850319023,Block Group 3; Census Tract 319.02; Richmond County; New York,Staten Island,1800,474,201,0.4240506329113924,784,249,0.3176020408163265,483,0.2683333333333333,284,0.1577777777777777,387,0.215,677,0.3761111111111111,1,0.0005555555555555,700,0.3888888888888889,72,0.1518987341772152,36085031902,4653,953,0.2048140984311197,4653,747,0.1605415860735009,4653,340,0.0730711369009241,333435,0.333435,5398.353502181835,0.8363160601187923
360850040033,360850040033,Block Group 3; Census Tract 40.03; Richmond County; New York,Staten Island,1225,486,451,0.9279835390946504,562,145,0.2580071174377224,247,0.2016326530612245,84,0.0685714285714285,0,0.0,1148,0.9371428571428572,0,0.0,36,0.0293877551020408,0,0.0,36085004003,3517,1433,0.4074495308501564,3517,440,0.1251066249644583,3517,98,0.0278646573784475,125425,0.125425,9766.79290412597,0.9530356969333492
360850050003,360850050003,Block Group 3; Census Tract 50; Richmond County; New York,Staten Island,770,245,0,0.0,375,36,0.096,154,0.2,149,0.1935064935064935,530,0.6883116883116883,0,0.0,159,0.2064935064935065,81,0.1051948051948051,34,0.1387755102040816,36085005000,4668,497,0.1064695801199657,4668,464,0.0994001713796058,4668,258,0.0552699228791773,284568,0.284568,2705.8558938461106,0.6547085944230677
360850064003,360850064003,Block Group 3; Census Tract 64; Richmond County; New York,Staten Island,1481,655,470,0.7175572519083969,645,210,0.3255813953488372,323,0.2180958811613774,240,0.1620526671168129,428,0.2889939230249831,112,0.075624577987846,366,0.2471303173531397,563,0.3801485482781904,105,0.1603053435114503,36085006400,3425,678,0.197956204379562,3425,604,0.1763503649635036,3425,74,0.0216058394160583,337890,0.33789,4383.083251945899,0.9257485656471292
360850067003,360850067003,Block Group 3; Census Tract 67; Richmond County; New York,Staten Island,1065,323,207,0.6408668730650154,531,197,0.3709981167608286,254,0.2384976525821596,83,0.0779342723004694,338,0.3173708920187793,34,0.0319248826291079,6,0.0056338028169014,667,0.6262910798122066,12,0.0371517027863777,36085006700,3052,190,0.0622542595019659,3052,291,0.0953473132372215,3052,182,0.0596330275229357,165167,0.165167,6448.019277458572,0.9780568973134336
360850070023,360850070023,Block Group 3; Census Tract 70.02; Richmond County; New York,Staten Island,950,217,71,0.3271889400921659,230,33,0.1434782608695652,162,0.1705263157894737,124,0.1305263157894736,492,0.5178947368421053,134,0.1410526315789473,224,0.2357894736842105,60,0.0631578947368421,31,0.1428571428571428,36085007002,5636,824,0.1462029808374733,5703,485,0.0850429598456952,5703,230,0.0403296510608451,1292993,1.292993,734.7294223557282,0.8907909698024984
360850075003,360850075003,Block Group 3; Census Tract 75; Richmond County; New York,Staten Island,1445,309,69,0.2233009708737864,580,72,0.1241379310344827,284,0.1965397923875432,330,0.2283737024221453,794,0.5494809688581315,60,0.0415224913494809,96,0.0664359861591695,323,0.2235294117647059,28,0.0906148867313915,36085007500,2718,261,0.0960264900662251,2729,243,0.0890436057163796,2729,131,0.0480029314767314,208878,0.208878,6917.913806145214,0.9337229692598232
360850007003,360850007003,Block Group 3; Census Tract 7; Richmond County; New York,Staten Island,277,154,33,0.2142857142857142,150,39,0.26,49,0.1768953068592057,7,0.0252707581227436,162,0.5848375451263538,56,0.2021660649819494,24,0.0866425992779783,0,0.0,0,0.0,36085000700,5482,2191,0.3996716526815031,5482,831,0.1515870120394016,5482,49,0.0089383436701933,82853,0.082853,3343.2706118064525,0.9527524125153588
360850081003,360850081003,Block Group 3; Census Tract 81; Richmond County; New York,Staten Island,1769,581,191,0.3287435456110155,735,198,0.2693877551020408,340,0.1921989824759751,174,0.0983606557377049,480,0.2713397399660825,409,0.2312040700960995,162,0.0915771622385528,692,0.3911814584511023,4,0.0068846815834767,36085008100,4427,591,0.1334989835102778,4427,757,0.1709961599277162,4427,131,0.0295911452450869,287161,0.287161,6160.307284067126,0.9193711380308484
360850008003,360850008003,Block Group 3; Census Tract 8; Richmond County; New York,Staten Island,1497,546,236,0.4322344322344322,812,406,0.5,348,0.2324649298597194,108,0.0721442885771543,534,0.3567134268537074,10,0.0066800267201068,557,0.3720774883099532,380,0.2538410153640614,12,0.0219780219780219,36085000800,5178,632,0.1220548474314407,5178,635,0.1226342217072228,5178,203,0.0392043259945925,255333,0.255333,5862.931935942475,0.8579800289744287
360850096023,360850096023,Block Group 3; Census Tract 96.02; Richmond County; New York,Staten Island,1689,744,408,0.5483870967741935,931,166,0.1783029001074113,207,0.1225577264653641,271,0.1604499703966844,1204,0.7128478389579633,11,0.0065127294256956,189,0.1119005328596802,92,0.0544701006512729,57,0.0766129032258064,36085009602,3792,170,0.0448312236286919,3800,432,0.1136842105263157,3800,134,0.0352631578947368,234894,0.234894,7190.477406830315,0.9118955856147032
360850097013,360850097013,Block Group 3; Census Tract 97.01; Richmond County; New York,Staten Island,1346,544,323,0.59375,650,189,0.2907692307692308,335,0.2488855869242199,116,0.0861812778603269,734,0.5453194650817236,56,0.0416047548291233,0,0.0,527,0.3915304606240713,68,0.125,36085009701,4523,384,0.0848994030510723,4523,300,0.0663276586336502,4523,294,0.0650011054609772,304232,0.304232,4424.255173683242,0.9632338734240156
360850105004,360850105004,Block Group 4; Census Tract 105; Richmond County; New York,Staten Island,1360,505,322,0.6376237623762376,466,73,0.1566523605150214,278,0.2044117647058823,368,0.2705882352941176,508,0.3735294117647059,328,0.2411764705882353,8,0.0058823529411764,474,0.3485294117647058,60,0.1188118811881188,36085010500,5635,983,0.1744454303460514,5635,555,0.0984915705412599,5635,406,0.0720496894409937,194507,0.194507,6992.036276329386,0.8887980503398236
360850122004,360850122004,Block Group 4; Census Tract 122; Richmond County; New York,Staten Island,801,234,152,0.6495726495726496,336,99,0.2946428571428571,144,0.1797752808988764,92,0.114856429463171,570,0.7116104868913857,0,0.0,64,0.079900124843945,167,0.2084893882646691,0,0.0,36085012200,4783,378,0.0790298975538365,4783,290,0.0606314028852184,4783,254,0.0531047459753292,171196,0.171196,4678.847636627024,0.9184601362658232
360850128054,360850128054,Block Group 4; Census Tract 128.05; Richmond County; New York,Staten Island,97,37,20,0.5405405405405406,53,44,0.8301886792452831,0,0.0,24,0.2474226804123711,73,0.7525773195876289,0,0.0,0,0.0,24,0.2474226804123711,0,0.0,36085012805,2384,96,0.0402684563758389,2384,347,0.1455536912751678,2384,101,0.0423657718120805,402136,0.402136,241.21192830286273,0.858234641691388
360850138004,360850138004,Block Group 4; Census Tract 138; Richmond County; New York,Staten Island,949,368,71,0.1929347826086956,453,134,0.2958057395143488,253,0.2665964172813488,178,0.1875658587987355,526,0.5542676501580611,0,0.0,290,0.3055848261327713,90,0.0948366701791359,13,0.0353260869565217,36085013800,6090,142,0.0233169129720853,6090,567,0.093103448275862,6090,351,0.0576354679802955,197099,0.197099,4814.839243222949,0.5565261991229506
360850146044,360850146044,Block Group 4; Census Tract 146.04; Richmond County; New York,Staten Island,1377,375,0,0.0,593,75,0.1264755480607082,298,0.2164124909222948,215,0.1561365286855482,1121,0.8140885984023238,0,0.0,256,0.1859114015976761,0,0.0,26,0.0693333333333333,36085014604,7039,308,0.0437562153715016,7039,446,0.0633612729080835,7039,284,0.0403466401477482,274564,0.274564,5015.224137177489,0.8590432921164558
360850146064,360850146064,Block Group 4; Census Tract 146.06; Richmond County; New York,Staten Island,870,243,28,0.1152263374485596,328,43,0.1310975609756097,291,0.3344827586206896,118,0.135632183908046,492,0.5655172413793104,0,0.0,340,0.3908045977011494,0,0.0,41,0.1687242798353909,36085014606,6450,432,0.0669767441860465,6450,715,0.1108527131782945,6450,144,0.0223255813953488,119380,0.11938,7287.652873178086,0.7965049070993168
360850151004,360850151004,Block Group 4; Census Tract 151; Richmond County; New York,Staten Island,766,311,0,0.0,469,2,0.0042643923240938,16,0.02088772845953,197,0.2571801566579634,727,0.9490861618798956,0,0.0,0,0.0,39,0.0509138381201044,0,0.0,36085015100,5048,289,0.0572503961965134,5070,572,0.1128205128205128,5070,49,0.0096646942800788,203574,0.203574,3762.759487950328,0.6203492216108686
360850156014,360850156014,Block Group 4; Census Tract 156.01; Richmond County; New York,Staten Island,956,366,5,0.0136612021857923,437,74,0.1693363844393592,21,0.0219665271966527,263,0.2751046025104602,881,0.9215481171548116,0,0.0,0,0.0,48,0.0502092050209205,6,0.0163934426229508,36085015601,6214,467,0.0751528805922111,6214,508,0.0817508850981654,6214,137,0.0220469906662375,199847,0.199847,4783.659499517131,0.9421235651757132
360850156024,360850156024,Block Group 4; Census Tract 156.02; Richmond County; New York,Staten Island,1294,385,30,0.0779220779220779,615,117,0.1902439024390244,356,0.2751159196290572,72,0.0556414219474497,1028,0.794435857805255,0,0.0,35,0.0270479134466769,222,0.1715610510046367,72,0.187012987012987,36085015602,3650,381,0.1043835616438356,3650,278,0.0761643835616438,3650,99,0.0271232876712328,227345,0.227345,5691.790010776574,0.597422505872039
360850176004,360850176004,Block Group 4; Census Tract 176; Richmond County; New York,Staten Island,1336,429,15,0.0349650349650349,425,20,0.0470588235294117,352,0.2634730538922156,378,0.2829341317365269,1286,0.9625748502994012,0,0.0,24,0.0179640718562874,26,0.0194610778443113,0,0.0,36085017600,5169,71,0.0137357322499516,5169,448,0.0866705358870187,5169,105,0.02031340684852,397870,0.39787,3357.880714806344,0.9517020475492955
360850177014,360850177014,Block Group 4; Census Tract 177.01; Richmond County; New York,Staten Island,1260,462,117,0.2532467532467532,588,74,0.1258503401360544,349,0.276984126984127,237,0.1880952380952381,843,0.669047619047619,0,0.0,277,0.2198412698412698,67,0.0531746031746031,33,0.0714285714285714,36085017701,4246,378,0.089024964672633,4246,842,0.1983042863871879,4246,3,0.0007065473386716,1005077,1.005077,1253.63529361432,0.8462554495771926
360850198004,360850198004,Block Group 4; Census Tract 198; Richmond County; New York,Staten Island,2356,885,325,0.3672316384180791,1097,12,0.0109389243391066,602,0.2555178268251273,351,0.148981324278438,1721,0.7304753820033956,4,0.0016977928692699,50,0.0212224108658743,581,0.2466044142614601,0,0.0,36085019800,7341,683,0.0930390954910775,7341,758,0.1032556872360713,7341,100,0.0136221223266584,1907969,1.907969,1234.8209011781637,0.9602331449243462
360850208034,360850208034,Block Group 4; Census Tract 208.03; Richmond County; New York,Staten Island,2415,819,169,0.2063492063492063,1098,76,0.0692167577413479,718,0.2973084886128364,311,0.1287784679089026,2378,0.9846790890269153,0,0.0,0,0.0,37,0.0153209109730848,51,0.0622710622710622,36085020803,7532,571,0.0758098778544875,7627,776,0.1017438049036318,7627,185,0.0242559328700668,451551,0.451551,5348.233089949973,0.8063958390128306
360850213004,360850213004,Block Group 4; Census Tract 213; Richmond County; New York,Staten Island,1721,425,298,0.7011764705882353,555,194,0.3495495495495495,549,0.3190005810575247,80,0.0464846019755955,104,0.0604299825682742,93,0.0540383497966298,213,0.1237652527600232,1311,0.7617664148750727,33,0.0776470588235294,36085021300,5669,818,0.1442935261950961,5669,739,0.130358087846181,5669,485,0.085553007585112,132379,0.132379,13000.551446981772,0.91932069261886
360850226014,360850226014,Block Group 4; Census Tract 226.01; Richmond County; New York,Staten Island,2324,721,274,0.3800277392510402,1350,171,0.1266666666666666,508,0.2185886402753872,395,0.1699655765920826,1242,0.5344234079173839,0,0.0,6,0.0025817555938037,922,0.3967297762478485,30,0.0416088765603328,36085022601,7394,322,0.0435488233703002,7483,970,0.1296271548844046,7483,177,0.0236536148603501,648816,0.648816,3581.9092007595377,0.8191939723146413
360850273014,360850273014,Block Group 4; Census Tract 273.01; Richmond County; New York,Staten Island,444,157,52,0.3312101910828025,214,37,0.1728971962616822,0,0.0,154,0.3468468468468468,109,0.2454954954954954,0,0.0,124,0.2792792792792792,196,0.4414414414414414,15,0.0955414012738853,36085027301,4200,397,0.0945238095238095,4494,846,0.1882510013351135,4494,137,0.0304850912327547,921266,0.921266,481.9454967403551,0.6144146299361208
360850277024,360850277024,Block Group 4; Census Tract 277.02; Richmond County; New York,Staten Island,1340,866,293,0.3383371824480369,812,167,0.2056650246305418,120,0.0895522388059701,419,0.3126865671641791,939,0.7007462686567164,17,0.0126865671641791,359,0.267910447761194,0,0.0,40,0.046189376443418,36085027702,6159,874,0.141906153596363,6159,574,0.0931969475564215,6159,341,0.0553661308654002,202770,0.20277,6608.472653745623,0.8063689507660908
360850291044,360850291044,Block Group 4; Census Tract 291.04; Richmond County; New York,Staten Island,1767,531,354,0.6666666666666666,913,267,0.2924424972617743,402,0.2275042444821731,392,0.22184493491794,919,0.5200905489530278,23,0.0130164119977362,555,0.3140916808149406,270,0.1528013582342954,70,0.1318267419962335,36085029104,6879,956,0.1389736880360517,6879,825,0.1199302224160488,6879,580,0.0843145806076464,413530,0.41353,4272.966894783934,0.801274818466334
360850029004,360850029004,Block Group 4; Census Tract 29; Richmond County; New York,Staten Island,648,207,123,0.5942028985507246,274,133,0.4854014598540146,163,0.2515432098765432,84,0.1296296296296296,128,0.1975308641975308,53,0.0817901234567901,345,0.5324074074074074,122,0.1882716049382716,29,0.1400966183574879,36085002900,5429,1803,0.3321053601031497,5495,576,0.1048225659690627,5495,417,0.075887170154686,102654,0.102654,6312.46712256707,0.9137911836746024
360850007004,360850007004,Block Group 4; Census Tract 7; Richmond County; New York,Staten Island,1867,706,675,0.9560906515580736,514,123,0.2392996108949416,393,0.2104981253347616,492,0.2635243706480985,256,0.1371183717193358,808,0.4327798607391537,12,0.0064274236743438,757,0.4054633101231923,20,0.0283286118980169,36085000700,5482,2191,0.3996716526815031,5482,831,0.1515870120394016,5482,49,0.0089383436701933,234362,0.234362,7966.308531246534,0.9311384945785344
360850105005,360850105005,Block Group 5; Census Tract 105; Richmond County; New York,Staten Island,1878,417,291,0.697841726618705,648,262,0.404320987654321,539,0.2870074547390841,143,0.0761448349307774,192,0.1022364217252396,268,0.1427050053248136,162,0.0862619808306709,1208,0.6432374866879659,43,0.1031175059952038,36085010500,5635,983,0.1744454303460514,5635,555,0.0984915705412599,5635,406,0.0720496894409937,172953,0.172953,10858.441310645088,0.9645782682834332
360850128065,360850128065,Block Group 5; Census Tract 128.06; Richmond County; New York,Staten Island,1825,664,281,0.4231927710843373,794,342,0.4307304785894206,384,0.2104109589041096,317,0.1736986301369863,991,0.5430136986301369,0,0.0,406,0.2224657534246575,428,0.2345205479452055,34,0.0512048192771084,36085012806,6036,763,0.1264082173624917,6075,911,0.1499588477366255,6075,148,0.0243621399176954,609392,0.609392,2994.788247958621,0.5686884124001347
360850138005,360850138005,Block Group 5; Census Tract 138; Richmond County; New York,Staten Island,921,388,56,0.1443298969072164,489,151,0.3087934560327198,116,0.1259500542888165,243,0.263843648208469,914,0.992399565689468,7,0.007600434310532,0,0.0,0,0.0,0,0.0,36085013800,6090,142,0.0233169129720853,6090,567,0.093103448275862,6090,351,0.0576354679802955,207597,0.207597,4436.480295958034,0.4917211645233436
360850151005,360850151005,Block Group 5; Census Tract 151; Richmond County; New York,Staten Island,686,301,62,0.2059800664451827,240,136,0.5666666666666667,133,0.1938775510204081,284,0.4139941690962099,427,0.6224489795918368,15,0.0218658892128279,126,0.1836734693877551,74,0.107871720116618,0,0.0,36085015100,5048,289,0.0572503961965134,5070,572,0.1128205128205128,5070,49,0.0096646942800788,222672,0.222672,3080.764532586046,0.6177368773125553
360850156015,360850156015,Block Group 5; Census Tract 156.01; Richmond County; New York,Staten Island,656,234,54,0.2307692307692307,267,0,0.0,105,0.1600609756097561,146,0.2225609756097561,454,0.6920731707317073,0,0.0,122,0.1859756097560975,57,0.086890243902439,32,0.1367521367521367,36085015601,6214,467,0.0751528805922111,6214,508,0.0817508850981654,6214,137,0.0220469906662375,244433,0.244433,2683.7620124942214,0.8399519244513257
360850213005,360850213005,Block Group 5; Census Tract 213; Richmond County; New York,Staten Island,619,174,84,0.4827586206896552,330,8,0.0242424242424242,147,0.2374798061389337,34,0.0549273021001615,156,0.2520193861066236,286,0.4620355411954766,25,0.0403877221324717,138,0.2229402261712439,32,0.1839080459770115,36085021300,5669,818,0.1442935261950961,5669,739,0.130358087846181,5669,485,0.085553007585112,224192,0.224192,2761.026263202969,0.9038075547082172
360850273015,360850273015,Block Group 5; Census Tract 273.01; Richmond County; New York,Staten Island,1579,523,206,0.3938814531548757,932,253,0.2714592274678111,370,0.2343255224825839,147,0.0930968967701076,840,0.5319822672577581,72,0.0455984800506649,294,0.1861937935402153,288,0.1823939202026599,11,0.0210325047801147,36085027301,4200,397,0.0945238095238095,4494,846,0.1882510013351135,4494,137,0.0304850912327547,245188,0.245188,6439.956278447559,0.5502216032112285
360850156016,360850156016,Block Group 6; Census Tract 156.01; Richmond County; New York,Staten Island,1158,487,339,0.6960985626283368,659,180,0.2731411229135053,87,0.0751295336787564,360,0.310880829015544,561,0.4844559585492228,0,0.0,0,0.0,597,0.5155440414507773,37,0.0759753593429158,36085015601,6214,467,0.0751528805922111,6214,508,0.0817508850981654,6214,137,0.0220469906662375,253736,0.253736,4563.798593814043,0.8288839261336879
