TRACT_GEOID,borough,tract_poverty_universe,tract_below_poverty_population,tract_poverty_rate,tract_disability_universe,tract_disabled_population,tract_disability_rate,tract_insurance_universe,tract_uninsured_population,tract_uninsured_rate
36005000100,Bronx,0,0,,0,0,,0,0,
36005000200,Bronx,5061,652,0.12882829480339852,5061,702,0.13870776526378187,5061,287,0.056708160442600276
36005000400,Bronx,6649,297,0.04466837118363664,6649,935,0.14062265002255978,6649,137,0.02060460219581892
36005001600,Bronx,5329,808,0.15162319384499906,5412,1105,0.20417590539541758,5412,152,0.028085735402808575
36005001901,Bronx,2258,507,0.22453498671390612,2259,401,0.17751217352810977,2259,255,0.11288180610889774
36005001902,Bronx,2040,807,0.39558823529411763,2069,253,0.12228129531174481,2069,306,0.14789753504108266
36005001903,Bronx,0,0,,0,0,,0,0,
36005001904,Bronx,0,0,,0,0,,0,0,
36005002001,Bronx,4113,2155,0.523948456114758,4199,1211,0.2884020004763039,4199,225,0.053584186711121695
36005002002,Bronx,3551,1526,0.4297381019431146,3609,1171,0.32446661124965365,3609,322,0.08922139096702687
36005002300,Bronx,4567,2754,0.6030216772498358,4567,1208,0.26450624042040727,4567,403,0.08824173417998686
36005002400,Bronx,105,78,0.7428571428571429,105,14,0.13333333333333333,105,0,0.0
36005002500,Bronx,5111,2292,0.44844453140285656,5117,975,0.19054133281219465,5117,555,0.10846198944694156
36005002701,Bronx,3083,1441,0.4674018812844632,3111,754,0.2423657987785278,3111,312,0.10028929604628736
36005002702,Bronx,4788,2206,0.46073517126148705,4798,997,0.20779491454772822,4798,756,0.15756565235514797
36005002800,Bronx,5462,449,0.08220432076162577,5462,1376,0.2519223727572318,5462,235,0.04302453313804467
36005003100,Bronx,2788,612,0.21951219512195122,2788,282,0.10114777618364419,2788,144,0.05164992826398852
36005003300,Bronx,3577,1547,0.4324853228962818,3577,607,0.16969527537042214,3577,108,0.030192899077439196
36005003500,Bronx,3481,780,0.2240735420856076,3481,980,0.2815282964665326,3481,235,0.0675093363975869
36005003700,Bronx,387,116,0.2997416020671835,418,82,0.19617224880382775,418,48,0.11483253588516747
36005003800,Bronx,1210,391,0.3231404958677686,1250,209,0.1672,1250,60,0.048
36005003900,Bronx,5567,2065,0.37093587210346685,5581,1159,0.20766887654542196,5581,488,0.08743952696649346
36005004001,Bronx,1294,111,0.08578052550231839,1294,161,0.12442040185471406,1294,93,0.07187017001545595
36005004100,Bronx,6143,3311,0.5389874654077812,6105,1726,0.2827190827190827,6105,330,0.05405405405405406
36005004200,Bronx,7755,1214,0.15654416505480334,7724,1165,0.150828586224754,7724,364,0.047125841532884516
36005004300,Bronx,5400,2546,0.4714814814814815,5400,1508,0.27925925925925926,5400,131,0.024259259259259258
36005004400,Bronx,4118,1573,0.3819815444390481,4118,591,0.14351627003399708,4118,201,0.04881010199125789
36005004600,Bronx,1403,721,0.5138987883107626,1478,389,0.2631935047361299,1478,40,0.02706359945872801
36005004800,Bronx,4204,1072,0.25499524262607043,4204,496,0.11798287345385347,4204,850,0.2021883920076118
36005005001,Bronx,4852,2714,0.5593569661995054,4878,593,0.12156621566215663,4878,621,0.12730627306273062
36005005002,Bronx,6151,2360,0.38367745082100474,6275,499,0.0795219123505976,6275,1423,0.22677290836653385
36005005100,Bronx,7261,2772,0.38176559702520313,7261,2208,0.3040903456824129,7261,175,0.024101363448560804
36005005200,Bronx,1837,696,0.3788786064235166,1837,317,0.17256396298312465,1837,166,0.09036472509526401
36005005300,Bronx,4065,2597,0.6388683886838868,4065,963,0.23690036900369005,4065,119,0.02927429274292743
36005005400,Bronx,5482,1362,0.24844947099598685,5482,428,0.07807369573148486,5482,738,0.13462240058372857
36005005600,Bronx,2501,1093,0.4370251899240304,2501,321,0.1283486605357857,2501,238,0.09516193522590964
36005005902,Bronx,3019,1030,0.3411725736999006,3019,424,0.1404438555813183,3019,306,0.10135806558463067
36005006000,Bronx,1264,183,0.14477848101265822,1280,128,0.1,1280,45,0.03515625
36005006100,Bronx,3351,359,0.10713219934347956,3369,947,0.2810923122588305,3369,136,0.04036806173938854
36005006200,Bronx,6363,2998,0.47116140185447114,6363,1025,0.1610875373251611,6363,697,0.10953952538110955
36005006301,Bronx,7038,2425,0.3445581131003126,7053,997,0.14135828725365093,7053,902,0.12788884162767616
36005006302,Bronx,0,0,,0,0,,0,0,
36005006400,Bronx,4054,1671,0.41218549580661074,4194,420,0.10014306151645208,4194,279,0.06652360515021459
36005006500,Bronx,4980,2702,0.542570281124498,5008,707,0.1411741214057508,5008,93,0.0185702875399361
36005006700,Bronx,7588,4164,0.5487612018977333,7664,2566,0.33481210855949894,7664,704,0.0918580375782881
36005006800,Bronx,2542,884,0.34775767112509837,2542,388,0.15263571990558616,2542,303,0.11919748229740362
36005006900,Bronx,6077,2378,0.39131150238604573,6077,1202,0.197794964620701,6077,532,0.0875431956557512
36005007000,Bronx,4402,1540,0.34984098137210357,4402,543,0.12335302135393003,4402,599,0.13607451158564288
36005007100,Bronx,2802,1021,0.36438258386866523,2802,630,0.22483940042826553,2802,67,0.023911491791577446
36005007200,Bronx,4845,905,0.1867905056759546,4845,510,0.10526315789473684,4845,738,0.1523219814241486
36005007300,Bronx,4325,1720,0.3976878612716763,4325,526,0.12161849710982658,4325,277,0.06404624277456647
36005007400,Bronx,3280,632,0.1926829268292683,3280,405,0.12347560975609756,3280,18,0.00548780487804878
36005007500,Bronx,6353,2753,0.4333385801983315,6353,1203,0.18935935778372423,6353,405,0.06374940972768771
36005007600,Bronx,5244,1071,0.204233409610984,5252,560,0.10662604722010663,5252,734,0.13975628332063975
36005007700,Bronx,1966,535,0.27212614445574773,1966,602,0.306205493387589,1966,133,0.0676500508646999
36005007800,Bronx,5633,1651,0.29309426593289545,5633,938,0.16651872891887093,5633,760,0.13491922598970355
36005007900,Bronx,6809,2128,0.31252753708327213,6829,1449,0.2121833357739054,6829,438,0.06413823400205008
36005008300,Bronx,6285,1895,0.3015115354017502,6287,1554,0.2471767138539844,6287,661,0.10513758549387625
36005008400,Bronx,3036,470,0.15480895915678525,3108,628,0.20205920205920205,3108,79,0.02541827541827542
36005008500,Bronx,5861,1574,0.26855485412045726,5866,1099,0.1873508353221957,5866,526,0.0896692806000682
36005008600,Bronx,3813,1832,0.4804615788093365,3849,1172,0.30449467394128343,3849,734,0.19069888282670824
36005008700,Bronx,5738,2120,0.3694667131404671,5807,1162,0.2001033235749957,5807,402,0.06922679524711554
36005008900,Bronx,2919,754,0.2583076396026036,2947,1093,0.3708856464200882,2947,260,0.08822531387852053
36005009000,Bronx,3764,1613,0.42853347502656747,3861,965,0.24993524993524993,3861,80,0.02072002072002072
36005009200,Bronx,5888,934,0.15862771739130435,5888,657,0.11158288043478261,5888,595,0.10105298913043478
36005009301,Bronx,5623,1460,0.25964787479992885,5714,1124,0.1967098354917746,5714,697,0.12198109905495275
36005009302,Bronx,84,28,0.3333333333333333,84,84,1.0,84,0,0.0
36005009600,Bronx,1780,369,0.20730337078651687,1780,196,0.1101123595505618,1780,115,0.06460674157303371
36005009800,Bronx,4071,504,0.12380250552689757,4071,1006,0.24711373126995825,4071,280,0.06877916973716532
36005011000,Bronx,0,0,,0,0,,0,0,
36005011502,Bronx,3928,1509,0.3841649694501018,3935,866,0.22007623888182973,3935,54,0.01372299872935197
36005011701,Bronx,1262,199,0.1576862123613312,1262,295,0.23375594294770205,1262,79,0.06259904912836767
36005011702,Bronx,0,0,,0,0,,0,0,
36005011800,Bronx,3823,460,0.12032435260266806,5027,586,0.11657051919633976,5027,210,0.041774418142033025
36005011900,Bronx,5842,1343,0.22988702499144129,5826,1281,0.21987641606591143,5826,99,0.016992790937178166
36005012101,Bronx,3293,1067,0.3240206498633465,3293,731,0.22198603097479502,3293,180,0.054661402976009715
36005012102,Bronx,1399,557,0.39814152966404576,1429,530,0.370888733379986,1429,80,0.05598320503848846
36005012300,Bronx,4712,1511,0.3206706281833616,4712,1358,0.2882003395585739,4712,249,0.052843803056027164
36005012500,Bronx,3989,1188,0.29781900225620456,4001,571,0.1427143214196451,4001,190,0.047488127968008
36005012701,Bronx,2102,706,0.3358705994291151,2129,579,0.27195866604039454,2129,151,0.07092531705025834
36005012901,Bronx,4754,2143,0.45077829196466135,4921,1654,0.3361105466368624,4921,253,0.051412314570209304
36005013000,Bronx,1388,325,0.23414985590778098,1388,265,0.1909221902017291,1388,62,0.0446685878962536
36005013100,Bronx,5277,2083,0.39473185522076937,5288,1725,0.3262102874432678,5288,188,0.03555219364599092
36005013200,Bronx,7083,397,0.056049696456303824,7083,1809,0.2554002541296061,7083,276,0.038966539601863616
36005013300,Bronx,6087,2857,0.46936093313619187,6087,1733,0.28470510924921966,6087,101,0.016592738623295546
36005013500,Bronx,4075,1977,0.4851533742331288,4075,925,0.22699386503067484,4075,91,0.022331288343558284
36005013800,Bronx,3062,568,0.18549967341606793,3062,615,0.20084911822338342,3062,75,0.02449379490529066
36005014100,Bronx,7856,2133,0.2715122199592668,7744,1466,0.18930785123966942,7744,475,0.06133780991735537
36005014300,Bronx,1617,800,0.49474335188620905,1647,487,0.2956891317547055,1647,54,0.03278688524590164
36005014400,Bronx,6091,1724,0.28304055163355774,6128,1451,0.23678198433420367,6128,648,0.10574412532637076
36005014500,Bronx,6678,3537,0.5296495956873315,6679,1278,0.19134600988171882,6679,681,0.10196137146279383
36005014701,Bronx,6085,3678,0.6044371405094494,6094,1472,0.2415490646537578,6094,707,0.11601575319986872
36005014702,Bronx,4950,1795,0.36262626262626263,4950,667,0.13474747474747475,4950,159,0.03212121212121212
36005014900,Bronx,4631,2036,0.4396458648240121,4631,802,0.17318073850140359,4631,386,0.08335132800690996
36005015100,Bronx,5051,1603,0.3173628984359533,5199,1580,0.3039045970378919,5199,576,0.11079053664166186
36005015200,Bronx,2474,286,0.11560226354082458,2562,299,0.11670569867291179,2562,47,0.01834504293520687
36005015300,Bronx,3596,896,0.24916573971078976,3603,872,0.24202053844018873,3603,169,0.04690535664723841
36005015500,Bronx,3016,839,0.27818302387267907,3016,857,0.28415119363395225,3016,254,0.08421750663129973
36005015700,Bronx,6152,1835,0.2982769830949285,6152,1219,0.19814694408322497,6152,437,0.07103381014304291
36005015800,Bronx,1490,285,0.1912751677852349,1490,313,0.21006711409395973,1490,3,0.0020134228187919465
36005015900,Bronx,2405,890,0.3700623700623701,2405,751,0.3122661122661123,2405,214,0.08898128898128899
36005016000,Bronx,3832,576,0.15031315240083507,3848,543,0.1411122661122661,3848,158,0.04106029106029106
36005016100,Bronx,4703,1763,0.3748671061024878,4703,1425,0.30299808632787584,4703,107,0.022751435254093132
36005016200,Bronx,1697,97,0.057159693576900414,1697,158,0.09310548025928109,1697,33,0.019446081319976428
36005016300,Bronx,0,0,,0,0,,0,0,
36005016400,Bronx,1132,243,0.2146643109540636,1132,156,0.13780918727915195,1132,30,0.026501766784452298
36005016500,Bronx,1311,285,0.21739130434782608,1311,158,0.12051868802440885,1311,124,0.09458428680396644
36005016600,Bronx,2376,319,0.13425925925925927,2395,367,0.15323590814196242,2395,80,0.033402922755741124
36005016700,Bronx,2961,1095,0.3698074974670719,3015,621,0.20597014925373133,3015,260,0.08623548922056384
36005016900,Bronx,1904,990,0.5199579831932774,1944,439,0.22582304526748972,1944,63,0.032407407407407406
36005017100,Bronx,0,0,,0,0,,0,0,
36005017300,Bronx,5265,1590,0.301994301994302,5265,1784,0.3388414055080722,5265,408,0.07749287749287749
36005017500,Bronx,6228,2433,0.39065510597302505,6228,1498,0.2405266538214515,6228,432,0.06936416184971098
36005017701,Bronx,5025,1261,0.25094527363184077,4984,774,0.15529695024077048,4984,606,0.12158908507223114
36005017702,Bronx,5232,1818,0.3474770642201835,5232,944,0.18042813455657492,5232,359,0.06861620795107033
36005017901,Bronx,4968,1002,0.20169082125603865,4968,731,0.1471417069243156,4968,473,0.09520933977455717
36005017902,Bronx,3030,483,0.1594059405940594,3030,610,0.20132013201320131,3030,303,0.1
36005018101,Bronx,2876,665,0.2312239221140473,2876,589,0.20479833101529904,2876,497,0.17280945757997218
36005018102,Bronx,5066,1583,0.3124753257007501,5107,1084,0.21225768552966517,5107,308,0.060309379283336594
36005018301,Bronx,3933,1116,0.2837528604118993,3933,964,0.24510551741673023,3933,207,0.05263157894736842
36005018302,Bronx,3295,787,0.23884673748103186,3295,490,0.14871016691957512,3295,202,0.061305007587253414
36005018400,Bronx,3886,505,0.12995367987647968,3886,362,0.09315491507977354,3886,148,0.03808543489449305
36005018501,Bronx,3761,1162,0.3089603828768944,3775,592,0.15682119205298015,3775,381,0.1009271523178808
36005018502,Bronx,5479,2784,0.5081219200584048,5520,1178,0.21340579710144927,5520,361,0.06539855072463768
36005018900,Bronx,8034,2079,0.2587752053771471,8163,1420,0.17395565355874065,8163,337,0.04128384172485606
36005019300,Bronx,5735,859,0.14978204010462076,5949,1150,0.1933097999663809,5949,84,0.014120020171457387
36005019400,Bronx,2117,166,0.07841284837033538,2117,322,0.15210203117619273,2117,38,0.017949929145016533
36005019500,Bronx,6997,2781,0.3974560525939688,7738,1416,0.18299302145257174,7738,194,0.02507107779788059
36005019700,Bronx,7542,4287,0.5684168655529037,7628,1332,0.17461982170949134,7628,591,0.07747771368641845
36005019900,Bronx,6781,2421,0.3570269871700339,6852,1175,0.1714827787507297,6852,388,0.056625802685347344
36005020000,Bronx,4398,1156,0.2628467485220555,4398,448,0.10186448385629832,4398,359,0.08162801273306049
36005020100,Bronx,3845,1713,0.4455136540962289,3845,585,0.15214564369310793,3845,175,0.045513654096228866
36005020200,Bronx,2593,668,0.2576166602391053,2602,324,0.1245196003074558,2602,223,0.08570330514988471
36005020400,Bronx,2823,747,0.26461211477151964,2807,362,0.12896330602066264,2807,208,0.07410046312789455
36005020501,Bronx,8397,3682,0.4384899368822198,8397,1989,0.23687031082529475,8397,527,0.06276050970584733
36005020502,Bronx,2316,554,0.2392055267702936,2321,640,0.2757432141318397,2321,206,0.08875484704868591
36005020601,Bronx,2840,553,0.19471830985915492,2849,400,0.1404001404001404,2849,108,0.03790803790803791
36005020900,Bronx,4796,1281,0.2670975813177648,4809,447,0.09295071740486588,4809,248,0.05156997296735288
36005021001,Bronx,7346,1393,0.1896270078954533,7347,1249,0.1700013610997686,7347,587,0.0798965564175854
36005021002,Bronx,7410,1739,0.23468286099865046,7434,837,0.11259079903147699,7434,400,0.053806833467850416
36005021100,Bronx,5812,1758,0.3024776324845148,5920,852,0.14391891891891892,5920,263,0.04442567567567567
36005021200,Bronx,5218,1106,0.21195860482943657,5322,746,0.1401728673431041,5322,298,0.055993987222848554
36005021301,Bronx,1289,413,0.32040341349883633,1289,172,0.13343677269200932,1289,61,0.047323506594259115
36005021302,Bronx,5898,2441,0.4138691081722618,5898,1394,0.23635130552729738,5898,123,0.020854526958290945
36005021501,Bronx,4247,1684,0.3965151871909583,4346,568,0.13069489185457892,4346,297,0.06833870225494708
36005021502,Bronx,6163,2880,0.4673048839850722,6235,1581,0.2535685645549318,6235,444,0.07121090617481957
36005021601,Bronx,4118,1241,0.3013598834385624,4118,370,0.08984944147644487,4118,419,0.10174842156386596
36005021602,Bronx,6027,1075,0.17836402853824457,6027,515,0.08544881367181019,6027,161,0.026713124274099883
36005021700,Bronx,5005,1915,0.3826173826173826,5006,1047,0.2091490211745905,5006,401,0.08010387534958051
36005021800,Bronx,6010,1521,0.25307820299500833,6050,974,0.1609917355371901,6050,634,0.10479338842975207
36005021900,Bronx,1477,207,0.14014895057549087,1488,212,0.1424731182795699,1488,95,0.06384408602150538
36005022000,Bronx,1777,1091,0.6139561057962859,1872,366,0.1955128205128205,1872,278,0.1485042735042735
36005022101,Bronx,3724,891,0.23925886143931258,3752,574,0.15298507462686567,3752,355,0.09461620469083155
36005022102,Bronx,5128,1810,0.3529641185647426,5144,986,0.1916796267496112,5144,447,0.08689735614307932
36005022200,Bronx,3271,877,0.2681137266890859,3315,440,0.13273001508295626,3315,251,0.07571644042232277
36005022300,Bronx,4867,1610,0.3307992603246353,4867,950,0.19519211012944318,4867,208,0.042736798849393874
36005022401,Bronx,2433,561,0.23057953144266338,2433,460,0.1890669954788327,2433,162,0.06658446362515413
36005022403,Bronx,2782,390,0.14018691588785046,2782,545,0.195902228612509,2782,147,0.052839683680805175
36005022404,Bronx,4261,692,0.1624031917390284,4292,708,0.16495806150978565,4292,159,0.037045666356011184
36005022500,Bronx,7960,2048,0.25728643216080405,8040,1852,0.23034825870646766,8040,1000,0.12437810945273632
36005022701,Bronx,4939,1419,0.2873051224944321,4939,835,0.1690625632719174,4939,484,0.09799554565701558
36005022702,Bronx,1071,509,0.4752567693744164,1071,286,0.26704014939309056,1071,57,0.05322128851540616
36005022703,Bronx,1661,623,0.3750752558699579,1685,447,0.2652818991097923,1685,98,0.058160237388724036
36005022800,Bronx,5628,551,0.09790334044065388,5687,636,0.11183400738526464,5687,203,0.03569544575347283
36005022901,Bronx,5918,1793,0.30297397769516726,5927,924,0.15589674371520162,5927,857,0.14459254260165344
36005022902,Bronx,3378,1038,0.30728241563055064,3378,945,0.2797513321492007,3378,249,0.07371225577264653
36005023000,Bronx,2889,1107,0.38317757009345793,2889,375,0.12980269989615784,2889,286,0.09899619245413638
36005023100,Bronx,1254,365,0.29106858054226475,1254,267,0.21291866028708134,1254,81,0.0645933014354067
36005023200,Bronx,2626,871,0.3316831683168317,2626,344,0.130997715156131,2626,139,0.05293221629855293
36005023301,Bronx,3814,1189,0.3117461982170949,3841,713,0.18562874251497005,3841,316,0.08227024212444675
36005023302,Bronx,3955,953,0.24096080910240203,3955,777,0.19646017699115045,3955,444,0.1122629582806574
36005023501,Bronx,2963,1203,0.40600742490718866,2963,701,0.23658454269321633,2963,237,0.07998650016874789
36005023502,Bronx,4276,1313,0.3070626753975678,4490,1549,0.344988864142539,4490,376,0.08374164810690424
36005023600,Bronx,1777,470,0.2644907146876759,1777,224,0.12605514912774338,1777,128,0.07203151378728194
36005023702,Bronx,1021,339,0.33202742409402547,1021,115,0.11263467189030363,1021,54,0.05288932419196866
36005023703,Bronx,4946,1948,0.3938536190861302,4959,863,0.17402702157693084,4959,400,0.08066142367412785
36005023704,Bronx,3358,1247,0.3713519952352591,3358,528,0.15723645026801666,3358,78,0.023228111971411555
36005023800,Bronx,2525,554,0.2194059405940594,2552,357,0.13989028213166144,2552,236,0.09247648902821316
36005023900,Bronx,8570,3371,0.39334889148191365,8591,1269,0.14771272261669188,8591,1558,0.18135257827959492
36005024000,Bronx,3855,725,0.1880674448767834,3834,515,0.1343244653103808,3834,275,0.07172665623369849
36005024100,Bronx,6067,2451,0.403988791824625,6078,922,0.15169463639355052,6078,650,0.10694307337940112
36005024300,Bronx,4133,1190,0.2879264456811033,4134,1032,0.24963715529753266,4134,124,0.02999516207063377
36005024400,Bronx,2241,388,0.17313699241410085,2252,230,0.10213143872113677,2252,246,0.10923623445825932
36005024501,Bronx,4813,1580,0.32827758154996883,4856,1298,0.2672981878088962,4856,1041,0.21437397034596375
36005024502,Bronx,4225,1014,0.24,4225,627,0.14840236686390532,4225,175,0.04142011834319527
36005024600,Bronx,2026,145,0.07156959526159921,2037,295,0.14482081492390772,2037,126,0.061855670103092786
36005024700,Bronx,1756,281,0.1600227790432802,1756,304,0.17312072892938496,1756,35,0.019931662870159454
36005024800,Bronx,3410,517,0.15161290322580645,3397,446,0.1312923167500736,3397,407,0.11981159846923756
36005024900,Bronx,0,0,,0,0,,0,0,
36005025000,Bronx,2748,296,0.10771470160116449,2763,290,0.10495837857401376,2763,130,0.047050307636626855
36005025100,Bronx,6983,2828,0.4049835314334813,6983,1730,0.24774452241157097,6983,813,0.11642560504081341
36005025200,Bronx,2469,123,0.04981773997569866,2582,212,0.08210689388071263,2582,110,0.042602633617350893
36005025300,Bronx,5477,1828,0.3337593573123973,5503,917,0.16663638015627838,5503,633,0.11502816645466109
36005025400,Bronx,2582,344,0.1332300542215337,2582,280,0.10844306738962045,2582,131,0.05073586367157242
36005025500,Bronx,6116,1379,0.22547416612164814,6136,1265,0.20616036505867014,6136,411,0.06698174706649283
36005025600,Bronx,1528,102,0.06675392670157068,1528,235,0.1537958115183246,1528,76,0.049738219895287955
36005025700,Bronx,1685,673,0.39940652818991096,1685,389,0.2308605341246291,1685,9,0.005341246290801187
36005026100,Bronx,2025,294,0.1451851851851852,2025,321,0.15851851851851853,2025,14,0.006913580246913581
36005026300,Bronx,5743,1357,0.23628765453595682,5743,951,0.16559289569911195,5743,285,0.0496256312032039
36005026400,Bronx,5790,724,0.12504317789291883,5870,399,0.06797274275979558,5870,187,0.03185689948892675
36005026500,Bronx,6803,1031,0.15155078641775688,6815,642,0.0942039618488628,6815,752,0.1103448275862069
36005026601,Bronx,3214,988,0.3074051026757934,3214,429,0.13347853142501556,3214,325,0.10112009956440572
36005026602,Bronx,5900,1002,0.16983050847457626,5900,1137,0.19271186440677965,5900,320,0.05423728813559322
36005026701,Bronx,3591,1043,0.290448343079922,3591,430,0.11974380395433026,3591,265,0.07379560011138958
36005026702,Bronx,6827,1379,0.20199209022996925,6817,1045,0.15329323749449905,6817,692,0.10151092856095056
36005026900,Bronx,3991,1506,0.3773490353294914,4040,897,0.22202970297029703,4040,102,0.02524752475247525
36005027300,Bronx,6218,1662,0.2672885172081055,6218,558,0.08973946606625925,6218,554,0.08909617240270183
36005027401,Bronx,4973,457,0.09189623969434949,4973,839,0.16871103961391515,4973,213,0.042831288960386085
36005027402,Bronx,3336,243,0.07284172661870504,3308,418,0.12636033857315598,3308,52,0.015719467956469165
36005027600,Bronx,154,16,0.1038961038961039,154,20,0.12987012987012986,154,25,0.16233766233766234
36005027700,Bronx,4474,1362,0.30442556995976755,4474,787,0.17590523021904336,4474,320,0.07152436298614215
36005027900,Bronx,8037,1379,0.17158143585915142,8003,1313,0.16406347619642633,8003,540,0.06747469698862926
36005028100,Bronx,3357,183,0.05451295799821269,3357,549,0.16353887399463807,3357,131,0.039022937146261545
36005028300,Bronx,2325,1516,0.6520430107526882,2325,477,0.20516129032258065,2325,117,0.05032258064516129
36005028400,Bronx,135,107,0.7925925925925926,135,32,0.23703703703703705,135,0,0.0
36005028500,Bronx,3414,353,0.10339777387229057,3422,586,0.1712448860315605,3422,111,0.03243717124488603
36005028600,Bronx,1248,90,0.07211538461538461,1248,169,0.13541666666666666,1248,48,0.038461538461538464
36005028700,Bronx,3529,311,0.08812694814395013,3530,427,0.12096317280453257,3530,436,0.1235127478753541
36005028800,Bronx,2589,238,0.09192738509076864,2589,297,0.11471610660486674,2589,123,0.047508690614136734
36005028900,Bronx,4314,804,0.18636995827538247,4314,448,0.10384793694946685,4314,424,0.09828465461288827
36005029301,Bronx,1710,94,0.05497076023391813,1710,187,0.10935672514619883,1710,37,0.021637426900584796
36005029302,Bronx,5319,94,0.017672494829855237,5319,759,0.14269599548787365,5319,94,0.017672494829855237
36005029500,Bronx,4582,740,0.1615015277171541,4582,589,0.1285464862505456,4582,37,0.008075076385857704
36005029600,Bronx,2018,375,0.18582755203171458,2304,205,0.08897569444444445,2304,71,0.030815972222222224
36005029700,Bronx,3926,133,0.03387671930718288,3926,824,0.20988283239938868,3926,48,0.012226184411614875
36005030000,Bronx,6860,625,0.09110787172011661,6920,604,0.08728323699421965,6920,295,0.04263005780346821
36005030100,Bronx,1215,99,0.08148148148148149,1215,130,0.10699588477366255,1215,11,0.00905349794238683
36005030201,Bronx,3681,377,0.10241782124422712,3681,581,0.1578375441456126,3681,215,0.05840804129312687
36005030202,Bronx,6160,513,0.08327922077922079,6160,749,0.1215909090909091,6160,174,0.028246753246753246
36005030701,Bronx,5743,239,0.04161588020198503,5743,837,0.1457426432178304,5743,293,0.05101863137732892
36005030900,Bronx,2946,92,0.031228784792939578,3072,533,0.17350260416666666,3072,27,0.0087890625
36005031000,Bronx,3721,156,0.04192421392098898,3721,309,0.08304219295888202,3721,8,0.002149959688255845
36005031200,Bronx,1474,171,0.11601085481682497,1432,170,0.11871508379888268,1432,77,0.05377094972067039
36005031400,Bronx,2024,105,0.051877470355731224,2052,191,0.09307992202729044,2052,138,0.06725146198830409
36005031600,Bronx,1697,303,0.1785503830288745,1697,327,0.19269298762522097,1697,67,0.03948143783146729
36005031800,Bronx,1663,70,0.04209260372820205,1663,177,0.10643415514131088,1663,51,0.030667468430547205
36005031900,Bronx,100,88,0.88,685,111,0.16204379562043797,685,25,0.0364963503649635
36005032300,Bronx,4923,175,0.035547430428600445,4923,767,0.15579930936420883,4923,64,0.013000203128173878
36005032400,Bronx,2930,959,0.3273037542662116,2930,425,0.14505119453924914,2930,25,0.008532423208191127
36005032600,Bronx,3388,526,0.1552538370720189,3388,431,0.12721369539551358,3388,160,0.047225501770956316
36005032800,Bronx,4110,773,0.18807785888077858,4132,613,0.1483543078412391,4132,301,0.07284607938044531
36005033000,Bronx,5194,1244,0.23950712360415866,5194,753,0.14497497112052368,5194,161,0.03099730458221024
36005033201,Bronx,4046,1133,0.2800296589223925,4046,996,0.24616905585763718,4046,199,0.049184379634206625
36005033202,Bronx,3182,806,0.2532998114393463,3182,508,0.1596480201131364,3182,70,0.02199874292897549
36005033400,Bronx,32,2,0.0625,32,13,0.40625,32,4,0.125
36005033500,Bronx,1761,237,0.13458262350936967,2122,165,0.07775683317624882,2122,62,0.029217719132893498
36005033601,Bronx,4403,2005,0.4553713377242789,4414,967,0.21907566832804712,4414,427,0.09673765292251926
36005033602,Bronx,1218,171,0.14039408866995073,1234,318,0.2576985413290113,1234,25,0.02025931928687196
36005033700,Bronx,3143,158,0.05027044225262488,3193,517,0.16191669276542436,3193,57,0.017851550266207328
36005033801,Bronx,2011,461,0.22923918448533068,2011,303,0.15067130780706117,2011,178,0.08851317752362009
36005033802,Bronx,1569,525,0.33460803059273425,1579,142,0.08993033565547814,1579,219,0.13869537682077265
36005034000,Bronx,4978,984,0.1976697468862997,5004,415,0.08293365307753797,5004,720,0.14388489208633093
36005034200,Bronx,1603,302,0.1883967560823456,1625,175,0.1076923076923077,1625,69,0.04246153846153846
36005034300,Bronx,1456,71,0.048763736263736264,1472,142,0.09646739130434782,1472,38,0.025815217391304348
36005034400,Bronx,1708,582,0.3407494145199063,1717,205,0.11939429237041352,1717,240,0.13977868375072802
36005034500,Bronx,3950,399,0.1010126582278481,3950,565,0.14303797468354432,3950,168,0.042531645569620254
36005034800,Bronx,6046,1143,0.18905061197485942,6046,632,0.10453192193185577,6046,144,0.023817399933840556
36005035000,Bronx,1887,143,0.07578166401695813,1887,170,0.09009009009009009,1887,109,0.057763645998940114
36005035100,Bronx,2707,198,0.0731437015145918,3461,422,0.12193007801213522,3461,90,0.026004045073678126
36005035600,Bronx,2201,277,0.1258518855065879,2202,302,0.1371480472297911,2202,98,0.04450499545867393
36005035800,Bronx,6673,619,0.09276187621759328,6673,688,0.10310205304960288,6673,214,0.032069533942754386
36005035900,Bronx,3822,1623,0.42464678178963894,3873,713,0.18409501678285567,3873,201,0.051897753679318356
36005036000,Bronx,2571,480,0.1866977829638273,2606,293,0.11243284727551804,2606,171,0.06561780506523407
36005036100,Bronx,4678,2287,0.48888413852073537,4679,1166,0.2491985466980124,4679,139,0.029707202393673863
36005036300,Bronx,6714,2729,0.40646410485552575,6718,1478,0.22000595415302174,6718,348,0.051801131289074126
36005036400,Bronx,2304,225,0.09765625,2304,383,0.1662326388888889,2304,222,0.09635416666666667
36005036501,Bronx,4287,1051,0.24515978539771402,4287,837,0.1952414275717285,4287,297,0.06927921623512946
36005036502,Bronx,2280,857,0.37587719298245614,2280,353,0.15482456140350878,2280,175,0.07675438596491228
36005036700,Bronx,2627,1079,0.41073467834031213,2718,694,0.25533480500367917,2718,107,0.039367181751287714
36005036800,Bronx,1941,545,0.2807831014940752,1927,390,0.20238713025428126,1927,105,0.054488842760768035
36005036901,Bronx,1780,798,0.44831460674157303,1780,626,0.35168539325842696,1780,153,0.08595505617977528
36005036902,Bronx,2504,942,0.3761980830670926,2504,462,0.18450479233226838,2504,179,0.07148562300319489
36005037000,Bronx,2362,395,0.1672311600338696,2362,326,0.1380186282811177,2362,308,0.13039796782387808
36005037100,Bronx,4202,1011,0.24059971442170394,4218,1149,0.2724039829302987,4218,249,0.05903271692745377
36005037200,Bronx,1969,253,0.12849162011173185,2017,187,0.09271194843827467,2017,115,0.05701536936043629
36005037300,Bronx,6185,1415,0.22877930476960387,6197,2260,0.3646925931902533,6197,220,0.03550104889462643
36005037400,Bronx,3602,1169,0.3245419211549139,3633,673,0.18524635287641067,3633,161,0.04431599229287091
36005037504,Bronx,3831,1240,0.32367528060558604,3831,703,0.18350300182719917,3831,204,0.05324980422866092
36005037600,Bronx,2115,503,0.23782505910165486,2115,380,0.17966903073286053,2115,199,0.09408983451536643
36005037800,Bronx,3481,791,0.22723355357655847,3503,638,0.1821296031972595,3503,408,0.11647159577504995
36005037900,Bronx,6293,1922,0.3054187192118227,6961,1757,0.2524062634678925,6961,305,0.043815543743714984
36005038000,Bronx,4925,2213,0.44934010152284265,4925,692,0.14050761421319796,4925,185,0.03756345177664975
36005038100,Bronx,6523,2154,0.33021615820941286,6543,1032,0.15772581384685924,6543,591,0.09032553874369555
36005038200,Bronx,2937,486,0.16547497446373852,2964,379,0.12786774628879893,2964,184,0.0620782726045884
36005038301,Bronx,4525,1671,0.3692817679558011,4553,565,0.1240940039534373,4553,728,0.1598945750054909
36005038303,Bronx,3644,940,0.2579582875960483,3662,663,0.18104860731840525,3662,240,0.0655379574003277
36005038304,Bronx,2146,1033,0.48136067101584346,2231,562,0.2519049753473779,2231,60,0.02689376961004034
36005038500,Bronx,5197,3759,0.7233019049451607,5218,1275,0.2443464929091606,5218,157,0.030088156381755462
36005038600,Bronx,7985,1631,0.204257983719474,8012,1044,0.13030454318522217,8012,524,0.0654018971542686
36005038700,Bronx,3610,1054,0.2919667590027701,3610,631,0.17479224376731303,3610,799,0.22132963988919668
36005038800,Bronx,2752,577,0.20966569767441862,2752,316,0.11482558139534883,2752,148,0.05377906976744186
36005038900,Bronx,5221,1810,0.3466768818234055,5412,505,0.09331116038433111,5412,906,0.1674057649667406
36005039000,Bronx,3054,572,0.18729535036018335,3054,379,0.12409954158480681,3054,104,0.034053700065487885
36005039100,Bronx,6048,2033,0.3361441798941799,6071,1192,0.1963432712897381,6071,820,0.13506835776643056
36005039200,Bronx,1578,304,0.1926489226869455,1578,296,0.18757921419518378,1578,98,0.062103929024081114
36005039300,Bronx,8776,3306,0.37670920692798543,8847,1510,0.17067932632530802,8847,368,0.041596021250141293
36005039400,Bronx,4020,1149,0.28582089552238804,4119,502,0.12187424132070891,4119,525,0.12745812090313183
36005039500,Bronx,4389,1820,0.41467304625199364,4372,1738,0.39752973467520586,4372,284,0.06495882891125343
36005039600,Bronx,3760,989,0.26303191489361705,3760,666,0.17712765957446808,3760,379,0.10079787234042553
36005039700,Bronx,1052,377,0.3583650190114068,4219,386,0.09149087461483764,4219,118,0.02796871296515762
36005039800,Bronx,3514,1675,0.47666476949345477,3540,651,0.18389830508474575,3540,65,0.018361581920903956
36005039901,Bronx,4854,987,0.20333745364647712,4808,459,0.09546589018302828,4808,547,0.11376871880199667
36005039902,Bronx,4706,1122,0.2384190395240119,4719,569,0.12057639330366603,4719,822,0.17418944691671964
36005040100,Bronx,4566,2040,0.4467805519053876,4622,1135,0.24556469061012548,4622,485,0.10493292946776288
36005040302,Bronx,3968,1755,0.4422883064516129,3984,701,0.17595381526104417,3984,185,0.04643574297188755
36005040303,Bronx,3980,1225,0.30778894472361806,3999,585,0.14628657164291073,3999,378,0.09452363090772693
36005040304,Bronx,3502,1321,0.3772130211307824,3492,423,0.1211340206185567,3492,428,0.12256586483390607
36005040400,Bronx,3408,535,0.15698356807511737,3408,311,0.09125586854460094,3408,324,0.09507042253521127
36005040501,Bronx,3327,829,0.24917342951608054,3327,376,0.11301472798316801,3327,366,0.11000901713255185
36005040502,Bronx,5615,2013,0.3585040071237756,5574,601,0.10782203085755293,5574,444,0.07965554359526372
36005040600,Bronx,3239,675,0.20839765359678913,3451,426,0.12344248044045204,3451,173,0.05013039698638076
36005040701,Bronx,2839,947,0.33356815780204296,2839,483,0.17013032758013386,2839,344,0.121169425854174
36005040702,Bronx,6223,1739,0.2794472119556484,6223,1239,0.19910011248593926,6223,341,0.05479672183834164
36005040800,Bronx,4168,865,0.20753358925143953,4374,713,0.16300868770004573,4374,425,0.09716506630086877
36005040900,Bronx,3323,128,0.03851941017153175,3323,486,0.1462533854950346,3323,105,0.03159795365633464
36005041100,Bronx,3417,692,0.20251682762657303,3418,645,0.18870684610883556,3418,331,0.09684025746050322
36005041300,Bronx,7251,2037,0.28092676872155564,7327,889,0.12133205950593695,7327,818,0.1116418725262727
36005041400,Bronx,5290,727,0.13742911153119092,5478,880,0.1606425702811245,5478,395,0.07210660825118656
36005041500,Bronx,5555,1288,0.23186318631863187,5555,536,0.0964896489648965,5555,597,0.10747074707470747
36005041800,Bronx,3357,530,0.15787905868334823,3396,958,0.28209658421672557,3396,422,0.12426383981154299
36005041900,Bronx,6199,1059,0.1708340054847556,6212,885,0.14246619446233097,6212,567,0.09127495170637476
36005042000,Bronx,4621,2057,0.4451417442112097,4614,1295,0.28066753359341134,4614,486,0.10533159947984395
36005042100,Bronx,5780,1763,0.3050173010380623,5780,527,0.09117647058823529,5780,579,0.10017301038062283
36005042200,Bronx,3209,256,0.07977563103770645,3209,336,0.10470551573698972,3209,306,0.0953568089747585
36005042300,Bronx,4189,944,0.22535211267605634,4189,526,0.1255669610885653,4189,491,0.11721174504655049
36005042400,Bronx,2264,238,0.10512367491166077,2264,362,0.1598939929328622,2264,192,0.08480565371024736
36005042500,Bronx,6693,2209,0.33004631704766174,6808,1020,0.1498237367802585,6808,522,0.07667450058754406
36005042600,Bronx,6635,1090,0.16428033157498115,6660,1193,0.17912912912912912,6660,739,0.11096096096096096
36005042800,Bronx,2347,203,0.08649339582445675,2381,385,0.1616967660646787,2381,94,0.039479210415791686
36005042901,Bronx,3397,1140,0.3355902266705917,3361,280,0.08330853912526034,3361,297,0.08836655757215114
36005042902,Bronx,3546,839,0.23660462492949802,3568,710,0.19899103139013452,3568,267,0.07483183856502242
36005043000,Bronx,3004,350,0.11651131824234354,3004,356,0.118508655126498,3004,101,0.03362183754993342
36005043101,Bronx,5051,2025,0.40091071075034646,5051,1030,0.20392001583844782,5051,382,0.07562858839833696
36005043102,Bronx,4059,884,0.21778763242177876,4059,600,0.14781966001478197,4059,462,0.11382113821138211
36005043400,Bronx,3921,1019,0.2598826829890334,3921,391,0.09971945932160163,3921,136,0.03468502932925274
36005043501,Bronx,1011,363,0.3590504451038576,1011,189,0.18694362017804153,1011,43,0.04253214638971316
36005043502,Bronx,0,0,,0,0,,0,0,
36005043503,Bronx,0,0,,0,0,,0,0,
36005043600,Bronx,2362,306,0.12955122777307368,2362,347,0.14690939881456394,2362,64,0.027095681625740897
36005044200,Bronx,3993,1282,0.3210618582519409,4003,829,0.20709467899075693,4003,635,0.15863102672995252
36005044400,Bronx,4293,671,0.1563009550430934,4293,620,0.14442115071045888,4293,374,0.08711856510598649
36005044800,Bronx,2374,451,0.18997472620050548,2374,314,0.13226621735467564,2374,176,0.07413647851727043
36005044901,Bronx,2043,141,0.06901615271659324,2043,287,0.14047968673519334,2043,161,0.07880567792462066
36005044902,Bronx,2164,239,0.11044362292051756,2164,209,0.09658040665434381,2164,184,0.08502772643253234
36005045101,Bronx,1691,31,0.018332347723240685,1691,132,0.07806031933767002,1691,13,0.00768775872264932
36005045102,Bronx,2068,86,0.041586073500967116,2068,173,0.08365570599613152,2068,46,0.022243713733075435
36005045600,Bronx,3552,65,0.01829954954954955,3552,546,0.15371621621621623,3552,150,0.04222972972972973
36005045800,Bronx,5523,2353,0.4260365743255477,5523,1630,0.29512945862755746,5523,222,0.040195545898967955
36005046000,Bronx,2572,805,0.3129860031104199,2516,384,0.15262321144674085,2516,177,0.07034976152623211
36005046203,Bronx,6105,751,0.12301392301392301,6107,1433,0.23464876371377108,6107,145,0.02374324545603406
36005046204,Bronx,5257,541,0.10291040517405364,5257,793,0.1508464903937607,5257,348,0.0661974510176907
36005046205,Bronx,3633,606,0.16680429397192403,3633,602,0.16570327552986513,3633,21,0.005780346820809248
36005046206,Bronx,3942,46,0.011669203450025367,3948,493,0.12487335359675786,3948,381,0.09650455927051672
36005046207,Bronx,6535,1056,0.16159143075745983,6535,860,0.1315990818668707,6535,300,0.045906656465187455
36005046208,Bronx,4416,379,0.08582427536231885,4378,454,0.10370031978072179,4378,239,0.05459113750571037
36005046209,Bronx,4436,2302,0.5189359783588818,4436,840,0.18935978358881875,4436,191,0.043056807935076644
36005048401,Bronx,3879,434,0.11188450631606084,3886,420,0.1080802882141019,3886,108,0.027792074112197633
36005048402,Bronx,0,0,,0,0,,0,0,
36005050400,Bronx,0,0,,0,0,,0,0,
36005051601,Bronx,3828,199,0.05198537095088819,3828,1116,0.29153605015673983,3828,60,0.01567398119122257
36005051602,Bronx,0,0,,0,0,,0,0,
36047000100,Brooklyn,4799,134,0.02792248385080225,4815,511,0.10612668743509865,4815,99,0.020560747663551402
36047000200,Brooklyn,1288,444,0.3447204968944099,1288,148,0.11490683229813664,1288,293,0.22748447204968944
36047000301,Brooklyn,4384,227,0.051779197080291973,4501,366,0.08131526327482781,4501,86,0.01910686514107976
36047000501,Brooklyn,3381,285,0.08429458740017746,4541,629,0.13851574543052192,4541,17,0.003743668795419511
36047000502,Brooklyn,2685,202,0.07523277467411546,2704,110,0.040680473372781065,2704,55,0.020340236686390532
36047000700,Brooklyn,4195,172,0.04100119189511323,4243,108,0.02545368842799906,4243,89,0.020975724723073297
36047000900,Brooklyn,4842,141,0.029120198265179677,5227,245,0.04687201071360245,5227,149,0.02850583508704802
36047001100,Brooklyn,1580,166,0.10506329113924051,1580,97,0.06139240506329114,1580,72,0.04556962025316456
36047001300,Brooklyn,2249,236,0.10493552690084482,2518,245,0.09729944400317712,2518,9,0.003574265289912629
36047001501,Brooklyn,4565,1113,0.24381161007667032,4565,464,0.10164293537787514,4565,209,0.04578313253012048
36047001502,Brooklyn,5225,854,0.16344497607655503,5238,324,0.061855670103092786,5238,169,0.03226422298587247
36047001801,Brooklyn,0,0,,0,0,,0,0,
36047001802,Brooklyn,0,0,,0,0,,0,0,
36047001803,Brooklyn,11,8,0.7272727272727273,11,10,0.9090909090909091,11,0,0.0
36047001804,Brooklyn,0,0,,0,0,,0,0,
36047002000,Brooklyn,1733,180,0.10386612810155799,1733,139,0.08020773225620312,1733,358,0.20657818811309867
36047002100,Brooklyn,6452,583,0.09035957842529448,6452,252,0.03905765654060756,6452,144,0.022318660880347178
36047002200,Brooklyn,4643,1161,0.2500538444970924,4643,825,0.17768684040491062,4643,514,0.11070428602196855
36047002300,Brooklyn,3385,1132,0.33441654357459377,3385,862,0.2546528803545052,3385,255,0.07533234859675036
36047002901,Brooklyn,3177,1367,0.43028013849543595,3177,804,0.2530689329556185,3177,183,0.05760151085930123
36047003000,Brooklyn,1844,87,0.04718004338394794,1811,158,0.08724461623412479,1811,48,0.02650469353948095
36047003101,Brooklyn,3073,173,0.056296778392450376,3716,203,0.0546286329386437,3716,447,0.12029063509149623
36047003102,Brooklyn,0,0,,0,0,,0,0,
36047003300,Brooklyn,4125,398,0.09648484848484848,4125,505,0.12242424242424242,4125,149,0.03612121212121212
36047003400,Brooklyn,3349,250,0.0746491489997014,3349,544,0.16243654822335024,3349,252,0.07524634219169901
36047003500,Brooklyn,2153,220,0.10218300046446818,2153,250,0.1161170459823502,2153,88,0.04087320018578727
36047003600,Brooklyn,3841,765,0.19916688362405624,3841,487,0.12678989846394167,3841,183,0.04764384274928404
36047003700,Brooklyn,4269,562,0.13164675568048723,4381,83,0.01894544624514951,4381,50,0.011412919424788861
36047003800,Brooklyn,1539,149,0.096816114359974,1539,186,0.12085769980506822,1539,70,0.04548408057179987
36047003900,Brooklyn,2986,356,0.11922304085733422,2986,194,0.06496985934360348,2986,58,0.01942397856664434
36047004100,Brooklyn,3114,306,0.09826589595375723,3131,285,0.0910252315554136,3131,47,0.015011178537208559
36047004300,Brooklyn,3706,351,0.09471127900701565,3765,287,0.07622841965471447,3765,39,0.010358565737051793
36047004400,Brooklyn,2255,130,0.057649667405764965,2255,236,0.10465631929046564,2255,31,0.013747228381374724
36047004500,Brooklyn,3897,155,0.03977418527072107,3898,179,0.04592098512057465,3898,62,0.01590559261159569
36047004600,Brooklyn,1143,113,0.09886264216972879,1143,77,0.0673665791776028,1143,16,0.01399825021872266
36047004700,Brooklyn,1994,270,0.1354062186559679,1994,137,0.0687061183550652,1994,23,0.011534603811434303
36047004900,Brooklyn,2460,254,0.10325203252032521,2460,70,0.028455284552845527,2460,0,0.0
36047005000,Brooklyn,2564,263,0.10257410296411856,2564,319,0.12441497659906396,2564,41,0.015990639625585022
36047005100,Brooklyn,2417,122,0.050475796441870086,2436,140,0.05747126436781609,2436,46,0.018883415435139574
36047005201,Brooklyn,1751,378,0.2158766419189035,1751,458,0.2615648201027984,1751,41,0.023415191319246145
36047005202,Brooklyn,2676,104,0.03886397608370702,2676,262,0.09790732436472346,2676,13,0.004857997010463378
36047005301,Brooklyn,2087,256,0.12266411116435075,2095,202,0.0964200477326969,2095,171,0.08162291169451073
36047005302,Brooklyn,123,0,0.0,123,0,0.0,123,0,0.0
36047005303,Brooklyn,136,0,0.0,136,0,0.0,136,0,0.0
36047005400,Brooklyn,3425,232,0.06773722627737226,3425,351,0.10248175182481752,3425,72,0.021021897810218976
36047005601,Brooklyn,2577,464,0.18005432673651534,2577,299,0.11602638727202173,2577,51,0.01979045401629802
36047005602,Brooklyn,1791,50,0.027917364600781685,1791,129,0.07202680067001675,1791,65,0.036292573981016193
36047005800,Brooklyn,3115,237,0.07608346709470305,3110,436,0.14019292604501607,3110,36,0.01157556270096463
36047005900,Brooklyn,1488,358,0.24059139784946237,1515,204,0.13465346534653466,1515,64,0.042244224422442245
36047006000,Brooklyn,2793,91,0.03258145363408521,2793,204,0.07303974221267455,2793,205,0.07339778016469746
36047006200,Brooklyn,2635,453,0.17191650853889942,2648,188,0.07099697885196375,2648,172,0.0649546827794562
36047006300,Brooklyn,1904,65,0.03413865546218487,1904,183,0.09611344537815127,1904,87,0.04569327731092437
36047006400,Brooklyn,3461,621,0.17942791100837907,3461,373,0.10777232013868825,3461,77,0.022247905229702398
36047006500,Brooklyn,6089,241,0.0395795697158811,6089,241,0.0395795697158811,6089,76,0.012481524059779932
36047006600,Brooklyn,4104,713,0.17373294346978557,4104,420,0.1023391812865497,4104,155,0.03776803118908382
36047006700,Brooklyn,4032,154,0.03819444444444445,4032,304,0.07539682539682539,4032,86,0.02132936507936508
36047006800,Brooklyn,4107,558,0.1358655953250548,4107,531,0.12929145361577793,4107,292,0.07109812515217921
36047006901,Brooklyn,1749,126,0.07204116638078903,1783,116,0.06505888951205833,1783,85,0.04767246214245653
36047006902,Brooklyn,1906,69,0.03620146904512067,1906,86,0.04512067156348373,1906,74,0.03882476390346275
36047007000,Brooklyn,2591,147,0.0567348514087225,2591,523,0.20185256657661135,2591,75,0.028946352759552298
36047007100,Brooklyn,4050,829,0.20469135802469135,4050,747,0.18444444444444444,4050,277,0.06839506172839506
36047007200,Brooklyn,1738,483,0.27790563866513235,1759,254,0.14440022740193292,1759,343,0.19499715747583854
36047007400,Brooklyn,5473,1134,0.20719897679517632,5478,348,0.06352683461117196,5478,814,0.14859437751004015
36047007500,Brooklyn,4766,796,0.16701636592530425,4766,353,0.07406630297943768,4766,300,0.0629458665547629
36047007600,Brooklyn,4095,600,0.14652014652014653,4096,514,0.12548828125,4096,649,0.158447265625
36047007700,Brooklyn,5974,311,0.05205892199531302,5974,422,0.07063943756277201,5974,56,0.009373953799799129
36047007800,Brooklyn,4705,1025,0.21785334750265675,4713,368,0.07808190112454912,4713,547,0.1160619562911097
36047008000,Brooklyn,3275,656,0.20030534351145038,3296,561,0.17020631067961164,3296,458,0.13895631067961164
36047008200,Brooklyn,3966,1228,0.30963187090267275,3985,538,0.13500627352572145,3985,288,0.07227101631116688
36047008400,Brooklyn,2867,327,0.11405650505755145,2994,451,0.15063460253841016,2994,601,0.20073480293921175
36047008500,Brooklyn,6401,2356,0.3680674894547727,6401,1472,0.22996406811435713,6401,499,0.07795656928604905
36047008600,Brooklyn,0,0,,0,0,,0,0,
36047008800,Brooklyn,3197,517,0.16171410697528935,3221,357,0.110835144365104,3221,262,0.08134119838559453
36047009001,Brooklyn,1175,296,0.2519148936170213,1305,158,0.1210727969348659,1305,138,0.10574712643678161
36047009002,Brooklyn,1549,86,0.05551969012265978,1549,147,0.09489993544222079,1549,198,0.12782440284054228
36047009201,Brooklyn,1986,468,0.23564954682779457,1986,202,0.10171198388721048,1986,146,0.07351460221550855
36047009202,Brooklyn,2628,781,0.2971841704718417,2648,349,0.131797583081571,2648,366,0.13821752265861026
36047009401,Brooklyn,1946,807,0.4146968139773895,1946,142,0.07297019527235354,1946,170,0.08735868448098665
36047009402,Brooklyn,3279,710,0.2165294297041781,3280,222,0.0676829268292683,3280,339,0.10335365853658536
36047009600,Brooklyn,6032,1287,0.21336206896551724,6025,736,0.12215767634854771,6025,785,0.13029045643153528
36047009800,Brooklyn,6583,1852,0.2813307002886222,6713,570,0.08490987635930285,6713,1206,0.17965142261284076
36047010000,Brooklyn,5489,1291,0.23519766806339953,5489,365,0.06649662962288212,5489,628,0.11441063946073966
36047010100,Brooklyn,4573,765,0.16728624535315986,4606,433,0.09400781589231437,4606,403,0.08749457229700391
36047010200,Brooklyn,5152,1205,0.23388975155279504,5201,412,0.07921553547394732,5201,407,0.07825418188809845
36047010401,Brooklyn,2060,616,0.29902912621359223,2060,165,0.08009708737864078,2060,239,0.11601941747572815
36047010402,Brooklyn,2145,890,0.4149184149184149,2174,111,0.05105795768169273,2174,112,0.051517939282428704
36047010601,Brooklyn,2138,785,0.36716557530402244,2138,122,0.05706267539756782,2138,155,0.0724976613657624
36047010602,Brooklyn,2088,220,0.1053639846743295,2088,132,0.06321839080459771,2088,45,0.021551724137931036
36047010801,Brooklyn,1878,555,0.2955271565495208,1878,143,0.07614483493077742,1878,175,0.09318423855165069
36047010802,Brooklyn,2396,656,0.27378964941569284,2419,101,0.04175279040926003,2419,107,0.04423315419594874
36047011000,Brooklyn,2530,371,0.1466403162055336,2535,195,0.07692307692307693,2535,158,0.06232741617357002
36047011200,Brooklyn,6584,1540,0.23390036452004861,6611,637,0.0963545605808501,6611,850,0.12857358947209196
36047011400,Brooklyn,3258,582,0.17863720073664824,3291,215,0.0653296870252203,3291,259,0.07869948343968398
36047011600,Brooklyn,3212,892,0.2777085927770859,3233,161,0.049798948345190226,3233,138,0.04268481286730591
36047011700,Brooklyn,2729,98,0.035910589959692193,2776,309,0.11131123919308357,2776,201,0.07240634005763688
36047011800,Brooklyn,1867,514,0.275307980717729,1867,126,0.06748794858061061,1867,69,0.036957686127477234
36047011901,Brooklyn,1343,158,0.11764705882352941,1378,123,0.08925979680696662,1378,136,0.09869375907111756
36047011902,Brooklyn,0,0,,0,0,,0,0,
36047012000,Brooklyn,1214,340,0.2800658978583196,1225,73,0.05959183673469388,1225,112,0.09142857142857143
36047012100,Brooklyn,2157,193,0.08947612424663885,2157,114,0.05285118219749652,2157,215,0.09967547519703292
36047012200,Brooklyn,4655,1330,0.2857142857142857,4655,213,0.04575725026852846,4655,341,0.0732545649838883
36047012600,Brooklyn,3020,569,0.18841059602649007,3020,280,0.09271523178807947,3020,390,0.1291390728476821
36047012700,Brooklyn,4222,508,0.12032212221695879,4211,969,0.2301116124436001,4211,623,0.14794585609118974
36047012801,Brooklyn,1971,446,0.22628107559614408,1987,252,0.1268243583291394,1987,131,0.06592853548062405
36047012901,Brooklyn,2539,238,0.09373769200472627,2539,237,0.09334383615596692,2539,182,0.07168176447420244
36047012902,Brooklyn,3822,241,0.0630559916274202,3822,191,0.0499738356881214,3822,109,0.028519099947671375
36047013000,Brooklyn,5586,820,0.14679556032939492,5586,466,0.08342284282133906,5586,499,0.08933046902971715
36047013100,Brooklyn,3504,378,0.10787671232876712,3533,391,0.11067081800169827,3533,55,0.015567506368525332
36047013200,Brooklyn,2088,330,0.15804597701149425,2088,399,0.1910919540229885,2088,81,0.03879310344827586
36047013300,Brooklyn,4256,63,0.014802631578947368,4264,218,0.05112570356472795,4264,117,0.027439024390243903
36047013400,Brooklyn,4137,473,0.11433405849649504,4207,371,0.08818635607321132,4207,89,0.02115521749465177
36047013500,Brooklyn,4294,79,0.0183977643223102,4294,197,0.045877969259431765,4294,71,0.016534699580810434
36047013600,Brooklyn,4015,509,0.12677459526774595,4088,459,0.112279843444227,4088,182,0.04452054794520548
36047013700,Brooklyn,3026,150,0.0495703899537343,3094,138,0.04460245636716225,3094,142,0.04589528118939883
36047013800,Brooklyn,3792,118,0.031118143459915613,3800,270,0.07105263157894737,3800,53,0.013947368421052632
36047013900,Brooklyn,3560,213,0.0598314606741573,3560,237,0.06657303370786517,3560,172,0.048314606741573035
36047014000,Brooklyn,1787,415,0.23223279238947958,1787,241,0.1348628987129267,1787,114,0.063794068270845
36047014101,Brooklyn,1480,197,0.1331081081081081,1483,122,0.08226567768037761,1483,65,0.04383007417397168
36047014102,Brooklyn,2032,166,0.08169291338582677,2032,423,0.20816929133858267,2032,103,0.050688976377952756
36047014200,Brooklyn,3517,880,0.2502132499289167,3524,517,0.1467082860385925,3524,207,0.058740068104426786
36047014300,Brooklyn,3653,347,0.0949904188338352,3675,256,0.06965986394557823,3675,256,0.06965986394557823
36047014500,Brooklyn,4681,567,0.12112796411023286,4681,406,0.08673360393078403,4681,333,0.07113864558854946
36047014700,Brooklyn,2363,169,0.07151925518408803,2373,74,0.031184155077960386,2373,8,0.00337126000842815
36047014800,Brooklyn,1210,94,0.07768595041322314,1233,70,0.05677210056772101,1233,0,0.0
36047014901,Brooklyn,1540,129,0.08376623376623377,1540,143,0.09285714285714286,1540,27,0.01753246753246753
36047014902,Brooklyn,4054,244,0.06018746916625555,4054,280,0.06906758756783424,4054,211,0.05204736063147509
36047015000,Brooklyn,1437,202,0.14057063326374392,1437,249,0.1732776617954071,1437,86,0.059846903270702856
36047015100,Brooklyn,4060,182,0.04482758620689655,4060,252,0.06206896551724138,4060,74,0.018226600985221674
36047015200,Brooklyn,2123,301,0.14178049929345266,2123,124,0.05840791333019312,2123,51,0.024022609514837492
36047015300,Brooklyn,2554,109,0.04267815191855912,2578,144,0.055857253685027156,2578,85,0.032971295577967415
36047015400,Brooklyn,0,0,,0,0,,0,0,
36047015500,Brooklyn,3413,136,0.039847641371227656,3443,160,0.046471100784199824,3443,28,0.00813244263723497
36047015700,Brooklyn,5040,119,0.02361111111111111,5071,324,0.06389272332873201,5071,0,0.0
36047015900,Brooklyn,5358,262,0.04889884285181038,5376,247,0.04594494047619048,5376,27,0.005022321428571429
36047016000,Brooklyn,4426,738,0.166741979213737,4426,300,0.06778129236330772,4426,214,0.04835065521915951
36047016100,Brooklyn,3432,67,0.019522144522144524,3461,296,0.08552441490898584,3461,55,0.015891360878358855
36047016200,Brooklyn,2221,331,0.1490319675821702,2267,268,0.11821790913101014,2267,24,0.0105866784296427
36047016300,Brooklyn,4357,347,0.07964195547394996,4370,418,0.09565217391304348,4370,133,0.030434782608695653
36047016400,Brooklyn,702,0,0.0,634,30,0.0473186119873817,634,0,0.0
36047016500,Brooklyn,5742,119,0.02072448624172762,5742,157,0.027342389411354927,5742,80,0.013932427725531174
36047016600,Brooklyn,2201,167,0.07587460245343026,2201,119,0.05406633348477965,2201,97,0.04407087687414812
36047016700,Brooklyn,4800,273,0.056875,4800,357,0.074375,4800,195,0.040625
36047016800,Brooklyn,1763,111,0.06296086216676121,1763,235,0.13329551900170164,1763,9,0.005104934770277935
36047016900,Brooklyn,4506,667,0.1480248557478917,4714,285,0.060458209588459905,4714,244,0.05176071277047094
36047017000,Brooklyn,3495,421,0.12045779685264664,3503,578,0.16500142734798745,3503,297,0.08478447045389666
36047017100,Brooklyn,4139,75,0.01812031891761295,4139,147,0.035515825078521385,4139,50,0.012080212611741966
36047017200,Brooklyn,2745,119,0.043351548269581056,2746,276,0.10050983248361253,2746,382,0.13911143481427532
36047017400,Brooklyn,1925,259,0.13454545454545455,1925,118,0.0612987012987013,1925,107,0.055584415584415584
36047017500,Brooklyn,0,0,,0,0,,0,0,
36047017600,Brooklyn,2228,193,0.08662477558348294,2228,254,0.11400359066427289,2228,134,0.06014362657091562
36047017700,Brooklyn,0,0,,0,0,,0,0,
36047017800,Brooklyn,2333,106,0.04543506215173596,2333,121,0.05186455207886841,2333,124,0.0531504500642949
36047017900,Brooklyn,3868,1167,0.3017063081695967,3868,536,0.13857290589451912,3868,80,0.020682523267838676
36047018000,Brooklyn,2936,484,0.164850136239782,2948,256,0.08683853459972862,2948,54,0.018317503392130258
36047018100,Brooklyn,3886,307,0.07900154400411734,3886,416,0.10705095213587236,3886,47,0.012094698919197119
36047018200,Brooklyn,3708,427,0.11515641855447681,3708,429,0.1156957928802589,3708,419,0.11299892125134843
36047018300,Brooklyn,2821,68,0.024104927330733782,2821,147,0.052109181141439205,2821,60,0.021269053527118043
36047018400,Brooklyn,2108,123,0.058349146110056926,2108,275,0.13045540796963948,2108,103,0.048861480075901326
36047018501,Brooklyn,4583,1054,0.2299803622081606,4583,1112,0.24263582806022257,4583,226,0.04931267728562077
36047018600,Brooklyn,1907,101,0.0529627687467226,1907,178,0.09334032511798637,1907,43,0.022548505506030415
36047018700,Brooklyn,1355,126,0.0929889298892989,1356,152,0.11209439528023599,1356,84,0.061946902654867256
36047018800,Brooklyn,2865,504,0.17591623036649215,2865,289,0.10087260034904014,2865,199,0.06945898778359512
36047019000,Brooklyn,4171,911,0.21841285063533925,4171,486,0.11651882042675617,4171,780,0.18700551426516424
36047019100,Brooklyn,2974,374,0.12575655682582382,3029,152,0.050181578078573784,3029,158,0.052162429844833276
36047019200,Brooklyn,3116,834,0.26765083440308085,3116,126,0.04043645699614891,3116,505,0.16206675224646983
36047019300,Brooklyn,4390,798,0.18177676537585422,6601,799,0.12104226632328435,6601,156,0.02363278291168005
36047019400,Brooklyn,3288,863,0.26246958637469586,3288,367,0.11161800486618005,3288,292,0.08880778588807786
36047019500,Brooklyn,4104,486,0.11842105263157894,4104,483,0.11769005847953216,4104,89,0.02168615984405458
36047019600,Brooklyn,3671,1202,0.327431217651866,3671,357,0.09724870607463906,3671,147,0.040043584854263146
36047019700,Brooklyn,3587,215,0.059938667410091996,3614,283,0.07830658550083011,3614,27,0.007470946319867183
36047019800,Brooklyn,1823,249,0.13658804168952277,1823,206,0.11300054854635216,1823,45,0.024684585847504114
36047019900,Brooklyn,4304,290,0.06737918215613382,4304,280,0.06505576208178439,4304,119,0.027648698884758363
36047020000,Brooklyn,2337,466,0.19940094137783482,2337,242,0.10355156183140779,2337,153,0.06546854942233633
36047020100,Brooklyn,3993,147,0.03681442524417731,3993,255,0.0638617580766341,3993,160,0.040070122714750814
36047020200,Brooklyn,1717,169,0.09842748980780432,1717,159,0.09260337798485731,1717,72,0.041933605125218404
36047020300,Brooklyn,2074,271,0.13066538090646093,2074,199,0.09594985535197685,2074,49,0.023625843780135006
36047020400,Brooklyn,2037,117,0.05743740795287187,2037,253,0.12420225822287678,2037,56,0.027491408934707903
36047020500,Brooklyn,3834,130,0.03390714658320292,3834,151,0.03938445487741262,3834,69,0.017996870109546165
36047020600,Brooklyn,2589,621,0.2398609501738123,2590,345,0.13320463320463322,2590,94,0.036293436293436294
36047020700,Brooklyn,4628,386,0.08340535868625756,4628,296,0.06395851339671564,4628,0,0.0
36047020800,Brooklyn,2559,338,0.13208284486127395,2573,407,0.15818111154294598,2573,50,0.0194325689856199
36047021000,Brooklyn,3794,998,0.26304691618344755,3794,482,0.12704269899841855,3794,441,0.11623616236162361
36047021100,Brooklyn,2778,424,0.15262778977681785,2778,381,0.13714902807775378,2778,275,0.09899208063354932
36047021200,Brooklyn,3150,660,0.20952380952380953,3150,413,0.13111111111111112,3150,224,0.07111111111111111
36047021300,Brooklyn,4523,1088,0.24054830864470483,4523,461,0.10192350210037586,4523,271,0.05991598496573071
36047021400,Brooklyn,2542,829,0.3261211644374508,2580,175,0.06782945736434108,2580,222,0.08604651162790698
36047021500,Brooklyn,5595,427,0.07631814119749776,5595,510,0.09115281501340483,5595,179,0.03199285075960679
36047021600,Brooklyn,3885,1885,0.4851994851994852,3885,247,0.06357786357786357,3885,250,0.06435006435006435
36047021700,Brooklyn,4192,560,0.13358778625954199,4210,505,0.11995249406175772,4210,301,0.07149643705463182
36047021800,Brooklyn,2760,456,0.16521739130434782,2760,108,0.0391304347826087,2760,208,0.07536231884057971
36047021900,Brooklyn,4258,426,0.10004697040864255,4258,359,0.08431188351338656,4258,242,0.05683419445749178
36047022000,Brooklyn,5854,1989,0.3397676802186539,5854,297,0.05073454048513837,5854,220,0.037581141100102494
36047022100,Brooklyn,3724,787,0.21133190118152523,3724,697,0.1871643394199785,3724,315,0.08458646616541353
36047022200,Brooklyn,4031,2052,0.5090548251054329,4050,176,0.04345679012345679,4050,320,0.07901234567901234
36047022400,Brooklyn,5786,1979,0.3420324922226063,5786,406,0.07016937435188386,5786,215,0.03715865883166263
36047022600,Brooklyn,2844,316,0.1111111111111111,2844,237,0.08333333333333333,2844,141,0.049578059071729956
36047022700,Brooklyn,4823,668,0.13850300642753474,4833,672,0.13904407200496585,4833,422,0.08731636664597558
36047022800,Brooklyn,3376,1299,0.3847748815165877,3485,363,0.10416068866571018,3485,54,0.015494978479196557
36047022900,Brooklyn,3645,401,0.11001371742112483,3645,247,0.06776406035665294,3645,188,0.051577503429355284
36047023000,Brooklyn,4202,2197,0.52284626368396,4202,276,0.06568300809138505,4202,289,0.06877677296525464
36047023100,Brooklyn,3530,331,0.09376770538243626,3530,292,0.08271954674220963,3530,180,0.05099150141643059
36047023200,Brooklyn,6610,2475,0.3744326777609682,6610,269,0.04069591527987897,6610,44,0.0066565809379727685
36047023300,Brooklyn,5988,2034,0.3396793587174349,5988,484,0.08082832331329326,5988,96,0.01603206412825651
36047023400,Brooklyn,5623,2019,0.35906099946647696,5663,360,0.06357054564718347,5663,92,0.016245806109835777
36047023500,Brooklyn,5527,1719,0.3110186357879501,5527,272,0.04921295458657499,5527,74,0.013388818527229961
36047023600,Brooklyn,6444,2163,0.3356610800744879,6444,292,0.04531346989447548,6444,61,0.00946617008069522
36047023800,Brooklyn,5584,1579,0.2827722063037249,5584,263,0.047098853868194845,5584,78,0.013968481375358166
36047024000,Brooklyn,5530,2669,0.4826401446654611,5530,277,0.05009041591320072,5530,90,0.0162748643761302
36047024100,Brooklyn,3154,719,0.22796448953709575,3154,390,0.12365250475586556,3154,139,0.044071020925808495
36047024200,Brooklyn,3402,941,0.27660199882422104,3402,202,0.059376837154614934,3402,36,0.010582010582010581
36047024300,Brooklyn,4419,600,0.13577732518669383,4419,638,0.1443765557818511,4419,109,0.024666214075582713
36047024400,Brooklyn,3529,1305,0.36979314253329554,3556,77,0.021653543307086614,3556,292,0.08211473565804274
36047024500,Brooklyn,4383,459,0.10472279260780287,4383,423,0.09650924024640657,4383,291,0.06639288158795345
36047024600,Brooklyn,3234,748,0.23129251700680273,3298,238,0.07216494845360824,3298,420,0.12734990903577925
36047024700,Brooklyn,2508,588,0.23444976076555024,2547,225,0.08833922261484099,2547,49,0.019238319591676482
36047024800,Brooklyn,2543,674,0.26504128981517894,2543,185,0.07274872198191112,2543,232,0.09123082972866693
36047024900,Brooklyn,4124,577,0.13991270611057227,4147,583,0.14058355437665782,4147,264,0.0636604774535809
36047025000,Brooklyn,1428,339,0.23739495798319327,1431,289,0.20195667365478687,1431,85,0.0593990216631726
36047025100,Brooklyn,3990,1493,0.37418546365914784,3975,619,0.15572327044025158,3975,232,0.05836477987421384
36047025200,Brooklyn,4460,729,0.16345291479820628,4460,400,0.08968609865470852,4460,245,0.05493273542600897
36047025300,Brooklyn,3904,1192,0.305327868852459,3904,343,0.08785860655737705,3904,220,0.05635245901639344
36047025400,Brooklyn,3437,870,0.2531277276694792,3437,291,0.08466686063427407,3437,235,0.06837358161187082
36047025500,Brooklyn,4940,1591,0.3220647773279352,4940,884,0.17894736842105263,4940,427,0.08643724696356275
36047025600,Brooklyn,2815,284,0.10088809946714032,2815,350,0.12433392539964476,2815,115,0.04085257548845471
36047025700,Brooklyn,3370,1317,0.3908011869436202,3370,207,0.06142433234421365,3370,377,0.11186943620178041
36047025800,Brooklyn,4068,1277,0.313913470993117,4068,442,0.10865290068829891,4068,297,0.07300884955752213
36047025901,Brooklyn,2217,474,0.21380243572395127,2217,115,0.05187189896256202,2217,95,0.04285069914298602
36047025902,Brooklyn,3796,1843,0.4855110642781876,3796,1022,0.2692307692307692,3796,467,0.12302423603793466
36047026000,Brooklyn,2861,371,0.12967493883257603,2909,403,0.13853557923685114,2909,331,0.11378480577518048
36047026100,Brooklyn,5728,1657,0.28928072625698326,5741,730,0.1271555478139697,5741,517,0.09005399756140045
36047026200,Brooklyn,2645,419,0.15841209829867675,2642,258,0.09765329295987887,2642,153,0.057910673732021196
36047026300,Brooklyn,2189,390,0.17816354499771586,2216,306,0.13808664259927797,2216,126,0.05685920577617329
36047026400,Brooklyn,4491,904,0.201291471832554,4554,320,0.07026789635485288,4554,658,0.14448836187966624
36047026500,Brooklyn,4099,870,0.21224688948524031,4099,361,0.08807026103927787,4099,343,0.08367894608441083
36047026600,Brooklyn,3399,656,0.19299794057075612,3401,150,0.04410467509556013,3401,187,0.05498382828579829
36047026700,Brooklyn,3933,245,0.06229341469616069,3933,164,0.041698449021103486,3933,71,0.018052377320111872
36047026800,Brooklyn,4414,631,0.14295423652016312,4414,340,0.07702763932940643,4414,334,0.07566832804712278
36047026900,Brooklyn,3444,630,0.18292682926829268,3444,335,0.0972706155632985,3444,200,0.05807200929152149
36047027000,Brooklyn,2582,649,0.25135553834237023,2582,262,0.10147172734314484,2582,82,0.031758326878388844
36047027100,Brooklyn,3637,532,0.14627440197965355,3637,347,0.09540830354687929,3637,254,0.06983777838878197
36047027200,Brooklyn,3750,977,0.26053333333333334,3750,479,0.12773333333333334,3750,457,0.12186666666666666
36047027300,Brooklyn,4154,347,0.08353394318728936,4175,615,0.1473053892215569,4175,135,0.032335329341317366
36047027400,Brooklyn,2938,308,0.10483321987746766,2938,541,0.18413886997957796,2938,482,0.1640571817562968
36047027500,Brooklyn,5272,1255,0.23805007587253416,5256,713,0.1356544901065449,5256,455,0.08656773211567732
36047027600,Brooklyn,3665,604,0.16480218281036835,3680,254,0.06902173913043479,3680,212,0.057608695652173914
36047027700,Brooklyn,4286,1233,0.2876808212785814,4301,753,0.1750755638223669,4301,443,0.10299930248779354
36047027800,Brooklyn,3134,390,0.1244416081684748,3134,446,0.14231014677728143,3134,158,0.05041480536056158
36047027900,Brooklyn,4260,766,0.17981220657276994,4260,432,0.10140845070422536,4260,411,0.09647887323943662
36047028000,Brooklyn,1708,187,0.1094847775175644,1708,90,0.05269320843091335,1708,210,0.12295081967213115
36047028100,Brooklyn,5194,1950,0.37543319214478243,5238,711,0.13573883161512026,5238,519,0.0990836197021764
36047028200,Brooklyn,3239,758,0.2340228465575795,3239,391,0.12071627045384378,3239,574,0.17721518987341772
36047028300,Brooklyn,3951,1182,0.29916476841306,3963,722,0.18218521322230632,3963,474,0.11960635881907646
36047028400,Brooklyn,3675,776,0.211156462585034,3675,498,0.13551020408163264,3675,90,0.024489795918367346
36047028501,Brooklyn,565,183,0.3238938053097345,565,117,0.20707964601769913,565,51,0.09026548672566372
36047028502,Brooklyn,3144,1674,0.5324427480916031,3144,844,0.2684478371501272,3144,125,0.03975826972010178
36047028600,Brooklyn,5092,2224,0.43676355066771405,5092,1001,0.19658287509819325,5092,301,0.05911233307148468
36047028700,Brooklyn,3396,1224,0.36042402826855124,3398,512,0.15067686874632136,3398,100,0.02942907592701589
36047028800,Brooklyn,3556,782,0.21991001124859394,3578,357,0.09977641140301845,3578,395,0.11039686975964226
36047028900,Brooklyn,4137,1401,0.3386511965192168,4147,321,0.07740535326742223,4147,640,0.15432843019049916
36047029000,Brooklyn,3710,1037,0.2795148247978437,3710,645,0.1738544474393531,3710,81,0.02183288409703504
36047029100,Brooklyn,3461,665,0.19214099971106616,3461,390,0.11268419531927189,3461,177,0.05114128864490032
36047029200,Brooklyn,2501,432,0.17273090763694524,2501,423,0.16913234706117553,2501,111,0.04438224710115954
36047029300,Brooklyn,3181,1127,0.3542911034265954,3181,385,0.12103112228858849,3181,83,0.026092423766111286
36047029400,Brooklyn,1622,289,0.1781750924784217,1622,268,0.16522811344019728,1622,108,0.06658446362515413
36047029500,Brooklyn,4043,959,0.23720009893643335,4043,329,0.08137521642344793,4043,207,0.05119960425426663
36047029600,Brooklyn,6463,1860,0.28779204703697975,6463,458,0.07086492341018102,6463,843,0.13043478260869565
36047029700,Brooklyn,4004,929,0.23201798201798202,4004,794,0.1983016983016983,4004,126,0.03146853146853147
36047029800,Brooklyn,3868,770,0.19906928645294725,3877,349,0.09001805519731751,3877,266,0.06860974980655146
36047029900,Brooklyn,3120,923,0.29583333333333334,3120,300,0.09615384615384616,3120,263,0.0842948717948718
36047030000,Brooklyn,4165,765,0.1836734693877551,4165,377,0.09051620648259304,4165,320,0.07683073229291716
36047030100,Brooklyn,3169,678,0.21394761754496686,3170,293,0.09242902208201893,3170,40,0.012618296529968454
36047030200,Brooklyn,3850,692,0.17974025974025973,3850,400,0.1038961038961039,3850,202,0.05246753246753247
36047030300,Brooklyn,5465,1520,0.27813357731015553,5465,864,0.15809698078682524,5465,296,0.05416285452881976
36047030400,Brooklyn,4498,616,0.13694975544686527,4525,484,0.10696132596685083,4525,389,0.08596685082872928
36047030500,Brooklyn,6688,873,0.1305322966507177,6688,516,0.07715311004784689,6688,283,0.04231459330143541
36047030600,Brooklyn,1893,260,0.13734812466983623,1897,307,0.161834475487612,1897,133,0.07011070110701106
36047030700,Brooklyn,6279,1754,0.27934384456123584,6299,966,0.153357675821559,6299,572,0.09080806477218606
36047030800,Brooklyn,1792,216,0.12053571428571429,1792,416,0.23214285714285715,1792,56,0.03125
36047030900,Brooklyn,2277,846,0.3715415019762846,2279,410,0.1799034664326459,2279,94,0.041246160596752963
36047031100,Brooklyn,3534,776,0.21958121109224674,3534,339,0.09592529711375213,3534,106,0.029994340690435765
36047031300,Brooklyn,4352,760,0.17463235294117646,4398,960,0.21828103683492497,4398,178,0.04047294224647567
36047031401,Brooklyn,4910,501,0.1020366598778004,4910,766,0.1560081466395112,4910,468,0.09531568228105906
36047031402,Brooklyn,0,0,,0,0,,0,0,
36047031500,Brooklyn,5179,749,0.14462251399884146,5179,452,0.08727553581772543,5179,149,0.028770032824869667
36047031701,Brooklyn,4262,472,0.11074612857813233,4300,366,0.08511627906976744,4300,229,0.05325581395348837
36047031702,Brooklyn,3609,366,0.10141313383208644,3622,297,0.08199889563776919,3622,140,0.03865267807840972
36047031900,Brooklyn,3412,247,0.0723915592028136,3412,354,0.10375146541617819,3412,7,0.0020515826494724504
36047032100,Brooklyn,4975,771,0.1549748743718593,4989,693,0.13890559230306676,4989,299,0.05993185007015434
36047032300,Brooklyn,3589,604,0.16829200334354974,3589,497,0.13847868487043744,3589,164,0.04569517971579827
36047032500,Brooklyn,7964,738,0.09266700150678052,7926,775,0.09777946000504668,7926,220,0.02775674993691648
36047032600,Brooklyn,10436,3568,0.3418934457646608,10522,1176,0.11176582398783501,10522,376,0.035734651206994865
36047032700,Brooklyn,2980,389,0.13053691275167786,2980,227,0.0761744966442953,2980,0,0.0
36047032800,Brooklyn,2847,777,0.27291886195995785,2918,535,0.18334475668265934,2918,141,0.04832076764907471
36047032900,Brooklyn,5411,1249,0.2308260949916836,5411,531,0.09813343189798558,5411,392,0.0724450194049159
36047033000,Brooklyn,4721,1935,0.409870790086846,4721,1094,0.23173056555814447,4721,122,0.02584198263079856
36047033100,Brooklyn,3822,1134,0.2967032967032967,3822,482,0.1261119832548404,3822,458,0.11983254840397697
36047033300,Brooklyn,4519,925,0.2046913033857048,4519,301,0.0666076565611861,4519,154,0.034078335915025446
36047033500,Brooklyn,3400,593,0.17441176470588235,3743,346,0.09243921987710393,3743,128,0.03419716804702111
36047033600,Brooklyn,4674,499,0.10676080445014977,4757,500,0.10510826150935464,4757,202,0.04246373764977927
36047033701,Brooklyn,2668,306,0.11469265367316342,2742,354,0.12910284463894967,2742,166,0.060539752005835154
36047033702,Brooklyn,1815,276,0.15206611570247933,1974,265,0.1342451874366768,1974,88,0.044579533941236066
36047033900,Brooklyn,5010,1267,0.25289421157684633,5010,713,0.14231536926147706,5010,203,0.040518962075848305
36047034000,Brooklyn,1662,631,0.3796630565583634,1662,426,0.2563176895306859,1662,73,0.043922984356197355
36047034100,Brooklyn,2319,455,0.19620526088831391,2319,186,0.08020698576972833,2319,125,0.05390254420008624
36047034200,Brooklyn,6608,2245,0.3397397094430993,6608,1601,0.2422820823244552,6608,186,0.028147699757869248
36047034300,Brooklyn,4548,1971,0.433377308707124,4548,981,0.21569920844327176,4548,467,0.10268249780123131
36047034500,Brooklyn,2698,228,0.08450704225352113,2698,255,0.09451445515196442,2698,182,0.06745737583395107
36047034700,Brooklyn,3728,808,0.2167381974248927,3728,524,0.1405579399141631,3728,307,0.08234978540772532
36047034800,Brooklyn,3011,618,0.2052474261042843,3011,182,0.060445034872135504,3011,449,0.14911989372301562
36047034901,Brooklyn,2324,430,0.18502581755593803,2298,130,0.05657093124456049,2298,284,0.12358572671888599
36047034902,Brooklyn,3396,531,0.15636042402826855,3396,286,0.08421672555948174,3396,115,0.03386336866902238
36047035000,Brooklyn,3169,421,0.13284947933101926,3169,1108,0.34963710949826443,3169,107,0.03376459450930893
36047035101,Brooklyn,1735,454,0.261671469740634,1735,289,0.1665706051873199,1735,100,0.05763688760806916
36047035102,Brooklyn,3400,1066,0.3135294117647059,3400,450,0.1323529411764706,3400,72,0.021176470588235293
36047035200,Brooklyn,1186,713,0.6011804384485666,1186,801,0.6753794266441822,1186,21,0.01770657672849916
36047035301,Brooklyn,2472,1024,0.41423948220064727,2483,270,0.10873942811115586,2483,227,0.09142166733789771
36047035302,Brooklyn,3058,460,0.15042511445389142,3059,367,0.11997384766263484,3059,195,0.06374632232755803
36047035400,Brooklyn,6075,587,0.09662551440329219,6075,1374,0.22617283950617284,6075,55,0.00905349794238683
36047035500,Brooklyn,5046,578,0.11454617518826793,5046,811,0.16072136345620294,5046,356,0.07055093143083631
36047035601,Brooklyn,2326,441,0.1895958727429063,2326,762,0.3276010318142734,2326,44,0.018916595012897677
36047035602,Brooklyn,6581,1027,0.15605531074304818,6581,1509,0.22929645950463456,6581,270,0.04102719951375171
36047035701,Brooklyn,2398,900,0.37531276063386154,2398,496,0.20683903252710592,2398,233,0.09716430358632193
36047035702,Brooklyn,0,0,,0,0,,0,0,
36047035900,Brooklyn,6788,1465,0.21582203889216264,6788,902,0.1328815556865056,6788,465,0.06850324101355333
36047036001,Brooklyn,2844,1005,0.35337552742616035,2844,871,0.3062587904360056,2844,279,0.0981012658227848
36047036002,Brooklyn,3726,918,0.2463768115942029,3726,1570,0.4213633923778851,3726,224,0.06011808910359635
36047036100,Brooklyn,3357,1238,0.36878165028299076,3358,786,0.23406789755807028,3358,424,0.1262656343061346
36047036200,Brooklyn,3078,1167,0.3791423001949318,3090,330,0.10679611650485436,3090,373,0.12071197411003236
36047036300,Brooklyn,5430,1056,0.19447513812154696,5430,808,0.14880294659300183,5430,241,0.04438305709023941
36047036400,Brooklyn,2288,356,0.1555944055944056,2288,185,0.08085664335664336,2288,207,0.09047202797202797
36047036501,Brooklyn,3139,548,0.1745778910481045,3139,722,0.2300095571838165,3139,83,0.026441541892322395
36047036502,Brooklyn,2380,647,0.2718487394957983,2388,232,0.09715242881072027,2388,390,0.16331658291457288
36047036600,Brooklyn,4134,948,0.22931785195936139,4134,361,0.08732462506047411,4134,820,0.19835510401548137
36047036700,Brooklyn,2091,594,0.28407460545193686,2091,154,0.07364897178383549,2091,388,0.18555714968914394
36047036900,Brooklyn,5616,1442,0.2567663817663818,5616,984,0.1752136752136752,5616,857,0.1525997150997151
36047037000,Brooklyn,3875,524,0.1352258064516129,3904,417,0.10681352459016394,3904,70,0.017930327868852458
36047037100,Brooklyn,4244,812,0.19132893496701225,4309,266,0.06173126015316779,4309,258,0.05987468090044094
36047037300,Brooklyn,4946,1016,0.2054185200161747,4952,715,0.14438610662358642,4952,494,0.09975767366720517
36047037401,Brooklyn,4758,758,0.15931063472047077,4758,921,0.1935687263556116,4758,151,0.03173602353930223
36047037402,Brooklyn,5843,1097,0.1877460208796851,5843,935,0.16002053739517372,5843,151,0.025842888926921104
36047037500,Brooklyn,3740,772,0.20641711229946524,3746,437,0.11665776828617191,3746,450,0.1201281366791244
36047037700,Brooklyn,4985,989,0.19839518555667002,5090,641,0.12593320235756386,5090,283,0.0555992141453831
36047037900,Brooklyn,4012,1414,0.3524426719840479,4012,466,0.11615154536390827,4012,206,0.05134596211365902
36047038100,Brooklyn,5138,975,0.1897625535227715,5138,817,0.15901128843908136,5138,276,0.053717399766446086
36047038200,Brooklyn,5222,2497,0.4781692837993106,5222,1393,0.2667560321715818,5222,147,0.028150134048257374
36047038300,Brooklyn,5465,1199,0.21939615736505033,5394,422,0.0782350760103819,5394,307,0.05691509084167594
36047038500,Brooklyn,3823,495,0.12947946638765367,3823,472,0.12346324875752027,3823,194,0.0507454878367774
36047038600,Brooklyn,3042,388,0.12754766600920447,3042,377,0.12393162393162394,3042,84,0.027613412228796843
36047038700,Brooklyn,5311,1378,0.25946149501035587,5311,338,0.06364149877612503,5311,126,0.023724345697608736
36047038800,Brooklyn,5301,1003,0.18920958309752878,5353,380,0.07098823089856156,5353,257,0.04801046142350084
36047038900,Brooklyn,3248,415,0.12777093596059114,3277,350,0.10680500457735734,3277,440,0.13426914861153494
36047039000,Brooklyn,2681,760,0.28347631480790747,2681,175,0.06527415143603134,2681,82,0.030585602387168967
36047039100,Brooklyn,5428,1331,0.24521002210759027,5428,950,0.17501842299189388,5428,310,0.05711127487103906
36047039200,Brooklyn,3091,511,0.16531866709802653,3091,213,0.06890973794888386,3091,284,0.0918796505985118
36047039300,Brooklyn,3798,620,0.16324381253291206,3798,309,0.08135860979462875,3798,450,0.11848341232227488
36047039400,Brooklyn,2259,683,0.3023461708720673,2259,209,0.09251881363435148,2259,62,0.027445772465692783
36047039500,Brooklyn,4083,1108,0.2713690913543963,4083,514,0.12588782757776146,4083,515,0.12613274553024736
36047039600,Brooklyn,1708,287,0.1680327868852459,1708,333,0.19496487119437939,1708,121,0.07084309133489461
36047039700,Brooklyn,3332,731,0.2193877551020408,3356,251,0.07479141835518474,3356,605,0.1802741358760429
36047039800,Brooklyn,2586,284,0.10982211910286156,2586,207,0.08004640371229699,2586,78,0.030162412993039442
36047039900,Brooklyn,3729,1056,0.2831858407079646,3745,708,0.1890520694259012,3745,334,0.08918558077436582
36047040000,Brooklyn,2549,511,0.20047077285209886,2570,235,0.0914396887159533,2570,205,0.07976653696498054
36047040100,Brooklyn,3349,924,0.2759032547028964,3349,398,0.11884144520752464,3349,145,0.04329650641982681
36047040200,Brooklyn,2414,727,0.3011599005799503,2414,105,0.043496271748135876,2414,104,0.04308202154101077
36047040300,Brooklyn,3970,518,0.1304785894206549,3980,486,0.1221105527638191,3980,207,0.05201005025125628
36047040400,Brooklyn,2604,264,0.10138248847926268,2604,172,0.06605222734254992,2604,97,0.037250384024577574
36047040500,Brooklyn,1653,197,0.1191772534785239,1644,176,0.1070559610705596,1644,154,0.09367396593673966
36047040600,Brooklyn,3706,452,0.12196438208310847,3726,364,0.09769189479334407,3726,109,0.029253891572732154
36047040700,Brooklyn,0,0,,0,0,,0,0,
36047040800,Brooklyn,3676,953,0.25924918389553864,3676,448,0.12187159956474429,3676,342,0.09303590859630033
36047040900,Brooklyn,3891,781,0.2007196093549216,3891,563,0.1446928810074531,3891,305,0.07838601901824724
36047041000,Brooklyn,1899,294,0.15481832543443919,1899,305,0.16061084781463927,1899,56,0.02948920484465508
36047041100,Brooklyn,2631,695,0.26415811478525275,2631,313,0.11896617255796275,2631,374,0.14215127328012162
36047041200,Brooklyn,2789,405,0.14521333811401937,2789,323,0.1158121190390821,2789,155,0.05557547508067408
36047041300,Brooklyn,3851,763,0.19813035575175278,3851,352,0.09140482991430797,3851,237,0.061542456504803944
36047041401,Brooklyn,1237,371,0.29991915925626517,1237,48,0.038803556992724336,1237,71,0.05739692805173808
36047041402,Brooklyn,2018,515,0.25520317145688803,2062,483,0.23423860329776916,2062,121,0.05868089233753637
36047041500,Brooklyn,4300,631,0.14674418604651163,4300,381,0.0886046511627907,4300,677,0.15744186046511627
36047041600,Brooklyn,1784,347,0.1945067264573991,1784,282,0.15807174887892378,1784,58,0.032511210762331835
36047041700,Brooklyn,3402,1169,0.3436213991769547,3402,940,0.27630805408583187,3402,195,0.05731922398589065
36047041800,Brooklyn,2280,450,0.19736842105263158,2350,392,0.16680851063829788,2350,115,0.04893617021276596
36047041900,Brooklyn,3479,1129,0.32451853981029033,3479,627,0.18022420235699912,3479,140,0.04024144869215292
36047042000,Brooklyn,1651,216,0.1308298001211387,1662,206,0.12394705174488568,1662,93,0.05595667870036101
36047042100,Brooklyn,4712,1259,0.2671901528013582,4712,626,0.13285229202037352,4712,367,0.07788624787775891
36047042200,Brooklyn,3037,891,0.2933816266052025,3163,278,0.08789124249130573,3163,386,0.12203604173253241
36047042300,Brooklyn,4283,395,0.09222507588139155,4283,281,0.06560821853840766,4283,1346,0.3142657016110203
36047042400,Brooklyn,3720,786,0.21129032258064517,3720,358,0.09623655913978495,3720,250,0.06720430107526881
36047042500,Brooklyn,2698,391,0.14492216456634543,2699,301,0.11152278621711745,2699,67,0.02482400889218229
36047042600,Brooklyn,4478,1004,0.22420723537293435,4528,574,0.12676678445229683,4528,415,0.09165194346289753
36047042700,Brooklyn,4098,481,0.1173743289409468,4098,272,0.06637384089799903,4098,557,0.13591996095656417
36047042800,Brooklyn,3636,185,0.05088008800880088,3636,433,0.11908690869086909,3636,174,0.04785478547854786
36047042900,Brooklyn,4630,1255,0.2710583153347732,4630,480,0.10367170626349892,4630,762,0.16457883369330453
36047043000,Brooklyn,3666,511,0.13938897981451173,3666,378,0.10310965630114566,3666,521,0.14211674849972722
36047043100,Brooklyn,3864,392,0.10144927536231885,3864,387,0.10015527950310558,3864,594,0.15372670807453417
36047043200,Brooklyn,3874,579,0.14945792462570986,3874,354,0.09137842023748063,3874,296,0.07640681466184822
36047043300,Brooklyn,4029,1205,0.29908165797964753,4029,470,0.1166542566393646,4029,277,0.06875155125341276
36047043400,Brooklyn,4095,1271,0.3103785103785104,4095,347,0.08473748473748474,4095,235,0.057387057387057384
36047043500,Brooklyn,4897,1442,0.2944659995915867,4897,504,0.10292015519705942,4897,521,0.10639166836838881
36047043600,Brooklyn,4341,892,0.2054826076940797,4341,509,0.11725408891960377,4341,722,0.16632112416493897
36047043700,Brooklyn,5034,974,0.19348430671434247,5034,348,0.06912991656734208,5034,348,0.06912991656734208
36047043800,Brooklyn,2530,439,0.17351778656126482,2530,333,0.13162055335968378,2530,66,0.02608695652173913
36047043900,Brooklyn,4172,680,0.1629913710450623,4172,603,0.14453499520613614,4172,368,0.08820709491850431
36047044000,Brooklyn,2586,426,0.16473317865429235,2586,183,0.07076566125290024,2586,117,0.04524361948955916
36047044100,Brooklyn,4632,1201,0.2592832469775475,4632,275,0.05936960276338515,4632,1199,0.25885146804835923
36047044200,Brooklyn,2268,447,0.1970899470899471,2268,369,0.1626984126984127,2268,54,0.023809523809523808
36047044300,Brooklyn,4740,492,0.10379746835443038,4740,493,0.1040084388185654,4740,492,0.10379746835443038
36047044400,Brooklyn,2677,856,0.31976092641016063,2677,265,0.09899140829286515,2677,155,0.05790063503922301
36047044500,Brooklyn,3944,574,0.14553752535496958,3944,537,0.13615618661257606,3944,511,0.12956389452332656
36047044600,Brooklyn,2123,116,0.054639660857277436,2123,89,0.041921808761187,2123,113,0.05322656617993406
36047044700,Brooklyn,2329,804,0.34521253756977244,2337,269,0.11510483525887891,2337,315,0.13478818998716302
36047044800,Brooklyn,1914,107,0.05590386624869383,1914,247,0.1290491118077325,1914,106,0.055381400208986416
36047044901,Brooklyn,2715,714,0.26298342541436465,2715,359,0.13222836095764273,2715,396,0.14585635359116023
36047044902,Brooklyn,0,0,,0,0,,0,0,
36047045000,Brooklyn,1147,573,0.4995640802092415,1147,132,0.11508282476024412,1147,0,0.0
36047045200,Brooklyn,2533,222,0.08764311093564943,2543,267,0.10499410145497444,2543,33,0.012976799056232795
36047045300,Brooklyn,1823,704,0.3861766319253977,1823,376,0.20625342841470104,1823,303,0.1662095447065277
36047045400,Brooklyn,2075,242,0.11662650602409638,2075,224,0.10795180722891566,2075,181,0.0872289156626506
36047045600,Brooklyn,2362,520,0.2201524132091448,2362,559,0.23666384419983066,2362,220,0.09314140558848434
36047045800,Brooklyn,1373,102,0.07428987618353969,1373,127,0.09249817916970138,1373,0,0.0
36047046000,Brooklyn,2997,601,0.20053386720053387,2997,371,0.12379045712379046,2997,165,0.055055055055055056
36047046201,Brooklyn,2252,407,0.18072824156305506,2311,401,0.1735179575941151,2311,201,0.08697533535266118
36047046202,Brooklyn,1896,239,0.1260548523206751,1914,143,0.07471264367816093,1914,89,0.04649947753396029
36047046400,Brooklyn,3327,1073,0.32251277427111513,3327,242,0.07273820258491133,3327,5,0.0015028554253080854
36047046800,Brooklyn,1826,205,0.11226725082146768,1826,59,0.03231106243154436,1826,23,0.012595837897042717
36047047000,Brooklyn,2629,562,0.21376949410422214,2629,129,0.04906808672499049,2629,30,0.011411182959300114
36047047200,Brooklyn,2772,768,0.27705627705627706,2772,243,0.08766233766233766,2772,13,0.00468975468975469
36047047400,Brooklyn,3211,799,0.24883213952039862,3211,195,0.06072874493927125,3211,55,0.017128620367486764
36047047600,Brooklyn,3865,886,0.22923673997412677,3865,149,0.03855109961190168,3865,82,0.021216041397153947
36047047700,Brooklyn,3885,355,0.09137709137709138,3918,74,0.018887187340479835,3918,235,0.05997958141909137
36047047800,Brooklyn,5188,1378,0.2656129529683886,5251,248,0.047229099219196345,5251,341,0.06494001142639497
36047048000,Brooklyn,3863,1635,0.42324618172404865,3863,398,0.10302873414444733,3863,125,0.03235827077400984
36047048100,Brooklyn,3010,444,0.14750830564784054,3010,418,0.1388704318936877,3010,84,0.027906976744186046
36047048200,Brooklyn,5580,1095,0.19623655913978494,5553,638,0.11489285071132721,5553,235,0.042319466954799205
36047048400,Brooklyn,4844,364,0.07514450867052024,4904,327,0.06668026101141925,4904,251,0.05118270799347471
36047048500,Brooklyn,2351,593,0.25223309230114843,2369,309,0.13043478260869565,2369,169,0.07133811734909244
36047048600,Brooklyn,3173,460,0.14497321147179326,3189,224,0.07024145500156789,3189,309,0.09689557855126998
36047048800,Brooklyn,4806,1130,0.23512276321265085,4932,422,0.08556366585563666,4932,96,0.019464720194647202
36047048900,Brooklyn,3484,1478,0.4242250287026406,3597,1123,0.31220461495690854,3597,168,0.04670558798999166
36047049000,Brooklyn,5364,522,0.09731543624161074,5364,711,0.1325503355704698,5364,37,0.006897837434750187
36047049100,Brooklyn,6213,2108,0.339288588443586,6213,1050,0.16900048285852245,6213,201,0.032351521004345726
36047049200,Brooklyn,3098,528,0.17043253712072304,3098,714,0.2304712717882505,3098,100,0.03227888960619755
36047049301,Brooklyn,1941,902,0.46470891293147865,1941,781,0.4023699124162803,1941,36,0.01854714064914992
36047049302,Brooklyn,4714,1521,0.3226559185405176,4714,738,0.15655494272380144,4714,288,0.061094611794654224
36047049400,Brooklyn,5493,1032,0.1878754778809394,5499,517,0.09401709401709402,5499,120,0.02182214948172395
36047049500,Brooklyn,3284,307,0.09348355663824603,3284,216,0.06577344701583435,3284,579,0.17630937880633374
36047049600,Brooklyn,4110,1113,0.2708029197080292,4225,453,0.1072189349112426,4225,303,0.07171597633136095
36047049700,Brooklyn,3361,239,0.07110978875334721,3348,218,0.06511350059737156,3348,96,0.02867383512544803
36047049800,Brooklyn,3950,348,0.08810126582278481,3950,390,0.09873417721518987,3950,217,0.05493670886075949
36047049900,Brooklyn,2480,106,0.042741935483870966,2480,60,0.024193548387096774,2480,75,0.03024193548387097
36047050001,Brooklyn,2282,274,0.1200701139351446,2282,370,0.16213847502191062,2282,168,0.0736196319018405
36047050002,Brooklyn,1548,52,0.03359173126614987,1548,185,0.11950904392764858,1548,5,0.003229974160206718
36047050100,Brooklyn,3089,463,0.1498866947232114,3089,201,0.06506960181288443,3089,294,0.09517643250242797
36047050202,Brooklyn,2306,146,0.06331309627059845,2413,512,0.21218400331537504,2413,23,0.009531703273932863
36047050300,Brooklyn,2803,180,0.06421691045308597,2803,115,0.041027470567249376,2803,112,0.03995718872636461
36047050401,Brooklyn,2518,117,0.04646544876886418,2518,261,0.10365369340746625,2518,9,0.003574265289912629
36047050402,Brooklyn,1950,92,0.04717948717948718,1950,181,0.09282051282051282,1950,21,0.010769230769230769
36047050500,Brooklyn,4121,1419,0.34433389953894683,4121,1179,0.28609560786216937,4121,166,0.04028148507643776
36047050600,Brooklyn,5126,914,0.17830667186890362,5126,399,0.0778384705423332,5126,247,0.0481857198595396
36047050700,Brooklyn,4369,1594,0.3648432135500114,4369,137,0.031357289997711146,4369,94,0.021515220874341955
36047050801,Brooklyn,3909,1204,0.3080071629572781,3910,358,0.09156010230179028,3910,272,0.06956521739130435
36047050803,Brooklyn,2281,363,0.15914072775098642,2281,346,0.15168785620341954,2281,187,0.08198158702323542
36047050804,Brooklyn,6637,397,0.05981618200994425,6637,591,0.08904625583848125,6637,300,0.04520114509567576
36047050900,Brooklyn,5206,2521,0.48424894352669995,5206,146,0.028044563964656165,5206,781,0.15001920860545526
36047051001,Brooklyn,4488,927,0.20655080213903743,4488,427,0.09514260249554367,4488,803,0.17892156862745098
36047051002,Brooklyn,3675,637,0.17333333333333334,3675,358,0.09741496598639456,3675,377,0.10258503401360544
36047051100,Brooklyn,3817,747,0.19570343201467122,3817,498,0.13046895467644748,3817,164,0.04296567985328792
36047051200,Brooklyn,6227,720,0.11562550184679621,6227,443,0.07114180183073711,6227,477,0.07660189497350249
36047051300,Brooklyn,5961,956,0.1603757758765308,5970,965,0.16164154103852596,5970,401,0.06716917922948074
36047051400,Brooklyn,7191,1040,0.1446252259769156,7213,600,0.0831831415499792,7213,641,0.08886732288922779
36047051500,Brooklyn,2732,112,0.040995607613469986,2891,7,0.002421307506053269,2891,13,0.004496713939813214
36047051601,Brooklyn,4901,856,0.17465823301367067,4936,539,0.10919773095623987,4936,146,0.02957860615883306
36047051602,Brooklyn,3326,360,0.10823812387251955,3348,125,0.03733572281959379,3348,389,0.11618876941457587
36047051700,Brooklyn,3087,186,0.06025267249757046,3087,139,0.04502753482345319,3087,56,0.018140589569160998
36047051800,Brooklyn,3386,312,0.09214412285883047,3386,291,0.08594211458948611,3386,105,0.031010041346721796
36047051900,Brooklyn,6051,320,0.05288382085605685,6051,283,0.046769129069575276,6051,125,0.020657742521897206
36047052000,Brooklyn,3511,537,0.15294787809740815,3511,260,0.07405297636001139,3511,42,0.011962403873540303
36047052300,Brooklyn,5077,1338,0.26354146149300767,5077,701,0.13807366555052197,5077,398,0.07839275162497537
36047052500,Brooklyn,3308,666,0.20133010882708585,3321,494,0.14875037639265282,3321,94,0.02830472749171936
36047052600,Brooklyn,3935,255,0.06480304955527319,3910,247,0.06317135549872123,3910,172,0.043989769820971865
36047052700,Brooklyn,5536,1363,0.24620664739884393,5548,1107,0.19953136265320837,5548,214,0.03857245854361932
36047052800,Brooklyn,1764,264,0.14965986394557823,1764,201,0.11394557823129252,1764,29,0.016439909297052153
36047052900,Brooklyn,3721,612,0.16447191615157217,3721,268,0.07202364955657081,3721,26,0.006987368986831497
36047053000,Brooklyn,3327,736,0.22122031860535016,3327,413,0.12413585813044785,3327,160,0.04809137360985873
36047053101,Brooklyn,3020,1283,0.4248344370860927,3020,74,0.024503311258278145,3020,56,0.018543046357615896
36047053102,Brooklyn,7846,2936,0.37420341575325006,7846,281,0.035814427733877136,7846,263,0.033520265103237315
36047053200,Brooklyn,2280,392,0.17192982456140352,2280,245,0.1074561403508772,2280,58,0.02543859649122807
36047053300,Brooklyn,6421,2933,0.45678243264289053,6551,555,0.08471989009311555,6551,312,0.04762631659288658
36047053400,Brooklyn,4442,436,0.09815398469158038,4442,568,0.12787032868077441,4442,262,0.058982440342188205
36047053500,Brooklyn,4611,1663,0.3606592929950119,4611,627,0.13597918022121014,4611,34,0.007373671654738669
36047053700,Brooklyn,4623,2077,0.4492753623188406,4623,211,0.04564135842526498,4623,64,0.013843824356478478
36047053800,Brooklyn,5181,737,0.14225053078556263,5181,959,0.1850994016599112,5181,126,0.024319629415170817
36047053900,Brooklyn,2470,1111,0.44979757085020244,2470,365,0.14777327935222673,2470,153,0.06194331983805668
36047054200,Brooklyn,4061,988,0.24328983009111058,4061,772,0.19010096035459245,4061,496,0.12213740458015267
36047054300,Brooklyn,0,0,,0,0,,0,0,
36047054400,Brooklyn,3521,549,0.1559216131780744,3544,634,0.1788939051918736,3544,228,0.06433408577878104
36047054500,Brooklyn,8349,2858,0.3423164450832435,8349,840,0.1006108515989939,8349,131,0.01569050185650976
36047054600,Brooklyn,5367,1294,0.24110303707844233,5367,817,0.15222656977827465,5367,512,0.09539780137879635
36047054700,Brooklyn,9666,947,0.09797227394992758,9666,628,0.06496999793089178,9666,200,0.02069108214359611
36047054800,Brooklyn,2302,230,0.0999131190269331,2302,160,0.06950477845351868,2302,27,0.011728931364031277
36047054900,Brooklyn,4515,699,0.1548172757475083,4515,85,0.018826135105204873,4515,164,0.0363233665559247
36047055000,Brooklyn,3408,858,0.2517605633802817,3408,395,0.1159037558685446,3408,218,0.06396713615023474
36047055100,Brooklyn,6184,1030,0.1665588615782665,6185,476,0.07696038803556993,6185,220,0.03556992724333064
36047055200,Brooklyn,3359,596,0.17743376004763323,3359,342,0.10181601667162846,3359,114,0.03393867222387616
36047055300,Brooklyn,3603,756,0.20982514571190675,3603,399,0.11074104912572856,3603,72,0.019983347210657785
36047055400,Brooklyn,3989,510,0.12785159187766357,3989,319,0.07996991727249937,3989,318,0.07971922787666082
36047055500,Brooklyn,8974,283,0.03153554713617116,8974,252,0.028081123244929798,8974,459,0.05114776019612213
36047055600,Brooklyn,3351,1076,0.3210981796478663,3351,189,0.05640107430617726,3351,117,0.03491495076096687
36047055700,Brooklyn,1702,28,0.01645123384253819,1702,120,0.07050528789659224,1702,78,0.045828437132784956
36047055800,Brooklyn,2145,363,0.16923076923076924,2145,292,0.13613053613053613,2145,33,0.015384615384615385
36047056000,Brooklyn,3475,362,0.1041726618705036,3475,459,0.1320863309352518,3475,156,0.04489208633093525
36047056100,Brooklyn,3697,225,0.060860156883959966,3698,224,0.06057328285559762,3698,173,0.04678204434829638
36047056200,Brooklyn,1779,181,0.1017425519955031,1779,71,0.039910061832490164,1779,0,0.0
36047056301,Brooklyn,4683,623,0.13303437967115098,4683,444,0.09481101857783472,4683,104,0.022207986333546873
36047056302,Brooklyn,2449,242,0.09881584320130665,2449,335,0.13679052674561046,2449,85,0.034708044099632504
36047056400,Brooklyn,2631,109,0.04142911440516914,2631,284,0.10794374762447738,2631,136,0.05169137210186241
36047056500,Brooklyn,3332,158,0.047418967587034816,3332,300,0.09003601440576231,3332,186,0.05582232893157263
36047056600,Brooklyn,2270,672,0.2960352422907489,2287,254,0.11106252732837779,2287,180,0.07870572802798426
36047056800,Brooklyn,1319,190,0.14404852160727824,1319,155,0.11751326762699014,1319,6,0.004548900682335102
36047056900,Brooklyn,1633,69,0.04225352112676056,1662,242,0.14560770156438027,1662,62,0.03730445246690734
36047057000,Brooklyn,3309,448,0.13538833484436386,3309,722,0.2181928074947114,3309,59,0.01783016016923542
36047057100,Brooklyn,3923,298,0.07596227377007392,3923,261,0.06653071628855468,3923,159,0.04053020647463676
36047057200,Brooklyn,5501,1876,0.34102890383566625,5501,1238,0.2250499909107435,5501,34,0.00618069441919651
36047057300,Brooklyn,2707,191,0.07055781307720724,2720,263,0.09669117647058824,2720,260,0.09558823529411764
36047057400,Brooklyn,2647,305,0.11522478277295051,2647,231,0.08726860596902153,2647,183,0.0691348696637703
36047057500,Brooklyn,4497,470,0.10451412052479431,4572,155,0.03390201224846894,4572,445,0.097331583552056
36047057600,Brooklyn,2649,589,0.22234805587013967,2649,171,0.06455266138165346,2649,170,0.0641751604379011
36047057800,Brooklyn,2856,343,0.12009803921568628,2923,407,0.13924050632911392,2923,102,0.034895655148819704
36047057901,Brooklyn,1506,339,0.2250996015936255,1512,137,0.09060846560846561,1512,116,0.07671957671957672
36047057902,Brooklyn,0,0,,0,0,,0,0,
36047058000,Brooklyn,3008,839,0.2789228723404255,3008,480,0.1595744680851064,3008,210,0.06981382978723404
36047058200,Brooklyn,2585,429,0.16595744680851063,2585,229,0.0885880077369439,2585,208,0.0804642166344294
36047058400,Brooklyn,3588,562,0.15663322185061315,3588,231,0.06438127090301003,3588,155,0.04319955406911929
36047058600,Brooklyn,2264,747,0.3299469964664311,2256,196,0.08687943262411348,2256,125,0.05540780141843971
36047058800,Brooklyn,3539,382,0.10794009607233682,3539,563,0.15908448714326082,3539,160,0.04521051144391071
36047058901,Brooklyn,2103,244,0.11602472658107466,2103,184,0.08749405611031859,2103,143,0.06799809795530196
36047058902,Brooklyn,0,0,,0,0,,0,0,
36047059000,Brooklyn,1903,222,0.11665790856542302,1903,183,0.09616395165528113,1903,214,0.11245401996847083
36047059100,Brooklyn,3952,200,0.05060728744939271,3952,256,0.06477732793522267,3952,405,0.10247975708502025
36047059200,Brooklyn,3747,747,0.19935948759007205,3747,605,0.16146250333600212,3747,74,0.01974913263944489
36047059300,Brooklyn,2669,414,0.1551142750093668,2669,266,0.09966279505432746,2669,63,0.023604346197077557
36047059402,Brooklyn,5713,491,0.08594433747593208,5713,469,0.08209347103098197,5713,172,0.030106774024155434
36047059403,Brooklyn,3062,283,0.09242325277596342,3062,508,0.1659046374918354,3062,85,0.02775963422599608
36047059404,Brooklyn,3934,294,0.07473309608540925,3934,398,0.10116929334011185,3934,481,0.12226741230299949
36047059600,Brooklyn,2261,277,0.12251216275984078,2261,387,0.17116320212295444,2261,257,0.11366651923927466
36047059800,Brooklyn,3212,297,0.09246575342465753,3212,595,0.18524283935242838,3212,95,0.029576587795765878
36047060000,Brooklyn,6451,1027,0.15920012401178113,6451,625,0.09688420399937994,6451,161,0.02495737095024027
36047060600,Brooklyn,2790,411,0.14731182795698924,2790,314,0.11254480286738351,2790,137,0.04910394265232975
36047060800,Brooklyn,3443,511,0.1484170781295382,3443,568,0.16497240778390937,3443,296,0.08597153645076967
36047061002,Brooklyn,4696,648,0.13798977853492334,4681,755,0.16129032258064516,4681,334,0.07135227515488143
36047061003,Brooklyn,2009,777,0.3867595818815331,2025,194,0.09580246913580247,2025,226,0.11160493827160493
36047061004,Brooklyn,5278,1155,0.21883289124668434,5278,1390,0.2633573323228496,5278,340,0.06441834028040924
36047061200,Brooklyn,1105,84,0.0760180995475113,1118,122,0.10912343470483005,1118,12,0.01073345259391771
36047061600,Brooklyn,1310,29,0.022137404580152672,1310,186,0.14198473282442747,1310,8,0.0061068702290076335
36047062000,Brooklyn,1516,25,0.016490765171503958,1516,200,0.13192612137203166,1516,6,0.00395778364116095
36047062200,Brooklyn,2670,708,0.2651685393258427,2670,392,0.14681647940074907,2670,191,0.07153558052434457
36047062600,Brooklyn,3046,610,0.20026263952724885,3046,435,0.1428102429415627,3046,64,0.021011162179908074
36047062800,Brooklyn,4838,283,0.058495245969408846,4838,585,0.12091773460107483,4838,38,0.007854485324514262
36047063200,Brooklyn,1409,95,0.06742370475514549,1409,280,0.198722498225692,1409,0,0.0
36047063600,Brooklyn,1093,43,0.039341262580054895,1093,105,0.09606587374199452,1093,12,0.010978956999085087
36047063800,Brooklyn,1882,124,0.06588735387885228,1882,170,0.09032943676939426,1882,62,0.03294367693942614
36047064000,Brooklyn,1327,89,0.06706857573474001,1317,76,0.05770690964312832,1317,64,0.04859529233105543
36047064200,Brooklyn,2277,601,0.2639437856829161,2263,282,0.12461334511710119,2263,98,0.04330534688466637
36047064400,Brooklyn,2166,531,0.2451523545706371,2159,205,0.09495136637332098,2159,17,0.007874015748031496
36047064600,Brooklyn,2154,201,0.09331476323119778,2154,191,0.08867223769730734,2154,67,0.031104921077065924
36047064800,Brooklyn,1828,133,0.07275711159737418,1828,258,0.14113785557986872,1828,27,0.01477024070021882
36047065000,Brooklyn,1286,138,0.10730948678071539,1286,364,0.28304821150855364,1286,24,0.01866251944012442
36047065200,Brooklyn,1121,21,0.01873327386262266,1121,179,0.15967885816235505,1121,41,0.036574487065120426
36047065400,Brooklyn,1654,38,0.022974607013301087,1648,277,0.16808252427184467,1648,4,0.0024271844660194173
36047065600,Brooklyn,1675,72,0.04298507462686567,1675,141,0.08417910447761194,1675,46,0.02746268656716418
36047065800,Brooklyn,1756,288,0.16400911161731208,1756,195,0.11104783599088838,1756,30,0.017084282460136675
36047066000,Brooklyn,1893,143,0.07554146856840993,1893,96,0.05071315372424723,1893,103,0.054410987849973586
36047066200,Brooklyn,1159,181,0.15616911130284727,1159,263,0.2269197584124245,1159,88,0.07592752372735116
36047066600,Brooklyn,0,0,,0,0,,0,0,
36047067000,Brooklyn,2486,361,0.14521319388576026,2486,369,0.14843121480289623,2486,51,0.020514883346741754
36047067200,Brooklyn,1389,30,0.02159827213822894,1389,79,0.05687544996400288,1389,41,0.029517638588912886
36047067400,Brooklyn,1891,151,0.07985193019566367,1909,239,0.1251964379256155,1909,40,0.020953378732320588
36047067600,Brooklyn,1491,112,0.07511737089201878,1510,213,0.14105960264900663,1510,72,0.04768211920529802
36047067800,Brooklyn,2569,490,0.1907356948228883,2569,367,0.14285714285714285,2569,240,0.09342156481121058
36047068000,Brooklyn,1759,101,0.05741898806139852,1759,123,0.06992609437180217,1759,112,0.06367254121660035
36047068200,Brooklyn,2907,126,0.043343653250773995,2907,257,0.08840729274165807,2907,94,0.03233574131406949
36047068600,Brooklyn,1649,71,0.0430563978168587,1649,235,0.14251061249241964,1649,53,0.03214069132807762
36047068800,Brooklyn,1584,47,0.029671717171717172,1584,170,0.10732323232323232,1584,21,0.013257575757575758
36047069000,Brooklyn,1668,201,0.12050359712230216,1664,182,0.109375,1664,141,0.08473557692307693
36047069200,Brooklyn,2293,131,0.057130396860008724,2301,370,0.16079965232507606,2301,88,0.03824424163407214
36047069601,Brooklyn,3434,193,0.05620267909143856,3434,410,0.11939429237041352,3434,112,0.032615026208503206
36047069602,Brooklyn,5844,212,0.03627652292950034,5844,655,0.1120807665982204,5844,340,0.05817932922655715
36047069800,Brooklyn,1337,47,0.035153328347045626,1337,178,0.13313388182498131,1337,58,0.04338070306656694
36047070000,Brooklyn,1214,56,0.04612850082372323,1214,168,0.13838550247116968,1214,153,0.12602965403624383
36047070201,Brooklyn,6531,261,0.0399632521819017,6531,813,0.12448323380799264,6531,265,0.04057571581687337
36047070202,Brooklyn,14,0,0.0,14,0,0.0,14,0,0.0
36047070203,Brooklyn,0,0,,0,0,,0,0,
36047070601,Brooklyn,2437,8,0.003282724661469019,2437,244,0.10012310217480509,2437,43,0.01764464505539598
36047070602,Brooklyn,0,0,,0,0,,0,0,
36047072000,Brooklyn,1678,406,0.24195470798569726,1678,275,0.16388557806912993,1678,46,0.027413587604290822
36047072200,Brooklyn,2242,241,0.10749330954504906,2213,145,0.06552191595119747,2213,54,0.024401265250790782
36047072400,Brooklyn,1586,276,0.17402269861286254,1586,169,0.10655737704918032,1586,33,0.02080706179066835
36047072600,Brooklyn,2672,542,0.2028443113772455,2672,364,0.13622754491017963,2672,66,0.02470059880239521
36047072800,Brooklyn,3070,321,0.10456026058631922,3153,318,0.10085632730732635,3153,178,0.05645417063114494
36047073000,Brooklyn,2108,58,0.027514231499051234,2109,150,0.07112375533428165,2109,118,0.0559506875296349
36047073200,Brooklyn,1877,273,0.14544485881726157,1877,95,0.05061267980820458,1877,131,0.06979222163026105
36047073400,Brooklyn,1133,70,0.0617828773168579,1142,207,0.18126094570928197,1142,49,0.042907180385288964
36047073600,Brooklyn,2918,190,0.06511309115832763,2918,291,0.09972583961617547,2918,122,0.041809458533241944
36047073800,Brooklyn,3517,168,0.04776798407733864,3517,406,0.11543929485356838,3517,128,0.03639465453511515
36047074000,Brooklyn,3287,507,0.15424399148159415,3287,495,0.15059324612108305,3287,275,0.0836629145117128
36047074200,Brooklyn,2516,273,0.10850556438791734,2516,449,0.1784578696343402,2516,112,0.04451510333863275
36047074400,Brooklyn,2648,324,0.12235649546827794,2648,197,0.07439577039274925,2648,92,0.03474320241691843
36047074600,Brooklyn,2334,255,0.10925449871465295,2334,198,0.08483290488431877,2334,39,0.016709511568123392
36047074800,Brooklyn,1504,236,0.15691489361702127,1504,173,0.11502659574468085,1504,217,0.14428191489361702
36047075000,Brooklyn,2802,125,0.04461099214846538,2802,203,0.07244825124910778,2802,60,0.021413276231263382
36047075200,Brooklyn,1146,0,0.0,1146,29,0.02530541012216405,1146,5,0.004363001745200698
36047075400,Brooklyn,1000,15,0.015,1000,258,0.258,1000,2,0.002
36047075600,Brooklyn,1720,178,0.10348837209302325,1720,125,0.07267441860465117,1720,97,0.0563953488372093
36047075800,Brooklyn,1388,147,0.10590778097982709,1400,456,0.32571428571428573,1400,16,0.011428571428571429
36047076000,Brooklyn,3205,273,0.08517940717628705,3205,326,0.10171606864274571,3205,112,0.03494539781591264
36047076200,Brooklyn,4176,1242,0.2974137931034483,4224,539,0.12760416666666666,4224,311,0.07362689393939394
36047076400,Brooklyn,4301,975,0.22669146710067425,4301,465,0.10811439200186003,4301,1013,0.23552662171588004
36047076600,Brooklyn,2126,243,0.11429915333960489,2126,250,0.11759172154280338,2126,138,0.06491063029162747
36047076800,Brooklyn,3737,778,0.20818838640620818,3893,453,0.11636270228615464,3893,188,0.04829180580529155
36047077000,Brooklyn,2607,346,0.13271960107403144,2780,327,0.11762589928057554,2780,87,0.031294964028776975
36047077200,Brooklyn,3063,759,0.24779627815866798,3063,509,0.16617695070192623,3063,90,0.029382957884427033
36047077400,Brooklyn,2906,268,0.09222298692360634,2906,276,0.09497591190640055,2906,146,0.05024088093599449
36047077600,Brooklyn,3448,264,0.0765661252900232,3448,630,0.18271461716937354,3448,101,0.029292343387470998
36047078000,Brooklyn,2161,50,0.02313743637204998,2161,230,0.1064322073114299,2161,23,0.01064322073114299
36047078200,Brooklyn,4086,632,0.15467449828683308,4086,664,0.16250611845325502,4086,245,0.059960841899167894
36047078400,Brooklyn,2448,189,0.07720588235294118,2463,268,0.10881039382866423,2463,140,0.05684125050751117
36047078601,Brooklyn,2220,219,0.09864864864864865,2220,306,0.13783783783783785,2220,67,0.03018018018018018
36047078602,Brooklyn,2072,420,0.20270270270270271,2104,314,0.14923954372623574,2104,58,0.027566539923954372
36047078801,Brooklyn,1659,346,0.20855937311633513,1695,277,0.16342182890855458,1695,104,0.06135693215339233
36047078802,Brooklyn,1790,410,0.22905027932960895,1790,203,0.11340782122905028,1790,145,0.08100558659217877
36047079001,Brooklyn,1664,275,0.16526442307692307,1664,174,0.1045673076923077,1664,92,0.055288461538461536
36047079002,Brooklyn,2768,497,0.1795520231213873,2708,239,0.08825701624815362,2708,78,0.02880354505169867
36047079201,Brooklyn,1382,352,0.25470332850940663,1382,202,0.14616497829232997,1382,24,0.017366136034732273
36047079202,Brooklyn,1942,563,0.2899073120494336,1942,224,0.11534500514933059,1942,247,0.12718846549948506
36047079400,Brooklyn,2334,387,0.16580976863753213,2366,213,0.09002535925612849,2366,113,0.04775993237531699
36047079601,Brooklyn,3232,613,0.18966584158415842,3232,405,0.12530940594059406,3232,176,0.054455445544554455
36047079602,Brooklyn,5073,773,0.1523753203232801,5073,430,0.08476246796767199,5073,350,0.06899270648531441
36047079801,Brooklyn,3316,178,0.05367913148371532,3316,319,0.09620024125452352,3316,161,0.0485524728588661
36047079802,Brooklyn,5004,612,0.1223021582733813,5004,754,0.15067945643485212,5004,396,0.07913669064748201
36047080000,Brooklyn,3205,438,0.13666146645865834,3217,405,0.12589368977308052,3217,153,0.047559838358719304
36047080200,Brooklyn,3878,626,0.16142341413099537,3878,552,0.14234141309953585,3878,242,0.062403300670448685
36047080400,Brooklyn,3033,566,0.18661391361688098,3033,344,0.11341905703923508,3033,198,0.06528189910979229
36047080600,Brooklyn,4038,1047,0.25928677563150077,4038,371,0.09187716691431402,4038,201,0.04977711738484398
36047080800,Brooklyn,1294,921,0.7117465224111282,1294,362,0.2797527047913447,1294,179,0.13833075734157652
36047081000,Brooklyn,2101,476,0.22655878153260353,2101,217,0.10328415040456926,2101,29,0.013802950975725845
36047081400,Brooklyn,2692,445,0.16530460624071322,2692,364,0.1352154531946508,2692,67,0.02488855869242199
36047081600,Brooklyn,2893,117,0.04044244728655375,2893,371,0.1282405807120636,2893,242,0.08365019011406843
36047081800,Brooklyn,4450,1439,0.3233707865168539,4639,867,0.18689372709635696,4639,151,0.03255011856003449
36047082000,Brooklyn,4646,820,0.17649591046061128,4646,484,0.10417563495479983,4646,198,0.04261730520878175
36047082200,Brooklyn,6968,487,0.06989092996555683,6968,738,0.10591274397244546,6968,420,0.06027554535017222
36047082400,Brooklyn,5088,1210,0.23781446540880502,5125,393,0.07668292682926829,5125,586,0.11434146341463415
36047082600,Brooklyn,4116,684,0.1661807580174927,4122,502,0.1217855409995148,4122,91,0.022076661814653082
36047082800,Brooklyn,3414,412,0.12067955477445812,3414,348,0.10193321616871705,3414,61,0.017867603983596953
36047083000,Brooklyn,5673,771,0.13590692755156003,5673,755,0.1330865503261061,5673,534,0.09413008989952407
36047083200,Brooklyn,2090,293,0.14019138755980862,2092,265,0.12667304015296368,2092,143,0.06835564053537285
36047083400,Brooklyn,1765,187,0.10594900849858357,1830,144,0.07868852459016394,1830,70,0.03825136612021858
36047083600,Brooklyn,1984,169,0.08518145161290322,1984,133,0.06703629032258064,1984,139,0.07006048387096774
36047083800,Brooklyn,1931,330,0.17089590885551528,1931,315,0.1631279129984464,1931,35,0.018125323666494046
36047084000,Brooklyn,2226,192,0.0862533692722372,2226,453,0.20350404312668463,2226,76,0.034141958670260555
36047084600,Brooklyn,2038,168,0.08243375858684986,2038,264,0.1295387634936212,2038,162,0.07948969578017664
36047084800,Brooklyn,1443,240,0.16632016632016633,1443,279,0.19334719334719336,1443,58,0.040194040194040194
36047085000,Brooklyn,1383,22,0.015907447577729574,1383,169,0.12219812002892264,1383,92,0.06652205350686913
36047085200,Brooklyn,0,0,,0,0,,0,0,
36047085400,Brooklyn,2046,300,0.1466275659824047,2062,318,0.1542192046556741,2062,35,0.01697381183317168
36047085600,Brooklyn,3161,460,0.14552356849098386,3161,276,0.08731414109459032,3161,149,0.04713698196773173
36047085800,Brooklyn,1950,246,0.12615384615384614,1951,196,0.10046130189646335,1951,162,0.08303434136340339
36047086000,Brooklyn,2627,298,0.11343738104301485,2627,356,0.1355157974876285,2627,130,0.04948610582413399
36047086200,Brooklyn,2608,596,0.2285276073619632,2626,246,0.09367859862909368,2626,140,0.053313023610053314
36047086400,Brooklyn,2219,447,0.2014420910319964,2219,402,0.1811626858945471,2219,98,0.04416403785488959
36047086600,Brooklyn,2908,455,0.15646492434662998,2984,396,0.13270777479892762,2984,188,0.06300268096514745
36047086800,Brooklyn,2952,679,0.23001355013550134,2952,245,0.08299457994579945,2952,163,0.05521680216802168
36047087000,Brooklyn,2930,654,0.22320819112627988,3006,246,0.08183632734530938,3006,309,0.1027944111776447
36047087200,Brooklyn,3118,836,0.268120590121873,3118,290,0.09300833867864015,3118,97,0.031109685695958948
36047087401,Brooklyn,3127,566,0.18100415733930283,3127,394,0.125999360409338,3127,168,0.053725615606012155
36047087600,Brooklyn,1798,382,0.21245828698553948,1798,269,0.1496106785317019,1798,39,0.021690767519466074
36047087800,Brooklyn,2134,392,0.1836925960637301,2134,258,0.12089971883786317,2134,179,0.08388003748828492
36047088001,Brooklyn,1700,328,0.19294117647058823,1700,366,0.21529411764705883,1700,91,0.05352941176470588
36047088002,Brooklyn,1220,301,0.24672131147540985,1220,78,0.06393442622950819,1220,50,0.040983606557377046
36047088200,Brooklyn,6532,1558,0.23851806491120636,6532,550,0.08420085731781997,6532,270,0.04133496631965707
36047088400,Brooklyn,5208,1825,0.3504224270353303,5208,734,0.14093701996927804,5208,1001,0.1922043010752688
36047088600,Brooklyn,4258,507,0.11906998590887741,4340,488,0.11244239631336406,4340,156,0.035944700460829496
36047088800,Brooklyn,3783,654,0.17287866772402855,3783,333,0.0880253766851705,3783,470,0.12424002114723764
36047089000,Brooklyn,7122,1472,0.2066835158663297,7122,1123,0.15768042684639147,7122,756,0.10614995787700084
36047089200,Brooklyn,2876,1466,0.5097357440890126,2876,1146,0.3984700973574409,2876,115,0.03998609179415855
36047089400,Brooklyn,3513,1012,0.28807287218901223,3513,539,0.1534301167093652,3513,368,0.10475377170509537
36047089600,Brooklyn,3956,1514,0.3827098078867543,3956,788,0.19919110212335692,3956,177,0.04474216380182002
36047089800,Brooklyn,2316,583,0.25172711571675305,2316,157,0.06778929188255613,2316,20,0.008635578583765112
36047090000,Brooklyn,4964,2631,0.5300161160354553,4964,746,0.15028203062046736,4964,177,0.035656728444802575
36047090200,Brooklyn,3929,1651,0.4202087045049631,4017,594,0.14787154592979837,4017,339,0.08439133681852129
36047090600,Brooklyn,4344,2066,0.47559852670349906,4344,885,0.2037292817679558,4344,354,0.08149171270718232
36047090800,Brooklyn,6230,3100,0.49759229534510435,6230,906,0.14542536115569824,6230,473,0.07592295345104334
36047091000,Brooklyn,5837,2888,0.4947747130375193,5837,1609,0.27565530238136027,5837,340,0.05824910056535892
36047091200,Brooklyn,6301,2347,0.3724805586414855,6301,1782,0.2828122520234883,6301,593,0.09411204570703063
36047091600,Brooklyn,5617,1689,0.30069432081182124,5619,1200,0.21356113187399894,5619,327,0.05819540843566471
36047091800,Brooklyn,2453,652,0.2657969832857725,2424,514,0.21204620462046206,2424,7,0.0028877887788778876
36047092000,Brooklyn,3158,496,0.1570614312856238,3202,490,0.15302935665209244,3202,29,0.00905683947532792
36047092200,Brooklyn,2804,97,0.03459343794579173,2842,416,0.14637579169598874,2842,239,0.08409570724841661
36047092400,Brooklyn,3306,1284,0.38838475499092556,3354,553,0.16487775790101372,3354,129,0.038461538461538464
36047092800,Brooklyn,2663,223,0.08374014269620729,2663,306,0.11490799849793466,2663,121,0.045437476530229066
36047093000,Brooklyn,2906,284,0.09772883688919477,2986,225,0.0753516409912927,2986,240,0.08037508372404555
36047093200,Brooklyn,1559,291,0.18665811417575368,1565,189,0.1207667731629393,1565,10,0.006389776357827476
36047093400,Brooklyn,2127,346,0.1626704278326281,2175,216,0.0993103448275862,2175,74,0.03402298850574713
36047093600,Brooklyn,1516,148,0.09762532981530343,1529,219,0.1432308698495749,1529,80,0.052321778940483975
36047093800,Brooklyn,2227,308,0.1383026493039964,2227,278,0.12483161203412663,2227,319,0.143242029636282
36047094401,Brooklyn,3115,400,0.12841091492776885,3158,595,0.18841038632045598,3158,211,0.06681443951868271
36047094402,Brooklyn,2371,1023,0.4314635175031632,2371,411,0.17334458034584563,2371,170,0.07169970476592155
36047094600,Brooklyn,1772,71,0.040067720090293454,1772,153,0.0863431151241535,1772,7,0.0039503386004514675
36047095000,Brooklyn,2315,133,0.05745140388768898,2333,330,0.14144877839691383,2333,85,0.036433776253750536
36047095400,Brooklyn,3807,208,0.05463619648016811,3875,373,0.09625806451612903,3875,173,0.04464516129032258
36047095600,Brooklyn,3666,727,0.1983087834151664,3666,215,0.058647026732133116,3666,261,0.07119476268412439
36047095800,Brooklyn,2760,479,0.17355072463768115,2760,229,0.08297101449275363,2760,304,0.11014492753623188
36047096000,Brooklyn,0,0,,0,0,,0,0,
36047096200,Brooklyn,1315,145,0.11026615969581749,1315,98,0.07452471482889733,1315,141,0.10722433460076046
36047096400,Brooklyn,2070,219,0.10579710144927536,2086,157,0.07526366251198466,2086,197,0.09443911792905081
36047096600,Brooklyn,1883,312,0.1656930430164631,1872,112,0.05982905982905983,1872,106,0.056623931623931624
36047096800,Brooklyn,1224,157,0.12826797385620914,1224,129,0.1053921568627451,1224,51,0.041666666666666664
36047097000,Brooklyn,1935,92,0.047545219638242896,1935,363,0.1875968992248062,1935,105,0.05426356589147287
36047097400,Brooklyn,2049,517,0.25231820400195215,2094,230,0.10983763132760267,2094,190,0.09073543457497613
36047098200,Brooklyn,3962,1526,0.38515901060070673,3962,650,0.1640585562847047,3962,223,0.05628470469459869
36047098400,Brooklyn,1924,184,0.09563409563409564,1924,155,0.08056133056133057,1924,111,0.057692307692307696
36047098600,Brooklyn,2341,201,0.08586074327210594,2341,202,0.08628791114908159,2341,164,0.07005553182400684
36047098800,Brooklyn,2415,135,0.055900621118012424,2415,357,0.14782608695652175,2415,156,0.06459627329192547
36047099000,Brooklyn,1477,177,0.11983750846310089,1477,198,0.13405551794177387,1477,97,0.06567366283006093
36047099200,Brooklyn,1642,281,0.17113276492082827,1642,195,0.11875761266747868,1642,47,0.028623629719853837
36047099400,Brooklyn,1525,193,0.12655737704918033,1525,112,0.07344262295081967,1525,74,0.04852459016393443
36047099600,Brooklyn,3079,279,0.09061383566092887,3079,332,0.10782721662877558,3079,326,0.10587853199090613
36047099800,Brooklyn,3348,255,0.07616487455197132,3348,293,0.08751493428912784,3348,112,0.03345280764635603
36047100400,Brooklyn,2423,283,0.11679735864630623,2423,336,0.13867106892282294,2423,198,0.08171687990094924
36047100600,Brooklyn,2656,247,0.09299698795180723,2670,292,0.10936329588014981,2670,297,0.11123595505617978
36047100800,Brooklyn,2156,163,0.07560296846011132,2145,309,0.14405594405594405,2145,90,0.04195804195804196
36047101000,Brooklyn,2577,246,0.09545983701979045,2577,219,0.08498253783469151,2577,142,0.055102832751261155
36047101200,Brooklyn,2079,66,0.031746031746031744,2119,227,0.1071260028315243,2119,153,0.07220386974988202
36047101400,Brooklyn,1785,222,0.12436974789915967,1796,212,0.11804008908685969,1796,20,0.011135857461024499
36047101600,Brooklyn,1895,24,0.012664907651715039,1895,143,0.07546174142480211,1895,40,0.021108179419525065
36047101800,Brooklyn,1789,66,0.0368921185019564,1789,222,0.12409167132476244,1789,74,0.04136389044158748
36047102000,Brooklyn,2151,19,0.008833100883310088,2151,338,0.15713621571362157,2151,86,0.0399814039981404
36047102200,Brooklyn,2067,129,0.062409288824383166,2067,246,0.11901306240928883,2067,53,0.02564102564102564
36047102400,Brooklyn,1834,334,0.1821155943293348,1834,251,0.13685932388222466,1834,105,0.05725190839694656
36047102600,Brooklyn,2925,359,0.12273504273504274,2935,215,0.07325383304940375,2935,192,0.06541737649063033
36047102801,Brooklyn,1141,192,0.16827344434706398,1141,150,0.13146362839614373,1141,63,0.05521472392638037
36047102802,Brooklyn,0,0,,0,0,,0,0,
36047103401,Brooklyn,3637,1752,0.4817156997525433,3637,772,0.2122628540005499,3637,103,0.02832004399230135
36047103402,Brooklyn,0,0,,0,0,,0,0,
36047105801,Brooklyn,5635,1876,0.33291925465838507,5589,1865,0.3336911791018071,5589,128,0.022902129182322418
36047105804,Brooklyn,5933,1655,0.27894825551997304,5933,1908,0.32159110062363055,5933,133,0.022416989718523513
36047107001,Brooklyn,4670,568,0.12162740899357602,4672,522,0.11172945205479452,4672,50,0.010702054794520547
36047107002,Brooklyn,0,0,,0,0,,0,0,
36047107003,Brooklyn,0,0,,0,0,,0,0,
36047107800,Brooklyn,3687,273,0.07404393816110659,3687,508,0.13778139408733386,3687,74,0.02007051803634391
36047109800,Brooklyn,2257,652,0.28887904297740363,2348,215,0.09156729131175469,2348,121,0.05153321976149915
36047110400,Brooklyn,5199,1266,0.24350836699365264,5199,734,0.14118099634545106,5199,237,0.04558568955568378
36047110600,Brooklyn,4117,1607,0.3903327665776051,4117,1056,0.2564974495992227,4117,190,0.04615010930289046
36047111000,Brooklyn,2984,1052,0.35254691689008044,2984,785,0.26306970509383376,2984,72,0.024128686327077747
36047111600,Brooklyn,3519,783,0.22250639386189258,3535,272,0.07694483734087694,3535,362,0.1024045261669024
36047111800,Brooklyn,3872,686,0.1771694214876033,3872,223,0.05759297520661157,3872,214,0.05526859504132232
36047112000,Brooklyn,3249,386,0.1188057863958141,3249,171,0.05263157894736842,3249,212,0.06525084641428132
36047112200,Brooklyn,3500,818,0.2337142857142857,3500,502,0.14342857142857143,3500,104,0.029714285714285714
36047112400,Brooklyn,3319,412,0.12413377523350407,3380,349,0.10325443786982248,3380,215,0.06360946745562131
36047112600,Brooklyn,4328,1319,0.3047597042513863,4406,622,0.14117113027689515,4406,307,0.06967771221062188
36047112800,Brooklyn,3933,1119,0.28451563691838294,3933,465,0.11823035850495804,3933,156,0.03966437833714721
36047113000,Brooklyn,4448,781,0.1755845323741007,4490,502,0.11180400890868597,4490,221,0.049220489977728286
36047113200,Brooklyn,2637,565,0.2142586272279105,2637,383,0.14524080394387562,2637,0,0.0
36047113400,Brooklyn,2615,703,0.2688336520076482,2615,506,0.19349904397705545,2615,187,0.07151051625239006
36047114201,Brooklyn,1548,213,0.1375968992248062,1548,300,0.1937984496124031,1548,51,0.03294573643410853
36047114202,Brooklyn,2331,837,0.3590733590733591,2331,364,0.15615615615615616,2331,12,0.005148005148005148
36047114400,Brooklyn,2423,877,0.3619479983491539,2423,324,0.13371853074700785,2423,114,0.0470491126702435
36047114600,Brooklyn,3130,273,0.08722044728434505,3130,405,0.12939297124600638,3130,78,0.024920127795527155
36047115000,Brooklyn,2920,536,0.18356164383561643,2962,317,0.10702228224172856,2962,142,0.04794058068872384
36047115200,Brooklyn,2558,283,0.11063330727130571,2558,405,0.1583268178264269,2558,64,0.02501954652071931
36047115600,Brooklyn,4044,1493,0.369188921859545,4103,657,0.16012673653424322,4103,173,0.04216427004630758
36047115800,Brooklyn,2529,587,0.2321075523922499,2529,535,0.21154606563859232,2529,162,0.06405693950177936
36047116000,Brooklyn,2412,590,0.24461028192371476,2420,455,0.18801652892561985,2420,51,0.021074380165289255
36047116200,Brooklyn,2561,752,0.29363529871144084,2571,232,0.09023726176584987,2571,90,0.03500583430571762
36047116400,Brooklyn,3899,250,0.06411900487304437,3936,392,0.09959349593495935,3936,166,0.04217479674796748
36047116600,Brooklyn,2998,595,0.19846564376250833,2998,411,0.1370913942628419,2998,197,0.0657104736490994
36047116800,Brooklyn,2585,319,0.12340425531914893,2661,78,0.029312288613303268,2661,44,0.016535137166478767
36047117000,Brooklyn,1952,653,0.33452868852459017,1952,136,0.06967213114754098,1952,61,0.03125
36047117201,Brooklyn,1961,535,0.2728199898011219,1961,242,0.12340642529321774,1961,46,0.023457419683834777
36047117202,Brooklyn,4719,868,0.18393727484636577,4720,379,0.08029661016949152,4720,542,0.11483050847457626
36047117400,Brooklyn,3827,539,0.1408413901228116,3827,96,0.025084922916122288,3827,229,0.05983799320616671
36047117601,Brooklyn,3019,112,0.037098376946008614,3021,282,0.09334657398212512,3021,155,0.05130751406818934
36047117602,Brooklyn,3362,420,0.12492563950029745,3393,371,0.10934276451517831,3393,238,0.07014441497200118
36047117800,Brooklyn,1775,133,0.07492957746478873,1775,227,0.12788732394366198,1775,56,0.031549295774647886
36047118000,Brooklyn,0,0,,0,0,,0,0,
36047118201,Brooklyn,3638,738,0.2028587135788895,3674,220,0.059880239520958084,3674,133,0.0362003266194883
36047118202,Brooklyn,3288,678,0.2062043795620438,3288,206,0.06265206812652069,3288,206,0.06265206812652069
36047118400,Brooklyn,4826,833,0.1726067136344799,4826,459,0.09510982179859097,4826,905,0.1875259013675922
36047118600,Brooklyn,3082,382,0.12394548994159636,3099,532,0.17166828009035173,3099,196,0.0632462084543401
36047118800,Brooklyn,4760,776,0.16302521008403362,4778,248,0.05190456257848472,4778,185,0.03871912934282126
36047119000,Brooklyn,1783,550,0.30846887268648343,1772,165,0.09311512415349887,1772,91,0.051354401805869074
36047119200,Brooklyn,3885,450,0.11583011583011583,3885,435,0.11196911196911197,3885,335,0.08622908622908623
36047119400,Brooklyn,4816,1689,0.35070598006644516,4816,342,0.07101328903654484,4816,616,0.12790697674418605
36047119600,Brooklyn,5952,1185,0.19909274193548387,5972,663,0.11101808439383791,5972,262,0.04387139986604153
36047119800,Brooklyn,3268,1171,0.35832313341493266,3233,227,0.07021342406433653,3233,293,0.09062789978348283
36047120000,Brooklyn,2786,531,0.19059583632447955,2922,183,0.06262833675564682,2922,76,0.026009582477754964
36047120200,Brooklyn,1978,104,0.0525783619817998,1999,193,0.09654827413706854,1999,80,0.0400200100050025
36047120801,Brooklyn,4834,639,0.1321886636326024,4834,449,0.09288374017376913,4834,440,0.09102192800992967
36047120802,Brooklyn,5247,2101,0.40041928721174,5247,715,0.13626834381551362,5247,94,0.01791499904707452
36047120803,Brooklyn,1125,315,0.28,1125,145,0.1288888888888889,1125,41,0.036444444444444446
36047121000,Brooklyn,3738,1545,0.413322632423756,3738,680,0.1819154628143392,3738,211,0.05644729802033173
36047121400,Brooklyn,4512,1221,0.27061170212765956,4512,615,0.1363031914893617,4512,12,0.0026595744680851063
36047122000,Brooklyn,6991,350,0.050064368473751966,6955,663,0.09532710280373832,6955,456,0.06556434219985621
36047123700,Brooklyn,9642,3861,0.40043559427504666,9642,234,0.024268823895457373,9642,35,0.0036299522920555903
36047150200,Brooklyn,2869,112,0.03903799233182294,2884,192,0.06657420249653259,2884,126,0.043689320388349516
36047152200,Brooklyn,2912,107,0.036744505494505496,2913,180,0.061791967044284246,2913,13,0.004462753175420529
36047990100,Brooklyn,0,0,,0,0,,0,0,
36061000100,Manhattan,0,0,,0,0,,0,0,
36061000201,Manhattan,2642,1357,0.5136260408781226,2642,282,0.10673732021196064,2642,20,0.00757002271006813
36061000202,Manhattan,6601,1892,0.28662323890319646,6752,1431,0.2119372037914692,6752,243,0.035989336492890996
36061000500,Manhattan,0,0,,0,0,,0,0,
36061000600,Manhattan,10068,3492,0.3468414779499404,10068,1199,0.1190901867302344,10068,232,0.023043305522447356
36061000700,Manhattan,9134,344,0.037661484563170575,9134,53,0.005802496168162908,9134,150,0.016422158966498797
36061000800,Manhattan,8729,3460,0.39637988314812694,8747,925,0.10575054304332915,8747,314,0.03589802217903281
36061000900,Manhattan,1938,128,0.06604747162022703,1966,71,0.03611393692777213,1966,30,0.015259409969481181
36061001001,Manhattan,1745,69,0.03954154727793696,1745,109,0.06246418338108883,1745,0,0.0
36061001002,Manhattan,6494,3097,0.47690175546658453,6513,1092,0.16766467065868262,6513,321,0.04928604329801935
36061001200,Manhattan,4124,498,0.12075654704170707,4124,560,0.13579049466537343,4124,79,0.01915615906886518
36061001300,Manhattan,5062,600,0.1185302252074279,5062,67,0.013235875148162782,5062,536,0.10588700118530225
36061001401,Manhattan,3674,159,0.043277082199237885,3674,693,0.18862275449101795,3674,11,0.0029940119760479044
36061001402,Manhattan,3462,1039,0.3001155401502022,3463,679,0.19607276927519493,3463,274,0.07912214842622003
36061001501,Manhattan,6883,644,0.09356385297108818,7667,588,0.07669231772531629,7667,95,0.012390765618886135
36061001502,Manhattan,7414,430,0.057998381440517936,8373,397,0.047414307894422546,8373,321,0.038337513436044426
36061001600,Manhattan,7205,1244,0.17265787647467037,7221,846,0.11715828832571666,7221,335,0.04639246641739371
36061001800,Manhattan,6386,1327,0.2077983088005011,6646,747,0.11239843514896178,6646,802,0.1206740896780018
36061002000,Manhattan,5048,1790,0.35459587955625993,5048,1240,0.24564183835182252,5048,83,0.01644215530903328
36061002100,Manhattan,7441,69,0.00927294718451821,7441,318,0.042736191372127405,7441,85,0.011423195807015186
36061002201,Manhattan,6780,1971,0.2907079646017699,6780,1387,0.20457227138643067,6780,463,0.06828908554572272
36061002202,Manhattan,2492,324,0.13001605136436598,2494,222,0.08901363271852446,2494,171,0.06856455493183641
36061002400,Manhattan,4523,2178,0.48153880168030067,4523,1304,0.288304222860933,4523,184,0.04068096396197214
36061002500,Manhattan,4476,2408,0.5379803395889187,4476,904,0.20196604110813227,4476,148,0.03306523681858802
36061002601,Manhattan,4199,1382,0.3291259823767564,4199,1094,0.2605382233865206,4199,253,0.06025244105739462
36061002602,Manhattan,3528,567,0.16071428571428573,3528,689,0.19529478458049887,3528,117,0.03316326530612245
36061002700,Manhattan,1095,99,0.09041095890410959,1095,268,0.2447488584474886,1095,50,0.045662100456621
36061002800,Manhattan,6483,1262,0.19466296467684713,6497,1636,0.2518085270124673,6497,167,0.025704171155918117
36061002901,Manhattan,88,58,0.6590909090909091,88,59,0.6704545454545454,88,0,0.0
36061002902,Manhattan,3492,1152,0.32989690721649484,3493,521,0.1491554537646722,3493,308,0.08817635270541083
36061003001,Manhattan,4256,790,0.18562030075187969,4270,582,0.13629976580796252,4270,187,0.04379391100702576
36061003002,Manhattan,2833,622,0.21955524179315214,2833,414,0.14613483939286975,2833,79,0.027885633603953405
36061003100,Manhattan,1682,237,0.14090368608799048,2910,113,0.038831615120274915,2910,108,0.03711340206185567
36061003200,Manhattan,7866,1135,0.14429188914314772,7866,1007,0.1280193236714976,7866,361,0.04589371980676329
36061003300,Manhattan,5951,206,0.03461603091917325,5951,241,0.04049739539573181,5951,210,0.03528818685935137
36061003400,Manhattan,6990,1200,0.17167381974248927,6990,574,0.0821173104434907,6990,327,0.046781115879828326
36061003601,Manhattan,3050,607,0.19901639344262295,3019,618,0.2047035442199404,3019,135,0.04471679364027824
36061003602,Manhattan,3107,750,0.2413904087544255,3415,333,0.09751098096632503,3415,119,0.034846266471449484
36061003700,Manhattan,3460,152,0.04393063583815029,3460,202,0.05838150289017341,3460,30,0.008670520231213872
36061003800,Manhattan,7018,1245,0.1774009689370191,7254,629,0.08671078025916736,7254,234,0.03225806451612903
36061003900,Manhattan,5699,1061,0.1861730128092648,5699,745,0.13072468854184946,5699,57,0.010001754693805931
36061004001,Manhattan,3082,334,0.10837118754055808,3221,272,0.08444582427817449,3221,173,0.053710027941633036
36061004002,Manhattan,4684,877,0.1872331340734415,6268,300,0.047862156987874924,6268,111,0.01770899808551372
36061004100,Manhattan,6495,871,0.13410315627405697,6889,565,0.08201480621280302,6889,380,0.055160400638699376
36061004200,Manhattan,2165,358,0.1653579676674365,5133,110,0.02142996298460939,5133,31,0.006039353204753555
36061004300,Manhattan,3524,611,0.17338251986379113,3524,368,0.10442678774120318,3524,233,0.06611804767309876
36061004400,Manhattan,16963,1589,0.09367446795967695,16963,947,0.05582738902316807,16963,510,0.03006543653834817
36061004500,Manhattan,957,127,0.13270637408568442,957,49,0.051201671891327065,957,38,0.03970741901776385
36061004700,Manhattan,2187,137,0.06264288980338363,2187,22,0.010059442158207591,2187,88,0.040237768632830365
36061004800,Manhattan,6012,589,0.09797072521623419,6931,431,0.062184388977059586,6931,44,0.0063482902900014425
36061004900,Manhattan,4191,319,0.07611548556430446,4203,435,0.10349750178443969,4203,48,0.011420413990007138
36061005000,Manhattan,4706,388,0.08244793880152997,4774,218,0.04566401340594889,4774,25,0.005236698785085882
36061005200,Manhattan,2625,152,0.0579047619047619,3543,96,0.027095681625740897,3543,40,0.011289867344058707
36061005400,Manhattan,4427,390,0.08809577592048791,4427,504,0.1138468488818613,4427,120,0.02710639259091936
36061005501,Manhattan,4686,553,0.11801109688433632,5346,364,0.06808829031051253,5346,199,0.03722409277964833
36061005502,Manhattan,1899,181,0.09531332280147446,1899,177,0.09320695102685624,1899,14,0.00737230121116377
36061005600,Manhattan,3754,752,0.2003196590303676,3822,365,0.09549973835688122,3822,96,0.02511773940345369
36061005700,Manhattan,2589,214,0.08265739667825416,2600,165,0.06346153846153846,2600,26,0.01
36061005800,Manhattan,3986,541,0.13572503763171098,3986,184,0.04616156547917712,3986,0,0.0
36061005900,Manhattan,4217,261,0.061892340526440597,5120,386,0.075390625,5120,242,0.047265625
36061006000,Manhattan,5077,246,0.048453811305889306,5077,596,0.1173921607248375,5077,185,0.03643884183572976
36061006100,Manhattan,3603,249,0.06910907577019151,5319,216,0.04060913705583756,5319,46,0.008648242150780222
36061006200,Manhattan,3205,612,0.19095163806552262,3759,441,0.11731843575418995,3759,158,0.04203245544027667
36061006300,Manhattan,5544,587,0.10588023088023088,5759,595,0.1033165480118076,5759,125,0.02170515714533773
36061006400,Manhattan,7421,1375,0.18528500202129092,7726,693,0.08969712658555527,7726,328,0.042454051255500905
36061006500,Manhattan,4436,258,0.058160504959422904,5560,289,0.05197841726618705,5560,215,0.03866906474820144
36061006600,Manhattan,10552,1698,0.16091736163760426,11032,1602,0.14521392313270487,11032,252,0.02284263959390863
36061006700,Manhattan,4587,289,0.06300414214083279,4587,432,0.09417920209287116,4587,207,0.04512753433616743
36061006800,Manhattan,5289,576,0.10890527509926262,6430,486,0.07558320373250389,6430,177,0.027527216174183515
36061006900,Manhattan,2333,84,0.03600514359194171,2681,44,0.01641178664677359,2681,181,0.06751212234240955
36061007001,Manhattan,3841,85,0.022129653736006248,3997,310,0.07755816862646986,3997,83,0.020765574180635477
36061007002,Manhattan,3479,278,0.0799080195458465,3479,336,0.096579476861167,3479,33,0.009485484334578902
36061007100,Manhattan,5166,201,0.038908246225319396,5231,160,0.030586885872682087,5231,159,0.030395717835977824
36061007200,Manhattan,6899,446,0.06464705029714451,7108,157,0.02208778840742825,7108,134,0.018851997749015192
36061007300,Manhattan,5393,572,0.10606341553866122,5393,136,0.025217875023178193,5393,97,0.017986278509178565
36061007400,Manhattan,4748,641,0.13500421229991574,5355,279,0.052100840336134456,5355,153,0.02857142857142857
36061007500,Manhattan,3898,274,0.07029245767060031,3898,506,0.1298101590559261,3898,82,0.02103642893791688
36061007600,Manhattan,2351,240,0.10208421948107188,2362,201,0.0850973751058425,2362,74,0.03132938187976291
36061007700,Manhattan,5600,262,0.046785714285714285,5600,359,0.06410714285714286,5600,91,0.01625
36061007800,Manhattan,7991,532,0.06657489675885371,8011,536,0.06690800149794034,8011,100,0.012482836100362002
36061007900,Manhattan,4458,305,0.06841633019291161,4458,386,0.08658591296545536,4458,0,0.0
36061008000,Manhattan,5200,343,0.06596153846153846,5313,236,0.044419348767174856,5313,152,0.028609072087332956
36061008100,Manhattan,6162,445,0.07221681272314184,6167,464,0.07523917626074267,6167,78,0.012647964974866224
36061008200,Manhattan,3450,199,0.057681159420289854,3450,248,0.07188405797101449,3450,36,0.010434782608695653
36061008300,Manhattan,3614,816,0.22578859988931932,3614,793,0.21942446043165467,3614,193,0.053403431101272825
36061008400,Manhattan,1731,140,0.08087810514153669,1765,153,0.086685552407932,1765,125,0.0708215297450425
36061008601,Manhattan,3309,569,0.17195527349652462,3332,188,0.056422569027611044,3332,124,0.03721488595438175
36061008602,Manhattan,0,0,,0,0,,0,0,
36061008603,Manhattan,4970,200,0.04024144869215292,4970,387,0.0778672032193159,4970,23,0.004627766599597585
36061008700,Manhattan,5376,577,0.10732886904761904,5376,242,0.04501488095238095,5376,227,0.042224702380952384
36061008800,Manhattan,7567,754,0.09964318752477865,7567,542,0.07162680058147218,7567,95,0.012554513017047707
36061008900,Manhattan,5365,725,0.13513513513513514,5877,316,0.053768929726050706,5877,147,0.025012761613067893
36061009000,Manhattan,7221,627,0.08683007893643539,7239,487,0.06727448542616384,7239,341,0.04710595386103053
36061009100,Manhattan,6536,944,0.14443084455324356,6536,1117,0.17089963280293757,6536,110,0.016829865361077112
36061009200,Manhattan,1344,88,0.06547619047619048,1387,33,0.023792357606344627,1387,25,0.01802451333813987
36061009300,Manhattan,9535,1180,0.12375458835867856,9535,1192,0.12501310959622444,9535,145,0.015207131620346093
36061009400,Manhattan,70,20,0.2857142857142857,70,0,0.0,70,0,0.0
36061009500,Manhattan,2635,300,0.11385199240986717,3765,125,0.033200531208499334,3765,44,0.011686586985391767
36061009600,Manhattan,369,166,0.44986449864498645,560,78,0.1392857142857143,560,0,0.0
36061009700,Manhattan,4871,840,0.17244918907821802,4875,973,0.1995897435897436,4875,103,0.021128205128205128
36061009800,Manhattan,8855,1073,0.12117447769621682,8874,867,0.09770114942528736,8874,334,0.03763804372323642
36061009901,Manhattan,1946,45,0.023124357656731757,1948,123,0.06314168377823409,1948,3,0.001540041067761807
36061009902,Manhattan,4019,369,0.0918138840507589,4019,270,0.06718089076884798,4019,194,0.04827071410798706
36061009903,Manhattan,1465,121,0.08259385665529011,1465,27,0.018430034129692834,1465,103,0.07030716723549488
36061010000,Manhattan,1618,122,0.0754017305315204,1618,90,0.05562422744128554,1618,64,0.03955500618046971
36061010100,Manhattan,1862,350,0.18796992481203006,1862,146,0.07841031149301826,1862,85,0.04564983888292159
36061010200,Manhattan,267,11,0.04119850187265917,262,3,0.011450381679389313,262,5,0.019083969465648856
36061010300,Manhattan,2761,101,0.03658094893154654,3410,44,0.012903225806451613,3410,76,0.022287390029325515
36061010400,Manhattan,1057,26,0.02459791863765374,1058,93,0.08790170132325142,1058,11,0.010396975425330813
36061010601,Manhattan,7753,273,0.03521217593189733,7753,645,0.08319360247646072,7753,33,0.004256416870888688
36061010602,Manhattan,5199,462,0.08886324293133295,5214,263,0.050441120061373225,5214,88,0.016877637130801686
36061010801,Manhattan,3013,205,0.06803849983405244,3160,303,0.09588607594936709,3160,79,0.025
36061010802,Manhattan,4136,383,0.09260154738878143,4136,310,0.07495164410058026,4136,0,0.0
36061010803,Manhattan,1922,105,0.05463059313215401,1922,128,0.06659729448491156,1922,48,0.02497398543184183
36061010900,Manhattan,208,59,0.28365384615384615,208,5,0.02403846153846154,208,3,0.014423076923076924
36061011000,Manhattan,6760,110,0.016272189349112426,6760,473,0.06997041420118343,6760,38,0.005621301775147929
36061011100,Manhattan,4695,705,0.1501597444089457,4711,476,0.10104011887072809,4711,292,0.0619825939291021
36061011201,Manhattan,862,119,0.13805104408352667,862,102,0.11832946635730858,862,8,0.009280742459396751
36061011202,Manhattan,518,13,0.025096525096525095,518,40,0.07722007722007722,518,10,0.019305019305019305
36061011203,Manhattan,986,38,0.038539553752535496,986,81,0.0821501014198783,986,14,0.014198782961460446
36061011300,Manhattan,136,74,0.5441176470588235,136,25,0.18382352941176472,136,5,0.03676470588235294
36061011401,Manhattan,1026,197,0.19200779727095516,1026,111,0.10818713450292397,1026,2,0.001949317738791423
36061011402,Manhattan,2298,76,0.03307223672758921,2298,284,0.12358572671888599,2298,23,0.010008703220191472
36061011500,Manhattan,3910,781,0.19974424552429668,3947,352,0.0891816569546491,3947,238,0.060298961236382065
36061011600,Manhattan,2607,316,0.12121212121212122,2710,369,0.13616236162361622,2710,24,0.008856088560885609
36061011700,Manhattan,5363,485,0.09043445832556404,5363,297,0.05537945179936603,5363,249,0.04642923736714526
36061011800,Manhattan,9264,676,0.0729706390328152,9264,1485,0.16029792746113988,9264,56,0.006044905008635579
36061011900,Manhattan,1319,604,0.4579226686884003,1352,623,0.46079881656804733,1352,50,0.03698224852071006
36061012000,Manhattan,3489,280,0.08025222126683863,3489,280,0.08025222126683863,3489,16,0.004585841215247922
36061012101,Manhattan,3207,945,0.29466791393826003,3207,349,0.10882444652323044,3207,219,0.06828811973807297
36061012102,Manhattan,4984,536,0.10754414125200643,5029,1350,0.26844303042354345,5029,88,0.01749850864983098
36061012200,Manhattan,3103,65,0.020947470190138574,3103,297,0.09571382533032549,3103,0,0.0
36061012400,Manhattan,8258,445,0.053887139743279244,8670,722,0.08327566320645906,8670,142,0.01637831603229527
36061012500,Manhattan,2680,324,0.1208955223880597,2680,245,0.0914179104477612,2680,161,0.060074626865671645
36061012601,Manhattan,7014,308,0.043912175648702596,7014,534,0.07613344739093242,7014,70,0.00998003992015968
36061012602,Manhattan,4980,118,0.023694779116465864,4980,280,0.05622489959839357,4980,0,0.0
36061012700,Manhattan,6307,709,0.11241477723164738,6307,840,0.13318534961154274,6307,356,0.056445219597272875
36061012800,Manhattan,5163,161,0.031183420491962037,5163,413,0.07999225256633741,5163,56,0.01084640712763897
36061012901,Manhattan,6762,526,0.07778763679384798,6806,288,0.04231560387893035,6806,67,0.009844255069056715
36061012902,Manhattan,2383,451,0.1892572387746538,2594,126,0.04857363145720894,2594,161,0.062066306861989204
36061013000,Manhattan,3311,381,0.11507097553609182,3336,416,0.12470023980815348,3336,45,0.013489208633093525
36061013100,Manhattan,3470,313,0.09020172910662824,3485,458,0.13142037302725967,3485,92,0.026398852223816355
36061013201,Manhattan,2351,57,0.024245002126754574,2351,348,0.14802211824755424,2351,62,0.026371756699276903
36061013202,Manhattan,3616,447,0.12361725663716815,3616,407,0.11255530973451328,3616,24,0.00663716814159292
36061013203,Manhattan,4276,1437,0.3360617399438728,4276,133,0.031103835360149674,4276,144,0.03367633302151544
36061013300,Manhattan,6146,712,0.11584770582492677,6146,293,0.047673283436381386,6146,285,0.04637162382037097
36061013400,Manhattan,10399,1010,0.09712472353110876,10475,840,0.0801909307875895,10475,90,0.008591885441527447
36061013501,Manhattan,4872,396,0.0812807881773399,4854,397,0.08178821590440874,4854,271,0.055830243098475486
36061013502,Manhattan,5873,1196,0.20364379363187468,5873,804,0.13689766729099268,5873,143,0.024348714455985018
36061013601,Manhattan,1979,44,0.02223345123799899,1979,359,0.18140474987367358,1979,19,0.009600808489135927
36061013602,Manhattan,6373,83,0.013023693707829907,6373,287,0.04503373607406245,6373,16,0.002510591558135886
36061013603,Manhattan,4442,256,0.05763169743358847,4459,348,0.07804440457501682,4459,0,0.0
36061013604,Manhattan,4030,201,0.049875930521091814,4030,392,0.09727047146401985,4030,66,0.016377171215880892
36061013700,Manhattan,6557,503,0.07671191093487875,6600,540,0.08181818181818182,6600,71,0.010757575757575757
36061013800,Manhattan,11161,609,0.05456500313591972,11161,453,0.0405877609533196,11161,451,0.040408565540722155
36061013900,Manhattan,9918,396,0.039927404718693285,9952,1678,0.16860932475884244,9952,203,0.02039790996784566
36061014000,Manhattan,8030,431,0.05367372353673724,8030,569,0.07085927770859278,8030,160,0.019925280199252802
36061014200,Manhattan,3979,260,0.06534305101784368,3979,230,0.057803468208092484,3979,167,0.04197034430761498
36061014300,Manhattan,0,0,,0,0,,0,0,
36061014401,Manhattan,5006,266,0.05313623651618058,5006,336,0.06711945665201757,5006,65,0.012984418697562925
36061014402,Manhattan,6799,530,0.07795264009413148,6799,606,0.08913075452272393,6799,251,0.03691719370495661
36061014500,Manhattan,6020,369,0.06129568106312292,7297,338,0.04632040564615596,7297,316,0.04330546800054817
36061014601,Manhattan,3922,504,0.12850586435492095,3922,367,0.09357470678225395,3922,58,0.014788373278939317
36061014602,Manhattan,8144,549,0.06741159135559921,8144,1245,0.15287328094302555,8144,199,0.02443516699410609
36061014700,Manhattan,2840,192,0.0676056338028169,2840,250,0.0880281690140845,2840,70,0.02464788732394366
36061014801,Manhattan,3127,87,0.02782219379597058,3127,291,0.09306044131755677,3127,36,0.011512631915574032
36061014802,Manhattan,7150,269,0.03762237762237762,7150,478,0.06685314685314685,7150,720,0.1006993006993007
36061014900,Manhattan,5681,518,0.09118113008273192,6074,467,0.07688508396443859,6074,60,0.009878169245966415
36061015001,Manhattan,2141,74,0.03456328818309201,2141,196,0.09154600653900047,2141,103,0.04810836057916861
36061015002,Manhattan,4904,149,0.03038336052202284,4904,317,0.06464110929853181,4904,40,0.008156606851549755
36061015101,Manhattan,3415,1634,0.47847730600292826,3476,487,0.1401035673187572,3476,16,0.004602991944764097
36061015102,Manhattan,9611,1849,0.19238372697950265,9611,867,0.09020913536572678,9611,779,0.08105296014982832
36061015200,Manhattan,7667,1604,0.20920829529150906,7667,1367,0.1782965958001826,7667,241,0.03143341593843746
36061015301,Manhattan,4799,188,0.039174828089185244,4799,334,0.06959783288185038,4799,310,0.06459679099812461
36061015302,Manhattan,5448,335,0.06149045521292217,5448,435,0.07984581497797356,5448,167,0.03065345080763583
36061015401,Manhattan,4594,155,0.03373966042664345,4563,629,0.1378479070786763,4563,445,0.0975235590620206
36061015402,Manhattan,3724,274,0.07357679914070892,3724,243,0.06525241675617616,3724,80,0.021482277121374866
36061015403,Manhattan,5055,555,0.10979228486646884,5055,556,0.10999010880316518,5055,138,0.027299703264094956
36061015501,Manhattan,4969,485,0.09760515194204065,4969,350,0.07043670758703964,4969,103,0.020728516804185953
36061015502,Manhattan,5500,697,0.12672727272727272,5500,590,0.10727272727272727,5500,73,0.013272727272727273
36061015601,Manhattan,5120,621,0.1212890625,5120,514,0.100390625,5120,460,0.08984375
36061015602,Manhattan,2241,398,0.17759928603302097,2241,262,0.11691209281570727,2241,210,0.09370816599732262
36061015700,Manhattan,10219,450,0.04403561992367159,10669,966,0.09054269378573437,10669,388,0.03636704470896991
36061015801,Manhattan,4968,295,0.05938003220611916,5188,374,0.07208943716268311,5188,57,0.010986892829606784
36061015802,Manhattan,3444,297,0.08623693379790941,4212,226,0.05365622032288699,4212,123,0.0292022792022792
36061015900,Manhattan,9194,481,0.052316728301065915,9194,760,0.08266260604742223,9194,236,0.025668914509462692
36061016001,Manhattan,3118,86,0.027581783194355357,3118,274,0.08787684413085312,3118,58,0.01860166773572803
36061016002,Manhattan,2555,170,0.06653620352250489,3183,278,0.08733898837574615,3183,114,0.03581526861451461
36061016100,Manhattan,5756,342,0.05941626129256428,5756,441,0.07661570535093815,5756,12,0.0020847810979847115
36061016200,Manhattan,9320,4456,0.4781115879828326,9320,1824,0.19570815450643778,9320,156,0.016738197424892704
36061016300,Manhattan,7191,399,0.05548602419691281,7213,476,0.0659919589629835,7213,90,0.01247747123249688
36061016400,Manhattan,8285,3079,0.3716354858177429,8310,2098,0.25246690734055355,8310,320,0.03850782190132371
36061016500,Manhattan,7098,689,0.09706959706959707,7098,842,0.11862496477881093,7098,32,0.004508312200619893
36061016600,Manhattan,6760,2458,0.3636094674556213,6888,1381,0.20049361207897792,6888,392,0.056910569105691054
36061016700,Manhattan,7859,452,0.05751367858506171,7884,673,0.08536276002029426,7884,236,0.029934043632673768
36061016800,Manhattan,4377,1503,0.343385880740233,4377,1000,0.2284669865204478,4377,132,0.03015764222069911
36061016900,Manhattan,8042,515,0.06403879631932355,8056,537,0.0666583912611718,8056,153,0.018992055610724926
36061017000,Manhattan,8766,2696,0.30755190508783936,8791,1176,0.13377317711295644,8791,830,0.09441474235013081
36061017100,Manhattan,8295,1417,0.17082579867389994,8419,809,0.09609217246703884,8419,47,0.005582610761373084
36061017200,Manhattan,5624,1439,0.2558677098150782,5630,931,0.16536412078152754,5630,516,0.09165186500888099
36061017300,Manhattan,9343,557,0.05961682543080381,9343,1055,0.1129187627100503,9343,120,0.012843840308252167
36061017401,Manhattan,5275,1406,0.26654028436018956,5275,1674,0.31734597156398103,5275,235,0.04454976303317536
36061017402,Manhattan,2887,335,0.11603740907516454,2887,510,0.17665396605472808,2887,250,0.08659508139937652
36061017500,Manhattan,9742,321,0.03295011291315952,9760,1141,0.11690573770491804,9760,229,0.02346311475409836
36061017700,Manhattan,10030,1319,0.13150548354935193,10030,983,0.09800598205383848,10030,0,0.0
36061017800,Manhattan,3786,1131,0.2987321711568938,3786,364,0.09614368726888536,3786,655,0.17300581088219757
36061017900,Manhattan,9842,873,0.08870148343832554,9875,711,0.072,9875,877,0.08881012658227848
36061018000,Manhattan,6980,2358,0.3378223495702006,6980,1256,0.17994269340974212,6980,560,0.08022922636103152
36061018100,Manhattan,8408,698,0.08301617507136061,8408,1053,0.12523786869647954,8408,174,0.020694576593720267
36061018200,Manhattan,7098,2791,0.39320935474781626,7266,1765,0.2429121937792458,7266,440,0.060556014313239745
36061018300,Manhattan,8440,1463,0.17334123222748815,8440,991,0.11741706161137441,8440,268,0.03175355450236967
36061018400,Manhattan,8225,2108,0.2562917933130699,8225,1316,0.16,8225,296,0.03598784194528876
36061018500,Manhattan,5059,243,0.048033208143901954,5060,646,0.12766798418972333,5060,191,0.03774703557312253
36061018600,Manhattan,6091,1794,0.294532917419143,6104,785,0.12860419397116646,6104,389,0.06372870249017037
36061018700,Manhattan,9862,952,0.09653214358142365,9907,860,0.08680730796406581,9907,205,0.02069243968910871
36061018800,Manhattan,4676,1428,0.30538922155688625,4676,856,0.18306244653550044,4676,886,0.1894781864841745
36061018900,Manhattan,9819,3133,0.3190752622466646,9747,1644,0.16866728224068944,9747,171,0.017543859649122806
36061019000,Manhattan,3735,465,0.12449799196787148,3735,346,0.09263721552878179,3735,234,0.06265060240963856
36061019100,Manhattan,7906,742,0.09385277004806476,8008,1122,0.1401098901098901,8008,351,0.04383116883116883
36061019200,Manhattan,3867,1814,0.4690974915955521,3868,899,0.23241985522233713,3868,357,0.09229576008273009
36061019300,Manhattan,9098,1909,0.2098263354583425,9172,1605,0.17498909725250764,9172,639,0.069668556476232
36061019400,Manhattan,5879,1567,0.2665419288994727,5879,1177,0.2002041163463174,5879,285,0.04847763225038272
36061019500,Manhattan,7235,1177,0.16268140981340704,7632,741,0.09709119496855347,7632,342,0.04481132075471698
36061019600,Manhattan,3900,1235,0.31666666666666665,3900,774,0.19846153846153847,3900,191,0.04897435897435897
36061019701,Manhattan,962,327,0.3399168399168399,962,76,0.079002079002079,962,17,0.017671517671517672
36061019702,Manhattan,2523,353,0.13991280221957986,2531,255,0.10075069142631371,2531,30,0.011853022520742789
36061019800,Manhattan,2361,301,0.12748835239305378,2362,171,0.07239627434377646,2362,56,0.023708721422523286
36061019900,Manhattan,6060,1194,0.19702970297029704,8527,824,0.09663422071068371,8527,283,0.033188694734373164
36061020000,Manhattan,2746,504,0.18353969410050983,2763,632,0.22873688020267824,2763,62,0.022439377488237423
36061020101,Manhattan,807,202,0.2503097893432466,1968,38,0.019308943089430895,1968,104,0.052845528455284556
36061020102,Manhattan,4148,650,0.156702025072324,4148,456,0.10993249758919961,4148,319,0.07690453230472517
36061020300,Manhattan,989,244,0.24671385237613752,3989,129,0.03233893206317373,3989,216,0.0541489095011281
36061020500,Manhattan,2761,260,0.09416877942774357,5532,265,0.047903109182935645,5532,151,0.027295733911785972
36061020600,Manhattan,3456,1037,0.30005787037037035,3481,458,0.1315713875323183,3481,245,0.07038207411663315
36061020701,Manhattan,2120,464,0.2188679245283019,2826,158,0.055909412597310686,2826,29,0.010261854210898797
36061020800,Manhattan,5378,1263,0.2348456675343994,5391,365,0.06770543498423298,5391,243,0.045075125208681135
36061020901,Manhattan,3656,1235,0.337800875273523,3656,687,0.18791028446389496,3656,173,0.047319474835886215
36061021000,Manhattan,6518,2392,0.3669837373427432,6552,1255,0.19154456654456656,6552,424,0.06471306471306472
36061021100,Manhattan,8749,2596,0.29671962510001143,9846,1796,0.18240910014218972,9846,404,0.0410318911232988
36061021200,Manhattan,5010,1037,0.20698602794411178,5036,455,0.0903494837172359,5036,239,0.04745830023828435
36061021303,Manhattan,5795,1228,0.21190681622088006,5804,800,0.13783597518952448,5804,353,0.06082012405237767
36061021400,Manhattan,2911,714,0.24527653727241497,2953,599,0.2028445648493058,2953,270,0.091432441584829
36061021500,Manhattan,3863,750,0.19414962464405902,3863,457,0.11830183794977997,3863,308,0.07973077918716023
36061021600,Manhattan,8905,1397,0.15687815833801236,8912,732,0.08213644524236983,8912,690,0.07742369838420107
36061021703,Manhattan,0,0,,348,32,0.09195402298850575,348,53,0.15229885057471265
36061021800,Manhattan,6127,849,0.1385669985310919,6128,864,0.1409921671018277,6128,337,0.054993472584856394
36061021900,Manhattan,5277,2042,0.386962289179458,5358,826,0.1541620007465472,5358,274,0.0511384845091452
36061022000,Manhattan,6017,1513,0.2514542130629882,6087,501,0.0823065549531789,6087,336,0.05519960571710202
36061022102,Manhattan,2350,344,0.14638297872340425,2350,147,0.0625531914893617,2350,122,0.05191489361702128
36061022200,Manhattan,3595,673,0.18720445062586927,3595,437,0.12155771905424201,3595,81,0.022531293463143254
36061022301,Manhattan,7226,2307,0.3192637697204539,7226,1169,0.16177691668973151,7226,485,0.06711873789094935
36061022302,Manhattan,2870,563,0.19616724738675959,2870,615,0.21428571428571427,2870,144,0.050174216027874564
36061022400,Manhattan,6591,2756,0.4181459566074951,6641,1362,0.205089594940521,6641,349,0.05255232645685891
36061022500,Manhattan,11262,2790,0.2477357485348961,11309,1853,0.1638517994517641,11309,653,0.057741621717216376
36061022600,Manhattan,5633,937,0.16634120362151605,5667,679,0.11981648138344803,5667,326,0.0575260278807129
36061022700,Manhattan,5856,1190,0.2032103825136612,5856,928,0.15846994535519127,5856,412,0.0703551912568306
36061022800,Manhattan,5663,1384,0.24439343104361647,5713,1020,0.1785401715385962,5713,169,0.02958165587257133
36061022900,Manhattan,7702,2360,0.30641391846273697,7702,1044,0.1355492079979226,7702,480,0.06232147494157362
36061023000,Manhattan,8764,4277,0.48801916932907347,8773,2185,0.2490596147270033,8773,401,0.04570842357232418
36061023100,Manhattan,7110,1493,0.20998593530239099,7126,729,0.1023014313780522,7126,396,0.055571147909065394
36061023200,Manhattan,9183,4815,0.5243384514864423,9183,1595,0.17369051508221714,9183,710,0.07731678100838506
36061023300,Manhattan,7341,1439,0.19602234028061571,7365,770,0.10454854039375425,7365,572,0.07766463000678886
36061023400,Manhattan,5442,1447,0.2658948915839765,5442,630,0.11576626240352811,5442,820,0.15067989709665564
36061023501,Manhattan,7506,1295,0.17252864375166532,7506,1130,0.15054622968292034,7506,522,0.06954436450839328
36061023502,Manhattan,1858,686,0.36921420882669537,1858,351,0.18891280947255112,1858,190,0.10226049515608181
36061023600,Manhattan,11040,1708,0.15471014492753624,11042,2175,0.19697518565477268,11042,515,0.0466401014309002
36061023700,Manhattan,6453,1903,0.29490159615682626,6676,1002,0.15008987417615338,6676,650,0.09736369083283403
36061023802,Manhattan,4116,337,0.08187560738581147,4116,482,0.11710398445092322,4116,384,0.09329446064139942
36061023803,Manhattan,3270,348,0.10642201834862386,3270,382,0.11681957186544342,3270,82,0.02507645259938838
36061023804,Manhattan,3430,608,0.1772594752186589,3546,40,0.011280315848843767,3546,59,0.016638465877044557
36061023900,Manhattan,3184,576,0.18090452261306533,3184,946,0.2971105527638191,3184,238,0.07474874371859297
36061024000,Manhattan,2166,1511,0.6975992613111727,2211,946,0.42786069651741293,2211,616,0.27860696517412936
36061024100,Manhattan,7838,1663,0.21217147231436592,7915,1943,0.24548325963360706,7915,788,0.09955780164245104
36061024200,Manhattan,5847,1684,0.2880109457841628,5831,999,0.1713256731263934,5831,478,0.08197564740181787
36061024301,Manhattan,4539,758,0.1669971359330249,4539,886,0.19519717999559374,4539,733,0.16148931482705442
36061024302,Manhattan,7547,3154,0.4179144030740692,7627,1447,0.1897207289891176,7627,490,0.06424544381801495
36061024500,Manhattan,14577,4599,0.31549701584688206,14577,3485,0.23907525553954861,14577,528,0.0362214447417164
36061024700,Manhattan,6102,1172,0.19206817436905932,6102,1554,0.25467059980334317,6102,138,0.02261553588987217
36061024900,Manhattan,984,95,0.09654471544715447,984,192,0.1951219512195122,984,51,0.051829268292682924
36061025100,Manhattan,2375,699,0.2943157894736842,2502,550,0.21982414068745004,2502,179,0.07154276578737011
36061025300,Manhattan,10132,1826,0.18022108172127912,10172,1541,0.15149429807314196,10172,555,0.05456154148643334
36061025500,Manhattan,4574,915,0.20004372540446,5480,694,0.12664233576642336,5480,433,0.07901459854014599
36061025700,Manhattan,4443,712,0.16025208192662616,4443,384,0.08642808912896692,4443,191,0.042988971415710106
36061025900,Manhattan,4779,761,0.15923833437957732,4790,357,0.07453027139874739,4790,618,0.1290187891440501
36061026100,Manhattan,11982,4282,0.357369387414455,12041,2403,0.19956814218088198,12041,1529,0.1269828087368159
36061026300,Manhattan,8342,1502,0.18005274514504915,8342,1344,0.1611124430592184,8342,1239,0.14852553344521696
36061026500,Manhattan,7665,852,0.1111545988258317,7702,955,0.12399376785250585,7702,660,0.08569202804466372
36061026700,Manhattan,1690,292,0.1727810650887574,2227,110,0.04939380332285586,2227,179,0.08037718904355635
36061026900,Manhattan,7414,1069,0.14418667386026437,7594,1256,0.1653937318936002,7594,507,0.06676323413220964
36061027100,Manhattan,7742,1165,0.15047791268406097,7742,861,0.1112115732368897,7742,721,0.09312839059674503
36061027300,Manhattan,7434,332,0.04465967177831585,7434,552,0.07425343018563357,7434,102,0.013720742534301856
36061027500,Manhattan,3164,169,0.0534134007585335,3164,658,0.2079646017699115,3164,82,0.025916561314791402
36061027700,Manhattan,5817,1307,0.22468626439745573,5817,778,0.13374591713941894,5817,449,0.07718755372184975
36061027900,Manhattan,9587,1033,0.10775007823093773,9587,1130,0.11786794617711484,9587,679,0.07082507562323981
36061028100,Manhattan,3120,135,0.04326923076923077,3120,187,0.05993589743589744,3120,65,0.020833333333333332
36061028300,Manhattan,7961,1315,0.1651802537369677,8016,1332,0.1661676646706587,8016,715,0.08919660678642714
36061028500,Manhattan,7045,2130,0.30234208658623135,7094,986,0.13899069636312378,7094,525,0.07400620242458415
36061028700,Manhattan,3690,612,0.16585365853658537,3690,297,0.08048780487804878,3690,125,0.03387533875338753
36061029100,Manhattan,10834,1528,0.14103747461694666,10870,1568,0.14425022999080037,10870,546,0.05022999080036798
36061029300,Manhattan,8011,2866,0.357758082636375,8011,1674,0.2089626763200599,8011,555,0.06927974035700911
36061029500,Manhattan,7564,419,0.05539397144368059,7565,920,0.12161269001982816,7565,455,0.06014540647719762
36061029700,Manhattan,0,0,,0,0,,0,0,
36061029900,Manhattan,3532,657,0.18601359003397508,3532,1035,0.29303510758776896,3532,138,0.039071347678369193
36061030300,Manhattan,3309,421,0.12722877002115443,3309,510,0.1541251133272892,3309,138,0.04170444242973708
36061030700,Manhattan,3563,111,0.03115352231265787,3563,513,0.14397979230985125,3563,143,0.04013471793432501
36061030900,Manhattan,10253,3760,0.36672193504340195,10253,2809,0.27396859455769046,10253,432,0.042134009558178094
36061031100,Manhattan,0,0,,0,0,,0,0,
36061031703,Manhattan,5887,340,0.05775437404450484,5887,281,0.04773229148972312,5887,94,0.015967385765245454
36061031704,Manhattan,10097,333,0.03298009309695949,10097,273,0.027037733980390215,10097,259,0.025651183519857384
36061031900,Manhattan,0,0,,0,0,,0,0,
36081000101,Queens,4665,281,0.060235798499464095,4665,486,0.10418006430868167,4665,0,0.0
36081000102,Queens,6790,233,0.03431516936671576,6769,244,0.036046683409661696,6769,191,0.028216871029694193
36081000103,Queens,35,0,0.0,35,0,0.0,35,5,0.14285714285714285
36081000104,Queens,281,178,0.6334519572953736,281,7,0.02491103202846975,281,48,0.1708185053380783
36081000200,Queens,2439,368,0.15088150881508816,2439,295,0.12095120951209512,2439,348,0.14268142681426815
36081000400,Queens,4102,347,0.08459288152120917,4102,443,0.10799609946367626,4102,434,0.10580204778156997
36081000600,Queens,3543,620,0.17499294383290998,3549,377,0.10622710622710622,3549,439,0.12369681600450831
36081000701,Queens,3691,189,0.051205635329179086,3691,72,0.019506908696830128,3691,77,0.020861555134109998
36081000702,Queens,4643,717,0.15442601766099504,4643,204,0.04393710962739608,4643,81,0.01744561705793668
36081000800,Queens,3768,379,0.10058386411889597,3768,369,0.09792993630573249,3768,375,0.09952229299363058
36081001000,Queens,4618,391,0.08466868774361196,4636,234,0.05047454702329594,4636,537,0.11583261432269197
36081001200,Queens,4591,254,0.05532563711609671,4603,550,0.11948729089724093,4603,414,0.08994134260265045
36081001400,Queens,3609,425,0.11776115267387088,3609,383,0.10612357993904128,3609,144,0.0399002493765586
36081001600,Queens,2650,383,0.14452830188679244,2650,231,0.08716981132075471,2650,174,0.06566037735849056
36081001800,Queens,3025,512,0.16925619834710745,3015,383,0.12703150912106137,3015,269,0.08922056384742952
36081001901,Queens,1738,44,0.02531645569620253,1738,96,0.05523590333716916,1738,74,0.04257767548906789
36081001902,Queens,6561,666,0.10150891632373114,6561,289,0.044048163389727175,6561,335,0.051059289742417316
36081001903,Queens,2060,103,0.05,2060,23,0.01116504854368932,2060,126,0.06116504854368932
36081002000,Queens,1774,205,0.11555806087936867,1774,108,0.060879368658399095,1774,148,0.0834272829763247
36081002200,Queens,2021,199,0.09846610588817417,2021,221,0.10935180603661554,2021,100,0.04948045522018803
36081002400,Queens,2080,327,0.15721153846153846,2080,208,0.1,2080,482,0.23173076923076924
36081002500,Queens,6530,1796,0.2750382848392037,6530,1168,0.17886676875957122,6530,227,0.034762633996937214
36081002600,Queens,2236,290,0.129695885509839,2236,163,0.07289803220035779,2236,86,0.038461538461538464
36081002800,Queens,2862,313,0.10936408106219427,2883,234,0.08116545265348596,2883,204,0.07075962539021852
36081003000,Queens,1410,54,0.03829787234042553,1410,181,0.12836879432624113,1410,114,0.08085106382978724
36081003100,Queens,1660,339,0.20421686746987952,1715,196,0.11428571428571428,1715,145,0.08454810495626822
36081003200,Queens,1885,421,0.223342175066313,1902,133,0.06992639327024185,1902,299,0.15720294426919032
36081003301,Queens,4042,461,0.1140524492825334,4042,137,0.0338941118258288,4042,157,0.0388421573478476
36081003302,Queens,988,327,0.3309716599190283,1056,190,0.17992424242424243,1056,66,0.0625
36081003400,Queens,2594,513,0.19776407093292211,2619,214,0.08171057655593739,2619,345,0.13172966781214204
36081003600,Queens,3295,445,0.13505311077389984,3330,466,0.13993993993993994,3330,290,0.08708708708708708
36081003700,Queens,0,0,,0,0,,0,0,
36081003800,Queens,2184,255,0.11675824175824176,2185,218,0.09977116704805492,2185,261,0.1194508009153318
36081003900,Queens,1480,292,0.1972972972972973,1480,79,0.05337837837837838,1480,127,0.08581081081081081
36081004001,Queens,2063,198,0.09597673291323315,2058,123,0.0597667638483965,2058,248,0.12050534499514091
36081004002,Queens,1749,355,0.2029731275014294,1766,200,0.11325028312570781,1766,96,0.05436013590033975
36081004200,Queens,4523,1248,0.275923059915985,4651,413,0.08879810793377768,4651,431,0.0926682433885186
36081004300,Queens,2033,631,0.31037875061485487,2033,461,0.2267584849975406,2033,53,0.026069847515986226
36081004401,Queens,3493,688,0.19696535929000858,3493,343,0.09819639278557114,3493,360,0.10306326939593473
36081004500,Queens,2758,234,0.08484408992023205,2758,405,0.14684554024655547,2758,47,0.01704133430021755
36081004700,Queens,3963,1209,0.30507191521574567,3963,544,0.13726974514256876,3963,255,0.0643451930355791
36081005000,Queens,0,0,,0,0,,0,0,
36081005100,Queens,2303,185,0.08033000434216239,2303,191,0.08293530178028659,2303,223,0.09683022145028224
36081005200,Queens,2303,353,0.1532783326096396,2303,221,0.09596178897090751,2303,247,0.10725141120277898
36081005300,Queens,5188,299,0.05763299922898998,5188,216,0.04163454124903624,5188,517,0.09965304548959136
36081005400,Queens,5262,610,0.11592550361079437,5341,898,0.16813330836921925,5341,228,0.042688635087062346
36081005500,Queens,1342,106,0.07898658718330849,1350,104,0.07703703703703704,1350,115,0.08518518518518518
36081005700,Queens,3799,884,0.2326928138983943,3800,422,0.11105263157894738,3800,533,0.14026315789473684
36081005800,Queens,6219,139,0.02235086026692394,6242,916,0.14674783723165652,6242,227,0.036366549182954185
36081005900,Queens,4208,376,0.08935361216730038,4208,299,0.07105513307984791,4208,368,0.08745247148288973
36081006100,Queens,5165,309,0.05982575024201355,5207,406,0.07797196082197043,5207,152,0.029191473017092375
36081006201,Queens,5870,469,0.07989778534923339,5855,1207,0.20614859094790777,5855,156,0.026643894107600343
36081006202,Queens,7327,534,0.07288112460761567,7327,1733,0.23652245120786133,7327,391,0.05336426914153132
36081006300,Queens,5613,254,0.045252093354712274,5613,570,0.10154997327632283,5613,352,0.06271156244432567
36081006501,Queens,2983,203,0.06805229634596044,2983,252,0.08447871270533021,2983,126,0.042239356352665104
36081006502,Queens,3975,604,0.1519496855345912,3975,245,0.061635220125786164,3975,729,0.18339622641509434
36081006900,Queens,4502,466,0.10350955131052865,4515,440,0.09745293466223699,4515,430,0.09523809523809523
36081007100,Queens,3464,362,0.10450346420323325,3488,271,0.07769495412844037,3488,362,0.10378440366972477
36081007300,Queens,3813,294,0.07710464201416208,3782,290,0.07667900581702802,3782,179,0.047329455314648335
36081007500,Queens,5002,527,0.1053578568572571,5002,459,0.09176329468212716,5002,291,0.05817672930827669
36081007700,Queens,1913,518,0.2707788813382122,1913,185,0.0967067433350758,1913,135,0.0705697856769472
36081007900,Queens,2730,457,0.1673992673992674,2742,458,0.16703136396790663,2742,189,0.06892778993435449
36081008100,Queens,1528,67,0.04384816753926701,1528,92,0.060209424083769635,1528,82,0.05366492146596859
36081008300,Queens,2405,294,0.12224532224532225,2405,194,0.08066528066528067,2405,179,0.07442827442827443
36081008500,Queens,1762,566,0.32122587968217936,1821,125,0.0686436024162548,1821,120,0.06589785831960461
36081008600,Queens,3197,459,0.143572098842665,3341,363,0.10865010475905418,3341,424,0.126908111343909
36081008700,Queens,3444,1246,0.3617886178861789,3480,796,0.22873563218390805,3480,343,0.09856321839080459
36081008800,Queens,3641,179,0.049162318044493274,3679,360,0.09785267735797772,3679,282,0.07665126393041588
36081009100,Queens,1928,117,0.060684647302904564,1928,236,0.12240663900414937,1928,35,0.01815352697095436
36081009400,Queens,2707,523,0.19320280753601773,2707,292,0.1078684891023273,2707,525,0.19394163280384188
36081009500,Queens,1959,130,0.06636038795303727,1959,108,0.055130168453292494,1959,84,0.042879019908116385
36081009600,Queens,3072,336,0.109375,3072,404,0.13151041666666666,3072,219,0.0712890625
36081009700,Queens,3802,342,0.08995265649658074,3837,326,0.08496221005994266,3837,248,0.06463382851185823
36081009800,Queens,2216,296,0.13357400722021662,2216,239,0.1078519855595668,2216,226,0.10198555956678701
36081009900,Queens,0,0,,0,0,,0,0,
36081010000,Queens,3082,325,0.1054510058403634,3082,135,0.04380272550292018,3082,130,0.04218040233614536
36081010100,Queens,2686,149,0.05547282204020849,2686,249,0.09270290394638868,2686,116,0.04318689501116903
36081010200,Queens,2731,337,0.12339802270230685,2731,128,0.046869278652508235,2731,293,0.10728670816550714
36081010300,Queens,3887,453,0.11654232055569848,3915,454,0.11596424010217114,3915,105,0.02681992337164751
36081010400,Queens,3665,461,0.12578444747612552,3746,330,0.08809396689802455,3746,271,0.07234383342231714
36081010500,Queens,4668,624,0.13367609254498714,4668,774,0.16580976863753213,4668,258,0.055269922879177376
36081010600,Queens,2785,412,0.14793536804308796,2785,307,0.11023339317773788,2785,284,0.10197486535008976
36081010701,Queens,0,0,,0,0,,0,0,
36081010800,Queens,3210,242,0.07538940809968847,3304,372,0.11259079903147699,3304,125,0.037832929782082324
36081011000,Queens,2804,781,0.2785306704707561,2818,229,0.08126330731014904,2818,460,0.16323633782824698
36081011100,Queens,2939,377,0.12827492344334807,2939,443,0.15073154134059205,2939,218,0.07417488941816945
36081011200,Queens,2346,448,0.19096334185848252,2357,406,0.17225286380992788,2357,208,0.08824777259227833
36081011300,Queens,4443,379,0.08530272338510016,4445,265,0.05961754780652419,4445,575,0.12935883014623173
36081011400,Queens,1908,220,0.11530398322851153,1908,157,0.08228511530398323,1908,219,0.11477987421383648
36081011500,Queens,2539,208,0.08192201654194564,2539,223,0.08782985427333596,2539,168,0.06616778259157148
36081011600,Queens,2226,722,0.3243486073674753,2226,268,0.12039532794249776,2226,166,0.07457322551662174
36081011700,Queens,3996,386,0.0965965965965966,4015,128,0.03188044831880448,4015,129,0.03212951432129514
36081011800,Queens,2689,287,0.10673112681294161,2661,288,0.10822998872604284,2661,262,0.09845922585494175
36081011900,Queens,1602,111,0.06928838951310862,1602,80,0.049937578027465665,1602,125,0.0780274656679151
36081012000,Queens,2341,358,0.1529260999572832,2355,224,0.0951167728237792,2355,182,0.07728237791932059
36081012100,Queens,2138,234,0.10944808231992516,2141,258,0.12050443717888837,2141,109,0.05091078935077067
36081012200,Queens,2906,279,0.09600825877494838,2939,347,0.11806736985369173,2939,194,0.06600884654644437
36081012301,Queens,3328,125,0.03756009615384615,3343,165,0.049356865091235415,3343,286,0.08555189949147472
36081012400,Queens,2913,274,0.09406110538963268,2906,465,0.16001376462491398,2906,206,0.07088781830695114
36081012500,Queens,1354,104,0.07680945347119646,1360,104,0.07647058823529412,1360,149,0.10955882352941176
36081012601,Queens,2785,237,0.0850987432675045,2787,292,0.10477215644061715,2787,87,0.031216361679224973
36081012602,Queens,2215,236,0.10654627539503386,2215,198,0.08939051918735892,2215,206,0.09300225733634311
36081012800,Queens,2129,196,0.09206200093940817,2129,287,0.1348050728041334,2129,114,0.05354626585251292
36081013000,Queens,1829,112,0.0612356478950246,1829,236,0.12903225806451613,1829,26,0.014215418261344996
36081013200,Queens,1931,158,0.08182288969445883,1960,117,0.05969387755102041,1960,131,0.06683673469387755
36081013400,Queens,5720,421,0.0736013986013986,5802,786,0.13547052740434332,5802,167,0.028783178214408824
36081013500,Queens,1325,79,0.059622641509433964,1332,139,0.10435435435435435,1332,41,0.03078078078078078
36081013600,Queens,1981,254,0.12821807168096921,1981,215,0.10853104492680464,1981,127,0.06410903584048461
36081013700,Queens,1874,95,0.05069370330843116,1874,269,0.14354322305229456,1874,108,0.0576307363927428
36081013800,Queens,4016,885,0.22036852589641434,4016,556,0.13844621513944222,4016,80,0.0199203187250996
36081014000,Queens,4381,181,0.04131476831773568,4409,289,0.0655477432524382,4409,107,0.024268541619414833
36081014100,Queens,1613,157,0.09733415995040298,1613,174,0.1078735275883447,1613,180,0.1115933044017359
36081014201,Queens,4387,340,0.07750170959653521,4388,396,0.0902461257976299,4388,477,0.10870556061987238
36081014202,Queens,2279,277,0.12154453707766565,2373,423,0.17825537294563842,2373,176,0.0741677201854193
36081014300,Queens,3844,494,0.12851196670135276,3853,317,0.08227355307552557,3853,560,0.14534129249935115
36081014400,Queens,1671,239,0.14302812687013763,1671,285,0.17055655296229802,1671,186,0.11131059245960502
36081014500,Queens,2416,234,0.09685430463576158,2429,290,0.11939069575957184,2429,277,0.11403869905310828
36081014700,Queens,3066,304,0.09915198956294846,3065,268,0.08743882544861338,3065,295,0.09624796084828711
36081014800,Queens,2015,152,0.07543424317617867,2015,325,0.16129032258064516,2015,74,0.03672456575682382
36081014900,Queens,2163,380,0.17568192325473878,2163,135,0.06241331484049931,2163,117,0.05409153952843273
36081015000,Queens,2233,95,0.04254366323331841,2233,211,0.09449171518137035,2233,404,0.18092252575011195
36081015100,Queens,2764,375,0.13567293777134587,2769,259,0.09353557240881184,2769,167,0.060310581437342
36081015200,Queens,2584,224,0.08668730650154799,2596,332,0.12788906009244994,2596,116,0.04468412942989214
36081015300,Queens,1799,238,0.13229571984435798,1821,127,0.06974190005491489,1821,53,0.029104887424492038
36081015400,Queens,2295,235,0.10239651416122005,2296,272,0.11846689895470383,2296,289,0.12587108013937282
36081015500,Queens,2119,89,0.042000943841434636,2119,115,0.05427088249174139,2119,88,0.04152902312411515
36081015600,Queens,3177,423,0.13314447592067988,3184,297,0.0932788944723618,3184,174,0.05464824120603015
36081015700,Queens,1371,109,0.07950401167031364,1371,144,0.1050328227571116,1371,80,0.058351568198395334
36081015801,Queens,3836,538,0.1402502606882169,3836,364,0.0948905109489051,3836,459,0.11965589155370178
36081015802,Queens,5268,407,0.0772589217919514,5464,727,0.13305270863836016,5464,421,0.0770497803806735
36081015900,Queens,3699,338,0.09137604758042714,3699,418,0.11300351446336848,3699,386,0.10435252771019195
36081016100,Queens,2028,130,0.0641025641025641,2028,154,0.07593688362919132,2028,103,0.050788954635108484
36081016300,Queens,3956,821,0.20753286147623862,3956,816,0.20626895854398383,3956,271,0.06850353892821032
36081016400,Queens,3155,349,0.11061806656101426,3175,448,0.1411023622047244,3175,208,0.06551181102362205
36081016600,Queens,4009,455,0.11349463706660015,4009,599,0.14941381890745822,4009,723,0.18034422549264156
36081016800,Queens,2922,332,0.1136208076659822,2923,330,0.11289770783441669,2923,642,0.2196373588778652
36081016900,Queens,5859,398,0.06792968083290664,5859,309,0.05273937532002048,5859,352,0.06007851169141492
36081017000,Queens,2738,164,0.05989773557341125,2732,111,0.04062957540263543,2732,241,0.08821376281112737
36081017101,Queens,0,0,,0,0,,0,0,
36081017102,Queens,343,22,0.0641399416909621,343,0,0.0,343,0,0.0
36081017200,Queens,2335,371,0.1588865096359743,2355,191,0.081104033970276,2355,108,0.045859872611464965
36081017400,Queens,2805,134,0.04777183600713013,2805,352,0.12549019607843137,2805,356,0.1269162210338681
36081017600,Queens,2302,457,0.19852302345786274,2302,274,0.11902693310165074,2302,230,0.0999131190269331
36081017800,Queens,2086,127,0.060882070949185046,2086,106,0.05081495685522531,2086,463,0.22195589645254074
36081017901,Queens,1038,23,0.022157996146435453,1045,76,0.07272727272727272,1045,66,0.06315789473684211
36081017902,Queens,55,55,1.0,69,14,0.2028985507246377,69,15,0.21739130434782608
36081018000,Queens,1643,258,0.15702982349360925,1652,196,0.11864406779661017,1652,281,0.17009685230024213
36081018101,Queens,3522,503,0.14281658148779103,3532,296,0.08380520951302378,3532,435,0.12315968289920724
36081018102,Queens,3680,213,0.057880434782608695,3680,283,0.07690217391304348,3680,98,0.026630434782608695
36081018200,Queens,2595,314,0.1210019267822736,2588,225,0.08693972179289026,2588,152,0.05873261205564142
36081018300,Queens,5057,945,0.18686968558433853,5058,321,0.0634638196915777,5058,246,0.04863582443653618
36081018401,Queens,2089,425,0.20344662517951173,2089,150,0.07180469123982768,2089,186,0.08903781713738632
36081018402,Queens,2847,320,0.11239901650860555,2855,349,0.12224168126094571,2855,203,0.07110332749562172
36081018501,Queens,3696,371,0.10037878787878787,3696,279,0.07548701298701299,3696,300,0.08116883116883117
36081018502,Queens,3071,331,0.10778248127645718,3071,216,0.07033539563660046,3071,206,0.06707912732009118
36081018600,Queens,1886,253,0.13414634146341464,1886,153,0.08112407211028633,1886,61,0.03234358430540827
36081018700,Queens,2702,397,0.1469282013323464,2760,304,0.11014492753623188,2760,199,0.07210144927536231
36081018800,Queens,1356,126,0.09292035398230089,1356,60,0.04424778761061947,1356,39,0.028761061946902654
36081018900,Queens,3102,283,0.0912314635718891,3106,205,0.06600128783000644,3106,146,0.04700579523502898
36081019000,Queens,2736,294,0.1074561403508772,2736,264,0.09649122807017543,2736,171,0.0625
36081019200,Queens,2190,177,0.08082191780821918,2214,269,0.12149954832881663,2214,116,0.052393857271906055
36081019400,Queens,2962,251,0.08474004051316678,2970,275,0.09259259259259259,2970,81,0.02727272727272727
36081019600,Queens,3168,823,0.25978535353535354,3175,301,0.09480314960629921,3175,190,0.05984251968503937
36081019800,Queens,3144,281,0.0893765903307888,3189,233,0.07306365631859517,3189,284,0.08905613044841643
36081019901,Queens,335,143,0.42686567164179107,335,78,0.23283582089552238,335,34,0.10149253731343283
36081019902,Queens,165,115,0.696969696969697,181,30,0.16574585635359115,181,15,0.08287292817679558
36081019903,Queens,0,0,,0,0,,0,0,
36081020200,Queens,1668,201,0.12050359712230216,1688,83,0.04917061611374408,1688,183,0.10841232227488151
36081020400,Queens,1967,338,0.17183528215556684,1977,199,0.10065756196256954,1977,271,0.13707637835103692
36081020500,Queens,1324,72,0.054380664652567974,1324,127,0.09592145015105741,1324,156,0.11782477341389729
36081020600,Queens,1585,222,0.14006309148264984,1585,103,0.06498422712933755,1585,192,0.12113564668769716
36081020800,Queens,4178,615,0.14719961704164672,4190,309,0.07374701670644392,4190,406,0.09689737470167065
36081021200,Queens,2416,557,0.23054635761589404,2517,254,0.10091378625347636,2517,364,0.144616607071911
36081021400,Queens,5874,1047,0.17824310520939735,5874,383,0.06520258767449778,5874,662,0.11270003404834865
36081021601,Queens,2449,75,0.030624744793793384,2449,237,0.0967741935483871,2449,23,0.009391588403429971
36081021602,Queens,1445,166,0.11487889273356401,1479,63,0.04259634888438134,1479,128,0.08654496281271129
36081021603,Queens,0,0,,0,0,,0,0,
36081021900,Queens,0,0,,0,0,,0,0,
36081022001,Queens,6402,1064,0.1661980631052796,6402,663,0.10356138706654171,6402,511,0.07981880662293034
36081022002,Queens,6097,943,0.15466622929309495,6098,469,0.07691046244670384,6098,209,0.03427353230567399
36081022900,Queens,0,0,,0,0,,0,0,
36081023000,Queens,1848,64,0.03463203463203463,1840,244,0.13260869565217392,1840,45,0.024456521739130436
36081023200,Queens,4638,582,0.12548512289780078,4638,616,0.1328158689090125,4638,81,0.017464424320827943
36081023501,Queens,3614,684,0.1892639734366353,3614,322,0.08909795240730492,3614,377,0.10431654676258993
36081023502,Queens,2739,425,0.1551661190215407,2731,152,0.055657268399853535,2731,315,0.115342365433907
36081023600,Queens,3580,598,0.1670391061452514,3564,453,0.1271043771043771,3564,242,0.06790123456790123
36081023800,Queens,4495,1044,0.23225806451612904,4502,573,0.1272767658818303,4502,770,0.17103509551310528
36081024000,Queens,6530,800,0.1225114854517611,6556,515,0.07855399633923124,6556,952,0.1452104942037828
36081024300,Queens,5591,455,0.08138079055625112,5607,548,0.09773497413946852,5607,663,0.11824505082932049
36081024500,Queens,5063,218,0.04305747580485878,5102,699,0.13700509604076833,5102,43,0.008428067424539396
36081024600,Queens,0,0,,0,0,,0,0,
36081024700,Queens,1506,375,0.24900398406374502,1506,99,0.06573705179282868,1506,61,0.04050464807436919
36081024900,Queens,4967,257,0.05174149385947252,4997,360,0.07204322593556134,4997,612,0.12247348409045428
36081025100,Queens,5682,696,0.12249208025343189,5703,488,0.08556899877257584,5703,316,0.05540943363142206
36081025301,Queens,3660,493,0.13469945355191257,3660,478,0.13060109289617486,3660,138,0.03770491803278689
36081025302,Queens,3026,523,0.1728354263053536,3026,190,0.06278916060806344,3026,150,0.0495703899537343
36081025401,Queens,3747,146,0.03896450493728316,3750,238,0.06346666666666667,3750,453,0.1208
36081025402,Queens,5962,1304,0.21871855082187186,6013,913,0.1518376850157991,6013,203,0.033760186263096625
36081025500,Queens,1390,94,0.06762589928057554,1390,123,0.08848920863309352,1390,50,0.03597122302158273
36081025700,Queens,1449,212,0.14630779848171152,1453,44,0.030282174810736407,1453,199,0.13695801789401238
36081025800,Queens,2693,273,0.10137393241737838,2693,132,0.04901596732268845,2693,113,0.04196063869290754
36081025900,Queens,3060,248,0.08104575163398693,3060,246,0.0803921568627451,3060,133,0.0434640522875817
36081026000,Queens,2894,519,0.1793365583966828,2894,261,0.09018659295093297,2894,83,0.02868002764340014
36081026100,Queens,7139,432,0.06051267684549657,7175,285,0.0397212543554007,7175,648,0.09031358885017422
36081026200,Queens,1542,281,0.182230869001297,1542,120,0.07782101167315175,1542,73,0.04734111543450065
36081026300,Queens,4529,614,0.13557076617354824,4559,207,0.0454046940118447,4559,620,0.1359947356876508
36081026400,Queens,2454,240,0.097799511002445,2454,281,0.11450692746536267,2454,191,0.0778321108394458
36081026501,Queens,3031,475,0.15671395579016825,3031,254,0.08380072583305839,3031,478,0.15770372814252723
36081026502,Queens,1366,82,0.060029282576866766,1393,25,0.017946877243359655,1393,125,0.08973438621679827
36081026600,Queens,1916,424,0.22129436325678498,1941,340,0.17516743946419372,1941,94,0.04842864502833591
36081026700,Queens,5214,669,0.1283084004602992,5214,267,0.051208285385500575,5214,786,0.15074798619102417
36081026901,Queens,4532,946,0.2087378640776699,4532,278,0.061341571050308914,4532,688,0.15180935569285084
36081026902,Queens,4437,564,0.1271129141311697,4437,438,0.09871534820824882,4437,954,0.2150101419878296
36081027000,Queens,1937,100,0.05162622612287042,1937,131,0.06763035622096025,1937,147,0.07589055240061951
36081027101,Queens,5368,851,0.15853204172876303,5409,686,0.1268256609354779,5409,973,0.1798853762248105
36081027102,Queens,2531,535,0.21137890161991307,2643,126,0.04767309875141884,2643,435,0.16458569807037457
36081027200,Queens,1921,179,0.09318063508589276,1916,201,0.10490605427974947,1916,221,0.11534446764091857
36081027301,Queens,3098,1016,0.3279535183989671,3098,351,0.11329890251775339,3098,465,0.1500968366688186
36081027302,Queens,3807,736,0.19332807985290254,3813,502,0.13165486493574613,3813,778,0.2040388145816942
36081027400,Queens,1871,346,0.18492784607161947,1871,179,0.0956707642971673,1871,215,0.11491181186531267
36081027500,Queens,6454,1559,0.24155562441896497,6454,643,0.09962813758909203,6454,1566,0.24264022311744654
36081027600,Queens,1543,158,0.10239792611795204,1551,305,0.19664732430689877,1551,205,0.13217279174725982
36081027701,Queens,3553,331,0.09316070925978047,3553,698,0.19645370109766394,3553,861,0.2423304249929637
36081027702,Queens,3361,537,0.1597738768223743,3397,388,0.1142184280247277,3397,253,0.07447748012952606
36081027800,Queens,2476,706,0.2851373182552504,2497,427,0.171005206247497,2497,229,0.09171005206247497
36081027900,Queens,8551,692,0.08092620746111566,8551,969,0.11332007952286283,8551,1667,0.19494795930300549
36081028000,Queens,1717,227,0.1322073383808969,1717,176,0.1025043680838672,1717,85,0.04950495049504951
36081028100,Queens,6090,634,0.10410509031198686,6090,973,0.15977011494252874,6090,129,0.021182266009852218
36081028200,Queens,2008,91,0.045318725099601595,2028,160,0.07889546351084813,2028,92,0.045364891518737675
36081028300,Queens,7575,888,0.11722772277227722,7578,1055,0.13921879123779363,7578,766,0.1010820797044075
36081028400,Queens,3308,168,0.05078597339782346,3333,347,0.1041104110411041,3333,216,0.06480648064806481
36081028500,Queens,4811,406,0.08438993972147163,4811,503,0.10455206817709416,4811,268,0.05570567449594679
36081028700,Queens,6422,1477,0.22999065711616318,6422,684,0.10650887573964497,6422,206,0.032077234506384306
36081028801,Queens,2813,207,0.07358691788126555,2813,282,0.10024884464984003,2813,197,0.07003199431212229
36081028802,Queens,2310,302,0.13073593073593073,2343,338,0.14425949637217242,2343,149,0.06359368331199317
36081028803,Queens,0,0,,0,0,,0,0,
36081028900,Queens,4859,439,0.0903478081909858,4859,334,0.06873842354393908,4859,99,0.020374562667215476
36081029100,Queens,5962,650,0.10902381751090238,5993,491,0.0819289170699149,5993,403,0.06724511930585683
36081029300,Queens,1214,68,0.05601317957166392,1214,69,0.05683690280065898,1214,112,0.09225700164744646
36081029400,Queens,8509,1206,0.14173228346456693,8578,1147,0.1337141524830963,8578,451,0.052576358125437164
36081029500,Queens,3527,368,0.10433796427558832,3527,353,0.10008505812305075,3527,172,0.048766657215764106
36081029700,Queens,2376,334,0.14057239057239057,2389,162,0.06781079949769778,2389,197,0.08246128087065718
36081029900,Queens,0,0,,0,0,,0,0,
36081030600,Queens,5390,632,0.11725417439703154,5473,485,0.0886168463365613,5473,735,0.13429563310798465
36081030903,Queens,5176,139,0.026854714064914992,5176,480,0.09273570324574962,5176,440,0.08500772797527048
36081030904,Queens,2721,329,0.1209114296214627,2721,254,0.09334803381109887,2721,141,0.05181918412348401
36081030905,Queens,3749,412,0.10989597225926914,3780,173,0.04576719576719577,3780,386,0.10211640211640212
36081030906,Queens,4096,299,0.072998046875,4116,390,0.09475218658892129,4116,230,0.05587949465500486
36081031700,Queens,5882,1254,0.21319279156749404,5965,450,0.07544006705783739,5965,253,0.042414082145850796
36081032000,Queens,5116,1211,0.23670836591086786,5433,497,0.09147800478556967,5433,369,0.06791827719491994
36081032700,Queens,3742,176,0.04703367183324426,3742,187,0.04997327632282202,3742,613,0.1638161411010155
36081032800,Queens,2815,281,0.09982238010657193,2882,327,0.11346287300485773,2882,188,0.0652324774462179
36081032900,Queens,3582,524,0.14628699050809604,3715,339,0.09125168236877523,3715,538,0.14481830417227456
36081033000,Queens,6920,572,0.08265895953757225,6943,735,0.1058620193000144,6943,528,0.0760478179461328
36081033100,Queens,0,0,,0,0,,0,0,
36081033401,Queens,3928,657,0.16726069246435846,3928,489,0.1244908350305499,3928,147,0.03742362525458248
36081033403,Queens,4327,952,0.22001386642015253,4328,726,0.16774491682070242,4328,218,0.050369685767097966
36081033404,Queens,6091,994,0.16319159415531112,6066,882,0.14540059347181009,6066,474,0.0781404549950544
36081033405,Queens,3573,234,0.0654911838790932,3643,523,0.14356299752950866,3643,11,0.0030194894317869887
36081033700,Queens,2771,274,0.09888127029953085,2791,341,0.12217843067001075,2791,286,0.10247223217484773
36081033900,Queens,3166,788,0.2488945041061276,3166,264,0.08338597599494631,3166,309,0.09759949463044852
36081034700,Queens,3859,805,0.2086032650945841,3976,265,0.06664989939637828,3976,468,0.11770623742454728
36081035100,Queens,3598,536,0.1489716509171762,3598,368,0.10227904391328516,3598,161,0.04474708171206226
36081035200,Queens,2828,274,0.09688826025459689,2828,439,0.15523338048090524,2828,207,0.0731966053748232
36081035300,Queens,2143,96,0.04479701353243117,2143,162,0.0755949603359776,2143,391,0.18245450303313113
36081035700,Queens,4029,760,0.18863241499131297,4058,476,0.1172991621488418,4058,313,0.07713159191720059
36081035800,Queens,4538,278,0.061260467166152494,4511,248,0.05497672356461982,4511,358,0.07936156062957216
36081036100,Queens,2578,314,0.12179984484096198,2608,161,0.061733128834355826,2608,247,0.09470858895705521
36081036300,Queens,2032,240,0.11811023622047244,2033,192,0.09444171175602557,2033,318,0.15641908509591737
36081036500,Queens,3289,588,0.1787777439951353,3278,442,0.13483831604636973,3278,401,0.12233068944478341
36081036600,Queens,3126,372,0.11900191938579655,3131,504,0.16097093580325775,3131,300,0.09581603321622485
36081036700,Queens,2919,422,0.144570058239123,2928,428,0.14617486338797814,2928,232,0.07923497267759563
36081036800,Queens,2899,173,0.0596757502587099,2918,186,0.06374228923920494,2918,217,0.07436600411240575
36081037100,Queens,1526,177,0.11598951507208388,1526,114,0.07470511140235911,1526,56,0.03669724770642202
36081037300,Queens,2393,299,0.12494776431257835,2420,191,0.07892561983471075,2420,362,0.14958677685950414
36081037501,Queens,1409,234,0.1660752306600426,1487,117,0.07868190988567586,1487,314,0.21116341627437793
36081037502,Queens,2669,433,0.1622330460846759,2669,189,0.07081303859123267,2669,488,0.18284001498688648
36081037600,Queens,6883,308,0.04474792968182478,6883,569,0.0826674415225919,6883,240,0.03486851663518815
36081037700,Queens,3563,600,0.16839741790625878,3530,402,0.11388101983002832,3530,1060,0.3002832861189802
36081037900,Queens,5841,620,0.1061462078411231,5841,251,0.042972093819551443,5841,1546,0.26468070535867144
36081038100,Queens,6895,1373,0.19912980420594634,6999,424,0.06058008286898128,6999,1671,0.2387483926275182
36081038301,Queens,0,0,,0,0,,0,0,
36081038302,Queens,0,0,,0,0,,0,0,
36081038400,Queens,2605,221,0.08483685220729367,2634,530,0.2012148823082764,2634,235,0.08921791951404708
36081039400,Queens,3230,734,0.22724458204334366,3289,407,0.12374581939799331,3289,244,0.07418668288233506
36081039800,Queens,1463,141,0.09637730690362269,1485,161,0.10841750841750841,1485,54,0.03636363636363636
36081039901,Queens,2499,424,0.16966786714685875,2504,119,0.04752396166134185,2504,550,0.21964856230031948
36081039902,Queens,1960,637,0.325,1970,199,0.10101522842639594,1970,484,0.24568527918781727
36081040000,Queens,1410,58,0.04113475177304964,1410,178,0.12624113475177304,1410,93,0.06595744680851064
36081040101,Queens,2251,355,0.15770768547312305,2251,349,0.15504220346512662,2251,666,0.2958685028876055
36081040102,Queens,3966,898,0.2264246091780131,3966,234,0.059001512859304085,3966,661,0.16666666666666666
36081040200,Queens,1557,120,0.07707129094412331,1557,239,0.15350032113037893,1557,89,0.057161207450224794
36081040301,Queens,2590,566,0.21853281853281853,2603,216,0.08298117556665387,2603,727,0.27929312331924705
36081040302,Queens,4355,949,0.21791044776119403,4409,623,0.14130188251304152,4409,1367,0.31004762984803813
36081040400,Queens,3671,320,0.08716970852628711,3671,566,0.15418142195587034,3671,153,0.041678016889131024
36081040501,Queens,963,142,0.1474558670820353,964,104,0.1078838174273859,964,470,0.487551867219917
36081040502,Queens,1686,233,0.13819691577698695,1686,74,0.04389086595492289,1686,334,0.1981020166073547
36081040701,Queens,3014,1107,0.36728599867286,3181,455,0.14303678088651367,3181,987,0.31027978623074504
36081040702,Queens,4406,598,0.135724012709941,4430,302,0.06817155756207675,4430,1229,0.27742663656884875
36081040901,Queens,1818,182,0.1001100110011001,1818,156,0.0858085808580858,1818,463,0.2546754675467547
36081040902,Queens,2950,280,0.09491525423728814,2972,214,0.07200538358008075,2972,661,0.2224091520861373
36081041100,Queens,4250,770,0.1811764705882353,4250,541,0.12729411764705884,4250,925,0.21764705882352942
36081041300,Queens,4572,1541,0.33705161854768156,4596,203,0.044168842471714535,4596,1082,0.23542210617928633
36081041400,Queens,4561,810,0.1775926331944749,4561,378,0.08287656215742162,4561,289,0.06336329752247315
36081041500,Queens,3936,923,0.2345020325203252,3999,384,0.09602400600150038,3999,1240,0.31007751937984496
36081042400,Queens,2637,46,0.017444065225635193,2652,224,0.08446455505279035,2652,76,0.02865761689291101
36081042600,Queens,152,101,0.6644736842105263,152,72,0.47368421052631576,152,16,0.10526315789473684
36081042700,Queens,4192,754,0.17986641221374045,4260,670,0.1572769953051643,4260,576,0.1352112676056338
36081043200,Queens,1195,127,0.10627615062761506,1195,98,0.08200836820083682,1195,49,0.04100418410041841
36081043400,Queens,1962,284,0.14475025484199797,1962,82,0.0417940876656473,1962,52,0.026503567787971458
36081043701,Queens,2940,684,0.23265306122448978,2967,595,0.2005392652510954,2967,368,0.12403100775193798
36081043702,Queens,5850,1070,0.1829059829059829,5982,1019,0.17034436643263123,5982,710,0.11868940153794717
36081043900,Queens,4110,772,0.1878345498783455,4150,332,0.08,4150,960,0.23132530120481928
36081044000,Queens,3821,221,0.057838262235017014,3821,160,0.04187385501177702,3821,260,0.06804501439413765
36081044301,Queens,3944,837,0.2122210953346856,4215,994,0.23582443653618032,4215,603,0.14306049822064057
36081044302,Queens,4848,1109,0.22875412541254125,4864,622,0.1278782894736842,4864,869,0.1786595394736842
36081044400,Queens,4139,882,0.21309495047112828,4178,462,0.1105792245093346,4178,380,0.09095260890378172
36081044601,Queens,3673,788,0.21453852436700244,3774,463,0.1226815050344462,3774,469,0.1242713301536831
36081044602,Queens,4754,1474,0.31005469078670594,4774,1035,0.2167993297025555,4774,617,0.12924172601591957
36081044800,Queens,2871,263,0.09160571229536747,2871,384,0.13375130616509928,2871,309,0.10762800417972831
36081045000,Queens,2088,164,0.07854406130268199,2088,141,0.06752873563218391,2088,370,0.1772030651340996
36081045200,Queens,590,74,0.12542372881355932,590,51,0.08644067796610169,590,47,0.07966101694915254
36081045400,Queens,4935,865,0.1752786220871327,4950,1190,0.2404040404040404,4950,286,0.057777777777777775
36081045500,Queens,12747,2077,0.1629402996783557,12747,2302,0.18059151172824978,12747,986,0.07735153369420256
36081045600,Queens,1183,64,0.05409974640743871,1183,95,0.08030431107354184,1183,117,0.0989010989010989
36081045700,Queens,3185,294,0.09230769230769231,3185,183,0.05745682888540032,3185,679,0.21318681318681318
36081045800,Queens,2347,170,0.07243289305496378,2347,101,0.043033659991478485,2347,108,0.04601619088197699
36081045900,Queens,3480,407,0.11695402298850574,3480,128,0.0367816091954023,3480,297,0.0853448275862069
36081046000,Queens,5945,1326,0.22304457527333893,6027,676,0.11216193794591008,6027,468,0.07765057242409158
36081046100,Queens,2728,341,0.125,2739,283,0.10332238043081417,2739,687,0.2508214676889376
36081046200,Queens,5901,636,0.1077783426537875,5901,676,0.1145568547703779,5901,341,0.05778681579393323
36081046300,Queens,3993,496,0.12421738041572752,4020,209,0.05199004975124378,4020,977,0.24303482587064676
36081046400,Queens,1684,177,0.10510688836104513,1997,157,0.0786179268903355,1997,89,0.04456685027541312
36081046500,Queens,4098,1213,0.2959980478282089,4147,274,0.06607185917530745,4147,1103,0.26597540390643837
36081046600,Queens,4066,745,0.18322675848499753,4066,486,0.11952779144121987,4066,166,0.04082636497786522
36081046700,Queens,6679,607,0.09088186854319509,6774,357,0.05270150575730735,6774,1252,0.1848243283141423
36081046800,Queens,3653,444,0.12154393649055571,3757,343,0.09129624700558957,3757,538,0.14319936119244078
36081046901,Queens,4691,658,0.14026859944574718,4691,854,0.18205073545086337,4691,1112,0.2370496695800469
36081046902,Queens,3177,620,0.19515265974189486,3177,259,0.08152344979540448,3177,646,0.20333648095687756
36081047000,Queens,3181,535,0.16818610499842818,3187,523,0.1641041732036398,3187,184,0.057734546595544396
36081047100,Queens,4217,580,0.13753853450320133,4244,189,0.04453345900094251,4244,608,0.14326107445805844
36081047200,Queens,3338,232,0.0695026962252846,3349,296,0.08838459241564646,3349,140,0.04180352343983278
36081047300,Queens,4209,473,0.11237823711095273,4242,683,0.161008958038661,4242,278,0.06553512494106553
36081047500,Queens,4940,568,0.11497975708502024,5006,528,0.10547343188174191,5006,746,0.1490211745904914
36081047600,Queens,1604,61,0.038029925187032416,1604,198,0.12344139650872818,1604,158,0.09850374064837905
36081047801,Queens,4074,640,0.15709376534118802,4074,429,0.1053019145802651,4074,437,0.10726558664702994
36081047802,Queens,1422,168,0.11814345991561181,1422,265,0.18635724331926865,1422,150,0.10548523206751055
36081047900,Queens,5907,1247,0.2111054680887083,6032,500,0.08289124668435013,6032,618,0.10245358090185676
36081048000,Queens,2345,393,0.167590618336887,2370,380,0.16033755274261605,2370,174,0.07341772151898734
36081048100,Queens,6277,1187,0.1891030747172216,6361,715,0.11240371010847351,6361,1160,0.18236126395220878
36081048200,Queens,1255,89,0.07091633466135458,1255,173,0.13784860557768924,1255,112,0.08924302788844622
36081048301,Queens,2061,307,0.1489568170790878,2061,253,0.1227559437166424,2061,323,0.1567200388161087
36081048302,Queens,1719,70,0.04072134962187318,1719,86,0.05002908667830134,1719,164,0.0954043048283886
36081048400,Queens,4692,442,0.09420289855072464,4942,565,0.11432618373128288,4942,149,0.030149736948603803
36081048500,Queens,5205,728,0.1398655139289145,5205,346,0.06647454370797311,5205,713,0.13698366954851104
36081048900,Queens,1820,308,0.16923076923076924,1838,79,0.04298150163220892,1838,146,0.0794341675734494
36081049201,Queens,2544,419,0.16470125786163523,2544,283,0.11124213836477988,2544,56,0.0220125786163522
36081049202,Queens,2338,462,0.19760479041916168,2338,234,0.10008554319931566,2338,86,0.036783575705731396
36081049301,Queens,2293,436,0.19014391626689925,2260,137,0.060619469026548675,2260,127,0.05619469026548673
36081049302,Queens,3042,691,0.22715318869165024,3150,342,0.10857142857142857,3150,74,0.02349206349206349
36081049500,Queens,1272,197,0.15487421383647798,1272,106,0.08333333333333333,1272,124,0.09748427672955975
36081049600,Queens,3040,237,0.07796052631578948,3040,335,0.11019736842105263,3040,147,0.048355263157894735
36081049700,Queens,2693,224,0.0831786112142592,2693,280,0.10397326401782399,2693,219,0.08132194578536947
36081049900,Queens,5119,602,0.11760109396366478,5115,267,0.05219941348973607,5115,532,0.10400782013685239
36081050000,Queens,4130,440,0.10653753026634383,4139,367,0.08866876057018604,4139,254,0.061367480067649194
36081050201,Queens,1358,96,0.07069219440353461,1358,228,0.16789396170839468,1358,179,0.13181148748159058
36081050202,Queens,1398,259,0.18526466380543632,1398,161,0.11516452074391989,1398,50,0.0357653791130186
36081050400,Queens,1729,144,0.08328513591671487,1733,187,0.10790536641661858,1733,112,0.06462781304096941
36081050500,Queens,1749,57,0.032590051457975985,1749,397,0.22698684962835905,1749,144,0.0823327615780446
36081050600,Queens,1504,195,0.12965425531914893,1504,134,0.08909574468085106,1504,48,0.031914893617021274
36081050700,Queens,3305,379,0.11467473524962178,3305,402,0.12163388804841149,3305,312,0.09440242057488654
36081050800,Queens,2035,215,0.10565110565110565,2035,279,0.1371007371007371,2035,152,0.0746928746928747
36081051000,Queens,1490,344,0.23087248322147652,1490,119,0.07986577181208054,1490,97,0.06510067114093959
36081051100,Queens,2494,272,0.1090617481956696,2494,175,0.07016840417000803,2494,200,0.08019246190858059
36081051200,Queens,2682,338,0.12602535421327368,2683,209,0.07789787551248602,2683,186,0.06932538203503541
36081051300,Queens,2621,382,0.1457458985120183,2621,208,0.0793590232735597,2621,203,0.07745135444486836
36081051500,Queens,3062,143,0.04670150228608753,3062,212,0.06923579359895493,3062,19,0.0062050947093403004
36081051600,Queens,2161,201,0.09301249421564091,2152,254,0.11802973977695168,2152,38,0.017657992565055763
36081051700,Queens,2068,206,0.09961315280464217,2068,256,0.12379110251450677,2068,118,0.05705996131528046
36081051800,Queens,2186,140,0.06404391582799634,2186,170,0.0777676120768527,2186,176,0.08051235132662397
36081052000,Queens,1725,79,0.04579710144927536,1741,207,0.11889718552556003,1741,71,0.040781160252728314
36081052100,Queens,1841,319,0.1732753938077132,1841,165,0.08962520369364475,1841,107,0.058120586637696904
36081052200,Queens,2233,383,0.1715181370353784,2233,195,0.08732646663681147,2233,202,0.09046126287505597
36081052400,Queens,2150,221,0.1027906976744186,2150,214,0.09953488372093024,2150,42,0.01953488372093023
36081052500,Queens,2152,150,0.06970260223048327,2152,199,0.09247211895910781,2152,162,0.07527881040892194
36081052600,Queens,2324,253,0.10886402753872633,2352,149,0.06335034013605442,2352,109,0.04634353741496599
36081052800,Queens,1577,178,0.1128725428027901,1577,190,0.12048192771084337,1577,116,0.0735573874445149
36081053000,Queens,2510,220,0.08764940239043825,2510,302,0.12031872509960159,2510,122,0.04860557768924303
36081053100,Queens,3244,327,0.10080147965474723,3244,366,0.11282367447595561,3244,301,0.09278668310727498
36081053200,Queens,2138,243,0.1136576239476146,2163,154,0.07119741100323625,2163,172,0.07951918631530282
36081053401,Queens,1968,74,0.037601626016260166,1968,208,0.10569105691056911,1968,129,0.06554878048780488
36081053501,Queens,1150,250,0.21739130434782608,1162,54,0.04647160068846816,1162,239,0.20567986230636834
36081053502,Queens,0,0,,0,0,,0,0,
36081053601,Queens,1761,294,0.16695059625212946,1761,456,0.25894378194207834,1761,15,0.008517887563884156
36081053800,Queens,1700,89,0.05235294117647059,1714,211,0.12310385064177364,1714,152,0.08868144690781797
36081053901,Queens,4128,491,0.1189437984496124,4112,656,0.15953307392996108,4112,604,0.14688715953307394
36081053902,Queens,27,0,0.0,27,0,0.0,27,0,0.0
36081054000,Queens,4325,536,0.12393063583815028,4240,615,0.14504716981132076,4240,399,0.09410377358490567
36081054200,Queens,5358,425,0.07932064203060843,5517,556,0.10077940909914809,5517,415,0.07522204096429219
36081054500,Queens,3675,339,0.09224489795918367,3675,388,0.105578231292517,3675,654,0.17795918367346938
36081054700,Queens,5142,432,0.08401400233372229,5210,337,0.06468330134357006,5210,1326,0.254510556621881
36081054800,Queens,2382,253,0.10621326616288833,2376,297,0.125,2376,179,0.07533670033670034
36081054900,Queens,5227,523,0.10005739429883298,5281,241,0.04563529634538913,5281,871,0.1649308843022155
36081055100,Queens,4276,727,0.17001870907390085,4363,442,0.1013064405225762,4363,629,0.14416685766674306
36081055200,Queens,2873,275,0.09571876087713192,2873,358,0.12460842325095718,2873,51,0.01775147928994083
36081055300,Queens,2911,290,0.0996221229817932,2904,212,0.07300275482093664,2904,610,0.2100550964187328
36081055400,Queens,2599,414,0.1592920353982301,2599,251,0.09657560600230858,2599,103,0.03963062716429396
36081055500,Queens,2269,260,0.11458792419568092,2256,162,0.07180851063829788,2256,476,0.21099290780141844
36081055600,Queens,2233,66,0.029556650246305417,2233,204,0.09135691894312584,2233,85,0.0380653828929691
36081055700,Queens,3386,323,0.09539279385705847,3386,202,0.0596574128765505,3386,510,0.15062020082693445
36081055800,Queens,1649,103,0.0624620982413584,1649,280,0.16979987871437235,1649,59,0.035779260157671314
36081055900,Queens,1129,182,0.1612046058458813,1129,171,0.15146147032772364,1129,41,0.03631532329495128
36081056000,Queens,1690,115,0.06804733727810651,1695,222,0.13097345132743363,1695,81,0.047787610619469026
36081056100,Queens,12,0,0.0,12,0,0.0,12,0,0.0
36081056200,Queens,1399,6,0.004288777698355968,1399,223,0.15939957112223016,1399,76,0.054324517512508934
36081056400,Queens,1580,210,0.13291139240506328,1580,204,0.1291139240506329,1580,175,0.11075949367088607
36081056500,Queens,1850,58,0.03135135135135135,1850,161,0.08702702702702703,1850,195,0.10540540540540541
36081056600,Queens,1546,377,0.24385510996119017,1546,248,0.16041397153945666,1546,135,0.08732212160413971
36081056700,Queens,4601,203,0.04412084329493588,4601,248,0.05390132579873941,4601,423,0.0919365355357531
36081056800,Queens,4351,418,0.09606986899563319,4364,767,0.17575618698441797,4364,313,0.07172318973418881
36081057700,Queens,3926,520,0.13245033112582782,3926,324,0.08252674477840041,3926,356,0.09067753438614366
36081057900,Queens,1671,157,0.09395571514063435,1671,134,0.08019150209455415,1671,190,0.11370436864153202
36081058000,Queens,4287,153,0.03568929321203639,4287,541,0.12619547469092607,4287,249,0.05808257522743177
36081058100,Queens,2779,226,0.08132421734436848,2779,340,0.12234616768621806,2779,102,0.03670385030586542
36081058200,Queens,5092,285,0.055970149253731345,5112,404,0.07902973395931143,5112,479,0.09370109546165885
36081058300,Queens,3495,412,0.1178826895565093,3495,383,0.10958512160228899,3495,172,0.04921316165951359
36081058500,Queens,4010,242,0.06034912718204489,4010,413,0.1029925187032419,4010,444,0.11072319201995012
36081058700,Queens,3486,341,0.09781985083189902,3486,250,0.0717154331612163,3486,171,0.04905335628227195
36081058900,Queens,4595,1299,0.2826985854189336,4618,425,0.09203118233001299,4618,461,0.09982676483326115
36081059000,Queens,1258,111,0.08823529411764706,1258,61,0.04848966613672496,1258,147,0.11685214626391097
36081059100,Queens,4799,1252,0.2608876849343613,4799,356,0.07418212127526568,4799,943,0.19649927068139195
36081059200,Queens,1240,277,0.22338709677419355,1240,215,0.17338709677419356,1240,44,0.035483870967741936
36081059300,Queens,4040,811,0.20074257425742575,4040,94,0.023267326732673267,4040,580,0.14356435643564355
36081059400,Queens,1667,17,0.010197960407918417,1667,188,0.11277744451109778,1667,137,0.08218356328734253
36081059501,Queens,1903,222,0.11665790856542302,1903,292,0.1534419337887546,1903,296,0.1555438780872307
36081059502,Queens,2674,608,0.22737471952131638,2674,270,0.10097232610321616,2674,231,0.08638743455497382
36081059600,Queens,1674,240,0.14336917562724014,1674,357,0.2132616487455197,1674,141,0.08422939068100359
36081059800,Queens,1670,92,0.055089820359281436,1691,159,0.09402720283855706,1691,56,0.03311649911295092
36081059900,Queens,1492,141,0.09450402144772117,1493,180,0.12056262558606833,1493,83,0.055592766242464835
36081060000,Queens,1132,73,0.06448763250883392,1132,131,0.1157243816254417,1132,13,0.011484098939929329
36081060100,Queens,2084,97,0.04654510556621881,2084,193,0.09261036468330135,2084,280,0.1343570057581574
36081060300,Queens,1924,176,0.09147609147609148,1924,311,0.16164241164241164,1924,52,0.02702702702702703
36081060600,Queens,1176,59,0.050170068027210885,1176,100,0.08503401360544217,1176,27,0.02295918367346939
36081060701,Queens,0,0,,0,0,,0,0,
36081060800,Queens,1464,108,0.07377049180327869,1592,251,0.15766331658291458,1592,59,0.03706030150753769
36081061000,Queens,1261,112,0.08881839809674862,1308,160,0.12232415902140673,1308,27,0.020642201834862386
36081061200,Queens,1839,73,0.03969548667754214,1839,336,0.18270799347471453,1839,6,0.0032626427406199023
36081061301,Queens,5205,606,0.11642651296829971,5205,447,0.08587896253602305,5205,837,0.16080691642651296
36081061302,Queens,0,0,,0,0,,0,0,
36081061400,Queens,1357,90,0.06632277081798084,1357,177,0.13043478260869565,1357,31,0.022844509948415623
36081061601,Queens,2257,95,0.04209127159946832,2216,229,0.10333935018050541,2216,79,0.03564981949458484
36081061602,Queens,968,29,0.029958677685950414,968,73,0.07541322314049587,968,89,0.09194214876033058
36081061800,Queens,2037,141,0.06921944035346098,2037,220,0.10800196367206677,2037,263,0.12911143838978892
36081061900,Queens,3046,542,0.17793827971109652,3046,296,0.09717662508207485,3046,22,0.007222586999343401
36081062000,Queens,1545,23,0.01488673139158576,1545,219,0.141747572815534,1545,37,0.02394822006472492
36081062100,Queens,2646,369,0.13945578231292516,2650,272,0.10264150943396226,2650,305,0.11509433962264151
36081062200,Queens,2069,172,0.08313194780086998,2069,373,0.18028032866118898,2069,35,0.016916384726921217
36081062300,Queens,2111,374,0.177167219327333,2104,135,0.06416349809885931,2104,50,0.02376425855513308
36081062400,Queens,0,0,,0,0,,0,0,
36081062500,Queens,2637,121,0.045885475919605616,2637,255,0.09670079635949944,2637,66,0.02502844141069397
36081062600,Queens,3298,102,0.030927835051546393,3255,300,0.09216589861751152,3255,169,0.05192012288786482
36081062700,Queens,2831,218,0.07700459201695514,2831,325,0.11480042387848817,2831,36,0.012716354645001766
36081062900,Queens,3289,329,0.10003040437823046,3282,409,0.12461913467397928,3282,296,0.09018890920170627
36081063000,Queens,1614,53,0.03283767038413878,1614,259,0.16047087980173483,1614,156,0.09665427509293681
36081063200,Queens,2466,118,0.047850770478507706,2499,304,0.12164865946378552,2499,100,0.040016006402561026
36081063301,Queens,1565,45,0.02875399361022364,1584,76,0.047979797979797977,1584,26,0.016414141414141416
36081063302,Queens,1862,168,0.09022556390977443,1862,236,0.1267454350161117,1862,188,0.10096670247046187
36081063500,Queens,2652,231,0.08710407239819004,2642,209,0.07910673732021196,2642,72,0.02725208175624527
36081063700,Queens,3311,611,0.18453639383871942,3455,340,0.09840810419681621,3455,218,0.06309696092619392
36081063800,Queens,3893,407,0.1045466221423067,3893,433,0.11122527613665553,3893,438,0.11250963267403032
36081063900,Queens,3113,174,0.055894635399935756,3113,489,0.15708319948602634,3113,129,0.04143912624477995
36081064101,Queens,2286,111,0.048556430446194225,2328,199,0.08548109965635739,2328,82,0.0352233676975945
36081064102,Queens,0,0,,0,0,,0,0,
36081064500,Queens,2016,317,0.1572420634920635,2016,241,0.1195436507936508,2016,97,0.04811507936507937
36081064600,Queens,3076,147,0.04778933680104031,3076,257,0.08355006501950585,3076,235,0.07639791937581275
36081065000,Queens,2773,160,0.0576992426974396,2862,282,0.09853249475890985,2862,145,0.0506638714185884
36081065401,Queens,3085,394,0.12771474878444083,3098,197,0.06358941252420917,3098,463,0.14945125887669464
36081065402,Queens,0,0,,0,0,,0,0,
36081065501,Queens,0,0,,0,0,,0,0,
36081065600,Queens,5282,353,0.06683074592957214,5282,688,0.13025369178341537,5282,435,0.08235516849678153
36081065702,Queens,1264,45,0.03560126582278481,1264,111,0.08781645569620253,1264,19,0.015031645569620253
36081065703,Queens,3225,89,0.027596899224806203,3229,418,0.129451842675751,3229,94,0.029111179931867452
36081065900,Queens,1974,133,0.0673758865248227,1974,182,0.09219858156028368,1974,105,0.05319148936170213
36081066000,Queens,3535,40,0.011315417256011316,3564,562,0.15768799102132436,3564,142,0.03984287317620651
36081066100,Queens,1573,82,0.052129688493324854,1573,284,0.18054672600127145,1573,76,0.04831532104259377
36081066301,Queens,2712,81,0.029867256637168143,2712,272,0.10029498525073746,2712,53,0.019542772861356934
36081066302,Queens,0,0,,0,0,,0,0,
36081066401,Queens,2224,253,0.1137589928057554,2241,123,0.05488621151271754,2241,92,0.04105310129406515
36081066402,Queens,3470,209,0.06023054755043228,3525,330,0.09361702127659574,3525,238,0.0675177304964539
36081066403,Queens,5738,1244,0.21680027884280237,5738,621,0.10822586266991983,5738,38,0.006622516556291391
36081066404,Queens,0,0,,0,0,,0,0,
36081066501,Queens,3959,164,0.04142460217226572,4003,505,0.1261553834624032,4003,92,0.022982762927804146
36081066701,Queens,2576,249,0.09666149068322981,2576,364,0.14130434782608695,2576,333,0.12927018633540371
36081066900,Queens,1692,258,0.1524822695035461,1685,108,0.06409495548961425,1685,171,0.10148367952522255
36081067100,Queens,2279,167,0.0732777534006143,2339,272,0.11628901239846089,2339,82,0.035057716973065416
36081067700,Queens,1893,66,0.03486529318541997,1893,185,0.09772847332276809,1893,77,0.04067617538298996
36081067900,Queens,3978,604,0.1518350930115636,3978,611,0.15359477124183007,3978,318,0.07993966817496229
36081068000,Queens,5594,289,0.05166249553092599,5594,326,0.058276725062567036,5594,211,0.03771898462638541
36081068200,Queens,1091,138,0.12648945921173235,1091,100,0.09165902841429881,1091,0,0.0
36081068300,Queens,4057,471,0.1160956371703229,4057,414,0.10204584668474243,4057,232,0.05718511215183633
36081068700,Queens,4405,333,0.07559591373439274,4405,497,0.11282633371169126,4405,225,0.0510783200908059
36081069000,Queens,3756,178,0.04739084132055378,3756,278,0.07401490947816826,3756,149,0.03966986155484558
36081069300,Queens,2902,294,0.10130944176430048,2902,280,0.09648518263266713,2902,48,0.016540317022742935
36081069400,Queens,4091,165,0.04033243705695429,4091,333,0.08139819115130775,4091,169,0.04131019310681985
36081069500,Queens,2363,456,0.19297503173931443,2363,284,0.12018620397799408,2363,211,0.08929327126534067
36081069701,Queens,4054,168,0.041440552540700545,4054,397,0.09792797237296497,4054,85,0.02096694622594968
36081069702,Queens,4138,472,0.11406476558724021,4258,405,0.09511507750117426,4258,202,0.04744011272898074
36081070300,Queens,2324,185,0.07960413080895008,2324,174,0.07487091222030981,2324,46,0.019793459552495698
36081070700,Queens,2502,63,0.025179856115107913,2502,259,0.1035171862509992,2502,12,0.004796163069544364
36081070900,Queens,2765,354,0.12802893309222424,2765,140,0.05063291139240506,2765,49,0.017721518987341773
36081071100,Queens,5679,338,0.05951752069026237,5679,794,0.13981334742032048,5679,143,0.02518048952280331
36081071303,Queens,5303,506,0.09541768810107486,5303,342,0.0644917970959834,5303,106,0.019988685649632285
36081071304,Queens,6352,800,0.12594458438287154,6352,1157,0.18214735516372796,6352,378,0.0595088161209068
36081071305,Queens,6007,777,0.129349092725154,6007,670,0.11153654070251373,6007,341,0.056767105044115196
36081071306,Queens,7192,1228,0.1707452725250278,7156,930,0.12996087199552822,7156,862,0.12045835662381219
36081071600,Queens,0,0,,0,0,,0,0,
36081071701,Queens,4978,847,0.17014865407794294,4979,778,0.156256276360715,4979,148,0.02972484434625427
36081071702,Queens,4448,629,0.14141187050359713,4448,785,0.1764838129496403,4448,65,0.014613309352517985
36081071900,Queens,3299,757,0.2294634737799333,3299,422,0.1279175507729615,3299,452,0.1370112155198545
36081072100,Queens,5595,198,0.0353887399463807,5595,713,0.12743521000893654,5595,152,0.027167113494191243
36081072300,Queens,2246,62,0.027604630454140695,2270,235,0.10352422907488987,2270,101,0.04449339207048458
36081072900,Queens,1405,166,0.11814946619217082,1406,108,0.07681365576102418,1406,10,0.007112375533428165
36081073100,Queens,1714,85,0.049591598599766626,1724,72,0.04176334106728538,1724,29,0.016821345707656612
36081073700,Queens,2088,9,0.004310344827586207,2088,94,0.045019157088122604,2088,43,0.020593869731800767
36081073900,Queens,5303,137,0.025834433339619083,5303,479,0.09032623043560249,5303,0,0.0
36081074100,Queens,3102,338,0.10896196002578981,3102,368,0.11863313990973566,3102,129,0.041586073500967116
36081074300,Queens,3942,623,0.1580416032470827,3953,335,0.0847457627118644,3953,206,0.05211231975714647
36081074500,Queens,4261,768,0.18023938042712978,4275,717,0.16771929824561405,4275,90,0.021052631578947368
36081074700,Queens,3681,439,0.11926107036131486,3681,549,0.1491442542787286,3681,185,0.05025808204292312
36081074900,Queens,1620,44,0.027160493827160494,1620,55,0.033950617283950615,1620,18,0.011111111111111112
36081075701,Queens,5031,432,0.08586762075134168,5031,516,0.10256410256410256,5031,195,0.03875968992248062
36081075702,Queens,5012,288,0.05746209098164405,5056,734,0.1451740506329114,5056,78,0.015427215189873418
36081076901,Queens,5452,248,0.04548789435069699,5452,419,0.0768525311812179,5452,108,0.019809244314013204
36081076902,Queens,1570,71,0.04522292993630573,1570,103,0.06560509554140127,1570,29,0.018471337579617834
36081077300,Queens,2203,133,0.060372219700408535,2203,280,0.12709940989559693,2203,30,0.013617793917385384
36081077500,Queens,2144,186,0.08675373134328358,2144,365,0.17024253731343283,2144,120,0.055970149253731345
36081077902,Queens,5643,895,0.15860357965621125,5643,286,0.050682261208576995,5643,315,0.05582137161084529
36081077903,Queens,3410,258,0.07565982404692081,3410,228,0.06686217008797654,3410,75,0.021994134897360705
36081077904,Queens,5024,442,0.08797770700636942,5096,811,0.15914442700156986,5096,452,0.08869701726844584
36081077905,Queens,3045,343,0.11264367816091954,3284,359,0.10931790499390986,3284,202,0.061510353227771014
36081077906,Queens,3944,404,0.10243407707910751,3933,363,0.09229595728451563,3933,141,0.03585049580472922
36081077907,Queens,3118,271,0.08691468890314304,3294,513,0.1557377049180328,3294,77,0.023375834851244687
36081077908,Queens,2807,473,0.16850730317064483,3061,431,0.14080365893498856,3061,160,0.05227049983665469
36081078800,Queens,2183,80,0.03664681630783326,2183,246,0.11268896014658726,2183,167,0.07650022904260192
36081079000,Queens,3082,551,0.17878001297858534,3137,390,0.12432260121134842,3137,191,0.06088619700350654
36081079200,Queens,2667,461,0.17285339332583427,2732,272,0.09956076134699854,2732,239,0.08748169838945827
36081079300,Queens,0,0,,0,0,,0,0,
36081079701,Queens,6564,1100,0.1675807434491164,6549,1126,0.1719346465109177,6549,495,0.0755840586349061
36081079702,Queens,3627,1239,0.3416046319272126,3627,300,0.0827129859387924,3627,333,0.09181141439205956
36081079900,Queens,3148,1313,0.41709021601016516,3148,295,0.09371029224904702,3148,107,0.033989834815756036
36081080301,Queens,3964,581,0.14656912209889,3964,216,0.054490413723511606,3964,429,0.10822401614530777
36081080302,Queens,3616,557,0.15403761061946902,3616,549,0.15182522123893805,3616,164,0.04535398230088496
36081080900,Queens,7349,649,0.08831133487549327,7864,829,0.10541709053916581,7864,288,0.03662258392675483
36081081400,Queens,3997,728,0.18213660245183888,3997,263,0.0657993495121341,3997,294,0.07355516637478109
36081081800,Queens,3688,404,0.10954446854663774,3739,263,0.0703396630115004,3739,587,0.15699384862262636
36081083700,Queens,5243,576,0.10986076673660118,5254,549,0.10449181575942139,5254,162,0.030833650551960412
36081083800,Queens,5272,375,0.07113050075872535,5291,548,0.10357210357210357,5291,847,0.1600831600831601
36081084000,Queens,6942,972,0.14001728608470182,6942,897,0.12921348314606743,6942,435,0.06266205704407951
36081084500,Queens,4455,1076,0.24152637485970818,4455,660,0.14814814814814814,4455,579,0.12996632996632998
36081084601,Queens,2679,101,0.03770063456513625,2687,265,0.09862299962783774,2687,88,0.03275027912169706
36081084602,Queens,1400,394,0.2814285714285714,1600,259,0.161875,1600,111,0.069375
36081084901,Queens,3038,1040,0.3423304805793285,3038,105,0.03456221198156682,3038,262,0.08624094799210007
36081084902,Queens,3774,1531,0.4056703762586116,3774,430,0.11393746687864335,3774,1007,0.26682564917859036
36081085300,Queens,4828,861,0.17833471416735708,4828,983,0.2036039768019884,4828,256,0.05302402651201325
36081085500,Queens,5807,936,0.16118477699328396,5807,1035,0.17823316686757362,5807,801,0.1379369726192526
36081085700,Queens,5525,812,0.1469683257918552,5520,717,0.1298913043478261,5520,678,0.12282608695652174
36081085900,Queens,5584,1218,0.21812320916905445,5584,722,0.12929799426934097,5584,813,0.1455945558739255
36081086100,Queens,2007,530,0.2640757349277529,2007,289,0.1439960139511709,2007,204,0.10164424514200299
36081086300,Queens,7393,1707,0.23089408900311106,7479,625,0.08356732183446985,7479,836,0.11177964968578687
36081086400,Queens,2884,385,0.13349514563106796,2884,332,0.11511789181692095,2884,432,0.14979195561719832
36081086500,Queens,4669,672,0.14392803598200898,4679,810,0.1731139132293225,4679,715,0.15281042957896987
36081086900,Queens,1967,282,0.14336553126588714,1980,123,0.06212121212121212,1980,180,0.09090909090909091
36081087100,Queens,5389,1316,0.24420115049174243,5400,602,0.11148148148148149,5400,522,0.09666666666666666
36081088400,Queens,8995,919,0.10216787103946637,8995,1757,0.1953307392996109,8995,299,0.033240689271817676
36081088902,Queens,6357,1490,0.23438728960201352,6357,786,0.12364322793770646,6357,607,0.09548529180431022
36081088903,Queens,4537,1035,0.2281243112188671,4537,573,0.12629490852986555,4537,237,0.05223716111968261
36081089201,Queens,9116,243,0.0266564282580079,9116,1369,0.15017551557700745,9116,395,0.04333040807371654
36081089202,Queens,0,0,,0,0,,0,0,
36081090700,Queens,1533,114,0.07436399217221135,1533,106,0.06914546640574037,1533,59,0.038486627527723416
36081091602,Queens,16,0,0.0,16,0,0.0,16,0,0.0
36081091603,Queens,4413,294,0.06662134602311352,4413,696,0.15771583956492183,4413,29,0.006571493315205076
36081091604,Queens,0,0,,0,0,,0,0,
36081091800,Queens,8,0,0.0,8,8,1.0,8,0,0.0
36081091900,Queens,4722,686,0.14527742481999154,4722,347,0.0734858110969928,4722,316,0.06692079627276577
36081092200,Queens,2338,85,0.03635585970915312,2338,151,0.06458511548331908,2338,69,0.02951240376390077
36081092500,Queens,3798,654,0.1721958925750395,3799,424,0.11160831797841538,3799,319,0.08396946564885496
36081092800,Queens,3341,148,0.044298114337024845,3341,161,0.04818916492068243,3341,14,0.004190362167015863
36081092900,Queens,7003,557,0.07953734113951164,7003,382,0.05454805083535628,7003,872,0.1245180636869913
36081093401,Queens,4120,523,0.12694174757281554,4218,508,0.1204362256993836,4218,52,0.012328117591275486
36081093402,Queens,4165,409,0.09819927971188476,4165,631,0.15150060024009604,4165,83,0.01992797118847539
36081093800,Queens,4527,496,0.10956483322288492,4527,712,0.15727855091672188,4527,569,0.12569030262867242
36081093900,Queens,5805,312,0.053746770025839795,5819,369,0.06341295755284414,5819,289,0.049664890874720743
36081094201,Queens,3436,731,0.2127473806752037,3454,524,0.15170816444701796,3454,183,0.05298204979733642
36081094202,Queens,5623,1751,0.3113996087497777,5623,689,0.12253245598434999,5623,302,0.05370798506135515
36081094203,Queens,5729,703,0.122709024262524,5730,1255,0.21902268760907503,5730,66,0.011518324607329843
36081094500,Queens,3958,565,0.1427488630621526,3958,746,0.18847902981303688,3958,234,0.059120768064679134
36081094700,Queens,2755,349,0.1266787658802178,2773,329,0.11864406779661017,2773,169,0.060944825099170576
36081095400,Queens,6993,1448,0.20706420706420706,6940,1202,0.17319884726224785,6940,99,0.014265129682997119
36081096400,Queens,6591,1474,0.2236382946442118,6614,713,0.10780163289990928,6614,377,0.05700030238887209
36081097202,Queens,3479,1578,0.4535786145444093,3479,575,0.16527737855705663,3479,115,0.033055475711411327
36081097204,Queens,3597,506,0.14067278287461774,3603,518,0.1437690813211213,3603,274,0.07604773799611435
36081097205,Queens,3318,1926,0.5804701627486437,3318,550,0.16576250753465943,3318,304,0.0916214587100663
36081097206,Queens,2635,757,0.2872865275142315,2635,468,0.1776091081593928,2635,161,0.06110056925996205
36081097207,Queens,0,0,,0,0,,0,0,
36081097300,Queens,2116,120,0.05671077504725898,2116,262,0.12381852551984877,2116,50,0.023629489603024575
36081098100,Queens,2486,170,0.06838294448913917,2486,122,0.04907481898632341,2486,50,0.02011263073209976
36081098700,Queens,2591,214,0.08259359320725589,2591,226,0.08722500964878425,2591,110,0.042454650714010035
36081099100,Queens,7613,329,0.043215552344673586,7613,953,0.125180612110863,7613,317,0.04163930119532379
36081099200,Queens,4258,1815,0.42625645843118837,4258,939,0.22052606857679663,4258,172,0.040394551432597466
36081099701,Queens,2491,236,0.09474106784423926,2507,538,0.21459912245712007,2507,16,0.006382130035899481
36081099703,Queens,3931,374,0.09514118544899516,3931,388,0.0987026201984228,3931,51,0.012973798015772068
36081099704,Queens,7118,792,0.11126720989041866,7118,1729,0.24290531048047204,7118,255,0.035824669851081764
36081099705,Queens,2813,370,0.13153217205830076,2813,368,0.1308211873444721,2813,305,0.10842516885886953
36081099801,Queens,8701,1439,0.1653832892770946,8710,1661,0.1907003444316877,8710,452,0.051894374282433986
36081099802,Queens,5375,1473,0.274046511627907,5375,1410,0.26232558139534884,5375,344,0.064
36081099900,Queens,0,0,,0,0,,0,0,
36081100801,Queens,2911,143,0.04912401236688423,2911,405,0.13912744761250428,2911,318,0.10924081071796633
36081100803,Queens,4637,970,0.20918697433685574,4729,695,0.14696553182491012,4729,825,0.17445548741805877
36081100804,Queens,5213,466,0.08939190485325149,5308,500,0.09419743782969103,5308,277,0.05218538055764883
36081101002,Queens,6071,860,0.14165705814528085,6071,865,0.14248064569263713,6071,147,0.02421347389227475
36081101003,Queens,4188,807,0.19269340974212035,4188,417,0.0995702005730659,4188,33,0.007879656160458453
36081101004,Queens,5524,1582,0.28638667632150616,5627,949,0.16865114625910788,5627,233,0.041407499555713524
36081101700,Queens,6801,577,0.0848404646375533,6806,627,0.09212459594475463,6806,106,0.015574493094328533
36081102900,Queens,3616,246,0.06803097345132743,3649,268,0.07344477939161415,3649,80,0.021923814743765414
36081103201,Queens,6293,2219,0.3526140155728587,6296,890,0.14135959339263024,6296,827,0.13135324015247776
36081103202,Queens,7684,1178,0.15330557001561687,7684,715,0.09305049453409682,7684,1296,0.16866215512753774
36081103300,Queens,4387,435,0.09915659904262594,4387,450,0.10257579211306132,4387,119,0.027125598358787327
36081103900,Queens,6539,551,0.08426364887597491,6540,663,0.10137614678899083,6540,590,0.09021406727828746
36081104700,Queens,6679,1053,0.15765833208564156,6656,515,0.07737379807692307,6656,256,0.038461538461538464
36081105900,Queens,3640,310,0.08516483516483517,3641,339,0.09310628948091183,3641,68,0.01867618786047789
36081107201,Queens,2294,59,0.025719267654751524,2294,449,0.19572798605056668,2294,126,0.05492589363557106
36081107202,Queens,0,0,,0,0,,0,0,
36081108500,Queens,2770,248,0.08953068592057761,2790,418,0.14982078853046596,2790,174,0.06236559139784946
36081109300,Queens,2808,174,0.06196581196581197,2808,386,0.13746438746438747,2808,142,0.05056980056980057
36081109700,Queens,1899,73,0.038441284886782515,1899,200,0.105318588730911,1899,102,0.053712480252764615
36081109900,Queens,3398,391,0.11506768687463213,3398,366,0.10771041789287816,3398,85,0.025014714537963507
36081111300,Queens,2714,290,0.10685335298452468,2714,195,0.07184966838614591,2714,134,0.04937361827560796
36081112300,Queens,2341,458,0.19564288765484836,2341,251,0.10721913712088851,2341,177,0.0756087142246903
36081112900,Queens,2204,133,0.0603448275862069,2204,283,0.12840290381125227,2204,159,0.0721415607985481
36081113300,Queens,1428,163,0.11414565826330532,1428,145,0.1015406162464986,1428,10,0.0070028011204481795
36081113900,Queens,4051,571,0.14095285114786474,4051,441,0.1088620093803999,4051,167,0.04122438903974327
36081114100,Queens,2457,114,0.0463980463980464,2458,220,0.08950366151342555,2458,46,0.01871440195280716
36081114700,Queens,1854,201,0.10841423948220065,1854,118,0.06364617044228695,1854,260,0.14023732470334413
36081115100,Queens,982,52,0.05295315682281059,982,146,0.14867617107942974,982,32,0.032586558044806514
36081115500,Queens,2189,311,0.14207400639561443,2189,81,0.037003197807217905,2189,520,0.2375513933302878
36081115700,Queens,3136,759,0.2420280612244898,3136,201,0.06409438775510204,3136,309,0.09853316326530612
36081115900,Queens,3883,450,0.11588977594643317,3884,398,0.10247167868177137,3884,353,0.09088568486096807
36081116100,Queens,3162,646,0.20430107526881722,3162,236,0.07463630613535736,3162,277,0.08760278304870335
36081116301,Queens,3729,1063,0.28506301957629393,3729,377,0.10109949048002145,3729,1083,0.2904263877715205
36081116302,Queens,3687,1879,0.5096284241931109,3687,345,0.0935720097640358,3687,273,0.07404393816110659
36081116700,Queens,1892,344,0.18181818181818182,1892,135,0.07135306553911205,1892,288,0.1522198731501057
36081117100,Queens,2525,296,0.11722772277227722,2525,329,0.1302970297029703,2525,433,0.1714851485148515
36081117500,Queens,4464,745,0.16689068100358423,4461,245,0.05492042143017261,4461,515,0.11544496749607712
36081118100,Queens,1952,170,0.08709016393442623,1952,138,0.0706967213114754,1952,142,0.07274590163934426
36081118500,Queens,1999,314,0.1570785392696348,1999,150,0.0750375187593797,1999,303,0.15157578789394696
36081118700,Queens,2486,430,0.17296862429605792,2505,377,0.150499001996008,2505,199,0.07944111776447106
36081118900,Queens,2100,121,0.05761904761904762,2100,156,0.07428571428571429,2100,135,0.06428571428571428
36081119100,Queens,3222,731,0.22687771570453136,3222,569,0.1765983860955928,3222,304,0.09435133457479826
36081119300,Queens,2534,389,0.15351223362273086,2534,230,0.09076558800315707,2534,406,0.16022099447513813
36081119500,Queens,1363,127,0.09317681584739546,1363,217,0.15920763022743947,1363,213,0.15627292736610418
36081119900,Queens,1647,110,0.06678809957498483,1681,241,0.14336704342653184,1681,101,0.060083283759666865
36081120100,Queens,1544,252,0.16321243523316062,1546,153,0.09896507115135834,1546,168,0.10866752910737387
36081120300,Queens,1551,178,0.11476466795615732,1551,164,0.10573823339780787,1551,101,0.06511927788523533
36081120500,Queens,2624,595,0.2267530487804878,2664,270,0.10135135135135136,2664,232,0.08708708708708708
36081120701,Queens,3132,232,0.07407407407407407,3124,378,0.12099871959026888,3124,122,0.03905249679897567
36081120702,Queens,0,0,,0,0,,0,0,
36081121100,Queens,0,0,,0,0,,0,0,
36081121500,Queens,4420,432,0.09773755656108597,4420,335,0.0757918552036199,4420,368,0.0832579185520362
36081122300,Queens,3166,256,0.08085912823752368,3166,145,0.0457991156032849,3166,180,0.056854074542008845
36081122702,Queens,6209,1932,0.3111612175873732,6209,1327,0.21372201642776614,6209,364,0.058624577226606536
36081122703,Queens,5896,737,0.125,5896,1193,0.20234056987788332,5896,72,0.012211668928086838
36081122704,Queens,5015,561,0.11186440677966102,5015,375,0.07477567298105683,5015,133,0.026520438683948155
36081124100,Queens,3820,154,0.04031413612565445,3820,445,0.11649214659685864,3820,68,0.01780104712041885
36081124700,Queens,3910,163,0.04168797953964194,3911,312,0.07977499360777295,3911,126,0.032216824341600614
36081125700,Queens,3007,338,0.11240438975723312,3043,468,0.15379559645087085,3043,199,0.06539599079855406
36081126500,Queens,2038,291,0.14278704612365065,2085,215,0.10311750599520383,2085,31,0.01486810551558753
36081126700,Queens,2164,184,0.08502772643253234,4329,339,0.07830907830907831,4329,269,0.06213906213906214
36081127700,Queens,2973,248,0.08341742347796838,2980,161,0.05402684563758389,2980,176,0.05906040268456376
36081128300,Queens,0,0,,0,0,,0,0,
36081129102,Queens,3807,285,0.07486209613869188,3807,180,0.04728132387706856,3807,69,0.018124507486209612
36081129103,Queens,4179,542,0.12969609954534578,4179,493,0.11797080641301746,4179,79,0.01890404402967217
36081129104,Queens,4192,346,0.0825381679389313,4192,523,0.12476145038167939,4192,238,0.05677480916030534
36081130100,Queens,4015,243,0.06052303860523039,4044,635,0.15702274975272007,4044,37,0.009149357072205737
36081133300,Queens,3886,399,0.1026762738033968,3886,356,0.09161091096242924,3886,90,0.023160061760164694
36081133900,Queens,1429,94,0.06578026592022393,1429,179,0.12526242127361792,1429,114,0.07977606717984605
36081134100,Queens,2857,254,0.08890444522226111,2857,192,0.0672033601680084,2857,157,0.054952747637381866
36081134701,Queens,4809,366,0.07610729881472239,4809,374,0.07777084632979829,4809,149,0.030983572468288624
36081134702,Queens,4530,431,0.09514348785871965,4532,308,0.06796116504854369,4532,96,0.02118270079435128
36081136700,Queens,5903,363,0.06149415551414535,5903,451,0.07640182957818059,5903,105,0.017787565644587496
36081137700,Queens,6759,315,0.04660452729693742,6759,676,0.10001479508803078,6759,678,0.10031069684864626
36081138501,Queens,4187,495,0.11822307141151182,4189,410,0.09787538792074481,4189,114,0.02721413225113392
36081138502,Queens,71,30,0.4225352112676056,89,30,0.33707865168539325,89,2,0.02247191011235955
36081139900,Queens,1547,140,0.09049773755656108,1545,151,0.09773462783171522,1545,48,0.031067961165048542
36081140300,Queens,2214,236,0.10659439927732611,2214,118,0.053297199638663056,2214,253,0.11427280939476062
36081140901,Queens,928,50,0.05387931034482758,928,75,0.08081896551724138,928,91,0.0980603448275862
36081140902,Queens,2505,212,0.0846307385229541,2505,232,0.09261477045908184,2505,49,0.019560878243512974
36081141700,Queens,4300,670,0.1558139534883721,4300,415,0.09651162790697675,4300,267,0.06209302325581395
36081142900,Queens,3678,223,0.06063077759651985,3678,351,0.09543230016313213,3678,194,0.05274605764002175
36081143500,Queens,2343,99,0.04225352112676056,2343,269,0.11481007255655143,2343,87,0.03713188220230474
36081144100,Queens,3002,177,0.05896069287141906,3002,256,0.08527648234510327,3002,62,0.020652898067954697
36081144700,Queens,3447,724,0.21003771395416304,3465,294,0.08484848484848485,3465,544,0.156998556998557
36081145101,Queens,1100,103,0.09363636363636364,1103,158,0.14324569356300998,1103,37,0.033544877606527655
36081145102,Queens,2344,134,0.05716723549488054,2361,300,0.12706480304955528,2361,61,0.02583650995340957
36081145900,Queens,2757,257,0.09321726514327167,2781,286,0.10284070478245236,2781,83,0.029845379359942466
36081146300,Queens,2370,173,0.0729957805907173,2678,71,0.026512322628827484,2678,237,0.08849887976101568
36081146700,Queens,2762,266,0.09630702389572773,2762,222,0.08037653874004344,2762,236,0.08544532947139753
36081147100,Queens,3810,672,0.1763779527559055,3810,414,0.10866141732283464,3810,78,0.02047244094488189
36081147900,Queens,4249,434,0.10214168039538715,4249,457,0.10755471875735467,4249,386,0.09084490468345494
36081148300,Queens,2974,146,0.04909213180901143,2974,361,0.12138533960995293,2974,14,0.004707464694014795
36081150701,Queens,3123,135,0.043227665706051875,3123,217,0.06948447006083894,3123,43,0.013768812039705411
36081150702,Queens,3047,183,0.06005907449950771,3047,589,0.19330489005579257,3047,35,0.011486708237610764
36081152901,Queens,5613,487,0.08676287190450739,5613,1183,0.21076073401033316,5613,119,0.021200783894530555
36081152902,Queens,6530,113,0.017304747320061254,6530,397,0.06079632465543645,6530,198,0.030321592649310874
36081155101,Queens,2174,166,0.07635694572217111,2174,724,0.3330266789328427,2174,15,0.0068997240110395585
36081155103,Queens,4325,363,0.08393063583815029,4325,755,0.1745664739884393,4325,101,0.023352601156069363
36081155104,Queens,2640,293,0.11098484848484849,2722,448,0.16458486407053638,2722,78,0.028655400440852314
36081156700,Queens,1320,404,0.30606060606060603,1327,418,0.31499623210248684,1327,80,0.06028636021100226
36081157101,Queens,8073,727,0.09005326396630745,8073,1119,0.13861018208844295,8073,412,0.05103431190387712
36081157102,Queens,1840,67,0.03641304347826087,1840,284,0.15434782608695652,1840,64,0.034782608695652174
36081157901,Queens,5064,712,0.1406003159557662,5064,709,0.14000789889415483,5064,143,0.028238546603475512
36081157902,Queens,3632,149,0.04102422907488987,3635,680,0.18707015130674004,3635,113,0.03108665749656121
36081157903,Queens,3671,155,0.042222827567420324,3671,313,0.08526287115227459,3671,64,0.017433941705257423
36081161700,Queens,4843,288,0.05946727235184803,4843,548,0.11315300433615527,4843,90,0.01858352260995251
36081162100,Queens,6327,174,0.027501185395922237,6340,856,0.13501577287066246,6340,440,0.0694006309148265
36081990100,Queens,0,0,,0,0,,0,0,
36085000300,Staten Island,1889,397,0.21016410799364743,1878,139,0.07401490947816826,1878,49,0.026091586794462194
36085000600,Staten Island,2568,461,0.1795171339563863,2568,581,0.22624610591900313,2568,178,0.06931464174454828
36085000700,Staten Island,5482,2191,0.3996716526815031,5482,831,0.15158701203940167,5482,49,0.00893834367019336
36085000800,Staten Island,5178,632,0.12205484743144071,5178,635,0.12263422170722287,5178,203,0.039204325994592504
36085000900,Staten Island,2209,450,0.2037120869171571,2209,283,0.12811226799456768,2209,213,0.09642372114078769
36085001100,Staten Island,4852,1655,0.3410964550700742,4852,635,0.13087386644682605,4852,315,0.06492168178070899
36085001700,Staten Island,1606,149,0.09277708592777086,1606,217,0.13511830635118308,1606,95,0.059153175591531756
36085001800,Staten Island,427,27,0.06323185011709602,346,7,0.02023121387283237,346,20,0.057803468208092484
36085002001,Staten Island,2904,108,0.0371900826446281,2904,372,0.128099173553719,2904,120,0.04132231404958678
36085002002,Staten Island,2710,85,0.03136531365313653,2710,245,0.09040590405904059,2710,160,0.05904059040590406
36085002100,Staten Island,5613,1344,0.23944414751469803,5577,708,0.12694997310381925,5577,646,0.1158328850636543
36085002700,Staten Island,2061,1312,0.6365841824357108,2061,273,0.1324599708879185,2061,312,0.15138282387190685
36085002900,Staten Island,5429,1803,0.3321053601031497,5495,576,0.10482256596906278,5495,417,0.07588717015468607
36085003300,Staten Island,3821,503,0.131640931693274,3821,335,0.08767338393090814,3821,87,0.022768908662653756
36085003600,Staten Island,2608,345,0.13228527607361965,2565,173,0.06744639376218324,2565,249,0.09707602339181287
36085003900,Staten Island,2144,221,0.10307835820895522,2215,388,0.17516930022573363,2215,38,0.017155756207674944
36085004001,Staten Island,2758,148,0.05366207396664249,2758,310,0.11240029006526468,2758,106,0.03843364757070341
36085004002,Staten Island,2411,206,0.0854417254251348,2411,192,0.07963500622148487,2411,60,0.02488593944421402
36085004003,Staten Island,3517,1433,0.4074495308501564,3517,440,0.12510662496445835,3517,98,0.02786465737844754
36085004004,Staten Island,3808,551,0.14469537815126052,3829,279,0.07286497780099242,3829,172,0.04492034473752938
36085004700,Staten Island,2436,183,0.07512315270935961,2941,492,0.16729003740224413,2941,97,0.032981978918735125
36085005000,Staten Island,4668,497,0.10646958011996573,4668,464,0.09940017137960583,4668,258,0.055269922879177376
36085005901,Staten Island,3061,120,0.039202874877491016,3062,335,0.10940561724363161,3062,52,0.016982364467668192
36085005902,Staten Island,0,0,,0,0,,0,0,
36085006400,Staten Island,3425,678,0.19795620437956205,3425,604,0.17635036496350365,3425,74,0.021605839416058394
36085006700,Staten Island,3052,190,0.062254259501965926,3052,291,0.0953473132372215,3052,182,0.05963302752293578
36085007001,Staten Island,2710,159,0.05867158671586716,2739,375,0.13691128148959475,2739,14,0.00511135450894487
36085007002,Staten Island,5636,824,0.14620298083747338,5703,485,0.08504295984569525,5703,230,0.04032965106084517
36085007400,Staten Island,4756,831,0.17472666105971404,4854,647,0.13329213020189534,4854,198,0.0407911001236094
36085007500,Staten Island,2718,261,0.09602649006622517,2729,243,0.08904360571637962,2729,131,0.0480029314767314
36085007700,Staten Island,1784,570,0.3195067264573991,1793,97,0.054099274958170664,1793,68,0.03792526491912995
36085008100,Staten Island,4427,591,0.13349898351027784,4427,757,0.17099615992771627,4427,131,0.029591145245086967
36085009601,Staten Island,4105,145,0.03532277710109622,4105,466,0.11352009744214372,4105,171,0.041656516443361755
36085009602,Staten Island,3792,170,0.044831223628691984,3800,432,0.11368421052631579,3800,134,0.035263157894736843
36085009701,Staten Island,4523,384,0.0848994030510723,4523,300,0.06632765863365023,4523,294,0.06500110546097723
36085009702,Staten Island,40,0,0.0,40,0,0.0,40,0,0.0
36085010500,Staten Island,5635,983,0.17444543034605148,5635,555,0.09849157054125998,5635,406,0.07204968944099378
36085011201,Staten Island,5411,191,0.03529846608759934,5411,597,0.11033080761411938,5411,514,0.09499168360746628
36085011203,Staten Island,6982,1164,0.16671440847894586,7029,715,0.10172143974960876,7029,614,0.08735239721155214
36085011204,Staten Island,75,11,0.14666666666666667,75,43,0.5733333333333334,75,0,0.0
36085011401,Staten Island,2906,444,0.15278733654507914,2918,641,0.21967100753941055,2918,10,0.003427004797806717
36085011402,Staten Island,3192,45,0.014097744360902255,3192,559,0.17512531328320802,3192,31,0.009711779448621553
36085012100,Staten Island,3134,36,0.01148691767708998,3134,315,0.10051052967453733,3134,0,0.0
36085012200,Staten Island,4783,378,0.0790298975538365,4783,290,0.06063140288521848,4783,254,0.05310474597532929
36085012500,Staten Island,3229,174,0.053886652214307836,3218,429,0.13331261653200746,3218,157,0.048788067122436295
36085012804,Staten Island,4806,209,0.04348730753225135,4820,486,0.1008298755186722,4820,210,0.043568464730290454
36085012805,Staten Island,2384,96,0.040268456375838924,2384,347,0.1455536912751678,2384,101,0.04236577181208054
36085012806,Staten Island,6036,763,0.12640821736249172,6075,911,0.14995884773662552,6075,148,0.024362139917695473
36085013201,Staten Island,1657,351,0.21182860591430297,1652,93,0.056295399515738496,1652,20,0.012106537530266344
36085013203,Staten Island,7305,268,0.03668720054757016,7305,1108,0.15167693360711842,7305,355,0.0485968514715948
36085013204,Staten Island,4921,560,0.11379800853485064,4948,583,0.11782538399353273,4948,195,0.03940986257073565
36085013301,Staten Island,1176,444,0.37755102040816324,1176,260,0.22108843537414966,1176,80,0.06802721088435375
36085013302,Staten Island,3216,1016,0.31592039800995025,3216,229,0.07120646766169154,3216,464,0.14427860696517414
36085013400,Staten Island,3854,644,0.16709911779968864,3868,455,0.11763185108583248,3868,142,0.03671147880041365
36085013800,Staten Island,6090,142,0.023316912972085387,6090,567,0.09310344827586207,6090,351,0.05763546798029557
36085014100,Staten Island,2554,355,0.13899765074393108,2554,204,0.07987470634299139,2554,65,0.025450274079874706
36085014604,Staten Island,7039,308,0.043756215371501636,7039,446,0.06336127290808354,7039,284,0.04034664014774826
36085014605,Staten Island,3713,100,0.026932399676811204,3724,404,0.10848549946294307,3724,199,0.05343716433941998
36085014606,Staten Island,6450,432,0.06697674418604652,6450,715,0.11085271317829458,6450,144,0.022325581395348838
36085014607,Staten Island,4738,388,0.0818910932883073,4754,434,0.09129154396297855,4754,55,0.011569204880100967
36085014608,Staten Island,3592,168,0.0467706013363029,3592,300,0.08351893095768374,3592,52,0.014476614699331848
36085014700,Staten Island,3367,182,0.05405405405405406,3367,377,0.11196911196911197,3367,95,0.028215028215028214
36085015100,Staten Island,5048,289,0.05725039619651347,5070,572,0.11282051282051282,5070,49,0.009664694280078896
36085015400,Staten Island,0,0,,0,0,,0,0,
36085015601,Staten Island,6214,467,0.07515288059221113,6214,508,0.08175088509816543,6214,137,0.02204699066623753
36085015602,Staten Island,3650,381,0.10438356164383561,3650,278,0.07616438356164383,3650,99,0.027123287671232878
36085015603,Staten Island,5417,671,0.12386930035074764,5417,437,0.08067195864869854,5417,146,0.02695218755768876
36085016901,Staten Island,3552,31,0.008727477477477477,3586,226,0.0630228667038483,3586,171,0.047685443390964866
36085017005,Staten Island,4526,132,0.029164825452938577,4526,321,0.07092355280600972,4526,34,0.007512152010605391
36085017007,Staten Island,6346,690,0.10872990860384495,6340,625,0.09858044164037855,6340,168,0.026498422712933754
36085017009,Staten Island,4870,144,0.029568788501026694,4880,398,0.08155737704918033,4880,140,0.028688524590163935
36085017011,Staten Island,4731,625,0.13210737687592475,4745,683,0.143940990516333,4745,28,0.005900948366701791
36085017012,Staten Island,5363,392,0.0730934178631363,5363,531,0.09901174715644229,5363,7,0.0013052396046988625
36085017013,Staten Island,4617,127,0.027507039202945636,4617,262,0.05674680528481698,4617,93,0.02014294996751137
36085017014,Staten Island,4141,203,0.049021975368268536,4141,449,0.10842791596232794,4141,181,0.04370924897367785
36085017015,Staten Island,3167,8,0.0025260498894853173,3167,451,0.14240606251973476,3167,0,0.0
36085017016,Staten Island,4459,113,0.02534200493384167,4449,604,0.13576084513373793,4449,119,0.026747583726680152
36085017300,Staten Island,2786,324,0.11629576453697056,2791,474,0.16983160157649588,2791,226,0.08097456108921533
36085017600,Staten Island,5169,71,0.013735732249951635,5169,448,0.08667053588701877,5169,105,0.020313406848520024
36085017701,Staten Island,4246,378,0.08902496467263307,4246,842,0.19830428638718794,4246,3,0.000706547338671691
36085017702,Staten Island,2117,289,0.1365139348134152,2117,331,0.15635333018422296,2117,10,0.004723665564478035
36085018100,Staten Island,3312,613,0.18508454106280192,3312,558,0.16847826086956522,3312,257,0.07759661835748792
36085018701,Staten Island,1859,177,0.09521247982786445,1915,174,0.09086161879895562,1915,65,0.033942558746736295
36085018703,Staten Island,3663,370,0.10101010101010101,3663,323,0.08817908817908818,3663,48,0.013104013104013105
36085018704,Staten Island,4309,91,0.02111858899976793,4309,304,0.07055001160362033,4309,30,0.006962172197725691
36085018901,Staten Island,5794,724,0.12495685191577494,5814,619,0.1064671482628139,5814,494,0.08496732026143791
36085018902,Staten Island,5643,1004,0.17791954634059898,5643,555,0.09835194045720362,5643,69,0.012227538543328018
36085019700,Staten Island,1975,28,0.014177215189873417,1975,171,0.08658227848101266,1975,76,0.03848101265822785
36085019800,Staten Island,7341,683,0.09303909549107751,7341,758,0.10325568723607138,7341,100,0.013622122326658494
36085020100,Staten Island,3356,352,0.10488676996424315,3356,264,0.07866507747318235,3356,78,0.023241954707985697
36085020701,Staten Island,3364,674,0.20035671819262782,3364,449,0.13347205707491083,3364,126,0.03745541022592152
36085020702,Staten Island,2916,889,0.3048696844993141,2928,349,0.11919398907103824,2928,331,0.1130464480874317
36085020803,Staten Island,7532,571,0.07580987785448752,7627,776,0.10174380490363183,7627,185,0.024255932870066867
36085020804,Staten Island,5124,246,0.04800936768149883,5124,658,0.1284153005464481,5124,55,0.010733801717408275
36085020805,Staten Island,6559,302,0.04604360420795853,6559,759,0.11571885958225339,6559,181,0.027595670071657266
36085020806,Staten Island,2533,275,0.10856691669956574,2533,279,0.11014607185155942,2533,31,0.012238452427951046
36085021300,Staten Island,5669,818,0.14429352619509614,5669,739,0.130358087846181,5669,485,0.08555300758511201
36085022300,Staten Island,3263,559,0.17131474103585656,3263,672,0.2059454489733374,3263,110,0.03371130861170702
36085022601,Staten Island,7394,322,0.04354882337030024,7483,970,0.12962715488440466,7483,177,0.023653614860350128
36085022602,Staten Island,1373,363,0.26438455935906774,1373,364,0.2651128914785142,1373,78,0.05680990531682447
36085022801,Staten Island,37,0,0.0,37,5,0.13513513513513514,37,0,0.0
36085022802,Staten Island,0,0,,0,0,,0,0,
36085023100,Staten Island,4742,760,0.16026992830029524,4757,510,0.10721042673954173,4757,548,0.11519865461425267
36085023900,Staten Island,3071,336,0.10941061543471182,3102,279,0.08994197292069632,3102,155,0.04996776273372018
36085024401,Staten Island,6270,117,0.018660287081339714,6270,421,0.0671451355661882,6270,322,0.05135566188197767
36085024402,Staten Island,4980,273,0.054819277108433734,5013,360,0.0718132854578097,5013,206,0.04109315778974666
36085024700,Staten Island,2833,296,0.1044828803388634,2822,342,0.12119064493267187,2822,242,0.08575478384124734
36085024800,Staten Island,4769,581,0.12182847557139861,4769,537,0.11260222268819459,4769,175,0.03669532396728874
36085025100,Staten Island,6459,538,0.08329462765133921,6459,676,0.10466016411209166,6459,334,0.05171079114413996
36085027301,Staten Island,4200,397,0.09452380952380952,4494,846,0.1882510013351135,4494,137,0.030485091232754783
36085027302,Staten Island,4866,551,0.1132346896835183,4866,271,0.055692560624743113,4866,36,0.007398273736128237
36085027702,Staten Island,6159,874,0.14190615359636305,6159,574,0.0931969475564215,6159,341,0.05536613086540023
36085027704,Staten Island,5163,998,0.19329846988185165,5161,658,0.1274946715752761,5161,312,0.060453400503778336
36085027705,Staten Island,6119,419,0.06847524105245956,6119,536,0.08759601242033012,6119,264,0.04314430462493871
36085027706,Staten Island,3107,908,0.2922433215320245,3089,193,0.06247976691485918,3089,108,0.03496277112334089
36085027900,Staten Island,1784,113,0.0633408071748879,1784,164,0.09192825112107623,1784,20,0.011210762331838564
36085029102,Staten Island,3355,161,0.04798807749627422,3355,223,0.06646795827123696,3355,265,0.07898658718330849
36085029104,Staten Island,6879,956,0.13897368803605176,6879,825,0.11993022241604885,6879,580,0.08431458060764646
36085029105,Staten Island,4467,309,0.06917394224311618,4467,527,0.11797627042758004,4467,89,0.019923886277143497
36085029106,Staten Island,2845,391,0.1374340949033392,2845,272,0.09560632688927943,2845,111,0.03901581722319859
36085030301,Staten Island,5379,284,0.05279791782859267,5379,542,0.10076222346160997,5379,33,0.006134969325153374
36085030302,Staten Island,6123,605,0.09880777396700964,6123,500,0.08165931732810713,6123,252,0.041156295933366
36085031901,Staten Island,3948,1478,0.37436676798378926,3948,577,0.1461499493414387,3948,95,0.024062816616008106
36085031902,Staten Island,4653,953,0.2048140984311197,4653,747,0.16054158607350097,4653,340,0.07307113690092414
36085032300,Staten Island,1030,116,0.11262135922330097,1030,165,0.16019417475728157,1030,69,0.06699029126213592
36085990100,Staten Island,0,0,,0,0,,0,0,
