,from_id,total_distance,walking_distance,transfers,travel_time_total,walking_time,wait_time_total
1,o_360470001001,1740.890698,1452.612,0,26.16666667,24.7,1.816666667
2,o_360470001002,1523.935634,1345.087,0,23.96666667,22.76666667,4.15
3,o_360470001003,2286.11327,1298.783,0,24.63333333,22.13333333,4.766666667
4,o_360470001004,1673.343414,1091.553,0,19.46666667,18.46666667,2.4
5,o_360470002001,1967.597636,1419.352,0,25.43333333,23.93333333,1.616666667
6,o_360470003011,1611.28789,1037.079,0,20.66666667,17.58333333,2.933333333
7,o_360470003012,1529.93789,955.729,0,19.26666667,16.18333333,4.333333333
8,o_360470003013,1951.233421,1573.52,0,29.25,26.61666667,1.933333333
9,o_360470003014,2253.551864,1862.733,0,33.88333333,31.48333333,2.45
10,o_360470003015,1260.48689,686.278,0,14.66666667,11.58333333,8.933333333
11,o_360470005011,1621.35889,1047.15,0,20.8,17.71666667,2.8
12,o_360470005012,1753.750414,1171.96,0,20.8,19.8,1.066666667
13,o_360470005013,1276.255441,898.921,0,17.1,15.25,2.05
14,o_360470005021,1719.18489,1144.976,0,22.43333333,19.35,1.166666667
15,o_360470005022,717.9603571,595.639,0,10.78333333,10.18333333,1.4
16,o_360470007001,576.1246981,287.846,0,6.383333333,4.916666667,4.6
17,o_360470007002,737.8316981,449.553,0,9.066666667,7.6,1.916666667
18,o_360470007003,447.6516152,325.331,0,6.033333333,5.516666667,2.716666667
19,o_360470009001,1118.689035,601.285,0,12.75,10.15,3.433333333
20,o_360470009002,733.6392455,593.639,0,10.61666667,10.03333333,2.383333333
21,o_360470011001,1197.631035,680.227,0,14.23333333,11.63333333,1.95
22,o_360470013001,1703.797239,1521.802,0,26.7,25.83333333,1.166666667
23,o_360470013002,2950.182315,1185.257,0,26.1,20.1,1.366666667
24,o_360470015011,1530.483735,1295.931,0,23.63333333,22.03333333,2.666666667
25,o_360470015012,1510.365477,1209.279,0,22.45,20.63333333,1.033333333
26,o_360470015021,1087.678737,853.126,0,16.28333333,14.53333333,2.016666667
27,o_360470018011,2567.382575,1386.952,0,26.75,23.45,5.816666667
28,o_360470018012,4037.403018,1106.813,1,27,18.73333333,10.26666667
29,o_360470018021,2346.516865,1101.237,0,22.53333333,18.58333333,3.866666667
30,o_360470018031,995.2758832,746.958,0,13.98333333,12.66666667,9.116666667
31,o_360470018041,1122.165636,900.487,0,16.43333333,15.18333333,12.45
32,o_360470020001,1078.803615,869.662,0,15.93333333,14.81666667,3.683333333
33,o_360470020002,994.0334556,546.681,0,11.63333333,9.233333333,1.466666667
34,o_360470021001,1861.409411,1737.106,0,30.33333333,29.51666667,1.366666667
35,o_360470021002,2939.353315,1174.428,0,25.85,19.85,1.616666667
36,o_360470021003,2713.076247,969.48,1,27.51666667,16.53333333,3.783333333
37,o_360470022001,740.1456155,531.004,0,10.06666667,8.95,2.216666667
38,o_360470022002,850.9326155,641.791,0,12.05,10.93333333,7.566666667
39,o_360470022003,1342.659615,1133.518,0,20.46666667,19.35,1.816666667
40,o_360470022004,1867.36175,1652.05,0,28.28333333,28.01666667,4.6
41,o_360470023001,2294.652612,864.001,1,19.71666667,14.78333333,4.583333333
42,o_360470023002,1392.097509,1232.526,0,21.61666667,20.86666667,1.833333333
43,o_360470023003,2599.195614,1168.544,1,24.93333333,19.9,5.366666667
44,o_360470029011,1361.053894,997.916,0,19.01666667,17.11666667,4.316666667
45,o_360470029012,1060.367927,889.361,0,15.95,15.06666667,1.383333333
46,o_360470030001,1736.22575,1520.914,0,26.08333333,25.81666667,6.8
47,o_360470030002,2962.468031,1579.571,0,30.13333333,26.63333333,3.083333333
48,o_360470031011,948.5189269,777.512,0,14.03333333,13.15,3.3
49,o_360470031012,1071.172538,895.121,0,16.51666667,15.3,2.9
50,o_360470031013,1120.641358,914.156,0,17.01666667,15.58333333,1.816666667
51,o_360470031021,589.2899269,418.283,0,7.933333333,7.05,9.4
52,o_360470033001,1098.355361,843.607,0,15.63333333,14.33333333,1.983333333
53,o_360470033002,877.1344769,576.048,0,11.68333333,9.866666667,2.8
54,o_360470034001,2340.907378,2131.674,0,36.75,36.08333333,6.5
55,o_360470034002,3479.501822,1239.627,2,28.13333333,20.88333333,8.583333333
56,o_360470034003,2533.715378,2324.482,0,40.01666667,39.35,3.233333333
57,o_360470035001,1176.459784,978.542,0,17.63333333,16.7,2.333333333
58,o_360470035002,1398.903827,976.744,0,18.01666667,16.58333333,1.95
59,o_360470036001,3036.919031,1654.022,0,31.4,27.9,1.816666667
60,o_360470036002,2281.528378,2072.295,0,35.76666667,35.1,7.483333333
61,o_360470036003,2440.009378,2230.776,0,38.45,37.78333333,4.8
62,o_360470037001,955.1897367,720.637,0,14.01666667,12.26666667,4.283333333
63,o_360470038001,2805.017376,2143.641,0,38.31666667,36.23333333,4.933333333
64,o_360470039001,961.0443575,754.559,0,14.36666667,12.93333333,4.466666667
65,o_360470039002,1741.444096,815.996,0,16.86666667,13.86666667,8.033333333
66,o_360470039003,1662.043096,736.595,0,15.5,12.5,1.9
67,o_360470041001,933.2715387,757.22,0,13.96666667,12.9,1.3
68,o_360470041002,1315.795735,1081.243,0,20.01666667,18.38333333,3.283333333
69,o_360470041003,1781.168412,1308.772,0,23.85,22.35,1.816666667
70,o_360470043001,687.3162455,547.316,0,9.866666667,9.283333333,3.133333333
71,o_360470043002,848.4873516,567.48,0,10.78333333,9.616666667,2.216666667
72,o_360470043003,992.3243104,852.325,0,15.13333333,14.43333333,1.05
73,o_360470043004,677.1422455,537.142,0,9.716666667,9.133333333,3.283333333
74,o_360470044001,3244.389196,2385.527,0,42.91666667,40.2,3.166666667
75,o_360470044002,2778.206376,2116.83,0,37.93333333,35.85,5.316666667
76,o_360470045001,307.2346152,184.914,0,3.666666667,3.15,5.083333333
77,o_360470045002,469.4096152,347.089,0,6.466666667,5.95,2.283333333
78,o_360470045003,651.3123571,528.991,0,9.6,9,2.583333333
79,o_360470045004,664.1273571,541.806,0,9.916666667,9.316666667,2.266666667
80,o_360470046001,3427.658522,2131.704,0,40.33333333,36,2.916666667
81,o_360470047001,780.1347963,475.375,0,9.383333333,8.133333333,4.15
82,o_360470049001,954.9797963,650.22,0,12.31666667,11.06666667,1.216666667
83,o_360470049002,994.4651759,564.675,0,11.33333333,9.583333333,2.2
84,o_360470049003,1047.048176,617.258,0,12.21666667,10.46666667,1.316666667
85,o_360470050001,4108.378615,1903.554,0,40.3,32.13333333,2.95
86,o_360470050002,3830.623314,2006.954,0,40.41666667,33.86666667,2.833333333
87,o_360470050003,3473.848314,1650.179,0,34.41666667,27.86666667,1.55
88,o_360470051001,1060.781176,630.991,0,12.53333333,10.78333333,1.033333333
89,o_360470051002,1221.695148,411.143,0,10.31666667,7,3.25
90,o_360470051003,1402.377115,429.168,0,11.3,7.316666667,2.266666667
91,o_360470052011,4055.180654,1600.411,0,36.31666667,26.96666667,2.483333333
92,o_360470052021,5496.847886,1827.859,1,40.61666667,30.75,8.466666667
93,o_360470052022,4234.704721,1616.15,0,37.26666667,27.3,1.533333333
94,o_360470053011,2521.525599,827.882,0,20.93333333,14.01666667,2.316666667
95,o_360470053012,2782.264984,725.784,0,20.81666667,12.4,2.433333333
96,o_360470053021,3133.365757,1563.241,0,30.38333333,26.38333333,3.3
97,o_360470053022,3598.129916,2358.102,0,45.16666667,39.83333333,1.683333333
98,o_360470053023,3976.666219,1419.48,1,33.11666667,23.91666667,4.566666667
99,o_360470053031,2127.16162,825.508,0,19.25,13.93333333,4
100,o_360470054001,4280.050592,1535.249,0,36.33333333,25.9,2.466666667
101,o_360470054002,3963.986607,1469.703,0,34.41666667,25.03333333,1.55
102,o_360470054003,3974.592607,1480.309,0,34.6,25.21666667,1.366666667
103,o_360470056011,4393.24118,1412.804,0,35.16666667,23.85,3.633333333
104,o_360470056012,4060.736032,1396.733,0,33.83333333,23.81666667,2.133333333
105,o_360470056021,4382.03218,1401.595,0,35.1,23.78333333,3.7
106,o_360470058001,3671.731615,1466.907,0,33.13333333,24.96666667,2.833333333
107,o_360470058002,3731.421615,1526.597,0,34.25,26.08333333,1.716666667
108,o_360470058003,3658.384237,1662.793,0,35.66666667,28.16666667,3.133333333
109,o_360470059001,2118.503599,424.86,0,14.08333333,7.166666667,1.016666667
110,o_360470059002,1893.769148,1083.217,0,21.71666667,18.4,1.533333333
111,o_360470060001,3240.736399,1670.303,0,34.05,28.55,1.916666667
112,o_360470060002,3424.231314,1600.562,0,33.68333333,27.13333333,2.283333333
113,o_360470060003,3409.742314,1586.073,0,33.36666667,26.81666667,2.6
114,o_360470062001,3088.895522,1792.941,0,34.91666667,30.58333333,1.05
115,o_360470062002,3084.564522,1788.61,0,34.58333333,30.25,1.383333333
116,o_360470062003,3092.038522,1796.084,0,34.7,30.36666667,1.266666667
117,o_360470063001,1351.429148,540.877,0,12.48333333,9.166666667,1.083333333
118,o_360470063002,1654.014148,843.462,0,17.61666667,14.3,5.633333333
119,o_360470064001,3177.70327,1187.365,0,25.01666667,20.01666667,8.916666667
120,o_360470064002,2569.010376,1907.634,0,34.46666667,32.38333333,1.5
121,o_360470064003,2659.704742,1751.97,0,32.86666667,30,3.1
122,o_360470065001,1693.472148,882.92,0,18.25,14.93333333,5
123,o_360470065002,1774.553148,964.001,0,19.61666667,16.3,3.633333333
124,o_360470065003,1859.439148,1048.887,0,21.06666667,17.75,2.183333333
125,o_360470065004,1959.430115,986.221,0,20.76666667,16.78333333,2.483333333
126,o_360470065005,2040.986115,1067.777,0,22.18333333,18.2,1.066666667
127,o_360470065006,2399.729251,1659.909,0,29.93333333,27.93333333,3.75
128,o_360470065007,2511.854251,1772.034,0,31.9,29.9,1.783333333
129,o_360470066001,2258.118376,1596.742,0,29.21666667,27.13333333,6.75
130,o_360470066002,2236.567376,1575.191,0,28.83333333,26.75,7.133333333
131,o_360470066003,2248.993376,1587.617,0,29.03333333,26.95,6.933333333
132,o_360470067001,1270.432251,1068.621,0,19.15,18.06666667,1.55
133,o_360470067002,1550.352176,1120.562,0,20.66666667,18.91666667,2.583333333
134,o_360470067003,1587.216176,1157.426,0,21.3,19.55,1.95
135,o_360470067004,1384.594796,1079.835,0,19.51666667,18.26666667,3.733333333
136,o_360470067005,1099.204251,897.393,0,16.33333333,15.25,4.366666667
137,o_360470068001,2081.703576,1000.231,1,20.05,16.83333333,8.383333333
138,o_360470068002,2205.284576,1123.812,1,22.16666667,18.95,6.266666667
139,o_360470068003,1986.012378,1776.779,0,30.81666667,30.15,5.15
140,o_360470068004,1817.332378,1608.099,0,27.93333333,27.26666667,8.033333333
141,o_360470069011,1629.390033,1165.255,0,21.7,19.7,4.066666667
142,o_360470069012,1665.828033,1201.693,0,22.33333333,20.33333333,3.433333333
143,o_360470069021,1586.841639,1388.11,0,24.46666667,23.65,3.766666667
144,o_360470069022,1506.67438,1381.644,0,23.86666667,23.36666667,3.283333333
145,o_360470070001,2404.146456,1545.819,0,28.2,26.2,3.433333333
146,o_360470070002,1852.431798,1639.775,0,29,27.85,3.633333333
147,o_360470071001,1996.628576,1113.318,0,23,19.13333333,3.033333333
148,o_360470071002,1597.781539,1421.73,0,25.28333333,24.21666667,1.7
149,o_360470071003,1957.594198,728.568,1,17.91666667,12.35,8.233333333
150,o_360470072001,1756.778575,1232.209,0,22.26666667,20.76666667,3.666666667
151,o_360470074001,1560.930575,1036.361,0,19.01666667,17.51666667,4.25
152,o_360470074002,1403.104575,878.535,0,16.33333333,14.83333333,1.433333333
153,o_360470074003,1380.983575,856.414,0,15.93333333,14.43333333,1.833333333
154,o_360470074004,988.4476155,779.306,0,14.25,13.13333333,5.4
155,o_360470075001,2220.177251,1480.357,0,26.91666667,24.91666667,2.266666667
156,o_360470075002,2146.883251,1407.063,0,25.68333333,23.68333333,8
157,o_360470075003,2177.720251,1437.9,0,26.25,24.25,7.433333333
158,o_360470075004,1876.975251,1137.155,0,21.15,19.15,5.033333333
159,o_360470075005,1862.977972,1482.216,0,26.6,25.03333333,2.2
160,o_360470076001,1157.527263,391.561,0,10.86666667,6.666666667,1.466666667
161,o_360470076002,1052.648915,439.778,0,10.78333333,7.45,1.55
162,o_360470076003,914.564794,524.839,0,11.01666667,8.9,1.316666667
163,o_360470077001,2021.922251,1282.102,0,23.56666667,21.56666667,2.616666667
164,o_360470077002,2122.281251,1382.461,0,25.25,23.25,8.433333333
165,o_360470077003,2293.823251,1554.003,0,28.13333333,26.13333333,5.55
166,o_360470077004,1896.788251,1156.968,0,21.46666667,19.46666667,4.716666667
167,o_360470078001,1564.748636,1016.503,0,18.7,17.2,1.066666667
168,o_360470078002,1713.628575,1189.059,0,21.58333333,20.08333333,1.7
169,o_360470078003,1505.616575,981.047,0,18.06666667,16.56666667,5.216666667
170,o_360470078004,1686.434575,1161.865,0,21.13333333,19.63333333,2.15
171,o_360470080001,1423.183636,874.938,0,16.3,14.8,3.466666667
172,o_360470080002,1545.418636,997.173,0,18.35,16.85,1.416666667
173,o_360470080003,1522.085636,973.84,0,17.95,16.45,1.816666667
174,o_360470082001,3329.096085,1149.93,0,25.6,19.6,2.033333333
175,o_360470082002,1565.395636,1017.15,0,18.66666667,17.16666667,1.85
176,o_360470082003,1609.568925,872.189,0,17.06666667,14.73333333,2.8
177,o_360470084001,2839.173085,660.007,0,17.28333333,11.28333333,1.85
178,o_360470084002,3138.852085,959.686,0,22.38333333,16.38333333,5.25
179,o_360470084003,1985.410865,740.131,0,16.41666667,12.46666667,3.45
180,o_360470085001,2495.558599,801.915,0,20.58333333,13.66666667,3.416666667
181,o_360470085002,3342.217757,1772.093,0,33.9,29.9,3.533333333
182,o_360470085003,3473.524757,1903.4,0,36.16666667,32.16666667,1.266666667
183,o_360470086001,2027.465345,1780.719,0,31.48333333,30.15,4.816666667
184,o_360470088001,1724.298378,1013.417,0,21.05,17.36666667,1.216666667
185,o_360470088002,1519.577469,1045.52,0,20.33333333,17.86666667,1.933333333
186,o_360470090011,1251.260887,1018.945,0,18.63333333,17.41666667,3.633333333
187,o_360470090021,1238.485887,1006.17,0,18.38333333,17.16666667,3.883333333
188,o_360470092011,2047.735948,1757.969,0,31.36666667,29.91666667,2.866666667
189,o_360470092012,1606.374489,1370.577,0,24.46666667,23.2,1.183333333
190,o_360470092021,1435.686836,1194.669,0,21.56666667,20.31666667,1.083333333
191,o_360470092022,1567.24347,1048.706,0,18.76666667,17.76666667,1.233333333
192,o_360470094011,1447.517489,1211.72,0,21.73333333,20.46666667,3.916666667
193,o_360470094012,1353.007684,1061.226,0,19.41666667,17.83333333,2.333333333
194,o_360470094021,1208.737313,974.248,0,17.76666667,16.5,2.65
195,o_360470094022,1002.508761,663.602,0,13.38333333,11.28333333,1.683333333
196,o_360470096001,1671.578243,1440.233,0,25.6,24.35,5.2
197,o_360470096002,1470.625489,1234.828,0,22.05,20.78333333,3.6
198,o_360470096003,1700.021243,1468.676,0,25.96666667,24.71666667,4.833333333
199,o_360470096004,1858.597243,1627.252,0,28.66666667,27.41666667,2.133333333
200,o_360470098001,1478.495452,428.129,0,13.55,7.3,1.516666667
201,o_360470098002,1399.276452,348.91,0,12.21666667,5.966666667,2.85
202,o_360470098003,1304.793053,493.507,0,13.31666667,8.416666667,1.75
203,o_360470098004,1255.944301,1028.593,0,18.03333333,17.31666667,1.833333333
204,o_360470100001,1686.184243,1454.839,0,25.83333333,24.58333333,4.966666667
205,o_360470100002,1844.532243,1613.187,0,28.56666667,27.31666667,2.233333333
206,o_360470100003,2409.097636,1860.852,0,32.95,31.45,1.9
207,o_360470100004,1796.375575,1271.806,0,22.95,21.45,1.083333333
208,o_360470101001,2989.178823,1278.906,1,30.4,21.85,4.5
209,o_360470101002,2763.02916,1574.92,0,33.18333333,26.6,4.433333333
210,o_360470101003,3771.430417,1475.157,1,33.61666667,24.81666667,5.966666667
211,o_360470102001,1790.856794,1401.131,0,25.7,23.58333333,1.383333333
212,o_360470102002,1683.230794,1293.505,0,23.95,21.83333333,3.133333333
213,o_360470102003,2166.632092,1933.059,0,33.56666667,32.53333333,4.05
214,o_360470104011,1832.610704,1701.816,0,29.45,28.81666667,3.716666667
215,o_360470104012,1677.502704,1546.708,0,26.8,26.16666667,6.366666667
216,o_360470104021,1693.372832,1506.769,0,26.28333333,25.46666667,4.55
217,o_360470104022,1739.62637,1499.219,0,26.98333333,25.31666667,1.583333333
218,o_360470106011,1409.015039,1173.343,0,21.43333333,19.76666667,1.3
219,o_360470106012,1865.805243,1634.46,0,28.83333333,27.58333333,1.966666667
220,o_360470106021,1753.479704,1622.685,0,28.21666667,27.58333333,4.95
221,o_360470106022,1408.894039,1173.222,0,21.45,19.78333333,1.283333333
222,o_360470108011,1081.51455,505.737,0,12.18333333,8.6,2.883333333
223,o_360470108012,1067.62355,491.846,0,11.93333333,8.35,3.133333333
224,o_360470108021,829.5115254,728.024,0,12.96666667,12.33333333,2.1
225,o_360470108022,958.1076841,666.326,0,12.83333333,11.25,2.333333333
226,o_360470110001,1532.96695,841.51,0,16.25,14.25,2.883333333
227,o_360470110002,1576.34095,884.884,0,17.01666667,15.01666667,2.116666667
228,o_360470112001,1216.75747,698.22,0,12.85,11.85,1.65
229,o_360470112002,988.5946841,696.813,0,13.4,11.81666667,1.766666667
230,o_360470112003,1037.599684,745.818,0,14.15,12.56666667,1.016666667
231,o_360470112004,1978.71795,1287.261,0,23.96666667,21.96666667,1.016666667
232,o_360470114001,565.8836706,374.766,0,7.433333333,6.4,2.283333333
233,o_360470114002,836.9526841,545.171,0,10.76666667,9.183333333,4.4
234,o_360470114003,607.9756706,416.858,0,8.133333333,7.1,1.583333333
235,o_360470116001,842.3105254,740.823,0,13.23333333,12.6,1.833333333
236,o_360470116002,1847.938832,1661.335,0,28.95,28.13333333,1.883333333
237,o_360470116003,1707.180972,1420.093,0,25.23333333,24.15,2.383333333
238,o_360470117001,1644.259977,722.158,0,14.3,12.3,2.966666667
239,o_360470117002,1804.093977,881.992,0,17,15,2.266666667
240,o_360470117003,1876.46954,1075.383,0,20.38333333,18.13333333,5.65
241,o_360470118001,1869.060859,1709.081,0,29.78333333,29.03333333,6.466666667
242,o_360470118002,3273.037757,674.526,1,20.1,11.4,7.983333333
243,o_360470118003,1414.977704,1284.183,0,22.41666667,21.78333333,10.75
244,o_360470119011,1618.519352,1403.301,0,24.31666667,23.7,1.716666667
245,o_360470119012,2608.024652,843.814,1,18.38333333,14.38333333,6.383333333
246,o_360470119021,2061.731269,500.199,0,12.51666667,8.516666667,4.75
247,o_360470120001,1714.189859,1554.21,0,27.15,26.4,9.1
248,o_360470121001,1632.492977,710.391,0,14.05,12.05,3.216666667
249,o_360470121002,1486.036977,563.935,0,11.6,9.6,5.666666667
250,o_360470122001,1636.406575,1111.837,0,20.26666667,18.76666667,3.75
251,o_360470122002,1676.893794,1287.168,0,23.86666667,21.75,3.216666667
252,o_360470122003,1843.010378,1633.777,0,28.23333333,27.56666667,8.483333333
253,o_360470122004,1891.246794,1501.521,0,27.45,25.33333333,2.3
254,o_360470126001,2638.69537,1167.497,1,25.08333333,19.75,5.666666667
255,o_360470126002,1823.273378,1614.04,0,27.98333333,27.31666667,8.733333333
256,o_360470126003,2074.154378,1864.921,0,32.21666667,31.55,3.966666667
257,o_360470127001,1733.273096,807.825,0,16.7,13.7,3.666666667
258,o_360470127002,2446.088488,1480.503,0,28.33333333,25.33333333,1.8
259,o_360470127003,1428.706358,1222.221,0,22.3,20.86666667,2
260,o_360470128011,3374.876495,1542.331,0,30.55,26.05,7.966666667
261,o_360470129011,1731.985488,766.4,0,16.23333333,13.23333333,2.9
262,o_360470129012,1697.941096,772.493,0,16.15,13.15,4.216666667
263,o_360470129013,1857.475096,932.027,0,18.85,15.85,1.516666667
264,o_360470129014,1537.432096,611.984,0,13.41666667,10.41666667,6.95
265,o_360470129021,1408.319674,1210.401,0,21.61666667,20.68333333,3.816666667
266,o_360470129022,2169.524738,755.979,0,17.96666667,12.96666667,1.166666667
267,o_360470130001,2232.376576,1150.904,1,22.6,19.38333333,6.583333333
268,o_360470130002,2157.800378,1948.567,0,33.71666667,33.05,3
269,o_360470130003,2182.874378,1973.641,0,34.1,33.43333333,2.616666667
270,o_360470130004,2188.082576,1106.61,1,21.85,18.63333333,7.333333333
271,o_360470131001,1574.730967,935.627,0,19.06666667,15.83333333,1.25
272,o_360470131002,1463.79711,952.398,0,18.66666667,16.08333333,1.65
273,o_360470131003,1891.415689,1642.876,0,29.35,27.9,4.316666667
274,o_360470131004,1469.63011,958.231,0,18.76666667,16.18333333,1.55
275,o_360470132001,4280.915024,1193.039,1,32.28333333,20.2,4.9
276,o_360470132002,3993.086576,1202.225,1,31.01666667,20.31666667,6.166666667
277,o_360470133001,1181.199441,941.096,0,17.1,15.88333333,3.183333333
278,o_360470133002,1101.873441,861.77,0,15.75,14.53333333,4.533333333
279,o_360470133003,1026.640441,786.537,0,14.46666667,13.25,5.816666667
280,o_360470133004,1020.971441,780.868,0,14.41666667,13.2,5.866666667
281,o_360470134001,2796.281364,2097.78,0,37.6,35.4,1.916666667
282,o_360470134002,3176.88161,1098.242,1,25.38333333,18.55,5.333333333
283,o_360470134003,2797.481742,1889.747,0,34.8,31.93333333,1.883333333
284,o_360470135001,1403.189036,1164.232,0,21.03333333,19.63333333,1.483333333
285,o_360470135002,987.2948546,828.659,0,14.91666667,14,2.183333333
286,o_360470135003,1204.127441,964.024,0,17.48333333,16.26666667,2.8
287,o_360470136001,3114.166522,1818.212,0,35,30.66666667,1.683333333
288,o_360470136002,3136.548522,1840.594,0,35.46666667,31.13333333,1.216666667
289,o_360470136003,2836.375742,1928.641,0,35.61666667,32.75,1.066666667
290,o_360470136004,3052.95761,974.318,1,23.28333333,16.45,7.433333333
291,o_360470137001,1015.974855,857.339,0,15.41666667,14.5,1.683333333
292,o_360470137002,841.5264301,678.977,0,12.41666667,11.46666667,1.1
293,o_360470137003,797.8999447,578.813,0,11.15,9.816666667,3.633333333
294,o_360470138001,3185.390399,1614.957,0,32.81666667,27.31666667,3.866666667
295,o_360470138002,3224.786399,1654.353,0,33.51666667,28.01666667,3.166666667
296,o_360470138003,3395.555314,1571.886,0,33.1,26.55,3.583333333
297,o_360470139001,1822.038977,899.937,0,17.25,15.25,1.983333333
298,o_360470139002,1828.509977,906.408,0,17.36666667,15.36666667,1.866666667
299,o_360470139003,1584.030977,661.929,0,13.26666667,11.26666667,3.966666667
300,o_360470139004,861.7999447,642.713,0,12.2,10.86666667,2.583333333
301,o_360470140001,3925.366939,1705.179,1,38.61666667,28.76666667,9.35
302,o_360470140002,4323.330454,1307.221,1,33.68333333,22.06666667,4
303,o_360470141011,1211.389677,654.882,0,13.76666667,11.1,1.016666667
304,o_360470141021,1990.287977,1068.186,0,20.18333333,18.18333333,3.55
305,o_360470141022,1274.694551,558.87,0,12.78333333,9.5,2
306,o_360470142001,3609.819098,1825.674,0,37.36666667,30.76666667,2.15
307,o_360470142002,3633.703476,1640.325,0,34.91666667,27.65,1.766666667
308,o_360470142003,3490.617314,1666.948,0,34.66666667,28.11666667,2.016666667
309,o_360470143001,2378.236378,739.825,1,16.08333333,12.58333333,4.15
310,o_360470143002,1984.206401,1267.897,0,22.9,21.4,3.766666667
311,o_360470143003,2715.125378,1076.714,1,21.81666667,18.31666667,4.916666667
312,o_360470145001,2955.235043,1528.4,0,28.73333333,25.73333333,1.433333333
313,o_360470145002,3235.99902,887.062,1,20.13333333,15.13333333,6.6
314,o_360470145003,2602.679741,1217.149,0,24.35,20.48333333,1.65
315,o_360470145004,2669.986378,1031.575,1,21.08333333,17.58333333,5.65
316,o_360470147001,1417.413761,468.388,0,12.3,8.083333333,2.483333333
317,o_360470147002,1623.99742,437.4,0,12.56666667,7.433333333,2.216666667
318,o_360470148001,3638.254473,2131.662,0,43.56666667,36.28333333,2.583333333
319,o_360470148002,3870.203272,2127.225,0,44.78333333,36.3,1.366666667
320,o_360470149011,859.4619447,640.375,0,12.21666667,10.88333333,2.566666667
321,o_360470149012,840.3679447,621.281,0,11.98333333,10.65,2.8
322,o_360470149021,1109.579677,553.072,0,12.11666667,9.45,2.666666667
323,o_360470149022,1139.712677,583.205,0,12.7,10.03333333,2.083333333
324,o_360470149023,1051.018245,655.69,0,13.23333333,11.2,1.55
325,o_360470150001,3649.533473,2142.941,0,43.76666667,36.48333333,2.383333333
326,o_360470150002,5696.318933,945.714,1,30.91666667,16.13333333,5.183333333
327,o_360470151001,524.0159447,304.929,0,6.533333333,5.2,8.25
328,o_360470151002,682.1769447,463.09,0,9.283333333,7.95,5.5
329,o_360470151003,699.5839447,480.497,0,9.483333333,8.15,5.3
330,o_360470151004,543.5019447,324.415,0,6.85,5.516666667,7.933333333
331,o_360470152001,5754.264633,1258.243,1,38.8,21.33333333,9.166666667
332,o_360470152002,5418.995735,1216.873,1,37.1,20.58333333,10.86666667
333,o_360470152003,4326.768454,1310.659,1,33.76666667,22.15,3.916666667
334,o_360470153001,719.9784787,478.547,0,9.3,8.083333333,2.35
335,o_360470153002,2456.709105,1599.675,0,29.1,27.1,1.116666667
336,o_360470153003,1121.621829,884.606,0,15.76666667,14.88333333,1.066666667
337,o_360470153004,693.9954787,452.564,0,8.85,7.633333333,2.8
338,o_360470154001,5547.573456,2736.839,0,53.23333333,46.23333333,7.916666667
339,o_360470155001,592.9564407,352.853,0,7.233333333,6.016666667,1.05
340,o_360470155002,390.3943508,154.728,0,3.866666667,2.666666667,2.5
341,o_360470155003,376.6483508,140.982,0,3.616666667,2.416666667,2.75
342,o_360470155004,404.8023508,169.136,0,4.083333333,2.883333333,2.283333333
343,o_360470157001,1120.805974,1027.377,0,18.2,17.71666667,1.616666667
344,o_360470157002,690.1534407,450.05,0,8.933333333,7.716666667,2.683333333
345,o_360470157003,616.0454407,375.942,0,7.633333333,6.416666667,3.983333333
346,o_360470157004,564.2354407,324.132,0,6.75,5.533333333,1.533333333
347,o_360470159001,1155.900974,1062.472,0,18.76666667,18.28333333,1.05
348,o_360470159002,1013.956967,374.853,0,9.55,6.366666667,2.066666667
349,o_360470159003,1888.619954,1755.827,0,30.4,29.73333333,1.583333333
350,o_360470159004,1653.644913,1520.855,0,26.43333333,25.81666667,5.033333333
351,o_360470159005,1532.518967,893.415,0,18.51666667,15.28333333,1.766666667
352,o_360470159006,1273.508441,1033.405,0,18.8,17.58333333,1.483333333
353,o_360470160001,4085.857654,1631.088,0,36.86666667,27.51666667,2.65
354,o_360470160002,4092.301032,1428.298,0,34.16666667,24.15,2.516666667
355,o_360470160003,3882.109607,1387.826,0,32.9,23.51666667,3.783333333
356,o_360470160004,3718.614615,1513.79,0,33.68333333,25.51666667,3
357,o_360470161001,1417.732674,1219.814,0,21.66666667,20.73333333,3.733333333
358,o_360470161002,1301.978674,1104.06,0,19.68333333,18.75,5.716666667
359,o_360470161003,1295.374674,1097.456,0,19.56666667,18.63333333,5.833333333
360,o_360470161004,2024.501683,876.867,1,19.88333333,14.95,5.4
361,o_360470162001,4280.599099,1452.811,0,35.21666667,24.58333333,1.483333333
362,o_360470162002,4732.080151,1549.716,0,38.23333333,26.16666667,1.3
363,o_360470163001,1478.217627,1313.127,0,23.23333333,22.38333333,3.833333333
364,o_360470163002,1634.091735,1175.064,0,22.08333333,19.93333333,3.333333333
365,o_360470163003,1546.001967,906.898,0,18.63333333,15.4,1.666666667
366,o_360470163004,1483.24011,971.841,0,19.13333333,16.55,1.166666667
367,o_360470164001,5812.858715,1745.346,2,41.9,29.65,8.916666667
368,o_360470165001,1087.045441,846.942,0,15.58333333,14.36666667,4.716666667
369,o_360470165002,941.3084407,701.205,0,13.06666667,11.85,7.233333333
370,o_360470165003,756.0653508,520.399,0,10,8.8,1.133333333
371,o_360470165004,1435.516794,1190.266,0,21.15,20.25,1.183333333
372,o_360470166001,5996.757298,1827.779,1,45.28333333,31.05,8.883333333
373,o_360470166002,5301.119875,2205.931,0,45.26666667,37.26666667,1.85
374,o_360470167001,736.9849447,517.898,0,10.1,8.766666667,4.7
375,o_360470167002,683.0449447,463.958,0,9.183333333,7.85,5.616666667
376,o_360470167003,839.3229447,620.236,0,11.83333333,10.5,2.966666667
377,o_360470167004,1735.355105,878.321,0,16.5,15,1.25
378,o_360470168001,6508.793343,1044.316,1,43.93333333,17.76666667,6.783333333
379,o_360470169001,1446.097105,589.063,0,11.5,10,6.25
380,o_360470169002,1465.962105,608.928,0,11.85,10.35,5.9
381,o_360470169003,1483.009105,625.975,0,12.2,10.7,5.55
382,o_360470169004,1592.137105,735.103,0,14.01666667,12.51666667,3.733333333
383,o_360470169005,1670.584105,813.55,0,15.36666667,13.86666667,2.383333333
384,o_360470170001,5291.948339,1013.063,1,29.63333333,17.28333333,6.483333333
385,o_360470170002,4480.071101,1891.478,0,44.91666667,32.26666667,1.25
386,o_360470170003,5334.083875,2238.895,0,45.95,37.95,1.166666667
387,o_360470171001,1633.475105,776.441,0,14.66666667,13.16666667,3.083333333
388,o_360470171002,1805.401105,948.367,0,17.53333333,16.03333333,3.216666667
389,o_360470171003,1908.937105,1051.903,0,19.31666667,17.81666667,6.433333333
390,o_360470171004,1895.164105,1038.13,0,19.06666667,17.56666667,6.683333333
391,o_360470172001,5061.947821,1339.564,0,32.25,22.75,2.866666667
392,o_360470172002,5098.207875,2003.019,0,42.03333333,34.03333333,5.083333333
393,o_360470174001,4746.016869,1936.479,1,40.41666667,32.65,10.3
394,o_360470174002,5039.446875,1944.258,0,40.86666667,32.86666667,6.25
395,o_360470175001,4294.411755,1924.128,1,39.71666667,32.68333333,8.983333333
396,o_360470176001,5172.772821,1450.389,0,34.08333333,24.58333333,1.033333333
397,o_360470176002,5171.304821,1448.921,0,34.06666667,24.56666667,1.05
398,o_360470177001,2462.041105,1605.007,0,28.65,27.15,2.6
399,o_360470178001,3738.661405,1162.01,0,26.23333333,19.73333333,7.25
400,o_360470178002,4076.993405,1500.342,0,31.91666667,25.41666667,1.566666667
401,o_360470179001,1118.412667,893.555,0,16.35,15.28333333,1.05
402,o_360470179002,944.4185954,700.302,0,13.25,11.96666667,1.333333333
403,o_360470179003,1048.857667,824,0,15.13333333,14.06666667,2.266666667
404,o_360470180001,3903.231405,1326.58,0,29.03333333,22.53333333,4.45
405,o_360470180002,5010.267821,1287.884,0,31.31666667,21.81666667,3.8
406,o_360470181001,805.984659,385.659,0,8.733333333,6.55,2.05
407,o_360470181002,622.6469269,451.64,0,8.5,7.616666667,2.283333333
408,o_360470181003,598.7229269,427.716,0,8.116666667,7.233333333,2.666666667
409,o_360470181004,758.127659,337.802,0,7.916666667,5.733333333,2.866666667
410,o_360470182001,3751.254875,656.066,0,19.16666667,11.16666667,3.45
411,o_360470182002,3517.457405,940.806,0,22.46666667,15.96666667,11.01666667
412,o_360470183001,947.8238054,737.935,0,13.6,12.51666667,2.166666667
413,o_360470183002,583.3029269,412.296,0,7.9,7.016666667,2.883333333
414,o_360470183003,816.260659,395.935,0,8.883333333,6.7,1.9
415,o_360470184001,4006.61004,1603.213,0,33.75,27.25,1.366666667
416,o_360470184002,4503.014875,1407.826,0,31.86666667,23.86666667,3.25
417,o_360470185011,1303.260629,1133.791,0,20.03333333,19.21666667,3.45
418,o_360470185012,1310.427151,1009.119,0,18.58333333,17.13333333,2.483333333
419,o_360470185013,1180.637151,879.329,0,16.41666667,14.96666667,4.65
420,o_360470185014,1440.844098,1103.368,0,20.66666667,18.68333333,2.5
421,o_360470186001,3255.78657,1370.927,0,28.25,23.25,5.233333333
422,o_360470186002,3916.08004,1512.683,0,32.23333333,25.73333333,2.883333333
423,o_360470187001,1234.065629,1064.596,0,18.78333333,17.96666667,4.7
424,o_360470188001,4307.313132,840.871,1,30.16666667,14.16666667,5.1
425,o_360470188002,4309.826132,843.384,1,30.21666667,14.21666667,5.05
426,o_360470190001,2188.749848,1649.801,0,29.51666667,28.01666667,3.966666667
427,o_360470190002,3204.88304,801.486,0,20.16666667,13.66666667,2.45
428,o_360470190003,3253.70904,850.312,0,21.01666667,14.51666667,1.6
429,o_360470191001,2179.359056,797.169,0,20.28333333,13.41666667,2.033333333
430,o_360470191002,1630.217479,1000.003,0,19.7,16.9,2.616666667
431,o_360470191003,1383.655927,1212.649,0,21.3,20.55,1.016666667
432,o_360470192001,1963.425318,905.939,0,18.4,15.4,4.216666667
433,o_360470192002,2025.693318,968.207,0,19.48333333,16.48333333,3.133333333
434,o_360470192003,2489.206299,867.846,0,19.28333333,14.78333333,3.333333333
435,o_360470192004,2241.520299,620.16,0,15.1,10.6,7.516666667
436,o_360470193001,1581.112479,950.898,0,19.23333333,16.43333333,3.083333333
437,o_360470193002,2217.165702,909.243,0,18.38333333,15.38333333,3.15
438,o_360470193003,1798.594962,1069.265,0,19.85,18.35,1.766666667
439,o_360470193004,2051.709702,743.787,0,15.61666667,12.61666667,2.7
440,o_360470194001,2447.837299,826.477,0,18.61666667,14.11666667,4.083333333
441,o_360470194002,2064.822848,1525.874,0,27.6,26.1,2.666666667
442,o_360470194003,1986.677848,1447.729,0,26.13333333,24.63333333,4.133333333
443,o_360470195001,1719.459962,990.13,0,18.21666667,16.71666667,3.4
444,o_360470195002,1637.889962,908.56,0,16.85,15.35,1.466666667
445,o_360470195003,1631.514962,902.185,0,16.75,15.25,1.566666667
446,o_360470195004,1451.963096,1387.404,0,23.93333333,23.48333333,2
447,o_360470196001,2358.478829,1255.656,0,24.35,21.35,5.916666667
448,o_360470196002,3611.31104,1207.914,0,26.98333333,20.48333333,4.916666667
449,o_360470196003,3114.082299,1492.722,0,29.86666667,25.36666667,2.033333333
450,o_360470197001,1348.465962,619.136,0,12.01666667,10.51666667,6.3
451,o_360470197002,1469.559962,740.23,0,14.08333333,12.58333333,4.233333333
452,o_360470197003,1340.430962,611.101,0,11.91666667,10.41666667,6.4
453,o_360470197004,1448.794962,719.465,0,13.7,12.2,4.616666667
454,o_360470198001,3740.75704,1337.36,0,29.18333333,22.68333333,2.716666667
455,o_360470198002,3295.870872,2118.212,0,41.75,36.13333333,1.2
456,o_360470199001,3322.727879,707.213,1,16.98333333,11.98333333,2.833333333
457,o_360470199002,3174.269879,558.755,1,14.48333333,9.483333333,5.333333333
458,o_360470199003,3264.269879,648.755,1,15.98333333,10.98333333,3.833333333
459,o_360470199004,1629.122962,899.793,0,16.8,15.3,1.516666667
460,o_360470200001,4041.365639,663.047,2,28.41666667,11.23333333,6.833333333
461,o_360470200002,3310.378944,1959.908,0,39.9,33.4,3.05
462,o_360470201001,1866.676548,1023.766,0,21.83333333,17.45,2.016666667
463,o_360470201002,2019.826784,1702.295,0,30.81666667,29.15,1.266666667
464,o_360470201003,1777.044163,1533.3,0,26.95,26.03333333,4.65
465,o_360470201004,1641.953962,912.624,0,16.96666667,15.46666667,1.35
466,o_360470202001,3795.590128,700.026,2,28.01666667,11.85,7.233333333
467,o_360470202002,3827.652128,732.088,2,28.58333333,12.41666667,6.666666667
468,o_360470203001,2521.637856,1064.554,1,22.71666667,18,5.6
469,o_360470203002,2279.269072,1139.717,1,22.36666667,19.31666667,5.95
470,o_360470204001,2550.987545,1575.197,0,31.28333333,26.7,1.733333333
471,o_360470204002,3602.982464,849.523,1,29.23333333,14.35,6.016666667
472,o_360470205001,2589.842856,1132.759,1,23.88333333,19.16666667,4.433333333
473,o_360470205002,2134.912271,2002.122,0,34.56666667,33.95,5.7
474,o_360470205003,2033.724271,1900.934,0,32.85,32.23333333,7.416666667
475,o_360470206001,2186.408336,1691.217,0,31.16666667,28.83333333,1.85
476,o_360470206002,4168.456646,1289.814,1,33.16666667,21.75,4.15
477,o_360470207001,2022.236271,1889.446,0,32.63333333,32.01666667,7.633333333
478,o_360470207002,1935.403203,1687.993,0,29.93333333,28.7,1.216666667
479,o_360470207003,1977.089015,495.971,0,15.93333333,8.466666667,1.15
480,o_360470208001,2566.235617,2329.247,0,40.81666667,39.76666667,3.366666667
481,o_360470208002,2296.974087,1674.068,0,31.33333333,28.4,1.683333333
482,o_360470208003,1894.689859,1734.71,0,30.33333333,29.58333333,2.683333333
483,o_360470210001,2091.143997,1757.927,0,31.36666667,29.8,1.65
484,o_360470210002,1821.356859,1661.377,0,28.95,28.2,4.066666667
485,o_360470210003,1772.672859,1612.693,0,28.21666667,27.46666667,4.8
486,o_360470211001,1656.837846,1331.263,0,24.2,22.55,1.6
487,o_360470211002,1573.720881,1318.291,0,23.58333333,22.4,5.15
488,o_360470211003,1784.217881,1528.788,0,27.23333333,26.05,1.5
489,o_360470212001,1588.660859,1428.681,0,25.03333333,24.28333333,7.983333333
490,o_360470212002,1895.152859,1735.173,0,30.16666667,29.41666667,2.85
491,o_360470212003,1570.478859,1410.499,0,24.73333333,23.98333333,8.283333333
492,o_360470213001,2724.270897,1050.526,1,24.05,17.83333333,8.033333333
493,o_360470213002,2887.091897,1213.347,1,26.73333333,20.51666667,5.35
494,o_360470213003,4044.158613,1152.93,1,26.83333333,19.61666667,5.25
495,o_360470214001,1527.804972,1240.717,0,22.28333333,21.2,2.1
496,o_360470214002,1466.828972,1179.741,0,21.2,20.11666667,3.183333333
497,o_360470214003,1408.918972,1121.831,0,20.2,19.11666667,4.183333333
498,o_360470215001,2209.667967,1570.564,0,29.63333333,26.45,1.45
499,o_360470215002,2095.33911,1583.94,0,29.41666667,26.83333333,1.666666667
500,o_360470215003,2128.974271,1996.184,0,34.4,33.78333333,5.866666667
501,o_360470215004,2128.314789,1420.408,0,25.58333333,24.08333333,4.866666667
502,o_360470216001,1882.275318,824.789,0,17,14,2.4
503,o_360470216002,1252.754464,1019.868,0,18.6,17.33333333,7.9
504,o_360470216003,1439.650464,1206.764,0,21.68333333,20.41666667,4.816666667
505,o_360470217001,2996.463897,1322.719,1,28.6,22.38333333,3.483333333
506,o_360470217002,5371.061911,1323.509,1,31.38333333,22.38333333,5.766666667
507,o_360470218001,1547.73347,1029.196,0,19.03333333,17.53333333,3.55
508,o_360470218002,1533.54247,1015.005,0,18.73333333,17.23333333,3.85
509,o_360470218003,1315.028528,1131.049,0,20.25,19.2,6.3
510,o_360470219001,2035.414094,1836.798,0,32.15,31.06666667,1.65
511,o_360470219002,2213.291262,1717.67,0,31.8,29.1,2
512,o_360470219003,3013.084276,921.799,0,21.6,15.6,5.25
513,o_360470220001,859.5502436,628.154,0,11.93333333,10.65,2.533333333
514,o_360470220002,687.6624636,454.776,0,9.066666667,7.8,2.616666667
515,o_360470220003,705.1098802,568.096,0,10.46666667,9.616666667,1.1
516,o_360470220004,622.0794636,389.193,0,7.85,6.583333333,3.833333333
517,o_360470221001,2141.175141,1987.724,0,34.4,33.51666667,3.9
518,o_360470221002,1946.731141,1793.28,0,31.15,30.26666667,7.15
519,o_360470221003,1962.960094,1764.344,0,30.9,29.81666667,2.9
520,o_360470222001,1524.28447,1005.747,0,18.6,17.1,3.983333333
521,o_360470222002,645.8244636,412.938,0,8.283333333,7.016666667,3.4
522,o_360470222003,1941.19895,1249.742,0,23.35,21.35,1.583333333
523,o_360470224001,2273.163197,1135.334,1,23.53333333,19.3,5.05
524,o_360470224002,1521.06847,1002.531,0,17.98333333,16.98333333,1.966666667
525,o_360470224003,1900.97695,1209.52,0,22.68333333,20.68333333,2.25
526,o_360470224004,1464.82047,946.283,0,17.1,16.1,2.85
527,o_360470226001,2327.972211,972.532,1,21.85,16.51666667,6.733333333
528,o_360470226002,1973.87295,1282.416,0,23.68333333,21.68333333,3.9
529,o_360470227001,1976.135272,685.361,0,19.5,11.58333333,2.716666667
530,o_360470227002,2012.902272,722.128,0,20.13333333,12.21666667,2.083333333
531,o_360470227003,2181.538343,674.058,0,20.78333333,11.38333333,1.433333333
532,o_360470227004,2353.028962,1623.699,0,28.93333333,27.43333333,1.566666667
533,o_360470228001,2159.405856,1450.427,0,28.53333333,24.63333333,1.15
534,o_360470228002,2210.58987,1495.739,0,29.36666667,25.38333333,3.1
535,o_360470228003,1973.691244,1742.295,0,30.78333333,29.5,1.683333333
536,o_360470229001,3506.249132,657.503,1,25.88333333,11.1,4.15
537,o_360470229002,2461.433691,1697.145,0,32.65,28.85,1.95
538,o_360470229003,2104.316056,722.126,0,19.08333333,12.21666667,3.2
539,o_360470229004,2385.653809,1009.305,0,24.33333333,17.18333333,2.7
540,o_360470230001,1947.592244,1716.196,0,30.3,29.01666667,2.166666667
541,o_360470230002,1734.612244,1503.216,0,26.76666667,25.48333333,5.7
542,o_360470230003,2351.370211,995.93,1,22.21666667,16.88333333,6.366666667
543,o_360470231001,1717.426962,988.097,0,18.25,16.75,3.25
544,o_360470231002,2092.138056,709.948,0,19,12.13333333,3.283333333
545,o_360470231003,2038.171548,1195.261,0,24.7,20.31666667,2.333333333
546,o_360470232001,1711.098244,1479.702,0,26.26666667,24.98333333,6.2
547,o_360470232002,1914.937498,1678.276,0,29.65,28.41666667,1.2
548,o_360470232003,1921.482498,1684.821,0,29.73333333,28.5,1.116666667
549,o_360470232004,2591.810458,1006.723,1,23.6,17.11666667,4.983333333
550,o_360470232005,1917.938498,1681.277,0,29.68333333,28.45,1.166666667
551,o_360470233001,2070.699702,762.777,0,15.93333333,12.93333333,5.566666667
552,o_360470233002,1963.657702,655.735,0,14.15,11.15,7.35
553,o_360470233003,2632.602592,1315.144,0,29.35,22.31666667,1.733333333
554,o_360470234001,1991.25651,1746.598,0,31.13333333,29.58333333,1.783333333
555,o_360470234002,1912.43151,1667.773,0,29.78333333,28.23333333,3.133333333
556,o_360470234003,1833.42651,1588.768,0,28.41666667,26.86666667,4.5
557,o_360470235001,2938.538035,1404.382,0,26.65,23.65,1.95
558,o_360470235002,2384.992992,1732.345,0,30.86666667,29.36666667,5.233333333
559,o_360470236001,1552.127244,1320.731,0,23.56666667,22.28333333,8.9
560,o_360470236002,1634.47647,1115.939,0,20.45,18.95,2.133333333
561,o_360470236003,1514.140644,1291.359,0,23.26666667,21.86666667,4.05
562,o_360470236004,1037.748393,561.656,0,12.2,9.566666667,2.266666667
563,o_360470238001,1759.753244,1528.357,0,27.11666667,25.83333333,5.35
564,o_360470238002,2056.497318,999.011,0,19.93333333,16.93333333,2.65
565,o_360470238003,1656.24047,1137.703,0,20.86666667,19.36666667,1.716666667
566,o_360470240001,1862.822244,1631.426,0,28.93333333,27.65,3.533333333
567,o_360470240002,1935.502318,878.016,0,17.93333333,14.93333333,4.65
568,o_360470240003,1882.101318,824.615,0,17.01666667,14.01666667,5.566666667
569,o_360470241001,1925.286259,1669.134,0,29.5,28.18333333,4.1
570,o_360470241002,2383.440778,1383.613,0,28.61666667,23.5,2.466666667
571,o_360470242001,2396.70797,1406.417,0,27.55,23.81666667,3.716666667
572,o_360470242002,2137.204318,1079.718,0,21.33333333,18.33333333,1.25
573,o_360470243001,2365.493778,1365.666,0,28.31666667,23.2,2.766666667
574,o_360470243002,3333.723795,811.651,1,26.75,13.68333333,3.283333333
575,o_360470243003,2161.743905,1664.375,0,30.73333333,28.11666667,3.75
576,o_360470244001,3204.454744,2498.266,0,44.83333333,42.18333333,1.433333333
577,o_360470244002,3033.035491,752.295,1,25.08333333,12.78333333,8.383333333
578,o_360470244003,2905.378376,1456.803,0,30.08333333,24.63333333,1.183333333
579,o_360470245001,1997.174821,1754.211,0,30.86666667,29.6,3.616666667
580,o_360470245002,1859.502892,877.479,0,20.68333333,14.86666667,1.533333333
581,o_360470245003,1735.584892,753.561,0,18.6,12.78333333,3.616666667
582,o_360470245004,1595.898598,1037.05,0,20.86666667,17.55,1.35
583,o_360470246001,3714.016376,2265.441,0,43.76666667,38.31666667,2.5
584,o_360470246002,3646.744698,2389.479,0,45.08333333,40.35,1.183333333
585,o_360470246003,3481.279698,2224.014,0,42.3,37.56666667,3.966666667
586,o_360470247001,1260.550771,1098.11,0,19.56666667,18.6,1.666666667
587,o_360470247002,1677.651293,991.71,0,20.78333333,16.71666667,1.433333333
588,o_360470248001,3248.165299,1626.805,0,31.91666667,27.41666667,3.166666667
589,o_360470248002,2847.430318,1789.944,0,33.28333333,30.28333333,1.8
590,o_360470249001,1702.579821,1459.616,0,25.91666667,24.65,8.583333333
591,o_360470249002,1631.985293,946.044,0,20.13333333,16.06666667,2.1
592,o_360470249003,1467.812598,908.964,0,18.73333333,15.41666667,3.5
593,o_360470249004,1252.521134,1129.597,0,19.8,19.15,1.6
594,o_360470250001,2491.994299,870.634,0,19.3,14.8,3.3
595,o_360470250002,2131.675848,1592.727,0,28.56666667,27.06666667,4.9
596,o_360470251001,2463.544285,838.454,1,22.51666667,14.16666667,7.533333333
597,o_360470251002,2642.207445,775.427,1,22.63333333,13.05,7.416666667
598,o_360470251003,2850.687192,580.511,1,22.55,9.9,3.366666667
599,o_360470252001,3364.83097,2374.54,0,43.88333333,40.15,2.4
600,o_360470252002,3200.884299,1579.524,0,31.26666667,26.76666667,3.833333333
601,o_360470252003,2952.368299,1331.008,0,27.06666667,22.56666667,8.033333333
602,o_360470252004,2995.352299,1373.992,0,27.73333333,23.23333333,7.366666667
603,o_360470253001,1963.333605,387.495,1,15.56666667,6.533333333,5.483333333
604,o_360470253002,1589.467259,1333.315,0,23.71666667,22.4,9.9
605,o_360470253003,2328.716145,1366.522,0,28.01666667,23.06666667,1.033333333
606,o_360470254001,4034.163427,2119.031,0,43.03333333,35.83333333,3.25
607,o_360470254002,3713.327376,2264.752,0,43.75,38.3,2.533333333
608,o_360470254003,3558.552698,2301.287,0,43.66666667,38.93333333,2.616666667
609,o_360470255001,1587.875627,1287.755,0,23.48333333,21.8,5.35
610,o_360470255002,2221.452325,1586.235,0,27.88333333,26.88333333,5.2
611,o_360470256001,4175.576485,2014.978,0,42.28333333,34.16666667,4
612,o_360470256002,3759.924376,2311.349,0,44.63333333,39.18333333,1.65
613,o_360470257001,1230.839121,986.259,0,18.23333333,16.73333333,1.216666667
614,o_360470257002,1005.895898,741.118,0,13.85,12.56666667,2.2
615,o_360470257003,828.1882897,712.631,0,12.68333333,12.03333333,6.683333333
616,o_360470258001,4769.92721,1637.665,1,40.4,27.75,6.883333333
617,o_360470258002,4181.73704,1778.34,0,36.51666667,30.01666667,10.58333333
618,o_360470258003,3944.94304,1541.546,0,32.53333333,26.03333333,2.566666667
619,o_360470259011,1506.437285,952.569,0,18.98333333,16.13333333,1.066666667
620,o_360470259021,1107.846012,843.07,0,15.61666667,14.25,4.433333333
621,o_360470260001,3871.11504,1467.718,0,31.35,24.85,3.75
622,o_360470260002,3658.74904,1255.352,0,27.73333333,21.23333333,7.366666667
623,o_360470260003,3350.715299,1729.355,0,33.86666667,29.36666667,1.233333333
624,o_360470261001,1558.728924,831.846,0,17.73333333,13.98333333,2.316666667
625,o_360470261002,1712.365696,822.696,0,18.43333333,13.85,1.616666667
626,o_360470261003,1515.920613,852.835,0,18.3,14.43333333,1.15
627,o_360470261004,1514.640613,851.555,0,18.25,14.38333333,1.2
628,o_360470261005,1351.432379,850.7,0,17.31666667,14.36666667,2.133333333
629,o_360470262001,3230.69304,827.296,0,20.63333333,14.13333333,1.966666667
630,o_360470262002,3149.69604,746.299,0,19.2,12.7,3.4
631,o_360470263001,1730.204359,1488.299,0,26.48333333,25.25,4.616666667
632,o_360470264001,3492.93304,1089.536,0,24.98333333,18.48333333,10.11666667
633,o_360470264002,3602.67804,1199.281,0,26.88333333,20.38333333,8.216666667
634,o_360470264003,3143.45757,1258.598,0,26.4,21.4,7.066666667
635,o_360470264004,2863.23457,978.375,0,21.65,16.65,11.81666667
636,o_360470265001,2594.069759,573.825,1,21.15,9.816666667,4.766666667
637,o_360470265002,1669.414642,787.407,1,17.83333333,13.35,4.566666667
638,o_360470265003,1654.485642,772.478,1,17.56666667,13.08333333,4.833333333
639,o_360470265004,1504.682557,877.08,1,18.01666667,14.88333333,4.383333333
640,o_360470266001,4367.26304,1963.866,0,39.66666667,33.16666667,7.433333333
641,o_360470266002,4040.254299,2418.894,0,45.53333333,41.03333333,1.566666667
642,o_360470266003,3837.31804,1433.921,0,30.8,24.3,4.3
643,o_360470267001,1422.470557,794.868,1,16.61666667,13.48333333,5.783333333
644,o_360470267002,1340.937737,956.299,1,18.11666667,16.25,4.283333333
645,o_360470267003,1210.747134,1087.823,0,19.13333333,18.48333333,2.266666667
646,o_360470267004,1128.384134,1005.46,0,17.73333333,17.08333333,3.666666667
647,o_360470268001,6333.588583,742.538,1,29.25,12.61666667,6.85
648,o_360470268002,4506.84104,2103.444,0,42.13333333,35.63333333,4.966666667
649,o_360470268003,4557.711875,1462.523,0,32.78333333,24.78333333,2.316666667
650,o_360470268004,4298.13404,1894.737,0,38.55,32.05,8.55
651,o_360470269001,1279.143771,1116.703,0,19.91666667,18.95,1.333333333
652,o_360470269002,984.6611909,888.31,0,15.75,15.16666667,1.816666667
653,o_360470269003,1078.905134,955.981,0,16.86666667,16.21666667,4.533333333
654,o_360470270001,3623.319592,1444.159,0,34.46666667,24.6,2.333333333
655,o_360470270002,3819.586347,1429.638,0,35.1,24.25,1.683333333
656,o_360470271001,1015.391111,658.836,0,13.3,11.26666667,1.6
657,o_360470271002,820.4620442,618.496,0,11.45,10.43333333,8.733333333
658,o_360470272001,6245.780501,869.695,1,30.26666667,14.76666667,5.816666667
659,o_360470272002,4500.524875,1405.336,0,31.75,23.75,3.333333333
660,o_360470272003,4531.258875,1436.07,0,32.28333333,24.28333333,2.8
661,o_360470273001,1299.286437,369.153,0,11.61666667,6.316666667,3.283333333
662,o_360470273002,1179.016348,614.293,0,13.66666667,10.46666667,1.233333333
663,o_360470273003,1120.688348,555.965,0,12.68333333,9.483333333,2.216666667
664,o_360470274001,4263.418875,1168.23,0,27.76666667,19.76666667,7.316666667
665,o_360470274002,3960.80004,1557.403,0,32.95,26.45,2.133333333
666,o_360470275001,1123.064699,959.099,0,17.31666667,16.36666667,9.716666667
667,o_360470275002,1620.037455,404.552,0,13.88333333,6.95,1.016666667
668,o_360470275003,1472.082258,372.62,0,12.65,6.383333333,2.25
669,o_360470275004,1381.689437,451.556,0,13.01666667,7.716666667,1.883333333
670,o_360470276001,3801.058875,705.87,0,20,12,2.583333333
671,o_360470276002,4027.86704,1624.47,0,34.06666667,27.56666667,1.016666667
672,o_360470276003,4051.982875,956.794,0,24.25,16.25,10.83333333
673,o_360470277001,2046.856258,947.394,0,22.38333333,16.11666667,2.516666667
674,o_360470277002,1862.051742,1167.317,0,23.8,19.81666667,1.1
675,o_360470277003,1858.705742,1163.971,0,23.75,19.76666667,1.15
676,o_360470277004,2024.807258,925.345,0,22.16666667,15.9,2.733333333
677,o_360470278001,3794.952405,1218.301,0,27.15,20.65,6.3
678,o_360470278002,4595.530875,1500.342,0,33.51666667,25.51666667,1.566666667
679,o_360470279001,1559.013924,832.131,0,17.83333333,14.08333333,2.2
680,o_360470279002,1643.384696,753.715,0,17.35,12.76666667,2.683333333
681,o_360470279003,1715.781696,826.112,0,18.65,14.06666667,1.383333333
682,o_360470279004,2048.273258,948.811,0,22.41666667,16.15,2.483333333
683,o_360470280001,5247.326875,2152.138,0,44.46666667,36.46666667,2.616666667
684,o_360470280002,4926.975821,1204.592,0,29.95,20.45,5.133333333
685,o_360470281001,1156.998833,267.329,0,9.083333333,4.5,1.95
686,o_360470281002,1446.436549,1281.509,0,22.7,21.75,4.083333333
687,o_360470281003,1473.892285,920.024,0,18.38333333,15.53333333,1.65
688,o_360470282001,4988.127815,1551.395,1,35.41666667,26.15,15.26666667
689,o_360470282002,5049.885821,1327.502,0,31.98333333,22.48333333,3.1
690,o_360470282003,5171.932821,1449.549,0,34.06666667,24.56666667,1.016666667
691,o_360470283001,923.2868977,658.509,0,12.48333333,11.2,3.55
692,o_360470283002,1010.592898,745.815,0,13.9,12.61666667,2.133333333
693,o_360470283003,1189.661121,945.081,0,17.46666667,15.96666667,1.966666667
694,o_360470284001,4488.147875,1392.959,0,31.6,23.6,3.483333333
695,o_360470284002,4628.340875,1533.152,0,34.03333333,26.03333333,1.05
696,o_360470284003,4755.288821,1032.905,0,27.05,17.55,8.033333333
697,o_360470285011,678.6222616,413.846,0,8.35,6.983333333,2.683333333
698,o_360470285021,762.4248977,497.647,0,9.666666667,8.383333333,6.366666667
699,o_360470286001,5553.096674,1913.319,1,46.08333333,32.26666667,7.366666667
700,o_360470286002,5907.030736,832.785,1,28.65,14.08333333,14.28333333
701,o_360470286003,5876.071736,801.826,1,28.08333333,13.51666667,14.85
702,o_360470286004,5948.065736,873.82,1,29.33333333,14.76666667,13.6
703,o_360470286005,6141.186736,1066.941,1,32.58333333,18.01666667,10.35
704,o_360470287001,856.2410213,302.373,0,7.95,5.1,3.083333333
705,o_360470287002,1041.897898,777.12,0,14.51666667,13.23333333,1.516666667
706,o_360470287003,1095.066704,605.404,0,12.65,10.28333333,3.383333333
707,o_360470288001,5000.025821,1277.642,0,31.13333333,21.63333333,3.95
708,o_360470288002,4302.507351,1098.661,0,26.55,18.55,6.9
709,o_360470288003,4076.250222,524.927,1,28.05,8.95,6.583333333
710,o_360470289001,1503.423494,422.033,0,12.81666667,7.166666667,3.216666667
711,o_360470289002,1238.675231,883.26,0,17.01666667,15,1.116666667
712,o_360470289003,1270.089128,649.896,0,14.01666667,11.01666667,2.016666667
713,o_360470289004,1174.638704,684.976,0,13.98333333,11.61666667,2.05
714,o_360470290001,3715.598347,1325.65,0,33.35,22.5,3.433333333
715,o_360470290002,3649.110633,1218.122,0,31.6,20.6,2.033333333
716,o_360470290003,3800.977073,492.647,1,26.05,8.4,8.583333333
717,o_360470291001,1595.140924,868.258,0,18.36666667,14.61666667,1.666666667
718,o_360470291002,1996.490938,1699.88,0,30.46666667,29,5.35
719,o_360470291003,2842.299647,682.666,1,23.41666667,11.58333333,4.116666667
720,o_360470292001,4236.272102,1353.674,0,37.93333333,22.9,1.016666667
721,o_360470292002,5657.6587,990.613,1,30.55,16.75,12.38333333
722,o_360470292003,5672.9217,1005.876,1,30.81666667,17.01666667,12.11666667
723,o_360470293001,2827.763647,668.13,1,23.11666667,11.28333333,4.416666667
724,o_360470293002,2678.322556,761.644,1,23.46666667,12.88333333,4.066666667
725,o_360470293003,2293.336154,913.885,0,23.36666667,15.48333333,1.533333333
726,o_360470293004,2210.708455,995.223,0,23.8,16.86666667,1.1
727,o_360470294001,5756.8657,1089.82,1,32.21666667,18.41666667,10.71666667
728,o_360470295001,1653.961495,1492.213,0,26.1,25.26666667,3.683333333
729,o_360470295002,1414.872288,1294.702,0,22.53333333,21.91666667,1.016666667
730,o_360470295003,1165.947288,1045.777,0,18.36666667,17.75,5.183333333
731,o_360470295004,1329.030288,1208.86,0,21.2,20.58333333,2.35
732,o_360470296001,3553.732274,1009.693,0,28.73333333,17.16666667,1.483333333
733,o_360470296002,3614.448895,690.186,1,23.15,11.78333333,8.066666667
734,o_360470296003,3583.397711,1426.255,0,35.75,24.2,1.883333333
735,o_360470296004,4028.070214,668.637,0,29.2,11.3,3.183333333
736,o_360470297001,1767.311842,1440.112,0,26.21666667,24.26666667,2.2
737,o_360470297002,1003.518222,849.604,0,15.28333333,14.46666667,1.9
738,o_360470297003,1030.99851,869.25,0,15.6,14.76666667,5.183333333
739,o_360470298001,3266.219592,1087.059,0,28.5,18.63333333,1.716666667
740,o_360470298002,2879.328561,726.461,0,22.18333333,12.45,4.883333333
741,o_360470298003,3159.743592,980.583,0,26.56666667,16.7,3.65
742,o_360470299001,2080.934184,1222.643,0,22.71666667,20.71666667,2.183333333
743,o_360470299002,1822.542415,841.164,0,18.8,14.3,2.466666667
744,o_360470300001,3346.21044,1607.22,0,36.5,27.38333333,1.133333333
745,o_360470300002,3102.83352,1201.794,0,29.2,20.6,1.016666667
746,o_360470300003,2947.015561,794.148,0,23.36666667,13.63333333,3.7
747,o_360470300004,2785.443323,963.091,0,24.75,16.51666667,2.316666667
748,o_360470300005,2675.620826,1020.286,0,24.91666667,17.43333333,2.15
749,o_360470300006,2524.437833,1069.389,0,24.86666667,18.28333333,2.2
750,o_360470301001,3016.638223,1613.762,0,32.85,27.36666667,5.083333333
751,o_360470301002,2807.265943,1106.474,0,22.71666667,18.71666667,2.183333333
752,o_360470301003,2462.684943,761.893,0,16.93333333,12.93333333,7.966666667
753,o_360470302001,3514.320711,1357.178,0,34.43333333,22.88333333,3.2
754,o_360470302002,3246.554592,1067.394,0,28.01666667,18.15,2.2
755,o_360470302003,2787.917282,1217.393,0,27.8,20.7,2.416666667
756,o_360470303001,2516.886801,1906.996,0,34.71666667,32.33333333,3.216666667
757,o_360470303002,2217.724804,820.236,0,20.86666667,13.86666667,1.75
758,o_360470303003,2013.947466,1543.571,0,28.48333333,26.11666667,1.816666667
759,o_360470304001,4074.54383,1610.098,0,40,27.4,2.383333333
760,o_360470304002,3980.709194,854.984,0,30.91666667,14.41666667,1.466666667
761,o_360470304003,4094.07599,743.483,1,26.53333333,12.73333333,4.683333333
762,o_360470305001,2315.801184,893.3,0,22.16666667,15.1,2.183333333
763,o_360470305002,2393.939008,785.16,0,21.28333333,13.28333333,3.066666667
764,o_360470305003,3200.378126,808.371,1,24.76666667,13.73333333,3.933333333
765,o_360470305004,7953.298395,599.183,1,29.68333333,10.21666667,4.966666667
766,o_360470306001,2710.098785,1306.592,0,28.6,22.25,1.616666667
767,o_360470307001,1584.968007,836.982,0,17.61666667,14.16666667,3.65
768,o_360470307002,1824.025415,842.647,0,18.76666667,14.26666667,2.5
769,o_360470307003,1565.482798,1046.482,0,20.13333333,17.71666667,1.133333333
770,o_360470308001,3148.623124,2465.214,0,44.28333333,41.45,1.6
771,o_360470309001,886.6370442,684.671,0,12.56666667,11.55,1.05
772,o_360470309002,684.4602579,443.069,0,8.733333333,7.516666667,3.566666667
773,o_360470311001,830.2360442,628.27,0,11.65,10.63333333,1.966666667
774,o_360470311002,843.8594585,672.392,0,12.55,11.56666667,4.883333333
775,o_360470311003,593.9871909,497.636,0,9.033333333,8.45,1.95
776,o_360470313001,609.4671909,513.116,0,9.3,8.716666667,1.683333333
777,o_360470313002,985.4576525,800.37,0,14.63333333,13.58333333,3.7
778,o_360470313003,1498.452624,1410.461,0,24.51666667,23.91666667,1.483333333
779,o_360470313004,1429.799972,1144.386,0,21.38333333,19.33333333,1.566666667
780,o_360470314011,4370.441749,853.733,1,26.03333333,14.4,10.33333333
781,o_360470314012,4272.751749,756.043,1,24.38333333,12.75,11.98333333
782,o_360470314013,3378.495368,2423.482,0,46.08333333,41.1,2.016666667
783,o_360470314014,4267.862105,1600.511,0,40.85,27.1,1.533333333
784,o_360470314015,3298.60585,2436.096,0,44.66666667,41.1,1.216666667
785,o_360470314016,4159.100699,1104.968,1,29.98333333,18.63333333,6.383333333
786,o_360470314021,5263.331008,1145.866,2,37.53333333,19.35,6.85
787,o_360470315001,1444.760972,1159.347,0,21.66666667,19.61666667,1.283333333
788,o_360470315002,1960.145069,1710.224,0,30.08333333,28.85,3.883333333
789,o_360470315003,1723.781069,1473.86,0,26.13333333,24.9,7.833333333
790,o_360470315004,1744.903069,1494.982,0,26.5,25.26666667,7.466666667
791,o_360470317011,1983.397069,1733.476,0,30.48333333,29.25,3.483333333
792,o_360470317012,1612.968094,1414.352,0,25.01666667,23.93333333,2.333333333
793,o_360470317013,1641.799094,1443.183,0,25.46666667,24.38333333,1.883333333
794,o_360470317021,1665.291094,1466.675,0,25.95,24.86666667,1.4
795,o_360470317022,2027.930582,1056.998,1,23.11666667,17.88333333,5.233333333
796,o_360470317023,2013.077582,1042.145,1,22.86666667,17.63333333,5.483333333
797,o_360470319001,2137.028839,886.654,0,18.01666667,15.01666667,2.383333333
798,o_360470319002,2094.681839,844.307,0,17.28333333,14.28333333,3.116666667
799,o_360470319003,1749.640843,1071.338,0,19.61666667,18.11666667,7.783333333
800,o_360470321001,2136.975839,886.601,0,18.01666667,15.01666667,2.383333333
801,o_360470321002,2094.832839,844.458,0,17.28333333,14.28333333,3.116666667
802,o_360470321003,1789.957843,1111.655,0,20.31666667,18.81666667,7.083333333
803,o_360470321004,1677.037843,998.735,0,18.41666667,16.91666667,1.983333333
804,o_360470323001,2295.368839,1044.994,0,20.68333333,17.68333333,6.716666667
805,o_360470323002,2082.663843,1404.361,0,25.25,23.75,2.15
806,o_360470323003,1962.211441,1668.452,0,29.58333333,28.26666667,1.516666667
807,o_360470325001,2561.994839,1311.62,0,25.13333333,22.13333333,2.266666667
808,o_360470325002,2555.406839,1305.032,0,25.05,22.05,2.35
809,o_360470325003,2974.393077,1199.384,1,30.01666667,20.35,5.783333333
810,o_360470326001,2402.67885,1540.169,0,29.56666667,26,1.433333333
811,o_360470326002,3776.084291,1944.535,0,37.86666667,32.86666667,2.15
812,o_360470326003,3317.272677,1671.138,1,33.78333333,28.41666667,6.283333333
813,o_360470326004,3313.413391,1610.705,0,33.6,27.25,1.883333333
814,o_360470326005,3779.974291,1948.425,0,38.01666667,33.01666667,2
815,o_360470327001,1913.244441,1619.485,0,28.73333333,27.41666667,2.366666667
816,o_360470327002,2187.524843,1509.222,0,26.93333333,25.43333333,2.083333333
817,o_360470327003,3313.183505,1387.793,0,26.08333333,23.58333333,4.883333333
818,o_360470328001,3558.949751,1501.532,0,32.8,25.38333333,2.683333333
819,o_360470328002,3924.192022,1446.72,0,33.08333333,24.4,2.4
820,o_360470328003,4161.625265,1369.331,0,32.76666667,23.13333333,2.716666667
821,o_360470328004,4292.509788,1348.427,0,32.8,22.71666667,2.683333333
822,o_360470329001,1982.007843,1303.705,0,23.58333333,22.08333333,3.816666667
823,o_360470329002,1720.250843,1041.948,0,19.11666667,17.61666667,1.283333333
824,o_360470329003,1491.602843,813.3,0,15.26666667,13.76666667,5.133333333
825,o_360470329004,1492.635843,814.333,0,15.28333333,13.78333333,5.116666667
826,o_360470330001,4857.539416,1308.202,0,33.91666667,22.01666667,1.566666667
827,o_360470330002,4929.250962,1117.114,0,31.51666667,18.83333333,3.966666667
828,o_360470330003,4224.642265,1432.348,0,33.76666667,24.13333333,1.716666667
829,o_360470331001,1229.921271,1135.502,0,19.61666667,19.15,3.2
830,o_360470331002,1494.398657,1208.224,0,22.05,20.53333333,2.166666667
831,o_360470331003,1948.300843,1269.998,0,22.98333333,21.48333333,4.416666667
832,o_360470333001,1549.045827,1454.632,0,24.96666667,24.5,1.85
833,o_360470333002,1568.769827,1474.356,0,25.3,24.83333333,1.516666667
834,o_360470333003,2133.212843,1454.91,0,26.13333333,24.63333333,1.266666667
835,o_360470335001,1574.192827,1479.779,0,25.41666667,24.95,1.4
836,o_360470335002,1966.259959,1482.724,0,27.31666667,24.91666667,3.683333333
837,o_360470335003,1752.998262,1257.377,0,23.96666667,21.26666667,3.383333333
838,o_360470336001,4785.498416,1236.161,0,32.75,20.85,2.733333333
839,o_360470336002,13259.94977,1600.532,2,45.86666667,27.1,12.31666667
840,o_360470336003,11140.46831,3631.541,1,66.03333333,61.3,5.016666667
841,o_360470336004,5631.658931,2475.175,0,52.55,41.83333333,2.933333333
842,o_360470336005,11483.07517,3555.039,1,66.45,60.06666667,4.6
843,o_360470337011,1465.534094,1266.918,0,22.58333333,21.5,4.766666667
844,o_360470337012,1481.485094,1282.869,0,22.85,21.76666667,4.5
845,o_360470337021,1569.968094,1371.352,0,24.38333333,23.3,2.966666667
846,o_360470337022,1588.226094,1389.61,0,24.66666667,23.58333333,2.683333333
847,o_360470339001,1464.511786,1094.659,0,20.38333333,18.53333333,2.35
848,o_360470339002,1524.252582,1284.667,0,22.86666667,21.8,3.45
849,o_360470339003,1783.819745,1474.201,0,26.63333333,24.95,6.4
850,o_360470339004,1441.660094,1243.044,0,22.11666667,21.03333333,5.233333333
851,o_360470340001,3739.43931,2896.174,0,51.16666667,48.98333333,1.2
852,o_360470340002,7661.557156,1670.167,1,36.3,28.21666667,3.766666667
853,o_360470341001,1569.056602,1346.138,0,23.96666667,22.85,1.45
854,o_360470341002,1266.826094,1068.21,0,19.2,18.11666667,8.15
855,o_360470341003,1722.417063,1468.645,0,26.2,24.91666667,4.833333333
856,o_360470342001,7391.215495,1755.775,1,36.1,29.81666667,3.966666667
857,o_360470342002,3652.343751,1594.926,0,34.41666667,27,1.066666667
858,o_360470342003,3882.121022,1404.649,0,32.43333333,23.75,3.05
859,o_360470342004,4073.031764,1461.866,0,33.78333333,24.7,1.7
860,o_360470343001,975.2836525,790.196,0,14.48333333,13.43333333,3.966666667
861,o_360470343002,939.5096525,754.422,0,13.9,12.85,4.55
862,o_360470343003,936.4256525,751.338,0,13.88333333,12.83333333,4.566666667
863,o_360470343004,997.9447823,628.092,0,12.5,10.65,1.233333333
864,o_360470345001,1271.856543,994.247,0,18.13333333,16.8,3.25
865,o_360470345002,1108.042543,830.433,0,15.35,14.01666667,6.033333333
866,o_360470347001,1550.584798,1031.584,0,19.83333333,17.41666667,1.466666667
867,o_360470347002,1656.914007,908.928,0,18.85,15.4,2.45
868,o_360470347003,1909.92514,932.382,0,20.66666667,15.76666667,1.983333333
869,o_360470348001,2281.250124,1597.841,0,29.76666667,26.93333333,1.15
870,o_360470348002,2445.029979,1267.765,0,24.5,21.5,1.483333333
871,o_360470349011,1945.305516,1284.921,0,24.86666667,21.68333333,1.666666667
872,o_360470349012,1433.300302,869.768,0,17.43333333,14.73333333,2.3
873,o_360470349021,1230.331851,904.921,0,16.9,15.33333333,2.833333333
874,o_360470349022,1164.152827,1069.739,0,18.63333333,18.16666667,1.1
875,o_360470349023,994.0788269,899.665,0,15.71666667,15.25,4.016666667
876,o_360470350001,1844.34861,1602.917,0,28.11666667,27.13333333,2.8
877,o_360470350002,2461.433979,1284.169,0,24.76666667,21.76666667,1.216666667
878,o_360470351011,1769.947932,1021.39,0,21.15,17.4,1.5
879,o_360470351021,1213.632851,888.222,0,16.6,15.03333333,3.133333333
880,o_360470351022,1018.989827,924.576,0,16.13333333,15.66666667,3.6
881,o_360470352001,2645.961835,1475.119,0,29.76666667,24.91666667,1.15
882,o_360470353011,1449.110786,1079.258,0,20.16666667,18.31666667,2.483333333
883,o_360470353012,1877.723262,1382.102,0,26,23.3,1.266666667
884,o_360470353021,1247.954851,922.544,0,17.1,15.53333333,2.633333333
885,o_360470353022,1459.383302,895.851,0,17.83333333,15.13333333,1.9
886,o_360470354001,1139.470642,1002.498,0,17.53333333,16.91666667,3.316666667
887,o_360470354002,1446.488642,1309.516,0,22.78333333,22.16666667,4.066666667
888,o_360470354003,1958.81889,1423.791,0,26.53333333,24.16666667,1.983333333
889,o_360470355001,929.9910931,679.337,0,12.75,11.48333333,5.166666667
890,o_360470355002,895.9930931,645.339,0,12.13333333,10.86666667,5.783333333
891,o_360470355003,1063.144827,968.731,0,16.78333333,16.31666667,2.95
892,o_360470356011,985.0746421,848.102,0,15.01666667,14.4,5.833333333
893,o_360470356021,1247.448642,1110.476,0,19.43333333,18.81666667,1.416666667
894,o_360470356022,1059.957642,922.985,0,16.3,15.68333333,4.55
895,o_360470356023,968.8236421,831.851,0,14.75,14.13333333,6.1
896,o_360470357011,1839.056268,1024.171,1,21.33333333,17.4,5.233333333
897,o_360470357021,1326.698634,1110.914,0,20.15,18.95,3.233333333
898,o_360470359001,1957.163661,789.232,0,18.75,13.41666667,2.55
899,o_360470359002,2293.388342,795.94,0,21,13.48333333,1.65
900,o_360470359003,1875.326955,1009.455,0,22.03333333,17.25,1.35
901,o_360470359004,1573.534807,1138.176,0,21.85,19.43333333,1.533333333
902,o_360470360011,2105.12181,970.138,0,21.76666667,16.45,1.033333333
903,o_360470360012,1967.700976,1021.079,0,21.78333333,17.31666667,1.016666667
904,o_360470360013,1823.092907,1023.094,0,21.15,17.35,1.65
905,o_360470360021,1537.685153,1120.631,0,21.05,19,1.75
906,o_360470360022,1689.300436,1085.349,0,21.26666667,18.36666667,1.533333333
907,o_360470361001,2550.117995,1170.888,0,28.36666667,19.78333333,1.966666667
908,o_360470361002,1847.217955,981.346,0,21.48333333,16.7,1.9
909,o_360470361003,1890.072226,1682.786,0,30.01666667,28.66666667,8.966666667
910,o_360470362001,1348.305804,1162.652,0,20.65,19.73333333,2.15
911,o_360470362002,1280.697999,1118.128,0,19.66666667,18.93333333,2.85
912,o_360470362003,1089.481642,952.509,0,16.71666667,16.1,4.133333333
913,o_360470363001,2959.613894,1285.146,0,30.16666667,21.66666667,1.1
914,o_360470363002,2108.090408,1932.016,0,34.08333333,32.81666667,1.25
915,o_360470363003,2270.086917,2015.039,0,35.08333333,34.08333333,2.883333333
916,o_360470363004,2818.577313,1039.006,0,28.68333333,17.6,1.65
917,o_360470364001,1305.141822,1046.432,0,18.88333333,17.73333333,1.583333333
918,o_360470364002,1281.247999,1118.678,0,19.63333333,18.9,2.883333333
919,o_360470365011,3257.526366,995.331,0,28.5,16.75,2.766666667
920,o_360470365012,3344.282366,1082.087,0,29.96666667,18.21666667,1.3
921,o_360470365021,2934.127223,1531.251,0,31.43333333,25.95,6.533333333
922,o_360470366001,1381.681411,923.334,0,17.68333333,15.65,6.733333333
923,o_360470366002,1297.413999,1134.844,0,19.91666667,19.18333333,2.6
924,o_360470366003,1325.429822,1066.72,0,19.26666667,18.11666667,1.2
925,o_360470367001,4078.575674,984.012,1,30.96666667,16.65,8
926,o_360470367002,3631.752963,1673.357,0,36.88333333,28.26666667,1.083333333
927,o_360470367003,3634.906963,1676.511,0,36.9,28.28333333,1.066666667
928,o_360470367004,3835.859157,1056.574,1,30.6,17.8,8.366666667
929,o_360470369001,3596.576963,1638.181,0,36.31666667,27.7,1.65
930,o_360470369002,3145.306223,1742.43,0,35.08333333,29.6,2.883333333
931,o_360470369003,3404.008811,1618.362,0,35.05,27.41666667,2.916666667
932,o_360470369004,3824.700504,648.887,0,17.48333333,10.98333333,2.916666667
933,o_360470370001,1593.08844,1358.133,0,24.16666667,23.01666667,2.25
934,o_360470370002,977.2230514,791.909,0,14.35,13.41666667,2.016666667
935,o_360470370003,742.58465,559.682,0,10.43333333,9.566666667,1.683333333
936,o_360470370004,965.9090514,780.595,0,14.2,13.26666667,2.166666667
937,o_360470371001,3613.984308,1041.22,1,23.78333333,17.63333333,6.066666667
938,o_360470371002,3531.746308,958.982,1,22.38333333,16.23333333,7.466666667
939,o_360470371003,3449.206308,876.442,1,20.98333333,14.83333333,8.866666667
940,o_360470371004,2852.710943,1151.919,0,23.46666667,19.46666667,1.466666667
941,o_360470371005,3112.967174,663.127,0,16.75,11.25,8.183333333
942,o_360470373001,3186.834149,2334.542,0,42.7,39.46666667,1.15
943,o_360470373002,4107.557504,931.744,0,22.28333333,15.78333333,2.116666667
944,o_360470373003,3091.461943,1390.67,0,27.53333333,23.53333333,4.4
945,o_360470373004,3519.716345,1046.991,1,29.71666667,17.8,3.616666667
946,o_360470374011,1321.592912,309.693,0,10.15,5.3,2.266666667
947,o_360470374012,1153.454391,427.999,0,10.8,7.316666667,1.616666667
948,o_360470374013,1294.018109,938.177,0,17.55,15.86666667,1.8
949,o_360470374014,945.6374988,788.937,0,14.03333333,13.43333333,2.366666667
950,o_360470374015,977.9854988,821.285,0,14.6,14,1.8
951,o_360470374021,1556.59128,1422.782,0,24.83333333,24.2,2.833333333
952,o_360470374022,1394.601411,1134.103,0,20.26666667,19.26666667,1.466666667
953,o_360470374023,970.2954988,813.595,0,14.48333333,13.88333333,1.916666667
954,o_360470374024,1023.715499,867.015,0,15.36666667,14.76666667,1.033333333
955,o_360470375001,3202.192943,1501.401,0,29.5,25.5,2.433333333
956,o_360470375002,2913.588922,719.379,1,18.41666667,12.11666667,6.983333333
957,o_360470375003,3273.106943,1572.315,0,30.83333333,26.83333333,1.1
958,o_360470377001,3117.863943,1417.072,0,28.05,24.05,3.883333333
959,o_360470377002,3063.659943,1362.868,0,27.13333333,23.13333333,4.8
960,o_360470377003,2931.076077,1107.36,1,23.45,18.8,6.4
961,o_360470377004,3021.590943,1320.799,0,26.5,22.5,5.433333333
962,o_360470379001,2848.763077,1025.047,1,22.03333333,17.38333333,7.816666667
963,o_360470379002,2727.185077,903.469,1,19.98333333,15.33333333,9.866666667
964,o_360470379003,2458.785943,757.994,0,16.85,12.85,8.083333333
965,o_360470381001,3009.082077,1185.366,1,24.76666667,20.11666667,5.083333333
966,o_360470381002,2168.863318,1187.648,1,22.73333333,20.08333333,7.116666667
967,o_360470381003,1660.100296,587.992,1,16.26666667,10,4.733333333
968,o_360470381004,1871.145558,533.366,1,16.68333333,9.083333333,4.316666667
969,o_360470382001,2619.091785,1215.585,0,27.01666667,20.66666667,3.233333333
970,o_360470382002,2381.420833,926.372,0,22.46666667,15.88333333,4.633333333
971,o_360470382003,2060.161791,1178.242,0,24.13333333,20.13333333,2.966666667
972,o_360470383001,2378.363268,1040.584,1,25.21666667,17.61666667,4.783333333
973,o_360470383002,1656.845753,1407.841,0,25.41666667,23.95,4.333333333
974,o_360470383003,1663.139753,1414.135,0,25.53333333,24.06666667,4.216666667
975,o_360470383004,1751.129495,1589.381,0,27.66666667,26.83333333,2.15
976,o_360470385001,2347.656224,1345.317,0,28.01666667,23.06666667,1.266666667
977,o_360470385002,2629.052265,712.374,1,22.65,12.06666667,7.35
978,o_360470385003,2542.918123,953.951,1,25.05,16.15,4.95
979,o_360470385004,2460.389123,871.422,1,23.65,14.75,6.35
980,o_360470386001,1627.84328,1494.034,0,25.96666667,25.33333333,1.7
981,o_360470386002,1849.290371,1398.444,0,25.9,23.75,1.766666667
982,o_360470387001,2395.563409,723.187,0,21.81666667,12.28333333,3.433333333
983,o_360470387002,2343.211224,1340.872,0,27.95,23,1.333333333
984,o_360470387003,2079.373121,1508.707,0,27.76666667,25.43333333,2.366666667
985,o_360470387004,1687.535605,1486.017,0,26.51666667,25.35,6.466666667
986,o_360470388001,1149.84428,1016.035,0,17.83333333,17.2,9.833333333
987,o_360470388002,1224.72828,1090.919,0,19.1,18.46666667,8.566666667
988,o_360470388003,1233.10128,1099.292,0,19.25,18.61666667,8.416666667
989,o_360470388004,1305.574041,1053.746,0,18.95,17.81666667,8.15
990,o_360470389001,546.2178977,281.44,0,5.983333333,4.7,3.516666667
991,o_360470389002,615.9728977,351.195,0,7.216666667,5.933333333,2.283333333
992,o_360470389003,881.409128,261.216,0,7.366666667,4.366666667,2.133333333
993,o_360470390001,1300.34928,1166.54,0,20.35,19.71666667,7.316666667
994,o_360470390002,1282.95028,1149.141,0,20.08333333,19.45,7.583333333
995,o_360470391001,910.2420123,645.466,0,12.28333333,10.91666667,1.216666667
996,o_360470391002,990.9791766,417.922,0,8.583333333,7.083333333,3.566666667
997,o_360470392001,2002.045167,1684.507,0,29.95,28.4,2.6
998,o_360470392002,1591.846391,866.391,0,18.18333333,14.7,4.233333333
999,o_360470393001,1685.112305,354.509,0,9.483333333,5.983333333,2.666666667
1000,o_360470393002,1138.760662,266.913,1,9.316666667,4.516666667,4.183333333
1001,o_360470393003,1909.142476,1199.406,0,23.6,20.36666667,2.7
1002,o_360470394001,1869.746613,1716.818,0,29.66666667,28.91666667,2.183333333
1003,o_360470394002,1907.614638,1730.164,0,30,29.13333333,2.55
1004,o_360470394003,1712.947391,987.492,0,20.23333333,16.75,2.183333333
1005,o_360470395001,2071.195895,1061.639,0,23.61666667,17.93333333,1.633333333
1006,o_360470395002,2514.97053,576.073,1,15.2,9.75,6.2
1007,o_360470395003,1942.326409,269.95,0,14.16666667,4.633333333,2.083333333
1008,o_360470396001,2553.820825,720.231,1,19.28333333,12.23333333,8.816666667
1009,o_360470396002,2346.331794,1483.812,0,29.05,25.13333333,1.2
1010,o_360470397001,2726.169162,1927,0,35.25,32.65,1.016666667
1011,o_360470397002,2939.715922,745.506,1,18.83333333,12.53333333,6.566666667
1012,o_360470397003,2491.103553,1436.622,0,27.85,24.4,3.066666667
1013,o_360470398001,2008.79975,1378.708,0,26.21666667,23.35,4.033333333
1014,o_360470398002,2147.030791,1265.111,0,25.45,21.45,1.65
1015,o_360470399001,2517.950803,1801.594,0,33.7,30.4,3.15
1016,o_360470399002,2534.411553,1479.93,0,28.66666667,25.21666667,2.25
1017,o_360470399003,2362.300127,1510.78,0,28.45,25.65,2.466666667
1018,o_360470400001,2293.925794,1431.406,0,28.25,24.33333333,2
1019,o_360470400002,2305.106794,1442.587,0,28.46666667,24.55,1.783333333
1020,o_360470400003,2400.771792,1197.551,0,25.73333333,20.28333333,4.516666667
1021,o_360470401001,3260.387609,462.896,1,17.26666667,7.9,4.133333333
1022,o_360470401002,4169.387504,993.574,0,23.36666667,16.86666667,1.033333333
1023,o_360470401003,2694.939927,1614.677,0,32.26666667,27.31666667,1.333333333
1024,o_360470402001,2455.282785,1051.776,0,24.31666667,17.96666667,2.683333333
1025,o_360470402002,2537.320785,1133.814,0,25.66666667,19.31666667,1.333333333
1026,o_360470402003,2436.799785,1033.293,0,23.93333333,17.58333333,3.066666667
1027,o_360470402004,2213.515833,758.467,0,19.61666667,13.03333333,4.233333333
1028,o_360470403001,3686.406504,510.593,0,15.11666667,8.616666667,2.033333333
1029,o_360470403002,3282.840317,1299.891,0,31.1,22,2.5
1030,o_360470403003,3128.147063,1382.604,0,31.36666667,23.35,2.233333333
1031,o_360470404001,3231.956347,842.008,0,25.18333333,14.33333333,1.816666667
1032,o_360470404002,3203.214347,813.266,0,24.71666667,13.86666667,2.283333333
1033,o_360470405001,3467.025504,291.212,0,11.41666667,4.916666667,1.733333333
1034,o_360470405002,3475.173504,299.36,0,11.55,5.05,1.6
1035,o_360470406001,3131.725747,2905.285,0,50.18333333,48.96666667,3.95
1036,o_360470406002,2907.12552,1006.086,0,25.68333333,17.08333333,1.316666667
1037,o_360470406003,2950.17428,983.261,0,26.51666667,16.68333333,2.65
1038,o_360470407001,4849.165907,2284.066,0,44.55,38.55,2.616666667
1039,o_360470408001,2852.987991,2133.746,0,38.1,36.1,2.45
1040,o_360470408002,2936.997991,2217.756,0,39.53333333,37.53333333,1.016666667
1041,o_360470408003,3593.72865,2075.847,0,39.33333333,35.33333333,1.216666667
1042,o_360470409001,2267.660164,751.168,0,15.68333333,12.68333333,1.466666667
1043,o_360470409002,2478.479164,961.987,0,19.18333333,16.18333333,1.966666667
1044,o_360470409003,2491.134933,2106.005,0,37.4,35.65,2.266666667
1045,o_360470410001,3001.605386,874.103,1,23.53333333,14.78333333,6.633333333
1046,o_360470410002,3726.280046,800.138,1,24.4,13.65,5.766666667
1047,o_360470411001,3099.982583,620.489,0,15.51666667,10.51666667,1.633333333
1048,o_360470411002,2924.195302,1371.678,0,30.3,23.16666667,3.3
1049,o_360470411003,2602.016927,1521.754,0,30.68333333,25.73333333,2.916666667
1050,o_360470412001,3052.192444,671.791,1,19.4,11.48333333,8.6
1051,o_360470412002,3578.164046,652.022,1,21.91666667,11.16666667,8.25
1052,o_360470413001,2482.683404,1598.776,0,31.08333333,27.03333333,2.516666667
1053,o_360470413002,2301.157803,1584.801,0,30.13333333,26.83333333,3.466666667
1054,o_360470413003,2279.205472,1780.428,0,32.36666667,30.06666667,1.233333333
1055,o_360470414011,3060.330444,679.929,1,19.48333333,11.56666667,8.516666667
1056,o_360470414012,3061.783386,934.281,1,24.56666667,15.81666667,5.6
1057,o_360470414021,2237.107496,2108.446,0,36.18333333,35.48333333,1.15
1058,o_360470414022,3663.924046,737.782,1,23.23333333,12.48333333,6.933333333
1059,o_360470415001,2028.005004,1637.789,0,28.98333333,27.71666667,4.033333333
1060,o_360470415002,2106.383004,1716.167,0,30.33333333,29.06666667,2.683333333
1061,o_360470415003,2181.854127,1330.334,0,25.45,22.65,2.216666667
1062,o_360470416001,2387.805424,1119.446,0,25.91666667,19,2.416666667
1063,o_360470416002,2167.495638,1990.045,0,34.36666667,33.5,3.933333333
1064,o_360470417001,1941.756396,1296.228,0,24.16666667,22.05,3.5
1065,o_360470417002,2171.922127,1320.402,0,25.25,22.45,2.416666667
1066,o_360470417003,2045.843396,1400.315,0,25.93333333,23.81666667,1.733333333
1067,o_360470417004,2132.143127,1280.623,0,24.61666667,21.81666667,3.05
1068,o_360470418001,1798.255362,510.206,0,15.21666667,8.8,2.45
1069,o_360470418002,6347.265145,1321.124,1,37.15,22.26666667,5.466666667
1070,o_360470419001,2250.477127,1398.957,0,26.6,23.8,1.066666667
1071,o_360470419002,2066.594821,538.612,1,13.2,9.1,4.95
1072,o_360470419003,2022.46043,478.549,1,12.76666667,8.066666667,5.383333333
1073,o_360470420001,2511.416783,1416.019,1,29.2,23.96666667,4.45
1074,o_360470420002,2193.220189,437.775,0,16.36666667,7.45,1.3
1075,o_360470421001,1943.11043,399.199,1,11.43333333,6.733333333,6.716666667
1076,o_360470421002,1981.37043,437.459,1,12.08333333,7.383333333,6.066666667
1077,o_360470421003,1338.776895,329.22,0,11.28333333,5.6,1.716666667
1078,o_360470421004,2010.61543,466.704,1,12.65,7.95,5.5
1079,o_360470422001,2137.062933,1773.872,0,31.5,30.13333333,2.966666667
1080,o_360470422002,3657.929046,731.787,1,23.2,12.45,6.966666667
1081,o_360470422003,3402.31765,1884.436,0,35.93333333,31.93333333,4.616666667
1082,o_360470423001,2534.382158,1245.604,0,26.4,21.31666667,1.266666667
1083,o_360470423002,1290.050835,1039.085,0,19.08333333,17.61666667,5.133333333
1084,o_360470423003,1261.515434,403.882,0,11.66666667,6.866666667,1.333333333
1085,o_360470424001,4088.29525,521.118,1,22.11666667,8.866666667,8.05
1086,o_360470424002,3658.033655,1457.347,1,31.9,24.63333333,13.51666667
1087,o_360470424003,3708.022655,1507.336,1,32.76666667,25.5,12.65
1088,o_360470425001,1416.525283,975.791,0,19.03333333,16.48333333,1.15
1089,o_360470425002,1333.165177,760.108,0,14.36666667,12.86666667,3.533333333
1090,o_360470425003,1489.903317,601.446,0,13.75,10.15,2.316666667
1091,o_360470426001,3484.78265,1966.901,0,37.43333333,33.43333333,3.116666667
1092,o_360470426002,4182.342004,958.964,1,29.03333333,16.2,11.13333333
1093,o_360470426003,5872.617215,1365.037,1,35.96666667,23.2,10.75
1094,o_360470427001,1057.28509,567.273,0,11.01666667,9.516666667,1.633333333
1095,o_360470427002,1046.74209,556.73,0,10.85,9.35,1.8
1096,o_360470427003,1862.505268,1590.869,0,28.11666667,27.08333333,3.633333333
1097,o_360470427004,1823.352268,1551.716,0,27.48333333,26.45,4.266666667
1098,o_360470428001,5912.576215,1404.996,1,36.66666667,23.9,10.05
1099,o_360470428002,6071.034215,1563.454,1,39.31666667,26.55,7.4
1100,o_360470428003,3766.717739,610.244,0,24.85,10.43333333,2.15
1101,o_360470429001,1092.512599,485.845,0,11.58333333,8.25,1.416666667
1102,o_360470429002,972.7098501,586.172,0,11.98333333,9.916666667,1.016666667
1103,o_360470429003,1073.294835,822.329,0,15.36666667,13.9,3.083333333
1104,o_360470429004,1059.397835,808.432,0,15.11666667,13.65,3.333333333
1105,o_360470430001,4315.077855,2156.161,0,42.15,36.65,1.633333333
1106,o_360470430002,4347.772004,1124.394,1,31.88333333,19.05,11.51666667
1107,o_360470430003,4104.262175,784.919,0,28.58333333,13.4,1.65
1108,o_360470431001,772.1147188,634.141,0,11.25,10.7,6.066666667
1109,o_360470431002,851.2407188,713.267,0,12.61666667,12.06666667,4.7
1110,o_360470431003,914.1777188,776.204,0,13.65,13.1,3.666666667
1111,o_360470431004,993.1747188,855.201,0,15,14.45,2.316666667
1112,o_360470432001,4289.56386,1447.842,1,33.28333333,24.51666667,15.36666667
1113,o_360470432002,4155.455855,1996.539,0,39.41666667,33.91666667,4.366666667
1114,o_360470432003,4217.658855,2058.742,0,40.48333333,34.98333333,3.3
1115,o_360470433001,1628.359196,450.731,1,11.93333333,7.65,6.383333333
1116,o_360470433002,853.0337188,715.06,0,12.65,12.1,4.666666667
1117,o_360470433003,1179.990659,451.177,0,9.116666667,7.616666667,3.266666667
1118,o_360470434001,3754.119649,732.683,1,21.96666667,12.55,9.266666667
1119,o_360470434002,4310.48625,743.309,1,25.98333333,12.73333333,7.416666667
1120,o_360470434003,4414.52725,847.35,1,27.75,14.5,5.65
1121,o_360470435001,1407.836659,679.023,0,12.93333333,11.43333333,3.45
1122,o_360470435002,1745.011659,1016.198,0,18.6,17.1,1.783333333
1123,o_360470435003,1408.724465,437.088,1,11.03333333,7.433333333,7.283333333
1124,o_360470436001,4365.75725,798.58,1,26.83333333,13.58333333,6.566666667
1125,o_360470436002,4320.13086,1478.409,1,33.73333333,24.96666667,14.91666667
1126,o_360470436003,3443.492015,1413.289,0,34,23.88333333,1.883333333
1127,o_360470437001,2044.623164,528.131,0,11.93333333,8.933333333,4.45
1128,o_360470437002,2216.825164,700.333,0,14.81666667,11.81666667,1.566666667
1129,o_360470437003,2304.02866,395.02,1,11.7,6.733333333,5.683333333
1130,o_360470437004,2084.327164,567.835,0,12.56666667,9.566666667,3.816666667
1131,o_360470438001,2980.962828,1535.442,0,33.15,25.93333333,2.733333333
1132,o_360470438002,3949.999536,1204.686,0,30.68333333,20.36666667,3.2
1133,o_360470439001,1950.999966,581.901,1,13.68333333,9.85,4.633333333
1134,o_360470439002,1158.761659,429.948,0,8.75,7.25,3.633333333
1135,o_360470439003,920.1916591,191.378,0,4.733333333,3.233333333,3.65
1136,o_360470440001,2444.406382,1830.743,0,34.03333333,30.95,1.85
1137,o_360470440002,2720.020786,1679.677,0,33.65,28.35,2.233333333
1138,o_360470440003,2931.397828,1485.877,0,32.38333333,25.16666667,3.5
1139,o_360470441001,1000.976659,272.163,0,6.116666667,4.616666667,2.266666667
1140,o_360470441002,926.7813157,760.848,0,13.7,12.91666667,2.533333333
1141,o_360470441003,1230.382153,813.034,0,15.46666667,13.78333333,4.333333333
1142,o_360470442001,2201.897403,1996.536,0,34.83333333,33.78333333,1.05
1143,o_360470442002,2558.763503,1825.037,0,34.55,30.86666667,1.333333333
1144,o_360470443001,551.3937188,413.42,0,7.533333333,6.983333333,9.783333333
1145,o_360470443002,439.5737188,301.6,0,5.666666667,5.116666667,11.65
1146,o_360470443003,636.0437188,498.07,0,8.983333333,8.433333333,8.333333333
1147,o_360470443004,675.8417188,537.868,0,9.65,9.1,7.666666667
1148,o_360470444001,2165.822403,1960.461,0,34.21666667,33.16666667,1.666666667
1149,o_360470444002,2373.397382,1759.734,0,33,29.91666667,2.883333333
1150,o_360470444003,2528.990503,1795.264,0,34.21666667,30.53333333,1.666666667
1151,o_360470445001,777.0154218,520.639,0,10.01666667,8.8,2.766666667
1152,o_360470445002,612.9133157,446.98,0,8.366666667,7.583333333,7.866666667
1153,o_360470445003,674.2523157,508.319,0,9.383333333,8.6,6.85
1154,o_360470446001,3210.503866,1474.253,0,33.65,24.98333333,2.233333333
1155,o_360470446002,2751.228786,1710.885,0,34.36666667,29.06666667,1.516666667
1156,o_360470447001,724.7090904,234.697,0,5.433333333,3.933333333,2.45
1157,o_360470447002,688.6280904,198.616,0,4.833333333,3.333333333,3.05
1158,o_360470448001,2743.548786,1703.205,0,34.11666667,28.81666667,1.766666667
1159,o_360470448002,2436.476382,1822.813,0,33.88333333,30.8,2
1160,o_360470449011,2352.057758,1227.375,0,26.28333333,20.81666667,2.5
1161,o_360470449012,2964.136054,1098.674,1,26.48333333,18.7,3.316666667
1162,o_360470449013,3307.928785,940.328,1,25.28333333,15.9,4.516666667
1163,o_360470449014,2912.992054,1047.53,1,25.53333333,17.75,4.266666667
1164,o_360470449021,5129.254052,2005.073,0,41.43333333,33.93333333,2.466666667
1165,o_360470449022,4831.836878,2198.73,0,43.08333333,37.08333333,4.816666667
1166,o_360470449023,1514.58009,1024.568,0,18.9,17.4,5
1167,o_360470450001,3595.818238,1019.815,1,28.25,17.23333333,6.166666667
1168,o_360470452001,2195.352403,1989.991,0,34.73333333,33.68333333,1.166666667
1169,o_360470452002,2518.875503,1785.149,0,33.76666667,30.08333333,2.133333333
1170,o_360470453001,1172.76109,682.749,0,13.03333333,11.53333333,2.866666667
1171,o_360470453002,1608.657317,720.2,0,15.83333333,12.23333333,3.483333333
1172,o_360470454001,2660.92432,1657.577,0,30.61666667,28.11666667,2.333333333
1173,o_360470454002,2027.179625,1804.927,0,31.43333333,30.53333333,1.983333333
1174,o_360470456001,3424.064395,1588.375,0,31.45,26.95,1.5
1175,o_360470456002,3002.776135,1291.512,1,29.71666667,21.83333333,4.7
1176,o_360470458001,4207.899742,735.596,2,24.7,12.41666667,10.21666667
1177,o_360470458002,3557.79334,1431.26,1,30.1,24.36666667,3.85
1178,o_360470460001,4456.012713,1112.021,1,29.4,18.86666667,4.516666667
1179,o_360470460002,4230.384713,886.393,1,25.58333333,15.05,8.333333333
1180,o_360470460003,4367.501543,1404.146,0,30.8,23.8,2.15
1181,o_360470462011,2798.946244,2567.55,0,44.56666667,43.28333333,1.366666667
1182,o_360470462012,3062.524424,684.596,0,24.36666667,11.61666667,1.566666667
1183,o_360470462021,3369.303516,1181.418,1,29.61666667,20.01666667,4.8
1184,o_360470462022,2964.147375,713.712,0,24.2,12.1,1.733333333
1185,o_360470464001,4192.590082,2920.065,0,52.75,49.75,2.416666667
1186,o_360470464002,2503.832244,2272.436,0,39.7,38.41666667,6.233333333
1187,o_360470468001,3584.666056,1897.016,0,38.41666667,32.06666667,1.316666667
1188,o_360470470001,3124.166698,1866.901,0,36.38333333,31.65,3.35
1189,o_360470470002,2433.473318,1375.987,0,26.25,23.25,2.3
1190,o_360470472001,2108.640165,1151.651,0,24.88333333,19.56666667,1.05
1191,o_360470472002,2235.405603,1018.557,0,24.13333333,17.36666667,1.8
1192,o_360470472003,1986.343165,1029.354,0,22.78333333,17.46666667,3.15
1193,o_360470474001,2029.141165,1072.152,0,23.51666667,18.2,2.416666667
1194,o_360470474002,1751.206393,1275.114,0,24.16666667,21.53333333,1.766666667
1195,o_360470476001,2295.585013,857.308,0,22.55,14.55,3.383333333
1196,o_360470476002,2092.844165,1135.855,0,24.51666667,19.2,1.416666667
1197,o_360470476003,1831.07087,1116.22,0,22.86666667,18.88333333,3.066666667
1198,o_360470477001,2440.376758,1315.694,0,27.78333333,22.31666667,1.016666667
1199,o_360470477002,2069.259781,1268.895,0,25.41666667,21.55,3.383333333
1200,o_360470478001,2478.124707,2013.842,0,36.51666667,33.96666667,6.633333333
1201,o_360470478002,2153.000603,936.152,0,22.7,15.93333333,3.233333333
1202,o_360470478003,2619.734269,2379.559,0,41.43333333,40.16666667,3.25
1203,o_360470480001,2729.082707,2264.8,0,40.6,38.05,2.55
1204,o_360470480002,2702.355494,784.392,0,23.71666667,13.28333333,2.216666667
1205,o_360470481001,2146.094781,1345.73,0,26.71666667,22.85,2.083333333
1206,o_360470481002,1942.342657,1459.39,0,27.03333333,24.7,1.766666667
1207,o_360470481003,1945.861657,1462.909,0,27.06666667,24.73333333,1.733333333
1208,o_360470482001,4549.040543,1585.685,0,31.46666667,26.96666667,2.483333333
1209,o_360470482002,5020.084429,1023.451,1,29.46666667,17.43333333,4.45
1210,o_360470482003,3073.42587,2358.575,0,43.86666667,39.88333333,2.066666667
1211,o_360470482004,4951.882429,955.249,1,28.25,16.21666667,5.666666667
1212,o_360470482005,3313.411075,1718.203,0,37.98333333,29.15,1.416666667
1213,o_360470484001,3094.235013,1655.958,0,36.03333333,28.03333333,3.366666667
1214,o_360470484002,2785.665165,1828.676,0,36.35,31.03333333,3.05
1215,o_360470484003,2730.05787,2015.207,0,38.15,34.16666667,1.25
1216,o_360470485001,1580.169657,1097.217,0,20.91666667,18.58333333,1.35
1217,o_360470485002,1134.135818,897.904,0,16.36666667,15.23333333,2.966666667
1218,o_360470486001,2568.932384,1703.609,0,34.1,28.96666667,1.316666667
1219,o_360470486002,2611.25487,1896.404,0,36.08333333,32.1,3.316666667
1220,o_360470486003,2665.938719,1587.387,0,33.26666667,26.9,2.15
1221,o_360470488001,2391.157223,2188.251,0,38.26666667,37.21666667,4.566666667
1222,o_360470488002,2715.52487,2000.674,0,37.93333333,33.95,1.466666667
1223,o_360470488003,3557.030083,1295.921,1,34.3,21.86666667,5.1
1224,o_360470489001,1664.705177,1091.648,0,19.55,18.55,2.25
1225,o_360470489002,941.4088977,676.631,0,12.78333333,11.5,1.183333333
1226,o_360470489003,807.0701399,518.864,0,10.06666667,8.766666667,2.716666667
1227,o_360470490001,3608.586083,1347.477,1,35.35,22.91666667,4.05
1228,o_360470490002,3340.9999,1478.389,1,35.43333333,25.15,3.966666667
1229,o_360470490003,2767.380165,1810.391,0,36.1,30.78333333,3.3
1230,o_360470491001,1170.750289,1046.625,0,18.3,17.8,2.516666667
1231,o_360470491002,916.7150123,651.939,0,12.51666667,11.15,1.066666667
1232,o_360470491003,676.9998183,440.768,0,8.65,7.516666667,5.3
1233,o_360470491004,922.1708183,685.939,0,12.81666667,11.68333333,1.133333333
1234,o_360470492001,3725.074795,1640.02,0,31.96666667,27.96666667,1.683333333
1235,o_360470492002,4017.736795,1932.682,0,36.95,32.95,1.2
1236,o_360470492003,3537.936083,1276.827,1,34.25,21.81666667,5.15
1237,o_360470493011,1594.859125,1277.447,0,23.21666667,21.68333333,4.933333333
1238,o_360470493021,1147.892833,998.26,0,17.81666667,17.05,1.35
1239,o_360470493022,1165.525833,1015.893,0,18.03333333,17.26666667,1.133333333
1240,o_360470493023,2267.086209,1503.851,0,26.95,25.45,2.233333333
1241,o_360470493024,1458.776461,1213.935,0,21.8,20.65,1.533333333
1242,o_360470494001,4313.283178,712.16,1,20.18333333,12.1,5.966666667
1243,o_360470494002,3686.752605,1527.191,1,35.56666667,26.16666667,4.45
1244,o_360470494003,3424.298681,1636.305,1,35.48333333,27.95,4.533333333
1245,o_360470494004,3786.332017,1315.633,0,33.95,22.26666667,1.466666667
1246,o_360470495001,1621.326781,820.962,0,17.78333333,13.91666667,4.483333333
1247,o_360470495002,1476.853125,1159.441,0,21.21666667,19.68333333,6.933333333
1248,o_360470495003,1567.434945,1399.859,0,24.58333333,23.76666667,7.366666667
1249,o_360470496001,3227.168057,1291.932,0,31.36666667,21.9,4.05
1250,o_360470496002,2375.243428,1822.631,0,34.15,30.86666667,1.266666667
1251,o_360470496003,1775.948223,1573.042,0,27.78333333,26.73333333,2.05
1252,o_360470497001,2048.337758,923.655,0,21.2,15.73333333,1.066666667
1253,o_360470497002,1833.869727,865.929,0,19.38333333,14.7,2.883333333
1254,o_360470497003,1823.910727,855.97,0,19.25,14.56666667,3.016666667
1255,o_360470498001,3010.644653,1441.101,0,32.53333333,24.38333333,2.883333333
1256,o_360470498002,2242.96782,1982.102,0,34.86666667,33.6,1.916666667
1257,o_360470498003,2361.28847,1842.751,0,32.96666667,31.46666667,1.05
1258,o_360470499001,2566.020435,623.851,0,20.11666667,10.63333333,2.15
1259,o_360470499002,2438.98765,697.326,0,20.3,11.81666667,1.966666667
1260,o_360470500011,3139.079795,1054.025,0,21.96666667,17.96666667,3.183333333
1261,o_360470500012,2859.756795,774.702,0,17.16666667,13.16666667,5.483333333
1262,o_360470500021,3143.660795,1058.606,0,21.98333333,17.98333333,3.166666667
1263,o_360470501001,2097.548158,731.553,0,19.05,12.4,3.216666667
1264,o_360470501002,2016.434758,891.752,0,20.56666667,15.1,1.7
1265,o_360470501003,2102.6284,248.707,1,10.9,4.2,4.5
1266,o_360470502021,2922.207795,837.153,0,18.2,14.2,7.733333333
1267,o_360470502022,2745.034795,659.98,0,15.21666667,11.21666667,2.716666667
1268,o_360470503001,1682.777657,1199.825,0,22.63333333,20.3,2.916666667
1269,o_360470503002,1616.347498,406.311,1,10.6,6.85,4.8
1270,o_360470503003,1800.510405,410.355,1,11.46666667,6.966666667,3.933333333
1271,o_360470504011,2801.103795,716.049,0,16.16666667,12.16666667,1.766666667
1272,o_360470504012,3019.446795,934.392,0,19.9,15.9,6.033333333
1273,o_360470504021,3259.575795,1174.521,0,23.9,19.9,2.033333333
1274,o_360470504022,3334.270795,1249.216,0,25.25,21.25,3.183333333
1275,o_360470505001,1249.420671,1010.304,0,18.31666667,17.15,7.233333333
1276,o_360470505002,1450.015821,476.192,1,10.8,8.016666667,4.6
1277,o_360470505003,904.6326707,665.516,0,12.43333333,11.26666667,1.116666667
1278,o_360470506001,2160.386609,701.522,0,23.01666667,11.85,1.116666667
1279,o_360470506002,2989.747248,823.722,1,25.9,14.05,6.566666667
1280,o_360470506003,4813.707814,760.197,1,23,12.95,6.433333333
1281,o_360470506004,3371.957795,1286.903,0,25.81666667,21.81666667,2.616666667
1282,o_360470507001,903.8177168,783.923,0,13.85,13.36666667,1.616666667
1283,o_360470508011,2015.976271,800.079,0,22.85,13.53333333,1.283333333
1284,o_360470508012,1878.908265,862.479,0,22.31666667,14.51666667,1.816666667
1285,o_360470508031,2150.05728,1920.147,0,33.65,32.4,2.1
1286,o_360470508041,2276.426278,1339.714,0,27.61666667,22.51666667,3.85
1287,o_360470508042,2266.829278,1330.117,0,27.53333333,22.43333333,3.933333333
1288,o_360470508043,2360.039278,1423.327,0,29.1,24,2.366666667
1289,o_360470509001,1271.247266,1111.985,0,19.61666667,18.96666667,1.616666667
1290,o_360470509002,1094.123815,785.959,0,15.23333333,13.4,1.816666667
1291,o_360470510011,2292.732255,1466.724,0,31.08333333,24.8,3.05
1292,o_360470510012,3107.123751,558.913,1,24.48333333,9.5,7.983333333
1293,o_360470510021,1901.139265,884.71,0,22.76666667,14.96666667,1.366666667
1294,o_360470510022,2003.100271,787.203,0,22.6,13.28333333,1.533333333
1295,o_360470510023,2104.642583,1845.493,0,33.06666667,31.26666667,1.066666667
1296,o_360470511001,957.8242659,798.562,0,14.25,13.6,6.983333333
1297,o_360470511002,1126.758815,818.594,0,15.85,14.01666667,1.2
1298,o_360470511003,1335.344001,670.182,0,12.95,11.45,1.45
1299,o_360470512001,2240.505255,1414.497,0,30.21666667,23.93333333,3.916666667
1300,o_360470512002,2386.742255,1560.734,0,32.68333333,26.4,1.45
1301,o_360470512003,2452.413265,1435.984,0,32.15,24.35,1.983333333
1302,o_360470512004,3672.143046,677.442,1,24.53333333,11.48333333,7.933333333
1303,o_360470513001,2337.571186,484.479,1,12.68333333,8.133333333,7.15
1304,o_360470513002,1566.415498,356.379,1,9.75,6,5.65
1305,o_360470513003,1755.661844,1504.234,0,27.23333333,25.73333333,2.416666667
1306,o_360470513004,2250.660295,573.948,0,13.8,9.8,2.6
1307,o_360470514001,2807.749216,1348.885,0,30.68333333,22.75,2.116666667
1308,o_360470514002,3490.202134,2210.12,0,40.26666667,37.26666667,5.133333333
1309,o_360470514003,2684.374422,2030.24,0,37.58333333,34.3,3.25
1310,o_360470514004,2412.984255,1586.976,0,33.1,26.81666667,1.033333333
1311,o_360470515001,3186.884325,2061.08,0,39.55,35.05,1.133333333
1312,o_360470516011,2975.387967,1504.851,1,30.3,25.5,4.833333333
1313,o_360470516012,2880.542967,1410.006,1,28.76666667,23.96666667,6.366666667
1314,o_360470516013,2770.829967,1300.293,1,26.81666667,22.01666667,8.316666667
1315,o_360470516021,2622.660944,1983.998,0,36.71666667,33.48333333,1.916666667
1316,o_360470516022,2842.131448,1721.166,0,33.4,29.11666667,2.066666667
1317,o_360470517001,3573.977386,1791.215,1,35.45,30.46666667,6
1318,o_360470517002,3216.803524,1378.964,0,32.5,23.55,2.116666667
1319,o_360470518001,3050.765577,1929.8,0,38.23333333,32.6,2.6
1320,o_360470518002,3114.609577,1993.644,0,39.33333333,33.7,1.5
1321,o_360470518003,3751.114822,1691.905,0,38.7,28.48333333,2.133333333
1322,o_360470519001,2389.259072,1079.981,1,23.2,18.36666667,3.85
1323,o_360470519002,3212.892386,1430.13,1,29.31666667,24.33333333,5.516666667
1324,o_360470519003,2751.003881,385.593,1,12.75,6.516666667,6.033333333
1325,o_360470520001,3629.695134,2349.613,0,42.56666667,39.56666667,4.716666667
1326,o_360470520002,4694.272559,695.778,1,26.85,11.8,11
1327,o_360470520003,4397.297429,400.664,1,18.88333333,6.85,5.166666667
1328,o_360470523001,2150.801295,474.089,0,12.06666667,8.066666667,1.033333333
1329,o_360470523002,2176.136596,1022.877,0,24.35,17.43333333,2
1330,o_360470523003,2212.267596,1059.008,0,24.93333333,18.01666667,1.416666667
1331,o_360470523004,2465.595295,788.883,0,17.31666667,13.31666667,2.466666667
1332,o_360470523005,2696.293261,1402.882,1,27.5,23.8,5.166666667
1333,o_360470525001,1892.875295,216.163,0,7.65,3.65,2.133333333
1334,o_360470525002,2097.237295,420.525,0,11.15,7.15,1.95
1335,o_360470526001,3970.038344,2341.644,0,43.08333333,39.58333333,4.2
1336,o_360470526002,4487.676543,1524.321,0,32.85,25.85,4.233333333
1337,o_360470526003,4497.227543,1533.872,0,32.98333333,25.98333333,4.1
1338,o_360470527001,1368.587844,1117.16,0,20.61666667,19.11666667,2.416666667
1339,o_360470527002,1596.590079,320.984,0,8.45,5.45,1.333333333
1340,o_360470527003,1541.617079,266.011,0,7.516666667,4.516666667,2.266666667
1341,o_360470527004,1603.685079,328.079,0,8.533333333,5.533333333,1.25
1342,o_360470527005,1894.525405,964.541,0,21.95,16.38333333,1.083333333
1343,o_360470527006,1610.270079,334.664,0,8.666666667,5.666666667,1.116666667
1344,o_360470527007,2353.015021,1708.404,0,31.65,29.06666667,2.416666667
1345,o_360470528001,3824.429713,480.438,1,18.68333333,8.15,5.366666667
1346,o_360470528002,3881.527827,1570.814,0,32.13333333,26.63333333,4.95
1347,o_360470529001,1682.618287,1325.497,0,24.7,22.55,1.016666667
1348,o_360470529002,1516.243079,240.637,0,7.1,4.1,2.683333333
1349,o_360470529003,1608.466079,332.86,0,8.666666667,5.666666667,1.116666667
1350,o_360470530001,3410.330281,541.363,1,18.68333333,9.15,5.366666667
1351,o_360470530002,3489.564281,620.597,1,20.05,10.51666667,4
1352,o_360470530003,3425.843395,1590.154,0,31.41666667,26.91666667,5.666666667
1353,o_360470531011,1820.595678,1336.642,0,25.43333333,22.58333333,3.85
1354,o_360470531012,1902.993678,1419.04,0,26.85,24,2.433333333
1355,o_360470531021,1101.368528,365.83,0,9.433333333,6.216666667,2.783333333
1356,o_360470531022,1247.478815,939.314,0,17.8,15.96666667,1.633333333
1357,o_360470532001,3397.459281,528.492,1,18.48333333,8.95,5.566666667
1358,o_360470532002,3178.725281,309.758,1,14.8,5.266666667,9.25
1359,o_360470533001,1708.077913,1492.111,0,26.58333333,25.3,2.283333333
1360,o_360470533002,1898.014678,1414.061,0,26.75,23.9,2.533333333
1361,o_360470533003,1717.303691,1170.737,0,22.28333333,19.75,3.35
1362,o_360470533004,1743.342691,1196.776,0,22.73333333,20.2,2.9
1363,o_360470533005,1785.795132,1177.246,0,23.61666667,19.96666667,2.733333333
1364,o_360470534001,3393.863281,524.896,1,18.38333333,8.85,5.666666667
1365,o_360470534002,3472.359281,603.392,1,19.73333333,10.2,4.316666667
1366,o_360470534003,2887.42332,1884.076,0,34.4,31.9,2.683333333
1367,o_360470534004,2968.78032,1965.433,0,35.78333333,33.28333333,1.3
1368,o_360470535001,2015.202295,338.49,0,9.733333333,5.733333333,1.366666667
1369,o_360470535002,1984.243691,1437.677,0,26.88333333,24.35,2.066666667
1370,o_360470535003,2246.009751,1195.278,0,25.01666667,20.16666667,3.933333333
1371,o_360470535004,2271.236751,1220.505,0,25.45,20.6,3.5
1372,o_360470537001,2054.052678,1570.099,0,29.48333333,26.63333333,3.116666667
1373,o_360470537002,1894.917678,1410.964,0,26.76666667,23.91666667,2.516666667
1374,o_360470538001,1246.511625,1024.259,0,18.16666667,17.26666667,5.383333333
1375,o_360470538002,1229.269625,1007.017,0,17.9,17,5.65
1376,o_360470538003,1306.613625,1084.361,0,19.25,18.35,4.3
1377,o_360470539001,2615.755748,1294.395,0,28.6,21.96666667,5.45
1378,o_360470539002,2808.894748,1487.534,0,31.85,25.21666667,2.2
1379,o_360470542001,1371.724264,1128.096,0,20.18333333,19.2,2.366666667
1380,o_360470542002,1758.640426,1093.644,0,21.6,18.58333333,1.45
1381,o_360470542003,1995.926886,962.649,0,21.33333333,16.3,1.716666667
1382,o_360470543001,1977.96626,1725.929,0,30.6,29.33333333,2.316666667
1383,o_360470544001,1376.941308,1027.886,0,18.85,17.43333333,3.266666667
1384,o_360470544002,1327.02407,523.292,0,12.7,8.916666667,1.666666667
1385,o_360470544003,1388.163308,1039.108,0,19.05,17.63333333,3.066666667
1386,o_360470545001,3046.919115,1293.255,0,30.7,21.98333333,3.35
1387,o_360470545002,3255.95071,1210.796,0,30.65,20.56666667,3.4
1388,o_360470545003,3320.10171,1274.947,0,31.73333333,21.65,2.316666667
1389,o_360470545004,3324.24071,1279.086,0,31.78333333,21.7,2.266666667
1390,o_360470545005,3348.64471,1303.49,0,32.2,22.11666667,1.85
1391,o_360470545006,4726.023715,580.41,1,28.23333333,9.816666667,8.2
1392,o_360470546001,1794.066374,801.976,0,17.33333333,13.61666667,1.25
1393,o_360470546002,1631.131374,639.041,0,14.58333333,10.86666667,4
1394,o_360470546003,1275.12617,610.129,0,13.36666667,10.4,1.183333333
1395,o_360470547001,3524.375115,1770.711,0,38.8,30.08333333,1.8
1396,o_360470547002,4698.482715,552.869,1,27.8,9.383333333,8.633333333
1397,o_360470547003,3556.865115,1803.201,0,39.43333333,30.71666667,1.166666667
1398,o_360470548001,664.9422884,508.051,0,9.45,8.65,2.1
1399,o_360470548002,921.2539973,724.561,0,13.15,12.26666667,1.4
1400,o_360470549001,3781.69471,1736.54,0,39.56666667,29.48333333,1.033333333
1401,o_360470549002,4603.268989,1412.131,0,39.46666667,23.96666667,1.133333333
1402,o_360470550001,1706.543374,714.453,0,15.83333333,12.11666667,2.75
1403,o_360470550002,1086.469437,657.419,0,13.03333333,11.11666667,1.516666667
1404,o_360470550003,1680.376374,688.286,0,15.33333333,11.61666667,3.25
1405,o_360470551001,6878.930035,930.208,1,29.93333333,15.78333333,7.716666667
1406,o_360470551002,2546.052295,869.34,0,18.75,14.75,5.583333333
1407,o_360470551003,2690.616295,1013.904,0,21.2,17.2,3.133333333
1408,o_360470551004,2463.814079,1188.208,0,23.15,20.15,1.183333333
1409,o_360470552001,1755.250374,763.16,0,16.63333333,12.91666667,1.95
1410,o_360470552002,2000.253415,639.871,0,16,10.88333333,2.583333333
1411,o_360470552003,1937.721415,577.339,0,14.86666667,9.75,3.716666667
1412,o_360470553001,3069.19018,733.869,1,20.5,12.53333333,5.983333333
1413,o_360470553002,3053.332881,687.922,1,17.85,11.61666667,7.483333333
1414,o_360470553003,3114.247881,748.837,1,18.88333333,12.65,6.45
1415,o_360470554001,2030.935415,670.553,0,16.46666667,11.35,2.116666667
1416,o_360470554002,2343.933348,620.36,0,16.98333333,10.5,1.6
1417,o_360470554003,1597.654886,564.377,0,14.63333333,9.6,2.966666667
1418,o_360470555001,3649.01918,1313.698,1,30.25,22.28333333,8.233333333
1419,o_360470556001,1981.359,1392.013,0,25.88333333,23.43333333,1.65
1420,o_360470556002,2118.738291,1359.887,0,26.05,22.9,1.483333333
1421,o_360470556003,2085.904655,1641.152,0,29.66666667,27.85,3.75
1422,o_360470557001,4137.988429,1482.691,1,32.35,25.01666667,6.133333333
1423,o_360470557002,3751.842766,1230.775,0,33.18333333,20.88333333,1.366666667
1424,o_360470558001,1697.715663,1288.142,0,23.38333333,21.68333333,4.15
1425,o_360470558002,1790.860663,1381.287,0,24.95,23.25,2.583333333
1426,o_360470560001,1392.671026,1234.841,0,21.41666667,20.76666667,6.116666667
1427,o_360470560002,1531.029026,1373.199,0,23.81666667,23.16666667,3.716666667
1428,o_360470560003,1258.846026,1101.016,0,19.23333333,18.58333333,8.3
1429,o_360470561001,3980.601454,1116.494,0,32.91666667,18.93333333,1.633333333
1430,o_360470561002,3699.399766,1178.332,0,32.25,19.95,2.3
1431,o_360470561003,3379.025368,551.005,0,23.21666667,9.366666667,2.266666667
1432,o_360470561004,3513.952254,1335.551,0,33.36666667,22.75,1.183333333
1433,o_360470562001,1482.767026,1324.937,0,22.96666667,22.31666667,4.566666667
1434,o_360470562002,1320.084026,1162.254,0,20.21666667,19.56666667,7.316666667
1435,o_360470563011,4451.551998,734.619,0,30.65,12.45,3.9
1436,o_360470563012,4477.281998,760.349,0,31.18333333,12.98333333,3.366666667
1437,o_360470563013,4324.474408,895.742,0,32.1,15.31666667,2.45
1438,o_360470563014,4310.918621,805.557,1,22.05,13.71666667,4.933333333
1439,o_360470563021,4592.822998,875.89,0,32.98333333,14.78333333,1.566666667
1440,o_360470563022,4701.236463,797.923,0,32.73333333,13.61666667,1.816666667
1441,o_360470564001,1744.874237,785.379,0,16.68333333,13.35,6.333333333
1442,o_360470564002,1663.554237,704.059,0,15.3,11.96666667,7.716666667
1443,o_360470564003,1352.987274,710.795,0,14.56666667,12.03333333,1.316666667
1444,o_360470565001,4104.560187,1040.308,0,32.68333333,17.7,1.866666667
1445,o_360470565002,4153.126621,647.765,1,19.38333333,11.05,7.6
1446,o_360470565003,4250.485621,745.124,1,21.03333333,12.7,5.95
1447,o_360470566001,1843.74784,1201.554,0,22.91666667,20.38333333,4.966666667
1448,o_360470566002,2105.76114,1338.077,0,25.68333333,22.63333333,2.2
1449,o_360470568001,2417.068877,1249.274,0,25.83333333,21.2,2.05
1450,o_360470568002,2011.41284,1369.219,0,25.73333333,23.2,2.15
1451,o_360470569001,2946.189947,661.354,0,22.38333333,11.21666667,3.1
1452,o_360470569002,3585.801738,876.815,1,22.3,14.96666667,4.683333333
1453,o_360470570001,2952.375464,1284.801,0,27.65,21.86666667,4.7
1454,o_360470570002,3108.345464,1440.771,0,30.2,24.41666667,4.816666667
1455,o_360470570003,2851.692995,1184.448,0,26.73333333,20.1,1.15
1456,o_360470570004,2563.060797,1129.725,0,24.8,19.1,3.083333333
1457,o_360470571001,3058.029977,1455.803,0,32.61666667,24.83333333,1.933333333
1458,o_360470571002,2828.630576,1467.716,0,31.68333333,25.08333333,2.866666667
1459,o_360470571003,2766.597435,824.428,0,23.48333333,14,2
1460,o_360470571004,3555.024738,846.038,1,21.73333333,14.4,5.25
1461,o_360470572001,2995.476464,1327.902,0,28.38333333,22.6,6.633333333
1462,o_360470572002,2755.206995,1087.962,0,25.16666667,18.53333333,2.716666667
1463,o_360470573001,3476.412254,1298.011,0,32.63333333,22.01666667,1.916666667
1464,o_360470573002,3646.467738,937.481,1,23.28333333,15.95,3.7
1465,o_360470573003,3267.890254,1089.489,0,29.1,18.48333333,2.166666667
1466,o_360470574001,2087.931741,1126.848,0,22.81666667,19,1.783333333
1467,o_360470574002,2499.530995,832.286,0,20.85,14.21666667,3.75
1468,o_360470575001,4330.927998,613.995,0,28.65,10.45,2.616666667
1469,o_360470575002,4290.376806,1093.18,1,25.06666667,18.56666667,11.23333333
1470,o_360470575003,4159.970621,654.609,1,19.48333333,11.15,4.216666667
1471,o_360470575004,3829.397923,1428.576,1,29.66666667,24.16666667,6.633333333
1472,o_360470576001,2589.309995,922.065,0,22.4,15.76666667,2.2
1473,o_360470576002,1750.762027,1592.932,0,27.5,26.78333333,6.6
1474,o_360470578001,1902.169027,1744.339,0,30,29.28333333,4.1
1475,o_360470578002,2394.968922,1343.547,0,24.86666667,22.86666667,2.983333333
1476,o_360470579011,4693.259189,546.868,0,29.63333333,9.316666667,1.633333333
1477,o_360470579012,4424.776998,707.844,0,30.2,12,1.066666667
1478,o_360470579021,5084.248621,1578.887,1,35.15,26.81666667,6.55
1479,o_360470580001,2221.662922,1170.241,0,21.88333333,19.88333333,5.966666667
1480,o_360470580002,4466.489921,1213.938,0,29.48333333,20.48333333,1.283333333
1481,o_360470582001,2741.939595,1808.466,0,32.63333333,30.63333333,1.733333333
1482,o_360470582002,1756.094288,1251.251,0,23.81666667,21.21666667,1.166666667
1483,o_360470582003,3172.238823,1784.053,0,33.31666667,30.31666667,1.05
1484,o_360470584001,1835.435391,1109.98,0,22.31666667,18.83333333,3.5
1485,o_360470584002,1396.634746,1156.334,0,20.9,19.66666667,4.083333333
1486,o_360470586001,4009.715692,1211.876,0,28.48333333,20.48333333,2.283333333
1487,o_360470586002,2352.424595,1418.951,0,26.08333333,24.08333333,8.283333333
1488,o_360470588001,1340.939954,598.08,0,13.73333333,10.16666667,2.116666667
1489,o_360470588002,1454.910125,582.485,0,14.08333333,9.9,1.766666667
1490,o_360470589011,3778.271454,914.164,0,29.6,15.61666667,1.666666667
1491,o_360470589012,4209.702738,1500.716,1,32.86666667,25.53333333,8.833333333
1492,o_360470589021,3768.010524,1930.171,0,41.6,32.65,1.666666667
1493,o_360470590001,1630.251581,424.736,0,13,7.216666667,2.85
1494,o_360470591001,2918.051158,1552.056,0,33.11666667,26.46666667,1.083333333
1495,o_360470591002,2847.600158,1481.605,0,31.86666667,25.21666667,2.333333333
1496,o_360470591003,2591.245945,2423.67,0,42.06666667,41.25,1.816666667
1497,o_360470591004,2816.141158,1450.146,0,31.31666667,24.66666667,2.883333333
1498,o_360470592001,4239.368692,1441.529,0,32.4,24.4,5.866666667
1499,o_360470592002,2274.246386,1353.847,0,27.05,22.98333333,1.733333333
1500,o_360470592003,1804.363707,354.705,0,12.85,6.066666667,3
1501,o_360470593001,3285.03307,2800.045,0,49.91666667,47.56666667,2.166666667
1502,o_360470593002,4337.145738,1628.159,1,35,27.66666667,6.7
1503,o_360470594021,2874.782464,1207.208,0,26.33333333,20.55,5.4
1504,o_360470594022,3296.090763,875.501,0,23.8,14.86666667,7.933333333
1505,o_360470594023,3874.645037,1335.233,1,30.75,22.71666667,6.566666667
1506,o_360470594024,2770.603687,1477.181,0,30.8,25.01666667,1.166666667
1507,o_360470594031,2529.071135,1473.112,0,29.21666667,24.9,2.75
1508,o_360470594032,2658.065125,1785.64,0,34.38333333,30.2,1.466666667
1509,o_360470594033,2359.933611,1623.956,0,30.43333333,27.43333333,1.533333333
1510,o_360470594041,2235.099306,1843.014,0,32.86666667,31.25,2.916666667
1511,o_360470594042,2067.699843,1433.069,0,27.06666667,24.26666667,1.716666667
1512,o_360470594043,1918.50642,1499.719,0,27.3,25.35,1.483333333
1513,o_360470596001,3194.461763,773.872,0,22.06666667,13.13333333,9.666666667
1514,o_360470596002,3500.892763,1080.303,0,27.23333333,18.3,4.5
1515,o_360470596003,2746.727233,2590.448,0,44.78333333,43.95,1.266666667
1516,o_360470598001,3724.324254,1741.402,0,37.23333333,29.46666667,1.366666667
1517,o_360470598002,3267.483379,1464.181,0,33.08333333,24.86666667,2.766666667
1518,o_360470600001,2739.357482,1693.241,0,33.85,28.83333333,2
1519,o_360470600002,2434.438814,1786.529,0,33.03333333,30.38333333,2.75
1520,o_360470600003,2055.480891,1839.809,0,32.1,31.21666667,3.683333333
1521,o_360470600004,1925.36342,1506.576,0,27.53333333,25.58333333,1.25
1522,o_360470600005,1881.149707,431.491,0,14.2,7.416666667,1.65
1523,o_360470606001,1504.146482,458.03,0,12.93333333,7.916666667,2.916666667
1524,o_360470606002,1251.087954,508.228,0,12.23333333,8.666666667,3.616666667
1525,o_360470608001,2379.690814,1731.781,0,32.05,29.4,3.733333333
1526,o_360470608002,1604.095804,1418.442,0,25.1,24.18333333,5.1
1527,o_360470608003,1840.857049,1648.208,0,28.86666667,27.96666667,5.183333333
1528,o_360470610021,2517.639711,1166.667,0,25.55,19.76666667,2.366666667
1529,o_360470610022,2211.059941,1271.255,0,25.7,21.53333333,2.216666667
1530,o_360470610023,2328.672804,819.61,0,20.2,13.9,1.716666667
1531,o_360470610031,1645.285999,1482.716,0,26.06666667,25.33333333,1.85
1532,o_360470610032,1370.253804,1184.6,0,21.1,20.18333333,9.1
1533,o_360470610041,2346.081856,1177.741,0,25.15,19.96666667,2.766666667
1534,o_360470610042,2118.572905,1333.968,0,26.16666667,22.68333333,1.75
1535,o_360470610043,2311.371804,802.309,0,19.86666667,13.56666667,2.05
1536,o_360470610044,2173.854711,822.882,0,19.7,13.91666667,2.216666667
1537,o_360470610045,2535.330711,1184.358,0,25.85,20.06666667,2.066666667
1538,o_360470612001,2232.191154,1834.428,0,32.96666667,31.1,2.466666667
1539,o_360470616001,3680.553864,951.019,0,26.4,16.06666667,1.516666667
1540,o_360470620001,2978.356808,1077.83,0,25.86666667,18.26666667,2.05
1541,o_360470620002,3560.279903,968.563,0,26.28333333,16.4,1.633333333
1542,o_360470622001,3586.291665,1454.715,0,33.33333333,24.6,2.45
1543,o_360470622002,3316.916683,1483.144,0,32.6,25.08333333,3.183333333
1544,o_360470626001,3701.311763,1280.722,0,30.7,21.76666667,1.033333333
1545,o_360470626002,3718.279658,1045.889,0,27.96666667,17.71666667,4.166666667
1546,o_360470628001,4028.112814,821.908,1,24.55,14.13333333,8.583333333
1547,o_360470628002,3462.767935,3227.787,0,55.33333333,54.55,2.516666667
1548,o_360470628003,4746.903399,785.95,1,25.86666667,13.4,7.266666667
1549,o_360470628004,4412.19321,791.758,1,25.11666667,13.56666667,8.016666667
1550,o_360470632001,2397.974935,2162.994,0,37.41666667,36.63333333,2.583333333
1551,o_360470632002,2887.851149,1005.164,1,23.81666667,17,6.65
1552,o_360470636001,1464.805788,1307.371,0,22.71666667,22.1,14.08333333
1553,o_360470638001,2007.945442,1513.757,0,27.15,25.56666667,2.4
1554,o_360470638002,1578.248935,1343.268,0,23.55,22.76666667,14.3
1555,o_360470640001,2034.027823,1381.057,0,25.36666667,23.36666667,2.65
1556,o_360470640002,1180.004079,873.384,0,16.01666667,14.8,2.116666667
1557,o_360470642001,1417.495761,1081.922,0,19.83333333,18.51666667,1.183333333
1558,o_360470642002,530.0412884,373.15,0,7.166666667,6.366666667,1.233333333
1559,o_360470644001,1092.999576,635.255,0,12.56666667,10.73333333,1.016666667
1560,o_360470644002,1036.404045,878.438,0,15.58333333,14.96666667,2.55
1561,o_360470644003,815.6590447,657.693,0,11.7,11.08333333,3.766666667
1562,o_360470646001,937.6932608,755.5,0,13.75,12.83333333,2.116666667
1563,o_360470646002,1054.137031,692.046,0,13.38333333,11.73333333,1.716666667
1564,o_360470648001,1632.247964,1413.751,0,25.05,23.95,3.333333333
1565,o_360470648002,1675.89226,1355.655,0,24.86666667,23.1,1.55
1566,o_360470650001,1656.669266,1451.702,0,25.61666667,24.73333333,3.116666667
1567,o_360470650002,1196.643809,523.75,0,12.1,8.883333333,1.6
1568,o_360470652001,2072.327676,1914.842,0,32.95,32.36666667,2.9
1569,o_360470654001,1910.196267,1381.738,0,25.05,23.26666667,1.683333333
1570,o_360470654002,1935.910788,1778.476,0,30.73333333,30.11666667,6.066666667
1571,o_360470656001,1292.928761,1121.663,0,19.46666667,18.98333333,1.35
1572,o_360470656002,2716.810298,604.286,1,17.13333333,10.23333333,6.466666667
1573,o_360470658001,1815.223788,1657.789,0,28.61666667,28,8.183333333
1574,o_360470658002,3505.318488,708.453,1,23.18333333,12.05,7.283333333
1575,o_360470660001,2172.946788,2015.512,0,34.7,34.08333333,2.1
1576,o_360470660002,3270.30433,1362.621,0,31.43333333,22.93333333,1.6
1577,o_360470662001,2829.017574,999.079,1,24.85,16.85,6.85
1578,o_360470666001,4738.44521,1118.01,1,30.31666667,18.76666667,6.75
1579,o_360470670001,2431.917488,1491.238,0,29.73333333,25.41666667,5.383333333
1580,o_360470670002,2735.885448,1557.059,0,31.68333333,26.46666667,3.433333333
1581,o_360470672001,1636.020266,1431.053,0,25.26666667,24.38333333,3.466666667
1582,o_360470674001,1476.384266,1271.417,0,22.56666667,21.68333333,6.166666667
1583,o_360470674002,1568.345266,1363.378,0,24.05,23.16666667,4.683333333
1584,o_360470676001,2365.040214,2120.221,0,37.21666667,36.06666667,1.083333333
1585,o_360470676002,2120.890214,1876.071,0,33,31.85,5.3
1586,o_360470678001,2441.308701,2278.529,0,39.46666667,38.83333333,4.7
1587,o_360470678002,2233.785898,1282.344,0,26.08333333,21.68333333,4.616666667
1588,o_360470680001,2180.072325,1929.8,0,33.7,32.81666667,2.5
1589,o_360470680002,1953.932426,1523.686,0,28,25.81666667,2.7
1590,o_360470682001,2154.590809,1481.697,0,28.43333333,25.21666667,2.266666667
1591,o_360470682002,2534.61081,1190.387,1,26.48333333,20.3,5.216666667
1592,o_360470686001,3160.538087,2420.467,0,43.3,41.01666667,2.15
1593,o_360470686002,2985.718574,1155.78,1,27.61666667,19.61666667,4.083333333
1594,o_360470688001,2653.295472,2455.871,0,42.55,41.86666667,1.916666667
1595,o_360470688002,3228.276326,1071.285,1,27.5,18.26666667,4.2
1596,o_360470690001,2697.411325,2447.139,0,42.51666667,41.63333333,3.683333333
1597,o_360470690002,2217.006809,1544.113,0,29.55,26.33333333,1.15
1598,o_360470692001,2396.461898,1445.02,0,28.88333333,24.48333333,1.816666667
1599,o_360470692002,2324.476898,1373.035,0,27.63333333,23.23333333,3.066666667
1600,o_360470696011,2904.412303,2666.188,0,46.23333333,45.31666667,1.066666667
1601,o_360470696012,3670.894868,2120.997,0,41.61666667,36.15,2.416666667
1602,o_360470696021,3410.678325,3160.406,0,54.56666667,53.68333333,1.633333333
1603,o_360470696022,3215.675325,2965.403,0,51.3,50.41666667,4.9
1604,o_360470696023,4516.156585,3291.321,0,59.61666667,55.85,3.183333333
1605,o_360470698001,3219.117325,2968.845,0,51.45,50.56666667,4.75
1606,o_360470698002,3409.294722,2363.63,0,43.68333333,39.88333333,1.766666667
1607,o_360470700001,4970.154185,3246.942,0,60.58333333,55.11666667,2.216666667
1608,o_360470700002,5090.785837,2127.121,1,49.11666667,36.2,8.083333333
1609,o_360470702011,5786.528358,885.048,1,33.98333333,14.95,7.45
1610,o_360470702012,4570.400155,2263.412,1,48.9,38.21666667,5.05
1611,o_360470702013,4948.371517,2757.382,1,57.21666667,46.81666667,6.116666667
1612,o_360470702014,4480.170155,2173.182,1,47.31666667,36.63333333,6.633333333
1613,o_360470702015,4866.553572,2915.605,1,58.6,49.26666667,4.733333333
1614,o_360470706011,5922.037226,3574.542,0,67.78333333,60.2,2.233333333
1615,o_360470706012,4304.379335,2290.98,1,48.25,38.81666667,5.7
1616,o_360470706021,8793.697679,3555.031,2,78.36666667,59.63333333,9.183333333
1617,o_360470720001,2545.998626,1368.501,0,28.65,23.28333333,1.966666667
1618,o_360470722001,4358.645487,1327.255,1,33.15,22.6,4.483333333
1619,o_360470722002,2433.967898,1482.526,0,29.51666667,25.11666667,1.1
1620,o_360470724001,3494.493552,1605.298,0,33.75,27.16666667,2.883333333
1621,o_360470724002,2551.715731,1860.813,0,34.53333333,31.73333333,2.366666667
1622,o_360470726001,2006.735426,1576.489,0,28.81666667,26.63333333,1.8
1623,o_360470728001,2986.952731,2296.05,0,41.81666667,39.01666667,2.083333333
1624,o_360470728002,2177.372701,2014.593,0,34.88333333,34.25,2.2
1625,o_360470730001,2253.234214,2008.415,0,35.26666667,34.11666667,2.95
1626,o_360470730002,1492.399007,1388.724,0,24.18333333,23.6,1.6
1627,o_360470732001,1856.915099,405.23,0,12.55,6.9,1.9
1628,o_360470732002,2352.517214,2107.698,0,36.91666667,35.76666667,1.3
1629,o_360470734001,2296.557878,1228.716,0,24.16666667,20.9,1.033333333
1630,o_360470734002,1592.929398,1205.721,0,22.15,20.5,3.183333333
1631,o_360470736001,1880.196099,428.511,0,12.91666667,7.266666667,1.533333333
1632,o_360470736002,973.7354262,543.489,0,11.35,9.166666667,2.266666667
1633,o_360470736003,1456.211398,1069.003,0,19.78333333,18.13333333,5.55
1634,o_360470738001,1385.136398,997.928,0,18.58333333,16.93333333,6.75
1635,o_360470738002,951.9354262,521.689,0,11.03333333,8.85,2.583333333
1636,o_360470738003,883.9424262,453.696,0,9.866666667,7.683333333,3.75
1637,o_360470740001,1644.519398,1257.311,0,22.98333333,21.33333333,2.35
1638,o_360470740002,1440.341398,1053.133,0,19.55,17.9,5.783333333
1639,o_360470742001,1642.114878,574.273,0,13.05,9.783333333,3.15
1640,o_360470742002,1392.115295,570.042,0,12.21666667,9.7,3.983333333
1641,o_360470744001,1289.931107,1119.372,0,19.75,18.88333333,1.45
1642,o_360470744002,1076.545846,841.652,0,15.3,14.15,1.183333333
1643,o_360470746001,1004.075267,475.617,0,10.11666667,8.05,4.333333333
1644,o_360470746002,858.6818219,496.592,0,10.1,8.466666667,1.833333333
1645,o_360470748001,1026.026948,413.255,0,8.75,7.05,1.533333333
1646,o_360470748002,967.0459475,354.274,0,7.766666667,6.066666667,2.516666667
1647,o_360470750001,1638.755878,570.914,0,13.01666667,9.75,3.183333333
1648,o_360470750002,1211.970107,1041.411,0,18.36666667,17.5,2.833333333
1649,o_360470752001,1822.011386,1287.875,0,23.43333333,21.8,1.766666667
1650,o_360470754001,1181.899107,1011.34,0,17.9,17.03333333,3.3
1651,o_360470754002,1166.607107,996.048,0,17.7,16.83333333,3.5
1652,o_360470756001,1108.383045,950.417,0,16.76666667,16.15,1.283333333
1653,o_360470756002,1303.069852,1042.689,0,18.46666667,17.68333333,1.883333333
1654,o_360470758001,1267.550308,918.495,0,17.06666667,15.65,1.766666667
1655,o_360470758002,1081.399308,732.344,0,13.91666667,12.5,4.916666667
1656,o_360470760001,1464.517311,982.048,0,18.55,16.6,1.716666667
1657,o_360470760002,1343.126311,860.657,0,16.46666667,14.51666667,3.8
1658,o_360470760003,1572.630512,1411.517,0,24.51666667,23.7,2.3
1659,o_360470762001,2262.912295,1440.839,0,26.98333333,24.46666667,2.366666667
1660,o_360470762002,3175.702395,1340.013,0,27.25,22.75,6.55
1661,o_360470762003,3369.621395,1533.932,0,30.46666667,25.96666667,3.333333333
1662,o_360470764001,3197.101076,1364.382,1,29.78333333,23.03333333,6.8
1663,o_360470764002,4480.281242,809.185,1,24.01666667,13.68333333,5.483333333
1664,o_360470764003,3556.748395,1721.059,0,33.61666667,29.11666667,7.183333333
1665,o_360470766001,2751.778373,1521.979,0,29.18333333,25.76666667,6.4
1666,o_360470768001,1749.282703,1477.359,0,26.31666667,25,2.25
1667,o_360470768002,2438.11832,1434.771,0,26.88333333,24.38333333,6.916666667
1668,o_360470768003,2506.464206,469.839,1,15.48333333,7.95,5.283333333
1669,o_360470770001,2394.683512,1059.101,0,22.15,18.06666667,3.05
1670,o_360470770002,3180.393736,1046.838,2,26.25,17.76666667,11.98333333
1671,o_360470772001,2591.959512,1256.377,0,25.5,21.41666667,2.966666667
1672,o_360470772002,2270.753295,1448.68,0,26.95,24.43333333,1.516666667
1673,o_360470774001,2477.55773,1035.489,0,22.21666667,17.58333333,1.85
1674,o_360470774002,2424.77137,1063.795,0,22.53333333,18.15,1.533333333
1675,o_360470776001,2506.845289,756.022,0,18.28333333,12.91666667,1.183333333
1676,o_360470776002,2068.320512,732.738,0,16.56666667,12.48333333,2.9
1677,o_360470776003,2456.954878,1389.113,0,26.78333333,23.51666667,1.683333333
1678,o_360470780001,3006.088289,1255.265,0,26.75,21.38333333,1.716666667
1679,o_360470780002,2904.690289,1153.867,0,25.13333333,19.76666667,3.333333333
1680,o_360470782001,2589.772433,1447.779,0,29.38333333,24.38333333,2.066666667
1681,o_360470782002,2279.389208,1443.716,0,28.01666667,24.35,3.433333333
1682,o_360470784001,2684.358512,1348.776,0,27,22.91666667,1.466666667
1683,o_360470784002,2606.81641,1245.84,0,27.01666667,21.2,1.583333333
1684,o_360470786011,2333.346289,582.523,0,15.35,9.983333333,4.116666667
1685,o_360470786012,2322.29537,961.319,0,20.71666667,16.33333333,3.35
1686,o_360470786021,2451.538289,700.715,0,17.33333333,11.96666667,2.133333333
1687,o_360470786022,2468.870289,718.047,0,17.6,12.23333333,1.866666667
1688,o_360470788011,2455.194967,984.658,1,21.45,16.65,7.05
1689,o_360470788012,2610.161967,1139.625,1,24.08333333,19.28333333,4.416666667
1690,o_360470788021,2508.068967,1037.532,1,22.3,17.5,6.2
1691,o_360470790011,2416.561422,1762.427,0,33.03333333,29.75,1.166666667
1692,o_360470790021,2479.085967,1008.549,1,21.9,17.1,6.6
1693,o_360470790022,2465.166448,1344.201,0,26.96666667,22.68333333,1.866666667
1694,o_360470790023,2508.621967,1038.085,1,22.38333333,17.58333333,6.116666667
1695,o_360470792011,2112.628178,1590.885,0,29.45,26.8,2.55
1696,o_360470792021,2051.318397,1152.273,1,22.81666667,19.51666667,5.683333333
1697,o_360470792022,2094.062397,1195.017,1,23.56666667,20.26666667,4.933333333
1698,o_360470794001,1811.038215,1597.905,0,28.15,26.93333333,2.083333333
1699,o_360470794002,1708.131583,1448.982,0,26.3,24.5,1.2
1700,o_360470794003,1753.460894,1264.401,0,25.01666667,21.4,2.483333333
1701,o_360470796011,1804.506296,1190.079,0,23.08333333,20.03333333,1.75
1702,o_360470796012,1992.196278,1055.484,0,22.91666667,17.81666667,1.916666667
1703,o_360470796021,1833.159296,1218.732,0,23.58333333,20.53333333,1.25
1704,o_360470796022,2189.301463,1014.777,0,23.71666667,17.1,1.116666667
1705,o_360470798011,2474.402624,692.457,1,21.65,11.71666667,4.183333333
1706,o_360470798012,2211.857867,898.744,0,22.76666667,15.28333333,2.066666667
1707,o_360470798021,2498.631911,784.013,0,23.28333333,13.23333333,1.55
1708,o_360470798022,3231.557652,1562.707,0,34.13333333,26.65,1.833333333
1709,o_360470798023,2141.856463,967.332,0,22.98333333,16.36666667,1.85
1710,o_360470800001,1523.166982,1200.882,0,22.58333333,20.53333333,1.05
1711,o_360470800002,1451.093982,1128.809,0,21.31666667,19.26666667,2.316666667
1712,o_360470800003,1777.898296,1163.471,0,22.66666667,19.61666667,2.166666667
1713,o_360470802001,1618.35602,1217.352,0,22.56666667,20.56666667,2.266666667
1714,o_360470802002,2415.318686,1058.713,1,20.86666667,17.86666667,6.183333333
1715,o_360470802003,1698.540296,1084.113,0,21.31666667,18.26666667,3.516666667
1716,o_360470804001,1464.867348,800.592,1,17.15,13.53333333,4.966666667
1717,o_360470804002,1391.293656,1186.182,0,21.4,20.23333333,1.083333333
1718,o_360470804003,1010.771899,841.82,0,15.18333333,14.23333333,1.15
1719,o_360470806001,1955.137843,1276.835,0,23.06666667,21.56666667,1.366666667
1720,o_360470806002,1222.68899,798.272,0,15.7,13.58333333,1.016666667
1721,o_360470808001,658.8912472,499.156,0,9.266666667,8.533333333,7.45
1722,o_360470810001,1199.76299,775.346,0,15.3,13.18333333,1.416666667
1723,o_360470810002,1167.526276,954.103,0,17.21666667,16.16666667,3.9
1724,o_360470814001,902.0682472,742.333,0,13.35,12.61666667,3.366666667
1725,o_360470814002,980.5683783,732.259,0,13.65,12.41666667,1.883333333
1726,o_360470816001,1206.854378,958.545,0,17.5,16.26666667,1.016666667
1727,o_360470816002,917.7485042,710.997,0,13.25,12.06666667,3.883333333
1728,o_360470818001,1034.499504,827.748,0,15.13333333,13.95,2
1729,o_360470818002,1097.10224,889.798,0,15.88333333,14.98333333,3.566666667
1730,o_360470818003,1310.201215,1097.068,0,19.7,18.48333333,1.533333333
1731,o_360470820001,1778.925257,1131.886,0,20.53333333,19.03333333,1.733333333
1732,o_360470820002,898.706899,729.755,0,13.26666667,12.31666667,3.066666667
1733,o_360470820003,1304.635215,1091.502,0,19.58333333,18.36666667,1.65
1734,o_360470822001,1814.18728,1584.277,0,28.05,26.8,1.066666667
1735,o_360470822002,1613.46402,1212.46,0,22.45,20.45,2.383333333
1736,o_360470822003,1774.691296,1160.264,0,22.58333333,19.53333333,2.25
1737,o_360470822004,1813.091296,1198.664,0,23.26666667,20.21666667,1.566666667
1738,o_360470824001,909.7062402,702.402,0,12.71666667,11.81666667,6.733333333
1739,o_360470824002,1096.52424,889.22,0,15.86666667,14.96666667,3.583333333
1740,o_360470824003,1704.846215,1491.713,0,26.41666667,25.2,3.816666667
1741,o_360470824004,1053.588583,794.439,0,15.21666667,13.41666667,2.283333333
1742,o_360470826001,1265.148654,824.915,0,15.83333333,13.9,3.616666667
1743,o_360470826002,2261.091071,974.156,0,19.46666667,16.46666667,1.083333333
1744,o_360470826003,2685.845367,784.483,1,19.35,13.3,6.483333333
1745,o_360470826004,1581.000583,1321.851,0,24.13333333,22.33333333,3.366666667
1746,o_360470828001,1963.824397,1064.779,1,21.28333333,17.98333333,7.216666667
1747,o_360470828002,2301.335967,830.799,1,18.88333333,14.08333333,9.616666667
1748,o_360470828003,2049.144397,1150.099,1,22.76666667,19.46666667,5.733333333
1749,o_360470830001,1887.242773,745.249,0,17.55,12.55,1.9
1750,o_360470830002,1866.247773,724.254,0,17.18333333,12.18333333,2.266666667
1751,o_360470830003,2530.922967,1060.386,1,22.78333333,17.98333333,5.716666667
1752,o_360470830004,2369.665967,899.129,1,20.05,15.25,8.45
1753,o_360470832001,2078.670501,1638.437,0,29.55,27.61666667,1.9
1754,o_360470832002,1896.166409,1663.237,0,29.08333333,28.05,4.983333333
1755,o_360470834001,2209.297588,1582.159,0,29.4,26.65,2.083333333
1756,o_360470834002,2488.710433,1346.717,0,27.81666667,22.81666667,3.666666667
1757,o_360470836001,2735.039402,2496.8,0,43.43333333,42.05,1.25
1758,o_360470836002,4272.403495,1139.796,2,29.38333333,19.3,12.15
1759,o_360470838001,2242.123402,2003.884,0,35.15,33.76666667,9.533333333
1760,o_360470838002,2265.715402,2027.476,0,35.56666667,34.18333333,9.116666667
1761,o_360470840001,2292.826385,1020.894,0,24.03333333,17.18333333,2.616666667
1762,o_360470840002,3154.221752,1283.779,1,30.76666667,21.66666667,6.233333333
1763,o_360470846001,2270.567385,998.635,0,23.66666667,16.81666667,2.983333333
1764,o_360470846002,2513.731007,1031.631,0,25.15,17.35,1.5
1765,o_360470848001,1837.445856,1213.534,0,24.35,20.45,2.3
1766,o_360470848002,3422.889675,1085.282,1,28.86666667,18.55,2.283333333
1767,o_360470850001,2095.961491,1027.85,0,23.31666667,17.4,3.333333333
1768,o_360470852001,1939.465945,1204.652,0,23.86666667,20.31666667,7.45
1769,o_360470854001,1384.610654,944.377,0,17.85,15.91666667,1.633333333
1770,o_360470854002,1716.852409,1483.923,0,26.08333333,25.05,7.983333333
1771,o_360470856001,1154.69524,947.391,0,16.85,15.95,2.633333333
1772,o_360470856002,1085.53224,878.228,0,15.7,14.8,3.783333333
1773,o_360470856003,1046.58624,839.282,0,15,14.1,4.483333333
1774,o_360470858001,1843.301101,1353.717,0,25.55,22.86666667,1.783333333
1775,o_360470858002,1083.297349,915.797,0,16.61666667,15.46666667,4.2
1776,o_360470860001,1463.374768,608.022,0,15.23333333,10.28333333,2.416666667
1777,o_360470860002,1609.450596,1338.36,0,24.26666667,22.56666667,2.383333333
1778,o_360470860003,1740.216209,1300.208,0,24.76666667,22.01666667,1.883333333
1779,o_360470862001,1622.373596,1351.283,0,24.45,22.75,2.2
1780,o_360470862002,1577.984596,1306.894,0,23.7,22,2.95
1781,o_360470862003,1466.703706,1315.414,0,22.91666667,22.16666667,2.2
1782,o_360470864001,1808.963581,1523.015,0,27.35,25.95,2.383333333
1783,o_360470864002,989.9303355,812.636,0,14.73333333,13.9,1.533333333
1784,o_360470866001,1121.17345,874.344,0,15.95,14.78333333,1.616666667
1785,o_360470866002,1715.651312,1516.94,0,26.75,25.76666667,1.05
1786,o_360470866003,1258.739209,818.731,0,16.63333333,13.88333333,1.016666667
1787,o_360470868001,895.1135959,624.023,0,12.2,10.5,5.45
1788,o_360470868002,926.9265959,655.836,0,12.75,11.05,4.9
1789,o_360470868003,1120.386596,849.296,0,16,14.3,1.65
1790,o_360470870001,1101.377596,830.287,0,15.71666667,14.01666667,1.933333333
1791,o_360470870002,1228.458209,788.45,0,16.15,13.4,1.5
1792,o_360470870003,1129.012596,857.922,0,16.26666667,14.56666667,1.383333333
1793,o_360470872001,1625.711449,1177.476,0,22.25,19.86666667,1.25
1794,o_360470872002,1393.479596,1122.389,0,20.66666667,18.96666667,5.983333333
1795,o_360470872003,1553.415596,1282.325,0,23.35,21.65,3.3
1796,o_360470874011,1389.635743,1124.954,0,20.38333333,19,2.45
1797,o_360470874012,1277.193743,1012.512,0,18.43333333,17.05,4.4
1798,o_360470876001,1058.035699,793.561,0,14.68333333,13.43333333,1.033333333
1799,o_360470876002,1699.574312,1500.863,0,26.33333333,25.35,1.466666667
1800,o_360470878001,1208.366658,652.176,0,13.71666667,11.1,2
1801,o_360470878002,1624.834871,975.175,0,18.91666667,16.56666667,1.9
1802,o_360470878003,1249.921312,1051.21,0,18.8,17.81666667,3
1803,o_360470880011,1132.109907,598.085,0,12.6,10.05,1.05
1804,o_360470880012,1018.890699,754.416,0,14.13333333,12.88333333,1.583333333
1805,o_360470880021,917.6306988,653.156,0,12.33333333,11.08333333,3.383333333
1806,o_360470882001,1047.608699,783.134,0,14.55,13.3,1.166666667
1807,o_360470882002,1231.860658,675.67,0,14.06666667,11.45,1.65
1808,o_360470882003,1633.766093,1383.112,0,24.63333333,23.36666667,2.433333333
1809,o_360470882004,1795.521581,1509.573,0,27.08333333,25.68333333,2.65
1810,o_360470884001,1196.226827,1101.813,0,19.23333333,18.76666667,5.65
1811,o_360470884002,1446.014827,1351.601,0,23.41666667,22.95,1.466666667
1812,o_360470884003,1695.005634,1479.221,0,26.33333333,25.13333333,2.2
1813,o_360470886001,1501.381415,861.699,0,18.58333333,14.61666667,1.9
1814,o_360470886002,948.6881164,709.616,0,13.48333333,12,4.55
1815,o_360470886003,1402.860298,1002.25,0,19.43333333,16.95,1.05
1816,o_360470888001,736.5757303,594.196,0,10.58333333,10.01666667,1.616666667
1817,o_360470888002,857.2313661,443.524,0,9.166666667,7.55,3.033333333
1818,o_360470888003,931.9923661,518.285,0,10.46666667,8.85,1.733333333
1819,o_360470890001,1177.524543,1001.785,0,17.95,16.88333333,2.533333333
1820,o_360470890002,978.7261404,789.496,0,14.51666667,13.41666667,2.416666667
1821,o_360470890003,562.4527303,420.073,0,7.616666667,7.05,4.583333333
1822,o_360470890004,607.2417303,464.862,0,8.4,7.833333333,3.8
1823,o_360470890005,543.0993742,365.805,0,6.916666667,6.233333333,2.866666667
1824,o_360470890006,619.3967303,477.017,0,8.533333333,7.966666667,3.666666667
1825,o_360470892001,1366.289827,1271.876,0,22.08333333,21.61666667,2.8
1826,o_360470892002,1610.988634,1395.204,0,24.91666667,23.71666667,3.616666667
1827,o_360470892003,1424.423415,784.741,0,17.25,13.28333333,3.233333333
1828,o_360470892004,1400.161298,999.551,0,19.43333333,16.95,1.05
1829,o_360470894001,1698.368773,825.272,0,19.35,13.93333333,1.133333333
1830,o_360470894002,1194.964543,1019.225,0,18.3,17.23333333,2.183333333
1831,o_360470894003,991.8701404,802.64,0,14.78333333,13.68333333,2.15
1832,o_360470894004,844.8811404,655.651,0,12.31666667,11.21666667,4.616666667
1833,o_360470896001,1064.443543,888.704,0,16.08333333,15.01666667,4.4
1834,o_360470896002,714.4061488,488.328,0,9.366666667,8.233333333,4.366666667
1835,o_360470896003,648.8945427,473.155,0,9.1,8.033333333,1.383333333
1836,o_360470898001,1599.522149,1373.444,0,24.28333333,23.15,1.45
1837,o_360470898002,1239.899543,1064.16,0,19.03333333,17.96666667,1.45
1838,o_360470900001,1521.725917,1266.678,0,22.43333333,21.43333333,5.683333333
1839,o_360470900002,1587.804917,1332.757,0,23.46666667,22.46666667,4.65
1840,o_360470900003,1670.059917,1415.012,0,24.88333333,23.88333333,3.233333333
1841,o_360470900004,1719.604917,1464.557,0,25.71666667,24.71666667,2.4
1842,o_360470900005,1813.279811,731.459,0,19.08333333,12.36666667,1.4
1843,o_360470900006,1797.018811,715.198,0,18.81666667,12.1,1.666666667
1844,o_360470900007,1658.221634,1442.437,0,25.75,24.55,2.783333333
1845,o_360470902001,1925.656229,1496.167,0,26.91666667,25.25,1.2
1846,o_360470902002,1667.507917,1412.46,0,24.83333333,23.83333333,3.283333333
1847,o_360470902003,1589.917917,1334.87,0,23.53333333,22.53333333,2.65
1848,o_360470902004,1477.686917,1222.639,0,21.68333333,20.68333333,4.5
1849,o_360470902005,1815.708229,1386.219,0,25.08333333,23.41666667,1.1
1850,o_360470906001,2847.327674,1783.338,0,35.51666667,30.18333333,1.5
1851,o_360470906002,2172.384504,1536.654,0,28.1,26.1,4.533333333
1852,o_360470906003,3055.600448,1539.416,1,33.76666667,26.1,3.983333333
1853,o_360470908001,3447.077211,1328.9,1,33.43333333,22.63333333,4.316666667
1854,o_360470908002,2634.295444,1596.037,0,32.21666667,26.95,2.283333333
1855,o_360470908003,2524.753506,1809.173,0,33.96666667,30.48333333,2.783333333
1856,o_360470910001,2437.060767,1241.554,0,24.03333333,21.03333333,1.1
1857,o_360470910002,2321.680767,1126.174,0,22.08333333,19.08333333,3.05
1858,o_360470910003,1913.456186,1465.067,0,27.03333333,24.85,2.25
1859,o_360470910004,2255.003767,1059.497,0,20.98333333,17.98333333,4.15
1860,o_360470912001,1922.147504,1286.417,0,23.91666667,21.91666667,1.216666667
1861,o_360470912002,2076.876711,1508.892,0,27.71666667,25.48333333,2.383333333
1862,o_360470912003,1740.645654,1164.274,0,22.56666667,19.71666667,1.233333333
1863,o_360470916001,1305.771149,1079.693,0,19.35,18.23333333,2.4
1864,o_360470916002,1092.592149,866.514,0,15.78333333,14.66666667,5.966666667
1865,o_360470916003,1085.069543,909.33,0,16.61666667,15.55,1.933333333
1866,o_360470916004,749.3861488,523.308,0,9.966666667,8.833333333,1.833333333
1867,o_360470918001,1463.149654,886.778,0,17.75,14.95,4
1868,o_360470918002,1677.756506,962.176,0,19.75,16.26666667,2
1869,o_360470920001,1040.024654,463.653,0,10.66666667,7.816666667,1.133333333
1870,o_360470920002,1151.093425,989.124,0,17.63333333,16.85,1.65
1871,o_360470920003,1346.053186,897.664,0,17.53333333,15.35,1.75
1872,o_360470920004,1472.379251,848.547,0,17.53333333,14.5,1.75
1873,o_360470922001,1071.937425,909.968,0,16.33333333,15.55,2.95
1874,o_360470922002,786.1681488,560.09,0,10.66666667,9.533333333,1.133333333
1875,o_360470924001,3277.820465,469.64,1,24.51666667,7.916666667,5.033333333
1876,o_360470924002,1689.085229,1259.596,0,22.98333333,21.31666667,3.2
1877,o_360470924003,1365.793149,1139.715,0,20.33333333,19.21666667,1.416666667
1878,o_360470928001,1186.824356,910.273,0,16.91666667,15.55,1.666666667
1879,o_360470928002,945.1409143,767.846,0,13.7,13.01666667,3.15
1880,o_360470928003,740.1451488,514.067,0,9.966666667,8.833333333,1.833333333
1881,o_360470930001,836.3463355,659.052,0,12.05,11.21666667,2.283333333
1882,o_360470930002,1655.932611,1490.109,0,25.8,25.23333333,2.8
1883,o_360470932001,3356.997031,1261.073,1,31.41666667,21.28333333,3.65
1884,o_360470934001,959.3099825,463.133,0,10.11666667,7.8,4.216666667
1885,o_360470934002,1422.462301,1179.119,0,21.06666667,20.1,7.983333333
1886,o_360470936001,1003.031982,506.855,0,10.9,8.583333333,3.433333333
1887,o_360470936002,1677.135301,1433.792,0,25.36666667,24.4,3.683333333
1888,o_360470938001,1780.915856,1157.004,0,23.45,19.55,1.266666667
1889,o_360470938002,1265.221476,521.851,0,12.3,8.85,2.033333333
1890,o_360470944011,2496.507089,2074.8,0,36.78333333,35.13333333,1.266666667
1891,o_360470944012,3537.737004,972.142,0,26.28333333,16.38333333,1.983333333
1892,o_360470944013,2749.432066,1106.189,0,24.85,18.68333333,2.666666667
1893,o_360470944014,2783.760066,1140.517,0,25.48333333,19.31666667,2.033333333
1894,o_360470944021,3666.777552,1777.582,0,36.75,30.16666667,1.25
1895,o_360470946001,2339.889903,696.716,0,18.16666667,11.81666667,1.1
1896,o_360470946002,2263.505903,620.332,0,16.88333333,10.53333333,2.383333333
1897,o_360470946003,2504.630988,609.943,0,17.51666667,10.2,1.75
1898,o_360470950001,4755.463475,1222.745,1,33.78333333,20.78333333,5.216666667
1899,o_360470950002,2828.020066,1184.777,0,26.26666667,20.1,1.25
1900,o_360470954001,2755.210306,1112.041,0,25.2,18.85,3.066666667
1901,o_360470954002,2666.283849,2409.776,0,41.75,40.85,3.1
1902,o_360470954003,3246.140074,1781.334,0,35.85,30.18333333,1.416666667
1903,o_360470956001,3837.624737,1486.842,1,34.1,25.18333333,3.166666667
1904,o_360470956002,3224.726542,1482.894,1,31.81666667,25.06666667,5.45
1905,o_360470958001,2472.228217,1250.766,0,25.93333333,21.23333333,2.333333333
1906,o_360470958002,2678.627646,1067.814,0,24.53333333,18.25,1.316666667
1907,o_360470960001,2013.092773,791.63,0,18.01666667,13.31666667,1.25
1908,o_360470962001,1935.537666,1197.661,0,23.65,20.46666667,2.2
1909,o_360470964001,2268.200912,1112.171,0,23.7,19.03333333,2.15
1910,o_360470964002,2478.925837,1076.368,0,23.95,18.4,1.9
1911,o_360470966001,2943.215592,960.626,0,24.75,16.4,1.1
1912,o_360470966002,2843.250997,998.391,1,24.06666667,16.83333333,7.033333333
1913,o_360470968001,2399.933034,957.761,1,21.78333333,16.13333333,9.316666667
1914,o_360470968002,2636.268646,1025.455,0,23.78333333,17.5,2.066666667
1915,o_360470970001,1636.162985,1423.15,0,24.86666667,24.03333333,5.233333333
1916,o_360470970002,2187.078821,1185.294,0,24.25,20.13333333,1.6
1917,o_360470974001,2876.951419,1132.242,1,25.13333333,19.23333333,5.15
1918,o_360470974002,3051.027508,962.489,1,25.45,16.28333333,5.383333333
1919,o_360470982001,3000.174994,1417.435,1,29.3,24.18333333,8.35
1920,o_360470982002,2617.00561,1302.731,0,28.68333333,22.08333333,1.15
1921,o_360470984001,3430.091454,2488.528,0,44.15,42.15,1.366666667
1922,o_360470986001,3562.602924,697.044,1,24.46666667,11.81666667,6.366666667
1923,o_360470986002,3390.920454,2449.357,0,43.46666667,41.46666667,2.05
1924,o_360470988001,3204.014305,801.494,1,24.15,13.56666667,6.683333333
1925,o_360470988002,3919.368201,1104.799,1,29.58333333,18.7,3.016666667
1926,o_360470990001,3677.479058,1107.438,1,28.53333333,18.68333333,4.066666667
1927,o_360470992001,3396.584371,1253.979,1,29.41666667,21.23333333,3.183333333
1928,o_360470994001,3496.478737,1145.696,1,28.3,19.38333333,4.3
1929,o_360470996001,3871.814201,1057.245,1,28.75,17.86666667,3.85
1930,o_360470996002,4250.219288,958.91,1,29.36666667,16.45,3.233333333
1931,o_360470998001,4341.35155,1059.369,1,29.86666667,17.73333333,3.733333333
1932,o_360470998002,4432.651585,3207.816,0,58.25,54.48333333,1.166666667
1933,o_360471004001,4347.383293,816.503,1,27.6,13.93333333,5
1934,o_360471006001,3882.522201,1067.953,1,28.88333333,18,3.716666667
1935,o_360471006002,4141.396288,850.087,1,27.2,14.28333333,5.4
1936,o_360471008001,3712.853058,1142.812,1,29.16666667,19.31666667,3.433333333
1937,o_360471008002,3989.524775,923.641,1,27.53333333,15.58333333,5.066666667
1938,o_360471010001,4039.287775,973.404,1,28.4,16.45,4.2
1939,o_360471010002,4253.827288,962.518,1,29.16666667,16.25,3.433333333
1940,o_360471012001,4390.46329,2197.162,1,43.6,37.23333333,7.416666667
1941,o_360471012002,4636.050581,2153.158,1,43.93333333,36.48333333,7.083333333
1942,o_360471014001,3665.537419,1920.828,1,37.9,32.55,6.716666667
1943,o_360471014002,3865.278454,2923.715,0,51.46666667,49.46666667,4.05
1944,o_360471016001,3942.437419,2197.728,1,42.53333333,37.18333333,11.08333333
1945,o_360471018001,3928.732739,3413.936,0,59.65,57.43333333,3.116666667
1946,o_360471020001,5539.915256,681.665,1,29.38333333,11.51666667,3.216666667
1947,o_360471022001,5223.968787,586.108,1,27.01666667,9.833333333,5.583333333
1948,o_360471024001,4383.046293,852.166,1,28,14.33333333,4.6
1949,o_360471026001,4399.782293,868.902,1,28.31666667,14.65,4.283333333
1950,o_360471028011,4790.194691,743.857,1,27.88333333,12.56666667,4.716666667
1951,o_360471028021,5446.430684,3601.963,0,67.8,60.76666667,2.383333333
1952,o_360471034011,5648.589087,601.997,1,28.61666667,10.15,3.983333333
1953,o_360471034012,5120.521269,714.406,1,28.55,12.1,4.05
1954,o_360471034021,6085.816801,1662.162,2,45.8,27.93333333,8.8
1955,o_360471058011,3569.435198,2127.895,0,42.33333333,36.33333333,1.283333333
1956,o_360471058012,4005.827123,1938.415,1,41.3,32.95,3.316666667
1957,o_360471058013,5187.072817,1434.732,1,41.11666667,24.51666667,2.5
1958,o_360471058041,5450.026909,1370.665,1,41.4,23.3,2.216666667
1959,o_360471058042,3869.310317,1934.486,1,40.68333333,32.83333333,3.933333333
1960,o_360471058043,3895.495317,1960.671,1,41.15,33.3,3.466666667
1961,o_360471058044,5285.576909,1206.215,1,38.63333333,20.53333333,4.983333333
1962,o_360471070011,5689.260328,2148.157,1,46.3,36.48333333,9.166666667
1963,o_360471070021,8859.864398,2800.984,1,69.98333333,47.13333333,2.633333333
1964,o_360471070031,4529.311591,1765.374,1,40.83333333,29.86666667,3.8
1965,o_360471078001,4356.614783,1178.251,1,33.18333333,19.98333333,6.666666667
1966,o_360471078002,4601.368144,1650.683,1,39.71666667,28.03333333,4.916666667
1967,o_360471078003,3896.454784,582.872,1,25.91666667,9.85,4.933333333
1968,o_360471078004,3946.188784,632.606,1,26.85,10.78333333,4
1969,o_360471098001,1319.101654,742.73,0,15.48333333,12.68333333,1.616666667
1970,o_360471098002,1449.617985,1236.605,0,21.71666667,20.88333333,3.733333333
1971,o_360471098003,1853.846721,1627.769,0,28.78333333,27.55,1.066666667
1972,o_360471098004,2007.862219,1868.694,0,32.51666667,31.83333333,4.15
1973,o_360471098005,1971.899065,1796.456,0,31.36666667,30.51666667,8.716666667
1974,o_360471104001,2684.954854,1760.592,0,34.48333333,30,2.183333333
1975,o_360471104002,2516.35754,1875.181,0,35.06666667,31.95,1.6
1976,o_360471104003,2837.476314,1704.187,0,34.6,29.1,2.066666667
1977,o_360471104004,3184.976784,919.534,0,27.16666667,15.58333333,2.683333333
1978,o_360471106001,3464.086924,1290.481,1,32.46666667,22,5.2
1979,o_360471106002,3647.445244,1261.519,1,33,21.56666667,4.666666667
1980,o_360471110001,4293.835381,1516.498,0,32.8,25.8,2.683333333
1981,o_360471110002,4609.712555,1213.452,1,29.88333333,20.6,6.6
1982,o_360471116001,3916.935103,626.844,0,27.51666667,10.56666667,2.333333333
1983,o_360471116002,4117.369414,1387.577,0,36.73333333,23.5,2.116666667
1984,o_360471118001,3818.349485,1104.654,0,32.85,18.91666667,3.816666667
1985,o_360471118002,3828.798103,538.707,0,26.05,9.1,3.8
1986,o_360471120001,3874.328381,1096.991,0,25.66666667,18.66666667,2.316666667
1987,o_360471120002,3911.272381,1133.935,0,26.3,19.3,1.683333333
1988,o_360471122001,3577.831169,1258.27,0,26.91666667,21.41666667,1.066666667
1989,o_360471122002,2654.632591,803.616,0,23.1,13.75,1.533333333
1990,o_360471124001,3493.394169,1173.833,0,25.46666667,19.96666667,2.516666667
1991,o_360471124002,3234.840169,915.279,0,21.08333333,15.58333333,6.9
1992,o_360471124003,3033.144169,713.583,0,17.65,12.15,2.833333333
1993,o_360471126001,2882.631408,1036.713,0,22.1,17.6,5.883333333
1994,o_360471126002,2721.645408,875.727,0,19.35,14.85,1.133333333
1995,o_360471126003,2566.666408,720.748,0,16.75,12.25,3.733333333
1996,o_360471128001,2427.736698,785.699,0,21.61666667,13.46666667,3.016666667
1997,o_360471128002,2237.23274,941.974,0,22.38333333,16.1,2.25
1998,o_360471128003,2043.08128,956.749,0,21.66666667,16.4,2.966666667
1999,o_360471130001,2537.161767,1341.655,0,25.86666667,22.86666667,2.116666667
2000,o_360471130002,2517.326767,1321.82,0,25.53333333,22.53333333,2.45
2001,o_360471130003,2014.629417,1114.781,0,23.43333333,19.06666667,1.2
2002,o_360471130004,1947.481966,1144.336,0,23.36666667,19.46666667,1.266666667
2003,o_360471132001,1728.989826,1267.127,0,23.91666667,21.66666667,2.75
2004,o_360471132002,1988.460417,1088.612,0,22.9,18.53333333,1.733333333
2005,o_360471132003,1816.959251,1193.127,0,23.31666667,20.28333333,1.316666667
2006,o_360471134001,2811.605105,1570.715,1,31.35,26.73333333,6.316666667
2007,o_360471134002,2595.889767,1400.383,0,26.8,23.8,1.183333333
2008,o_360471134003,2494.408767,1298.902,0,25.03333333,22.03333333,2.95
2009,o_360471142011,4727.159504,1551.346,0,32.75,26.25,1.216666667
2010,o_360471142012,4479.094425,1901.575,1,38.51666667,32.26666667,6.116666667
2011,o_360471142021,5562.024472,1517.447,2,37.98333333,25.7,11.11666667
2012,o_360471142022,5372.622638,1659.424,2,39.33333333,28.3,9.766666667
2013,o_360471144001,3310.400318,889.729,1,23.63333333,15,7.216666667
2014,o_360471144002,3441.99374,2146.735,0,41.85,36.46666667,1.783333333
2015,o_360471144003,3317.722198,1876.182,0,37.86666667,31.86666667,2.55
2016,o_360471144004,3375.082408,1529.164,0,30.46666667,25.96666667,1.8
2017,o_360471146001,5390.977472,1346.4,2,35.16666667,22.88333333,10.71666667
2018,o_360471146002,4509.019211,1226.49,1,37.25,20.85,4.166666667
2019,o_360471150001,4590.502381,1813.165,0,37.73333333,30.73333333,3.533333333
2020,o_360471150002,3727.685444,1763.804,0,39,30,1.416666667
2021,o_360471150003,3980.918221,1665.552,0,39.31666667,28.31666667,1.1
2022,o_360471152001,4165.216169,1845.655,0,36.7,31.2,4.566666667
2023,o_360471152002,3756.205444,1792.324,0,39.4,30.4,1.016666667
2024,o_360471152003,3796.172169,1476.611,0,30.5,25,1.766666667
2025,o_360471156001,3091.427408,1245.509,0,25.63333333,21.13333333,6.633333333
2026,o_360471156002,2879.318408,1033.4,0,22.03333333,17.53333333,2.733333333
2027,o_360471156003,3083.706408,1237.788,0,25.5,21,6.766666667
2028,o_360471156004,3530.591138,557.074,2,20.71666667,9.433333333,7.916666667
2029,o_360471158001,3768.839169,1449.278,0,30.11666667,24.61666667,2.15
2030,o_360471158002,3316.675408,1470.757,0,29.4,24.9,2.866666667
2031,o_360471158003,2848.31789,791.854,0,23.76666667,13.38333333,2.866666667
2032,o_360471160001,3760.974169,1441.413,0,29.9,24.4,2.366666667
2033,o_360471160002,3657.427169,1337.866,0,28.15,22.65,4.116666667
2034,o_360471160003,3071.149636,692.842,0,23.95,11.71666667,2.683333333
2035,o_360471162001,4081.788381,1304.451,0,29.13333333,22.13333333,3.133333333
2036,o_360471162002,3923.625381,1146.288,0,26.46666667,19.46666667,5.8
2037,o_360471162003,3750.428381,973.091,0,23.51666667,16.51666667,1.25
2038,o_360471164001,3905.159221,1589.793,0,38.13333333,27.13333333,2.283333333
2039,o_360471164002,3745.136417,1611.968,0,37.53333333,27.56666667,2.883333333
2040,o_360471164003,3572.007458,563.902,0,25.11666667,9.533333333,1.516666667
2041,o_360471166001,4333.117417,2199.949,0,47.5,37.53333333,1.916666667
2042,o_360471166002,4197.644636,1819.337,0,42.26666667,31.03333333,2.366666667
2043,o_360471166003,4040.546265,1446.867,0,36.95,24.6,3.466666667
2044,o_360471168001,4714.775265,2121.096,0,48.28333333,36.06666667,1.133333333
2045,o_360471168002,4701.161265,2107.482,0,48,35.78333333,1.416666667
2046,o_360471170001,4957.249068,1953.442,1,47.1,33.23333333,3.316666667
2047,o_360471170002,4324.565417,2191.397,0,47.15,37.18333333,2.183333333
2048,o_360471172011,5706.570075,1322.499,2,36.08333333,22.51666667,9.716666667
2049,o_360471172012,4925.110068,1921.303,1,46.55,32.68333333,3.783333333
2050,o_360471172021,5996.315797,459.511,1,22.25,7.8,4.416666667
2051,o_360471172022,6175.274691,1265.316,2,34.85,21.5,16.48333333
2052,o_360471174001,6780.255959,1963.392,0,45.15,33.15,5.533333333
2053,o_360471174002,6272.589691,1362.631,2,36.51666667,23.16666667,14.81666667
2054,o_360471176011,6522.192297,808.43,1,28.85,13.73333333,4.433333333
2055,o_360471176012,6682.089799,1350.798,2,37.3,22.95,14.03333333
2056,o_360471176021,7162.319535,693.255,1,27.18333333,11.68333333,4.483333333
2057,o_360471176022,7196.995128,1815.69,0,44.61666667,30.61666667,6.066666667
2058,o_360471178001,6803.358799,1472.067,2,39.4,25.05,11.93333333
2059,o_360471180001,6933.005179,707.347,1,29.05,12,4.233333333
2060,o_360471182011,7875.818195,502.466,1,25.48333333,8.483333333,6.183333333
2061,o_360471182012,7942.708195,569.356,1,26.58333333,9.583333333,5.083333333
2062,o_360471182021,8417.100337,559.283,1,27.95,9.45,3.716666667
2063,o_360471182022,6543.519208,1669.763,0,45.7,28.26666667,5.916666667
2064,o_360471184001,7678.418451,563.975,1,30.63333333,9.55,6.033333333
2065,o_360471184002,7081.236535,612.172,1,25.83333333,10.33333333,5.833333333
2066,o_360471184003,7194.866128,1813.561,0,44.61666667,30.61666667,6.066666667
2067,o_360471186001,7862.281883,1321.17,2,44.45,22.51666667,6.883333333
2068,o_360471186002,7480.685401,1472.748,2,44.86666667,25.08333333,6.466666667
2069,o_360471188001,8426.303544,1421.465,2,38.58333333,24.23333333,12.75
2070,o_360471188002,8373.583544,1368.745,2,37.68333333,23.33333333,13.65
2071,o_360471188003,8523.913544,1519.075,2,40.23333333,25.88333333,11.1
2072,o_360471190001,5282.881168,2017.115,0,49.28333333,34.26666667,3.333333333
2073,o_360471190002,5340.789168,2075.023,0,50.26666667,35.25,2.35
2074,o_360471192001,4808.825265,2215.146,0,49.83333333,37.61666667,2.783333333
2075,o_360471192002,4502.30691,1626.642,0,41.45,27.73333333,2.166666667
2076,o_360471192003,4717.127265,2123.448,0,48.28333333,36.06666667,4.333333333
2077,o_360471194001,4285.971265,1692.292,0,41.11666667,28.76666667,2.5
2078,o_360471194002,4210.324265,1616.645,0,39.9,27.55,3.716666667
2079,o_360471194003,4064.314196,566.365,0,27.56666667,9.616666667,2.266666667
2080,o_360471196001,7891.801901,1612.599,2,40.33333333,27.35,8.75
2081,o_360471196002,4779.182168,1513.416,0,41.16666667,25.7,2.45
2082,o_360471196003,4640.732003,1557.209,0,41.16666667,26.45,2.45
2083,o_360471196004,4495.73291,1620.068,0,41.31666667,27.6,2.3
2084,o_360471198001,3965.407639,867.26,1,24.83333333,14.7,6
2085,o_360471198002,4258.908124,2077.195,1,40.56666667,35.31666667,4.05
2086,o_360471198003,4349.497121,1370.594,1,38.38333333,23.35,6.233333333
2087,o_360471200001,7809.613901,1530.411,2,38.95,25.96666667,10.13333333
2088,o_360471200002,5035.98791,2160.323,0,50.13333333,36.68333333,2.483333333
2089,o_360471202001,8359.551085,1442.278,2,38.95,24.46666667,10.13333333
2090,o_360471202002,8352.723085,1435.45,2,38.81666667,24.33333333,10.26666667
2091,o_360471208011,4550.88091,1675.216,0,42.13333333,28.41666667,1.483333333
2092,o_360471208012,4489.935003,1406.412,0,38.61666667,23.9,1.733333333
2093,o_360471208013,5208.84454,1085.844,0,38.08333333,18.46666667,2.266666667
2094,o_360471208014,4914.515116,1120.296,0,37.16666667,19.13333333,3.183333333
2095,o_360471208021,5728.212752,1761.935,0,47.96666667,29.9,1.383333333
2096,o_360471208022,5841.36754,1718.367,0,47.9,29.15,1.45
2097,o_360471208031,5475.579814,1066.164,0,39.2,18.2,1.15
2098,o_360471210001,4239.66191,1363.997,0,36.98333333,23.26666667,3.366666667
2099,o_360471210002,4247.52991,1371.865,0,37.03333333,23.31666667,3.316666667
2100,o_360471214001,4967.200116,1172.981,0,38,19.96666667,2.35
2101,o_360471214002,5184.90654,1061.906,0,37.8,18.18333333,2.55
2102,o_360471220001,5902.484367,1608.087,0,46.8,27.3,2.55
2103,o_360471220002,5018.790003,1935.267,0,47.21666667,32.86666667,2.133333333
2104,o_360471237001,1853.602786,1606.578,0,28.18333333,27.23333333,1.55
2105,o_360471237002,2038.647029,1829.198,0,32.05,30.9,1.066666667
2106,o_360471237003,2689.583268,586.211,1,19.88333333,9.883333333,5.9
2107,o_360471502001,2812.048564,419.675,0,16.91666667,7.133333333,1.6
2108,o_360471502002,2389.830925,385.327,0,14.88333333,6.55,3.633333333
2109,o_360471502003,1808.590105,951.556,0,17.81666667,16.31666667,2.65
2110,o_360471522001,4767.0474,1162.923,1,29.08333333,19.75,4.383333333
2111,o_360471522002,4078.128046,1083.427,1,30.46666667,18.41666667,8.533333333
2112,o_360471522003,3621.258046,626.557,1,22.71666667,10.66666667,16.28333333