,GEOID_TEXT,from_id,total_distance,walking_distance,transfers,travel_time_total,walking_time,wait_time_total
1,360610002011,o_360610002011,1294.883739,1067.296,0,19.75,18.11666667,2.1
2,360610002012,o_360610002012,1887.846508,1125.124,0,24.83333333,19.08333333,2.05
3,360610002021,o_360610002021,2267.091673,1076.668,0,23.03333333,18.25,2.316666667
4,360610002022,o_360610002022,2477.35867,1112.161,0,24.2,18.85,1.15
5,360610002023,o_360610002023,2339.396673,1148.973,0,24.28333333,19.5,1.066666667
6,360610002024,o_360610002024,2576.68102,847.335,0,20.98333333,14.4,4.366666667
7,360610002025,o_360610002025,3375.847529,1374.579,0,26.73333333,23.23333333,5.75
8,360610002026,o_360610002026,2823.59245,826.163,1,22,14.05,4.35
9,360610005001,o_360610005001,5193.439474,1461.789,1,32.36666667,25.03333333,5.6
10,360610005002,o_360610005002,4234.746951,1960.732,0,37.23333333,33.23333333,2.383333333
11,360610006001,o_360610006001,1182.211727,606.842,0,11.21666667,10.21666667,9.266666667
12,360610006002,o_360610006002,1404.538727,829.169,0,15,14,5.483333333
13,360610006003,o_360610006003,1133.550063,968.228,0,17.68333333,16.45,4.166666667
14,360610006004,o_360610006004,1224.169063,1058.847,0,19.21666667,17.98333333,2.633333333
15,360610006005,o_360610006005,1369.832727,794.463,0,14.43333333,13.43333333,6.05
16,360610006006,o_360610006006,1574.471727,999.102,0,17.91666667,16.91666667,2.566666667
17,360610007001,o_360610007001,1553.055876,614.428,0,13.48333333,10.48333333,2.083333333
18,360610007002,o_360610007002,1201.04785,831.058,0,15.76666667,14.26666667,1.166666667
19,360610007003,o_360610007003,664.0508772,305.334,0,6.316666667,5.316666667,1.3
20,360610007004,o_360610007004,622.0708772,263.354,0,5.55,4.55,2.066666667
21,360610007005,o_360610007005,1008.85404,484.156,0,9.783333333,8.283333333,4.266666667
22,360610007006,o_360610007006,1153.00404,628.306,0,12.3,10.8,1.75
23,360610007007,o_360610007007,987.0974795,546.545,0,11.53333333,9.366666667,3.45
24,360610007008,o_360610007008,1161.80148,721.249,0,14.66666667,12.5,4.916666667
25,360610007009,o_360610007009,3916.699951,1642.685,0,32,28,3.616666667
26,360610008001,o_360610008001,1504.120106,1128.724,0,21.96666667,19.21666667,1.116666667
27,360610008002,o_360610008002,1432.150371,1194.637,0,21.75,20.3,2
28,360610008003,o_360610008003,1174.155219,991.358,0,17.81666667,16.91666667,4.083333333
29,360610008004,o_360610008004,1231.303219,1048.506,0,18.76666667,17.86666667,3.133333333
30,360610008005,o_360610008005,1285.550219,1102.753,0,19.76666667,18.86666667,2.133333333
31,360610008006,o_360610008006,1520.943727,945.574,0,17.05,16.05,3.433333333
32,360610009001,o_360610009001,1011.613877,652.897,0,12.18333333,11.18333333,1.433333333
33,360610009002,o_360610009002,3674.896074,1759.598,0,32.88333333,29.88333333,3.8
34,360610010011,o_360610010011,2273.388673,1082.965,0,23.08333333,18.3,2.266666667
35,360610010021,o_360610010021,1597.334633,1437.343,0,25.53333333,24.46666667,1.983333333
36,360610010022,o_360610010022,1571.416633,1411.425,0,25.11666667,24.05,2.4
37,360610010023,o_360610010023,1962.846213,998.577,0,20.96666667,16.91666667,4.383333333
38,360610010024,o_360610010024,1999.805535,1101.218,0,25.31666667,18.71666667,2.2
39,360610010025,o_360610010025,1824.655427,1166.728,0,22.83333333,19.83333333,2.516666667
40,360610012001,o_360610012001,1299.698739,1072.111,0,19.83333333,18.2,2.016666667
41,360610012002,o_360610012002,1472.74184,1024.265,0,20.68333333,17.43333333,1.166666667
42,360610012003,o_360610012003,1618.039633,1458.048,0,25.8,24.73333333,1.716666667
43,360610013001,o_360610013001,1681.156876,742.529,0,15.85,12.85,1.716666667
44,360610013002,o_360610013002,1996.875506,701.244,0,15.98333333,11.98333333,1.583333333
45,360610013003,o_360610013003,1556.615876,617.988,0,13.61666667,10.61666667,1.95
46,360610013004,o_360610013004,1409.781027,841.143,0,15.98333333,14.48333333,1.583333333
47,360610013005,o_360610013005,1226.310027,657.672,0,12.93333333,11.43333333,2.633333333
48,360610014011,o_360610014011,1391.687727,816.318,0,14.8,13.8,5.683333333
49,360610014012,o_360610014012,1148.568739,920.981,0,17.31666667,15.68333333,4.533333333
50,360610014021,o_360610014021,1042.19699,453.152,0,9.15,7.65,1.883333333
51,360610014022,o_360610014022,1199.224739,971.637,0,18.13333333,16.5,3.716666667
52,360610015011,o_360610015011,1417.977027,849.339,0,16.13333333,14.63333333,1.433333333
53,360610015012,o_360610015012,1013.513219,830.716,0,15.08333333,14.18333333,6.816666667
54,360610015013,o_360610015013,1122.809219,940.012,0,16.93333333,16.03333333,4.966666667
55,360610015021,o_360610015021,1095.605027,526.967,0,10.51666667,9.016666667,5.05
56,360610015022,o_360610015022,1260.080027,691.442,0,13.31666667,11.81666667,2.25
57,360610015023,o_360610015023,1447.842027,879.204,0,16.46666667,14.96666667,1.1
58,360610015024,o_360610015024,918.8368772,560.12,0,10.65,9.65,2.966666667
59,360610015025,o_360610015025,1170.56648,730.014,0,14.65,12.48333333,4.933333333
60,360610015026,o_360610015026,1191.90648,751.354,0,15.11666667,12.95,4.466666667
61,360610015027,o_360610015027,1360.311166,1096.621,0,20.15,18.86666667,1.983333333
62,360610015028,o_360610015028,3483.555951,1209.541,0,24.73333333,20.73333333,4.283333333
63,360610016001,o_360610016001,1123.411371,885.898,0,16.56666667,15.11666667,7.183333333
64,360610016002,o_360610016002,1602.095727,1026.726,0,18.43333333,17.43333333,2.05
65,360610016003,o_360610016003,1420.311727,844.942,0,15.36666667,14.36666667,5.116666667
66,360610016004,o_360610016004,1413.605727,838.236,0,15.16666667,14.16666667,5.316666667
67,360610016005,o_360610016005,1346.645727,771.276,0,14.03333333,13.03333333,6.45
68,360610018001,o_360610018001,814.645489,560.626,0,11.28333333,9.616666667,7.983333333
69,360610018002,o_360610018002,1623.688727,1048.319,0,18.7,17.7,1.783333333
70,360610018003,o_360610018003,1054.248241,691.825,0,13.9,11.7,2.45
71,360610018004,o_360610018004,918.4623774,645.646,0,12.55,10.9,2.016666667
72,360610018005,o_360610018005,984.0988279,763.755,0,14.38333333,13,3.283333333
73,360610018006,o_360610018006,1036.292489,782.273,0,15.18333333,13.51666667,4.083333333
74,360610018007,o_360610018007,924.5143774,651.698,0,12.66666667,11.01666667,1.9
75,360610020001,o_360610020001,2224.769785,408.654,0,18.58333333,6.9,2.05
76,360610020002,o_360610020002,2162.465785,346.35,0,17.53333333,5.85,3.1
77,360610020003,o_360610020003,1906.16744,1226.998,0,25.7,20.85,1.816666667
78,360610021001,o_360610021001,1399.636608,1035.722,0,18.88333333,17.88333333,1.4
79,360610021002,o_360610021002,1009.311826,433.074,0,9.466666667,7.466666667,3.866666667
80,360610021003,o_360610021003,1144.459826,568.222,0,11.68333333,9.683333333,1.65
81,360610021004,o_360610021004,1401.339464,542.207,0,14.73333333,9.35,1.15
82,360610022011,o_360610022011,1302.865633,1142.874,0,20.4,19.33333333,7.116666667
83,360610022012,o_360610022012,1117.433101,846.43,0,16.21666667,14.38333333,7.616666667
84,360610022013,o_360610022013,1362.740633,1202.749,0,21.45,20.38333333,6.066666667
85,360610022014,o_360610022014,1370.204633,1210.213,0,21.68333333,20.61666667,5.833333333
86,360610022021,o_360610022021,1498.516633,1338.525,0,23.7,22.63333333,3.816666667
87,360610024001,o_360610024001,1746.563469,1062.945,0,22.36666667,17.98333333,2.383333333
88,360610024002,o_360610024002,2070.74663,887.008,0,22.65,15.03333333,2.1
89,360610024003,o_360610024003,1654.107162,1153.987,0,22.78333333,19.55,3.116666667
90,360610025001,o_360610025001,866.5052189,683.708,0,12.53333333,11.63333333,9.366666667
91,360610025002,o_360610025002,1108.773219,925.976,0,16.71666667,15.81666667,5.183333333
92,360610025003,o_360610025003,1070.234219,887.437,0,16.08333333,15.18333333,5.816666667
93,360610025004,o_360610025004,931.1662189,748.369,0,13.65,12.75,8.25
94,360610026011,o_360610026011,1719.161162,1219.041,0,23.93333333,20.7,1.966666667
95,360610026012,o_360610026012,2179.704743,1101.072,0,22.53333333,18.53333333,3.066666667
96,360610026021,o_360610026021,1516.686761,1304.448,0,23.46666667,22.11666667,2.433333333
97,360610026022,o_360610026022,1641.453162,1141.333,0,22.56666667,19.33333333,3.333333333
98,360610026023,o_360610026023,1469.599761,1257.361,0,22.75,21.4,3.15
99,360610027001,o_360610027001,910.6982189,727.901,0,13.28333333,12.38333333,8.616666667
100,360610028001,o_360610028001,1236.805521,925.019,0,17.93333333,15.65,1.4
101,360610028002,o_360610028002,1068.038123,606.468,0,13.58333333,10.2,1.633333333
102,360610028003,o_360610028003,1193.561796,515.397,0,13.66666667,8.65,1.55
103,360610028004,o_360610028004,1565.723589,1253.937,0,23.18333333,21.18333333,1.566666667
104,360610029011,o_360610029011,1018.007559,692.426,0,14.23333333,11.86666667,3.85
105,360610029012,o_360610029012,999.2117145,507.427,0,10.15,8.65,3.9
106,360610029013,o_360610029013,1095.891559,770.31,0,15.55,13.18333333,2.533333333
107,360610029021,o_360610029021,1445.436808,979.2,0,18.15,16.65,3.733333333
108,360610029022,o_360610029022,1069.107371,831.594,0,15.53333333,14.08333333,8.216666667
109,360610029023,o_360610029023,1254.322219,1071.525,0,19.13333333,18.23333333,2.766666667
110,360610029024,o_360610029024,1315.785219,1132.988,0,20.3,19.4,1.6
111,360610029025,o_360610029025,1161.535219,978.738,0,17.58333333,16.68333333,4.316666667
112,360610030011,o_360610030011,890.8352411,528.412,0,11.18333333,8.983333333,5.166666667
113,360610030012,o_360610030012,1279.879052,1072.38,0,19.68333333,18.21666667,1.283333333
114,360610030013,o_360610030013,1121.661241,759.238,0,15.18333333,12.98333333,1.166666667
115,360610030014,o_360610030014,1358.428377,1085.612,0,20.01666667,18.36666667,2.55
116,360610030021,o_360610030021,1092.447241,730.024,0,14.53333333,12.33333333,1.816666667
117,360610030022,o_360610030022,884.6832411,522.26,0,11.05,8.85,5.3
118,360610031001,o_360610031001,1052.725559,727.144,0,14.86666667,12.5,3.216666667
119,360610031002,o_360610031002,936.3507145,444.566,0,9.183333333,7.683333333,4.866666667
120,360610032001,o_360610032001,1017.577673,800.983,0,15.18333333,13.55,2.533333333
121,360610032002,o_360610032002,1477.352553,344.846,0,14.2,5.833333333,1.016666667
122,360610032003,o_360610032003,1092.266101,821.263,0,15.9,14.06666667,7.933333333
123,360610032004,o_360610032004,1077.680241,715.257,0,14.36666667,12.16666667,1.983333333
124,360610032005,o_360610032005,1012.055101,741.052,0,14.45,12.61666667,9.383333333
125,360610032006,o_360610032006,1345.769796,667.605,0,16.31666667,11.3,1.916666667
126,360610032007,o_360610032007,1189.118521,877.332,0,17.16666667,14.88333333,1.066666667
127,360610033001,o_360610033001,1489.207998,756.98,0,17.6,13,1.3
128,360610033002,o_360610033002,1766.144481,429.38,1,14.25,7.366666667,5.65
129,360610033003,o_360610033003,1137.466559,811.885,0,16.25,13.88333333,4.85
130,360610033004,o_360610033004,1310.645559,985.064,0,19.16666667,16.8,1.933333333
131,360610034001,o_360610034001,741.248589,429.462,0,9.25,7.25,6.4
132,360610034002,o_360610034002,911.838521,600.052,0,12.41666667,10.13333333,5.816666667
133,360610034003,o_360610034003,808.584589,496.798,0,10.41666667,8.416666667,5.233333333
134,360610034004,o_360610034004,848.5978873,620.204,0,11.98333333,10.43333333,2.983333333
135,360610036011,o_360610036011,715.4922411,353.069,0,8.133333333,5.933333333,3.233333333
136,360610036012,o_360610036012,789.2842411,426.861,0,9.4,7.2,1.966666667
137,360610036013,o_360610036013,976.0957897,707.215,0,14.2,12.03333333,2.833333333
138,360610036021,o_360610036021,763.1407897,494.26,0,10.46666667,8.3,6.566666667
139,360610036022,o_360610036022,747.9627897,479.082,0,10.21666667,8.05,6.816666667
140,360610037001,o_360610037001,2086.324429,772.989,1,16.76666667,13.05,8.2
141,360610037002,o_360610037002,1301.564996,147.068,0,5.45,2.45,2.2
142,360610037003,o_360610037003,1576.832996,422.336,0,10.11666667,7.116666667,3.533333333
143,360610038001,o_360610038001,859.4164873,738.842,0,13.26666667,12.43333333,2.683333333
144,360610038002,o_360610038002,1055.920182,809.027,0,15.2,13.61666667,7.5
145,360610038003,o_360610038003,817.8437897,548.963,0,11.35,9.183333333,5.683333333
146,360610038004,o_360610038004,1106.694403,876.31,0,16.61666667,14.78333333,3.033333333
147,360610038005,o_360610038005,999.0084033,768.624,0,14.8,12.96666667,4.85
148,360610038006,o_360610038006,1199.042182,952.149,0,17.61666667,16.03333333,5.083333333
149,360610038007,o_360610038007,1057.610646,863.561,0,15.76666667,14.63333333,3.5
150,360610039001,o_360610039001,2170.231292,1296.699,0,24.81666667,22.31666667,3.483333333
151,360610039002,o_360610039002,1799.632826,1223.395,0,22.81666667,20.81666667,1.033333333
152,360610039003,o_360610039003,1533.764464,674.632,0,17.08333333,11.7,1.816666667
153,360610039004,o_360610039004,1632.724091,574.005,0,16.5,9.866666667,2.4
154,360610040011,o_360610040011,1011.381646,817.332,0,14.95,13.81666667,4.316666667
155,360610040012,o_360610040012,673.5456455,479.496,0,9.233333333,8.1,2.033333333
156,360610040013,o_360610040013,884.2134115,643.853,0,12.76666667,10.86666667,1.05
157,360610040021,o_360610040021,715.8676455,521.818,0,9.95,8.816666667,1.316666667
158,360610040022,o_360610040022,320.0345593,108.267,0,3.233333333,1.783333333,6.233333333
159,360610040023,o_360610040023,891.2842451,726.096,0,13.38333333,12.23333333,1.266666667
160,360610040024,o_360610040024,762.8962451,597.708,0,11.2,10.05,3.45
161,360610041001,o_360610041001,1116.296439,703.406,0,14.51666667,12,3.15
162,360610041002,o_360610041002,1291.690201,1089.865,0,19.48333333,18.58333333,1.3
163,360610041003,o_360610041003,853.9323907,617.516,0,11.93333333,10.45,11.2
164,360610041004,o_360610041004,2166.12256,862.637,0,18.08333333,14.58333333,1.8
165,360610041005,o_360610041005,1355.757808,889.521,0,16.61666667,15.11666667,2.283333333
166,360610041006,o_360610041006,1483.987741,1028.376,0,18.43333333,17.43333333,5.366666667
167,360610042001,o_360610042001,824.3124873,703.738,0,12.7,11.86666667,3.25
168,360610042002,o_360610042002,701.9008154,444.433,0,9.25,7.466666667,4.85
169,360610042003,o_360610042003,916.9998154,659.532,0,12.88333333,11.1,1.216666667
170,360610043001,o_360610043001,741.7450611,546.916,0,10.56666667,9.316666667,2.05
171,360610043002,o_360610043002,798.6450611,603.816,0,11.48333333,10.23333333,1.133333333
172,360610043003,o_360610043003,1415.790741,960.179,0,17.26666667,16.26666667,1.633333333
173,360610044001,o_360610044001,1388.102646,1194.053,0,21.48333333,20.35,1.55
174,360610044002,o_360610044002,1680.974,603.405,1,15.75,10.21666667,8
175,360610044003,o_360610044003,1193.289521,881.503,0,17.26666667,14.98333333,5.083333333
176,360610044004,o_360610044004,1079.897155,859.4,0,15.88333333,14.56666667,2.633333333
177,360610044005,o_360610044005,1038.856589,727.07,0,14.4,12.4,5.366666667
178,360610044006,o_360610044006,1150.954085,1026.322,0,18.16666667,17.53333333,4.583333333
179,360610044007,o_360610044007,979.2701547,758.773,0,14.21666667,12.9,4.3
180,360610044008,o_360610044008,1209.540774,982.722,0,17.95,16.6,1.483333333
181,360610044009,o_360610044009,941.060589,629.274,0,12.71666667,10.71666667,7.05
182,360610045001,o_360610045001,1660.764741,1205.153,0,21.43333333,20.43333333,2.366666667
183,360610047001,o_360610047001,1936.034741,1480.423,0,26.1,25.1,3.7
184,360610047002,o_360610047002,1637.125808,1170.889,0,21.31666667,19.81666667,3.583333333
185,360610048001,o_360610048001,542.4561547,321.959,0,6.75,5.433333333,3.766666667
186,360610048002,o_360610048002,576.9001547,356.403,0,7.35,6.033333333,3.166666667
187,360610048003,o_360610048003,461.5206455,267.471,0,5.666666667,4.533333333,5.6
188,360610048004,o_360610048004,586.8006455,392.751,0,7.716666667,6.583333333,3.55
189,360610048005,o_360610048005,529.8896455,335.84,0,6.8,5.666666667,4.466666667
190,360610048006,o_360610048006,536.0801547,315.583,0,6.65,5.333333333,3.866666667
191,360610048007,o_360610048007,572.0901547,351.593,0,7.316666667,6,3.2
192,360610049001,o_360610049001,1733.499741,1277.888,0,22.68333333,21.68333333,1.116666667
193,360610049002,o_360610049002,1663.001722,1512.465,0,26.61666667,25.73333333,1.85
194,360610049003,o_360610049003,1692.971996,538.475,0,12.15,9.15,1.5
195,360610050001,o_360610050001,880.6541547,660.157,0,12.43333333,11.11666667,6.083333333
196,360610050002,o_360610050002,645.4575553,224.011,0,6.65,3.75,2.816666667
197,360610050003,o_360610050003,664.0066455,469.957,0,9.116666667,7.983333333,2.15
198,360610050004,o_360610050004,812.8896455,618.84,0,11.56666667,10.43333333,3.466666667
199,360610050005,o_360610050005,686.2261547,465.729,0,9.183333333,7.866666667,1.333333333
200,360610052001,o_360610052001,1119.726764,831.375,0,16.11666667,14.06666667,1.1
201,360610052002,o_360610052002,1487.302903,924.447,0,18.55,15.63333333,2.233333333
202,360610054001,o_360610054001,1116.600496,905.078,0,16.23333333,15.25,2.2
203,360610054002,o_360610054002,1837.713318,719.337,1,14.58333333,12.08333333,5.3
204,360610054003,o_360610054003,1038.19191,881.461,0,15.6,14.78333333,2.05
205,360610055011,o_360610055011,1412.780741,957.169,0,17.2,16.2,1.7
206,360610055012,o_360610055012,1443.45079,1174.57,0,21.98333333,19.81666667,3.05
207,360610055013,o_360610055013,1539.39679,1270.516,0,23.58333333,21.41666667,1.45
208,360610055021,o_360610055021,941.2697897,672.389,0,13.51666667,11.35,3.516666667
209,360610055022,o_360610055022,1071.77479,802.894,0,15.7,13.53333333,1.333333333
210,360610056001,o_360610056001,1647.294045,1230.603,0,22.76666667,20.76666667,2.25
211,360610056002,o_360610056002,1315.464704,1103.886,0,19.98333333,18.63333333,1.566666667
212,360610056003,o_360610056003,1127.321155,906.824,0,16.63333333,15.31666667,1.883333333
213,360610057001,o_360610057001,860.9472451,695.759,0,12.9,11.75,1.75
214,360610057002,o_360610057002,1642.619793,1090.031,0,19.98333333,18.48333333,1.816666667
215,360610058001,o_360610058001,1844.836838,1217.958,0,22.31666667,20.81666667,1.3
216,360610058002,o_360610058002,1621.829155,1401.332,0,25.13333333,23.81666667,1.383333333
217,360610058003,o_360610058003,1316.34136,522.996,0,10.78333333,8.783333333,3.366666667
218,360610059001,o_360610059001,1240.719473,1083.151,0,19.11666667,18.3,1.666666667
219,360610059002,o_360610059002,1368.269144,1210.701,0,21.3,20.5,3.333333333
220,360610059003,o_360610059003,1446.685433,1287.847,0,22.53333333,21.81666667,1.433333333
221,360610059004,o_360610059004,1042.639847,877.452,0,15.86666667,14.81666667,5.433333333
222,360610059005,o_360610059005,1013.894847,848.707,0,15.38333333,14.33333333,5.916666667
223,360610060001,o_360610060001,712.5633375,587.932,0,10.66666667,10.03333333,3.083333333
224,360610060002,o_360610060002,1376.483569,1152.618,0,20.58333333,19.55,2.116666667
225,360610060003,o_360610060003,1084.435428,642.945,0,13.21666667,10.96666667,7.966666667
226,360610061001,o_360610061001,1087.598473,930.03,0,16.53333333,15.71666667,4.25
227,360610061002,o_360610061002,1053.956764,765.605,0,14.98333333,12.93333333,2.233333333
228,360610061003,o_360610061003,720.5775482,508.81,0,9.85,8.533333333,3.333333333
229,360610062001,o_360610062001,674.752551,514.417,0,9.533333333,8.7,2.033333333
230,360610062002,o_360610062002,878.7507485,243.86,0,6.6,4.116666667,14.05
231,360610062003,o_360610062003,7859.823175,1641.025,2,42.8,27.66666667,12.95
232,360610063001,o_360610063001,1013.63891,856.908,0,15.18333333,14.36666667,2.466666667
233,360610063002,o_360610063002,1358.123054,1084.283,0,19.85,18.2,1.616666667
234,360610063003,o_360610063003,1142.400771,602.323,0,11.68333333,10.18333333,1.966666667
235,360610063004,o_360610063004,1132.506771,592.429,0,11.53333333,10.03333333,2.116666667
236,360610063005,o_360610063005,1089.961771,549.884,0,10.85,9.35,2.8
237,360610064001,o_360610064001,601.9487738,375.13,0,7.65,6.3,3.783333333
238,360610064002,o_360610064002,672.5507738,445.732,0,8.833333333,7.483333333,2.6
239,360610064003,o_360610064003,615.2321547,394.735,0,8,6.683333333,2.516666667
240,360610064004,o_360610064004,711.0467738,484.228,0,9.5,8.15,1.933333333
241,360610064005,o_360610064005,553.7573375,429.126,0,7.9,7.266666667,5.85
242,360610064006,o_360610064006,506.1633375,381.532,0,7.1,6.466666667,6.65
243,360610065001,o_360610065001,1112.563771,572.486,0,11.21666667,9.716666667,2.433333333
244,360610065002,o_360610065002,1127.630771,587.553,0,11.45,9.95,2.2
245,360610065003,o_360610065003,1647.035996,492.539,0,11.35,8.35,2.3
246,360610065004,o_360610065004,2759.164108,987.485,0,20.65,16.65,1.066666667
247,360610065005,o_360610065005,1560.154204,861.238,1,16.75,14.53333333,8.216666667
248,360610066001,o_360610066001,870.9989458,594.871,0,11.61666667,9.983333333,6.516666667
249,360610066002,o_360610066002,889.6829458,613.555,0,11.95,10.31666667,6.183333333
250,360610066003,o_360610066003,1028.251946,752.124,0,14.3,12.66666667,3.833333333
251,360610066004,o_360610066004,1134.820946,858.693,0,16.11666667,14.48333333,2.016666667
252,360610066005,o_360610066005,1185.097946,908.97,0,16.96666667,15.33333333,1.166666667
253,360610066006,o_360610066006,603.8973375,479.266,0,8.766666667,8.133333333,1.966666667
254,360610066007,o_360610066007,643.3303375,518.699,0,9.416666667,8.783333333,1.316666667
255,360610066008,o_360610066008,523.395551,363.06,0,6.983333333,6.15,1.566666667
256,360610066009,o_360610066009,755.6969324,561.725,0,10.63333333,9.483333333,3.033333333
257,360610067001,o_360610067001,955.3077711,415.23,0,8.483333333,6.983333333,2.15
258,360610067002,o_360610067002,1438.684996,284.188,0,7.833333333,4.833333333,2.8
259,360610067003,o_360610067003,980.0357711,439.958,0,8.916666667,7.416666667,1.716666667
260,360610067004,o_360610067004,1585.2958,302.959,1,8.616666667,5.083333333,3.016666667
261,360610068001,o_360610068001,1439.224045,1022.533,0,19.25,17.25,2.75
262,360610068002,o_360610068002,942.5557738,715.737,0,13.38333333,12.03333333,3.033333333
263,360610068003,o_360610068003,897.6367738,670.818,0,12.6,11.25,3.816666667
264,360610068004,o_360610068004,811.29422,524.448,0,10.73333333,8.85,1.7
265,360610068005,o_360610068005,1075.779704,864.201,0,15.93333333,14.58333333,3.633333333
266,360610068006,o_360610068006,1120.802946,844.675,0,15.81666667,14.18333333,2.316666667
267,360610069001,o_360610069001,1076.12223,937.214,0,17.01666667,15.96666667,9
268,360610069002,o_360610069002,1565.085204,866.169,1,16.83333333,14.61666667,5.116666667
269,360610069003,o_360610069003,1340.27723,1201.369,0,21.5,20.45,4.516666667
270,360610069004,o_360610069004,2381.768225,1767.349,0,31.45,29.95,3.533333333
271,360610070011,o_360610070011,1025.675946,749.548,0,14.23333333,12.6,3.9
272,360610070012,o_360610070012,829.3328198,595.049,0,11.51666667,10.13333333,3.066666667
273,360610070013,o_360610070013,902.3368198,668.053,0,12.75,11.36666667,1.833333333
274,360610070014,o_360610070014,692.7152403,410.667,0,8.383333333,6.933333333,5.233333333
275,360610070021,o_360610070021,816.8048198,582.521,0,11.25,9.866666667,3.333333333
276,360610070022,o_360610070022,1033.255946,757.128,0,14.35,12.71666667,3.783333333
277,360610070023,o_360610070023,949.0708198,714.787,0,13.51666667,12.13333333,1.066666667
278,360610070024,o_360610070024,970.9514293,755.995,0,13.93333333,12.76666667,5.4
279,360610071001,o_360610071001,849.1880535,575.348,0,11.28333333,9.633333333,7.166666667
280,360610071002,o_360610071002,1088.422054,814.582,0,15.3,13.65,3.15
281,360610071003,o_360610071003,1171.429054,897.589,0,16.76666667,15.11666667,1.683333333
282,360610071004,o_360610071004,893.8547711,353.777,0,7.466666667,5.966666667,3.166666667
283,360610071005,o_360610071005,1733.033161,694.855,0,14.16666667,11.66666667,1.533333333
284,360610072001,o_360610072001,1138.672429,923.716,0,16.75,15.58333333,2.583333333
285,360610072002,o_360610072002,1180.88282,946.599,0,17.38333333,16,5.2
286,360610072003,o_360610072003,1070.412932,876.441,0,15.9,14.75,5.766666667
287,360610072004,o_360610072004,1133.298946,857.171,0,16.05,14.41666667,2.083333333
288,360610072005,o_360610072005,1127.751313,820.872,0,15.96666667,13.81666667,5.25
289,360610072006,o_360610072006,1012.003313,705.124,0,14.05,11.9,7.166666667
290,360610072007,o_360610072007,1016.916313,710.037,0,14.11666667,11.96666667,7.1
291,360610073001,o_360610073001,960.4927711,420.415,0,8.616666667,7.116666667,2.016666667
292,360610073002,o_360610073002,2002.142225,1387.723,0,25.2,23.7,1.3
293,360610073003,o_360610073003,1976.799225,1362.38,0,24.71666667,23.21666667,1.783333333
294,360610073004,o_360610073004,1841.745225,1227.326,0,22.46666667,20.96666667,4.033333333
295,360610073005,o_360610073005,911.5187711,371.441,0,7.816666667,6.316666667,2.816666667
296,360610073006,o_360610073006,1965.696225,1351.277,0,24.58333333,23.08333333,1.916666667
297,360610074001,o_360610074001,1405.00882,1170.725,0,21.13333333,19.75,2.566666667
298,360610074002,o_360610074002,1442.497946,1166.37,0,21.25,19.61666667,4.883333333
299,360610074003,o_360610074003,1597.669946,1321.542,0,23.86666667,22.23333333,2.266666667
300,360610074004,o_360610074004,1314.74582,1080.462,0,19.71666667,18.33333333,2.866666667
301,360610074005,o_360610074005,1278.372066,964.367,0,18.4,16.2,5.833333333
302,360610075001,o_360610075001,1541.797204,842.881,1,16.5,14.28333333,5.45
303,360610075002,o_360610075002,1305.662771,765.585,0,14.46666667,12.96666667,2.166666667
304,360610075003,o_360610075003,1219.583796,1111.928,0,19.73333333,18.93333333,7.633333333
305,360610076001,o_360610076001,1378.252066,1064.247,0,20.08333333,17.88333333,4.15
306,360610076002,o_360610076002,1785.481977,1316.801,0,23.81666667,22.31666667,1.783333333
307,360610077001,o_360610077001,991.3712115,583.923,0,10.85,9.85,1.716666667
308,360610077002,o_360610077002,1258.442159,699.254,0,13.28333333,11.78333333,2.583333333
309,360610077003,o_360610077003,1236.946159,677.758,0,12.98333333,11.48333333,2.883333333
310,360610077004,o_360610077004,993.6576996,348.518,0,9.783333333,5.833333333,2.433333333
311,360610077005,o_360610077005,1180.425054,906.585,0,16.91666667,15.26666667,1.533333333
312,360610078001,o_360610078001,1213.20966,1010.416,0,18.21666667,17.11666667,5.233333333
313,360610078002,o_360610078002,700.7714293,485.815,0,9.366666667,8.2,1.966666667
314,360610078003,o_360610078003,683.0294293,468.073,0,9.05,7.883333333,2.283333333
315,360610078004,o_360610078004,755.7204293,540.764,0,10.3,9.133333333,1.033333333
316,360610078005,o_360610078005,730.0324293,515.076,0,9.85,8.683333333,1.483333333
317,360610078006,o_360610078006,714.6194293,499.663,0,9.716666667,8.55,1.616666667
318,360610078007,o_360610078007,830.9344293,615.978,0,11.7,10.53333333,7.633333333
319,360610079001,o_360610079001,1201.478433,1042.64,0,18.31666667,17.6,2.633333333
320,360610079002,o_360610079002,1421.45023,1282.542,0,22.83333333,21.78333333,3.183333333
321,360610079003,o_360610079003,1187.259443,898.269,0,16.95,15.18333333,1.516666667
322,360610079004,o_360610079004,782.5270185,585.226,0,10.48333333,9.916666667,5.583333333
323,360610080001,o_360610080001,1110.882429,895.926,0,16.31666667,15.15,3.016666667
324,360610080002,o_360610080002,854.0564293,639.1,0,11.93333333,10.76666667,7.4
325,360610080003,o_360610080003,880.0784293,665.122,0,12.36666667,11.2,6.966666667
326,360610080004,o_360610080004,971.5794293,756.623,0,13.91666667,12.75,5.416666667
327,360610080005,o_360610080005,1359.304613,756.111,0,16.03333333,12.75,3.3
328,360610080006,o_360610080006,1137.195429,922.239,0,16.73333333,15.56666667,2.6
329,360610081001,o_360610081001,926.3994961,714.877,0,13.08333333,12.1,2.333333333
330,360610081002,o_360610081002,900.4544961,688.932,0,12.61666667,11.63333333,2.8
331,360610081003,o_360610081003,872.3452115,464.897,0,8.8,7.8,2.333333333
332,360610081004,o_360610081004,1723.732318,605.356,1,12.68333333,10.18333333,4.183333333
333,360610081005,o_360610081005,849.2902115,441.842,0,8.4,7.4,2.733333333
334,360610081006,o_360610081006,932.8932115,525.445,0,9.833333333,8.833333333,1.3
335,360610082001,o_360610082001,1281.102313,974.223,0,18.61666667,16.46666667,2.6
336,360610082002,o_360610082002,1914.489811,827.382,1,19.76666667,13.95,3.816666667
337,360610082003,o_360610082003,1128.115429,913.159,0,16.53333333,15.36666667,2.8
338,360610083001,o_360610083001,1409.771607,704.891,0,14.86666667,11.93333333,1.2
339,360610083002,o_360610083002,2096.861932,518.606,1,12.21666667,8.716666667,5.416666667
340,360610083003,o_360610083003,1307.595211,900.147,0,16.11666667,15.11666667,1.016666667
341,360610084001,o_360610084001,2030.120595,764.014,1,20.33333333,12.96666667,3.25
342,360610084002,o_360610084002,1606.351429,1391.395,0,24.63333333,23.46666667,4.7
343,360610086011,o_360610086011,559.3508536,243.687,0,6.116666667,4.116666667,1.516666667
344,360610086012,o_360610086012,4111.384672,1368.272,1,31.41666667,23.13333333,8.916666667
345,360610086013,o_360610086013,1132.912429,917.956,0,16.75,15.58333333,2.583333333
346,360610086021,o_360610086021,1777.814429,1562.858,0,27.66666667,26.5,1.666666667
347,360610086031,o_360610086031,1480.625831,764.071,0,17.4,12.9,1.216666667
348,360610086032,o_360610086032,1672.281105,519.034,0,15.4,8.75,3.216666667
349,360610086033,o_360610086033,1720.039105,566.792,0,16.18333333,9.533333333,2.433333333
350,360610086034,o_360610086034,1865.093005,482.084,0,15.91666667,8.133333333,2.7
351,360610087001,o_360610087001,763.9474961,552.425,0,10.26666667,9.283333333,5.15
352,360610087002,o_360610087002,839.2974961,627.775,0,11.56666667,10.58333333,3.85
353,360610087003,o_360610087003,840.6914961,629.169,0,11.61666667,10.63333333,3.8
354,360610087004,o_360610087004,764.7134961,553.191,0,10.31666667,9.333333333,5.1
355,360610087005,o_360610087005,777.7204961,566.198,0,10.55,9.566666667,4.866666667
356,360610087006,o_360610087006,837.1194961,625.597,0,11.56666667,10.58333333,3.85
357,360610088001,o_360610088001,1071.161429,856.205,0,15.65,14.48333333,3.683333333
358,360610088002,o_360610088002,890.2764293,675.32,0,12.6,11.43333333,6.733333333
359,360610088003,o_360610088003,941.4244293,726.468,0,13.5,12.33333333,5.833333333
360,360610088004,o_360610088004,907.8594293,692.903,0,12.95,11.78333333,6.383333333
361,360610088005,o_360610088005,1282.76966,1079.976,0,19.45,18.35,4
362,360610088006,o_360610088006,1115.432429,900.476,0,16.5,15.33333333,2.833333333
363,360610088007,o_360610088007,1076.254429,861.298,0,15.78333333,14.61666667,3.55
364,360610089001,o_360610089001,1038.495496,826.973,0,14.9,13.91666667,5.516666667
365,360610089002,o_360610089002,952.4632115,545.015,0,10.11666667,9.116666667,1.016666667
366,360610089003,o_360610089003,1296.919496,1085.397,0,19.28333333,18.3,1.133333333
367,360610089004,o_360610089004,1456.502258,1052.549,0,19.85,17.7,1.1
368,360610089005,o_360610089005,1114.440496,902.918,0,16.18333333,15.2,4.233333333
369,360610090001,o_360610090001,1292.92666,1090.133,0,19.58333333,18.48333333,3.866666667
370,360610090002,o_360610090002,1350.50266,1147.709,0,20.6,19.5,2.85
371,360610090003,o_360610090003,1483.537904,870.435,0,18.1,14.76666667,5.35
372,360610090004,o_360610090004,1615.713904,1002.611,0,20.3,16.96666667,3.15
373,360610090005,o_360610090005,1541.142904,928.04,0,19.08333333,15.75,4.366666667
374,360610090006,o_360610090006,1466.407904,853.305,0,17.78333333,14.45,5.666666667
375,360610090007,o_360610090007,1300.38566,1097.592,0,19.75,18.65,3.7
376,360610091001,o_360610091001,1085.020689,549.552,0,11.76666667,9.266666667,3.65
377,360610091002,o_360610091002,1026.072148,640.175,0,11.81666667,10.81666667,1.983333333
378,360610091003,o_360610091003,1048.355148,662.458,0,12.16666667,11.16666667,1.633333333
379,360610091004,o_360610091004,993.8621482,607.965,0,11.25,10.25,2.55
380,360610091005,o_360610091005,1159.013689,623.545,0,13.05,10.55,4.1
381,360610091006,o_360610091006,1163.692689,628.224,0,13.1,10.6,4.05
382,360610092001,o_360610092001,1431.786326,762.399,0,16.11666667,12.88333333,3.2
383,360610092002,o_360610092002,1671.71966,1468.926,0,25.98333333,24.88333333,4.2
384,360610092003,o_360610092003,1670.05266,1467.259,0,26.01666667,24.91666667,4.166666667
385,360610093001,o_360610093001,1421.929148,1036.032,0,18.46666667,17.46666667,1.333333333
386,360610093002,o_360610093002,1281.231148,895.334,0,16.06666667,15.06666667,3.733333333
387,360610093003,o_360610093003,1803.290607,1098.41,0,21.58333333,18.65,2.216666667
388,360610093004,o_360610093004,1639.557689,1104.089,0,21.05,18.55,3.1
389,360610093005,o_360610093005,1646.183689,1110.715,0,21.25,18.75,2.9
390,360610093006,o_360610093006,1708.670689,1173.202,0,22.25,19.75,1.9
391,360610093007,o_360610093007,1822.969607,1118.089,0,21.88333333,18.95,1.916666667
392,360610094001,o_360610094001,2001.391326,1332.004,0,25.75,22.51666667,2.566666667
393,360610094002,o_360610094002,1912.740904,1299.638,0,25.45,22.11666667,4.733333333
394,360610095001,o_360610095001,1390.851461,606.838,0,12.23333333,10.23333333,1.566666667
395,360610095002,o_360610095002,1390.900461,606.887,0,12.21666667,10.21666667,1.583333333
396,360610096001,o_360610096001,2207.401518,1177.044,1,24.9,19.91666667,4.416666667
397,360610096002,o_360610096002,2141.871323,1536.95,0,27.91666667,25.91666667,4.133333333
398,360610097001,o_360610097001,1691.321461,907.308,0,17.26666667,15.26666667,2.533333333
399,360610097002,o_360610097002,1930.084808,1083.741,0,22.15,18.23333333,2
400,360610097003,o_360610097003,2135.245289,1046.068,0,22.75,17.75,1.05
401,360610097004,o_360610097004,2355.516925,762.958,0,15.33333333,12.83333333,2.033333333
402,360610098001,o_360610098001,1805.310377,1497.213,0,27.9,25.31666667,3.25
403,360610098002,o_360610098002,2356.742906,1668.804,0,29.61666667,28.11666667,2.1
404,360610098003,o_360610098003,1716.746465,830.169,0,18.86666667,14.05,1.316666667
405,360610098004,o_360610098004,1770.110198,451.109,0,13.93333333,7.566666667,5.383333333
406,360610098005,o_360610098005,1951.247628,520.258,0,13.78333333,8.8,6.35
407,360610098006,o_360610098006,1606.078105,452.831,0,14.3,7.65,1.05
408,360610098007,o_360610098007,1634.493663,869.958,0,17.35,14.68333333,2.783333333
409,360610099011,o_360610099011,1955.813624,1099.374,0,22.33333333,18.58333333,1.466666667
410,360610099012,o_360610099012,2105.308602,1831.068,0,32.25,30.9,4
411,360610099021,o_360610099021,4425.774582,680.333,1,17.96666667,11.46666667,5.9
412,360610099022,o_360610099022,2530.140249,1742.339,0,34.21666667,29.38333333,1.95
413,360610099031,o_360610099031,2751.501355,1077.986,0,27.2,18.23333333,2.416666667
414,360610099032,o_360610099032,4140.981582,395.54,1,13.21666667,6.716666667,5.15
415,360610100001,o_360610100001,2315.478465,1428.901,0,28.98333333,24.16666667,1.2
416,360610100002,o_360610100002,2621.84398,1221.055,0,23.55,20.55,4.5
417,360610101001,o_360610101001,1735.999925,143.441,0,4.9,2.4,3.283333333
418,360610102001,o_360610102001,2869.535404,1019.554,1,23.8,17.21666667,6.933333333
419,360610102002,o_360610102002,2562.139198,1243.138,0,27.28333333,20.91666667,1.033333333
420,360610103001,o_360610103001,2394.652925,802.094,0,16.06666667,13.56666667,1.3
421,360610103002,o_360610103002,2118.023925,525.465,0,11.4,8.9,3.466666667
422,360610104001,o_360610104001,1897.193578,1256.493,0,24.65,21.3,3.216666667
423,360610106011,o_360610106011,908.3002542,721.406,0,13.33333333,12.13333333,3.4
424,360610106012,o_360610106012,1226.145831,509.591,0,13.08333333,8.583333333,2.266666667
425,360610106013,o_360610106013,1231.577831,515.023,0,13.18333333,8.683333333,2.166666667
426,360610106014,o_360610106014,1394.139175,477.212,0,13.53333333,8.05,1.816666667
427,360610106015,o_360610106015,1579.538915,746.42,0,18.38333333,12.63333333,2.016666667
428,360610106016,o_360610106016,1384.386467,1076.322,0,20.56666667,18.21666667,4.133333333
429,360610106021,o_360610106021,851.8517348,429.792,0,10.15,7.283333333,1.566666667
430,360610106022,o_360610106022,1035.182732,833.716,0,15.71666667,14.2,1.95
431,360610106023,o_360610106023,905.8872542,718.993,0,13.3,12.1,3.433333333
432,360610106024,o_360610106024,1062.928254,876.034,0,15.95,14.75,4.1
433,360610108011,o_360610108011,1925.929757,567.948,0,19.01666667,9.6,1.383333333
434,360610108012,o_360610108012,1390.454175,473.527,0,13.46666667,7.983333333,1.883333333
435,360610108013,o_360610108013,1416.600175,499.673,0,13.9,8.416666667,1.45
436,360610108021,o_360610108021,1071.529942,708.93,0,14.31666667,12.05,1.033333333
437,360610108022,o_360610108022,1222.680831,506.126,0,13.01666667,8.516666667,2.333333333
438,360610108023,o_360610108023,1257.833831,541.279,0,13.61666667,9.116666667,1.733333333
439,360610108031,o_360610108031,1844.657757,486.676,0,17.65,8.233333333,2.75
440,360610108032,o_360610108032,1818.851757,460.87,0,17.2,7.783333333,3.2
441,360610109001,o_360610109001,1857.52744,1522.204,0,28.53333333,25.73333333,6.466666667
442,360610110001,o_360610110001,789.7616012,598.318,0,11.26666667,10.06666667,1.3
443,360610110002,o_360610110002,1304.308153,1055.94,0,19.65,17.93333333,2.816666667
444,360610110003,o_360610110003,1234.071199,1055.719,0,19.3,17.8,2.15
445,360610110004,o_360610110004,729.1496012,537.706,0,10.26666667,9.066666667,5.083333333
446,360610110005,o_360610110005,810.6456012,619.202,0,11.63333333,10.43333333,3.716666667
447,360610110006,o_360610110006,927.3236012,735.88,0,13.63333333,12.43333333,1.716666667
448,360610111001,o_360610111001,3291.829242,1054.605,1,23.25,17.83333333,4.716666667
449,360610111002,o_360610111002,2496.853448,427.339,1,12.86666667,7.266666667,5.5
450,360610111003,o_360610111003,2208.256012,1932.08,0,34.28333333,32.86666667,4.55
451,360610112011,o_360610112011,1411.032648,1232.859,0,22.23333333,20.76666667,2.716666667
452,360610112021,o_360610112021,2598.500196,1158.961,1,24,19.48333333,4.6
453,360610112031,o_360610112031,1981.215795,435.542,0,18.15,7.416666667,2.25
454,360610112032,o_360610112032,1950.941877,407.55,0,17.71666667,6.883333333,1.433333333
455,360610113001,o_360610113001,2346.805658,1116.764,0,22.43333333,18.93333333,3.116666667
456,360610114011,o_360610114011,2121.490084,1140.398,0,21.2,19.2,6.4
457,360610114012,o_360610114012,1602.60796,879.348,0,18.88333333,14.9,2.466666667
458,360610114021,o_360610114021,1949.777084,968.685,0,18.3,16.3,1.3
459,360610114022,o_360610114022,1714.109075,1001.259,0,18.36666667,16.86666667,6.016666667
460,360610115001,o_360610115001,2198.91697,1088.816,0,24.08333333,18.41666667,2.616666667
461,360610115002,o_360610115002,1751.113904,335.765,1,13.55,5.683333333,4.25
462,360610116001,o_360610116001,504.119497,316.311,0,6.583333333,5.366666667,1.816666667
463,360610116002,o_360610116002,696.551497,508.743,0,9.816666667,8.6,1.9
464,360610116003,o_360610116003,870.7687348,448.709,0,10.45,7.583333333,1.266666667
465,360610117001,o_360610117001,1744.515904,329.167,1,13.48333333,5.616666667,4.316666667
466,360610117002,o_360610117002,1942.353123,1636.071,0,29.53333333,27.86666667,1.55
467,360610117003,o_360610117003,2028.54689,1475.805,0,28.01666667,25.08333333,3.066666667
468,360610118001,o_360610118001,900.3263414,752.447,0,14.08333333,12.65,5.466666667
469,360610118002,o_360610118002,589.4326678,306.284,0,8.533333333,5.15,2.45
470,360610118003,o_360610118003,919.5932116,691.191,0,13.85,11.63333333,1.733333333
471,360610118004,o_360610118004,671.0076012,479.564,0,9.35,8.15,3.216666667
472,360610118005,o_360610118005,956.305008,804.493,0,14.66666667,13.61666667,1.866666667
473,360610118006,o_360610118006,1319.106153,1070.738,0,19.88333333,18.16666667,2.583333333
474,360610118007,o_360610118007,785.9996012,594.556,0,11.23333333,10.03333333,1.333333333
475,360610118008,o_360610118008,706.7316012,515.288,0,9.85,8.65,2.716666667
476,360610119001,o_360610119001,2621.010658,1390.969,0,26.1,23.6,1.45
477,360610119002,o_360610119002,1853.12984,1299.422,0,24.78333333,21.95,1.916666667
478,360610120001,o_360610120001,1155.544896,1022.268,0,18.2,17.26666667,4.366666667
479,360610120002,o_360610120002,1921.971084,940.879,0,17.78333333,15.78333333,1.816666667
480,360610120003,o_360610120003,1919.169084,938.077,0,17.75,15.75,1.85
481,360610120004,o_360610120004,864.1333116,168.634,0,4.833333333,2.833333333,3.583333333
482,360610121011,o_360610121011,1954.494655,1152.342,0,23.61666667,19.51666667,3.083333333
483,360610121012,o_360610121012,1794.70384,1240.996,0,23.78333333,20.95,2.916666667
484,360610121021,o_360610121021,1449.198522,485.055,1,13.65,8.2,4.15
485,360610121022,o_360610121022,1602.253897,397.375,1,13.5,6.733333333,4.3
486,360610121023,o_360610121023,1414.587522,450.444,1,13.06666667,7.616666667,4.733333333
487,360610121024,o_360610121024,1338.642466,536.087,1,13.63333333,9.083333333,4.166666667
488,360610122001,o_360610122001,1311.622896,1178.346,0,20.91666667,19.98333333,3.133333333
489,360610122002,o_360610122002,1377.530516,957.468,0,18.48333333,16.16666667,2.866666667
490,360610122003,o_360610122003,1285.000276,1028.152,0,18.78333333,17.36666667,2.566666667
491,360610122004,o_360610122004,1062.265071,897.312,0,16.1,15.18333333,2.433333333
492,360610124001,o_360610124001,600.079136,417.44,0,8.25,7.066666667,4.4
493,360610124002,o_360610124002,596.031136,413.392,0,8.166666667,6.983333333,1.233333333
494,360610124003,o_360610124003,742.5371368,585.08,0,10.91666667,9.916666667,2.4
495,360610124004,o_360610124004,714.5331879,557.407,0,11.33333333,9.45,2.283333333
496,360610124005,o_360610124005,602.4355513,340.865,0,7.45,5.75,6.083333333
497,360610124006,o_360610124006,855.7822582,536.882,0,11.1,9.033333333,2.05
498,360610124007,o_360610124007,734.7081368,577.251,0,10.8,9.8,2.516666667
499,360610124008,o_360610124008,593.2722049,392.164,0,7.966666667,6.666666667,2.05
500,360610125001,o_360610125001,2187.507347,810.909,0,17.21666667,13.71666667,1.583333333
501,360610125002,o_360610125002,2247.656558,983.007,0,23.1,16.63333333,1.95
502,360610125003,o_360610125003,2266.713558,1002.064,0,23.43333333,16.96666667,1.616666667
503,360610125004,o_360610125004,2448.827373,935.733,0,23.6,15.86666667,1.45
504,360610126011,o_360610126011,3223.477214,914.527,1,18.81666667,15.31666667,7.683333333
505,360610126012,o_360610126012,988.2027045,816.789,0,14.81666667,13.75,6
506,360610126013,o_360610126013,981.6445513,720.074,0,13.8,12.1,1.016666667
507,360610126014,o_360610126014,912.1432116,683.741,0,13.76666667,11.55,1.816666667
508,360610126015,o_360610126015,1266.796001,806.934,0,16.56666667,13.56666667,2
509,360610126021,o_360610126021,927.322838,789.362,0,14.31666667,13.33333333,4.516666667
510,360610126022,o_360610126022,1045.232838,907.272,0,16.35,15.36666667,2.483333333
511,360610126023,o_360610126023,1257.204896,1123.928,0,19.88333333,18.95,2.683333333
512,360610126024,o_360610126024,675.4346678,392.286,0,9.966666667,6.583333333,1.016666667
513,360610127001,o_360610127001,2318.593709,1293.888,0,27.18333333,21.93333333,3.866666667
514,360610127002,o_360610127002,2383.718709,1359.013,0,28.3,23.05,2.75
515,360610127003,o_360610127003,1142.2266,499.476,1,12.13333333,8.45,5.666666667
516,360610127004,o_360610127004,1003.109577,831.838,0,15.21666667,14.13333333,2.583333333
517,360610127005,o_360610127005,2280.166558,1015.517,0,23.66666667,17.2,1.383333333
518,360610128001,o_360610128001,943.1000004,592.012,0,12.35,9.983333333,1.9
519,360610128002,o_360610128002,914.023838,776.063,0,14.13333333,13.15,4.7
520,360610128003,o_360610128003,877.828838,739.868,0,13.5,12.51666667,5.333333333
521,360610128004,o_360610128004,838.2141393,700.253,0,12.83333333,11.85,3
522,360610128005,o_360610128005,742.418838,604.458,0,11.21666667,10.23333333,7.616666667
523,360610129011,o_360610129011,1575.413897,370.535,1,13.03333333,6.266666667,4.766666667
524,360610129012,o_360610129012,1847.19608,1703.66,0,29.68333333,28.88333333,1.4
525,360610129013,o_360610129013,1615.21408,1471.678,0,25.91666667,25.11666667,5.166666667
526,360610129014,o_360610129014,1814.921747,1351.586,0,25.71666667,22.88333333,4.083333333
527,360610129021,o_360610129021,1005.735577,834.464,0,15.23333333,14.15,2.566666667
528,360610129022,o_360610129022,1245.176747,781.841,0,16.11666667,13.28333333,1.683333333
529,360610129023,o_360610129023,1626.447577,1455.176,0,25.7,24.61666667,4.1
530,360610130001,o_360610130001,970.3534334,728.669,0,14.01666667,12.31666667,1.716666667
531,360610130002,o_360610130002,1404.867468,1074.5,0,19.81666667,18.21666667,3.233333333
532,360610130003,o_360610130003,1151.39689,901.659,0,16.83333333,15.26666667,3.55
533,360610130004,o_360610130004,1009.994223,848.464,0,15.15,14.25,2.583333333
534,360610131001,o_360610131001,1991.415709,966.71,0,21.65,16.4,3.4
535,360610131002,o_360610131002,1641.001038,863.397,0,16.65,14.65,2.15
536,360610131003,o_360610131003,1640.667038,863.063,0,16.63333333,14.63333333,2.166666667
537,360610132011,o_360610132011,775.457136,592.818,0,11.2,10.01666667,1.45
538,360610132012,o_360610132012,694.296136,511.657,0,9.833333333,8.65,2.816666667
539,360610132013,o_360610132013,770.482136,587.843,0,11.1,9.916666667,1.55
540,360610132021,o_360610132021,565.7708023,338.533,0,7.2,5.716666667,1.216666667
541,360610132022,o_360610132022,1039.922561,826.677,0,15.46666667,13.95,2.966666667
542,360610132023,o_360610132023,1060.091561,846.846,0,15.8,14.28333333,2.633333333
543,360610132031,o_360610132031,566.7138023,339.476,0,7.2,5.716666667,1.216666667
544,360610132032,o_360610132032,1147.488561,934.243,0,17.26666667,15.75,1.166666667
545,360610132033,o_360610132033,559.1728023,331.935,0,7.066666667,5.583333333,1.35
546,360610133001,o_360610133001,2054.481709,1029.776,0,22.71666667,17.46666667,2.333333333
547,360610133002,o_360610133002,1335.204991,1021.441,0,18.85,17.23333333,1.85
548,360610133003,o_360610133003,843.490577,672.219,0,12.53333333,11.45,5.266666667
549,360610133004,o_360610133004,945.8710385,652.398,0,12.75,11.15,1.683333333
550,360610133005,o_360610133005,971.6070385,678.134,0,13.13333333,11.53333333,1.3
551,360610134001,o_360610134001,1235.852271,856.207,0,17.13333333,14.45,1.7
552,360610134002,o_360610134002,1206.560271,826.915,0,16.63333333,13.95,2.2
553,360610134003,o_360610134003,1016.663156,777.764,0,15.08333333,13.06666667,1.316666667
554,360610134004,o_360610134004,982.7442894,584.481,0,12.65,9.866666667,1.583333333
555,360610134005,o_360610134005,1104.787575,973.614,0,17.31666667,16.36666667,4.85
556,360610134006,o_360610134006,957.3010004,606.213,0,12.61666667,10.25,1.633333333
557,360610134007,o_360610134007,1402.799156,1163.9,0,21.6,19.58333333,2.8
558,360610134008,o_360610134008,3396.561214,1087.611,1,21.78333333,18.28333333,4.566666667
559,360610134009,o_360610134009,1241.342156,1002.443,0,18.85,16.83333333,5.55
560,360610135011,o_360610135011,959.741577,788.47,0,14.46666667,13.38333333,3.333333333
561,360610135012,o_360610135012,753.317577,582.046,0,10.96666667,9.883333333,6.833333333
562,360610135013,o_360610135013,788.0922526,588.065,0,11.08333333,9.983333333,4.133333333
563,360610135014,o_360610135014,1165.962747,702.627,0,14.81666667,11.98333333,2.983333333
564,360610135021,o_360610135021,766.1262526,566.099,0,10.73333333,9.633333333,4.483333333
565,360610135022,o_360610135022,975.9762968,740.236,0,14.06666667,12.51666667,3.05
566,360610135023,o_360610135023,965.9662968,730.226,0,13.88333333,12.33333333,3.233333333
567,360610135024,o_360610135024,690.8207724,572.409,0,10.33333333,9.7,3.483333333
568,360610135025,o_360610135025,1075.186577,903.915,0,16.48333333,15.4,1.316666667
569,360610136011,o_360610136011,1564.714749,1309.519,0,23.75,22.1,1.3
570,360610136021,o_360610136021,879.4955615,666.25,0,12.75,11.23333333,5.683333333
571,360610136022,o_360610136022,1151.824561,938.579,0,17.35,15.83333333,1.083333333
572,360610136023,o_360610136023,1070.871561,857.626,0,15.98333333,14.46666667,2.45
573,360610136031,o_360610136031,1101.456561,888.211,0,16.51666667,15,1.916666667
574,360610136032,o_360610136032,1447.893156,1208.994,0,22.35,20.33333333,2.05
575,360610136033,o_360610136033,1366.798156,1127.899,0,20.98333333,18.96666667,3.416666667
576,360610136041,o_360610136041,1275.424487,1131.098,0,20.06666667,19.06666667,1.533333333
577,360610136042,o_360610136042,1538.564749,1283.369,0,23.35,21.7,1.7
578,360610136043,o_360610136043,1795.619731,1509.295,0,27.41666667,25.4,1.183333333
579,360610136044,o_360610136044,1457.917749,1202.722,0,21.98333333,20.33333333,3.066666667
580,360610137001,o_360610137001,1244.633648,1066.46,0,19.41666667,17.95,5.533333333
581,360610137002,o_360610137002,1222.78699,574.04,0,13.31666667,9.783333333,1.116666667
582,360610137003,o_360610137003,1272.407648,1094.234,0,19.93333333,18.46666667,5.016666667
583,360610137004,o_360610137004,1040.710759,819.03,0,15.56666667,13.93333333,1.616666667
584,360610137005,o_360610137005,951.4878218,305.261,0,8.583333333,5.216666667,3.683333333
585,360610137006,o_360610137006,1047.227822,401.001,0,10.2,6.833333333,2.066666667
586,360610138001,o_360610138001,1386.975713,641.506,0,12.78333333,10.78333333,3.633333333
587,360610138002,o_360610138002,1103.465236,926.038,0,16.91666667,15.71666667,3.333333333
588,360610138003,o_360610138003,890.0378482,769.655,0,13.98333333,12.95,1.183333333
589,360610138004,o_360610138004,1516.788713,771.319,0,14.98333333,12.98333333,1.433333333
590,360610138005,o_360610138005,1282.466156,1043.567,0,19.58333333,17.56666667,4.816666667
591,360610138006,o_360610138006,2300.036462,1145.561,0,21.28333333,19.28333333,4.066666667
592,360610138007,o_360610138007,1173.927156,935.028,0,17.75,15.73333333,6.65
593,360610138008,o_360610138008,970.4693141,769.823,0,14.61666667,12.98333333,1.433333333
594,360610138009,o_360610138009,823.5188482,703.136,0,12.85,11.81666667,2.316666667
595,360610139001,o_360610139001,1292.194836,715.095,0,15.86666667,12.06666667,1.25
596,360610139002,o_360610139002,840.9639439,570.504,0,11.5,9.616666667,2.283333333
597,360610139003,o_360610139003,798.285191,504.812,0,10.15,8.616666667,2.116666667
598,360610139004,o_360610139004,929.4020385,635.929,0,12.38333333,10.78333333,2.05
599,360610139005,o_360610139005,849.437191,555.964,0,10.96666667,9.433333333,1.3
600,360610139006,o_360610139006,726.177191,432.704,0,8.883333333,7.35,3.383333333
601,360610139007,o_360610139007,678.070191,384.597,0,8.033333333,6.5,4.233333333
602,360610140001,o_360610140001,1163.341713,417.872,0,9.083333333,7.083333333,1.333333333
603,360610140002,o_360610140002,877.2669131,615.518,0,12.23333333,10.4,2
604,360610140003,o_360610140003,793.7932584,616.366,0,11.6,10.4,2.65
605,360610140004,o_360610140004,834.7279131,572.979,0,11.55,9.716666667,2.683333333
606,360610140005,o_360610140005,836.7349131,574.986,0,11.53333333,9.7,2.7
607,360610140006,o_360610140006,1163.282713,417.813,0,9.083333333,7.083333333,1.333333333
608,360610142001,o_360610142001,1580.023866,1233.41,0,23.36666667,20.98333333,1.2
609,360610142002,o_360610142002,784.4769298,504.587,0,10.9,8.55,1.216666667
610,360610142003,o_360610142003,741.1219298,461.232,0,10.16666667,7.816666667,1.95
611,360610142004,o_360610142004,725.4539298,445.564,0,9.9,7.55,2.216666667
612,360610142005,o_360610142005,818.5944785,685.586,0,12.33333333,11.56666667,3.083333333
613,360610142006,o_360610142006,1471.526713,726.057,0,14.23333333,12.23333333,2.183333333
614,360610143001,o_360610143001,1967.778775,1453.542,0,27.01666667,24.43333333,1.35
615,360610144011,o_360610144011,2642.037683,974.689,1,21.86666667,16.36666667,4.483333333
616,360610144012,o_360610144012,2269.775462,1115.3,0,20.75,18.75,4.6
617,360610144013,o_360610144013,1815.796952,1681.302,0,29.33333333,28.41666667,2.25
618,360610144014,o_360610144014,2438.106462,1283.631,0,23.55,21.55,1.8
619,360610144021,o_360610144021,1246.596952,1112.102,0,19.68333333,18.76666667,5.65
620,360610144022,o_360610144022,1218.365952,1083.871,0,19.23333333,18.31666667,6.1
621,360610144023,o_360610144023,1298.064952,1163.57,0,20.58333333,19.66666667,4.75
622,360610144024,o_360610144024,1271.905952,1137.411,0,20.11666667,19.2,5.216666667
623,360610144025,o_360610144025,1287.617613,967.648,0,17.91666667,16.38333333,2.3
624,360610144026,o_360610144026,1207.821613,887.852,0,16.56666667,15.03333333,3.65
625,360610144027,o_360610144027,1444.395464,1212.447,0,21.93333333,20.46666667,5.4
626,360610145001,o_360610145001,921.5600385,628.087,0,12.33333333,10.73333333,2.1
627,360610145002,o_360610145002,712.962191,419.489,0,8.616666667,7.083333333,3.65
628,360610145003,o_360610145003,766.620191,473.147,0,9.6,8.066666667,2.666666667
629,360610145004,o_360610145004,863.3377528,657.493,0,12.01666667,11.1,2.95
630,360610145005,o_360610145005,1128.214055,868.113,0,16.11666667,14.76666667,3.766666667
631,360610146011,o_360610146011,1135.145713,389.676,0,8.566666667,6.566666667,1.85
632,360610146012,o_360610146012,2047.993462,893.518,0,17.01666667,15.01666667,8.333333333
633,360610146013,o_360610146013,1303.230713,557.761,0,11.38333333,9.383333333,5.033333333
634,360610146014,o_360610146014,2216.681462,1062.206,0,19.86666667,17.86666667,5.483333333
635,360610146021,o_360610146021,1272.750613,952.781,0,17.65,16.11666667,2.566666667
636,360610146022,o_360610146022,1152.900713,407.431,0,8.833333333,6.833333333,1.583333333
637,360610146023,o_360610146023,1520.645952,1386.151,0,24.3,23.38333333,1.033333333
638,360610146024,o_360610146024,1193.524613,873.555,0,16.31666667,14.78333333,3.9
639,360610146025,o_360610146025,1440.752952,1306.258,0,22.95,22.03333333,2.383333333
640,360610146026,o_360610146026,1429.531093,1234.588,0,22.28333333,20.95,2.166666667
641,360610147001,o_360610147001,1090.058297,854.318,0,16,14.45,1.116666667
642,360610147002,o_360610147002,894.7872968,659.047,0,12.65,11.1,4.466666667
643,360610147003,o_360610147003,980.0472968,744.307,0,14.13333333,12.58333333,2.983333333
644,360610148011,o_360610148011,965.7257127,220.256,0,5.716666667,3.716666667,4.7
645,360610148012,o_360610148012,882.2097127,136.74,0,4.3,2.3,6.116666667
646,360610148021,o_360610148021,1356.286563,842.05,0,16.76666667,14.18333333,2.6
647,360610148022,o_360610148022,1047.201713,301.732,0,7.066666667,5.066666667,3.35
648,360610148023,o_360610148023,1079.799713,334.33,0,7.633333333,5.633333333,2.783333333
649,360610148024,o_360610148024,1201.103775,686.867,0,14.15,11.56666667,2.216666667
650,360610148025,o_360610148025,947.5707127,202.101,0,5.4,3.4,2.25
651,360610149001,o_360610149001,1101.158319,936.465,0,16.61666667,15.88333333,1.433333333
652,360610149002,o_360610149002,1066.472603,821.623,0,15.51666667,14,1.816666667
653,360610149003,o_360610149003,1278.583769,813.946,0,15.83333333,13.75,2.366666667
654,360610149004,o_360610149004,1266.516769,801.879,0,15.68333333,13.6,2.516666667
655,360610149005,o_360610149005,1058.652753,852.808,0,15.38333333,14.46666667,2.816666667
656,360610150011,o_360610150011,1159.501713,414.032,0,8.966666667,6.966666667,4.683333333
657,360610150012,o_360610150012,1313.460713,567.991,0,11.55,9.55,2.1
658,360610150021,o_360610150021,1197.206894,468.266,0,11.66666667,7.9,1.933333333
659,360610150022,o_360610150022,1159.548713,414.079,0,8.966666667,6.966666667,4.683333333
660,360610150023,o_360610150023,1314.643713,569.174,0,11.58333333,9.583333333,2.066666667
661,360610150024,o_360610150024,1195.721894,466.781,0,11.65,7.883333333,1.95
662,360610151011,o_360610151011,1183.256624,1019.054,0,18.38333333,17.48333333,1.016666667
663,360610151012,o_360610151012,1243.392297,1007.652,0,18.6,17.05,1.75
664,360610151013,o_360610151013,1056.590624,892.388,0,16.16666667,15.26666667,3.233333333
665,360610151021,o_360610151021,1285.365014,997.324,0,19.08333333,16.95,7.883333333
666,360610151022,o_360610151022,1182.364297,946.624,0,17.58333333,16.03333333,2.766666667
667,360610151023,o_360610151023,1230.960297,995.22,0,18.48333333,16.93333333,1.866666667
668,360610151024,o_360610151024,803.9850106,366.326,0,9.316666667,6.183333333,1.233333333
669,360610152001,o_360610152001,519.3853284,189.438,0,4.8,3.233333333,3.716666667
670,360610152002,o_360610152002,587.4143284,257.467,0,5.933333333,4.366666667,2.583333333
671,360610152003,o_360610152003,670.5983284,340.651,0,7.3,5.733333333,1.216666667
672,360610152004,o_360610152004,978.1636135,658.194,0,12.7,11.16666667,10.75
673,360610152005,o_360610152005,1091.714464,859.766,0,16.01666667,14.55,2.55
674,360610152006,o_360610152006,1174.753999,844.807,0,15.78333333,14.21666667,3.733333333
675,360610152007,o_360610152007,2012.18957,1692.22,0,30.06666667,28.53333333,2.383333333
676,360610153011,o_360610153011,1280.851297,1056.546,0,19.53333333,17.86666667,1.6
677,360610153012,o_360610153012,1361.86246,947.962,0,19.06666667,16.03333333,2.066666667
678,360610153013,o_360610153013,1086.305603,841.456,0,15.85,14.33333333,1.483333333
679,360610153021,o_360610153021,1649.890835,1092.712,0,20.13333333,18.63333333,4.85
680,360610153022,o_360610153022,1068.526603,823.677,0,15.58333333,14.06666667,1.75
681,360610153023,o_360610153023,1133.863624,969.661,0,17.56666667,16.66666667,1.833333333
682,360610153024,o_360610153024,1203.941065,769.496,0,15.6,13.1,1.733333333
683,360610153025,o_360610153025,1169.104624,1004.902,0,18.16666667,17.26666667,1.233333333
684,360610153026,o_360610153026,988.4166025,743.567,0,14.23333333,12.71666667,3.1
685,360610154011,o_360610154011,1115.090613,795.121,0,15.01666667,13.48333333,8.433333333
686,360610154012,o_360610154012,1365.612738,1229.127,0,21.56666667,20.7,2.933333333
687,360610154013,o_360610154013,1141.526613,821.557,0,15.46666667,13.93333333,7.983333333
688,360610154014,o_360610154014,892.1115701,572.142,0,11.26666667,9.733333333,1.183333333
689,360610154021,o_360610154021,1243.655738,1107.17,0,19.5,18.63333333,5
690,360610154022,o_360610154022,583.0953284,253.148,0,5.816666667,4.25,2.7
691,360610154023,o_360610154023,619.7513284,289.804,0,6.416666667,4.85,2.1
692,360610154031,o_360610154031,1371.784669,812.536,0,16.61666667,13.7,1.983333333
693,360610154032,o_360610154032,1169.942613,849.973,0,15.96666667,14.43333333,7.483333333
694,360610154033,o_360610154033,1372.334669,813.086,0,16.61666667,13.7,1.983333333
695,360610154034,o_360610154034,1481.277886,762.676,0,16.83333333,12.83333333,1.766666667
696,360610155011,o_360610155011,1362.566073,1202.239,0,21.81666667,20.65,1.55
697,360610155021,o_360610155021,1432.158014,1144.117,0,21.65,19.51666667,5.316666667
698,360610155022,o_360610155022,1259.656014,971.615,0,18.73333333,16.6,8.233333333
699,360610155023,o_360610155023,1374.907014,1086.866,0,20.68333333,18.55,6.283333333
700,360610155024,o_360610155024,1386.912014,1098.871,0,20.83333333,18.7,6.133333333
701,360610155025,o_360610155025,1071.035014,782.994,0,15.51666667,13.38333333,11.45
702,360610156011,o_360610156011,695.8856346,621.252,0,11.03333333,10.51666667,1.65
703,360610156012,o_360610156012,605.7803284,275.833,0,6.2,4.633333333,2.316666667
704,360610156013,o_360610156013,811.964635,612.295,0,11.61666667,10.3,2.083333333
705,360610156014,o_360610156014,852.353635,652.684,0,12.28333333,10.96666667,1.416666667
706,360610156021,o_360610156021,504.7896346,430.156,0,7.816666667,7.3,4.866666667
707,360610157001,o_360610157001,1694.75946,1280.859,0,24.71666667,21.68333333,2.416666667
708,360610157002,o_360610157002,1607.499297,1383.194,0,25.1,23.43333333,2.033333333
709,360610157003,o_360610157003,1860.204835,1303.026,0,23.63333333,22.13333333,1.35
710,360610157004,o_360610157004,1439.990297,1215.685,0,22.25,20.58333333,4.883333333
711,360610157005,o_360610157005,2056.836488,988.735,1,24.03333333,16.78333333,3.933333333
712,360610157006,o_360610157006,1972.908488,904.807,1,22.61666667,15.36666667,5.35
713,360610157007,o_360610157007,1938.637787,1078.687,1,24.31666667,18.35,3.65
714,360610157008,o_360610157008,1662.845835,1105.667,0,20.35,18.85,4.633333333
715,360610158011,o_360610158011,991.1913415,737.041,0,14.98333333,12.43333333,6.983333333
716,360610158012,o_360610158012,1202.375341,948.225,0,18.56666667,16.01666667,3.4
717,360610158013,o_360610158013,1197.310341,943.16,0,18.48333333,15.93333333,3.483333333
718,360610158014,o_360610158014,809.0212835,618.671,0,11.18333333,10.4,2.416666667
719,360610158021,o_360610158021,865.1602863,624.706,0,11.5,10.51666667,1.133333333
720,360610158022,o_360610158022,746.4834329,498.573,0,10.86666667,8.416666667,1.55
721,360610158023,o_360610158023,1369.90952,1157.483,0,20.9,19.51666667,1.383333333
722,360610159001,o_360610159001,1620.211014,1332.17,0,24.8,22.66666667,2.166666667
723,360610159002,o_360610159002,1639.033014,1350.992,0,25.11666667,22.98333333,1.85
724,360610159003,o_360610159003,1604.933014,1316.892,0,24.51666667,22.38333333,2.45
725,360610159004,o_360610159004,1735.828488,1300.816,0,25.41666667,22.16666667,1.55
726,360610159005,o_360610159005,1635.314014,1347.273,0,25.1,22.96666667,1.866666667
727,360610159006,o_360610159006,1591.408014,1303.367,0,24.35,22.21666667,2.616666667
728,360610159007,o_360610159007,1463.929014,1175.888,0,22.13333333,20,4.833333333
729,360610160011,o_360610160011,684.6834329,436.773,0,9.816666667,7.366666667,2.6
730,360610160012,o_360610160012,925.0641672,572.612,0,11.31666667,9.633333333,2.283333333
731,360610160013,o_360610160013,881.2252835,690.875,0,12.4,11.61666667,1.2
732,360610160014,o_360610160014,702.1664329,454.256,0,10.06666667,7.616666667,2.35
733,360610160021,o_360610160021,1132.595384,877.163,0,16.26666667,14.8,1.116666667
734,360610160022,o_360610160022,510.0199383,269.566,0,5.55,4.55,1.1
735,360610161001,o_360610161001,1878.528065,1444.083,0,27.2,24.7,2.133333333
736,360610161002,o_360610161002,1998.43326,1550.361,0,30.06666667,26.31666667,1.283333333
737,360610161003,o_360610161003,1856.833495,1205.988,0,25.16666667,20.43333333,1.966666667
738,360610161004,o_360610161004,1775.34946,1361.449,0,26.1,23.06666667,1.033333333
739,360610161005,o_360610161005,1791.732835,1234.554,0,22.51666667,21.01666667,2.466666667
740,360610161006,o_360610161006,1873.368835,1316.19,0,23.9,22.4,1.083333333
741,360610162001,o_360610162001,1565.009055,1318.756,0,23.5,22.5,3.083333333
742,360610162002,o_360610162002,1578.879055,1332.626,0,23.66666667,22.66666667,2.916666667
743,360610162003,o_360610162003,1373.46137,1064.237,0,19.4,18.15,2
744,360610162004,o_360610162004,1193.84837,884.624,0,16.35,15.1,5.05
745,360610162005,o_360610162005,945.6506346,871.017,0,15.23333333,14.71666667,4.45
746,360610163001,o_360610163001,1805.061973,1617.257,0,28.4,27.56666667,4.783333333
747,360610163002,o_360610163002,1820.729787,960.779,1,22.36666667,16.4,5.6
748,360610163003,o_360610163003,1966.291821,1329.789,0,24.16666667,22.66666667,3.816666667
749,360610163004,o_360610163004,1843.830787,983.88,1,22.68333333,16.71666667,5.283333333
750,360610163005,o_360610163005,2047.158821,1410.656,0,25.53333333,24.03333333,2.45
751,360610164001,o_360610164001,1154.264361,738.297,0,15.03333333,12.45,1.65
752,360610164002,o_360610164002,971.5558962,845.823,0,15.03333333,14.25,1.65
753,360610164003,o_360610164003,893.4218962,767.689,0,13.73333333,12.95,2.95
754,360610164004,o_360610164004,1142.733361,726.766,0,14.86666667,12.28333333,1.816666667
755,360610165001,o_360610165001,2168.940731,476.313,0,17.66666667,8.05,5.683333333
756,360610165002,o_360610165002,2052.150821,1415.648,0,25.6,24.1,2.383333333
757,360610165003,o_360610165003,2057.369821,1420.867,0,25.65,24.15,2.333333333
758,360610165004,o_360610165004,2175.742731,483.115,0,17.8,8.183333333,5.55
759,360610165005,o_360610165005,2216.485731,523.858,0,18.48333333,8.866666667,4.866666667
760,360610166001,o_360610166001,1546.882173,921.449,0,17.08333333,15.58333333,4.583333333
761,360610166002,o_360610166002,1619.908173,994.475,0,18.33333333,16.83333333,3.333333333
762,360610166003,o_360610166003,1058.865635,859.196,0,15.86666667,14.55,5.833333333
763,360610166004,o_360610166004,923.2980606,620.912,0,12.2,10.5,2
764,360610166005,o_360610166005,1076.247428,598.634,0,12.76666667,10.1,1.433333333
765,360610166006,o_360610166006,1057.416341,803.266,0,16.13333333,13.58333333,5.833333333
766,360610167001,o_360610167001,2192.659373,1731.28,0,31.58333333,29.5,1.6
767,360610167002,o_360610167002,1915.195821,1278.693,0,23.3,21.8,4.116666667
768,360610167003,o_360610167003,1837.259821,1200.757,0,21.98333333,20.48333333,5.433333333
769,360610167004,o_360610167004,1948.277821,1311.775,0,23.83333333,22.33333333,3.583333333
770,360610167005,o_360610167005,1806.317821,1169.815,0,21.43333333,19.93333333,5.983333333
771,360610168001,o_360610168001,861.0643668,698.527,0,12.48333333,11.81666667,1.816666667
772,360610168002,o_360610168002,642.74008,402.286,0,7.766666667,6.783333333,3.3
773,360610168003,o_360610168003,877.0063668,714.469,0,12.76666667,12.1,1.533333333
774,360610169001,o_360610169001,2730.377152,357.739,1,17.1,5.983333333,8.983333333
775,360610169002,o_360610169002,2420.868731,728.241,0,21.98333333,12.36666667,2.8
776,360610169003,o_360610169003,2472.191731,779.564,0,22.85,13.23333333,1.933333333
777,360610169004,o_360610169004,2306.846731,614.219,0,20.08333333,10.46666667,4.7
778,360610169005,o_360610169005,2340.326731,647.699,0,20.63333333,11.01666667,4.15
779,360610169006,o_360610169006,1991.307423,1044.454,0,23.71666667,17.61666667,1.066666667
780,360610170001,o_360610170001,1611.418107,950.42,0,18.6,16.01666667,3.4
781,360610170002,o_360610170002,1207.632635,1132.999,0,19.71666667,19.2,1.4
782,360610170003,o_360610170003,1318.820361,902.853,0,17.81666667,15.23333333,2.3
783,360610170004,o_360610170004,1475.240391,901.591,0,18.81666667,15.25,1.3
784,360610170005,o_360610170005,1570.920956,1261.697,0,22.76666667,21.51666667,3.066666667
785,360610171001,o_360610171001,3239.697738,577.836,1,22.25,9.683333333,3.833333333
786,360610171002,o_360610171002,2067.225821,1430.723,0,25.85,24.35,1.566666667
787,360610171003,o_360610171003,2569.385066,1323.702,0,25.06666667,22.56666667,2.35
788,360610171004,o_360610171004,2753.557066,1507.874,0,28.13333333,25.63333333,5.283333333
789,360610171005,o_360610171005,2243.334821,1606.832,0,28.86666667,27.36666667,4.55
790,360610171006,o_360610171006,2406.331821,1769.829,0,31.63333333,30.13333333,1.783333333
791,360610172001,o_360610172001,1784.480067,461.707,1,11.86666667,7.8,7.266666667
792,360610172002,o_360610172002,1493.034796,691.081,0,16.13333333,11.63333333,1.5
793,360610172003,o_360610172003,1382.868676,291.815,0,11.26666667,4.9,2.65
794,360610172004,o_360610172004,1416.286668,1255.18,0,22.03333333,21.25,1.65
795,360610172005,o_360610172005,2172.382308,985.74,0,19.21666667,16.71666667,1.883333333
796,360610173001,o_360610173001,2981.850152,609.212,1,21.33333333,10.21666667,4.75
797,360610173002,o_360610173002,3080.282738,418.421,1,19.63333333,7.066666667,6.45
798,360610173003,o_360610173003,2991.104652,750.708,1,27.9,12.63333333,3.116666667
799,360610173004,o_360610173004,2365.83646,1228.305,0,27.38333333,20.85,2.633333333
800,360610173005,o_360610173005,2183.620432,1450.357,0,25.98333333,24.48333333,1.183333333
801,360610173006,o_360610173006,2789.573152,416.935,1,18.13333333,7.016666667,7.95
802,360610173007,o_360610173007,2708.263152,335.625,1,16.71666667,5.6,9.366666667
803,360610174011,o_360610174011,901.3173738,757.807,0,13.53333333,12.81666667,1.283333333
804,360610174012,o_360610174012,797.0023738,653.492,0,11.71666667,11,3.1
805,360610174013,o_360610174013,924.508852,624.477,0,11.9,10.55,2.266666667
806,360610174021,o_360610174021,1431.078098,972.959,0,17.95,16.45,3.416666667
807,360610175001,o_360610175001,3361.751193,989.644,0,22.71666667,16.71666667,3.5
808,360610175002,o_360610175002,3169.930193,797.823,0,19.5,13.5,6.716666667
809,360610175003,o_360610175003,2634.423066,1388.74,0,26.15,23.65,1.266666667
810,360610175004,o_360610175004,3110.076193,737.969,0,18.51666667,12.51666667,1.7
811,360610175005,o_360610175005,2452.621066,1206.938,0,23.08333333,20.58333333,4.333333333
812,360610175006,o_360610175006,2944.199652,703.803,1,27.13333333,11.86666667,3.883333333
813,360610175007,o_360610175007,3286.467881,333.63,1,19.65,5.6,6.433333333
814,360610177001,o_360610177001,2021.840259,1035.429,0,23.13333333,17.46666667,3.516666667
815,360610177002,o_360610177002,2024.354259,1037.943,0,23.15,17.48333333,3.5
816,360610177003,o_360610177003,2477.770244,1126.174,0,27.6,19.01666667,2.416666667
817,360610177004,o_360610177004,2507.027244,1155.431,0,28.1,19.51666667,1.916666667
818,360610177005,o_360610177005,1876.022259,889.611,0,20.75,15.08333333,5.9
819,360610177006,o_360610177006,2015.750259,1029.339,0,23.13333333,17.46666667,3.516666667
820,360610177007,o_360610177007,1747.346259,760.935,0,18.53333333,12.86666667,8.116666667
821,360610177008,o_360610177008,1826.200259,839.789,0,19.9,14.23333333,6.75
822,360610178001,o_360610178001,1493.921849,1209.204,0,22.68333333,20.4,3.1
823,360610178002,o_360610178002,1330.448849,1045.731,0,19.86666667,17.58333333,5.916666667
824,360610178003,o_360610178003,1560.858849,1276.141,0,23.76666667,21.48333333,2.016666667
825,360610179001,o_360610179001,2772.079127,1071.631,0,22.13333333,18.13333333,4.083333333
826,360610179002,o_360610179002,2568.301127,867.853,0,18.75,14.75,1.466666667
827,360610179003,o_360610179003,2484.020634,1266.703,0,26.15,21.38333333,1.766666667
828,360610179004,o_360610179004,2373.995127,673.547,0,15.45,11.45,4.766666667
829,360610179005,o_360610179005,2534.386127,833.938,0,18.2,14.2,2.016666667
830,360610179006,o_360610179006,1846.675244,147.748,0,11.8,2.5,1.333333333
831,360610179007,o_360610179007,2535.703127,835.255,0,18.2,14.2,2.016666667
832,360610180001,o_360610180001,1681.494518,1435.241,0,25.48333333,24.48333333,5.533333333
833,360610180002,o_360610180002,1336.356481,925.834,0,18.43333333,15.63333333,3.183333333
834,360610180003,o_360610180003,1373.769481,963.247,0,19.08333333,16.28333333,2.533333333
835,360610180004,o_360610180004,996.6092233,894.643,0,15.85,15.16666667,5.766666667
836,360610180005,o_360610180005,1456.275481,1045.753,0,20.48333333,17.68333333,1.133333333
837,360610181001,o_360610181001,1804.006259,817.595,0,19.4,13.73333333,7.25
838,360610181002,o_360610181002,1931.277259,944.866,0,21.51666667,15.85,5.133333333
839,360610181003,o_360610181003,1676.434094,229.195,0,11.7,3.833333333,1.433333333
840,360610181004,o_360610181004,1623.774259,637.363,0,13.73333333,10.73333333,2.25
841,360610181005,o_360610181005,1530.149259,543.738,0,12.13333333,9.133333333,3.85
842,360610181006,o_360610181006,1547.606259,561.195,0,12.45,9.45,3.533333333
843,360610182001,o_360610182001,720.9587977,590.134,0,11.03333333,9.983333333,1.133333333
844,360610182002,o_360610182002,1046.944901,786.902,0,15.26666667,13.3,1.266666667
845,360610182003,o_360610182003,1428.997969,564.344,1,12.1,9.533333333,7.033333333
846,360610182004,o_360610182004,1067.559223,965.593,0,17.01666667,16.33333333,4.6
847,360610182005,o_360610182005,1128.213879,1004.586,0,17.93333333,17,1.433333333
848,360610183001,o_360610183001,2013.848744,1361.935,0,25.28333333,23.01666667,2.633333333
849,360610183002,o_360610183002,2491.814127,791.366,0,17.41666667,13.41666667,2.8
850,360610183003,o_360610183003,2478.342127,777.894,0,17.18333333,13.18333333,3.033333333
851,360610183004,o_360610183004,2394.594127,694.146,0,15.78333333,11.78333333,4.433333333
852,360610183005,o_360610183005,2228.472127,528.024,0,12.96666667,8.966666667,1.25
853,360610183006,o_360610183006,1522.908505,237.164,0,10.95,4.016666667,2.183333333
854,360610183007,o_360610183007,2230.787127,530.339,0,13,9,1.216666667
855,360610184001,o_360610184001,1070.523816,968.823,0,17.01666667,16.36666667,1.2
856,360610184002,o_360610184002,1011.831732,760.197,0,15.06666667,12.85,2.116666667
857,360610184003,o_360610184003,1630.284414,1461.649,0,25.73333333,24.85,1.833333333
858,360610184004,o_360610184004,1272.148223,1170.182,0,20.43333333,19.75,1.183333333
859,360610184005,o_360610184005,1070.650732,819.016,0,16.01666667,13.8,1.166666667
860,360610185001,o_360610185001,2217.659881,1652.969,0,29.45,27.95,1.716666667
861,360610185002,o_360610185002,1532.923375,1391.458,0,24.75,23.81666667,3.283333333
862,360610185003,o_360610185003,1642.170259,655.759,0,14.08333333,11.08333333,1.9
863,360610186001,o_360610186001,1418.398881,1176.113,0,21.7,19.95,1.433333333
864,360610186002,o_360610186002,1419.875547,486.955,0,13.61666667,8.233333333,1.683333333
865,360610186003,o_360610186003,1272.273881,1029.988,0,19.21666667,17.46666667,3.916666667
866,360610187001,o_360610187001,1654.919399,1470.237,0,25.46666667,24.83333333,2.45
867,360610187002,o_360610187002,1825.792605,1404.504,0,25.21666667,23.75,2.7
868,360610187003,o_360610187003,1334.262961,351.063,0,11.15,5.916666667,1.983333333
869,360610187004,o_360610187004,1481.655393,356.99,0,12.1,6.083333333,1.033333333
870,360610187005,o_360610187005,1191.014493,386.508,0,10.83333333,6.583333333,2.35
871,360610187006,o_360610187006,1348.566961,365.367,0,11.5,6.266666667,1.683333333
872,360610188001,o_360610188001,1261.270223,1159.304,0,20.25,19.56666667,1.416666667
873,360610188002,o_360610188002,1099.773223,997.807,0,17.5,16.81666667,4.166666667
874,360610188003,o_360610188003,1543.788813,446.587,0,13.58333333,7.533333333,1.15
875,360610188004,o_360610188004,1039.448223,937.482,0,16.55,15.86666667,5.116666667
876,360610189001,o_360610189001,1227.420552,1100.105,0,19.61666667,18.63333333,5.166666667
877,360610189002,o_360610189002,2251.309534,1109.323,0,21.4,18.9,4.483333333
878,360610189003,o_360610189003,1790.257136,1313.885,0,24.38333333,22.38333333,2.7
879,360610189004,o_360610189004,1125.105148,485.597,0,11.5,8.166666667,1.683333333
880,360610189005,o_360610189005,925.1320422,523.819,0,10.96666667,8.95,2.216666667
881,360610189006,o_360610189006,1170.685493,366.179,0,10.48333333,6.233333333,2.7
882,360610190001,o_360610190001,1430.552433,1181.746,0,21.76666667,19.93333333,3.75
883,360610190002,o_360610190002,1172.522881,930.237,0,17.5,15.75,5.683333333
884,360610191001,o_360610191001,1923.297745,921.144,0,18.11666667,15.61666667,2.15
885,360610191002,o_360610191002,1704.980745,702.827,0,14.4,11.9,5.866666667
886,360610191003,o_360610191003,1620.869745,618.716,0,12.98333333,10.48333333,1.283333333
887,360610191004,o_360610191004,1568.818745,566.665,0,12.1,9.6,2.166666667
888,360610191005,o_360610191005,1319.155529,1176.314,0,21.23333333,20.15,2.983333333
889,360610191006,o_360610191006,1586.002745,583.849,0,12.41666667,9.916666667,1.85
890,360610192001,o_360610192001,1457.015204,1105.35,0,20.31666667,18.76666667,8.216666667
891,360610192002,o_360610192002,1404.402204,1052.737,0,19.45,17.9,1.083333333
892,360610192003,o_360610192003,1893.157064,1077.754,0,24.68333333,18.11666667,1.15
893,360610193001,o_360610193001,940.0960422,538.783,0,11.1,9.083333333,2.083333333
894,360610193002,o_360610193002,1170.523552,1043.208,0,18.66666667,17.68333333,6.116666667
895,360610193003,o_360610193003,963.6940422,562.381,0,11.5,9.483333333,1.683333333
896,360610193004,o_360610193004,782.7218681,633.681,0,11.41666667,10.66666667,1.766666667
897,360610193005,o_360610193005,1322.52733,1179.594,0,20.98333333,19.93333333,1.583333333
898,360610193006,o_360610193006,1762.604323,1480.788,0,26.96666667,25.16666667,1.183333333
899,360610194001,o_360610194001,1185.131204,833.466,0,15.7,14.15,4.833333333
900,360610194002,o_360610194002,1321.641204,969.976,0,18.01666667,16.46666667,2.516666667
901,360610194003,o_360610194003,1264.011204,912.346,0,17,15.45,3.533333333
902,360610194004,o_360610194004,1105.937204,754.272,0,14.31666667,12.76666667,6.216666667
903,360610195001,o_360610195001,1453.978574,977.446,0,17.61666667,16.61666667,2.65
904,360610195002,o_360610195002,1036.436821,776.586,0,14.86666667,13.23333333,1.616666667
905,360610195003,o_360610195003,1111.868574,635.336,0,11.76666667,10.76666667,2.5
906,360610195004,o_360610195004,780.4018681,631.361,0,11.46666667,10.71666667,1.716666667
907,360610195005,o_360610195005,1124.592226,912.222,0,16.9,15.58333333,2.883333333
908,360610196001,o_360610196001,1296.307385,971.679,0,18.33333333,16.46666667,1.2
909,360610196002,o_360610196002,956.269296,791.339,0,14.11666667,13.38333333,5.283333333
910,360610196003,o_360610196003,634.906296,469.976,0,8.666666667,7.933333333,2.733333333
911,360610197011,o_360610197011,681.3515198,518.148,0,9.616666667,8.883333333,1.566666667
912,360610197021,o_360610197021,1035.72161,919.333,0,16.36666667,15.66666667,1.816666667
913,360610198001,o_360610198001,718.5667798,557.707,0,10.06666667,9.433333333,2.266666667
914,360610198002,o_360610198002,1245.342179,1107.039,0,19.9,18.78333333,1.65
915,360610199001,o_360610199001,1724.573574,1248.041,0,22.2,21.2,3.316666667
916,360610199002,o_360610199002,905.256821,645.406,0,12.61666667,10.98333333,3.866666667
917,360610199003,o_360610199003,1134.281896,937.443,0,17.18333333,15.9,1.066666667
918,360610199004,o_360610199004,1065.544821,805.694,0,15.35,13.71666667,1.133333333
919,360610199005,o_360610199005,976.638821,716.788,0,13.83333333,12.2,2.65
920,360610199006,o_360610199006,1148.682574,672.15,0,12.4,11.4,1.866666667
921,360610200001,o_360610200001,1435.321892,1297.016,0,23.13333333,22.06666667,1.55
922,360610200002,o_360610200002,1537.414205,750.938,0,17.21666667,12.68333333,2.316666667
923,360610201011,o_360610201011,801.9411432,645.473,0,11.68333333,10.96666667,1.566666667
924,360610201021,o_360610201021,877.3200666,760.931,0,13.83333333,13.03333333,1.416666667
925,360610201022,o_360610201022,800.9020666,684.513,0,12.5,11.7,2.75
926,360610201023,o_360610201023,756.9200666,640.531,0,11.73333333,10.93333333,3.516666667
927,360610201024,o_360610201024,846.8330666,730.444,0,13.3,12.5,1.95
928,360610203001,o_360610203001,933.49274,681.441,0,12.71666667,11.58333333,2.5
929,360610203002,o_360610203002,787.4961432,631.028,0,11.55,10.83333333,1.7
930,360610205001,o_360610205001,1188.49976,890.499,0,17.01666667,15.13333333,4.8
931,360610205002,o_360610205002,734.3198636,576.171,0,10.48333333,9.766666667,1.733333333
932,360610205003,o_360610205003,1250.968632,634.857,0,14.7,10.78333333,1.783333333
933,360610206001,o_360610206001,1140.812179,1002.509,0,18.11666667,17,3.433333333
934,360610206002,o_360610206002,1159.363179,1021.06,0,18.43333333,17.31666667,3.116666667
935,360610207011,o_360610207011,790.1718681,641.131,0,11.7,10.95,1.483333333
936,360610207012,o_360610207012,894.54174,642.49,0,12.06666667,10.93333333,3.15
937,360610208001,o_360610208001,531.0213746,315.35,0,6.483333333,5.3,1.25
938,360610208002,o_360610208002,691.5104766,238.524,0,6.466666667,3.966666667,1.266666667
939,360610208003,o_360610208003,1154.005179,1015.702,0,18.26666667,17.15,3.283333333
940,360610209011,o_360610209011,1869.754087,827.79,1,17.85,14.18333333,5.4
941,360610209012,o_360610209012,937.51374,685.462,0,12.83333333,11.7,2.383333333
942,360610210001,o_360610210001,1082.560262,909.814,0,16.61666667,15.31666667,1.583333333
943,360610210002,o_360610210002,1023.4104,790.113,0,14.3,13.35,1.183333333
944,360610210003,o_360610210003,863.6934003,630.396,0,11.58333333,10.63333333,3.9
945,360610210004,o_360610210004,861.1354003,627.838,0,11.5,10.55,3.983333333
946,360610210005,o_360610210005,1241.940626,1090.846,0,19.08333333,18.36666667,1.15
947,360610210006,o_360610210006,838.0106999,642.409,0,11.71666667,10.8,5.233333333
948,360610211001,o_360610211001,1409.56659,1227.233,0,21.96666667,20.85,2.466666667
949,360610211002,o_360610211002,1584.553022,1144.007,0,22.1,19.38333333,2.333333333
950,360610211003,o_360610211003,1223.560562,1041.233,0,18.7,17.66666667,1.333333333
951,360610211004,o_360610211004,1580.240698,582.511,0,12.43333333,9.933333333,1.833333333
952,360610211005,o_360610211005,1050.855752,572.417,0,11.95,9.766666667,3.266666667
953,360610211006,o_360610211006,918.91274,666.861,0,12.5,11.36666667,2.716666667
954,360610211007,o_360610211007,861.53374,609.482,0,11.46666667,10.33333333,3.75
955,360610212001,o_360610212001,627.8552597,455.109,0,8.716666667,7.716666667,4.933333333
956,360610212002,o_360610212002,855.6046999,660.003,0,11.98333333,11.06666667,4.966666667
957,360610212003,o_360610212003,492.5753746,276.904,0,5.8,4.616666667,1.933333333
958,360610212004,o_360610212004,606.6844228,411.083,0,8.016666667,6.916666667,2.766666667
959,360610213031,o_360610213031,2743.857329,574.256,1,21.58333333,9.733333333,5.183333333
960,360610213032,o_360610213032,1332.081081,588.577,0,13.36666667,10.01666667,1.85
961,360610213033,o_360610213033,2060.968839,1202.879,0,21.83333333,20.33333333,5.116666667
962,360610213034,o_360610213034,1895.089087,853.125,1,18.28333333,14.61666667,4.966666667
963,360610214001,o_360610214001,994.0324249,417.589,0,10.36666667,7.083333333,3.283333333
964,360610214002,o_360610214002,745.7792597,573.033,0,10.78333333,9.783333333,2.866666667
965,360610215001,o_360610215001,1685.580318,863.653,0,16.08333333,14.58333333,1.683333333
966,360610215002,o_360610215002,1072.236233,907.619,0,16.23333333,15.23333333,3.066666667
967,360610216001,o_360610216001,1701.076738,467.274,0,15.16666667,7.916666667,2.516666667
968,360610216002,o_360610216002,1760.279738,526.477,0,16.15,8.9,1.533333333
969,360610216003,o_360610216003,1466.453452,949.846,0,19.5,16.35,2.75
970,360610216004,o_360610216004,1162.369067,1045.98,0,18.61666667,17.81666667,3.633333333
971,360610216005,o_360610216005,1422.477063,1103.466,0,21.13333333,18.96666667,1.116666667
972,360610217031,o_360610217031,1430.424375,1214.753,0,21.56666667,20.38333333,3.166666667
973,360610218001,o_360610218001,1271.209881,1028.924,0,19.16666667,17.41666667,4.016666667
974,360610218002,o_360610218002,1248.199881,1005.914,0,18.8,17.05,4.383333333
975,360610218003,o_360610218003,1008.318067,891.929,0,16,15.2,6.25
976,360610218004,o_360610218004,1081.680067,965.291,0,17.26666667,16.46666667,4.983333333
977,360610219001,o_360610219001,1677.082366,1075.077,0,22.03333333,18.3,2.4
978,360610219002,o_360610219002,1918.661665,874.024,0,21.33333333,14.83333333,3.1
979,360610219003,o_360610219003,1849.51144,1101.146,0,23.33333333,18.68333333,1.1
980,360610219004,o_360610219004,1333.353081,589.849,0,13.38333333,10.03333333,1.833333333
981,360610220001,o_360610220001,1270.007338,1079.452,0,19.26666667,18.26666667,1.566666667
982,360610220002,o_360610220002,1428.238881,1185.953,0,21.86666667,20.11666667,1.316666667
983,360610220003,o_360610220003,1377.127063,1058.116,0,20.21666667,18.05,2.033333333
984,360610220004,o_360610220004,1201.953067,1085.564,0,19.28333333,18.48333333,2.966666667
985,360610220005,o_360610220005,1410.241063,1091.23,0,20.78333333,18.61666667,1.466666667
986,360610221021,o_360610221021,1257.965816,1051.232,0,19.08333333,17.78333333,2.383333333
987,360610221022,o_360610221022,1212.866816,1006.133,0,18.31666667,17.01666667,3.15
988,360610222001,o_360610222001,1380.230318,558.303,0,10.91666667,9.416666667,2.85
989,360610222002,o_360610222002,1574.278205,787.802,0,17.83333333,13.3,1.7
990,360610223011,o_360610223011,2997.552451,353.097,1,20.78333333,5.983333333,5.983333333
991,360610223012,o_360610223012,2152.385457,1939.172,0,34.05,32.71666667,1.6
992,360610223013,o_360610223013,2305.686816,2098.953,0,36.86666667,35.56666667,4.6
993,360610223014,o_360610223014,2316.751816,2110.018,0,36.96666667,35.66666667,4.5
994,360610223021,o_360610223021,2837.358966,1023.572,0,21.3,17.3,4.966666667
995,360610223022,o_360610223022,2106.81058,859.82,0,22.31666667,14.55,2.116666667
996,360610224001,o_360610224001,703.9174766,250.931,0,6.716666667,4.216666667,1.016666667
997,360610224002,o_360610224002,1286.804318,464.877,0,9.35,7.85,4.416666667
998,360610224003,o_360610224003,999.5089997,762.194,0,13.98333333,12.88333333,2.733333333
999,360610224004,o_360610224004,1047.200477,594.214,0,12.11666667,10,1.966666667
1000,360610225001,o_360610225001,8289.273639,666.258,1,27.25,11.25,7.516666667
1001,360610225002,o_360610225002,2052.54441,1598.329,0,29.86666667,27,1.583333333
1002,360610225003,o_360610225003,1828.330816,1621.597,0,28.7,27.4,2.75
1003,360610225004,o_360610225004,1631.061816,1424.328,0,25.36666667,24.06666667,6.083333333
1004,360610225005,o_360610225005,3302.36711,262.726,1,21.7,4.466666667,5.05
1005,360610226001,o_360610226001,452.0113746,236.34,0,5.166666667,3.983333333,2.55
1006,360610226002,o_360610226002,543.2073746,327.536,0,6.7,5.516666667,1.016666667
1007,360610226003,o_360610226003,1485.868988,1328.137,0,23.51666667,22.53333333,2.166666667
1008,360610227001,o_360610227001,1704.370816,1497.637,0,26.63333333,25.33333333,4.816666667
1009,360610227002,o_360610227002,1679.066769,1344.503,0,24.51666667,22.61666667,1.116666667
1010,360610227003,o_360610227003,1547.67526,1374.929,0,24.16666667,23.16666667,1.466666667
1011,360610228001,o_360610228001,663.6704228,468.069,0,8.983333333,7.883333333,1.783333333
1012,360610228002,o_360610228002,528.2784228,332.677,0,6.716666667,5.616666667,4.05
1013,360610228003,o_360610228003,887.6404769,671.969,0,12.28333333,11.26666667,1.783333333
1014,360610228004,o_360610228004,936.5056999,740.904,0,13.38333333,12.46666667,3.55
1015,360610229001,o_360610229001,2206.715725,1432.454,0,29.01666667,24.13333333,2.433333333
1016,360610229002,o_360610229002,1824.875816,1618.142,0,28.65,27.35,2.8
1017,360610229003,o_360610229003,1998.93841,1544.723,0,28.86666667,26,2.583333333
1018,360610229004,o_360610229004,1905.830816,1699.097,0,30.03333333,28.73333333,1.416666667
1019,360610229005,o_360610229005,3992.38053,2283.792,1,48.76666667,38.63333333,4.016666667
1020,360610230001,o_360610230001,840.8972597,668.151,0,12.3,11.3,1.333333333
1021,360610230002,o_360610230002,655.3727675,320.809,0,7.9,5.4,1.283333333
1022,360610230003,o_360610230003,928.0747686,593.511,0,11.88333333,9.983333333,1.75
1023,360610230004,o_360610230004,1082.887262,910.141,0,16.68333333,15.38333333,1.5
1024,360610230005,o_360610230005,762.2042597,589.458,0,10.95,9.95,2.683333333
1025,360610231001,o_360610231001,1984.55741,1530.342,0,28.66666667,25.8,2.783333333
1026,360610231002,o_360610231002,3468.921356,933.825,1,20.73333333,15.73333333,7.2
1027,360610231003,o_360610231003,1990.156667,1144.849,0,24.15,19.35,1.483333333
1028,360610231004,o_360610231004,3442.704356,907.608,1,20.28333333,15.28333333,7.65
1029,360610232001,o_360610232001,1150.446667,305.139,0,9.983333333,5.183333333,3.65
1030,360610232002,o_360610232002,981.6624249,405.219,0,10.15,6.866666667,3.483333333
1031,360610232003,o_360610232003,1253.944423,677.501,0,15.76666667,11.45,2.416666667
1032,360610232004,o_360610232004,2911.176411,481.066,1,13.13333333,8.133333333,5.616666667
1033,360610233001,o_360610233001,2400.660502,622.731,0,13.98333333,10.48333333,4.033333333
1034,360610233002,o_360610233002,1724.746889,897.701,0,16.75,15.25,1.266666667
1035,360610233003,o_360610233003,2156.424606,1554.961,0,30,26.2,1.45
1036,360610234001,o_360610234001,2357.613677,1538.697,0,27.91666667,25.91666667,1.016666667
1037,360610234002,o_360610234002,2984.941411,554.831,1,14.35,9.35,4.4
1038,360610235011,o_360610235011,1564.411646,573.847,0,15.78333333,9.783333333,1.883333333
1039,360610235012,o_360610235012,1623.634741,467.016,0,10.93333333,7.933333333,2.283333333
1040,360610235013,o_360610235013,1487.098741,330.48,0,8.6,5.6,4.616666667
1041,360610235014,o_360610235014,1927.558122,1766.692,0,30.83333333,30.01666667,2.2
1042,360610235015,o_360610235015,1538.943741,382.325,0,9.533333333,6.533333333,3.683333333
1043,360610235021,o_360610235021,2312.633253,1027.677,0,20.86666667,17.36666667,1.883333333
1044,360610236001,o_360610236001,2199.262278,872.465,1,21.66666667,14.76666667,4.966666667
1045,360610236002,o_360610236002,2620.588999,1084.614,0,27.33333333,18.31666667,1.033333333
1046,360610236003,o_360610236003,1662.481674,1428.282,0,25.61666667,24.16666667,2.7
1047,360610236004,o_360610236004,1385.486275,420.792,0,12.56666667,7.1,1.066666667
1048,360610236005,o_360610236005,1336.572275,371.878,0,11.76666667,6.3,1.866666667
1049,360610237001,o_360610237001,1547.132445,899.528,0,19.15,15.26666667,1.783333333
1050,360610237002,o_360610237002,1526.874445,879.27,0,18.83333333,14.95,2.1
1051,360610237003,o_360610237003,1386.85042,585.852,0,14.88333333,9.966666667,1.266666667
1052,360610238021,o_360610238021,4160.264996,1935.049,1,37,32.5,12.55
1053,360610238022,o_360610238022,4005.720996,1780.505,1,34.56666667,30.06666667,14.98333333
1054,360610238023,o_360610238023,4865.175996,2639.96,1,48.9,44.4,8.65
1055,360610238031,o_360610238031,3766.494996,1541.279,1,30.45,25.95,5.75
1056,360610238032,o_360610238032,3620.817996,1395.602,1,27.93333333,23.43333333,8.266666667
1057,360610238041,o_360610238041,3035.153912,1791.03,0,32.63333333,30.13333333,11.2
1058,360610238042,o_360610238042,2455.218912,1211.095,0,22.83333333,20.33333333,9
1059,360610238043,o_360610238043,3284.041996,1058.826,1,22.23333333,17.73333333,13.96666667
1060,360610239001,o_360610239001,1842.785928,422.716,1,13.48333333,7.216666667,3.55
1061,360610239002,o_360610239002,1096.211505,570.054,0,11.21666667,9.716666667,2
1062,360610240001,o_360610240001,3672.696482,1352.615,1,28.2,22.76666667,7.583333333
1063,360610240002,o_360610240002,7758.567556,1418.987,1,38.38333333,23.95,7.75
1064,360610240003,o_360610240003,7520.83833,1538.913,1,39.43333333,25.93333333,6.7
1065,360610241001,o_360610241001,1358.899889,531.854,0,10.51666667,9.016666667,1.5
1066,360610241002,o_360610241002,1155.474163,679.289,0,14.76666667,11.51666667,1.383333333
1067,360610241003,o_360610241003,1252.808285,615.757,0,14.45,10.38333333,1.7
1068,360610241004,o_360610241004,1178.026163,701.841,0,15.1,11.85,1.05
1069,360610241005,o_360610241005,1094.195163,618.01,0,13.7,10.45,2.45
1070,360610242001,o_360610242001,987.948296,823.018,0,14.66666667,13.93333333,4.716666667
1071,360610242002,o_360610242002,704.853296,539.923,0,9.85,9.116666667,1.533333333
1072,360610242003,o_360610242003,1151.537982,936.898,0,16.9,15.75,4.733333333
1073,360610243011,o_360610243011,813.953629,642.47,0,12.06666667,10.9,2.366666667
1074,360610243012,o_360610243012,1584.595769,475.393,1,12.98333333,8.083333333,4.05
1075,360610243013,o_360610243013,678.903629,507.42,0,9.766666667,8.6,4.666666667
1076,360610243021,o_360610243021,3054.851557,382.603,1,11,6.5,13.71666667
1077,360610243022,o_360610243022,3081.113106,2305.037,0,42.58333333,39.15,5.633333333
1078,360610243023,o_360610243023,3012.579557,340.331,1,10.3,5.8,14.41666667
1079,360610245001,o_360610245001,955.300387,706.14,0,13.41666667,11.96666667,2.416666667
1080,360610245002,o_360610245002,917.0277508,756.019,0,13.93333333,12.83333333,2.216666667
1081,360610245003,o_360610245003,1038.260961,883.253,0,16.08333333,15.01666667,1.7
1082,360610245004,o_360610245004,1057.745961,902.738,0,16.41666667,15.35,1.366666667
1083,360610245005,o_360610245005,785.9757508,624.967,0,11.7,10.6,4.45
1084,360610245006,o_360610245006,975.0307508,814.022,0,14.88333333,13.78333333,1.266666667
1085,360610245007,o_360610245007,1016.853712,700.837,0,14.03333333,11.86666667,2.116666667
1086,360610247001,o_360610247001,1543.190889,716.145,0,13.6,12.1,4.416666667
1087,360610247002,o_360610247002,1068.858712,752.842,0,14.93333333,12.76666667,1.216666667
1088,360610247003,o_360610247003,1061.414961,906.407,0,16.43333333,15.36666667,1.35
1089,360610247004,o_360610247004,885.0107501,724.002,0,13.23333333,12.26666667,4.216666667
1090,360610247005,o_360610247005,812.950629,641.467,0,12.03333333,10.86666667,2.4
1091,360610249001,o_360610249001,782.4500882,663.14,0,12.13333333,11.31666667,1.083333333
1092,360610251001,o_360610251001,2322.436999,1186.322,0,22.25,20.25,3.083333333
1093,360610251002,o_360610251002,600.9327692,287.255,0,6.3,4.933333333,1.166666667
1094,360610253001,o_360610253001,994.0258616,500.3,0,12.55,8.516666667,2.333333333
1095,360610253002,o_360610253002,830.3297419,644.099,0,12.26666667,11.05,2.616666667
1096,360610253003,o_360610253003,809.1136146,622.88,0,11.45,10.61666667,4.583333333
1097,360610253004,o_360610253004,709.2020882,589.892,0,10.95,10.13333333,2.266666667
1098,360610253005,o_360610253005,444.8089741,326.844,0,6.3,5.616666667,1.8
1099,360610253006,o_360610253006,759.8700882,640.56,0,11.75,10.93333333,1.466666667
1100,360610255001,o_360610255001,1527.132629,1355.649,0,24.13333333,22.96666667,2.3
1101,360610255002,o_360610255002,1192.726024,411.77,0,9,7,5.216666667
1102,360610255003,o_360610255003,925.0301055,764.237,0,13.76666667,13.08333333,1.283333333
1103,360610255004,o_360610255004,893.8496146,707.616,0,12.85,12.01666667,3.183333333
1104,360610257001,o_360610257001,1514.563249,671.058,0,16.61666667,11.51666667,1.55
1105,360610257002,o_360610257002,1126.570067,1010.181,0,18.08333333,17.28333333,4.15
1106,360610257003,o_360610257003,966.7420666,850.353,0,15.38333333,14.58333333,6.85
1107,360610259001,o_360610259001,2063.902677,1244.986,0,22.98333333,20.98333333,5.95
1108,360610259002,o_360610259002,2076.725677,1257.809,0,23.16666667,21.16666667,5.766666667
1109,360610261001,o_360610261001,1112.752469,404.951,0,12.86666667,6.866666667,2.016666667
1110,360610261002,o_360610261002,1361.350024,580.394,0,11.83333333,9.833333333,2.383333333
1111,360610261003,o_360610261003,1299.49707,926.417,0,18.08333333,15.9,2.1
1112,360610261004,o_360610261004,1366.298656,822.354,0,17.2,14.01666667,1.016666667
1113,360610261005,o_360610261005,1202.02421,1033.909,0,18.68333333,17.7,1.5
1114,360610261006,o_360610261006,1183.20221,1015.087,0,18.41666667,17.43333333,1.766666667
1115,360610261007,o_360610261007,1182.79021,1014.675,0,18.38333333,17.4,1.8
1116,360610263001,o_360610263001,1317.551549,1116.749,0,20.25,19.15,2.716666667
1117,360610263002,o_360610263002,1234.665024,453.709,0,9.716666667,7.716666667,1.183333333
1118,360610263003,o_360610263003,887.9722099,719.857,0,13.41666667,12.43333333,1.383333333
1119,360610263004,o_360610263004,1102.237024,321.281,0,7.5,5.5,3.4
1120,360610263005,o_360610263005,1086.886024,305.93,0,7.233333333,5.233333333,3.666666667
1121,360610265001,o_360610265001,1308.93607,935.856,0,18.26666667,16.08333333,1.916666667
1122,360610265002,o_360610265002,1140.136024,359.18,0,8.1,6.1,2.8
1123,360610265003,o_360610265003,1592.08752,1036.861,0,20.81666667,17.76666667,2.15
1124,360610265004,o_360610265004,1667.640841,386.981,0,9.566666667,6.566666667,1.333333333
1125,360610265005,o_360610265005,1234.046024,453.09,0,9.75,7.75,1.15
1126,360610267001,o_360610267001,1852.984999,716.87,0,14.05,12.05,6.15
1127,360610269001,o_360610269001,2310.606998,2129.585,0,37.1,36.23333333,1.183333333
1128,360610269002,o_360610269002,1758.029999,621.915,0,12.48333333,10.48333333,1.716666667
1129,360610269003,o_360610269003,1475.060273,512.305,0,14.38333333,8.666666667,2.25
1130,360610269004,o_360610269004,1358.611999,222.497,0,5.733333333,3.733333333,2.466666667
1131,360610269005,o_360610269005,1603.913999,467.799,0,9.883333333,7.883333333,4.316666667
1132,360610269006,o_360610269006,1770.843999,634.729,0,12.75,10.75,1.45
1133,360610271001,o_360610271001,1710.062999,573.948,0,11.68333333,9.683333333,2.516666667
1134,360610271002,o_360610271002,1354.203999,218.089,0,5.683333333,3.683333333,2.516666667
1135,360610271003,o_360610271003,1626.540999,490.426,0,10.26666667,8.266666667,3.933333333
1136,360610271004,o_360610271004,1712.292999,576.178,0,11.76666667,9.766666667,2.433333333
1137,360610271005,o_360610271005,2502.436258,2221.804,0,39.23333333,38,1.583333333
1138,360610273001,o_360610273001,1901.4911,864.556,0,20.51666667,14.83333333,2.45
1139,360610273002,o_360610273002,1616.755841,336.096,0,8.7,5.7,2.2
1140,360610273003,o_360610273003,1562.791841,282.132,0,7.8,4.8,3.1
1141,360610273004,o_360610273004,1584.061841,303.402,0,8.15,5.15,2.75
1142,360610275001,o_360610275001,2064.99723,1671.51,0,30.56666667,28.43333333,2.4
1143,360610275002,o_360610275002,2105.410328,1874.231,0,33.15,32.16666667,4.3
1144,360610277001,o_360610277001,2298.876824,436.367,0,10.86666667,7.366666667,3.333333333
1145,360610277002,o_360610277002,2161.068824,298.559,0,8.55,5.05,5.65
1146,360610277003,o_360610277003,2085.664824,223.155,0,7.25,3.75,1.566666667
1147,360610277004,o_360610277004,2241.914824,379.405,0,9.883333333,6.383333333,4.316666667
1148,360610279001,o_360610279001,2087.235999,951.121,0,18.15,16.15,2.05
1149,360610279002,o_360610279002,2083.915824,221.406,0,7.216666667,3.716666667,1.6
1150,360610279003,o_360610279003,2246.478824,383.969,0,10,6.5,4.2
1151,360610279004,o_360610279004,2328.420824,465.911,0,11.43333333,7.933333333,2.766666667
1152,360610279005,o_360610279005,2668.123434,2440.231,0,43.58333333,41.51666667,1.133333333
1153,360610279006,o_360610279006,2233.503824,370.994,0,9.75,6.25,4.45
1154,360610279007,o_360610279007,2204.552824,342.043,0,9.25,5.75,4.95
1155,360610281001,o_360610281001,1910.4361,873.501,0,20.63333333,14.95,2.333333333
1156,360610281002,o_360610281002,2126.244948,850.29,0,21.58333333,14.58333333,1.383333333
1157,360610283001,o_360610283001,2616.067434,2388.175,0,42.7,40.63333333,2.016666667
1158,360610283002,o_360610283002,2711.91523,613.98,0,14.9,10.4,4.933333333
1159,360610283003,o_360610283003,2809.34023,711.405,0,16.5,12,3.333333333
1160,360610283004,o_360610283004,2561.26823,463.333,0,12.33333333,7.833333333,1.5
1161,360610285001,o_360610285001,2167.114905,1417.709,0,25.4,23.9,6.716666667
1162,360610285002,o_360610285002,2750.08423,652.149,0,15.53333333,11.03333333,4.3
1163,360610285003,o_360610285003,2858.38523,760.45,0,17.4,12.9,2.433333333
1164,360610285004,o_360610285004,2774.04223,676.107,0,15.93333333,11.43333333,3.9
1165,360610287001,o_360610287001,3517.19923,1419.264,0,28.63333333,24.13333333,3.2
1166,360610287002,o_360610287002,1979.614002,1294.926,0,23.38333333,21.88333333,5.266666667
1167,360610287003,o_360610287003,2841.56023,743.625,0,17.03333333,12.53333333,2.8
1168,360610291001,o_360610291001,2116.029325,767.5,0,15.98333333,12.98333333,3.85
1169,360610291002,o_360610291002,1974.985002,1290.297,0,23.25,21.75,5.4
1170,360610291003,o_360610291003,1976.120325,627.591,0,13.61666667,10.61666667,6.216666667
1171,360610291004,o_360610291004,1827.736002,1143.048,0,20.76666667,19.26666667,7.883333333
1172,360610291005,o_360610291005,2172.238325,823.709,0,16.95,13.95,2.883333333
1173,360610291006,o_360610291006,2168.535325,820.006,0,16.85,13.85,2.983333333
1174,360610291007,o_360610291007,2065.512325,716.983,0,15.11666667,12.11666667,4.716666667
1175,360610293001,o_360610293001,1802.371325,453.842,0,10.66666667,7.666666667,3.166666667
1176,360610293002,o_360610293002,1799.156325,450.627,0,10.61666667,7.616666667,3.216666667
1177,360610293003,o_360610293003,1710.087491,974.632,0,17.9,16.4,1.933333333
1178,360610293004,o_360610293004,2460.859002,1776.171,0,31.48333333,29.98333333,7.75
1179,360610293005,o_360610293005,1889.227325,540.698,0,12.18333333,9.183333333,1.65
1180,360610295001,o_360610295001,2599.360325,1250.831,0,24.18333333,21.18333333,1.65
1181,360610295002,o_360610295002,2063.645491,1328.19,0,24.01666667,22.51666667,1.816666667
1182,360610295003,o_360610295003,1904.730491,1169.275,0,21.31666667,19.81666667,4.516666667
1183,360610295004,o_360610295004,1737.081491,1001.626,0,18.48333333,16.98333333,1.35
1184,360610297001,o_360610297001,2230.159491,1494.704,0,26.81666667,25.31666667,5.016666667
1185,360610299001,o_360610299001,2722.82523,624.89,0,15.11666667,10.61666667,4.716666667
1186,360610299002,o_360610299002,1291.029491,555.574,0,10.83333333,9.333333333,3
1187,360610299003,o_360610299003,2139.913325,791.384,0,16.43333333,13.43333333,3.4
1188,360610303001,o_360610303001,1253.252491,517.797,0,10.23333333,8.733333333,3.6
1189,360610303002,o_360610303002,1481.303491,745.848,0,14.16666667,12.66666667,5.666666667
1190,360610303003,o_360610303003,1553.767491,818.312,0,15.35,13.85,4.483333333
1191,360610307001,o_360610307001,1148.490491,413.035,0,8.5,7,5.333333333
1192,360610307002,o_360610307002,1396.190491,660.735,0,12.73333333,11.23333333,1.1
1193,360610307003,o_360610307003,1576.546491,841.091,0,15.73333333,14.23333333,4.1
1194,360610309001,o_360610309001,1971.257981,500.347,1,11.45,8.45,9.383333333
1195,360610309002,o_360610309002,2027.243981,556.333,1,12.36666667,9.366666667,8.466666667
1196,360610309003,o_360610309003,2033.493981,562.583,1,12.46666667,9.466666667,8.366666667
1197,360610309004,o_360610309004,2022.638516,732.312,1,15.4,12.4,4.933333333
1198,360610309005,o_360610309005,2050.152516,759.826,1,15.81666667,12.81666667,4.516666667
1199,360610311001,o_360610311001,1760.255999,624.141,0,12.58333333,10.58333333,1.616666667
1200,360610317031,o_360610317031,1538.229608,1174.315,0,21.23333333,20.23333333,2.2
1201,360610317032,o_360610317032,1541.300608,1177.386,0,21.31666667,20.31666667,2.116666667
1202,360610317033,o_360610317033,1395.653608,1031.739,0,18.86666667,17.86666667,2.066666667
1203,360610317041,o_360610317041,1789.744027,1221.106,0,22.56666667,21.06666667,1.116666667
1204,360610317042,o_360610317042,2006.648553,1528.198,0,27.95,26.95,2.95
1205,360610317043,o_360610317043,1953.957876,1015.33,0,20.48333333,17.48333333,1.2
1206,360610317044,o_360610317044,2256.353506,960.722,0,20.6,16.6,1.083333333
1207,360610319001,o_360610319001,2152.191506,856.56,0,18.63333333,14.63333333,3.05
1208,360850003001,o_360850003001,2868.357494,2352.011,0,42.18333333,39.85,3.6
1209,360850003002,o_360850003002,2436.623921,2193.933,0,38.23333333,37.16666667,7.55
1210,360850006001,o_360850006001,1562.643427,1177.95,0,21.1,19.95,2.816666667
1211,360850006002,o_360850006002,2249.393271,1349.659,0,26.53333333,22.78333333,5.083333333
1212,360850007001,o_360850007001,2785.689668,2462.69,0,42.21666667,41.36666667,8.433333333
1213,360850007002,o_360850007002,3152.799668,2829.8,0,48.43333333,47.58333333,2.216666667
1214,360850007003,o_360850007003,3077.075041,779.124,0,20.75,13.18333333,2.7
1215,360850007004,o_360850007004,3351.584394,1033.524,0,26.81666667,17.41666667,3.333333333
1216,360850008001,o_360850008001,1291.671364,730.498,0,14.03333333,12.35,1.483333333
1217,360850008002,o_360850008002,1768.931067,1438.267,0,25.31666667,24.31666667,6.5
1218,360850008003,o_360850008003,2932.785877,2578.969,0,44.8,43.6,1.05
1219,360850009001,o_360850009001,3075.71067,1274.336,0,29,21.53333333,1.15
1220,360850009002,o_360850009002,3043.058097,1559.083,0,31.11666667,26.35,2.783333333
1221,360850011001,o_360850011001,2998.380072,1054.7,0,25,17.76666667,1.283333333
1222,360850011002,o_360850011002,2820.95808,1293.239,0,28.15,21.81666667,2
1223,360850011003,o_360850011003,3103.63408,1575.915,0,32.91666667,26.58333333,3.7
1224,360850017001,o_360850017001,2335.320841,926.595,0,20.81666667,15.6,2.183333333
1225,360850017002,o_360850017002,3044.229442,2121.616,1,39.86666667,35.88333333,6.916666667
1226,360850018001,o_360850018001,3187.192882,1383.244,0,30.13333333,23.38333333,1.483333333
1227,360850020011,o_360850020011,1897.314503,1005.477,0,19.63333333,16.95,4.283333333
1228,360850020012,o_360850020012,2594.025773,1639.406,0,30.55,27.68333333,1.266666667
1229,360850020021,o_360850020021,3302.809808,876.691,0,22.08333333,14.83333333,1.833333333
1230,360850020022,o_360850020022,3457.636227,2775.164,0,48.86666667,47.01666667,1.466666667
1231,360850021001,o_360850021001,2228.08891,475.444,0,14.56666667,8.05,1.966666667
1232,360850021002,o_360850021002,2242.066539,1959.587,0,34.43333333,33.13333333,1.85
1233,360850021003,o_360850021003,956.9000186,640.83,0,12.28333333,10.88333333,5.733333333
1234,360850027001,o_360850027001,1240.846759,971.923,0,17.8,16.38333333,2.783333333
1235,360850027002,o_360850027002,1466.529631,1171.184,0,20.96666667,19.73333333,1.266666667
1236,360850029001,o_360850029001,1422.965185,1265.606,0,21.96666667,21.3,1.3
1237,360850029002,o_360850029002,975.7190199,659.649,0,12.28333333,11.16666667,4.25
1238,360850029003,o_360850029003,875.5175907,695.427,0,12.3,11.65,8.35
1239,360850029004,o_360850029004,1135.985292,1008.216,0,17.63333333,17,11.35
1240,360850033001,o_360850033001,2196.795033,550.209,0,16.16666667,9.266666667,1.85
1241,360850033002,o_360850033002,2224.37806,1997.172,0,34.66666667,33.65,2.883333333
1242,360850036001,o_360850036001,1472.142364,910.969,0,17.03333333,15.35,1.633333333
1243,360850036002,o_360850036002,1738.856296,528.474,0,12.58333333,8.95,2.933333333
1244,360850039001,o_360850039001,5843.299871,1080.21,1,35.46666667,18.21666667,5.433333333
1245,360850039002,o_360850039002,2843.165416,2681.51,0,45.78333333,45.08333333,2.716666667
1246,360850040011,o_360850040011,854.6008975,585.676,0,10.6,9.8,5.3
1247,360850040012,o_360850040012,1522.764821,717.986,1,14.71666667,12.08333333,5.016666667
1248,360850040021,o_360850040021,2418.289047,2223.91,0,38.31666667,37.61666667,2.433333333
1249,360850040022,o_360850040022,1384.878673,1132.472,0,20.4,19.15,15.41666667
1250,360850040031,o_360850040031,1240.458615,1030.014,0,18.01666667,17.28333333,3.533333333
1251,360850040032,o_360850040032,1582.045615,1371.601,0,23.8,23.06666667,1.083333333
1252,360850040033,o_360850040033,1196.323445,1086.106,0,18.71666667,18.28333333,2.616666667
1253,360850040041,o_360850040041,1907.583673,1655.177,0,29.15,27.9,3.383333333
1254,360850040042,o_360850040042,1596.451193,1427.68,0,24.8,24.08333333,12.93333333
1255,360850047001,o_360850047001,3109.244192,1725.893,0,35.41666667,29.06666667,2
1256,360850047002,o_360850047002,3980.853888,984.942,1,28.36666667,16.71666667,10.28333333
1257,360850050001,o_360850050001,2635.63227,1772.208,0,34.25,29.98333333,1.5
1258,360850050002,o_360850050002,2570.52627,1707.102,0,33.13333333,28.86666667,2.616666667
1259,360850050003,o_360850050003,3422.996159,895.266,1,18.9,15.11666667,13.71666667
1260,360850059011,o_360850059011,1374.143052,1123.815,0,19.83333333,19.01666667,2.15
1261,360850059012,o_360850059012,1954.321075,1830.595,0,31.36666667,30.86666667,3.8
1262,360850059021,o_360850059021,1862.475318,1481.791,0,26.3,25.03333333,2.416666667
1263,360850064001,o_360850064001,3734.573157,550.241,1,22.48333333,9.316666667,10.98333333
1264,360850064002,o_360850064002,3518.089127,1272.598,0,28.18333333,21.48333333,2.2
1265,360850064003,o_360850064003,4016.064703,1225.408,0,29.08333333,20.73333333,1.3
1266,360850067001,o_360850067001,1164.512965,876.047,0,15.55,14.81666667,3.833333333
1267,360850067002,o_360850067002,726.0050583,619.785,0,10.81666667,10.45,3.2
1268,360850067003,o_360850067003,1008.82784,808.154,0,14.4,13.73333333,1.15
1269,360850070011,o_360850070011,5555.497401,1050.016,0,31.76666667,17.78333333,1.966666667
1270,360850070012,o_360850070012,5239.702438,1168.799,0,32.1,19.66666667,1.633333333
1271,360850070021,o_360850070021,4107.913451,1159.47,0,28.3,19.48333333,2.15
1272,360850070022,o_360850070022,4301.716451,1353.273,0,31.6,22.78333333,2.133333333
1273,360850070023,o_360850070023,6515.631029,1378.861,0,39.56666667,23.16666667,1.866666667
1274,360850070024,o_360850070024,5531.012197,1273.572,0,36.13333333,21.38333333,2.016666667
1275,360850074001,o_360850074001,3945.241703,1154.585,0,27.9,19.55,2.483333333
1276,360850074002,o_360850074002,4215.140411,1078.433,0,28.96666667,18.21666667,2.65
1277,360850074003,o_360850074003,4444.240411,1307.533,0,32.76666667,22.01666667,8.666666667
1278,360850075001,o_360850075001,2102.683822,1210.227,0,23.31666667,20.43333333,2.05
1279,360850075002,o_360850075002,1710.129318,1329.445,0,23.71666667,22.45,1.65
1280,360850075003,o_360850075003,1311.11384,1110.44,0,19.45,18.78333333,5.916666667
1281,360850077001,o_360850077001,2157.713944,1339.137,0,25.31666667,22.7,1.416666667
1282,360850081001,o_360850081001,1761.828971,1289.09,0,22.98333333,21.78333333,3.75
1283,360850081002,o_360850081002,1341.832971,869.094,0,15.88333333,14.68333333,10.85
1284,360850081003,o_360850081003,2209.702944,1391.126,0,26.11666667,23.5,3.9
1285,360850096011,o_360850096011,3309.150518,1276.546,0,30.7,21.45,1.766666667
1286,360850096012,o_360850096012,4459.21002,1278.313,0,34.76666667,21.51666667,2.65
1287,360850096021,o_360850096021,4592.53773,1028.308,0,31.18333333,17.25,1.283333333
1288,360850096022,o_360850096022,5437.485322,1168.05,0,36.28333333,19.7,1.133333333
1289,360850096023,o_360850096023,4910.287385,1209.302,0,35.33333333,20.48333333,2.083333333
1290,360850097011,o_360850097011,1850.057503,1141.759,0,20.93333333,19.28333333,2.416666667
1291,360850097012,o_360850097012,1841.802539,1624.877,0,28.46666667,27.46666667,5.75
1292,360850097013,o_360850097013,1230.06462,976.251,0,17.13333333,16.51666667,1.8
1293,360850097021,o_360850097021,1907.791971,1435.053,0,25.5,24.3,1.3
1294,360850105001,o_360850105001,902.6012862,707.527,0,12.75,11.96666667,5.616666667
1295,360850105002,o_360850105002,1251.236419,1116.256,0,19.48333333,18.95,1.233333333
1296,360850105003,o_360850105003,1426.462539,1209.537,0,21.51666667,20.51666667,6.166666667
1297,360850105004,o_360850105004,1941.18934,1743.689,0,30.51666667,29.61666667,6.283333333
1298,360850105005,o_360850105005,1024.398286,829.324,0,14.81666667,14.03333333,3.55
1299,360850112011,o_360850112011,7442.319643,1077.085,0,36.81666667,18.1,1.266666667
1300,360850112012,o_360850112012,6925.171436,1593.036,0,43.91666667,27.01666667,1.466666667
1301,360850112013,o_360850112013,6527.290675,1609.006,0,42.66666667,27.21666667,2.783333333
1302,360850112014,o_360850112014,6970.786643,605.552,0,28.91666667,10.2,5.9
1303,360850112031,o_360850112031,7352.39165,1137.453,0,39.28333333,19.26666667,2.816666667
1304,360850112032,o_360850112032,8290.886572,648.043,0,32.15,10.96666667,2.7
1305,360850112033,o_360850112033,7898.61258,574.202,0,30.26666667,9.683333333,4.583333333
1306,360850112041,o_360850112041,9707.126732,1368.523,0,53.93333333,23.05,3.666666667
1307,360850112042,o_360850112042,8062.11558,737.705,0,33.01666667,12.43333333,1.833333333
1308,360850114011,o_360850114011,6145.895165,714.712,0,29.36666667,12.11666667,1.016666667
1309,360850114012,o_360850114012,5667.948734,1218.665,1,28.4,20.61666667,10.68333333
1310,360850114021,o_360850114021,6319.557892,1023.539,1,27.06666667,17.28333333,5.55
1311,360850114022,o_360850114022,6897.636636,1059.566,0,39.18333333,17.81666667,1.516666667
1312,360850114023,o_360850114023,6193.990241,1123.904,0,38.08333333,19.06666667,2.616666667
1313,360850121001,o_360850121001,1871.680286,1676.606,0,29,28.21666667,5.366666667
1314,360850121002,o_360850121002,2297.916289,763.298,1,19.7,12.93333333,9.2
1315,360850121003,o_360850121003,1550.009695,1343.21,0,23.6,22.78333333,1.133333333
1316,360850122001,o_360850122001,7247.833685,1207.49,1,31.16666667,20.38333333,7.916666667
1317,360850122002,o_360850122002,8019.349936,2721.261,1,64.51666667,45.88333333,5.6
1318,360850122003,o_360850122003,11842.18524,1562.649,1,48.75,26.48333333,7.616666667
1319,360850122004,o_360850122004,6848.602528,773.478,0,35.06666667,12.98333333,2.35
1320,360850125001,o_360850125001,1773.189461,558.377,1,14.23333333,9.416666667,5.133333333
1321,360850125002,o_360850125002,1759.68021,959.376,0,19.3,16.21666667,2.416666667
1322,360850125003,o_360850125003,2493.054628,1506.546,0,29.98333333,25.63333333,2.083333333
1323,360850128041,o_360850128041,8641.762121,1090.517,0,43.15,18.41666667,2.233333333
1324,360850128042,o_360850128042,9690.251883,1650.346,0,57.91666667,27.83333333,3.033333333
1325,360850128043,o_360850128043,9402.188015,2315.308,0,64.68333333,39.05,1.133333333
1326,360850128051,o_360850128051,9935.855959,1178.448,0,47.51666667,19.81666667,1.216666667
1327,360850128052,o_360850128052,11867.19461,1173.322,0,56.2,19.73333333,2.983333333
1328,360850128053,o_360850128053,11057.38787,3568.801,0,85.2,60.2,3.45
1329,360850128054,o_360850128054,12834.74279,940.733,0,56.16666667,15.78333333,1.433333333
1330,360850128061,o_360850128061,9813.921057,1858.109,1,55.16666667,31.28333333,2.75
1331,360850128062,o_360850128062,9466.84338,1031.907,0,44.28333333,17.38333333,4.383333333
1332,360850128063,o_360850128063,10153.1655,1596.438,1,52.53333333,26.93333333,5.383333333
1333,360850128064,o_360850128064,10825.42797,1404.656,0,57.43333333,23.65,3.516666667
1334,360850128065,o_360850128065,10681.8675,2125.14,1,61.48333333,35.88333333,2.966666667
1335,360850132011,o_360850132011,13619.99552,1249.863,1,47.41666667,21.15,8.95
1336,360850132012,o_360850132012,12560.07712,2192.478,1,72.55,37.15,4.333333333
1337,360850132031,o_360850132031,8113.23167,1583.491,0,36.81666667,26.81666667,7.916666667
1338,360850132032,o_360850132032,6472.701067,620.3,0,23.45,10.46666667,1.033333333
1339,360850132033,o_360850132033,7064.407652,1913.227,0,40.41666667,32.41666667,4.316666667
1340,360850132041,o_360850132041,12712.79112,2345.192,1,75.13333333,39.73333333,5.066666667
1341,360850132042,o_360850132042,7887.994508,618.411,0,26.7,10.43333333,1.016666667
1342,360850132043,o_360850132043,8413.11167,1883.371,0,41.88333333,31.88333333,2.85
1343,360850133011,o_360850133011,1314.914419,1179.934,0,20.51666667,19.98333333,3.483333333
1344,360850133021,o_360850133021,2006.578787,1546.728,0,28.4,26.2,1.866666667
1345,360850133022,o_360850133022,2044.799898,1267.89,0,25.01666667,21.41666667,1.883333333
1346,360850133023,o_360850133023,1782.332011,1555.958,0,27.45,26.36666667,2.816666667
1347,360850134001,o_360850134001,12185.17002,1025.573,1,41.71666667,17.45,11.38333333
1348,360850134002,o_360850134002,8798.298826,655.229,0,37.25,11.06666667,1.666666667
1349,360850134003,o_360850134003,12463.23902,1303.642,1,46.36666667,22.1,6.733333333
1350,360850138001,o_360850138001,14010.04374,2565.895,2,76.38333333,43.3,11.48333333
1351,360850138002,o_360850138002,13415.7237,2981.382,1,80.63333333,50.23333333,6.233333333
1352,360850138003,o_360850138003,13288.02852,2076.782,1,68.55,35.06666667,5.116666667
1353,360850138004,o_360850138004,11116.19938,1803.241,1,60.61666667,30.48333333,7.966666667
1354,360850138005,o_360850138005,12862.41,2890.115,1,78.01666667,48.7,5.566666667
1355,360850141001,o_360850141001,2223.917827,1863.301,0,32.83333333,31.4,1.3
1356,360850141002,o_360850141002,2551.405119,1458.571,0,28.93333333,24.61666667,1.933333333
1357,360850146041,o_360850146041,7109.564652,1958.384,0,41.13333333,33.13333333,3.6
1358,360850146042,o_360850146042,6158.046104,2343.261,0,45.56666667,39.56666667,2.433333333
1359,360850146043,o_360850146043,6185.144303,1648.303,1,35.85,27.96666667,6.683333333
1360,360850146044,o_360850146044,5400.773104,1585.988,0,32.88333333,26.88333333,8.566666667
1361,360850146051,o_360850146051,8233.979047,2539.542,0,55.21666667,42.6,2.216666667
1362,360850146052,o_360850146052,7021.028652,1869.848,0,39.63333333,31.63333333,1.816666667
1363,360850146061,o_360850146061,8361.128067,2508.727,0,55.11666667,42.13333333,2.316666667
1364,360850146062,o_360850146062,8299.03867,1769.298,0,40.05,30.05,1.4
1365,360850146063,o_360850146063,9729.83267,3200.092,0,64.01666667,54.01666667,7.433333333
1366,360850146064,o_360850146064,9699.781508,2430.198,0,57.11666667,40.85,3.6
1367,360850146071,o_360850146071,7943.332226,1751.924,1,43.78333333,29.53333333,8.1
1368,360850146072,o_360850146072,8310.184221,1575.293,1,41.36666667,26.76666667,10.51666667
1369,360850146081,o_360850146081,9943.909644,1395.061,2,42.48333333,23.65,10.4
1370,360850146082,o_360850146082,7263.864652,2112.684,0,43.75,35.75,4.35
1371,360850147001,o_360850147001,2645.703184,1673.719,0,32.61666667,28.23333333,1.75
1372,360850147002,o_360850147002,3662.787546,1934.798,1,39.86666667,32.58333333,8.383333333
1373,360850147003,o_360850147003,5803.436632,1349.416,2,39.76666667,22.81666667,11.81666667
1374,360850151001,o_360850151001,2995.072752,1742.974,0,34.26666667,29.41666667,3.45
1375,360850151002,o_360850151002,3244.469154,1775.46,0,35.65,29.96666667,2.066666667
1376,360850151003,o_360850151003,3600.907119,2508.073,0,46.63333333,42.31666667,2.5
1377,360850151004,o_360850151004,6628.175792,1619.62,1,45.08333333,27.33333333,5.5
1378,360850151005,o_360850151005,6758.677065,1449.989,1,42.8,24.45,7.783333333
1379,360850154001,o_360850154001,9830.727921,2383.446,0,56.63333333,39.95,1.766666667
1380,360850156011,o_360850156011,6190.259104,2375.474,0,46.26666667,40.26666667,1.733333333
1381,360850156012,o_360850156012,5697.141361,2992.534,0,56.38333333,50.5,1.05
1382,360850156013,o_360850156013,5432.58247,513.675,0,19.5,8.683333333,4.933333333
1383,360850156014,o_360850156014,4973.915872,836.8,0,23.15,14.15,1.283333333
1384,360850156015,o_360850156015,6191.623104,2376.838,0,46.15,40.15,1.85
1385,360850156016,o_360850156016,5566.193104,1751.408,0,35.66666667,29.66666667,12.33333333
1386,360850156021,o_360850156021,5712.83958,530.395,1,20.53333333,8.983333333,8.183333333
1387,360850156022,o_360850156022,4389.626976,839.822,0,21.91666667,14.2,2.516666667
1388,360850156023,o_360850156023,5912.494104,2097.709,0,41.43333333,35.43333333,6.566666667
1389,360850156024,o_360850156024,6511.463253,2146.911,1,43.68333333,36.28333333,5.316666667
1390,360850156031,o_360850156031,4300.176976,750.372,0,20.38333333,12.66666667,4.05
1391,360850156032,o_360850156032,5278.842823,977.422,0,25.91666667,16.53333333,1.8
1392,360850156033,o_360850156033,6109.927016,2283.198,0,46.93333333,38.6,3.95
1393,360850169011,o_360850169011,4739.648696,1365.856,1,36.1,23.06666667,8.016666667
1394,360850169012,o_360850169012,4411.670227,1963.868,0,42.55,33.31666667,2.25
1395,360850170051,o_360850170051,3493.932529,2344.63,0,41.5,39.5,3.233333333
1396,360850170052,o_360850170052,4155.477318,1596.628,0,31.1,27.1,10.35
1397,360850170071,o_360850170071,6456.030318,3897.181,0,69.76666667,65.76666667,4.966666667
1398,360850170072,o_360850170072,8595.408133,3170.194,1,64.11666667,53.73333333,8.333333333
1399,360850170073,o_360850170073,10241.06044,2299.48,1,56,38.8,5.783333333
1400,360850170091,o_360850170091,3980.769883,2945.647,0,51.93333333,49.68333333,2.233333333
1401,360850170092,o_360850170092,3223.093529,2073.791,0,37.13333333,35.13333333,7.6
1402,360850170093,o_360850170093,4326.526883,3291.404,0,57.63333333,55.38333333,1.8
1403,360850170111,o_360850170111,5777.802104,1963.017,0,39.2,33.2,2.25
1404,360850170112,o_360850170112,5464.155104,1649.37,0,33.96666667,27.96666667,7.483333333
1405,360850170121,o_360850170121,7737.857846,1790.087,1,40.91666667,30.3,11.36666667
1406,360850170122,o_360850170122,7407.482816,1741.928,1,42.26666667,29.3,9.616666667
1407,360850170123,o_360850170123,7737.993699,1929.399,1,45.11666667,32.53333333,6.766666667
1408,360850170131,o_360850170131,6675.835811,4273.173,0,78.05,72.33333333,4.7
1409,360850170132,o_360850170132,7336.216305,4192.408,0,78.7,70.95,4.05
1410,360850170141,o_360850170141,4605.920529,3456.618,0,60.45,58.45,20.9
1411,360850170142,o_360850170142,4371.417529,3222.115,0,56.5,54.5,21.56666667
1412,360850170151,o_360850170151,5095.951529,3946.649,0,68.48333333,66.48333333,12.86666667
1413,360850170161,o_360850170161,7702.130574,1877.406,1,42.98333333,31.76666667,9.366666667
1414,360850170162,o_360850170162,8773.121221,2038.23,1,48.95,34.35,9.55
1415,360850173001,o_360850173001,5949.12357,1774.615,2,45.6,30.06666667,13.4
1416,360850173002,o_360850173002,6097.981464,1352.299,2,41.03333333,22.96666667,13.83333333
1417,360850176001,o_360850176001,2428.837834,848.196,0,17.7,14.26666667,3.466666667
1418,360850176002,o_360850176002,3737.059871,802.173,0,19.91666667,13.53333333,1.25
1419,360850176003,o_360850176003,2967.538945,907.061,0,19.75,15.26666667,1.416666667
1420,360850176004,o_360850176004,3362.757361,658.15,0,16.95,11.06666667,4.216666667
1421,360850177011,o_360850177011,3305.091411,2656.656,0,47.41666667,44.68333333,2.033333333
1422,360850177012,o_360850177012,5977.131708,3104.964,0,62.83333333,52.33333333,1.533333333
1423,360850177013,o_360850177013,8717.503491,2263.133,1,59.9,38.15,5.466666667
1424,360850177014,o_360850177014,5062.910042,2326.68,0,50.06666667,39.11666667,2.166666667
1425,360850177021,o_360850177021,4988.890571,1038.272,1,32.76666667,17.5,4.916666667
1426,360850177022,o_360850177022,4954.268385,1253.283,0,35.98333333,21.13333333,1.5
1427,360850181001,o_360850181001,9071.921722,1093.212,1,45.55,18.36666667,5.133333333
1428,360850181002,o_360850181002,9795.544956,2837.224,1,71,47.86666667,5.866666667
1429,360850187011,o_360850187011,6691.6329,1088.095,1,37.28333333,18.31666667,6.833333333
1430,360850187012,o_360850187012,5836.722209,972.237,2,34.38333333,16.48333333,11.51666667
1431,360850187031,o_360850187031,7241.5049,1637.967,1,46.61666667,27.65,7.316666667
1432,360850187032,o_360850187032,7815.620083,1428.621,1,46.2,24.1,7.733333333
1433,360850187041,o_360850187041,6244.519985,1572.195,2,43.85,26.61666667,11.93333333
1434,360850187042,o_360850187042,9844.623343,2384.481,1,63.45,40.38333333,5.683333333
1435,360850189011,o_360850189011,5601.906961,1708.552,1,44.25,28.71666667,6.4
1436,360850189012,o_360850189012,6426.467142,1661.838,1,45.3,28.03333333,5.283333333
1437,360850189013,o_360850189013,5934.564311,1913.87,1,48.01666667,32.23333333,5.916666667
1438,360850189021,o_360850189021,7387.357603,1310.832,1,42.93333333,22.08333333,7.65
1439,360850189022,o_360850189022,7479.593603,1403.068,1,44.46666667,23.61666667,6.116666667
1440,360850189023,o_360850189023,10937.30753,1718.743,1,56.73333333,29.13333333,9.066666667
1441,360850197001,o_360850197001,5303.899295,1514.805,1,39.3,25.68333333,4.366666667
1442,360850197002,o_360850197002,4263.544012,2267.576,0,47.4,38.28333333,5.466666667
1443,360850198001,o_360850198001,3785.221248,3483.946,0,59.01666667,58.46666667,3.633333333
1444,360850198002,o_360850198002,1679.763098,1346.375,0,23.26666667,22.63333333,6.766666667
1445,360850198003,o_360850198003,1309.909196,1005.588,0,17.55,17,5.466666667
1446,360850198004,o_360850198004,1176.714523,510.99,0,10.03333333,8.583333333,7.933333333
1447,360850201001,o_360850201001,3145.985002,1278.93,0,28.95,21.71666667,2.3
1448,360850201002,o_360850201002,3599.612002,1732.557,0,36.5,29.26666667,1.216666667
1449,360850201003,o_360850201003,3794.375766,1709.495,0,37.1,29.01666667,3.9
1450,360850207011,o_360850207011,3755.921958,1383.681,0,33.68333333,23.38333333,3.1
1451,360850207012,o_360850207012,2955.216958,582.976,0,19.18333333,9.883333333,1.6
1452,360850207013,o_360850207013,3068.935715,1475.984,0,31.9,25.01666667,1.7
1453,360850207021,o_360850207021,3101.116715,1508.165,0,32.43333333,25.55,1.166666667
1454,360850207022,o_360850207022,2578.240596,1528.039,0,30.83333333,25.83333333,2.766666667
1455,360850207023,o_360850207023,2477.187089,568.809,0,17.26666667,9.633333333,3.516666667
1456,360850208031,o_360850208031,4645.085907,4357.238,0,74.26666667,73.65,7.866666667
1457,360850208032,o_360850208032,4055.870146,2502.508,0,44.33333333,42.33333333,4.733333333
1458,360850208033,o_360850208033,3921.222412,3704.504,0,63.16666667,62.68333333,9.766666667
1459,360850208034,o_360850208034,3716.509523,3050.785,0,52.98333333,51.53333333,4.516666667
1460,360850208041,o_360850208041,3756.958529,2607.656,0,46.11666667,44.11666667,1.883333333
1461,360850208042,o_360850208042,3268.871529,2119.569,0,37.86666667,35.86666667,3.583333333
1462,360850208043,o_360850208043,2995.558529,1846.256,0,33.2,31.2,8.333333333
1463,360850208051,o_360850208051,5113.525531,4332.66,0,75.16666667,73.41666667,4.3
1464,360850208052,o_360850208052,4577.469412,4360.751,0,74.26666667,73.78333333,8.483333333
1465,360850208053,o_360850208053,4163.751412,3947.033,0,67.23333333,66.75,12.23333333
1466,360850208061,o_360850208061,4295.338412,4078.62,0,69.43333333,68.95,13.31666667
1467,360850208062,o_360850208062,15083.44386,4774.933,2,105.2833333,79.8,17.5
1468,360850213001,o_360850213001,2664.666596,1614.465,0,32.35,27.35,1.183333333
1469,360850213002,o_360850213002,3233.548715,1640.597,0,34.65,27.76666667,2.166666667
1470,360850213003,o_360850213003,3026.443376,922.991,0,24.98333333,15.56666667,2.916666667
1471,360850213004,o_360850213004,3671.94023,1346.312,0,33.15,22.93333333,1.283333333
1472,360850213005,o_360850213005,3619.559376,1516.107,0,35.08333333,25.66666667,2.566666667
1473,360850223001,o_360850223001,6373.411331,1779.968,0,41.36666667,30.01666667,1.633333333
1474,360850223002,o_360850223002,5799.199376,1594.647,0,37.18333333,26.88333333,2.533333333
1475,360850223003,o_360850223003,7449.89429,2324.127,0,51.83333333,39.05,2.883333333
1476,360850226011,o_360850226011,4675.708412,4458.99,0,75.95,75.46666667,3.516666667
1477,360850226012,o_360850226012,4427.793146,2874.431,0,50.56666667,48.56666667,1.783333333
1478,360850226013,o_360850226013,3875.758146,2322.396,0,41.36666667,39.36666667,10.98333333
1479,360850226014,o_360850226014,3168.656146,1615.294,0,29.26666667,27.26666667,19.8
1480,360850226021,o_360850226021,4783.714054,2224.11,0,41.55,37.55,7.516666667
1481,360850226022,o_360850226022,9741.135088,2299.736,0,54.4,38.8,5.55
1482,360850226023,o_360850226023,5815.129928,4766.09,0,82.73333333,80.51666667,2.75
1483,360850228011,o_360850228011,9808.206271,2276.544,2,53.96666667,38.4,16.21666667
1484,360850228012,o_360850228012,12910.03793,2415.19,2,65.8,40.48333333,13.81666667
1485,360850228021,o_360850228021,18074.8065,5135.908,2,120.8,86.41666667,15.91666667
1486,360850231001,o_360850231001,5530.646642,1007.865,0,35.68333333,17.03333333,1.033333333
1487,360850231002,o_360850231002,5684.887642,1162.106,0,38.28333333,19.63333333,1.783333333
1488,360850231003,o_360850231003,5027.173342,900.823,0,32.31666667,15.23333333,4.466666667
1489,360850239001,o_360850239001,4533.964261,806.162,0,29.18333333,13.63333333,1.916666667
1490,360850239002,o_360850239002,4816.711091,592.666,1,26.18333333,10.03333333,5.916666667
1491,360850244011,o_360850244011,5417.095652,1154.862,0,27.61666667,19.46666667,2.416666667
1492,360850244012,o_360850244012,4616.471759,1257.51,0,27.58333333,21.16666667,2.45
1493,360850244013,o_360850244013,4084.472728,1227.148,0,26.23333333,20.76666667,3.833333333
1494,360850244021,o_360850244021,4099.448547,913.859,0,21.5,15.4,1.966666667
1495,360850244022,o_360850244022,5320.382976,1214.059,0,28.28333333,20.43333333,1.75
1496,360850247001,o_360850247001,4198.75962,1440.449,0,36.25,24.38333333,1.4
1497,360850247002,o_360850247002,4021.039545,839.14,1,27.3,14.2,4.8
1498,360850248001,o_360850248001,5808.033882,834.533,0,23.56666667,14.06666667,3.1
1499,360850248002,o_360850248002,6030.236882,1056.736,0,27.33333333,17.83333333,2.6
1500,360850248003,o_360850248003,5271.92705,1557.597,0,32.35,26.35,10.18333333
1501,360850251001,o_360850251001,4197.793801,1143.562,0,32.38333333,19.35,2.066666667
1502,360850251002,o_360850251002,4907.537834,1297.835,1,36.88333333,21.91666667,7.233333333
1503,360850251003,o_360850251003,5806.035961,1912.681,1,47.78333333,32.25,6.083333333
1504,360850273011,o_360850273011,11704.08467,1729.215,1,62.63333333,29.18333333,5.783333333
1505,360850273012,o_360850273012,9900.867243,1756.777,2,57.75,29.81666667,10.7
1506,360850273013,o_360850273013,9412.223048,3035.959,0,73.13333333,51.23333333,1.066666667
1507,360850273014,o_360850273014,8302.46462,1243.739,1,46.13333333,21.01666667,7.8
1508,360850273015,o_360850273015,11392.66253,2174.098,1,64.4,36.8,4.733333333
1509,360850273021,o_360850273021,8060.604091,1508.816,1,48.25,25.46666667,5.616666667
1510,360850273022,o_360850273022,9077.562478,2583.952,2,66.45,43.53333333,8.55
1511,360850277021,o_360850277021,10172.87747,2745.654,1,61.88333333,46.28333333,20.4
1512,360850277022,o_360850277022,11359.92682,1004.045,1,43.5,17.06666667,8.383333333
1513,360850277023,o_360850277023,9924.388467,2497.165,1,57.8,42.2,14.65
1514,360850277024,o_360850277024,10694.46811,2187.07,0,66.16666667,36.86666667,1.316666667
1515,360850277041,o_360850277041,10445.61468,2211.065,0,65.75,37.31666667,1.666666667
1516,360850277042,o_360850277042,10789.97244,1035.441,2,50.25,17.55,11.65
1517,360850277051,o_360850277051,9607.634669,1961.174,0,59.7,33.16666667,7.716666667
1518,360850277052,o_360850277052,9879.423681,1644.874,0,56.15,27.71666667,1.433333333
1519,360850277053,o_360850277053,10122.37011,1614.972,0,56.55,27.25,1.033333333
1520,360850277061,o_360850277061,8978.235048,2601.971,0,65.85,43.95,1.733333333
1521,360850277062,o_360850277062,9286.118854,2416.563,0,64.2,40.75,3.466666667
1522,360850277063,o_360850277063,9645.049866,2187.405,0,62.26666667,36.91666667,5.4
1523,360850279001,o_360850279001,13087.38105,3357.494,1,86.33333333,56.26666667,13.98333333
1524,360850279002,o_360850279002,12546.80881,1797.609,1,62.7,30.3,7.616666667
1525,360850279003,o_360850279003,10048.11944,2106.539,1,52.81666667,35.61666667,5.683333333
1526,360850279004,o_360850279004,9078.286777,2646.294,2,57.56666667,44.71666667,12.61666667
1527,360850291021,o_360850291021,12894.79557,1752.292,0,54.61666667,29.43333333,13.56666667
1528,360850291022,o_360850291022,18087.84973,1213.671,2,68.13333333,20.5,14.75
1529,360850291041,o_360850291041,7048.057654,2771.397,0,62.41666667,46.81666667,1.9
1530,360850291042,o_360850291042,7355.806335,2749.495,0,63,46.43333333,4.666666667
1531,360850291043,o_360850291043,6863.803089,950.374,1,37.95,16.18333333,9.35
1532,360850291044,o_360850291044,6941.129654,2664.469,0,60.61666667,45.01666667,3.7
1533,360850291051,o_360850291051,8752.15468,2223.642,0,60.43333333,37.43333333,3.766666667
1534,360850291052,o_360850291052,8431.222643,3035.467,0,70.2,51.31666667,4
1535,360850291053,o_360850291053,7660.57669,1238.548,1,44.21666667,20.95,9.716666667
1536,360850291061,o_360850291061,8430.383671,1031.736,1,43.61666667,17.41666667,10.31666667
1537,360850291062,o_360850291062,9256.039623,849.698,1,43.76666667,14.38333333,10.16666667
1538,360850303011,o_360850303011,5938.473323,1637.628,1,41.7,27.68333333,11.01666667
1539,360850303012,o_360850303012,5936.947094,928.581,1,34.78333333,15.66666667,12.51666667
1540,360850303021,o_360850303021,7503.902515,3266.876,0,65.76666667,55.05,1.15
1541,360850303022,o_360850303022,7724.189583,1110.114,0,45.45,18.8,4.983333333
1542,360850303023,o_360850303023,5618.75098,1495.957,0,40.95,25.26666667,1.716666667
1543,360850303024,o_360850303024,5802.62392,1149.617,1,37.25,19.45,10.05
1544,360850319011,o_360850319011,6019.623436,745.851,0,33.68333333,12.61666667,3.033333333
1545,360850319012,o_360850319012,5972.368056,1672.545,0,47.73333333,28.18333333,2.7
1546,360850319021,o_360850319021,7705.749364,2167.702,0,50.5,36.61666667,1.033333333
1547,360850319022,o_360850319022,7597.816364,2059.769,0,48.58333333,34.7,2.95
1548,360850319023,o_360850319023,7007.502947,2107.874,0,47.71666667,35.55,3.816666667
1549,360850323001,o_360850323001,9143.782485,3204.658,0,68.81666667,53.86666667,2.716666667
1550,360470001001,o_360470001001,1740.890698,1452.612,0,26.16666667,24.7,1.816666667
1551,360470001002,o_360470001002,1523.935634,1345.087,0,23.96666667,22.76666667,4.15
1552,360470001003,o_360470001003,2286.11327,1298.783,0,24.63333333,22.13333333,4.766666667
1553,360470001004,o_360470001004,1673.343414,1091.553,0,19.46666667,18.46666667,2.4
1554,360470002001,o_360470002001,1967.597636,1419.352,0,25.43333333,23.93333333,1.616666667
1555,360470003011,o_360470003011,1611.28789,1037.079,0,20.66666667,17.58333333,2.933333333
1556,360470003012,o_360470003012,1529.93789,955.729,0,19.26666667,16.18333333,4.333333333
1557,360470003013,o_360470003013,1951.233421,1573.52,0,29.25,26.61666667,1.933333333
1558,360470003014,o_360470003014,2253.551864,1862.733,0,33.88333333,31.48333333,2.45
1559,360470003015,o_360470003015,1260.48689,686.278,0,14.66666667,11.58333333,8.933333333
1560,360470005011,o_360470005011,1621.35889,1047.15,0,20.8,17.71666667,2.8
1561,360470005012,o_360470005012,1753.750414,1171.96,0,20.8,19.8,1.066666667
1562,360470005013,o_360470005013,1276.255441,898.921,0,17.1,15.25,2.05
1563,360470005021,o_360470005021,1719.18489,1144.976,0,22.43333333,19.35,1.166666667
1564,360470005022,o_360470005022,717.9603571,595.639,0,10.78333333,10.18333333,1.4
1565,360470007001,o_360470007001,576.1246981,287.846,0,6.383333333,4.916666667,4.6
1566,360470007002,o_360470007002,737.8316981,449.553,0,9.066666667,7.6,1.916666667
1567,360470007003,o_360470007003,447.6516152,325.331,0,6.033333333,5.516666667,2.716666667
1568,360470009001,o_360470009001,1118.689035,601.285,0,12.75,10.15,3.433333333
1569,360470009002,o_360470009002,733.6392455,593.639,0,10.61666667,10.03333333,2.383333333
1570,360470011001,o_360470011001,1197.631035,680.227,0,14.23333333,11.63333333,1.95
1571,360470013001,o_360470013001,1703.797239,1521.802,0,26.7,25.83333333,1.166666667
1572,360470013002,o_360470013002,2950.182315,1185.257,0,26.1,20.1,1.366666667
1573,360470015011,o_360470015011,1530.483735,1295.931,0,23.63333333,22.03333333,2.666666667
1574,360470015012,o_360470015012,1510.365477,1209.279,0,22.45,20.63333333,1.033333333
1575,360470015021,o_360470015021,1087.678737,853.126,0,16.28333333,14.53333333,2.016666667
1576,360470018011,o_360470018011,2567.382575,1386.952,0,26.75,23.45,5.816666667
1577,360470018012,o_360470018012,4037.403018,1106.813,1,27,18.73333333,10.26666667
1578,360470018021,o_360470018021,2346.516865,1101.237,0,22.53333333,18.58333333,3.866666667
1579,360470018031,o_360470018031,995.2758832,746.958,0,13.98333333,12.66666667,9.116666667
1580,360470018041,o_360470018041,1122.165636,900.487,0,16.43333333,15.18333333,12.45
1581,360470020001,o_360470020001,1078.803615,869.662,0,15.93333333,14.81666667,3.683333333
1582,360470020002,o_360470020002,994.0334556,546.681,0,11.63333333,9.233333333,1.466666667
1583,360470021001,o_360470021001,1861.409411,1737.106,0,30.33333333,29.51666667,1.366666667
1584,360470021002,o_360470021002,2939.353315,1174.428,0,25.85,19.85,1.616666667
1585,360470021003,o_360470021003,2713.076247,969.48,1,27.51666667,16.53333333,3.783333333
1586,360470022001,o_360470022001,740.1456155,531.004,0,10.06666667,8.95,2.216666667
1587,360470022002,o_360470022002,850.9326155,641.791,0,12.05,10.93333333,7.566666667
1588,360470022003,o_360470022003,1342.659615,1133.518,0,20.46666667,19.35,1.816666667
1589,360470022004,o_360470022004,1867.36175,1652.05,0,28.28333333,28.01666667,4.6
1590,360470023001,o_360470023001,2294.652612,864.001,1,19.71666667,14.78333333,4.583333333
1591,360470023002,o_360470023002,1392.097509,1232.526,0,21.61666667,20.86666667,1.833333333
1592,360470023003,o_360470023003,2599.195614,1168.544,1,24.93333333,19.9,5.366666667
1593,360470029011,o_360470029011,1361.053894,997.916,0,19.01666667,17.11666667,4.316666667
1594,360470029012,o_360470029012,1060.367927,889.361,0,15.95,15.06666667,1.383333333
1595,360470030001,o_360470030001,1736.22575,1520.914,0,26.08333333,25.81666667,6.8
1596,360470030002,o_360470030002,2962.468031,1579.571,0,30.13333333,26.63333333,3.083333333
1597,360470031011,o_360470031011,948.5189269,777.512,0,14.03333333,13.15,3.3
1598,360470031012,o_360470031012,1071.172538,895.121,0,16.51666667,15.3,2.9
1599,360470031013,o_360470031013,1120.641358,914.156,0,17.01666667,15.58333333,1.816666667
1600,360470031021,o_360470031021,589.2899269,418.283,0,7.933333333,7.05,9.4
1601,360470033001,o_360470033001,1098.355361,843.607,0,15.63333333,14.33333333,1.983333333
1602,360470033002,o_360470033002,877.1344769,576.048,0,11.68333333,9.866666667,2.8
1603,360470034001,o_360470034001,2340.907378,2131.674,0,36.75,36.08333333,6.5
1604,360470034002,o_360470034002,3479.501822,1239.627,2,28.13333333,20.88333333,8.583333333
1605,360470034003,o_360470034003,2533.715378,2324.482,0,40.01666667,39.35,3.233333333
1606,360470035001,o_360470035001,1176.459784,978.542,0,17.63333333,16.7,2.333333333
1607,360470035002,o_360470035002,1398.903827,976.744,0,18.01666667,16.58333333,1.95
1608,360470036001,o_360470036001,3036.919031,1654.022,0,31.4,27.9,1.816666667
1609,360470036002,o_360470036002,2281.528378,2072.295,0,35.76666667,35.1,7.483333333
1610,360470036003,o_360470036003,2440.009378,2230.776,0,38.45,37.78333333,4.8
1611,360470037001,o_360470037001,955.1897367,720.637,0,14.01666667,12.26666667,4.283333333
1612,360470038001,o_360470038001,2805.017376,2143.641,0,38.31666667,36.23333333,4.933333333
1613,360470039001,o_360470039001,961.0443575,754.559,0,14.36666667,12.93333333,4.466666667
1614,360470039002,o_360470039002,1741.444096,815.996,0,16.86666667,13.86666667,8.033333333
1615,360470039003,o_360470039003,1662.043096,736.595,0,15.5,12.5,1.9
1616,360470041001,o_360470041001,933.2715387,757.22,0,13.96666667,12.9,1.3
1617,360470041002,o_360470041002,1315.795735,1081.243,0,20.01666667,18.38333333,3.283333333
1618,360470041003,o_360470041003,1781.168412,1308.772,0,23.85,22.35,1.816666667
1619,360470043001,o_360470043001,687.3162455,547.316,0,9.866666667,9.283333333,3.133333333
1620,360470043002,o_360470043002,848.4873516,567.48,0,10.78333333,9.616666667,2.216666667
1621,360470043003,o_360470043003,992.3243104,852.325,0,15.13333333,14.43333333,1.05
1622,360470043004,o_360470043004,677.1422455,537.142,0,9.716666667,9.133333333,3.283333333
1623,360470044001,o_360470044001,3244.389196,2385.527,0,42.91666667,40.2,3.166666667
1624,360470044002,o_360470044002,2778.206376,2116.83,0,37.93333333,35.85,5.316666667
1625,360470045001,o_360470045001,307.2346152,184.914,0,3.666666667,3.15,5.083333333
1626,360470045002,o_360470045002,469.4096152,347.089,0,6.466666667,5.95,2.283333333
1627,360470045003,o_360470045003,651.3123571,528.991,0,9.6,9,2.583333333
1628,360470045004,o_360470045004,664.1273571,541.806,0,9.916666667,9.316666667,2.266666667
1629,360470046001,o_360470046001,3427.658522,2131.704,0,40.33333333,36,2.916666667
1630,360470047001,o_360470047001,780.1347963,475.375,0,9.383333333,8.133333333,4.15
1631,360470049001,o_360470049001,954.9797963,650.22,0,12.31666667,11.06666667,1.216666667
1632,360470049002,o_360470049002,994.4651759,564.675,0,11.33333333,9.583333333,2.2
1633,360470049003,o_360470049003,1047.048176,617.258,0,12.21666667,10.46666667,1.316666667
1634,360470050001,o_360470050001,4108.378615,1903.554,0,40.3,32.13333333,2.95
1635,360470050002,o_360470050002,3830.623314,2006.954,0,40.41666667,33.86666667,2.833333333
1636,360470050003,o_360470050003,3473.848314,1650.179,0,34.41666667,27.86666667,1.55
1637,360470051001,o_360470051001,1060.781176,630.991,0,12.53333333,10.78333333,1.033333333
1638,360470051002,o_360470051002,1221.695148,411.143,0,10.31666667,7,3.25
1639,360470051003,o_360470051003,1402.377115,429.168,0,11.3,7.316666667,2.266666667
1640,360470052011,o_360470052011,4055.180654,1600.411,0,36.31666667,26.96666667,2.483333333
1641,360470052021,o_360470052021,5496.847886,1827.859,1,40.61666667,30.75,8.466666667
1642,360470052022,o_360470052022,4234.704721,1616.15,0,37.26666667,27.3,1.533333333
1643,360470053011,o_360470053011,2521.525599,827.882,0,20.93333333,14.01666667,2.316666667
1644,360470053012,o_360470053012,2782.264984,725.784,0,20.81666667,12.4,2.433333333
1645,360470053021,o_360470053021,3133.365757,1563.241,0,30.38333333,26.38333333,3.3
1646,360470053022,o_360470053022,3598.129916,2358.102,0,45.16666667,39.83333333,1.683333333
1647,360470053023,o_360470053023,3976.666219,1419.48,1,33.11666667,23.91666667,4.566666667
1648,360470053031,o_360470053031,2127.16162,825.508,0,19.25,13.93333333,4
1649,360470054001,o_360470054001,4280.050592,1535.249,0,36.33333333,25.9,2.466666667
1650,360470054002,o_360470054002,3963.986607,1469.703,0,34.41666667,25.03333333,1.55
1651,360470054003,o_360470054003,3974.592607,1480.309,0,34.6,25.21666667,1.366666667
1652,360470056011,o_360470056011,4393.24118,1412.804,0,35.16666667,23.85,3.633333333
1653,360470056012,o_360470056012,4060.736032,1396.733,0,33.83333333,23.81666667,2.133333333
1654,360470056021,o_360470056021,4382.03218,1401.595,0,35.1,23.78333333,3.7
1655,360470058001,o_360470058001,3671.731615,1466.907,0,33.13333333,24.96666667,2.833333333
1656,360470058002,o_360470058002,3731.421615,1526.597,0,34.25,26.08333333,1.716666667
1657,360470058003,o_360470058003,3658.384237,1662.793,0,35.66666667,28.16666667,3.133333333
1658,360470059001,o_360470059001,2118.503599,424.86,0,14.08333333,7.166666667,1.016666667
1659,360470059002,o_360470059002,1893.769148,1083.217,0,21.71666667,18.4,1.533333333
1660,360470060001,o_360470060001,3240.736399,1670.303,0,34.05,28.55,1.916666667
1661,360470060002,o_360470060002,3424.231314,1600.562,0,33.68333333,27.13333333,2.283333333
1662,360470060003,o_360470060003,3409.742314,1586.073,0,33.36666667,26.81666667,2.6
1663,360470062001,o_360470062001,3088.895522,1792.941,0,34.91666667,30.58333333,1.05
1664,360470062002,o_360470062002,3084.564522,1788.61,0,34.58333333,30.25,1.383333333
1665,360470062003,o_360470062003,3092.038522,1796.084,0,34.7,30.36666667,1.266666667
1666,360470063001,o_360470063001,1351.429148,540.877,0,12.48333333,9.166666667,1.083333333
1667,360470063002,o_360470063002,1654.014148,843.462,0,17.61666667,14.3,5.633333333
1668,360470064001,o_360470064001,3177.70327,1187.365,0,25.01666667,20.01666667,8.916666667
1669,360470064002,o_360470064002,2569.010376,1907.634,0,34.46666667,32.38333333,1.5
1670,360470064003,o_360470064003,2659.704742,1751.97,0,32.86666667,30,3.1
1671,360470065001,o_360470065001,1693.472148,882.92,0,18.25,14.93333333,5
1672,360470065002,o_360470065002,1774.553148,964.001,0,19.61666667,16.3,3.633333333
1673,360470065003,o_360470065003,1859.439148,1048.887,0,21.06666667,17.75,2.183333333
1674,360470065004,o_360470065004,1959.430115,986.221,0,20.76666667,16.78333333,2.483333333
1675,360470065005,o_360470065005,2040.986115,1067.777,0,22.18333333,18.2,1.066666667
1676,360470065006,o_360470065006,2399.729251,1659.909,0,29.93333333,27.93333333,3.75
1677,360470065007,o_360470065007,2511.854251,1772.034,0,31.9,29.9,1.783333333
1678,360470066001,o_360470066001,2258.118376,1596.742,0,29.21666667,27.13333333,6.75
1679,360470066002,o_360470066002,2236.567376,1575.191,0,28.83333333,26.75,7.133333333
1680,360470066003,o_360470066003,2248.993376,1587.617,0,29.03333333,26.95,6.933333333
1681,360470067001,o_360470067001,1270.432251,1068.621,0,19.15,18.06666667,1.55
1682,360470067002,o_360470067002,1550.352176,1120.562,0,20.66666667,18.91666667,2.583333333
1683,360470067003,o_360470067003,1587.216176,1157.426,0,21.3,19.55,1.95
1684,360470067004,o_360470067004,1384.594796,1079.835,0,19.51666667,18.26666667,3.733333333
1685,360470067005,o_360470067005,1099.204251,897.393,0,16.33333333,15.25,4.366666667
1686,360470068001,o_360470068001,2081.703576,1000.231,1,20.05,16.83333333,8.383333333
1687,360470068002,o_360470068002,2205.284576,1123.812,1,22.16666667,18.95,6.266666667
1688,360470068003,o_360470068003,1986.012378,1776.779,0,30.81666667,30.15,5.15
1689,360470068004,o_360470068004,1817.332378,1608.099,0,27.93333333,27.26666667,8.033333333
1690,360470069011,o_360470069011,1629.390033,1165.255,0,21.7,19.7,4.066666667
1691,360470069012,o_360470069012,1665.828033,1201.693,0,22.33333333,20.33333333,3.433333333
1692,360470069021,o_360470069021,1586.841639,1388.11,0,24.46666667,23.65,3.766666667
1693,360470069022,o_360470069022,1506.67438,1381.644,0,23.86666667,23.36666667,3.283333333
1694,360470070001,o_360470070001,2404.146456,1545.819,0,28.2,26.2,3.433333333
1695,360470070002,o_360470070002,1852.431798,1639.775,0,29,27.85,3.633333333
1696,360470071001,o_360470071001,1996.628576,1113.318,0,23,19.13333333,3.033333333
1697,360470071002,o_360470071002,1597.781539,1421.73,0,25.28333333,24.21666667,1.7
1698,360470071003,o_360470071003,1957.594198,728.568,1,17.91666667,12.35,8.233333333
1699,360470072001,o_360470072001,1756.778575,1232.209,0,22.26666667,20.76666667,3.666666667
1700,360470074001,o_360470074001,1560.930575,1036.361,0,19.01666667,17.51666667,4.25
1701,360470074002,o_360470074002,1403.104575,878.535,0,16.33333333,14.83333333,1.433333333
1702,360470074003,o_360470074003,1380.983575,856.414,0,15.93333333,14.43333333,1.833333333
1703,360470074004,o_360470074004,988.4476155,779.306,0,14.25,13.13333333,5.4
1704,360470075001,o_360470075001,2220.177251,1480.357,0,26.91666667,24.91666667,2.266666667
1705,360470075002,o_360470075002,2146.883251,1407.063,0,25.68333333,23.68333333,8
1706,360470075003,o_360470075003,2177.720251,1437.9,0,26.25,24.25,7.433333333
1707,360470075004,o_360470075004,1876.975251,1137.155,0,21.15,19.15,5.033333333
1708,360470075005,o_360470075005,1862.977972,1482.216,0,26.6,25.03333333,2.2
1709,360470076001,o_360470076001,1157.527263,391.561,0,10.86666667,6.666666667,1.466666667
1710,360470076002,o_360470076002,1052.648915,439.778,0,10.78333333,7.45,1.55
1711,360470076003,o_360470076003,914.564794,524.839,0,11.01666667,8.9,1.316666667
1712,360470077001,o_360470077001,2021.922251,1282.102,0,23.56666667,21.56666667,2.616666667
1713,360470077002,o_360470077002,2122.281251,1382.461,0,25.25,23.25,8.433333333
1714,360470077003,o_360470077003,2293.823251,1554.003,0,28.13333333,26.13333333,5.55
1715,360470077004,o_360470077004,1896.788251,1156.968,0,21.46666667,19.46666667,4.716666667
1716,360470078001,o_360470078001,1564.748636,1016.503,0,18.7,17.2,1.066666667
1717,360470078002,o_360470078002,1713.628575,1189.059,0,21.58333333,20.08333333,1.7
1718,360470078003,o_360470078003,1505.616575,981.047,0,18.06666667,16.56666667,5.216666667
1719,360470078004,o_360470078004,1686.434575,1161.865,0,21.13333333,19.63333333,2.15
1720,360470080001,o_360470080001,1423.183636,874.938,0,16.3,14.8,3.466666667
1721,360470080002,o_360470080002,1545.418636,997.173,0,18.35,16.85,1.416666667
1722,360470080003,o_360470080003,1522.085636,973.84,0,17.95,16.45,1.816666667
1723,360470082001,o_360470082001,3329.096085,1149.93,0,25.6,19.6,2.033333333
1724,360470082002,o_360470082002,1565.395636,1017.15,0,18.66666667,17.16666667,1.85
1725,360470082003,o_360470082003,1609.568925,872.189,0,17.06666667,14.73333333,2.8
1726,360470084001,o_360470084001,2839.173085,660.007,0,17.28333333,11.28333333,1.85
1727,360470084002,o_360470084002,3138.852085,959.686,0,22.38333333,16.38333333,5.25
1728,360470084003,o_360470084003,1985.410865,740.131,0,16.41666667,12.46666667,3.45
1729,360470085001,o_360470085001,2495.558599,801.915,0,20.58333333,13.66666667,3.416666667
1730,360470085002,o_360470085002,3342.217757,1772.093,0,33.9,29.9,3.533333333
1731,360470085003,o_360470085003,3473.524757,1903.4,0,36.16666667,32.16666667,1.266666667
1732,360470086001,o_360470086001,2027.465345,1780.719,0,31.48333333,30.15,4.816666667
1733,360470088001,o_360470088001,1724.298378,1013.417,0,21.05,17.36666667,1.216666667
1734,360470088002,o_360470088002,1519.577469,1045.52,0,20.33333333,17.86666667,1.933333333
1735,360470090011,o_360470090011,1251.260887,1018.945,0,18.63333333,17.41666667,3.633333333
1736,360470090021,o_360470090021,1238.485887,1006.17,0,18.38333333,17.16666667,3.883333333
1737,360470092011,o_360470092011,2047.735948,1757.969,0,31.36666667,29.91666667,2.866666667
1738,360470092012,o_360470092012,1606.374489,1370.577,0,24.46666667,23.2,1.183333333
1739,360470092021,o_360470092021,1435.686836,1194.669,0,21.56666667,20.31666667,1.083333333
1740,360470092022,o_360470092022,1567.24347,1048.706,0,18.76666667,17.76666667,1.233333333
1741,360470094011,o_360470094011,1447.517489,1211.72,0,21.73333333,20.46666667,3.916666667
1742,360470094012,o_360470094012,1353.007684,1061.226,0,19.41666667,17.83333333,2.333333333
1743,360470094021,o_360470094021,1208.737313,974.248,0,17.76666667,16.5,2.65
1744,360470094022,o_360470094022,1002.508761,663.602,0,13.38333333,11.28333333,1.683333333
1745,360470096001,o_360470096001,1671.578243,1440.233,0,25.6,24.35,5.2
1746,360470096002,o_360470096002,1470.625489,1234.828,0,22.05,20.78333333,3.6
1747,360470096003,o_360470096003,1700.021243,1468.676,0,25.96666667,24.71666667,4.833333333
1748,360470096004,o_360470096004,1858.597243,1627.252,0,28.66666667,27.41666667,2.133333333
1749,360470098001,o_360470098001,1478.495452,428.129,0,13.55,7.3,1.516666667
1750,360470098002,o_360470098002,1399.276452,348.91,0,12.21666667,5.966666667,2.85
1751,360470098003,o_360470098003,1304.793053,493.507,0,13.31666667,8.416666667,1.75
1752,360470098004,o_360470098004,1255.944301,1028.593,0,18.03333333,17.31666667,1.833333333
1753,360470100001,o_360470100001,1686.184243,1454.839,0,25.83333333,24.58333333,4.966666667
1754,360470100002,o_360470100002,1844.532243,1613.187,0,28.56666667,27.31666667,2.233333333
1755,360470100003,o_360470100003,2409.097636,1860.852,0,32.95,31.45,1.9
1756,360470100004,o_360470100004,1796.375575,1271.806,0,22.95,21.45,1.083333333
1757,360470101001,o_360470101001,2989.178823,1278.906,1,30.4,21.85,4.5
1758,360470101002,o_360470101002,2763.02916,1574.92,0,33.18333333,26.6,4.433333333
1759,360470101003,o_360470101003,3771.430417,1475.157,1,33.61666667,24.81666667,5.966666667
1760,360470102001,o_360470102001,1790.856794,1401.131,0,25.7,23.58333333,1.383333333
1761,360470102002,o_360470102002,1683.230794,1293.505,0,23.95,21.83333333,3.133333333
1762,360470102003,o_360470102003,2166.632092,1933.059,0,33.56666667,32.53333333,4.05
1763,360470104011,o_360470104011,1832.610704,1701.816,0,29.45,28.81666667,3.716666667
1764,360470104012,o_360470104012,1677.502704,1546.708,0,26.8,26.16666667,6.366666667
1765,360470104021,o_360470104021,1693.372832,1506.769,0,26.28333333,25.46666667,4.55
1766,360470104022,o_360470104022,1739.62637,1499.219,0,26.98333333,25.31666667,1.583333333
1767,360470106011,o_360470106011,1409.015039,1173.343,0,21.43333333,19.76666667,1.3
1768,360470106012,o_360470106012,1865.805243,1634.46,0,28.83333333,27.58333333,1.966666667
1769,360470106021,o_360470106021,1753.479704,1622.685,0,28.21666667,27.58333333,4.95
1770,360470106022,o_360470106022,1408.894039,1173.222,0,21.45,19.78333333,1.283333333
1771,360470108011,o_360470108011,1081.51455,505.737,0,12.18333333,8.6,2.883333333
1772,360470108012,o_360470108012,1067.62355,491.846,0,11.93333333,8.35,3.133333333
1773,360470108021,o_360470108021,829.5115254,728.024,0,12.96666667,12.33333333,2.1
1774,360470108022,o_360470108022,958.1076841,666.326,0,12.83333333,11.25,2.333333333
1775,360470110001,o_360470110001,1532.96695,841.51,0,16.25,14.25,2.883333333
1776,360470110002,o_360470110002,1576.34095,884.884,0,17.01666667,15.01666667,2.116666667
1777,360470112001,o_360470112001,1216.75747,698.22,0,12.85,11.85,1.65
1778,360470112002,o_360470112002,988.5946841,696.813,0,13.4,11.81666667,1.766666667
1779,360470112003,o_360470112003,1037.599684,745.818,0,14.15,12.56666667,1.016666667
1780,360470112004,o_360470112004,1978.71795,1287.261,0,23.96666667,21.96666667,1.016666667
1781,360470114001,o_360470114001,565.8836706,374.766,0,7.433333333,6.4,2.283333333
1782,360470114002,o_360470114002,836.9526841,545.171,0,10.76666667,9.183333333,4.4
1783,360470114003,o_360470114003,607.9756706,416.858,0,8.133333333,7.1,1.583333333
1784,360470116001,o_360470116001,842.3105254,740.823,0,13.23333333,12.6,1.833333333
1785,360470116002,o_360470116002,1847.938832,1661.335,0,28.95,28.13333333,1.883333333
1786,360470116003,o_360470116003,1707.180972,1420.093,0,25.23333333,24.15,2.383333333
1787,360470117001,o_360470117001,1644.259977,722.158,0,14.3,12.3,2.966666667
1788,360470117002,o_360470117002,1804.093977,881.992,0,17,15,2.266666667
1789,360470117003,o_360470117003,1876.46954,1075.383,0,20.38333333,18.13333333,5.65
1790,360470118001,o_360470118001,1869.060859,1709.081,0,29.78333333,29.03333333,6.466666667
1791,360470118002,o_360470118002,3273.037757,674.526,1,20.1,11.4,7.983333333
1792,360470118003,o_360470118003,1414.977704,1284.183,0,22.41666667,21.78333333,10.75
1793,360470119011,o_360470119011,1618.519352,1403.301,0,24.31666667,23.7,1.716666667
1794,360470119012,o_360470119012,2608.024652,843.814,1,18.38333333,14.38333333,6.383333333
1795,360470119021,o_360470119021,2061.731269,500.199,0,12.51666667,8.516666667,4.75
1796,360470120001,o_360470120001,1714.189859,1554.21,0,27.15,26.4,9.1
1797,360470121001,o_360470121001,1632.492977,710.391,0,14.05,12.05,3.216666667
1798,360470121002,o_360470121002,1486.036977,563.935,0,11.6,9.6,5.666666667
1799,360470122001,o_360470122001,1636.406575,1111.837,0,20.26666667,18.76666667,3.75
1800,360470122002,o_360470122002,1676.893794,1287.168,0,23.86666667,21.75,3.216666667
1801,360470122003,o_360470122003,1843.010378,1633.777,0,28.23333333,27.56666667,8.483333333
1802,360470122004,o_360470122004,1891.246794,1501.521,0,27.45,25.33333333,2.3
1803,360470126001,o_360470126001,2638.69537,1167.497,1,25.08333333,19.75,5.666666667
1804,360470126002,o_360470126002,1823.273378,1614.04,0,27.98333333,27.31666667,8.733333333
1805,360470126003,o_360470126003,2074.154378,1864.921,0,32.21666667,31.55,3.966666667
1806,360470127001,o_360470127001,1733.273096,807.825,0,16.7,13.7,3.666666667
1807,360470127002,o_360470127002,2446.088488,1480.503,0,28.33333333,25.33333333,1.8
1808,360470127003,o_360470127003,1428.706358,1222.221,0,22.3,20.86666667,2
1809,360470128011,o_360470128011,3374.876495,1542.331,0,30.55,26.05,7.966666667
1810,360470129011,o_360470129011,1731.985488,766.4,0,16.23333333,13.23333333,2.9
1811,360470129012,o_360470129012,1697.941096,772.493,0,16.15,13.15,4.216666667
1812,360470129013,o_360470129013,1857.475096,932.027,0,18.85,15.85,1.516666667
1813,360470129014,o_360470129014,1537.432096,611.984,0,13.41666667,10.41666667,6.95
1814,360470129021,o_360470129021,1408.319674,1210.401,0,21.61666667,20.68333333,3.816666667
1815,360470129022,o_360470129022,2169.524738,755.979,0,17.96666667,12.96666667,1.166666667
1816,360470130001,o_360470130001,2232.376576,1150.904,1,22.6,19.38333333,6.583333333
1817,360470130002,o_360470130002,2157.800378,1948.567,0,33.71666667,33.05,3
1818,360470130003,o_360470130003,2182.874378,1973.641,0,34.1,33.43333333,2.616666667
1819,360470130004,o_360470130004,2188.082576,1106.61,1,21.85,18.63333333,7.333333333
1820,360470131001,o_360470131001,1574.730967,935.627,0,19.06666667,15.83333333,1.25
1821,360470131002,o_360470131002,1463.79711,952.398,0,18.66666667,16.08333333,1.65
1822,360470131003,o_360470131003,1891.415689,1642.876,0,29.35,27.9,4.316666667
1823,360470131004,o_360470131004,1469.63011,958.231,0,18.76666667,16.18333333,1.55
1824,360470132001,o_360470132001,4280.915024,1193.039,1,32.28333333,20.2,4.9
1825,360470132002,o_360470132002,3993.086576,1202.225,1,31.01666667,20.31666667,6.166666667
1826,360470133001,o_360470133001,1181.199441,941.096,0,17.1,15.88333333,3.183333333
1827,360470133002,o_360470133002,1101.873441,861.77,0,15.75,14.53333333,4.533333333
1828,360470133003,o_360470133003,1026.640441,786.537,0,14.46666667,13.25,5.816666667
1829,360470133004,o_360470133004,1020.971441,780.868,0,14.41666667,13.2,5.866666667
1830,360470134001,o_360470134001,2796.281364,2097.78,0,37.6,35.4,1.916666667
1831,360470134002,o_360470134002,3176.88161,1098.242,1,25.38333333,18.55,5.333333333
1832,360470134003,o_360470134003,2797.481742,1889.747,0,34.8,31.93333333,1.883333333
1833,360470135001,o_360470135001,1403.189036,1164.232,0,21.03333333,19.63333333,1.483333333
1834,360470135002,o_360470135002,987.2948546,828.659,0,14.91666667,14,2.183333333
1835,360470135003,o_360470135003,1204.127441,964.024,0,17.48333333,16.26666667,2.8
1836,360470136001,o_360470136001,3114.166522,1818.212,0,35,30.66666667,1.683333333
1837,360470136002,o_360470136002,3136.548522,1840.594,0,35.46666667,31.13333333,1.216666667
1838,360470136003,o_360470136003,2836.375742,1928.641,0,35.61666667,32.75,1.066666667
1839,360470136004,o_360470136004,3052.95761,974.318,1,23.28333333,16.45,7.433333333
1840,360470137001,o_360470137001,1015.974855,857.339,0,15.41666667,14.5,1.683333333
1841,360470137002,o_360470137002,841.5264301,678.977,0,12.41666667,11.46666667,1.1
1842,360470137003,o_360470137003,797.8999447,578.813,0,11.15,9.816666667,3.633333333
1843,360470138001,o_360470138001,3185.390399,1614.957,0,32.81666667,27.31666667,3.866666667
1844,360470138002,o_360470138002,3224.786399,1654.353,0,33.51666667,28.01666667,3.166666667
1845,360470138003,o_360470138003,3395.555314,1571.886,0,33.1,26.55,3.583333333
1846,360470139001,o_360470139001,1822.038977,899.937,0,17.25,15.25,1.983333333
1847,360470139002,o_360470139002,1828.509977,906.408,0,17.36666667,15.36666667,1.866666667
1848,360470139003,o_360470139003,1584.030977,661.929,0,13.26666667,11.26666667,3.966666667
1849,360470139004,o_360470139004,861.7999447,642.713,0,12.2,10.86666667,2.583333333
1850,360470140001,o_360470140001,3925.366939,1705.179,1,38.61666667,28.76666667,9.35
1851,360470140002,o_360470140002,4323.330454,1307.221,1,33.68333333,22.06666667,4
1852,360470141011,o_360470141011,1211.389677,654.882,0,13.76666667,11.1,1.016666667
1853,360470141021,o_360470141021,1990.287977,1068.186,0,20.18333333,18.18333333,3.55
1854,360470141022,o_360470141022,1274.694551,558.87,0,12.78333333,9.5,2
1855,360470142001,o_360470142001,3609.819098,1825.674,0,37.36666667,30.76666667,2.15
1856,360470142002,o_360470142002,3633.703476,1640.325,0,34.91666667,27.65,1.766666667
1857,360470142003,o_360470142003,3490.617314,1666.948,0,34.66666667,28.11666667,2.016666667
1858,360470143001,o_360470143001,2378.236378,739.825,1,16.08333333,12.58333333,4.15
1859,360470143002,o_360470143002,1984.206401,1267.897,0,22.9,21.4,3.766666667
1860,360470143003,o_360470143003,2715.125378,1076.714,1,21.81666667,18.31666667,4.916666667
1861,360470145001,o_360470145001,2955.235043,1528.4,0,28.73333333,25.73333333,1.433333333
1862,360470145002,o_360470145002,3235.99902,887.062,1,20.13333333,15.13333333,6.6
1863,360470145003,o_360470145003,2602.679741,1217.149,0,24.35,20.48333333,1.65
1864,360470145004,o_360470145004,2669.986378,1031.575,1,21.08333333,17.58333333,5.65
1865,360470147001,o_360470147001,1417.413761,468.388,0,12.3,8.083333333,2.483333333
1866,360470147002,o_360470147002,1623.99742,437.4,0,12.56666667,7.433333333,2.216666667
1867,360470148001,o_360470148001,3638.254473,2131.662,0,43.56666667,36.28333333,2.583333333
1868,360470148002,o_360470148002,3870.203272,2127.225,0,44.78333333,36.3,1.366666667
1869,360470149011,o_360470149011,859.4619447,640.375,0,12.21666667,10.88333333,2.566666667
1870,360470149012,o_360470149012,840.3679447,621.281,0,11.98333333,10.65,2.8
1871,360470149021,o_360470149021,1109.579677,553.072,0,12.11666667,9.45,2.666666667
1872,360470149022,o_360470149022,1139.712677,583.205,0,12.7,10.03333333,2.083333333
1873,360470149023,o_360470149023,1051.018245,655.69,0,13.23333333,11.2,1.55
1874,360470150001,o_360470150001,3649.533473,2142.941,0,43.76666667,36.48333333,2.383333333
1875,360470150002,o_360470150002,5696.318933,945.714,1,30.91666667,16.13333333,5.183333333
1876,360470151001,o_360470151001,524.0159447,304.929,0,6.533333333,5.2,8.25
1877,360470151002,o_360470151002,682.1769447,463.09,0,9.283333333,7.95,5.5
1878,360470151003,o_360470151003,699.5839447,480.497,0,9.483333333,8.15,5.3
1879,360470151004,o_360470151004,543.5019447,324.415,0,6.85,5.516666667,7.933333333
1880,360470152001,o_360470152001,5754.264633,1258.243,1,38.8,21.33333333,9.166666667
1881,360470152002,o_360470152002,5418.995735,1216.873,1,37.1,20.58333333,10.86666667
1882,360470152003,o_360470152003,4326.768454,1310.659,1,33.76666667,22.15,3.916666667
1883,360470153001,o_360470153001,719.9784787,478.547,0,9.3,8.083333333,2.35
1884,360470153002,o_360470153002,2456.709105,1599.675,0,29.1,27.1,1.116666667
1885,360470153003,o_360470153003,1121.621829,884.606,0,15.76666667,14.88333333,1.066666667
1886,360470153004,o_360470153004,693.9954787,452.564,0,8.85,7.633333333,2.8
1887,360470154001,o_360470154001,5547.573456,2736.839,0,53.23333333,46.23333333,7.916666667
1888,360470155001,o_360470155001,592.9564407,352.853,0,7.233333333,6.016666667,1.05
1889,360470155002,o_360470155002,390.3943508,154.728,0,3.866666667,2.666666667,2.5
1890,360470155003,o_360470155003,376.6483508,140.982,0,3.616666667,2.416666667,2.75
1891,360470155004,o_360470155004,404.8023508,169.136,0,4.083333333,2.883333333,2.283333333
1892,360470157001,o_360470157001,1120.805974,1027.377,0,18.2,17.71666667,1.616666667
1893,360470157002,o_360470157002,690.1534407,450.05,0,8.933333333,7.716666667,2.683333333
1894,360470157003,o_360470157003,616.0454407,375.942,0,7.633333333,6.416666667,3.983333333
1895,360470157004,o_360470157004,564.2354407,324.132,0,6.75,5.533333333,1.533333333
1896,360470159001,o_360470159001,1155.900974,1062.472,0,18.76666667,18.28333333,1.05
1897,360470159002,o_360470159002,1013.956967,374.853,0,9.55,6.366666667,2.066666667
1898,360470159003,o_360470159003,1888.619954,1755.827,0,30.4,29.73333333,1.583333333
1899,360470159004,o_360470159004,1653.644913,1520.855,0,26.43333333,25.81666667,5.033333333
1900,360470159005,o_360470159005,1532.518967,893.415,0,18.51666667,15.28333333,1.766666667
1901,360470159006,o_360470159006,1273.508441,1033.405,0,18.8,17.58333333,1.483333333
1902,360470160001,o_360470160001,4085.857654,1631.088,0,36.86666667,27.51666667,2.65
1903,360470160002,o_360470160002,4092.301032,1428.298,0,34.16666667,24.15,2.516666667
1904,360470160003,o_360470160003,3882.109607,1387.826,0,32.9,23.51666667,3.783333333
1905,360470160004,o_360470160004,3718.614615,1513.79,0,33.68333333,25.51666667,3
1906,360470161001,o_360470161001,1417.732674,1219.814,0,21.66666667,20.73333333,3.733333333
1907,360470161002,o_360470161002,1301.978674,1104.06,0,19.68333333,18.75,5.716666667
1908,360470161003,o_360470161003,1295.374674,1097.456,0,19.56666667,18.63333333,5.833333333
1909,360470161004,o_360470161004,2024.501683,876.867,1,19.88333333,14.95,5.4
1910,360470162001,o_360470162001,4280.599099,1452.811,0,35.21666667,24.58333333,1.483333333
1911,360470162002,o_360470162002,4732.080151,1549.716,0,38.23333333,26.16666667,1.3
1912,360470163001,o_360470163001,1478.217627,1313.127,0,23.23333333,22.38333333,3.833333333
1913,360470163002,o_360470163002,1634.091735,1175.064,0,22.08333333,19.93333333,3.333333333
1914,360470163003,o_360470163003,1546.001967,906.898,0,18.63333333,15.4,1.666666667
1915,360470163004,o_360470163004,1483.24011,971.841,0,19.13333333,16.55,1.166666667
1916,360470164001,o_360470164001,5812.858715,1745.346,2,41.9,29.65,8.916666667
1917,360470165001,o_360470165001,1087.045441,846.942,0,15.58333333,14.36666667,4.716666667
1918,360470165002,o_360470165002,941.3084407,701.205,0,13.06666667,11.85,7.233333333
1919,360470165003,o_360470165003,756.0653508,520.399,0,10,8.8,1.133333333
1920,360470165004,o_360470165004,1435.516794,1190.266,0,21.15,20.25,1.183333333
1921,360470166001,o_360470166001,5996.757298,1827.779,1,45.28333333,31.05,8.883333333
1922,360470166002,o_360470166002,5301.119875,2205.931,0,45.26666667,37.26666667,1.85
1923,360470167001,o_360470167001,736.9849447,517.898,0,10.1,8.766666667,4.7
1924,360470167002,o_360470167002,683.0449447,463.958,0,9.183333333,7.85,5.616666667
1925,360470167003,o_360470167003,839.3229447,620.236,0,11.83333333,10.5,2.966666667
1926,360470167004,o_360470167004,1735.355105,878.321,0,16.5,15,1.25
1927,360470168001,o_360470168001,6508.793343,1044.316,1,43.93333333,17.76666667,6.783333333
1928,360470169001,o_360470169001,1446.097105,589.063,0,11.5,10,6.25
1929,360470169002,o_360470169002,1465.962105,608.928,0,11.85,10.35,5.9
1930,360470169003,o_360470169003,1483.009105,625.975,0,12.2,10.7,5.55
1931,360470169004,o_360470169004,1592.137105,735.103,0,14.01666667,12.51666667,3.733333333
1932,360470169005,o_360470169005,1670.584105,813.55,0,15.36666667,13.86666667,2.383333333
1933,360470170001,o_360470170001,5291.948339,1013.063,1,29.63333333,17.28333333,6.483333333
1934,360470170002,o_360470170002,4480.071101,1891.478,0,44.91666667,32.26666667,1.25
1935,360470170003,o_360470170003,5334.083875,2238.895,0,45.95,37.95,1.166666667
1936,360470171001,o_360470171001,1633.475105,776.441,0,14.66666667,13.16666667,3.083333333
1937,360470171002,o_360470171002,1805.401105,948.367,0,17.53333333,16.03333333,3.216666667
1938,360470171003,o_360470171003,1908.937105,1051.903,0,19.31666667,17.81666667,6.433333333
1939,360470171004,o_360470171004,1895.164105,1038.13,0,19.06666667,17.56666667,6.683333333
1940,360470172001,o_360470172001,5061.947821,1339.564,0,32.25,22.75,2.866666667
1941,360470172002,o_360470172002,5098.207875,2003.019,0,42.03333333,34.03333333,5.083333333
1942,360470174001,o_360470174001,4746.016869,1936.479,1,40.41666667,32.65,10.3
1943,360470174002,o_360470174002,5039.446875,1944.258,0,40.86666667,32.86666667,6.25
1944,360470175001,o_360470175001,4294.411755,1924.128,1,39.71666667,32.68333333,8.983333333
1945,360470176001,o_360470176001,5172.772821,1450.389,0,34.08333333,24.58333333,1.033333333
1946,360470176002,o_360470176002,5171.304821,1448.921,0,34.06666667,24.56666667,1.05
1947,360470177001,o_360470177001,2462.041105,1605.007,0,28.65,27.15,2.6
1948,360470178001,o_360470178001,3738.661405,1162.01,0,26.23333333,19.73333333,7.25
1949,360470178002,o_360470178002,4076.993405,1500.342,0,31.91666667,25.41666667,1.566666667
1950,360470179001,o_360470179001,1118.412667,893.555,0,16.35,15.28333333,1.05
1951,360470179002,o_360470179002,944.4185954,700.302,0,13.25,11.96666667,1.333333333
1952,360470179003,o_360470179003,1048.857667,824,0,15.13333333,14.06666667,2.266666667
1953,360470180001,o_360470180001,3903.231405,1326.58,0,29.03333333,22.53333333,4.45
1954,360470180002,o_360470180002,5010.267821,1287.884,0,31.31666667,21.81666667,3.8
1955,360470181001,o_360470181001,805.984659,385.659,0,8.733333333,6.55,2.05
1956,360470181002,o_360470181002,622.6469269,451.64,0,8.5,7.616666667,2.283333333
1957,360470181003,o_360470181003,598.7229269,427.716,0,8.116666667,7.233333333,2.666666667
1958,360470181004,o_360470181004,758.127659,337.802,0,7.916666667,5.733333333,2.866666667
1959,360470182001,o_360470182001,3751.254875,656.066,0,19.16666667,11.16666667,3.45
1960,360470182002,o_360470182002,3517.457405,940.806,0,22.46666667,15.96666667,11.01666667
1961,360470183001,o_360470183001,947.8238054,737.935,0,13.6,12.51666667,2.166666667
1962,360470183002,o_360470183002,583.3029269,412.296,0,7.9,7.016666667,2.883333333
1963,360470183003,o_360470183003,816.260659,395.935,0,8.883333333,6.7,1.9
1964,360470184001,o_360470184001,4006.61004,1603.213,0,33.75,27.25,1.366666667
1965,360470184002,o_360470184002,4503.014875,1407.826,0,31.86666667,23.86666667,3.25
1966,360470185011,o_360470185011,1303.260629,1133.791,0,20.03333333,19.21666667,3.45
1967,360470185012,o_360470185012,1310.427151,1009.119,0,18.58333333,17.13333333,2.483333333
1968,360470185013,o_360470185013,1180.637151,879.329,0,16.41666667,14.96666667,4.65
1969,360470185014,o_360470185014,1440.844098,1103.368,0,20.66666667,18.68333333,2.5
1970,360470186001,o_360470186001,3255.78657,1370.927,0,28.25,23.25,5.233333333
1971,360470186002,o_360470186002,3916.08004,1512.683,0,32.23333333,25.73333333,2.883333333
1972,360470187001,o_360470187001,1234.065629,1064.596,0,18.78333333,17.96666667,4.7
1973,360470188001,o_360470188001,4307.313132,840.871,1,30.16666667,14.16666667,5.1
1974,360470188002,o_360470188002,4309.826132,843.384,1,30.21666667,14.21666667,5.05
1975,360470190001,o_360470190001,2188.749848,1649.801,0,29.51666667,28.01666667,3.966666667
1976,360470190002,o_360470190002,3204.88304,801.486,0,20.16666667,13.66666667,2.45
1977,360470190003,o_360470190003,3253.70904,850.312,0,21.01666667,14.51666667,1.6
1978,360470191001,o_360470191001,2179.359056,797.169,0,20.28333333,13.41666667,2.033333333
1979,360470191002,o_360470191002,1630.217479,1000.003,0,19.7,16.9,2.616666667
1980,360470191003,o_360470191003,1383.655927,1212.649,0,21.3,20.55,1.016666667
1981,360470192001,o_360470192001,1963.425318,905.939,0,18.4,15.4,4.216666667
1982,360470192002,o_360470192002,2025.693318,968.207,0,19.48333333,16.48333333,3.133333333
1983,360470192003,o_360470192003,2489.206299,867.846,0,19.28333333,14.78333333,3.333333333
1984,360470192004,o_360470192004,2241.520299,620.16,0,15.1,10.6,7.516666667
1985,360470193001,o_360470193001,1581.112479,950.898,0,19.23333333,16.43333333,3.083333333
1986,360470193002,o_360470193002,2217.165702,909.243,0,18.38333333,15.38333333,3.15
1987,360470193003,o_360470193003,1798.594962,1069.265,0,19.85,18.35,1.766666667
1988,360470193004,o_360470193004,2051.709702,743.787,0,15.61666667,12.61666667,2.7
1989,360470194001,o_360470194001,2447.837299,826.477,0,18.61666667,14.11666667,4.083333333
1990,360470194002,o_360470194002,2064.822848,1525.874,0,27.6,26.1,2.666666667
1991,360470194003,o_360470194003,1986.677848,1447.729,0,26.13333333,24.63333333,4.133333333
1992,360470195001,o_360470195001,1719.459962,990.13,0,18.21666667,16.71666667,3.4
1993,360470195002,o_360470195002,1637.889962,908.56,0,16.85,15.35,1.466666667
1994,360470195003,o_360470195003,1631.514962,902.185,0,16.75,15.25,1.566666667
1995,360470195004,o_360470195004,1451.963096,1387.404,0,23.93333333,23.48333333,2
1996,360470196001,o_360470196001,2358.478829,1255.656,0,24.35,21.35,5.916666667
1997,360470196002,o_360470196002,3611.31104,1207.914,0,26.98333333,20.48333333,4.916666667
1998,360470196003,o_360470196003,3114.082299,1492.722,0,29.86666667,25.36666667,2.033333333
1999,360470197001,o_360470197001,1348.465962,619.136,0,12.01666667,10.51666667,6.3
2000,360470197002,o_360470197002,1469.559962,740.23,0,14.08333333,12.58333333,4.233333333
2001,360470197003,o_360470197003,1340.430962,611.101,0,11.91666667,10.41666667,6.4
2002,360470197004,o_360470197004,1448.794962,719.465,0,13.7,12.2,4.616666667
2003,360470198001,o_360470198001,3740.75704,1337.36,0,29.18333333,22.68333333,2.716666667
2004,360470198002,o_360470198002,3295.870872,2118.212,0,41.75,36.13333333,1.2
2005,360470199001,o_360470199001,3322.727879,707.213,1,16.98333333,11.98333333,2.833333333
2006,360470199002,o_360470199002,3174.269879,558.755,1,14.48333333,9.483333333,5.333333333
2007,360470199003,o_360470199003,3264.269879,648.755,1,15.98333333,10.98333333,3.833333333
2008,360470199004,o_360470199004,1629.122962,899.793,0,16.8,15.3,1.516666667
2009,360470200001,o_360470200001,4041.365639,663.047,2,28.41666667,11.23333333,6.833333333
2010,360470200002,o_360470200002,3310.378944,1959.908,0,39.9,33.4,3.05
2011,360470201001,o_360470201001,1866.676548,1023.766,0,21.83333333,17.45,2.016666667
2012,360470201002,o_360470201002,2019.826784,1702.295,0,30.81666667,29.15,1.266666667
2013,360470201003,o_360470201003,1777.044163,1533.3,0,26.95,26.03333333,4.65
2014,360470201004,o_360470201004,1641.953962,912.624,0,16.96666667,15.46666667,1.35
2015,360470202001,o_360470202001,3795.590128,700.026,2,28.01666667,11.85,7.233333333
2016,360470202002,o_360470202002,3827.652128,732.088,2,28.58333333,12.41666667,6.666666667
2017,360470203001,o_360470203001,2521.637856,1064.554,1,22.71666667,18,5.6
2018,360470203002,o_360470203002,2279.269072,1139.717,1,22.36666667,19.31666667,5.95
2019,360470204001,o_360470204001,2550.987545,1575.197,0,31.28333333,26.7,1.733333333
2020,360470204002,o_360470204002,3602.982464,849.523,1,29.23333333,14.35,6.016666667
2021,360470205001,o_360470205001,2589.842856,1132.759,1,23.88333333,19.16666667,4.433333333
2022,360470205002,o_360470205002,2134.912271,2002.122,0,34.56666667,33.95,5.7
2023,360470205003,o_360470205003,2033.724271,1900.934,0,32.85,32.23333333,7.416666667
2024,360470206001,o_360470206001,2186.408336,1691.217,0,31.16666667,28.83333333,1.85
2025,360470206002,o_360470206002,4168.456646,1289.814,1,33.16666667,21.75,4.15
2026,360470207001,o_360470207001,2022.236271,1889.446,0,32.63333333,32.01666667,7.633333333
2027,360470207002,o_360470207002,1935.403203,1687.993,0,29.93333333,28.7,1.216666667
2028,360470207003,o_360470207003,1977.089015,495.971,0,15.93333333,8.466666667,1.15
2029,360470208001,o_360470208001,2566.235617,2329.247,0,40.81666667,39.76666667,3.366666667
2030,360470208002,o_360470208002,2296.974087,1674.068,0,31.33333333,28.4,1.683333333
2031,360470208003,o_360470208003,1894.689859,1734.71,0,30.33333333,29.58333333,2.683333333
2032,360470210001,o_360470210001,2091.143997,1757.927,0,31.36666667,29.8,1.65
2033,360470210002,o_360470210002,1821.356859,1661.377,0,28.95,28.2,4.066666667
2034,360470210003,o_360470210003,1772.672859,1612.693,0,28.21666667,27.46666667,4.8
2035,360470211001,o_360470211001,1656.837846,1331.263,0,24.2,22.55,1.6
2036,360470211002,o_360470211002,1573.720881,1318.291,0,23.58333333,22.4,5.15
2037,360470211003,o_360470211003,1784.217881,1528.788,0,27.23333333,26.05,1.5
2038,360470212001,o_360470212001,1588.660859,1428.681,0,25.03333333,24.28333333,7.983333333
2039,360470212002,o_360470212002,1895.152859,1735.173,0,30.16666667,29.41666667,2.85
2040,360470212003,o_360470212003,1570.478859,1410.499,0,24.73333333,23.98333333,8.283333333
2041,360470213001,o_360470213001,2724.270897,1050.526,1,24.05,17.83333333,8.033333333
2042,360470213002,o_360470213002,2887.091897,1213.347,1,26.73333333,20.51666667,5.35
2043,360470213003,o_360470213003,4044.158613,1152.93,1,26.83333333,19.61666667,5.25
2044,360470214001,o_360470214001,1527.804972,1240.717,0,22.28333333,21.2,2.1
2045,360470214002,o_360470214002,1466.828972,1179.741,0,21.2,20.11666667,3.183333333
2046,360470214003,o_360470214003,1408.918972,1121.831,0,20.2,19.11666667,4.183333333
2047,360470215001,o_360470215001,2209.667967,1570.564,0,29.63333333,26.45,1.45
2048,360470215002,o_360470215002,2095.33911,1583.94,0,29.41666667,26.83333333,1.666666667
2049,360470215003,o_360470215003,2128.974271,1996.184,0,34.4,33.78333333,5.866666667
2050,360470215004,o_360470215004,2128.314789,1420.408,0,25.58333333,24.08333333,4.866666667
2051,360470216001,o_360470216001,1882.275318,824.789,0,17,14,2.4
2052,360470216002,o_360470216002,1252.754464,1019.868,0,18.6,17.33333333,7.9
2053,360470216003,o_360470216003,1439.650464,1206.764,0,21.68333333,20.41666667,4.816666667
2054,360470217001,o_360470217001,2996.463897,1322.719,1,28.6,22.38333333,3.483333333
2055,360470217002,o_360470217002,5371.061911,1323.509,1,31.38333333,22.38333333,5.766666667
2056,360470218001,o_360470218001,1547.73347,1029.196,0,19.03333333,17.53333333,3.55
2057,360470218002,o_360470218002,1533.54247,1015.005,0,18.73333333,17.23333333,3.85
2058,360470218003,o_360470218003,1315.028528,1131.049,0,20.25,19.2,6.3
2059,360470219001,o_360470219001,2035.414094,1836.798,0,32.15,31.06666667,1.65
2060,360470219002,o_360470219002,2213.291262,1717.67,0,31.8,29.1,2
2061,360470219003,o_360470219003,3013.084276,921.799,0,21.6,15.6,5.25
2062,360470220001,o_360470220001,859.5502436,628.154,0,11.93333333,10.65,2.533333333
2063,360470220002,o_360470220002,687.6624636,454.776,0,9.066666667,7.8,2.616666667
2064,360470220003,o_360470220003,705.1098802,568.096,0,10.46666667,9.616666667,1.1
2065,360470220004,o_360470220004,622.0794636,389.193,0,7.85,6.583333333,3.833333333
2066,360470221001,o_360470221001,2141.175141,1987.724,0,34.4,33.51666667,3.9
2067,360470221002,o_360470221002,1946.731141,1793.28,0,31.15,30.26666667,7.15
2068,360470221003,o_360470221003,1962.960094,1764.344,0,30.9,29.81666667,2.9
2069,360470222001,o_360470222001,1524.28447,1005.747,0,18.6,17.1,3.983333333
2070,360470222002,o_360470222002,645.8244636,412.938,0,8.283333333,7.016666667,3.4
2071,360470222003,o_360470222003,1941.19895,1249.742,0,23.35,21.35,1.583333333
2072,360470224001,o_360470224001,2273.163197,1135.334,1,23.53333333,19.3,5.05
2073,360470224002,o_360470224002,1521.06847,1002.531,0,17.98333333,16.98333333,1.966666667
2074,360470224003,o_360470224003,1900.97695,1209.52,0,22.68333333,20.68333333,2.25
2075,360470224004,o_360470224004,1464.82047,946.283,0,17.1,16.1,2.85
2076,360470226001,o_360470226001,2327.972211,972.532,1,21.85,16.51666667,6.733333333
2077,360470226002,o_360470226002,1973.87295,1282.416,0,23.68333333,21.68333333,3.9
2078,360470227001,o_360470227001,1976.135272,685.361,0,19.5,11.58333333,2.716666667
2079,360470227002,o_360470227002,2012.902272,722.128,0,20.13333333,12.21666667,2.083333333
2080,360470227003,o_360470227003,2181.538343,674.058,0,20.78333333,11.38333333,1.433333333
2081,360470227004,o_360470227004,2353.028962,1623.699,0,28.93333333,27.43333333,1.566666667
2082,360470228001,o_360470228001,2159.405856,1450.427,0,28.53333333,24.63333333,1.15
2083,360470228002,o_360470228002,2210.58987,1495.739,0,29.36666667,25.38333333,3.1
2084,360470228003,o_360470228003,1973.691244,1742.295,0,30.78333333,29.5,1.683333333
2085,360470229001,o_360470229001,3506.249132,657.503,1,25.88333333,11.1,4.15
2086,360470229002,o_360470229002,2461.433691,1697.145,0,32.65,28.85,1.95
2087,360470229003,o_360470229003,2104.316056,722.126,0,19.08333333,12.21666667,3.2
2088,360470229004,o_360470229004,2385.653809,1009.305,0,24.33333333,17.18333333,2.7
2089,360470230001,o_360470230001,1947.592244,1716.196,0,30.3,29.01666667,2.166666667
2090,360470230002,o_360470230002,1734.612244,1503.216,0,26.76666667,25.48333333,5.7
2091,360470230003,o_360470230003,2351.370211,995.93,1,22.21666667,16.88333333,6.366666667
2092,360470231001,o_360470231001,1717.426962,988.097,0,18.25,16.75,3.25
2093,360470231002,o_360470231002,2092.138056,709.948,0,19,12.13333333,3.283333333
2094,360470231003,o_360470231003,2038.171548,1195.261,0,24.7,20.31666667,2.333333333
2095,360470232001,o_360470232001,1711.098244,1479.702,0,26.26666667,24.98333333,6.2
2096,360470232002,o_360470232002,1914.937498,1678.276,0,29.65,28.41666667,1.2
2097,360470232003,o_360470232003,1921.482498,1684.821,0,29.73333333,28.5,1.116666667
2098,360470232004,o_360470232004,2591.810458,1006.723,1,23.6,17.11666667,4.983333333
2099,360470232005,o_360470232005,1917.938498,1681.277,0,29.68333333,28.45,1.166666667
2100,360470233001,o_360470233001,2070.699702,762.777,0,15.93333333,12.93333333,5.566666667
2101,360470233002,o_360470233002,1963.657702,655.735,0,14.15,11.15,7.35
2102,360470233003,o_360470233003,2632.602592,1315.144,0,29.35,22.31666667,1.733333333
2103,360470234001,o_360470234001,1991.25651,1746.598,0,31.13333333,29.58333333,1.783333333
2104,360470234002,o_360470234002,1912.43151,1667.773,0,29.78333333,28.23333333,3.133333333
2105,360470234003,o_360470234003,1833.42651,1588.768,0,28.41666667,26.86666667,4.5
2106,360470235001,o_360470235001,2938.538035,1404.382,0,26.65,23.65,1.95
2107,360470235002,o_360470235002,2384.992992,1732.345,0,30.86666667,29.36666667,5.233333333
2108,360470236001,o_360470236001,1552.127244,1320.731,0,23.56666667,22.28333333,8.9
2109,360470236002,o_360470236002,1634.47647,1115.939,0,20.45,18.95,2.133333333
2110,360470236003,o_360470236003,1514.140644,1291.359,0,23.26666667,21.86666667,4.05
2111,360470236004,o_360470236004,1037.748393,561.656,0,12.2,9.566666667,2.266666667
2112,360470238001,o_360470238001,1759.753244,1528.357,0,27.11666667,25.83333333,5.35
2113,360470238002,o_360470238002,2056.497318,999.011,0,19.93333333,16.93333333,2.65
2114,360470238003,o_360470238003,1656.24047,1137.703,0,20.86666667,19.36666667,1.716666667
2115,360470240001,o_360470240001,1862.822244,1631.426,0,28.93333333,27.65,3.533333333
2116,360470240002,o_360470240002,1935.502318,878.016,0,17.93333333,14.93333333,4.65
2117,360470240003,o_360470240003,1882.101318,824.615,0,17.01666667,14.01666667,5.566666667
2118,360470241001,o_360470241001,1925.286259,1669.134,0,29.5,28.18333333,4.1
2119,360470241002,o_360470241002,2383.440778,1383.613,0,28.61666667,23.5,2.466666667
2120,360470242001,o_360470242001,2396.70797,1406.417,0,27.55,23.81666667,3.716666667
2121,360470242002,o_360470242002,2137.204318,1079.718,0,21.33333333,18.33333333,1.25
2122,360470243001,o_360470243001,2365.493778,1365.666,0,28.31666667,23.2,2.766666667
2123,360470243002,o_360470243002,3333.723795,811.651,1,26.75,13.68333333,3.283333333
2124,360470243003,o_360470243003,2161.743905,1664.375,0,30.73333333,28.11666667,3.75
2125,360470244001,o_360470244001,3204.454744,2498.266,0,44.83333333,42.18333333,1.433333333
2126,360470244002,o_360470244002,3033.035491,752.295,1,25.08333333,12.78333333,8.383333333
2127,360470244003,o_360470244003,2905.378376,1456.803,0,30.08333333,24.63333333,1.183333333
2128,360470245001,o_360470245001,1997.174821,1754.211,0,30.86666667,29.6,3.616666667
2129,360470245002,o_360470245002,1859.502892,877.479,0,20.68333333,14.86666667,1.533333333
2130,360470245003,o_360470245003,1735.584892,753.561,0,18.6,12.78333333,3.616666667
2131,360470245004,o_360470245004,1595.898598,1037.05,0,20.86666667,17.55,1.35
2132,360470246001,o_360470246001,3714.016376,2265.441,0,43.76666667,38.31666667,2.5
2133,360470246002,o_360470246002,3646.744698,2389.479,0,45.08333333,40.35,1.183333333
2134,360470246003,o_360470246003,3481.279698,2224.014,0,42.3,37.56666667,3.966666667
2135,360470247001,o_360470247001,1260.550771,1098.11,0,19.56666667,18.6,1.666666667
2136,360470247002,o_360470247002,1677.651293,991.71,0,20.78333333,16.71666667,1.433333333
2137,360470248001,o_360470248001,3248.165299,1626.805,0,31.91666667,27.41666667,3.166666667
2138,360470248002,o_360470248002,2847.430318,1789.944,0,33.28333333,30.28333333,1.8
2139,360470249001,o_360470249001,1702.579821,1459.616,0,25.91666667,24.65,8.583333333
2140,360470249002,o_360470249002,1631.985293,946.044,0,20.13333333,16.06666667,2.1
2141,360470249003,o_360470249003,1467.812598,908.964,0,18.73333333,15.41666667,3.5
2142,360470249004,o_360470249004,1252.521134,1129.597,0,19.8,19.15,1.6
2143,360470250001,o_360470250001,2491.994299,870.634,0,19.3,14.8,3.3
2144,360470250002,o_360470250002,2131.675848,1592.727,0,28.56666667,27.06666667,4.9
2145,360470251001,o_360470251001,2463.544285,838.454,1,22.51666667,14.16666667,7.533333333
2146,360470251002,o_360470251002,2642.207445,775.427,1,22.63333333,13.05,7.416666667
2147,360470251003,o_360470251003,2850.687192,580.511,1,22.55,9.9,3.366666667
2148,360470252001,o_360470252001,3364.83097,2374.54,0,43.88333333,40.15,2.4
2149,360470252002,o_360470252002,3200.884299,1579.524,0,31.26666667,26.76666667,3.833333333
2150,360470252003,o_360470252003,2952.368299,1331.008,0,27.06666667,22.56666667,8.033333333
2151,360470252004,o_360470252004,2995.352299,1373.992,0,27.73333333,23.23333333,7.366666667
2152,360470253001,o_360470253001,1963.333605,387.495,1,15.56666667,6.533333333,5.483333333
2153,360470253002,o_360470253002,1589.467259,1333.315,0,23.71666667,22.4,9.9
2154,360470253003,o_360470253003,2328.716145,1366.522,0,28.01666667,23.06666667,1.033333333
2155,360470254001,o_360470254001,4034.163427,2119.031,0,43.03333333,35.83333333,3.25
2156,360470254002,o_360470254002,3713.327376,2264.752,0,43.75,38.3,2.533333333
2157,360470254003,o_360470254003,3558.552698,2301.287,0,43.66666667,38.93333333,2.616666667
2158,360470255001,o_360470255001,1587.875627,1287.755,0,23.48333333,21.8,5.35
2159,360470255002,o_360470255002,2221.452325,1586.235,0,27.88333333,26.88333333,5.2
2160,360470256001,o_360470256001,4175.576485,2014.978,0,42.28333333,34.16666667,4
2161,360470256002,o_360470256002,3759.924376,2311.349,0,44.63333333,39.18333333,1.65
2162,360470257001,o_360470257001,1230.839121,986.259,0,18.23333333,16.73333333,1.216666667
2163,360470257002,o_360470257002,1005.895898,741.118,0,13.85,12.56666667,2.2
2164,360470257003,o_360470257003,828.1882897,712.631,0,12.68333333,12.03333333,6.683333333
2165,360470258001,o_360470258001,4769.92721,1637.665,1,40.4,27.75,6.883333333
2166,360470258002,o_360470258002,4181.73704,1778.34,0,36.51666667,30.01666667,10.58333333
2167,360470258003,o_360470258003,3944.94304,1541.546,0,32.53333333,26.03333333,2.566666667
2168,360470259011,o_360470259011,1506.437285,952.569,0,18.98333333,16.13333333,1.066666667
2169,360470259021,o_360470259021,1107.846012,843.07,0,15.61666667,14.25,4.433333333
2170,360470260001,o_360470260001,3871.11504,1467.718,0,31.35,24.85,3.75
2171,360470260002,o_360470260002,3658.74904,1255.352,0,27.73333333,21.23333333,7.366666667
2172,360470260003,o_360470260003,3350.715299,1729.355,0,33.86666667,29.36666667,1.233333333
2173,360470261001,o_360470261001,1558.728924,831.846,0,17.73333333,13.98333333,2.316666667
2174,360470261002,o_360470261002,1712.365696,822.696,0,18.43333333,13.85,1.616666667
2175,360470261003,o_360470261003,1515.920613,852.835,0,18.3,14.43333333,1.15
2176,360470261004,o_360470261004,1514.640613,851.555,0,18.25,14.38333333,1.2
2177,360470261005,o_360470261005,1351.432379,850.7,0,17.31666667,14.36666667,2.133333333
2178,360470262001,o_360470262001,3230.69304,827.296,0,20.63333333,14.13333333,1.966666667
2179,360470262002,o_360470262002,3149.69604,746.299,0,19.2,12.7,3.4
2180,360470263001,o_360470263001,1730.204359,1488.299,0,26.48333333,25.25,4.616666667
2181,360470264001,o_360470264001,3492.93304,1089.536,0,24.98333333,18.48333333,10.11666667
2182,360470264002,o_360470264002,3602.67804,1199.281,0,26.88333333,20.38333333,8.216666667
2183,360470264003,o_360470264003,3143.45757,1258.598,0,26.4,21.4,7.066666667
2184,360470264004,o_360470264004,2863.23457,978.375,0,21.65,16.65,11.81666667
2185,360470265001,o_360470265001,2594.069759,573.825,1,21.15,9.816666667,4.766666667
2186,360470265002,o_360470265002,1669.414642,787.407,1,17.83333333,13.35,4.566666667
2187,360470265003,o_360470265003,1654.485642,772.478,1,17.56666667,13.08333333,4.833333333
2188,360470265004,o_360470265004,1504.682557,877.08,1,18.01666667,14.88333333,4.383333333
2189,360470266001,o_360470266001,4367.26304,1963.866,0,39.66666667,33.16666667,7.433333333
2190,360470266002,o_360470266002,4040.254299,2418.894,0,45.53333333,41.03333333,1.566666667
2191,360470266003,o_360470266003,3837.31804,1433.921,0,30.8,24.3,4.3
2192,360470267001,o_360470267001,1422.470557,794.868,1,16.61666667,13.48333333,5.783333333
2193,360470267002,o_360470267002,1340.937737,956.299,1,18.11666667,16.25,4.283333333
2194,360470267003,o_360470267003,1210.747134,1087.823,0,19.13333333,18.48333333,2.266666667
2195,360470267004,o_360470267004,1128.384134,1005.46,0,17.73333333,17.08333333,3.666666667
2196,360470268001,o_360470268001,6333.588583,742.538,1,29.25,12.61666667,6.85
2197,360470268002,o_360470268002,4506.84104,2103.444,0,42.13333333,35.63333333,4.966666667
2198,360470268003,o_360470268003,4557.711875,1462.523,0,32.78333333,24.78333333,2.316666667
2199,360470268004,o_360470268004,4298.13404,1894.737,0,38.55,32.05,8.55
2200,360470269001,o_360470269001,1279.143771,1116.703,0,19.91666667,18.95,1.333333333
2201,360470269002,o_360470269002,984.6611909,888.31,0,15.75,15.16666667,1.816666667
2202,360470269003,o_360470269003,1078.905134,955.981,0,16.86666667,16.21666667,4.533333333
2203,360470270001,o_360470270001,3623.319592,1444.159,0,34.46666667,24.6,2.333333333
2204,360470270002,o_360470270002,3819.586347,1429.638,0,35.1,24.25,1.683333333
2205,360470271001,o_360470271001,1015.391111,658.836,0,13.3,11.26666667,1.6
2206,360470271002,o_360470271002,820.4620442,618.496,0,11.45,10.43333333,8.733333333
2207,360470272001,o_360470272001,6245.780501,869.695,1,30.26666667,14.76666667,5.816666667
2208,360470272002,o_360470272002,4500.524875,1405.336,0,31.75,23.75,3.333333333
2209,360470272003,o_360470272003,4531.258875,1436.07,0,32.28333333,24.28333333,2.8
2210,360470273001,o_360470273001,1299.286437,369.153,0,11.61666667,6.316666667,3.283333333
2211,360470273002,o_360470273002,1179.016348,614.293,0,13.66666667,10.46666667,1.233333333
2212,360470273003,o_360470273003,1120.688348,555.965,0,12.68333333,9.483333333,2.216666667
2213,360470274001,o_360470274001,4263.418875,1168.23,0,27.76666667,19.76666667,7.316666667
2214,360470274002,o_360470274002,3960.80004,1557.403,0,32.95,26.45,2.133333333
2215,360470275001,o_360470275001,1123.064699,959.099,0,17.31666667,16.36666667,9.716666667
2216,360470275002,o_360470275002,1620.037455,404.552,0,13.88333333,6.95,1.016666667
2217,360470275003,o_360470275003,1472.082258,372.62,0,12.65,6.383333333,2.25
2218,360470275004,o_360470275004,1381.689437,451.556,0,13.01666667,7.716666667,1.883333333
2219,360470276001,o_360470276001,3801.058875,705.87,0,20,12,2.583333333
2220,360470276002,o_360470276002,4027.86704,1624.47,0,34.06666667,27.56666667,1.016666667
2221,360470276003,o_360470276003,4051.982875,956.794,0,24.25,16.25,10.83333333
2222,360470277001,o_360470277001,2046.856258,947.394,0,22.38333333,16.11666667,2.516666667
2223,360470277002,o_360470277002,1862.051742,1167.317,0,23.8,19.81666667,1.1
2224,360470277003,o_360470277003,1858.705742,1163.971,0,23.75,19.76666667,1.15
2225,360470277004,o_360470277004,2024.807258,925.345,0,22.16666667,15.9,2.733333333
2226,360470278001,o_360470278001,3794.952405,1218.301,0,27.15,20.65,6.3
2227,360470278002,o_360470278002,4595.530875,1500.342,0,33.51666667,25.51666667,1.566666667
2228,360470279001,o_360470279001,1559.013924,832.131,0,17.83333333,14.08333333,2.2
2229,360470279002,o_360470279002,1643.384696,753.715,0,17.35,12.76666667,2.683333333
2230,360470279003,o_360470279003,1715.781696,826.112,0,18.65,14.06666667,1.383333333
2231,360470279004,o_360470279004,2048.273258,948.811,0,22.41666667,16.15,2.483333333
2232,360470280001,o_360470280001,5247.326875,2152.138,0,44.46666667,36.46666667,2.616666667
2233,360470280002,o_360470280002,4926.975821,1204.592,0,29.95,20.45,5.133333333
2234,360470281001,o_360470281001,1156.998833,267.329,0,9.083333333,4.5,1.95
2235,360470281002,o_360470281002,1446.436549,1281.509,0,22.7,21.75,4.083333333
2236,360470281003,o_360470281003,1473.892285,920.024,0,18.38333333,15.53333333,1.65
2237,360470282001,o_360470282001,4988.127815,1551.395,1,35.41666667,26.15,15.26666667
2238,360470282002,o_360470282002,5049.885821,1327.502,0,31.98333333,22.48333333,3.1
2239,360470282003,o_360470282003,5171.932821,1449.549,0,34.06666667,24.56666667,1.016666667
2240,360470283001,o_360470283001,923.2868977,658.509,0,12.48333333,11.2,3.55
2241,360470283002,o_360470283002,1010.592898,745.815,0,13.9,12.61666667,2.133333333
2242,360470283003,o_360470283003,1189.661121,945.081,0,17.46666667,15.96666667,1.966666667
2243,360470284001,o_360470284001,4488.147875,1392.959,0,31.6,23.6,3.483333333
2244,360470284002,o_360470284002,4628.340875,1533.152,0,34.03333333,26.03333333,1.05
2245,360470284003,o_360470284003,4755.288821,1032.905,0,27.05,17.55,8.033333333
2246,360470285011,o_360470285011,678.6222616,413.846,0,8.35,6.983333333,2.683333333
2247,360470285021,o_360470285021,762.4248977,497.647,0,9.666666667,8.383333333,6.366666667
2248,360470286001,o_360470286001,5553.096674,1913.319,1,46.08333333,32.26666667,7.366666667
2249,360470286002,o_360470286002,5907.030736,832.785,1,28.65,14.08333333,14.28333333
2250,360470286003,o_360470286003,5876.071736,801.826,1,28.08333333,13.51666667,14.85
2251,360470286004,o_360470286004,5948.065736,873.82,1,29.33333333,14.76666667,13.6
2252,360470286005,o_360470286005,6141.186736,1066.941,1,32.58333333,18.01666667,10.35
2253,360470287001,o_360470287001,856.2410213,302.373,0,7.95,5.1,3.083333333
2254,360470287002,o_360470287002,1041.897898,777.12,0,14.51666667,13.23333333,1.516666667
2255,360470287003,o_360470287003,1095.066704,605.404,0,12.65,10.28333333,3.383333333
2256,360470288001,o_360470288001,5000.025821,1277.642,0,31.13333333,21.63333333,3.95
2257,360470288002,o_360470288002,4302.507351,1098.661,0,26.55,18.55,6.9
2258,360470288003,o_360470288003,4076.250222,524.927,1,28.05,8.95,6.583333333
2259,360470289001,o_360470289001,1503.423494,422.033,0,12.81666667,7.166666667,3.216666667
2260,360470289002,o_360470289002,1238.675231,883.26,0,17.01666667,15,1.116666667
2261,360470289003,o_360470289003,1270.089128,649.896,0,14.01666667,11.01666667,2.016666667
2262,360470289004,o_360470289004,1174.638704,684.976,0,13.98333333,11.61666667,2.05
2263,360470290001,o_360470290001,3715.598347,1325.65,0,33.35,22.5,3.433333333
2264,360470290002,o_360470290002,3649.110633,1218.122,0,31.6,20.6,2.033333333
2265,360470290003,o_360470290003,3800.977073,492.647,1,26.05,8.4,8.583333333
2266,360470291001,o_360470291001,1595.140924,868.258,0,18.36666667,14.61666667,1.666666667
2267,360470291002,o_360470291002,1996.490938,1699.88,0,30.46666667,29,5.35
2268,360470291003,o_360470291003,2842.299647,682.666,1,23.41666667,11.58333333,4.116666667
2269,360470292001,o_360470292001,4236.272102,1353.674,0,37.93333333,22.9,1.016666667
2270,360470292002,o_360470292002,5657.6587,990.613,1,30.55,16.75,12.38333333
2271,360470292003,o_360470292003,5672.9217,1005.876,1,30.81666667,17.01666667,12.11666667
2272,360470293001,o_360470293001,2827.763647,668.13,1,23.11666667,11.28333333,4.416666667
2273,360470293002,o_360470293002,2678.322556,761.644,1,23.46666667,12.88333333,4.066666667
2274,360470293003,o_360470293003,2293.336154,913.885,0,23.36666667,15.48333333,1.533333333
2275,360470293004,o_360470293004,2210.708455,995.223,0,23.8,16.86666667,1.1
2276,360470294001,o_360470294001,5756.8657,1089.82,1,32.21666667,18.41666667,10.71666667
2277,360470295001,o_360470295001,1653.961495,1492.213,0,26.1,25.26666667,3.683333333
2278,360470295002,o_360470295002,1414.872288,1294.702,0,22.53333333,21.91666667,1.016666667
2279,360470295003,o_360470295003,1165.947288,1045.777,0,18.36666667,17.75,5.183333333
2280,360470295004,o_360470295004,1329.030288,1208.86,0,21.2,20.58333333,2.35
2281,360470296001,o_360470296001,3553.732274,1009.693,0,28.73333333,17.16666667,1.483333333
2282,360470296002,o_360470296002,3614.448895,690.186,1,23.15,11.78333333,8.066666667
2283,360470296003,o_360470296003,3583.397711,1426.255,0,35.75,24.2,1.883333333
2284,360470296004,o_360470296004,4028.070214,668.637,0,29.2,11.3,3.183333333
2285,360470297001,o_360470297001,1767.311842,1440.112,0,26.21666667,24.26666667,2.2
2286,360470297002,o_360470297002,1003.518222,849.604,0,15.28333333,14.46666667,1.9
2287,360470297003,o_360470297003,1030.99851,869.25,0,15.6,14.76666667,5.183333333
2288,360470298001,o_360470298001,3266.219592,1087.059,0,28.5,18.63333333,1.716666667
2289,360470298002,o_360470298002,2879.328561,726.461,0,22.18333333,12.45,4.883333333
2290,360470298003,o_360470298003,3159.743592,980.583,0,26.56666667,16.7,3.65
2291,360470299001,o_360470299001,2080.934184,1222.643,0,22.71666667,20.71666667,2.183333333
2292,360470299002,o_360470299002,1822.542415,841.164,0,18.8,14.3,2.466666667
2293,360470300001,o_360470300001,3346.21044,1607.22,0,36.5,27.38333333,1.133333333
2294,360470300002,o_360470300002,3102.83352,1201.794,0,29.2,20.6,1.016666667
2295,360470300003,o_360470300003,2947.015561,794.148,0,23.36666667,13.63333333,3.7
2296,360470300004,o_360470300004,2785.443323,963.091,0,24.75,16.51666667,2.316666667
2297,360470300005,o_360470300005,2675.620826,1020.286,0,24.91666667,17.43333333,2.15
2298,360470300006,o_360470300006,2524.437833,1069.389,0,24.86666667,18.28333333,2.2
2299,360470301001,o_360470301001,3016.638223,1613.762,0,32.85,27.36666667,5.083333333
2300,360470301002,o_360470301002,2807.265943,1106.474,0,22.71666667,18.71666667,2.183333333
2301,360470301003,o_360470301003,2462.684943,761.893,0,16.93333333,12.93333333,7.966666667
2302,360470302001,o_360470302001,3514.320711,1357.178,0,34.43333333,22.88333333,3.2
2303,360470302002,o_360470302002,3246.554592,1067.394,0,28.01666667,18.15,2.2
2304,360470302003,o_360470302003,2787.917282,1217.393,0,27.8,20.7,2.416666667
2305,360470303001,o_360470303001,2516.886801,1906.996,0,34.71666667,32.33333333,3.216666667
2306,360470303002,o_360470303002,2217.724804,820.236,0,20.86666667,13.86666667,1.75
2307,360470303003,o_360470303003,2013.947466,1543.571,0,28.48333333,26.11666667,1.816666667
2308,360470304001,o_360470304001,4074.54383,1610.098,0,40,27.4,2.383333333
2309,360470304002,o_360470304002,3980.709194,854.984,0,30.91666667,14.41666667,1.466666667
2310,360470304003,o_360470304003,4094.07599,743.483,1,26.53333333,12.73333333,4.683333333
2311,360470305001,o_360470305001,2315.801184,893.3,0,22.16666667,15.1,2.183333333
2312,360470305002,o_360470305002,2393.939008,785.16,0,21.28333333,13.28333333,3.066666667
2313,360470305003,o_360470305003,3200.378126,808.371,1,24.76666667,13.73333333,3.933333333
2314,360470305004,o_360470305004,7953.298395,599.183,1,29.68333333,10.21666667,4.966666667
2315,360470306001,o_360470306001,2710.098785,1306.592,0,28.6,22.25,1.616666667
2316,360470307001,o_360470307001,1584.968007,836.982,0,17.61666667,14.16666667,3.65
2317,360470307002,o_360470307002,1824.025415,842.647,0,18.76666667,14.26666667,2.5
2318,360470307003,o_360470307003,1565.482798,1046.482,0,20.13333333,17.71666667,1.133333333
2319,360470308001,o_360470308001,3148.623124,2465.214,0,44.28333333,41.45,1.6
2320,360470309001,o_360470309001,886.6370442,684.671,0,12.56666667,11.55,1.05
2321,360470309002,o_360470309002,684.4602579,443.069,0,8.733333333,7.516666667,3.566666667
2322,360470311001,o_360470311001,830.2360442,628.27,0,11.65,10.63333333,1.966666667
2323,360470311002,o_360470311002,843.8594585,672.392,0,12.55,11.56666667,4.883333333
2324,360470311003,o_360470311003,593.9871909,497.636,0,9.033333333,8.45,1.95
2325,360470313001,o_360470313001,609.4671909,513.116,0,9.3,8.716666667,1.683333333
2326,360470313002,o_360470313002,985.4576525,800.37,0,14.63333333,13.58333333,3.7
2327,360470313003,o_360470313003,1498.452624,1410.461,0,24.51666667,23.91666667,1.483333333
2328,360470313004,o_360470313004,1429.799972,1144.386,0,21.38333333,19.33333333,1.566666667
2329,360470314011,o_360470314011,4370.441749,853.733,1,26.03333333,14.4,10.33333333
2330,360470314012,o_360470314012,4272.751749,756.043,1,24.38333333,12.75,11.98333333
2331,360470314013,o_360470314013,3378.495368,2423.482,0,46.08333333,41.1,2.016666667
2332,360470314014,o_360470314014,4267.862105,1600.511,0,40.85,27.1,1.533333333
2333,360470314015,o_360470314015,3298.60585,2436.096,0,44.66666667,41.1,1.216666667
2334,360470314016,o_360470314016,4159.100699,1104.968,1,29.98333333,18.63333333,6.383333333
2335,360470314021,o_360470314021,5263.331008,1145.866,2,37.53333333,19.35,6.85
2336,360470315001,o_360470315001,1444.760972,1159.347,0,21.66666667,19.61666667,1.283333333
2337,360470315002,o_360470315002,1960.145069,1710.224,0,30.08333333,28.85,3.883333333
2338,360470315003,o_360470315003,1723.781069,1473.86,0,26.13333333,24.9,7.833333333
2339,360470315004,o_360470315004,1744.903069,1494.982,0,26.5,25.26666667,7.466666667
2340,360470317011,o_360470317011,1983.397069,1733.476,0,30.48333333,29.25,3.483333333
2341,360470317012,o_360470317012,1612.968094,1414.352,0,25.01666667,23.93333333,2.333333333
2342,360470317013,o_360470317013,1641.799094,1443.183,0,25.46666667,24.38333333,1.883333333
2343,360470317021,o_360470317021,1665.291094,1466.675,0,25.95,24.86666667,1.4
2344,360470317022,o_360470317022,2027.930582,1056.998,1,23.11666667,17.88333333,5.233333333
2345,360470317023,o_360470317023,2013.077582,1042.145,1,22.86666667,17.63333333,5.483333333
2346,360470319001,o_360470319001,2137.028839,886.654,0,18.01666667,15.01666667,2.383333333
2347,360470319002,o_360470319002,2094.681839,844.307,0,17.28333333,14.28333333,3.116666667
2348,360470319003,o_360470319003,1749.640843,1071.338,0,19.61666667,18.11666667,7.783333333
2349,360470321001,o_360470321001,2136.975839,886.601,0,18.01666667,15.01666667,2.383333333
2350,360470321002,o_360470321002,2094.832839,844.458,0,17.28333333,14.28333333,3.116666667
2351,360470321003,o_360470321003,1789.957843,1111.655,0,20.31666667,18.81666667,7.083333333
2352,360470321004,o_360470321004,1677.037843,998.735,0,18.41666667,16.91666667,1.983333333
2353,360470323001,o_360470323001,2295.368839,1044.994,0,20.68333333,17.68333333,6.716666667
2354,360470323002,o_360470323002,2082.663843,1404.361,0,25.25,23.75,2.15
2355,360470323003,o_360470323003,1962.211441,1668.452,0,29.58333333,28.26666667,1.516666667
2356,360470325001,o_360470325001,2561.994839,1311.62,0,25.13333333,22.13333333,2.266666667
2357,360470325002,o_360470325002,2555.406839,1305.032,0,25.05,22.05,2.35
2358,360470325003,o_360470325003,2974.393077,1199.384,1,30.01666667,20.35,5.783333333
2359,360470326001,o_360470326001,2402.67885,1540.169,0,29.56666667,26,1.433333333
2360,360470326002,o_360470326002,3776.084291,1944.535,0,37.86666667,32.86666667,2.15
2361,360470326003,o_360470326003,3317.272677,1671.138,1,33.78333333,28.41666667,6.283333333
2362,360470326004,o_360470326004,3313.413391,1610.705,0,33.6,27.25,1.883333333
2363,360470326005,o_360470326005,3779.974291,1948.425,0,38.01666667,33.01666667,2
2364,360470327001,o_360470327001,1913.244441,1619.485,0,28.73333333,27.41666667,2.366666667
2365,360470327002,o_360470327002,2187.524843,1509.222,0,26.93333333,25.43333333,2.083333333
2366,360470327003,o_360470327003,3313.183505,1387.793,0,26.08333333,23.58333333,4.883333333
2367,360470328001,o_360470328001,3558.949751,1501.532,0,32.8,25.38333333,2.683333333
2368,360470328002,o_360470328002,3924.192022,1446.72,0,33.08333333,24.4,2.4
2369,360470328003,o_360470328003,4161.625265,1369.331,0,32.76666667,23.13333333,2.716666667
2370,360470328004,o_360470328004,4292.509788,1348.427,0,32.8,22.71666667,2.683333333
2371,360470329001,o_360470329001,1982.007843,1303.705,0,23.58333333,22.08333333,3.816666667
2372,360470329002,o_360470329002,1720.250843,1041.948,0,19.11666667,17.61666667,1.283333333
2373,360470329003,o_360470329003,1491.602843,813.3,0,15.26666667,13.76666667,5.133333333
2374,360470329004,o_360470329004,1492.635843,814.333,0,15.28333333,13.78333333,5.116666667
2375,360470330001,o_360470330001,4857.539416,1308.202,0,33.91666667,22.01666667,1.566666667
2376,360470330002,o_360470330002,4929.250962,1117.114,0,31.51666667,18.83333333,3.966666667
2377,360470330003,o_360470330003,4224.642265,1432.348,0,33.76666667,24.13333333,1.716666667
2378,360470331001,o_360470331001,1229.921271,1135.502,0,19.61666667,19.15,3.2
2379,360470331002,o_360470331002,1494.398657,1208.224,0,22.05,20.53333333,2.166666667
2380,360470331003,o_360470331003,1948.300843,1269.998,0,22.98333333,21.48333333,4.416666667
2381,360470333001,o_360470333001,1549.045827,1454.632,0,24.96666667,24.5,1.85
2382,360470333002,o_360470333002,1568.769827,1474.356,0,25.3,24.83333333,1.516666667
2383,360470333003,o_360470333003,2133.212843,1454.91,0,26.13333333,24.63333333,1.266666667
2384,360470335001,o_360470335001,1574.192827,1479.779,0,25.41666667,24.95,1.4
2385,360470335002,o_360470335002,1966.259959,1482.724,0,27.31666667,24.91666667,3.683333333
2386,360470335003,o_360470335003,1752.998262,1257.377,0,23.96666667,21.26666667,3.383333333
2387,360470336001,o_360470336001,4785.498416,1236.161,0,32.75,20.85,2.733333333
2388,360470336002,o_360470336002,13259.94977,1600.532,2,45.86666667,27.1,12.31666667
2389,360470336003,o_360470336003,11140.46831,3631.541,1,66.03333333,61.3,5.016666667
2390,360470336004,o_360470336004,5631.658931,2475.175,0,52.55,41.83333333,2.933333333
2391,360470336005,o_360470336005,11483.07517,3555.039,1,66.45,60.06666667,4.6
2392,360470337011,o_360470337011,1465.534094,1266.918,0,22.58333333,21.5,4.766666667
2393,360470337012,o_360470337012,1481.485094,1282.869,0,22.85,21.76666667,4.5
2394,360470337021,o_360470337021,1569.968094,1371.352,0,24.38333333,23.3,2.966666667
2395,360470337022,o_360470337022,1588.226094,1389.61,0,24.66666667,23.58333333,2.683333333
2396,360470339001,o_360470339001,1464.511786,1094.659,0,20.38333333,18.53333333,2.35
2397,360470339002,o_360470339002,1524.252582,1284.667,0,22.86666667,21.8,3.45
2398,360470339003,o_360470339003,1783.819745,1474.201,0,26.63333333,24.95,6.4
2399,360470339004,o_360470339004,1441.660094,1243.044,0,22.11666667,21.03333333,5.233333333
2400,360470340001,o_360470340001,3739.43931,2896.174,0,51.16666667,48.98333333,1.2
2401,360470340002,o_360470340002,7661.557156,1670.167,1,36.3,28.21666667,3.766666667
2402,360470341001,o_360470341001,1569.056602,1346.138,0,23.96666667,22.85,1.45
2403,360470341002,o_360470341002,1266.826094,1068.21,0,19.2,18.11666667,8.15
2404,360470341003,o_360470341003,1722.417063,1468.645,0,26.2,24.91666667,4.833333333
2405,360470342001,o_360470342001,7391.215495,1755.775,1,36.1,29.81666667,3.966666667
2406,360470342002,o_360470342002,3652.343751,1594.926,0,34.41666667,27,1.066666667
2407,360470342003,o_360470342003,3882.121022,1404.649,0,32.43333333,23.75,3.05
2408,360470342004,o_360470342004,4073.031764,1461.866,0,33.78333333,24.7,1.7
2409,360470343001,o_360470343001,975.2836525,790.196,0,14.48333333,13.43333333,3.966666667
2410,360470343002,o_360470343002,939.5096525,754.422,0,13.9,12.85,4.55
2411,360470343003,o_360470343003,936.4256525,751.338,0,13.88333333,12.83333333,4.566666667
2412,360470343004,o_360470343004,997.9447823,628.092,0,12.5,10.65,1.233333333
2413,360470345001,o_360470345001,1271.856543,994.247,0,18.13333333,16.8,3.25
2414,360470345002,o_360470345002,1108.042543,830.433,0,15.35,14.01666667,6.033333333
2415,360470347001,o_360470347001,1550.584798,1031.584,0,19.83333333,17.41666667,1.466666667
2416,360470347002,o_360470347002,1656.914007,908.928,0,18.85,15.4,2.45
2417,360470347003,o_360470347003,1909.92514,932.382,0,20.66666667,15.76666667,1.983333333
2418,360470348001,o_360470348001,2281.250124,1597.841,0,29.76666667,26.93333333,1.15
2419,360470348002,o_360470348002,2445.029979,1267.765,0,24.5,21.5,1.483333333
2420,360470349011,o_360470349011,1945.305516,1284.921,0,24.86666667,21.68333333,1.666666667
2421,360470349012,o_360470349012,1433.300302,869.768,0,17.43333333,14.73333333,2.3
2422,360470349021,o_360470349021,1230.331851,904.921,0,16.9,15.33333333,2.833333333
2423,360470349022,o_360470349022,1164.152827,1069.739,0,18.63333333,18.16666667,1.1
2424,360470349023,o_360470349023,994.0788269,899.665,0,15.71666667,15.25,4.016666667
2425,360470350001,o_360470350001,1844.34861,1602.917,0,28.11666667,27.13333333,2.8
2426,360470350002,o_360470350002,2461.433979,1284.169,0,24.76666667,21.76666667,1.216666667
2427,360470351011,o_360470351011,1769.947932,1021.39,0,21.15,17.4,1.5
2428,360470351021,o_360470351021,1213.632851,888.222,0,16.6,15.03333333,3.133333333
2429,360470351022,o_360470351022,1018.989827,924.576,0,16.13333333,15.66666667,3.6
2430,360470352001,o_360470352001,2645.961835,1475.119,0,29.76666667,24.91666667,1.15
2431,360470353011,o_360470353011,1449.110786,1079.258,0,20.16666667,18.31666667,2.483333333
2432,360470353012,o_360470353012,1877.723262,1382.102,0,26,23.3,1.266666667
2433,360470353021,o_360470353021,1247.954851,922.544,0,17.1,15.53333333,2.633333333
2434,360470353022,o_360470353022,1459.383302,895.851,0,17.83333333,15.13333333,1.9
2435,360470354001,o_360470354001,1139.470642,1002.498,0,17.53333333,16.91666667,3.316666667
2436,360470354002,o_360470354002,1446.488642,1309.516,0,22.78333333,22.16666667,4.066666667
2437,360470354003,o_360470354003,1958.81889,1423.791,0,26.53333333,24.16666667,1.983333333
2438,360470355001,o_360470355001,929.9910931,679.337,0,12.75,11.48333333,5.166666667
2439,360470355002,o_360470355002,895.9930931,645.339,0,12.13333333,10.86666667,5.783333333
2440,360470355003,o_360470355003,1063.144827,968.731,0,16.78333333,16.31666667,2.95
2441,360470356011,o_360470356011,985.0746421,848.102,0,15.01666667,14.4,5.833333333
2442,360470356021,o_360470356021,1247.448642,1110.476,0,19.43333333,18.81666667,1.416666667
2443,360470356022,o_360470356022,1059.957642,922.985,0,16.3,15.68333333,4.55
2444,360470356023,o_360470356023,968.8236421,831.851,0,14.75,14.13333333,6.1
2445,360470357011,o_360470357011,1839.056268,1024.171,1,21.33333333,17.4,5.233333333
2446,360470357021,o_360470357021,1326.698634,1110.914,0,20.15,18.95,3.233333333
2447,360470359001,o_360470359001,1957.163661,789.232,0,18.75,13.41666667,2.55
2448,360470359002,o_360470359002,2293.388342,795.94,0,21,13.48333333,1.65
2449,360470359003,o_360470359003,1875.326955,1009.455,0,22.03333333,17.25,1.35
2450,360470359004,o_360470359004,1573.534807,1138.176,0,21.85,19.43333333,1.533333333
2451,360470360011,o_360470360011,2105.12181,970.138,0,21.76666667,16.45,1.033333333
2452,360470360012,o_360470360012,1967.700976,1021.079,0,21.78333333,17.31666667,1.016666667
2453,360470360013,o_360470360013,1823.092907,1023.094,0,21.15,17.35,1.65
2454,360470360021,o_360470360021,1537.685153,1120.631,0,21.05,19,1.75
2455,360470360022,o_360470360022,1689.300436,1085.349,0,21.26666667,18.36666667,1.533333333
2456,360470361001,o_360470361001,2550.117995,1170.888,0,28.36666667,19.78333333,1.966666667
2457,360470361002,o_360470361002,1847.217955,981.346,0,21.48333333,16.7,1.9
2458,360470361003,o_360470361003,1890.072226,1682.786,0,30.01666667,28.66666667,8.966666667
2459,360470362001,o_360470362001,1348.305804,1162.652,0,20.65,19.73333333,2.15
2460,360470362002,o_360470362002,1280.697999,1118.128,0,19.66666667,18.93333333,2.85
2461,360470362003,o_360470362003,1089.481642,952.509,0,16.71666667,16.1,4.133333333
2462,360470363001,o_360470363001,2959.613894,1285.146,0,30.16666667,21.66666667,1.1
2463,360470363002,o_360470363002,2108.090408,1932.016,0,34.08333333,32.81666667,1.25
2464,360470363003,o_360470363003,2270.086917,2015.039,0,35.08333333,34.08333333,2.883333333
2465,360470363004,o_360470363004,2818.577313,1039.006,0,28.68333333,17.6,1.65
2466,360470364001,o_360470364001,1305.141822,1046.432,0,18.88333333,17.73333333,1.583333333
2467,360470364002,o_360470364002,1281.247999,1118.678,0,19.63333333,18.9,2.883333333
2468,360470365011,o_360470365011,3257.526366,995.331,0,28.5,16.75,2.766666667
2469,360470365012,o_360470365012,3344.282366,1082.087,0,29.96666667,18.21666667,1.3
2470,360470365021,o_360470365021,2934.127223,1531.251,0,31.43333333,25.95,6.533333333
2471,360470366001,o_360470366001,1381.681411,923.334,0,17.68333333,15.65,6.733333333
2472,360470366002,o_360470366002,1297.413999,1134.844,0,19.91666667,19.18333333,2.6
2473,360470366003,o_360470366003,1325.429822,1066.72,0,19.26666667,18.11666667,1.2
2474,360470367001,o_360470367001,4078.575674,984.012,1,30.96666667,16.65,8
2475,360470367002,o_360470367002,3631.752963,1673.357,0,36.88333333,28.26666667,1.083333333
2476,360470367003,o_360470367003,3634.906963,1676.511,0,36.9,28.28333333,1.066666667
2477,360470367004,o_360470367004,3835.859157,1056.574,1,30.6,17.8,8.366666667
2478,360470369001,o_360470369001,3596.576963,1638.181,0,36.31666667,27.7,1.65
2479,360470369002,o_360470369002,3145.306223,1742.43,0,35.08333333,29.6,2.883333333
2480,360470369003,o_360470369003,3404.008811,1618.362,0,35.05,27.41666667,2.916666667
2481,360470369004,o_360470369004,3824.700504,648.887,0,17.48333333,10.98333333,2.916666667
2482,360470370001,o_360470370001,1593.08844,1358.133,0,24.16666667,23.01666667,2.25
2483,360470370002,o_360470370002,977.2230514,791.909,0,14.35,13.41666667,2.016666667
2484,360470370003,o_360470370003,742.58465,559.682,0,10.43333333,9.566666667,1.683333333
2485,360470370004,o_360470370004,965.9090514,780.595,0,14.2,13.26666667,2.166666667
2486,360470371001,o_360470371001,3613.984308,1041.22,1,23.78333333,17.63333333,6.066666667
2487,360470371002,o_360470371002,3531.746308,958.982,1,22.38333333,16.23333333,7.466666667
2488,360470371003,o_360470371003,3449.206308,876.442,1,20.98333333,14.83333333,8.866666667
2489,360470371004,o_360470371004,2852.710943,1151.919,0,23.46666667,19.46666667,1.466666667
2490,360470371005,o_360470371005,3112.967174,663.127,0,16.75,11.25,8.183333333
2491,360470373001,o_360470373001,3186.834149,2334.542,0,42.7,39.46666667,1.15
2492,360470373002,o_360470373002,4107.557504,931.744,0,22.28333333,15.78333333,2.116666667
2493,360470373003,o_360470373003,3091.461943,1390.67,0,27.53333333,23.53333333,4.4
2494,360470373004,o_360470373004,3519.716345,1046.991,1,29.71666667,17.8,3.616666667
2495,360470374011,o_360470374011,1321.592912,309.693,0,10.15,5.3,2.266666667
2496,360470374012,o_360470374012,1153.454391,427.999,0,10.8,7.316666667,1.616666667
2497,360470374013,o_360470374013,1294.018109,938.177,0,17.55,15.86666667,1.8
2498,360470374014,o_360470374014,945.6374988,788.937,0,14.03333333,13.43333333,2.366666667
2499,360470374015,o_360470374015,977.9854988,821.285,0,14.6,14,1.8
2500,360470374021,o_360470374021,1556.59128,1422.782,0,24.83333333,24.2,2.833333333
2501,360470374022,o_360470374022,1394.601411,1134.103,0,20.26666667,19.26666667,1.466666667
2502,360470374023,o_360470374023,970.2954988,813.595,0,14.48333333,13.88333333,1.916666667
2503,360470374024,o_360470374024,1023.715499,867.015,0,15.36666667,14.76666667,1.033333333
2504,360470375001,o_360470375001,3202.192943,1501.401,0,29.5,25.5,2.433333333
2505,360470375002,o_360470375002,2913.588922,719.379,1,18.41666667,12.11666667,6.983333333
2506,360470375003,o_360470375003,3273.106943,1572.315,0,30.83333333,26.83333333,1.1
2507,360470377001,o_360470377001,3117.863943,1417.072,0,28.05,24.05,3.883333333
2508,360470377002,o_360470377002,3063.659943,1362.868,0,27.13333333,23.13333333,4.8
2509,360470377003,o_360470377003,2931.076077,1107.36,1,23.45,18.8,6.4
2510,360470377004,o_360470377004,3021.590943,1320.799,0,26.5,22.5,5.433333333
2511,360470379001,o_360470379001,2848.763077,1025.047,1,22.03333333,17.38333333,7.816666667
2512,360470379002,o_360470379002,2727.185077,903.469,1,19.98333333,15.33333333,9.866666667
2513,360470379003,o_360470379003,2458.785943,757.994,0,16.85,12.85,8.083333333
2514,360470381001,o_360470381001,3009.082077,1185.366,1,24.76666667,20.11666667,5.083333333
2515,360470381002,o_360470381002,2168.863318,1187.648,1,22.73333333,20.08333333,7.116666667
2516,360470381003,o_360470381003,1660.100296,587.992,1,16.26666667,10,4.733333333
2517,360470381004,o_360470381004,1871.145558,533.366,1,16.68333333,9.083333333,4.316666667
2518,360470382001,o_360470382001,2619.091785,1215.585,0,27.01666667,20.66666667,3.233333333
2519,360470382002,o_360470382002,2381.420833,926.372,0,22.46666667,15.88333333,4.633333333
2520,360470382003,o_360470382003,2060.161791,1178.242,0,24.13333333,20.13333333,2.966666667
2521,360470383001,o_360470383001,2378.363268,1040.584,1,25.21666667,17.61666667,4.783333333
2522,360470383002,o_360470383002,1656.845753,1407.841,0,25.41666667,23.95,4.333333333
2523,360470383003,o_360470383003,1663.139753,1414.135,0,25.53333333,24.06666667,4.216666667
2524,360470383004,o_360470383004,1751.129495,1589.381,0,27.66666667,26.83333333,2.15
2525,360470385001,o_360470385001,2347.656224,1345.317,0,28.01666667,23.06666667,1.266666667
2526,360470385002,o_360470385002,2629.052265,712.374,1,22.65,12.06666667,7.35
2527,360470385003,o_360470385003,2542.918123,953.951,1,25.05,16.15,4.95
2528,360470385004,o_360470385004,2460.389123,871.422,1,23.65,14.75,6.35
2529,360470386001,o_360470386001,1627.84328,1494.034,0,25.96666667,25.33333333,1.7
2530,360470386002,o_360470386002,1849.290371,1398.444,0,25.9,23.75,1.766666667
2531,360470387001,o_360470387001,2395.563409,723.187,0,21.81666667,12.28333333,3.433333333
2532,360470387002,o_360470387002,2343.211224,1340.872,0,27.95,23,1.333333333
2533,360470387003,o_360470387003,2079.373121,1508.707,0,27.76666667,25.43333333,2.366666667
2534,360470387004,o_360470387004,1687.535605,1486.017,0,26.51666667,25.35,6.466666667
2535,360470388001,o_360470388001,1149.84428,1016.035,0,17.83333333,17.2,9.833333333
2536,360470388002,o_360470388002,1224.72828,1090.919,0,19.1,18.46666667,8.566666667
2537,360470388003,o_360470388003,1233.10128,1099.292,0,19.25,18.61666667,8.416666667
2538,360470388004,o_360470388004,1305.574041,1053.746,0,18.95,17.81666667,8.15
2539,360470389001,o_360470389001,546.2178977,281.44,0,5.983333333,4.7,3.516666667
2540,360470389002,o_360470389002,615.9728977,351.195,0,7.216666667,5.933333333,2.283333333
2541,360470389003,o_360470389003,881.409128,261.216,0,7.366666667,4.366666667,2.133333333
2542,360470390001,o_360470390001,1300.34928,1166.54,0,20.35,19.71666667,7.316666667
2543,360470390002,o_360470390002,1282.95028,1149.141,0,20.08333333,19.45,7.583333333
2544,360470391001,o_360470391001,910.2420123,645.466,0,12.28333333,10.91666667,1.216666667
2545,360470391002,o_360470391002,990.9791766,417.922,0,8.583333333,7.083333333,3.566666667
2546,360470392001,o_360470392001,2002.045167,1684.507,0,29.95,28.4,2.6
2547,360470392002,o_360470392002,1591.846391,866.391,0,18.18333333,14.7,4.233333333
2548,360470393001,o_360470393001,1685.112305,354.509,0,9.483333333,5.983333333,2.666666667
2549,360470393002,o_360470393002,1138.760662,266.913,1,9.316666667,4.516666667,4.183333333
2550,360470393003,o_360470393003,1909.142476,1199.406,0,23.6,20.36666667,2.7
2551,360470394001,o_360470394001,1869.746613,1716.818,0,29.66666667,28.91666667,2.183333333
2552,360470394002,o_360470394002,1907.614638,1730.164,0,30,29.13333333,2.55
2553,360470394003,o_360470394003,1712.947391,987.492,0,20.23333333,16.75,2.183333333
2554,360470395001,o_360470395001,2071.195895,1061.639,0,23.61666667,17.93333333,1.633333333
2555,360470395002,o_360470395002,2514.97053,576.073,1,15.2,9.75,6.2
2556,360470395003,o_360470395003,1942.326409,269.95,0,14.16666667,4.633333333,2.083333333
2557,360470396001,o_360470396001,2553.820825,720.231,1,19.28333333,12.23333333,8.816666667
2558,360470396002,o_360470396002,2346.331794,1483.812,0,29.05,25.13333333,1.2
2559,360470397001,o_360470397001,2726.169162,1927,0,35.25,32.65,1.016666667
2560,360470397002,o_360470397002,2939.715922,745.506,1,18.83333333,12.53333333,6.566666667
2561,360470397003,o_360470397003,2491.103553,1436.622,0,27.85,24.4,3.066666667
2562,360470398001,o_360470398001,2008.79975,1378.708,0,26.21666667,23.35,4.033333333
2563,360470398002,o_360470398002,2147.030791,1265.111,0,25.45,21.45,1.65
2564,360470399001,o_360470399001,2517.950803,1801.594,0,33.7,30.4,3.15
2565,360470399002,o_360470399002,2534.411553,1479.93,0,28.66666667,25.21666667,2.25
2566,360470399003,o_360470399003,2362.300127,1510.78,0,28.45,25.65,2.466666667
2567,360470400001,o_360470400001,2293.925794,1431.406,0,28.25,24.33333333,2
2568,360470400002,o_360470400002,2305.106794,1442.587,0,28.46666667,24.55,1.783333333
2569,360470400003,o_360470400003,2400.771792,1197.551,0,25.73333333,20.28333333,4.516666667
2570,360470401001,o_360470401001,3260.387609,462.896,1,17.26666667,7.9,4.133333333
2571,360470401002,o_360470401002,4169.387504,993.574,0,23.36666667,16.86666667,1.033333333
2572,360470401003,o_360470401003,2694.939927,1614.677,0,32.26666667,27.31666667,1.333333333
2573,360470402001,o_360470402001,2455.282785,1051.776,0,24.31666667,17.96666667,2.683333333
2574,360470402002,o_360470402002,2537.320785,1133.814,0,25.66666667,19.31666667,1.333333333
2575,360470402003,o_360470402003,2436.799785,1033.293,0,23.93333333,17.58333333,3.066666667
2576,360470402004,o_360470402004,2213.515833,758.467,0,19.61666667,13.03333333,4.233333333
2577,360470403001,o_360470403001,3686.406504,510.593,0,15.11666667,8.616666667,2.033333333
2578,360470403002,o_360470403002,3282.840317,1299.891,0,31.1,22,2.5
2579,360470403003,o_360470403003,3128.147063,1382.604,0,31.36666667,23.35,2.233333333
2580,360470404001,o_360470404001,3231.956347,842.008,0,25.18333333,14.33333333,1.816666667
2581,360470404002,o_360470404002,3203.214347,813.266,0,24.71666667,13.86666667,2.283333333
2582,360470405001,o_360470405001,3467.025504,291.212,0,11.41666667,4.916666667,1.733333333
2583,360470405002,o_360470405002,3475.173504,299.36,0,11.55,5.05,1.6
2584,360470406001,o_360470406001,3131.725747,2905.285,0,50.18333333,48.96666667,3.95
2585,360470406002,o_360470406002,2907.12552,1006.086,0,25.68333333,17.08333333,1.316666667
2586,360470406003,o_360470406003,2950.17428,983.261,0,26.51666667,16.68333333,2.65
2587,360470407001,o_360470407001,4849.165907,2284.066,0,44.55,38.55,2.616666667
2588,360470408001,o_360470408001,2852.987991,2133.746,0,38.1,36.1,2.45
2589,360470408002,o_360470408002,2936.997991,2217.756,0,39.53333333,37.53333333,1.016666667
2590,360470408003,o_360470408003,3593.72865,2075.847,0,39.33333333,35.33333333,1.216666667
2591,360470409001,o_360470409001,2267.660164,751.168,0,15.68333333,12.68333333,1.466666667
2592,360470409002,o_360470409002,2478.479164,961.987,0,19.18333333,16.18333333,1.966666667
2593,360470409003,o_360470409003,2491.134933,2106.005,0,37.4,35.65,2.266666667
2594,360470410001,o_360470410001,3001.605386,874.103,1,23.53333333,14.78333333,6.633333333
2595,360470410002,o_360470410002,3726.280046,800.138,1,24.4,13.65,5.766666667
2596,360470411001,o_360470411001,3099.982583,620.489,0,15.51666667,10.51666667,1.633333333
2597,360470411002,o_360470411002,2924.195302,1371.678,0,30.3,23.16666667,3.3
2598,360470411003,o_360470411003,2602.016927,1521.754,0,30.68333333,25.73333333,2.916666667
2599,360470412001,o_360470412001,3052.192444,671.791,1,19.4,11.48333333,8.6
2600,360470412002,o_360470412002,3578.164046,652.022,1,21.91666667,11.16666667,8.25
2601,360470413001,o_360470413001,2482.683404,1598.776,0,31.08333333,27.03333333,2.516666667
2602,360470413002,o_360470413002,2301.157803,1584.801,0,30.13333333,26.83333333,3.466666667
2603,360470413003,o_360470413003,2279.205472,1780.428,0,32.36666667,30.06666667,1.233333333
2604,360470414011,o_360470414011,3060.330444,679.929,1,19.48333333,11.56666667,8.516666667
2605,360470414012,o_360470414012,3061.783386,934.281,1,24.56666667,15.81666667,5.6
2606,360470414021,o_360470414021,2237.107496,2108.446,0,36.18333333,35.48333333,1.15
2607,360470414022,o_360470414022,3663.924046,737.782,1,23.23333333,12.48333333,6.933333333
2608,360470415001,o_360470415001,2028.005004,1637.789,0,28.98333333,27.71666667,4.033333333
2609,360470415002,o_360470415002,2106.383004,1716.167,0,30.33333333,29.06666667,2.683333333
2610,360470415003,o_360470415003,2181.854127,1330.334,0,25.45,22.65,2.216666667
2611,360470416001,o_360470416001,2387.805424,1119.446,0,25.91666667,19,2.416666667
2612,360470416002,o_360470416002,2167.495638,1990.045,0,34.36666667,33.5,3.933333333
2613,360470417001,o_360470417001,1941.756396,1296.228,0,24.16666667,22.05,3.5
2614,360470417002,o_360470417002,2171.922127,1320.402,0,25.25,22.45,2.416666667
2615,360470417003,o_360470417003,2045.843396,1400.315,0,25.93333333,23.81666667,1.733333333
2616,360470417004,o_360470417004,2132.143127,1280.623,0,24.61666667,21.81666667,3.05
2617,360470418001,o_360470418001,1798.255362,510.206,0,15.21666667,8.8,2.45
2618,360470418002,o_360470418002,6347.265145,1321.124,1,37.15,22.26666667,5.466666667
2619,360470419001,o_360470419001,2250.477127,1398.957,0,26.6,23.8,1.066666667
2620,360470419002,o_360470419002,2066.594821,538.612,1,13.2,9.1,4.95
2621,360470419003,o_360470419003,2022.46043,478.549,1,12.76666667,8.066666667,5.383333333
2622,360470420001,o_360470420001,2511.416783,1416.019,1,29.2,23.96666667,4.45
2623,360470420002,o_360470420002,2193.220189,437.775,0,16.36666667,7.45,1.3
2624,360470421001,o_360470421001,1943.11043,399.199,1,11.43333333,6.733333333,6.716666667
2625,360470421002,o_360470421002,1981.37043,437.459,1,12.08333333,7.383333333,6.066666667
2626,360470421003,o_360470421003,1338.776895,329.22,0,11.28333333,5.6,1.716666667
2627,360470421004,o_360470421004,2010.61543,466.704,1,12.65,7.95,5.5
2628,360470422001,o_360470422001,2137.062933,1773.872,0,31.5,30.13333333,2.966666667
2629,360470422002,o_360470422002,3657.929046,731.787,1,23.2,12.45,6.966666667
2630,360470422003,o_360470422003,3402.31765,1884.436,0,35.93333333,31.93333333,4.616666667
2631,360470423001,o_360470423001,2534.382158,1245.604,0,26.4,21.31666667,1.266666667
2632,360470423002,o_360470423002,1290.050835,1039.085,0,19.08333333,17.61666667,5.133333333
2633,360470423003,o_360470423003,1261.515434,403.882,0,11.66666667,6.866666667,1.333333333
2634,360470424001,o_360470424001,4088.29525,521.118,1,22.11666667,8.866666667,8.05
2635,360470424002,o_360470424002,3658.033655,1457.347,1,31.9,24.63333333,13.51666667
2636,360470424003,o_360470424003,3708.022655,1507.336,1,32.76666667,25.5,12.65
2637,360470425001,o_360470425001,1416.525283,975.791,0,19.03333333,16.48333333,1.15
2638,360470425002,o_360470425002,1333.165177,760.108,0,14.36666667,12.86666667,3.533333333
2639,360470425003,o_360470425003,1489.903317,601.446,0,13.75,10.15,2.316666667
2640,360470426001,o_360470426001,3484.78265,1966.901,0,37.43333333,33.43333333,3.116666667
2641,360470426002,o_360470426002,4182.342004,958.964,1,29.03333333,16.2,11.13333333
2642,360470426003,o_360470426003,5872.617215,1365.037,1,35.96666667,23.2,10.75
2643,360470427001,o_360470427001,1057.28509,567.273,0,11.01666667,9.516666667,1.633333333
2644,360470427002,o_360470427002,1046.74209,556.73,0,10.85,9.35,1.8
2645,360470427003,o_360470427003,1862.505268,1590.869,0,28.11666667,27.08333333,3.633333333
2646,360470427004,o_360470427004,1823.352268,1551.716,0,27.48333333,26.45,4.266666667
2647,360470428001,o_360470428001,5912.576215,1404.996,1,36.66666667,23.9,10.05
2648,360470428002,o_360470428002,6071.034215,1563.454,1,39.31666667,26.55,7.4
2649,360470428003,o_360470428003,3766.717739,610.244,0,24.85,10.43333333,2.15
2650,360470429001,o_360470429001,1092.512599,485.845,0,11.58333333,8.25,1.416666667
2651,360470429002,o_360470429002,972.7098501,586.172,0,11.98333333,9.916666667,1.016666667
2652,360470429003,o_360470429003,1073.294835,822.329,0,15.36666667,13.9,3.083333333
2653,360470429004,o_360470429004,1059.397835,808.432,0,15.11666667,13.65,3.333333333
2654,360470430001,o_360470430001,4315.077855,2156.161,0,42.15,36.65,1.633333333
2655,360470430002,o_360470430002,4347.772004,1124.394,1,31.88333333,19.05,11.51666667
2656,360470430003,o_360470430003,4104.262175,784.919,0,28.58333333,13.4,1.65
2657,360470431001,o_360470431001,772.1147188,634.141,0,11.25,10.7,6.066666667
2658,360470431002,o_360470431002,851.2407188,713.267,0,12.61666667,12.06666667,4.7
2659,360470431003,o_360470431003,914.1777188,776.204,0,13.65,13.1,3.666666667
2660,360470431004,o_360470431004,993.1747188,855.201,0,15,14.45,2.316666667
2661,360470432001,o_360470432001,4289.56386,1447.842,1,33.28333333,24.51666667,15.36666667
2662,360470432002,o_360470432002,4155.455855,1996.539,0,39.41666667,33.91666667,4.366666667
2663,360470432003,o_360470432003,4217.658855,2058.742,0,40.48333333,34.98333333,3.3
2664,360470433001,o_360470433001,1628.359196,450.731,1,11.93333333,7.65,6.383333333
2665,360470433002,o_360470433002,853.0337188,715.06,0,12.65,12.1,4.666666667
2666,360470433003,o_360470433003,1179.990659,451.177,0,9.116666667,7.616666667,3.266666667
2667,360470434001,o_360470434001,3754.119649,732.683,1,21.96666667,12.55,9.266666667
2668,360470434002,o_360470434002,4310.48625,743.309,1,25.98333333,12.73333333,7.416666667
2669,360470434003,o_360470434003,4414.52725,847.35,1,27.75,14.5,5.65
2670,360470435001,o_360470435001,1407.836659,679.023,0,12.93333333,11.43333333,3.45
2671,360470435002,o_360470435002,1745.011659,1016.198,0,18.6,17.1,1.783333333
2672,360470435003,o_360470435003,1408.724465,437.088,1,11.03333333,7.433333333,7.283333333
2673,360470436001,o_360470436001,4365.75725,798.58,1,26.83333333,13.58333333,6.566666667
2674,360470436002,o_360470436002,4320.13086,1478.409,1,33.73333333,24.96666667,14.91666667
2675,360470436003,o_360470436003,3443.492015,1413.289,0,34,23.88333333,1.883333333
2676,360470437001,o_360470437001,2044.623164,528.131,0,11.93333333,8.933333333,4.45
2677,360470437002,o_360470437002,2216.825164,700.333,0,14.81666667,11.81666667,1.566666667
2678,360470437003,o_360470437003,2304.02866,395.02,1,11.7,6.733333333,5.683333333
2679,360470437004,o_360470437004,2084.327164,567.835,0,12.56666667,9.566666667,3.816666667
2680,360470438001,o_360470438001,2980.962828,1535.442,0,33.15,25.93333333,2.733333333
2681,360470438002,o_360470438002,3949.999536,1204.686,0,30.68333333,20.36666667,3.2
2682,360470439001,o_360470439001,1950.999966,581.901,1,13.68333333,9.85,4.633333333
2683,360470439002,o_360470439002,1158.761659,429.948,0,8.75,7.25,3.633333333
2684,360470439003,o_360470439003,920.1916591,191.378,0,4.733333333,3.233333333,3.65
2685,360470440001,o_360470440001,2444.406382,1830.743,0,34.03333333,30.95,1.85
2686,360470440002,o_360470440002,2720.020786,1679.677,0,33.65,28.35,2.233333333
2687,360470440003,o_360470440003,2931.397828,1485.877,0,32.38333333,25.16666667,3.5
2688,360470441001,o_360470441001,1000.976659,272.163,0,6.116666667,4.616666667,2.266666667
2689,360470441002,o_360470441002,926.7813157,760.848,0,13.7,12.91666667,2.533333333
2690,360470441003,o_360470441003,1230.382153,813.034,0,15.46666667,13.78333333,4.333333333
2691,360470442001,o_360470442001,2201.897403,1996.536,0,34.83333333,33.78333333,1.05
2692,360470442002,o_360470442002,2558.763503,1825.037,0,34.55,30.86666667,1.333333333
2693,360470443001,o_360470443001,551.3937188,413.42,0,7.533333333,6.983333333,9.783333333
2694,360470443002,o_360470443002,439.5737188,301.6,0,5.666666667,5.116666667,11.65
2695,360470443003,o_360470443003,636.0437188,498.07,0,8.983333333,8.433333333,8.333333333
2696,360470443004,o_360470443004,675.8417188,537.868,0,9.65,9.1,7.666666667
2697,360470444001,o_360470444001,2165.822403,1960.461,0,34.21666667,33.16666667,1.666666667
2698,360470444002,o_360470444002,2373.397382,1759.734,0,33,29.91666667,2.883333333
2699,360470444003,o_360470444003,2528.990503,1795.264,0,34.21666667,30.53333333,1.666666667
2700,360470445001,o_360470445001,777.0154218,520.639,0,10.01666667,8.8,2.766666667
2701,360470445002,o_360470445002,612.9133157,446.98,0,8.366666667,7.583333333,7.866666667
2702,360470445003,o_360470445003,674.2523157,508.319,0,9.383333333,8.6,6.85
2703,360470446001,o_360470446001,3210.503866,1474.253,0,33.65,24.98333333,2.233333333
2704,360470446002,o_360470446002,2751.228786,1710.885,0,34.36666667,29.06666667,1.516666667
2705,360470447001,o_360470447001,724.7090904,234.697,0,5.433333333,3.933333333,2.45
2706,360470447002,o_360470447002,688.6280904,198.616,0,4.833333333,3.333333333,3.05
2707,360470448001,o_360470448001,2743.548786,1703.205,0,34.11666667,28.81666667,1.766666667
2708,360470448002,o_360470448002,2436.476382,1822.813,0,33.88333333,30.8,2
2709,360470449011,o_360470449011,2352.057758,1227.375,0,26.28333333,20.81666667,2.5
2710,360470449012,o_360470449012,2964.136054,1098.674,1,26.48333333,18.7,3.316666667
2711,360470449013,o_360470449013,3307.928785,940.328,1,25.28333333,15.9,4.516666667
2712,360470449014,o_360470449014,2912.992054,1047.53,1,25.53333333,17.75,4.266666667
2713,360470449021,o_360470449021,5129.254052,2005.073,0,41.43333333,33.93333333,2.466666667
2714,360470449022,o_360470449022,4831.836878,2198.73,0,43.08333333,37.08333333,4.816666667
2715,360470449023,o_360470449023,1514.58009,1024.568,0,18.9,17.4,5
2716,360470450001,o_360470450001,3595.818238,1019.815,1,28.25,17.23333333,6.166666667
2717,360470452001,o_360470452001,2195.352403,1989.991,0,34.73333333,33.68333333,1.166666667
2718,360470452002,o_360470452002,2518.875503,1785.149,0,33.76666667,30.08333333,2.133333333
2719,360470453001,o_360470453001,1172.76109,682.749,0,13.03333333,11.53333333,2.866666667
2720,360470453002,o_360470453002,1608.657317,720.2,0,15.83333333,12.23333333,3.483333333
2721,360470454001,o_360470454001,2660.92432,1657.577,0,30.61666667,28.11666667,2.333333333
2722,360470454002,o_360470454002,2027.179625,1804.927,0,31.43333333,30.53333333,1.983333333
2723,360470456001,o_360470456001,3424.064395,1588.375,0,31.45,26.95,1.5
2724,360470456002,o_360470456002,3002.776135,1291.512,1,29.71666667,21.83333333,4.7
2725,360470458001,o_360470458001,4207.899742,735.596,2,24.7,12.41666667,10.21666667
2726,360470458002,o_360470458002,3557.79334,1431.26,1,30.1,24.36666667,3.85
2727,360470460001,o_360470460001,4456.012713,1112.021,1,29.4,18.86666667,4.516666667
2728,360470460002,o_360470460002,4230.384713,886.393,1,25.58333333,15.05,8.333333333
2729,360470460003,o_360470460003,4367.501543,1404.146,0,30.8,23.8,2.15
2730,360470462011,o_360470462011,2798.946244,2567.55,0,44.56666667,43.28333333,1.366666667
2731,360470462012,o_360470462012,3062.524424,684.596,0,24.36666667,11.61666667,1.566666667
2732,360470462021,o_360470462021,3369.303516,1181.418,1,29.61666667,20.01666667,4.8
2733,360470462022,o_360470462022,2964.147375,713.712,0,24.2,12.1,1.733333333
2734,360470464001,o_360470464001,4192.590082,2920.065,0,52.75,49.75,2.416666667
2735,360470464002,o_360470464002,2503.832244,2272.436,0,39.7,38.41666667,6.233333333
2736,360470468001,o_360470468001,3584.666056,1897.016,0,38.41666667,32.06666667,1.316666667
2737,360470470001,o_360470470001,3124.166698,1866.901,0,36.38333333,31.65,3.35
2738,360470470002,o_360470470002,2433.473318,1375.987,0,26.25,23.25,2.3
2739,360470472001,o_360470472001,2108.640165,1151.651,0,24.88333333,19.56666667,1.05
2740,360470472002,o_360470472002,2235.405603,1018.557,0,24.13333333,17.36666667,1.8
2741,360470472003,o_360470472003,1986.343165,1029.354,0,22.78333333,17.46666667,3.15
2742,360470474001,o_360470474001,2029.141165,1072.152,0,23.51666667,18.2,2.416666667
2743,360470474002,o_360470474002,1751.206393,1275.114,0,24.16666667,21.53333333,1.766666667
2744,360470476001,o_360470476001,2295.585013,857.308,0,22.55,14.55,3.383333333
2745,360470476002,o_360470476002,2092.844165,1135.855,0,24.51666667,19.2,1.416666667
2746,360470476003,o_360470476003,1831.07087,1116.22,0,22.86666667,18.88333333,3.066666667
2747,360470477001,o_360470477001,2440.376758,1315.694,0,27.78333333,22.31666667,1.016666667
2748,360470477002,o_360470477002,2069.259781,1268.895,0,25.41666667,21.55,3.383333333
2749,360470478001,o_360470478001,2478.124707,2013.842,0,36.51666667,33.96666667,6.633333333
2750,360470478002,o_360470478002,2153.000603,936.152,0,22.7,15.93333333,3.233333333
2751,360470478003,o_360470478003,2619.734269,2379.559,0,41.43333333,40.16666667,3.25
2752,360470480001,o_360470480001,2729.082707,2264.8,0,40.6,38.05,2.55
2753,360470480002,o_360470480002,2702.355494,784.392,0,23.71666667,13.28333333,2.216666667
2754,360470481001,o_360470481001,2146.094781,1345.73,0,26.71666667,22.85,2.083333333
2755,360470481002,o_360470481002,1942.342657,1459.39,0,27.03333333,24.7,1.766666667
2756,360470481003,o_360470481003,1945.861657,1462.909,0,27.06666667,24.73333333,1.733333333
2757,360470482001,o_360470482001,4549.040543,1585.685,0,31.46666667,26.96666667,2.483333333
2758,360470482002,o_360470482002,5020.084429,1023.451,1,29.46666667,17.43333333,4.45
2759,360470482003,o_360470482003,3073.42587,2358.575,0,43.86666667,39.88333333,2.066666667
2760,360470482004,o_360470482004,4951.882429,955.249,1,28.25,16.21666667,5.666666667
2761,360470482005,o_360470482005,3313.411075,1718.203,0,37.98333333,29.15,1.416666667
2762,360470484001,o_360470484001,3094.235013,1655.958,0,36.03333333,28.03333333,3.366666667
2763,360470484002,o_360470484002,2785.665165,1828.676,0,36.35,31.03333333,3.05
2764,360470484003,o_360470484003,2730.05787,2015.207,0,38.15,34.16666667,1.25
2765,360470485001,o_360470485001,1580.169657,1097.217,0,20.91666667,18.58333333,1.35
2766,360470485002,o_360470485002,1134.135818,897.904,0,16.36666667,15.23333333,2.966666667
2767,360470486001,o_360470486001,2568.932384,1703.609,0,34.1,28.96666667,1.316666667
2768,360470486002,o_360470486002,2611.25487,1896.404,0,36.08333333,32.1,3.316666667
2769,360470486003,o_360470486003,2665.938719,1587.387,0,33.26666667,26.9,2.15
2770,360470488001,o_360470488001,2391.157223,2188.251,0,38.26666667,37.21666667,4.566666667
2771,360470488002,o_360470488002,2715.52487,2000.674,0,37.93333333,33.95,1.466666667
2772,360470488003,o_360470488003,3557.030083,1295.921,1,34.3,21.86666667,5.1
2773,360470489001,o_360470489001,1664.705177,1091.648,0,19.55,18.55,2.25
2774,360470489002,o_360470489002,941.4088977,676.631,0,12.78333333,11.5,1.183333333
2775,360470489003,o_360470489003,807.0701399,518.864,0,10.06666667,8.766666667,2.716666667
2776,360470490001,o_360470490001,3608.586083,1347.477,1,35.35,22.91666667,4.05
2777,360470490002,o_360470490002,3340.9999,1478.389,1,35.43333333,25.15,3.966666667
2778,360470490003,o_360470490003,2767.380165,1810.391,0,36.1,30.78333333,3.3
2779,360470491001,o_360470491001,1170.750289,1046.625,0,18.3,17.8,2.516666667
2780,360470491002,o_360470491002,916.7150123,651.939,0,12.51666667,11.15,1.066666667
2781,360470491003,o_360470491003,676.9998183,440.768,0,8.65,7.516666667,5.3
2782,360470491004,o_360470491004,922.1708183,685.939,0,12.81666667,11.68333333,1.133333333
2783,360470492001,o_360470492001,3725.074795,1640.02,0,31.96666667,27.96666667,1.683333333
2784,360470492002,o_360470492002,4017.736795,1932.682,0,36.95,32.95,1.2
2785,360470492003,o_360470492003,3537.936083,1276.827,1,34.25,21.81666667,5.15
2786,360470493011,o_360470493011,1594.859125,1277.447,0,23.21666667,21.68333333,4.933333333
2787,360470493021,o_360470493021,1147.892833,998.26,0,17.81666667,17.05,1.35
2788,360470493022,o_360470493022,1165.525833,1015.893,0,18.03333333,17.26666667,1.133333333
2789,360470493023,o_360470493023,2267.086209,1503.851,0,26.95,25.45,2.233333333
2790,360470493024,o_360470493024,1458.776461,1213.935,0,21.8,20.65,1.533333333
2791,360470494001,o_360470494001,4313.283178,712.16,1,20.18333333,12.1,5.966666667
2792,360470494002,o_360470494002,3686.752605,1527.191,1,35.56666667,26.16666667,4.45
2793,360470494003,o_360470494003,3424.298681,1636.305,1,35.48333333,27.95,4.533333333
2794,360470494004,o_360470494004,3786.332017,1315.633,0,33.95,22.26666667,1.466666667
2795,360470495001,o_360470495001,1621.326781,820.962,0,17.78333333,13.91666667,4.483333333
2796,360470495002,o_360470495002,1476.853125,1159.441,0,21.21666667,19.68333333,6.933333333
2797,360470495003,o_360470495003,1567.434945,1399.859,0,24.58333333,23.76666667,7.366666667
2798,360470496001,o_360470496001,3227.168057,1291.932,0,31.36666667,21.9,4.05
2799,360470496002,o_360470496002,2375.243428,1822.631,0,34.15,30.86666667,1.266666667
2800,360470496003,o_360470496003,1775.948223,1573.042,0,27.78333333,26.73333333,2.05
2801,360470497001,o_360470497001,2048.337758,923.655,0,21.2,15.73333333,1.066666667
2802,360470497002,o_360470497002,1833.869727,865.929,0,19.38333333,14.7,2.883333333
2803,360470497003,o_360470497003,1823.910727,855.97,0,19.25,14.56666667,3.016666667
2804,360470498001,o_360470498001,3010.644653,1441.101,0,32.53333333,24.38333333,2.883333333
2805,360470498002,o_360470498002,2242.96782,1982.102,0,34.86666667,33.6,1.916666667
2806,360470498003,o_360470498003,2361.28847,1842.751,0,32.96666667,31.46666667,1.05
2807,360470499001,o_360470499001,2566.020435,623.851,0,20.11666667,10.63333333,2.15
2808,360470499002,o_360470499002,2438.98765,697.326,0,20.3,11.81666667,1.966666667
2809,360470500011,o_360470500011,3139.079795,1054.025,0,21.96666667,17.96666667,3.183333333
2810,360470500012,o_360470500012,2859.756795,774.702,0,17.16666667,13.16666667,5.483333333
2811,360470500021,o_360470500021,3143.660795,1058.606,0,21.98333333,17.98333333,3.166666667
2812,360470501001,o_360470501001,2097.548158,731.553,0,19.05,12.4,3.216666667
2813,360470501002,o_360470501002,2016.434758,891.752,0,20.56666667,15.1,1.7
2814,360470501003,o_360470501003,2102.6284,248.707,1,10.9,4.2,4.5
2815,360470502021,o_360470502021,2922.207795,837.153,0,18.2,14.2,7.733333333
2816,360470502022,o_360470502022,2745.034795,659.98,0,15.21666667,11.21666667,2.716666667
2817,360470503001,o_360470503001,1682.777657,1199.825,0,22.63333333,20.3,2.916666667
2818,360470503002,o_360470503002,1616.347498,406.311,1,10.6,6.85,4.8
2819,360470503003,o_360470503003,1800.510405,410.355,1,11.46666667,6.966666667,3.933333333
2820,360470504011,o_360470504011,2801.103795,716.049,0,16.16666667,12.16666667,1.766666667
2821,360470504012,o_360470504012,3019.446795,934.392,0,19.9,15.9,6.033333333
2822,360470504021,o_360470504021,3259.575795,1174.521,0,23.9,19.9,2.033333333
2823,360470504022,o_360470504022,3334.270795,1249.216,0,25.25,21.25,3.183333333
2824,360470505001,o_360470505001,1249.420671,1010.304,0,18.31666667,17.15,7.233333333
2825,360470505002,o_360470505002,1450.015821,476.192,1,10.8,8.016666667,4.6
2826,360470505003,o_360470505003,904.6326707,665.516,0,12.43333333,11.26666667,1.116666667
2827,360470506001,o_360470506001,2160.386609,701.522,0,23.01666667,11.85,1.116666667
2828,360470506002,o_360470506002,2989.747248,823.722,1,25.9,14.05,6.566666667
2829,360470506003,o_360470506003,4813.707814,760.197,1,23,12.95,6.433333333
2830,360470506004,o_360470506004,3371.957795,1286.903,0,25.81666667,21.81666667,2.616666667
2831,360470507001,o_360470507001,903.8177168,783.923,0,13.85,13.36666667,1.616666667
2832,360470508011,o_360470508011,2015.976271,800.079,0,22.85,13.53333333,1.283333333
2833,360470508012,o_360470508012,1878.908265,862.479,0,22.31666667,14.51666667,1.816666667
2834,360470508031,o_360470508031,2150.05728,1920.147,0,33.65,32.4,2.1
2835,360470508041,o_360470508041,2276.426278,1339.714,0,27.61666667,22.51666667,3.85
2836,360470508042,o_360470508042,2266.829278,1330.117,0,27.53333333,22.43333333,3.933333333
2837,360470508043,o_360470508043,2360.039278,1423.327,0,29.1,24,2.366666667
2838,360470509001,o_360470509001,1271.247266,1111.985,0,19.61666667,18.96666667,1.616666667
2839,360470509002,o_360470509002,1094.123815,785.959,0,15.23333333,13.4,1.816666667
2840,360470510011,o_360470510011,2292.732255,1466.724,0,31.08333333,24.8,3.05
2841,360470510012,o_360470510012,3107.123751,558.913,1,24.48333333,9.5,7.983333333
2842,360470510021,o_360470510021,1901.139265,884.71,0,22.76666667,14.96666667,1.366666667
2843,360470510022,o_360470510022,2003.100271,787.203,0,22.6,13.28333333,1.533333333
2844,360470510023,o_360470510023,2104.642583,1845.493,0,33.06666667,31.26666667,1.066666667
2845,360470511001,o_360470511001,957.8242659,798.562,0,14.25,13.6,6.983333333
2846,360470511002,o_360470511002,1126.758815,818.594,0,15.85,14.01666667,1.2
2847,360470511003,o_360470511003,1335.344001,670.182,0,12.95,11.45,1.45
2848,360470512001,o_360470512001,2240.505255,1414.497,0,30.21666667,23.93333333,3.916666667
2849,360470512002,o_360470512002,2386.742255,1560.734,0,32.68333333,26.4,1.45
2850,360470512003,o_360470512003,2452.413265,1435.984,0,32.15,24.35,1.983333333
2851,360470512004,o_360470512004,3672.143046,677.442,1,24.53333333,11.48333333,7.933333333
2852,360470513001,o_360470513001,2337.571186,484.479,1,12.68333333,8.133333333,7.15
2853,360470513002,o_360470513002,1566.415498,356.379,1,9.75,6,5.65
2854,360470513003,o_360470513003,1755.661844,1504.234,0,27.23333333,25.73333333,2.416666667
2855,360470513004,o_360470513004,2250.660295,573.948,0,13.8,9.8,2.6
2856,360470514001,o_360470514001,2807.749216,1348.885,0,30.68333333,22.75,2.116666667
2857,360470514002,o_360470514002,3490.202134,2210.12,0,40.26666667,37.26666667,5.133333333
2858,360470514003,o_360470514003,2684.374422,2030.24,0,37.58333333,34.3,3.25
2859,360470514004,o_360470514004,2412.984255,1586.976,0,33.1,26.81666667,1.033333333
2860,360470515001,o_360470515001,3186.884325,2061.08,0,39.55,35.05,1.133333333
2861,360470516011,o_360470516011,2975.387967,1504.851,1,30.3,25.5,4.833333333
2862,360470516012,o_360470516012,2880.542967,1410.006,1,28.76666667,23.96666667,6.366666667
2863,360470516013,o_360470516013,2770.829967,1300.293,1,26.81666667,22.01666667,8.316666667
2864,360470516021,o_360470516021,2622.660944,1983.998,0,36.71666667,33.48333333,1.916666667
2865,360470516022,o_360470516022,2842.131448,1721.166,0,33.4,29.11666667,2.066666667
2866,360470517001,o_360470517001,3573.977386,1791.215,1,35.45,30.46666667,6
2867,360470517002,o_360470517002,3216.803524,1378.964,0,32.5,23.55,2.116666667
2868,360470518001,o_360470518001,3050.765577,1929.8,0,38.23333333,32.6,2.6
2869,360470518002,o_360470518002,3114.609577,1993.644,0,39.33333333,33.7,1.5
2870,360470518003,o_360470518003,3751.114822,1691.905,0,38.7,28.48333333,2.133333333
2871,360470519001,o_360470519001,2389.259072,1079.981,1,23.2,18.36666667,3.85
2872,360470519002,o_360470519002,3212.892386,1430.13,1,29.31666667,24.33333333,5.516666667
2873,360470519003,o_360470519003,2751.003881,385.593,1,12.75,6.516666667,6.033333333
2874,360470520001,o_360470520001,3629.695134,2349.613,0,42.56666667,39.56666667,4.716666667
2875,360470520002,o_360470520002,4694.272559,695.778,1,26.85,11.8,11
2876,360470520003,o_360470520003,4397.297429,400.664,1,18.88333333,6.85,5.166666667
2877,360470523001,o_360470523001,2150.801295,474.089,0,12.06666667,8.066666667,1.033333333
2878,360470523002,o_360470523002,2176.136596,1022.877,0,24.35,17.43333333,2
2879,360470523003,o_360470523003,2212.267596,1059.008,0,24.93333333,18.01666667,1.416666667
2880,360470523004,o_360470523004,2465.595295,788.883,0,17.31666667,13.31666667,2.466666667
2881,360470523005,o_360470523005,2696.293261,1402.882,1,27.5,23.8,5.166666667
2882,360470525001,o_360470525001,1892.875295,216.163,0,7.65,3.65,2.133333333
2883,360470525002,o_360470525002,2097.237295,420.525,0,11.15,7.15,1.95
2884,360470526001,o_360470526001,3970.038344,2341.644,0,43.08333333,39.58333333,4.2
2885,360470526002,o_360470526002,4487.676543,1524.321,0,32.85,25.85,4.233333333
2886,360470526003,o_360470526003,4497.227543,1533.872,0,32.98333333,25.98333333,4.1
2887,360470527001,o_360470527001,1368.587844,1117.16,0,20.61666667,19.11666667,2.416666667
2888,360470527002,o_360470527002,1596.590079,320.984,0,8.45,5.45,1.333333333
2889,360470527003,o_360470527003,1541.617079,266.011,0,7.516666667,4.516666667,2.266666667
2890,360470527004,o_360470527004,1603.685079,328.079,0,8.533333333,5.533333333,1.25
2891,360470527005,o_360470527005,1894.525405,964.541,0,21.95,16.38333333,1.083333333
2892,360470527006,o_360470527006,1610.270079,334.664,0,8.666666667,5.666666667,1.116666667
2893,360470527007,o_360470527007,2353.015021,1708.404,0,31.65,29.06666667,2.416666667
2894,360470528001,o_360470528001,3824.429713,480.438,1,18.68333333,8.15,5.366666667
2895,360470528002,o_360470528002,3881.527827,1570.814,0,32.13333333,26.63333333,4.95
2896,360470529001,o_360470529001,1682.618287,1325.497,0,24.7,22.55,1.016666667
2897,360470529002,o_360470529002,1516.243079,240.637,0,7.1,4.1,2.683333333
2898,360470529003,o_360470529003,1608.466079,332.86,0,8.666666667,5.666666667,1.116666667
2899,360470530001,o_360470530001,3410.330281,541.363,1,18.68333333,9.15,5.366666667
2900,360470530002,o_360470530002,3489.564281,620.597,1,20.05,10.51666667,4
2901,360470530003,o_360470530003,3425.843395,1590.154,0,31.41666667,26.91666667,5.666666667
2902,360470531011,o_360470531011,1820.595678,1336.642,0,25.43333333,22.58333333,3.85
2903,360470531012,o_360470531012,1902.993678,1419.04,0,26.85,24,2.433333333
2904,360470531021,o_360470531021,1101.368528,365.83,0,9.433333333,6.216666667,2.783333333
2905,360470531022,o_360470531022,1247.478815,939.314,0,17.8,15.96666667,1.633333333
2906,360470532001,o_360470532001,3397.459281,528.492,1,18.48333333,8.95,5.566666667
2907,360470532002,o_360470532002,3178.725281,309.758,1,14.8,5.266666667,9.25
2908,360470533001,o_360470533001,1708.077913,1492.111,0,26.58333333,25.3,2.283333333
2909,360470533002,o_360470533002,1898.014678,1414.061,0,26.75,23.9,2.533333333
2910,360470533003,o_360470533003,1717.303691,1170.737,0,22.28333333,19.75,3.35
2911,360470533004,o_360470533004,1743.342691,1196.776,0,22.73333333,20.2,2.9
2912,360470533005,o_360470533005,1785.795132,1177.246,0,23.61666667,19.96666667,2.733333333
2913,360470534001,o_360470534001,3393.863281,524.896,1,18.38333333,8.85,5.666666667
2914,360470534002,o_360470534002,3472.359281,603.392,1,19.73333333,10.2,4.316666667
2915,360470534003,o_360470534003,2887.42332,1884.076,0,34.4,31.9,2.683333333
2916,360470534004,o_360470534004,2968.78032,1965.433,0,35.78333333,33.28333333,1.3
2917,360470535001,o_360470535001,2015.202295,338.49,0,9.733333333,5.733333333,1.366666667
2918,360470535002,o_360470535002,1984.243691,1437.677,0,26.88333333,24.35,2.066666667
2919,360470535003,o_360470535003,2246.009751,1195.278,0,25.01666667,20.16666667,3.933333333
2920,360470535004,o_360470535004,2271.236751,1220.505,0,25.45,20.6,3.5
2921,360470537001,o_360470537001,2054.052678,1570.099,0,29.48333333,26.63333333,3.116666667
2922,360470537002,o_360470537002,1894.917678,1410.964,0,26.76666667,23.91666667,2.516666667
2923,360470538001,o_360470538001,1246.511625,1024.259,0,18.16666667,17.26666667,5.383333333
2924,360470538002,o_360470538002,1229.269625,1007.017,0,17.9,17,5.65
2925,360470538003,o_360470538003,1306.613625,1084.361,0,19.25,18.35,4.3
2926,360470539001,o_360470539001,2615.755748,1294.395,0,28.6,21.96666667,5.45
2927,360470539002,o_360470539002,2808.894748,1487.534,0,31.85,25.21666667,2.2
2928,360470542001,o_360470542001,1371.724264,1128.096,0,20.18333333,19.2,2.366666667
2929,360470542002,o_360470542002,1758.640426,1093.644,0,21.6,18.58333333,1.45
2930,360470542003,o_360470542003,1995.926886,962.649,0,21.33333333,16.3,1.716666667
2931,360470543001,o_360470543001,1977.96626,1725.929,0,30.6,29.33333333,2.316666667
2932,360470544001,o_360470544001,1376.941308,1027.886,0,18.85,17.43333333,3.266666667
2933,360470544002,o_360470544002,1327.02407,523.292,0,12.7,8.916666667,1.666666667
2934,360470544003,o_360470544003,1388.163308,1039.108,0,19.05,17.63333333,3.066666667
2935,360470545001,o_360470545001,3046.919115,1293.255,0,30.7,21.98333333,3.35
2936,360470545002,o_360470545002,3255.95071,1210.796,0,30.65,20.56666667,3.4
2937,360470545003,o_360470545003,3320.10171,1274.947,0,31.73333333,21.65,2.316666667
2938,360470545004,o_360470545004,3324.24071,1279.086,0,31.78333333,21.7,2.266666667
2939,360470545005,o_360470545005,3348.64471,1303.49,0,32.2,22.11666667,1.85
2940,360470545006,o_360470545006,4726.023715,580.41,1,28.23333333,9.816666667,8.2
2941,360470546001,o_360470546001,1794.066374,801.976,0,17.33333333,13.61666667,1.25
2942,360470546002,o_360470546002,1631.131374,639.041,0,14.58333333,10.86666667,4
2943,360470546003,o_360470546003,1275.12617,610.129,0,13.36666667,10.4,1.183333333
2944,360470547001,o_360470547001,3524.375115,1770.711,0,38.8,30.08333333,1.8
2945,360470547002,o_360470547002,4698.482715,552.869,1,27.8,9.383333333,8.633333333
2946,360470547003,o_360470547003,3556.865115,1803.201,0,39.43333333,30.71666667,1.166666667
2947,360470548001,o_360470548001,664.9422884,508.051,0,9.45,8.65,2.1
2948,360470548002,o_360470548002,921.2539973,724.561,0,13.15,12.26666667,1.4
2949,360470549001,o_360470549001,3781.69471,1736.54,0,39.56666667,29.48333333,1.033333333
2950,360470549002,o_360470549002,4603.268989,1412.131,0,39.46666667,23.96666667,1.133333333
2951,360470550001,o_360470550001,1706.543374,714.453,0,15.83333333,12.11666667,2.75
2952,360470550002,o_360470550002,1086.469437,657.419,0,13.03333333,11.11666667,1.516666667
2953,360470550003,o_360470550003,1680.376374,688.286,0,15.33333333,11.61666667,3.25
2954,360470551001,o_360470551001,6878.930035,930.208,1,29.93333333,15.78333333,7.716666667
2955,360470551002,o_360470551002,2546.052295,869.34,0,18.75,14.75,5.583333333
2956,360470551003,o_360470551003,2690.616295,1013.904,0,21.2,17.2,3.133333333
2957,360470551004,o_360470551004,2463.814079,1188.208,0,23.15,20.15,1.183333333
2958,360470552001,o_360470552001,1755.250374,763.16,0,16.63333333,12.91666667,1.95
2959,360470552002,o_360470552002,2000.253415,639.871,0,16,10.88333333,2.583333333
2960,360470552003,o_360470552003,1937.721415,577.339,0,14.86666667,9.75,3.716666667
2961,360470553001,o_360470553001,3069.19018,733.869,1,20.5,12.53333333,5.983333333
2962,360470553002,o_360470553002,3053.332881,687.922,1,17.85,11.61666667,7.483333333
2963,360470553003,o_360470553003,3114.247881,748.837,1,18.88333333,12.65,6.45
2964,360470554001,o_360470554001,2030.935415,670.553,0,16.46666667,11.35,2.116666667
2965,360470554002,o_360470554002,2343.933348,620.36,0,16.98333333,10.5,1.6
2966,360470554003,o_360470554003,1597.654886,564.377,0,14.63333333,9.6,2.966666667
2967,360470555001,o_360470555001,3649.01918,1313.698,1,30.25,22.28333333,8.233333333
2968,360470556001,o_360470556001,1981.359,1392.013,0,25.88333333,23.43333333,1.65
2969,360470556002,o_360470556002,2118.738291,1359.887,0,26.05,22.9,1.483333333
2970,360470556003,o_360470556003,2085.904655,1641.152,0,29.66666667,27.85,3.75
2971,360470557001,o_360470557001,4137.988429,1482.691,1,32.35,25.01666667,6.133333333
2972,360470557002,o_360470557002,3751.842766,1230.775,0,33.18333333,20.88333333,1.366666667
2973,360470558001,o_360470558001,1697.715663,1288.142,0,23.38333333,21.68333333,4.15
2974,360470558002,o_360470558002,1790.860663,1381.287,0,24.95,23.25,2.583333333
2975,360470560001,o_360470560001,1392.671026,1234.841,0,21.41666667,20.76666667,6.116666667
2976,360470560002,o_360470560002,1531.029026,1373.199,0,23.81666667,23.16666667,3.716666667
2977,360470560003,o_360470560003,1258.846026,1101.016,0,19.23333333,18.58333333,8.3
2978,360470561001,o_360470561001,3980.601454,1116.494,0,32.91666667,18.93333333,1.633333333
2979,360470561002,o_360470561002,3699.399766,1178.332,0,32.25,19.95,2.3
2980,360470561003,o_360470561003,3379.025368,551.005,0,23.21666667,9.366666667,2.266666667
2981,360470561004,o_360470561004,3513.952254,1335.551,0,33.36666667,22.75,1.183333333
2982,360470562001,o_360470562001,1482.767026,1324.937,0,22.96666667,22.31666667,4.566666667
2983,360470562002,o_360470562002,1320.084026,1162.254,0,20.21666667,19.56666667,7.316666667
2984,360470563011,o_360470563011,4451.551998,734.619,0,30.65,12.45,3.9
2985,360470563012,o_360470563012,4477.281998,760.349,0,31.18333333,12.98333333,3.366666667
2986,360470563013,o_360470563013,4324.474408,895.742,0,32.1,15.31666667,2.45
2987,360470563014,o_360470563014,4310.918621,805.557,1,22.05,13.71666667,4.933333333
2988,360470563021,o_360470563021,4592.822998,875.89,0,32.98333333,14.78333333,1.566666667
2989,360470563022,o_360470563022,4701.236463,797.923,0,32.73333333,13.61666667,1.816666667
2990,360470564001,o_360470564001,1744.874237,785.379,0,16.68333333,13.35,6.333333333
2991,360470564002,o_360470564002,1663.554237,704.059,0,15.3,11.96666667,7.716666667
2992,360470564003,o_360470564003,1352.987274,710.795,0,14.56666667,12.03333333,1.316666667
2993,360470565001,o_360470565001,4104.560187,1040.308,0,32.68333333,17.7,1.866666667
2994,360470565002,o_360470565002,4153.126621,647.765,1,19.38333333,11.05,7.6
2995,360470565003,o_360470565003,4250.485621,745.124,1,21.03333333,12.7,5.95
2996,360470566001,o_360470566001,1843.74784,1201.554,0,22.91666667,20.38333333,4.966666667
2997,360470566002,o_360470566002,2105.76114,1338.077,0,25.68333333,22.63333333,2.2
2998,360470568001,o_360470568001,2417.068877,1249.274,0,25.83333333,21.2,2.05
2999,360470568002,o_360470568002,2011.41284,1369.219,0,25.73333333,23.2,2.15
3000,360470569001,o_360470569001,2946.189947,661.354,0,22.38333333,11.21666667,3.1
3001,360470569002,o_360470569002,3585.801738,876.815,1,22.3,14.96666667,4.683333333
3002,360470570001,o_360470570001,2952.375464,1284.801,0,27.65,21.86666667,4.7
3003,360470570002,o_360470570002,3108.345464,1440.771,0,30.2,24.41666667,4.816666667
3004,360470570003,o_360470570003,2851.692995,1184.448,0,26.73333333,20.1,1.15
3005,360470570004,o_360470570004,2563.060797,1129.725,0,24.8,19.1,3.083333333
3006,360470571001,o_360470571001,3058.029977,1455.803,0,32.61666667,24.83333333,1.933333333
3007,360470571002,o_360470571002,2828.630576,1467.716,0,31.68333333,25.08333333,2.866666667
3008,360470571003,o_360470571003,2766.597435,824.428,0,23.48333333,14,2
3009,360470571004,o_360470571004,3555.024738,846.038,1,21.73333333,14.4,5.25
3010,360470572001,o_360470572001,2995.476464,1327.902,0,28.38333333,22.6,6.633333333
3011,360470572002,o_360470572002,2755.206995,1087.962,0,25.16666667,18.53333333,2.716666667
3012,360470573001,o_360470573001,3476.412254,1298.011,0,32.63333333,22.01666667,1.916666667
3013,360470573002,o_360470573002,3646.467738,937.481,1,23.28333333,15.95,3.7
3014,360470573003,o_360470573003,3267.890254,1089.489,0,29.1,18.48333333,2.166666667
3015,360470574001,o_360470574001,2087.931741,1126.848,0,22.81666667,19,1.783333333
3016,360470574002,o_360470574002,2499.530995,832.286,0,20.85,14.21666667,3.75
3017,360470575001,o_360470575001,4330.927998,613.995,0,28.65,10.45,2.616666667
3018,360470575002,o_360470575002,4290.376806,1093.18,1,25.06666667,18.56666667,11.23333333
3019,360470575003,o_360470575003,4159.970621,654.609,1,19.48333333,11.15,4.216666667
3020,360470575004,o_360470575004,3829.397923,1428.576,1,29.66666667,24.16666667,6.633333333
3021,360470576001,o_360470576001,2589.309995,922.065,0,22.4,15.76666667,2.2
3022,360470576002,o_360470576002,1750.762027,1592.932,0,27.5,26.78333333,6.6
3023,360470578001,o_360470578001,1902.169027,1744.339,0,30,29.28333333,4.1
3024,360470578002,o_360470578002,2394.968922,1343.547,0,24.86666667,22.86666667,2.983333333
3025,360470579011,o_360470579011,4693.259189,546.868,0,29.63333333,9.316666667,1.633333333
3026,360470579012,o_360470579012,4424.776998,707.844,0,30.2,12,1.066666667
3027,360470579021,o_360470579021,5084.248621,1578.887,1,35.15,26.81666667,6.55
3028,360470580001,o_360470580001,2221.662922,1170.241,0,21.88333333,19.88333333,5.966666667
3029,360470580002,o_360470580002,4466.489921,1213.938,0,29.48333333,20.48333333,1.283333333
3030,360470582001,o_360470582001,2741.939595,1808.466,0,32.63333333,30.63333333,1.733333333
3031,360470582002,o_360470582002,1756.094288,1251.251,0,23.81666667,21.21666667,1.166666667
3032,360470582003,o_360470582003,3172.238823,1784.053,0,33.31666667,30.31666667,1.05
3033,360470584001,o_360470584001,1835.435391,1109.98,0,22.31666667,18.83333333,3.5
3034,360470584002,o_360470584002,1396.634746,1156.334,0,20.9,19.66666667,4.083333333
3035,360470586001,o_360470586001,4009.715692,1211.876,0,28.48333333,20.48333333,2.283333333
3036,360470586002,o_360470586002,2352.424595,1418.951,0,26.08333333,24.08333333,8.283333333
3037,360470588001,o_360470588001,1340.939954,598.08,0,13.73333333,10.16666667,2.116666667
3038,360470588002,o_360470588002,1454.910125,582.485,0,14.08333333,9.9,1.766666667
3039,360470589011,o_360470589011,3778.271454,914.164,0,29.6,15.61666667,1.666666667
3040,360470589012,o_360470589012,4209.702738,1500.716,1,32.86666667,25.53333333,8.833333333
3041,360470589021,o_360470589021,3768.010524,1930.171,0,41.6,32.65,1.666666667
3042,360470590001,o_360470590001,1630.251581,424.736,0,13,7.216666667,2.85
3043,360470591001,o_360470591001,2918.051158,1552.056,0,33.11666667,26.46666667,1.083333333
3044,360470591002,o_360470591002,2847.600158,1481.605,0,31.86666667,25.21666667,2.333333333
3045,360470591003,o_360470591003,2591.245945,2423.67,0,42.06666667,41.25,1.816666667
3046,360470591004,o_360470591004,2816.141158,1450.146,0,31.31666667,24.66666667,2.883333333
3047,360470592001,o_360470592001,4239.368692,1441.529,0,32.4,24.4,5.866666667
3048,360470592002,o_360470592002,2274.246386,1353.847,0,27.05,22.98333333,1.733333333
3049,360470592003,o_360470592003,1804.363707,354.705,0,12.85,6.066666667,3
3050,360470593001,o_360470593001,3285.03307,2800.045,0,49.91666667,47.56666667,2.166666667
3051,360470593002,o_360470593002,4337.145738,1628.159,1,35,27.66666667,6.7
3052,360470594021,o_360470594021,2874.782464,1207.208,0,26.33333333,20.55,5.4
3053,360470594022,o_360470594022,3296.090763,875.501,0,23.8,14.86666667,7.933333333
3054,360470594023,o_360470594023,3874.645037,1335.233,1,30.75,22.71666667,6.566666667
3055,360470594024,o_360470594024,2770.603687,1477.181,0,30.8,25.01666667,1.166666667
3056,360470594031,o_360470594031,2529.071135,1473.112,0,29.21666667,24.9,2.75
3057,360470594032,o_360470594032,2658.065125,1785.64,0,34.38333333,30.2,1.466666667
3058,360470594033,o_360470594033,2359.933611,1623.956,0,30.43333333,27.43333333,1.533333333
3059,360470594041,o_360470594041,2235.099306,1843.014,0,32.86666667,31.25,2.916666667
3060,360470594042,o_360470594042,2067.699843,1433.069,0,27.06666667,24.26666667,1.716666667
3061,360470594043,o_360470594043,1918.50642,1499.719,0,27.3,25.35,1.483333333
3062,360470596001,o_360470596001,3194.461763,773.872,0,22.06666667,13.13333333,9.666666667
3063,360470596002,o_360470596002,3500.892763,1080.303,0,27.23333333,18.3,4.5
3064,360470596003,o_360470596003,2746.727233,2590.448,0,44.78333333,43.95,1.266666667
3065,360470598001,o_360470598001,3724.324254,1741.402,0,37.23333333,29.46666667,1.366666667
3066,360470598002,o_360470598002,3267.483379,1464.181,0,33.08333333,24.86666667,2.766666667
3067,360470600001,o_360470600001,2739.357482,1693.241,0,33.85,28.83333333,2
3068,360470600002,o_360470600002,2434.438814,1786.529,0,33.03333333,30.38333333,2.75
3069,360470600003,o_360470600003,2055.480891,1839.809,0,32.1,31.21666667,3.683333333
3070,360470600004,o_360470600004,1925.36342,1506.576,0,27.53333333,25.58333333,1.25
3071,360470600005,o_360470600005,1881.149707,431.491,0,14.2,7.416666667,1.65
3072,360470606001,o_360470606001,1504.146482,458.03,0,12.93333333,7.916666667,2.916666667
3073,360470606002,o_360470606002,1251.087954,508.228,0,12.23333333,8.666666667,3.616666667
3074,360470608001,o_360470608001,2379.690814,1731.781,0,32.05,29.4,3.733333333
3075,360470608002,o_360470608002,1604.095804,1418.442,0,25.1,24.18333333,5.1
3076,360470608003,o_360470608003,1840.857049,1648.208,0,28.86666667,27.96666667,5.183333333
3077,360470610021,o_360470610021,2517.639711,1166.667,0,25.55,19.76666667,2.366666667
3078,360470610022,o_360470610022,2211.059941,1271.255,0,25.7,21.53333333,2.216666667
3079,360470610023,o_360470610023,2328.672804,819.61,0,20.2,13.9,1.716666667
3080,360470610031,o_360470610031,1645.285999,1482.716,0,26.06666667,25.33333333,1.85
3081,360470610032,o_360470610032,1370.253804,1184.6,0,21.1,20.18333333,9.1
3082,360470610041,o_360470610041,2346.081856,1177.741,0,25.15,19.96666667,2.766666667
3083,360470610042,o_360470610042,2118.572905,1333.968,0,26.16666667,22.68333333,1.75
3084,360470610043,o_360470610043,2311.371804,802.309,0,19.86666667,13.56666667,2.05
3085,360470610044,o_360470610044,2173.854711,822.882,0,19.7,13.91666667,2.216666667
3086,360470610045,o_360470610045,2535.330711,1184.358,0,25.85,20.06666667,2.066666667
3087,360470612001,o_360470612001,2232.191154,1834.428,0,32.96666667,31.1,2.466666667
3088,360470616001,o_360470616001,3680.553864,951.019,0,26.4,16.06666667,1.516666667
3089,360470620001,o_360470620001,2978.356808,1077.83,0,25.86666667,18.26666667,2.05
3090,360470620002,o_360470620002,3560.279903,968.563,0,26.28333333,16.4,1.633333333
3091,360470622001,o_360470622001,3586.291665,1454.715,0,33.33333333,24.6,2.45
3092,360470622002,o_360470622002,3316.916683,1483.144,0,32.6,25.08333333,3.183333333
3093,360470626001,o_360470626001,3701.311763,1280.722,0,30.7,21.76666667,1.033333333
3094,360470626002,o_360470626002,3718.279658,1045.889,0,27.96666667,17.71666667,4.166666667
3095,360470628001,o_360470628001,4028.112814,821.908,1,24.55,14.13333333,8.583333333
3096,360470628002,o_360470628002,3462.767935,3227.787,0,55.33333333,54.55,2.516666667
3097,360470628003,o_360470628003,4746.903399,785.95,1,25.86666667,13.4,7.266666667
3098,360470628004,o_360470628004,4412.19321,791.758,1,25.11666667,13.56666667,8.016666667
3099,360470632001,o_360470632001,2397.974935,2162.994,0,37.41666667,36.63333333,2.583333333
3100,360470632002,o_360470632002,2887.851149,1005.164,1,23.81666667,17,6.65
3101,360470636001,o_360470636001,1464.805788,1307.371,0,22.71666667,22.1,14.08333333
3102,360470638001,o_360470638001,2007.945442,1513.757,0,27.15,25.56666667,2.4
3103,360470638002,o_360470638002,1578.248935,1343.268,0,23.55,22.76666667,14.3
3104,360470640001,o_360470640001,2034.027823,1381.057,0,25.36666667,23.36666667,2.65
3105,360470640002,o_360470640002,1180.004079,873.384,0,16.01666667,14.8,2.116666667
3106,360470642001,o_360470642001,1417.495761,1081.922,0,19.83333333,18.51666667,1.183333333
3107,360470642002,o_360470642002,530.0412884,373.15,0,7.166666667,6.366666667,1.233333333
3108,360470644001,o_360470644001,1092.999576,635.255,0,12.56666667,10.73333333,1.016666667
3109,360470644002,o_360470644002,1036.404045,878.438,0,15.58333333,14.96666667,2.55
3110,360470644003,o_360470644003,815.6590447,657.693,0,11.7,11.08333333,3.766666667
3111,360470646001,o_360470646001,937.6932608,755.5,0,13.75,12.83333333,2.116666667
3112,360470646002,o_360470646002,1054.137031,692.046,0,13.38333333,11.73333333,1.716666667
3113,360470648001,o_360470648001,1632.247964,1413.751,0,25.05,23.95,3.333333333
3114,360470648002,o_360470648002,1675.89226,1355.655,0,24.86666667,23.1,1.55
3115,360470650001,o_360470650001,1656.669266,1451.702,0,25.61666667,24.73333333,3.116666667
3116,360470650002,o_360470650002,1196.643809,523.75,0,12.1,8.883333333,1.6
3117,360470652001,o_360470652001,2072.327676,1914.842,0,32.95,32.36666667,2.9
3118,360470654001,o_360470654001,1910.196267,1381.738,0,25.05,23.26666667,1.683333333
3119,360470654002,o_360470654002,1935.910788,1778.476,0,30.73333333,30.11666667,6.066666667
3120,360470656001,o_360470656001,1292.928761,1121.663,0,19.46666667,18.98333333,1.35
3121,360470656002,o_360470656002,2716.810298,604.286,1,17.13333333,10.23333333,6.466666667
3122,360470658001,o_360470658001,1815.223788,1657.789,0,28.61666667,28,8.183333333
3123,360470658002,o_360470658002,3505.318488,708.453,1,23.18333333,12.05,7.283333333
3124,360470660001,o_360470660001,2172.946788,2015.512,0,34.7,34.08333333,2.1
3125,360470660002,o_360470660002,3270.30433,1362.621,0,31.43333333,22.93333333,1.6
3126,360470662001,o_360470662001,2829.017574,999.079,1,24.85,16.85,6.85
3127,360470666001,o_360470666001,4738.44521,1118.01,1,30.31666667,18.76666667,6.75
3128,360470670001,o_360470670001,2431.917488,1491.238,0,29.73333333,25.41666667,5.383333333
3129,360470670002,o_360470670002,2735.885448,1557.059,0,31.68333333,26.46666667,3.433333333
3130,360470672001,o_360470672001,1636.020266,1431.053,0,25.26666667,24.38333333,3.466666667
3131,360470674001,o_360470674001,1476.384266,1271.417,0,22.56666667,21.68333333,6.166666667
3132,360470674002,o_360470674002,1568.345266,1363.378,0,24.05,23.16666667,4.683333333
3133,360470676001,o_360470676001,2365.040214,2120.221,0,37.21666667,36.06666667,1.083333333
3134,360470676002,o_360470676002,2120.890214,1876.071,0,33,31.85,5.3
3135,360470678001,o_360470678001,2441.308701,2278.529,0,39.46666667,38.83333333,4.7
3136,360470678002,o_360470678002,2233.785898,1282.344,0,26.08333333,21.68333333,4.616666667
3137,360470680001,o_360470680001,2180.072325,1929.8,0,33.7,32.81666667,2.5
3138,360470680002,o_360470680002,1953.932426,1523.686,0,28,25.81666667,2.7
3139,360470682001,o_360470682001,2154.590809,1481.697,0,28.43333333,25.21666667,2.266666667
3140,360470682002,o_360470682002,2534.61081,1190.387,1,26.48333333,20.3,5.216666667
3141,360470686001,o_360470686001,3160.538087,2420.467,0,43.3,41.01666667,2.15
3142,360470686002,o_360470686002,2985.718574,1155.78,1,27.61666667,19.61666667,4.083333333
3143,360470688001,o_360470688001,2653.295472,2455.871,0,42.55,41.86666667,1.916666667
3144,360470688002,o_360470688002,3228.276326,1071.285,1,27.5,18.26666667,4.2
3145,360470690001,o_360470690001,2697.411325,2447.139,0,42.51666667,41.63333333,3.683333333
3146,360470690002,o_360470690002,2217.006809,1544.113,0,29.55,26.33333333,1.15
3147,360470692001,o_360470692001,2396.461898,1445.02,0,28.88333333,24.48333333,1.816666667
3148,360470692002,o_360470692002,2324.476898,1373.035,0,27.63333333,23.23333333,3.066666667
3149,360470696011,o_360470696011,2904.412303,2666.188,0,46.23333333,45.31666667,1.066666667
3150,360470696012,o_360470696012,3670.894868,2120.997,0,41.61666667,36.15,2.416666667
3151,360470696021,o_360470696021,3410.678325,3160.406,0,54.56666667,53.68333333,1.633333333
3152,360470696022,o_360470696022,3215.675325,2965.403,0,51.3,50.41666667,4.9
3153,360470696023,o_360470696023,4516.156585,3291.321,0,59.61666667,55.85,3.183333333
3154,360470698001,o_360470698001,3219.117325,2968.845,0,51.45,50.56666667,4.75
3155,360470698002,o_360470698002,3409.294722,2363.63,0,43.68333333,39.88333333,1.766666667
3156,360470700001,o_360470700001,4970.154185,3246.942,0,60.58333333,55.11666667,2.216666667
3157,360470700002,o_360470700002,5090.785837,2127.121,1,49.11666667,36.2,8.083333333
3158,360470702011,o_360470702011,5786.528358,885.048,1,33.98333333,14.95,7.45
3159,360470702012,o_360470702012,4570.400155,2263.412,1,48.9,38.21666667,5.05
3160,360470702013,o_360470702013,4948.371517,2757.382,1,57.21666667,46.81666667,6.116666667
3161,360470702014,o_360470702014,4480.170155,2173.182,1,47.31666667,36.63333333,6.633333333
3162,360470702015,o_360470702015,4866.553572,2915.605,1,58.6,49.26666667,4.733333333
3163,360470706011,o_360470706011,5922.037226,3574.542,0,67.78333333,60.2,2.233333333
3164,360470706012,o_360470706012,4304.379335,2290.98,1,48.25,38.81666667,5.7
3165,360470706021,o_360470706021,8793.697679,3555.031,2,78.36666667,59.63333333,9.183333333
3166,360470720001,o_360470720001,2545.998626,1368.501,0,28.65,23.28333333,1.966666667
3167,360470722001,o_360470722001,4358.645487,1327.255,1,33.15,22.6,4.483333333
3168,360470722002,o_360470722002,2433.967898,1482.526,0,29.51666667,25.11666667,1.1
3169,360470724001,o_360470724001,3494.493552,1605.298,0,33.75,27.16666667,2.883333333
3170,360470724002,o_360470724002,2551.715731,1860.813,0,34.53333333,31.73333333,2.366666667
3171,360470726001,o_360470726001,2006.735426,1576.489,0,28.81666667,26.63333333,1.8
3172,360470728001,o_360470728001,2986.952731,2296.05,0,41.81666667,39.01666667,2.083333333
3173,360470728002,o_360470728002,2177.372701,2014.593,0,34.88333333,34.25,2.2
3174,360470730001,o_360470730001,2253.234214,2008.415,0,35.26666667,34.11666667,2.95
3175,360470730002,o_360470730002,1492.399007,1388.724,0,24.18333333,23.6,1.6
3176,360470732001,o_360470732001,1856.915099,405.23,0,12.55,6.9,1.9
3177,360470732002,o_360470732002,2352.517214,2107.698,0,36.91666667,35.76666667,1.3
3178,360470734001,o_360470734001,2296.557878,1228.716,0,24.16666667,20.9,1.033333333
3179,360470734002,o_360470734002,1592.929398,1205.721,0,22.15,20.5,3.183333333
3180,360470736001,o_360470736001,1880.196099,428.511,0,12.91666667,7.266666667,1.533333333
3181,360470736002,o_360470736002,973.7354262,543.489,0,11.35,9.166666667,2.266666667
3182,360470736003,o_360470736003,1456.211398,1069.003,0,19.78333333,18.13333333,5.55
3183,360470738001,o_360470738001,1385.136398,997.928,0,18.58333333,16.93333333,6.75
3184,360470738002,o_360470738002,951.9354262,521.689,0,11.03333333,8.85,2.583333333
3185,360470738003,o_360470738003,883.9424262,453.696,0,9.866666667,7.683333333,3.75
3186,360470740001,o_360470740001,1644.519398,1257.311,0,22.98333333,21.33333333,2.35
3187,360470740002,o_360470740002,1440.341398,1053.133,0,19.55,17.9,5.783333333
3188,360470742001,o_360470742001,1642.114878,574.273,0,13.05,9.783333333,3.15
3189,360470742002,o_360470742002,1392.115295,570.042,0,12.21666667,9.7,3.983333333
3190,360470744001,o_360470744001,1289.931107,1119.372,0,19.75,18.88333333,1.45
3191,360470744002,o_360470744002,1076.545846,841.652,0,15.3,14.15,1.183333333
3192,360470746001,o_360470746001,1004.075267,475.617,0,10.11666667,8.05,4.333333333
3193,360470746002,o_360470746002,858.6818219,496.592,0,10.1,8.466666667,1.833333333
3194,360470748001,o_360470748001,1026.026948,413.255,0,8.75,7.05,1.533333333
3195,360470748002,o_360470748002,967.0459475,354.274,0,7.766666667,6.066666667,2.516666667
3196,360470750001,o_360470750001,1638.755878,570.914,0,13.01666667,9.75,3.183333333
3197,360470750002,o_360470750002,1211.970107,1041.411,0,18.36666667,17.5,2.833333333
3198,360470752001,o_360470752001,1822.011386,1287.875,0,23.43333333,21.8,1.766666667
3199,360470754001,o_360470754001,1181.899107,1011.34,0,17.9,17.03333333,3.3
3200,360470754002,o_360470754002,1166.607107,996.048,0,17.7,16.83333333,3.5
3201,360470756001,o_360470756001,1108.383045,950.417,0,16.76666667,16.15,1.283333333
3202,360470756002,o_360470756002,1303.069852,1042.689,0,18.46666667,17.68333333,1.883333333
3203,360470758001,o_360470758001,1267.550308,918.495,0,17.06666667,15.65,1.766666667
3204,360470758002,o_360470758002,1081.399308,732.344,0,13.91666667,12.5,4.916666667
3205,360470760001,o_360470760001,1464.517311,982.048,0,18.55,16.6,1.716666667
3206,360470760002,o_360470760002,1343.126311,860.657,0,16.46666667,14.51666667,3.8
3207,360470760003,o_360470760003,1572.630512,1411.517,0,24.51666667,23.7,2.3
3208,360470762001,o_360470762001,2262.912295,1440.839,0,26.98333333,24.46666667,2.366666667
3209,360470762002,o_360470762002,3175.702395,1340.013,0,27.25,22.75,6.55
3210,360470762003,o_360470762003,3369.621395,1533.932,0,30.46666667,25.96666667,3.333333333
3211,360470764001,o_360470764001,3197.101076,1364.382,1,29.78333333,23.03333333,6.8
3212,360470764002,o_360470764002,4480.281242,809.185,1,24.01666667,13.68333333,5.483333333
3213,360470764003,o_360470764003,3556.748395,1721.059,0,33.61666667,29.11666667,7.183333333
3214,360470766001,o_360470766001,2751.778373,1521.979,0,29.18333333,25.76666667,6.4
3215,360470768001,o_360470768001,1749.282703,1477.359,0,26.31666667,25,2.25
3216,360470768002,o_360470768002,2438.11832,1434.771,0,26.88333333,24.38333333,6.916666667
3217,360470768003,o_360470768003,2506.464206,469.839,1,15.48333333,7.95,5.283333333
3218,360470770001,o_360470770001,2394.683512,1059.101,0,22.15,18.06666667,3.05
3219,360470770002,o_360470770002,3180.393736,1046.838,2,26.25,17.76666667,11.98333333
3220,360470772001,o_360470772001,2591.959512,1256.377,0,25.5,21.41666667,2.966666667
3221,360470772002,o_360470772002,2270.753295,1448.68,0,26.95,24.43333333,1.516666667
3222,360470774001,o_360470774001,2477.55773,1035.489,0,22.21666667,17.58333333,1.85
3223,360470774002,o_360470774002,2424.77137,1063.795,0,22.53333333,18.15,1.533333333
3224,360470776001,o_360470776001,2506.845289,756.022,0,18.28333333,12.91666667,1.183333333
3225,360470776002,o_360470776002,2068.320512,732.738,0,16.56666667,12.48333333,2.9
3226,360470776003,o_360470776003,2456.954878,1389.113,0,26.78333333,23.51666667,1.683333333
3227,360470780001,o_360470780001,3006.088289,1255.265,0,26.75,21.38333333,1.716666667
3228,360470780002,o_360470780002,2904.690289,1153.867,0,25.13333333,19.76666667,3.333333333
3229,360470782001,o_360470782001,2589.772433,1447.779,0,29.38333333,24.38333333,2.066666667
3230,360470782002,o_360470782002,2279.389208,1443.716,0,28.01666667,24.35,3.433333333
3231,360470784001,o_360470784001,2684.358512,1348.776,0,27,22.91666667,1.466666667
3232,360470784002,o_360470784002,2606.81641,1245.84,0,27.01666667,21.2,1.583333333
3233,360470786011,o_360470786011,2333.346289,582.523,0,15.35,9.983333333,4.116666667
3234,360470786012,o_360470786012,2322.29537,961.319,0,20.71666667,16.33333333,3.35
3235,360470786021,o_360470786021,2451.538289,700.715,0,17.33333333,11.96666667,2.133333333
3236,360470786022,o_360470786022,2468.870289,718.047,0,17.6,12.23333333,1.866666667
3237,360470788011,o_360470788011,2455.194967,984.658,1,21.45,16.65,7.05
3238,360470788012,o_360470788012,2610.161967,1139.625,1,24.08333333,19.28333333,4.416666667
3239,360470788021,o_360470788021,2508.068967,1037.532,1,22.3,17.5,6.2
3240,360470790011,o_360470790011,2416.561422,1762.427,0,33.03333333,29.75,1.166666667
3241,360470790021,o_360470790021,2479.085967,1008.549,1,21.9,17.1,6.6
3242,360470790022,o_360470790022,2465.166448,1344.201,0,26.96666667,22.68333333,1.866666667
3243,360470790023,o_360470790023,2508.621967,1038.085,1,22.38333333,17.58333333,6.116666667
3244,360470792011,o_360470792011,2112.628178,1590.885,0,29.45,26.8,2.55
3245,360470792021,o_360470792021,2051.318397,1152.273,1,22.81666667,19.51666667,5.683333333
3246,360470792022,o_360470792022,2094.062397,1195.017,1,23.56666667,20.26666667,4.933333333
3247,360470794001,o_360470794001,1811.038215,1597.905,0,28.15,26.93333333,2.083333333
3248,360470794002,o_360470794002,1708.131583,1448.982,0,26.3,24.5,1.2
3249,360470794003,o_360470794003,1753.460894,1264.401,0,25.01666667,21.4,2.483333333
3250,360470796011,o_360470796011,1804.506296,1190.079,0,23.08333333,20.03333333,1.75
3251,360470796012,o_360470796012,1992.196278,1055.484,0,22.91666667,17.81666667,1.916666667
3252,360470796021,o_360470796021,1833.159296,1218.732,0,23.58333333,20.53333333,1.25
3253,360470796022,o_360470796022,2189.301463,1014.777,0,23.71666667,17.1,1.116666667
3254,360470798011,o_360470798011,2474.402624,692.457,1,21.65,11.71666667,4.183333333
3255,360470798012,o_360470798012,2211.857867,898.744,0,22.76666667,15.28333333,2.066666667
3256,360470798021,o_360470798021,2498.631911,784.013,0,23.28333333,13.23333333,1.55
3257,360470798022,o_360470798022,3231.557652,1562.707,0,34.13333333,26.65,1.833333333
3258,360470798023,o_360470798023,2141.856463,967.332,0,22.98333333,16.36666667,1.85
3259,360470800001,o_360470800001,1523.166982,1200.882,0,22.58333333,20.53333333,1.05
3260,360470800002,o_360470800002,1451.093982,1128.809,0,21.31666667,19.26666667,2.316666667
3261,360470800003,o_360470800003,1777.898296,1163.471,0,22.66666667,19.61666667,2.166666667
3262,360470802001,o_360470802001,1618.35602,1217.352,0,22.56666667,20.56666667,2.266666667
3263,360470802002,o_360470802002,2415.318686,1058.713,1,20.86666667,17.86666667,6.183333333
3264,360470802003,o_360470802003,1698.540296,1084.113,0,21.31666667,18.26666667,3.516666667
3265,360470804001,o_360470804001,1464.867348,800.592,1,17.15,13.53333333,4.966666667
3266,360470804002,o_360470804002,1391.293656,1186.182,0,21.4,20.23333333,1.083333333
3267,360470804003,o_360470804003,1010.771899,841.82,0,15.18333333,14.23333333,1.15
3268,360470806001,o_360470806001,1955.137843,1276.835,0,23.06666667,21.56666667,1.366666667
3269,360470806002,o_360470806002,1222.68899,798.272,0,15.7,13.58333333,1.016666667
3270,360470808001,o_360470808001,658.8912472,499.156,0,9.266666667,8.533333333,7.45
3271,360470810001,o_360470810001,1199.76299,775.346,0,15.3,13.18333333,1.416666667
3272,360470810002,o_360470810002,1167.526276,954.103,0,17.21666667,16.16666667,3.9
3273,360470814001,o_360470814001,902.0682472,742.333,0,13.35,12.61666667,3.366666667
3274,360470814002,o_360470814002,980.5683783,732.259,0,13.65,12.41666667,1.883333333
3275,360470816001,o_360470816001,1206.854378,958.545,0,17.5,16.26666667,1.016666667
3276,360470816002,o_360470816002,917.7485042,710.997,0,13.25,12.06666667,3.883333333
3277,360470818001,o_360470818001,1034.499504,827.748,0,15.13333333,13.95,2
3278,360470818002,o_360470818002,1097.10224,889.798,0,15.88333333,14.98333333,3.566666667
3279,360470818003,o_360470818003,1310.201215,1097.068,0,19.7,18.48333333,1.533333333
3280,360470820001,o_360470820001,1778.925257,1131.886,0,20.53333333,19.03333333,1.733333333
3281,360470820002,o_360470820002,898.706899,729.755,0,13.26666667,12.31666667,3.066666667
3282,360470820003,o_360470820003,1304.635215,1091.502,0,19.58333333,18.36666667,1.65
3283,360470822001,o_360470822001,1814.18728,1584.277,0,28.05,26.8,1.066666667
3284,360470822002,o_360470822002,1613.46402,1212.46,0,22.45,20.45,2.383333333
3285,360470822003,o_360470822003,1774.691296,1160.264,0,22.58333333,19.53333333,2.25
3286,360470822004,o_360470822004,1813.091296,1198.664,0,23.26666667,20.21666667,1.566666667
3287,360470824001,o_360470824001,909.7062402,702.402,0,12.71666667,11.81666667,6.733333333
3288,360470824002,o_360470824002,1096.52424,889.22,0,15.86666667,14.96666667,3.583333333
3289,360470824003,o_360470824003,1704.846215,1491.713,0,26.41666667,25.2,3.816666667
3290,360470824004,o_360470824004,1053.588583,794.439,0,15.21666667,13.41666667,2.283333333
3291,360470826001,o_360470826001,1265.148654,824.915,0,15.83333333,13.9,3.616666667
3292,360470826002,o_360470826002,2261.091071,974.156,0,19.46666667,16.46666667,1.083333333
3293,360470826003,o_360470826003,2685.845367,784.483,1,19.35,13.3,6.483333333
3294,360470826004,o_360470826004,1581.000583,1321.851,0,24.13333333,22.33333333,3.366666667
3295,360470828001,o_360470828001,1963.824397,1064.779,1,21.28333333,17.98333333,7.216666667
3296,360470828002,o_360470828002,2301.335967,830.799,1,18.88333333,14.08333333,9.616666667
3297,360470828003,o_360470828003,2049.144397,1150.099,1,22.76666667,19.46666667,5.733333333
3298,360470830001,o_360470830001,1887.242773,745.249,0,17.55,12.55,1.9
3299,360470830002,o_360470830002,1866.247773,724.254,0,17.18333333,12.18333333,2.266666667
3300,360470830003,o_360470830003,2530.922967,1060.386,1,22.78333333,17.98333333,5.716666667
3301,360470830004,o_360470830004,2369.665967,899.129,1,20.05,15.25,8.45
3302,360470832001,o_360470832001,2078.670501,1638.437,0,29.55,27.61666667,1.9
3303,360470832002,o_360470832002,1896.166409,1663.237,0,29.08333333,28.05,4.983333333
3304,360470834001,o_360470834001,2209.297588,1582.159,0,29.4,26.65,2.083333333
3305,360470834002,o_360470834002,2488.710433,1346.717,0,27.81666667,22.81666667,3.666666667
3306,360470836001,o_360470836001,2735.039402,2496.8,0,43.43333333,42.05,1.25
3307,360470836002,o_360470836002,4272.403495,1139.796,2,29.38333333,19.3,12.15
3308,360470838001,o_360470838001,2242.123402,2003.884,0,35.15,33.76666667,9.533333333
3309,360470838002,o_360470838002,2265.715402,2027.476,0,35.56666667,34.18333333,9.116666667
3310,360470840001,o_360470840001,2292.826385,1020.894,0,24.03333333,17.18333333,2.616666667
3311,360470840002,o_360470840002,3154.221752,1283.779,1,30.76666667,21.66666667,6.233333333
3312,360470846001,o_360470846001,2270.567385,998.635,0,23.66666667,16.81666667,2.983333333
3313,360470846002,o_360470846002,2513.731007,1031.631,0,25.15,17.35,1.5
3314,360470848001,o_360470848001,1837.445856,1213.534,0,24.35,20.45,2.3
3315,360470848002,o_360470848002,3422.889675,1085.282,1,28.86666667,18.55,2.283333333
3316,360470850001,o_360470850001,2095.961491,1027.85,0,23.31666667,17.4,3.333333333
3317,360470852001,o_360470852001,1939.465945,1204.652,0,23.86666667,20.31666667,7.45
3318,360470854001,o_360470854001,1384.610654,944.377,0,17.85,15.91666667,1.633333333
3319,360470854002,o_360470854002,1716.852409,1483.923,0,26.08333333,25.05,7.983333333
3320,360470856001,o_360470856001,1154.69524,947.391,0,16.85,15.95,2.633333333
3321,360470856002,o_360470856002,1085.53224,878.228,0,15.7,14.8,3.783333333
3322,360470856003,o_360470856003,1046.58624,839.282,0,15,14.1,4.483333333
3323,360470858001,o_360470858001,1843.301101,1353.717,0,25.55,22.86666667,1.783333333
3324,360470858002,o_360470858002,1083.297349,915.797,0,16.61666667,15.46666667,4.2
3325,360470860001,o_360470860001,1463.374768,608.022,0,15.23333333,10.28333333,2.416666667
3326,360470860002,o_360470860002,1609.450596,1338.36,0,24.26666667,22.56666667,2.383333333
3327,360470860003,o_360470860003,1740.216209,1300.208,0,24.76666667,22.01666667,1.883333333
3328,360470862001,o_360470862001,1622.373596,1351.283,0,24.45,22.75,2.2
3329,360470862002,o_360470862002,1577.984596,1306.894,0,23.7,22,2.95
3330,360470862003,o_360470862003,1466.703706,1315.414,0,22.91666667,22.16666667,2.2
3331,360470864001,o_360470864001,1808.963581,1523.015,0,27.35,25.95,2.383333333
3332,360470864002,o_360470864002,989.9303355,812.636,0,14.73333333,13.9,1.533333333
3333,360470866001,o_360470866001,1121.17345,874.344,0,15.95,14.78333333,1.616666667
3334,360470866002,o_360470866002,1715.651312,1516.94,0,26.75,25.76666667,1.05
3335,360470866003,o_360470866003,1258.739209,818.731,0,16.63333333,13.88333333,1.016666667
3336,360470868001,o_360470868001,895.1135959,624.023,0,12.2,10.5,5.45
3337,360470868002,o_360470868002,926.9265959,655.836,0,12.75,11.05,4.9
3338,360470868003,o_360470868003,1120.386596,849.296,0,16,14.3,1.65
3339,360470870001,o_360470870001,1101.377596,830.287,0,15.71666667,14.01666667,1.933333333
3340,360470870002,o_360470870002,1228.458209,788.45,0,16.15,13.4,1.5
3341,360470870003,o_360470870003,1129.012596,857.922,0,16.26666667,14.56666667,1.383333333
3342,360470872001,o_360470872001,1625.711449,1177.476,0,22.25,19.86666667,1.25
3343,360470872002,o_360470872002,1393.479596,1122.389,0,20.66666667,18.96666667,5.983333333
3344,360470872003,o_360470872003,1553.415596,1282.325,0,23.35,21.65,3.3
3345,360470874011,o_360470874011,1389.635743,1124.954,0,20.38333333,19,2.45
3346,360470874012,o_360470874012,1277.193743,1012.512,0,18.43333333,17.05,4.4
3347,360470876001,o_360470876001,1058.035699,793.561,0,14.68333333,13.43333333,1.033333333
3348,360470876002,o_360470876002,1699.574312,1500.863,0,26.33333333,25.35,1.466666667
3349,360470878001,o_360470878001,1208.366658,652.176,0,13.71666667,11.1,2
3350,360470878002,o_360470878002,1624.834871,975.175,0,18.91666667,16.56666667,1.9
3351,360470878003,o_360470878003,1249.921312,1051.21,0,18.8,17.81666667,3
3352,360470880011,o_360470880011,1132.109907,598.085,0,12.6,10.05,1.05
3353,360470880012,o_360470880012,1018.890699,754.416,0,14.13333333,12.88333333,1.583333333
3354,360470880021,o_360470880021,917.6306988,653.156,0,12.33333333,11.08333333,3.383333333
3355,360470882001,o_360470882001,1047.608699,783.134,0,14.55,13.3,1.166666667
3356,360470882002,o_360470882002,1231.860658,675.67,0,14.06666667,11.45,1.65
3357,360470882003,o_360470882003,1633.766093,1383.112,0,24.63333333,23.36666667,2.433333333
3358,360470882004,o_360470882004,1795.521581,1509.573,0,27.08333333,25.68333333,2.65
3359,360470884001,o_360470884001,1196.226827,1101.813,0,19.23333333,18.76666667,5.65
3360,360470884002,o_360470884002,1446.014827,1351.601,0,23.41666667,22.95,1.466666667
3361,360470884003,o_360470884003,1695.005634,1479.221,0,26.33333333,25.13333333,2.2
3362,360470886001,o_360470886001,1501.381415,861.699,0,18.58333333,14.61666667,1.9
3363,360470886002,o_360470886002,948.6881164,709.616,0,13.48333333,12,4.55
3364,360470886003,o_360470886003,1402.860298,1002.25,0,19.43333333,16.95,1.05
3365,360470888001,o_360470888001,736.5757303,594.196,0,10.58333333,10.01666667,1.616666667
3366,360470888002,o_360470888002,857.2313661,443.524,0,9.166666667,7.55,3.033333333
3367,360470888003,o_360470888003,931.9923661,518.285,0,10.46666667,8.85,1.733333333
3368,360470890001,o_360470890001,1177.524543,1001.785,0,17.95,16.88333333,2.533333333
3369,360470890002,o_360470890002,978.7261404,789.496,0,14.51666667,13.41666667,2.416666667
3370,360470890003,o_360470890003,562.4527303,420.073,0,7.616666667,7.05,4.583333333
3371,360470890004,o_360470890004,607.2417303,464.862,0,8.4,7.833333333,3.8
3372,360470890005,o_360470890005,543.0993742,365.805,0,6.916666667,6.233333333,2.866666667
3373,360470890006,o_360470890006,619.3967303,477.017,0,8.533333333,7.966666667,3.666666667
3374,360470892001,o_360470892001,1366.289827,1271.876,0,22.08333333,21.61666667,2.8
3375,360470892002,o_360470892002,1610.988634,1395.204,0,24.91666667,23.71666667,3.616666667
3376,360470892003,o_360470892003,1424.423415,784.741,0,17.25,13.28333333,3.233333333
3377,360470892004,o_360470892004,1400.161298,999.551,0,19.43333333,16.95,1.05
3378,360470894001,o_360470894001,1698.368773,825.272,0,19.35,13.93333333,1.133333333
3379,360470894002,o_360470894002,1194.964543,1019.225,0,18.3,17.23333333,2.183333333
3380,360470894003,o_360470894003,991.8701404,802.64,0,14.78333333,13.68333333,2.15
3381,360470894004,o_360470894004,844.8811404,655.651,0,12.31666667,11.21666667,4.616666667
3382,360470896001,o_360470896001,1064.443543,888.704,0,16.08333333,15.01666667,4.4
3383,360470896002,o_360470896002,714.4061488,488.328,0,9.366666667,8.233333333,4.366666667
3384,360470896003,o_360470896003,648.8945427,473.155,0,9.1,8.033333333,1.383333333
3385,360470898001,o_360470898001,1599.522149,1373.444,0,24.28333333,23.15,1.45
3386,360470898002,o_360470898002,1239.899543,1064.16,0,19.03333333,17.96666667,1.45
3387,360470900001,o_360470900001,1521.725917,1266.678,0,22.43333333,21.43333333,5.683333333
3388,360470900002,o_360470900002,1587.804917,1332.757,0,23.46666667,22.46666667,4.65
3389,360470900003,o_360470900003,1670.059917,1415.012,0,24.88333333,23.88333333,3.233333333
3390,360470900004,o_360470900004,1719.604917,1464.557,0,25.71666667,24.71666667,2.4
3391,360470900005,o_360470900005,1813.279811,731.459,0,19.08333333,12.36666667,1.4
3392,360470900006,o_360470900006,1797.018811,715.198,0,18.81666667,12.1,1.666666667
3393,360470900007,o_360470900007,1658.221634,1442.437,0,25.75,24.55,2.783333333
3394,360470902001,o_360470902001,1925.656229,1496.167,0,26.91666667,25.25,1.2
3395,360470902002,o_360470902002,1667.507917,1412.46,0,24.83333333,23.83333333,3.283333333
3396,360470902003,o_360470902003,1589.917917,1334.87,0,23.53333333,22.53333333,2.65
3397,360470902004,o_360470902004,1477.686917,1222.639,0,21.68333333,20.68333333,4.5
3398,360470902005,o_360470902005,1815.708229,1386.219,0,25.08333333,23.41666667,1.1
3399,360470906001,o_360470906001,2847.327674,1783.338,0,35.51666667,30.18333333,1.5
3400,360470906002,o_360470906002,2172.384504,1536.654,0,28.1,26.1,4.533333333
3401,360470906003,o_360470906003,3055.600448,1539.416,1,33.76666667,26.1,3.983333333
3402,360470908001,o_360470908001,3447.077211,1328.9,1,33.43333333,22.63333333,4.316666667
3403,360470908002,o_360470908002,2634.295444,1596.037,0,32.21666667,26.95,2.283333333
3404,360470908003,o_360470908003,2524.753506,1809.173,0,33.96666667,30.48333333,2.783333333
3405,360470910001,o_360470910001,2437.060767,1241.554,0,24.03333333,21.03333333,1.1
3406,360470910002,o_360470910002,2321.680767,1126.174,0,22.08333333,19.08333333,3.05
3407,360470910003,o_360470910003,1913.456186,1465.067,0,27.03333333,24.85,2.25
3408,360470910004,o_360470910004,2255.003767,1059.497,0,20.98333333,17.98333333,4.15
3409,360470912001,o_360470912001,1922.147504,1286.417,0,23.91666667,21.91666667,1.216666667
3410,360470912002,o_360470912002,2076.876711,1508.892,0,27.71666667,25.48333333,2.383333333
3411,360470912003,o_360470912003,1740.645654,1164.274,0,22.56666667,19.71666667,1.233333333
3412,360470916001,o_360470916001,1305.771149,1079.693,0,19.35,18.23333333,2.4
3413,360470916002,o_360470916002,1092.592149,866.514,0,15.78333333,14.66666667,5.966666667
3414,360470916003,o_360470916003,1085.069543,909.33,0,16.61666667,15.55,1.933333333
3415,360470916004,o_360470916004,749.3861488,523.308,0,9.966666667,8.833333333,1.833333333
3416,360470918001,o_360470918001,1463.149654,886.778,0,17.75,14.95,4
3417,360470918002,o_360470918002,1677.756506,962.176,0,19.75,16.26666667,2
3418,360470920001,o_360470920001,1040.024654,463.653,0,10.66666667,7.816666667,1.133333333
3419,360470920002,o_360470920002,1151.093425,989.124,0,17.63333333,16.85,1.65
3420,360470920003,o_360470920003,1346.053186,897.664,0,17.53333333,15.35,1.75
3421,360470920004,o_360470920004,1472.379251,848.547,0,17.53333333,14.5,1.75
3422,360470922001,o_360470922001,1071.937425,909.968,0,16.33333333,15.55,2.95
3423,360470922002,o_360470922002,786.1681488,560.09,0,10.66666667,9.533333333,1.133333333
3424,360470924001,o_360470924001,3277.820465,469.64,1,24.51666667,7.916666667,5.033333333
3425,360470924002,o_360470924002,1689.085229,1259.596,0,22.98333333,21.31666667,3.2
3426,360470924003,o_360470924003,1365.793149,1139.715,0,20.33333333,19.21666667,1.416666667
3427,360470928001,o_360470928001,1186.824356,910.273,0,16.91666667,15.55,1.666666667
3428,360470928002,o_360470928002,945.1409143,767.846,0,13.7,13.01666667,3.15
3429,360470928003,o_360470928003,740.1451488,514.067,0,9.966666667,8.833333333,1.833333333
3430,360470930001,o_360470930001,836.3463355,659.052,0,12.05,11.21666667,2.283333333
3431,360470930002,o_360470930002,1655.932611,1490.109,0,25.8,25.23333333,2.8
3432,360470932001,o_360470932001,3356.997031,1261.073,1,31.41666667,21.28333333,3.65
3433,360470934001,o_360470934001,959.3099825,463.133,0,10.11666667,7.8,4.216666667
3434,360470934002,o_360470934002,1422.462301,1179.119,0,21.06666667,20.1,7.983333333
3435,360470936001,o_360470936001,1003.031982,506.855,0,10.9,8.583333333,3.433333333
3436,360470936002,o_360470936002,1677.135301,1433.792,0,25.36666667,24.4,3.683333333
3437,360470938001,o_360470938001,1780.915856,1157.004,0,23.45,19.55,1.266666667
3438,360470938002,o_360470938002,1265.221476,521.851,0,12.3,8.85,2.033333333
3439,360470944011,o_360470944011,2496.507089,2074.8,0,36.78333333,35.13333333,1.266666667
3440,360470944012,o_360470944012,3537.737004,972.142,0,26.28333333,16.38333333,1.983333333
3441,360470944013,o_360470944013,2749.432066,1106.189,0,24.85,18.68333333,2.666666667
3442,360470944014,o_360470944014,2783.760066,1140.517,0,25.48333333,19.31666667,2.033333333
3443,360470944021,o_360470944021,3666.777552,1777.582,0,36.75,30.16666667,1.25
3444,360470946001,o_360470946001,2339.889903,696.716,0,18.16666667,11.81666667,1.1
3445,360470946002,o_360470946002,2263.505903,620.332,0,16.88333333,10.53333333,2.383333333
3446,360470946003,o_360470946003,2504.630988,609.943,0,17.51666667,10.2,1.75
3447,360470950001,o_360470950001,4755.463475,1222.745,1,33.78333333,20.78333333,5.216666667
3448,360470950002,o_360470950002,2828.020066,1184.777,0,26.26666667,20.1,1.25
3449,360470954001,o_360470954001,2755.210306,1112.041,0,25.2,18.85,3.066666667
3450,360470954002,o_360470954002,2666.283849,2409.776,0,41.75,40.85,3.1
3451,360470954003,o_360470954003,3246.140074,1781.334,0,35.85,30.18333333,1.416666667
3452,360470956001,o_360470956001,3837.624737,1486.842,1,34.1,25.18333333,3.166666667
3453,360470956002,o_360470956002,3224.726542,1482.894,1,31.81666667,25.06666667,5.45
3454,360470958001,o_360470958001,2472.228217,1250.766,0,25.93333333,21.23333333,2.333333333
3455,360470958002,o_360470958002,2678.627646,1067.814,0,24.53333333,18.25,1.316666667
3456,360470960001,o_360470960001,2013.092773,791.63,0,18.01666667,13.31666667,1.25
3457,360470962001,o_360470962001,1935.537666,1197.661,0,23.65,20.46666667,2.2
3458,360470964001,o_360470964001,2268.200912,1112.171,0,23.7,19.03333333,2.15
3459,360470964002,o_360470964002,2478.925837,1076.368,0,23.95,18.4,1.9
3460,360470966001,o_360470966001,2943.215592,960.626,0,24.75,16.4,1.1
3461,360470966002,o_360470966002,2843.250997,998.391,1,24.06666667,16.83333333,7.033333333
3462,360470968001,o_360470968001,2399.933034,957.761,1,21.78333333,16.13333333,9.316666667
3463,360470968002,o_360470968002,2636.268646,1025.455,0,23.78333333,17.5,2.066666667
3464,360470970001,o_360470970001,1636.162985,1423.15,0,24.86666667,24.03333333,5.233333333
3465,360470970002,o_360470970002,2187.078821,1185.294,0,24.25,20.13333333,1.6
3466,360470974001,o_360470974001,2876.951419,1132.242,1,25.13333333,19.23333333,5.15
3467,360470974002,o_360470974002,3051.027508,962.489,1,25.45,16.28333333,5.383333333
3468,360470982001,o_360470982001,3000.174994,1417.435,1,29.3,24.18333333,8.35
3469,360470982002,o_360470982002,2617.00561,1302.731,0,28.68333333,22.08333333,1.15
3470,360470984001,o_360470984001,3430.091454,2488.528,0,44.15,42.15,1.366666667
3471,360470986001,o_360470986001,3562.602924,697.044,1,24.46666667,11.81666667,6.366666667
3472,360470986002,o_360470986002,3390.920454,2449.357,0,43.46666667,41.46666667,2.05
3473,360470988001,o_360470988001,3204.014305,801.494,1,24.15,13.56666667,6.683333333
3474,360470988002,o_360470988002,3919.368201,1104.799,1,29.58333333,18.7,3.016666667
3475,360470990001,o_360470990001,3677.479058,1107.438,1,28.53333333,18.68333333,4.066666667
3476,360470992001,o_360470992001,3396.584371,1253.979,1,29.41666667,21.23333333,3.183333333
3477,360470994001,o_360470994001,3496.478737,1145.696,1,28.3,19.38333333,4.3
3478,360470996001,o_360470996001,3871.814201,1057.245,1,28.75,17.86666667,3.85
3479,360470996002,o_360470996002,4250.219288,958.91,1,29.36666667,16.45,3.233333333
3480,360470998001,o_360470998001,4341.35155,1059.369,1,29.86666667,17.73333333,3.733333333
3481,360470998002,o_360470998002,4432.651585,3207.816,0,58.25,54.48333333,1.166666667
3482,360471004001,o_360471004001,4347.383293,816.503,1,27.6,13.93333333,5
3483,360471006001,o_360471006001,3882.522201,1067.953,1,28.88333333,18,3.716666667
3484,360471006002,o_360471006002,4141.396288,850.087,1,27.2,14.28333333,5.4
3485,360471008001,o_360471008001,3712.853058,1142.812,1,29.16666667,19.31666667,3.433333333
3486,360471008002,o_360471008002,3989.524775,923.641,1,27.53333333,15.58333333,5.066666667
3487,360471010001,o_360471010001,4039.287775,973.404,1,28.4,16.45,4.2
3488,360471010002,o_360471010002,4253.827288,962.518,1,29.16666667,16.25,3.433333333
3489,360471012001,o_360471012001,4390.46329,2197.162,1,43.6,37.23333333,7.416666667
3490,360471012002,o_360471012002,4636.050581,2153.158,1,43.93333333,36.48333333,7.083333333
3491,360471014001,o_360471014001,3665.537419,1920.828,1,37.9,32.55,6.716666667
3492,360471014002,o_360471014002,3865.278454,2923.715,0,51.46666667,49.46666667,4.05
3493,360471016001,o_360471016001,3942.437419,2197.728,1,42.53333333,37.18333333,11.08333333
3494,360471018001,o_360471018001,3928.732739,3413.936,0,59.65,57.43333333,3.116666667
3495,360471020001,o_360471020001,5539.915256,681.665,1,29.38333333,11.51666667,3.216666667
3496,360471022001,o_360471022001,5223.968787,586.108,1,27.01666667,9.833333333,5.583333333
3497,360471024001,o_360471024001,4383.046293,852.166,1,28,14.33333333,4.6
3498,360471026001,o_360471026001,4399.782293,868.902,1,28.31666667,14.65,4.283333333
3499,360471028011,o_360471028011,4790.194691,743.857,1,27.88333333,12.56666667,4.716666667
3500,360471028021,o_360471028021,5446.430684,3601.963,0,67.8,60.76666667,2.383333333
3501,360471034011,o_360471034011,5648.589087,601.997,1,28.61666667,10.15,3.983333333
3502,360471034012,o_360471034012,5120.521269,714.406,1,28.55,12.1,4.05
3503,360471034021,o_360471034021,6085.816801,1662.162,2,45.8,27.93333333,8.8
3504,360471058011,o_360471058011,3569.435198,2127.895,0,42.33333333,36.33333333,1.283333333
3505,360471058012,o_360471058012,4005.827123,1938.415,1,41.3,32.95,3.316666667
3506,360471058013,o_360471058013,5187.072817,1434.732,1,41.11666667,24.51666667,2.5
3507,360471058041,o_360471058041,5450.026909,1370.665,1,41.4,23.3,2.216666667
3508,360471058042,o_360471058042,3869.310317,1934.486,1,40.68333333,32.83333333,3.933333333
3509,360471058043,o_360471058043,3895.495317,1960.671,1,41.15,33.3,3.466666667
3510,360471058044,o_360471058044,5285.576909,1206.215,1,38.63333333,20.53333333,4.983333333
3511,360471070011,o_360471070011,5689.260328,2148.157,1,46.3,36.48333333,9.166666667
3512,360471070021,o_360471070021,8859.864398,2800.984,1,69.98333333,47.13333333,2.633333333
3513,360471070031,o_360471070031,4529.311591,1765.374,1,40.83333333,29.86666667,3.8
3514,360471078001,o_360471078001,4356.614783,1178.251,1,33.18333333,19.98333333,6.666666667
3515,360471078002,o_360471078002,4601.368144,1650.683,1,39.71666667,28.03333333,4.916666667
3516,360471078003,o_360471078003,3896.454784,582.872,1,25.91666667,9.85,4.933333333
3517,360471078004,o_360471078004,3946.188784,632.606,1,26.85,10.78333333,4
3518,360471098001,o_360471098001,1319.101654,742.73,0,15.48333333,12.68333333,1.616666667
3519,360471098002,o_360471098002,1449.617985,1236.605,0,21.71666667,20.88333333,3.733333333
3520,360471098003,o_360471098003,1853.846721,1627.769,0,28.78333333,27.55,1.066666667
3521,360471098004,o_360471098004,2007.862219,1868.694,0,32.51666667,31.83333333,4.15
3522,360471098005,o_360471098005,1971.899065,1796.456,0,31.36666667,30.51666667,8.716666667
3523,360471104001,o_360471104001,2684.954854,1760.592,0,34.48333333,30,2.183333333
3524,360471104002,o_360471104002,2516.35754,1875.181,0,35.06666667,31.95,1.6
3525,360471104003,o_360471104003,2837.476314,1704.187,0,34.6,29.1,2.066666667
3526,360471104004,o_360471104004,3184.976784,919.534,0,27.16666667,15.58333333,2.683333333
3527,360471106001,o_360471106001,3464.086924,1290.481,1,32.46666667,22,5.2
3528,360471106002,o_360471106002,3647.445244,1261.519,1,33,21.56666667,4.666666667
3529,360471110001,o_360471110001,4293.835381,1516.498,0,32.8,25.8,2.683333333
3530,360471110002,o_360471110002,4609.712555,1213.452,1,29.88333333,20.6,6.6
3531,360471116001,o_360471116001,3916.935103,626.844,0,27.51666667,10.56666667,2.333333333
3532,360471116002,o_360471116002,4117.369414,1387.577,0,36.73333333,23.5,2.116666667
3533,360471118001,o_360471118001,3818.349485,1104.654,0,32.85,18.91666667,3.816666667
3534,360471118002,o_360471118002,3828.798103,538.707,0,26.05,9.1,3.8
3535,360471120001,o_360471120001,3874.328381,1096.991,0,25.66666667,18.66666667,2.316666667
3536,360471120002,o_360471120002,3911.272381,1133.935,0,26.3,19.3,1.683333333
3537,360471122001,o_360471122001,3577.831169,1258.27,0,26.91666667,21.41666667,1.066666667
3538,360471122002,o_360471122002,2654.632591,803.616,0,23.1,13.75,1.533333333
3539,360471124001,o_360471124001,3493.394169,1173.833,0,25.46666667,19.96666667,2.516666667
3540,360471124002,o_360471124002,3234.840169,915.279,0,21.08333333,15.58333333,6.9
3541,360471124003,o_360471124003,3033.144169,713.583,0,17.65,12.15,2.833333333
3542,360471126001,o_360471126001,2882.631408,1036.713,0,22.1,17.6,5.883333333
3543,360471126002,o_360471126002,2721.645408,875.727,0,19.35,14.85,1.133333333
3544,360471126003,o_360471126003,2566.666408,720.748,0,16.75,12.25,3.733333333
3545,360471128001,o_360471128001,2427.736698,785.699,0,21.61666667,13.46666667,3.016666667
3546,360471128002,o_360471128002,2237.23274,941.974,0,22.38333333,16.1,2.25
3547,360471128003,o_360471128003,2043.08128,956.749,0,21.66666667,16.4,2.966666667
3548,360471130001,o_360471130001,2537.161767,1341.655,0,25.86666667,22.86666667,2.116666667
3549,360471130002,o_360471130002,2517.326767,1321.82,0,25.53333333,22.53333333,2.45
3550,360471130003,o_360471130003,2014.629417,1114.781,0,23.43333333,19.06666667,1.2
3551,360471130004,o_360471130004,1947.481966,1144.336,0,23.36666667,19.46666667,1.266666667
3552,360471132001,o_360471132001,1728.989826,1267.127,0,23.91666667,21.66666667,2.75
3553,360471132002,o_360471132002,1988.460417,1088.612,0,22.9,18.53333333,1.733333333
3554,360471132003,o_360471132003,1816.959251,1193.127,0,23.31666667,20.28333333,1.316666667
3555,360471134001,o_360471134001,2811.605105,1570.715,1,31.35,26.73333333,6.316666667
3556,360471134002,o_360471134002,2595.889767,1400.383,0,26.8,23.8,1.183333333
3557,360471134003,o_360471134003,2494.408767,1298.902,0,25.03333333,22.03333333,2.95
3558,360471142011,o_360471142011,4727.159504,1551.346,0,32.75,26.25,1.216666667
3559,360471142012,o_360471142012,4479.094425,1901.575,1,38.51666667,32.26666667,6.116666667
3560,360471142021,o_360471142021,5562.024472,1517.447,2,37.98333333,25.7,11.11666667
3561,360471142022,o_360471142022,5372.622638,1659.424,2,39.33333333,28.3,9.766666667
3562,360471144001,o_360471144001,3310.400318,889.729,1,23.63333333,15,7.216666667
3563,360471144002,o_360471144002,3441.99374,2146.735,0,41.85,36.46666667,1.783333333
3564,360471144003,o_360471144003,3317.722198,1876.182,0,37.86666667,31.86666667,2.55
3565,360471144004,o_360471144004,3375.082408,1529.164,0,30.46666667,25.96666667,1.8
3566,360471146001,o_360471146001,5390.977472,1346.4,2,35.16666667,22.88333333,10.71666667
3567,360471146002,o_360471146002,4509.019211,1226.49,1,37.25,20.85,4.166666667
3568,360471150001,o_360471150001,4590.502381,1813.165,0,37.73333333,30.73333333,3.533333333
3569,360471150002,o_360471150002,3727.685444,1763.804,0,39,30,1.416666667
3570,360471150003,o_360471150003,3980.918221,1665.552,0,39.31666667,28.31666667,1.1
3571,360471152001,o_360471152001,4165.216169,1845.655,0,36.7,31.2,4.566666667
3572,360471152002,o_360471152002,3756.205444,1792.324,0,39.4,30.4,1.016666667
3573,360471152003,o_360471152003,3796.172169,1476.611,0,30.5,25,1.766666667
3574,360471156001,o_360471156001,3091.427408,1245.509,0,25.63333333,21.13333333,6.633333333
3575,360471156002,o_360471156002,2879.318408,1033.4,0,22.03333333,17.53333333,2.733333333
3576,360471156003,o_360471156003,3083.706408,1237.788,0,25.5,21,6.766666667
3577,360471156004,o_360471156004,3530.591138,557.074,2,20.71666667,9.433333333,7.916666667
3578,360471158001,o_360471158001,3768.839169,1449.278,0,30.11666667,24.61666667,2.15
3579,360471158002,o_360471158002,3316.675408,1470.757,0,29.4,24.9,2.866666667
3580,360471158003,o_360471158003,2848.31789,791.854,0,23.76666667,13.38333333,2.866666667
3581,360471160001,o_360471160001,3760.974169,1441.413,0,29.9,24.4,2.366666667
3582,360471160002,o_360471160002,3657.427169,1337.866,0,28.15,22.65,4.116666667
3583,360471160003,o_360471160003,3071.149636,692.842,0,23.95,11.71666667,2.683333333
3584,360471162001,o_360471162001,4081.788381,1304.451,0,29.13333333,22.13333333,3.133333333
3585,360471162002,o_360471162002,3923.625381,1146.288,0,26.46666667,19.46666667,5.8
3586,360471162003,o_360471162003,3750.428381,973.091,0,23.51666667,16.51666667,1.25
3587,360471164001,o_360471164001,3905.159221,1589.793,0,38.13333333,27.13333333,2.283333333
3588,360471164002,o_360471164002,3745.136417,1611.968,0,37.53333333,27.56666667,2.883333333
3589,360471164003,o_360471164003,3572.007458,563.902,0,25.11666667,9.533333333,1.516666667
3590,360471166001,o_360471166001,4333.117417,2199.949,0,47.5,37.53333333,1.916666667
3591,360471166002,o_360471166002,4197.644636,1819.337,0,42.26666667,31.03333333,2.366666667
3592,360471166003,o_360471166003,4040.546265,1446.867,0,36.95,24.6,3.466666667
3593,360471168001,o_360471168001,4714.775265,2121.096,0,48.28333333,36.06666667,1.133333333
3594,360471168002,o_360471168002,4701.161265,2107.482,0,48,35.78333333,1.416666667
3595,360471170001,o_360471170001,4957.249068,1953.442,1,47.1,33.23333333,3.316666667
3596,360471170002,o_360471170002,4324.565417,2191.397,0,47.15,37.18333333,2.183333333
3597,360471172011,o_360471172011,5706.570075,1322.499,2,36.08333333,22.51666667,9.716666667
3598,360471172012,o_360471172012,4925.110068,1921.303,1,46.55,32.68333333,3.783333333
3599,360471172021,o_360471172021,5996.315797,459.511,1,22.25,7.8,4.416666667
3600,360471172022,o_360471172022,6175.274691,1265.316,2,34.85,21.5,16.48333333
3601,360471174001,o_360471174001,6780.255959,1963.392,0,45.15,33.15,5.533333333
3602,360471174002,o_360471174002,6272.589691,1362.631,2,36.51666667,23.16666667,14.81666667
3603,360471176011,o_360471176011,6522.192297,808.43,1,28.85,13.73333333,4.433333333
3604,360471176012,o_360471176012,6682.089799,1350.798,2,37.3,22.95,14.03333333
3605,360471176021,o_360471176021,7162.319535,693.255,1,27.18333333,11.68333333,4.483333333
3606,360471176022,o_360471176022,7196.995128,1815.69,0,44.61666667,30.61666667,6.066666667
3607,360471178001,o_360471178001,6803.358799,1472.067,2,39.4,25.05,11.93333333
3608,360471180001,o_360471180001,6933.005179,707.347,1,29.05,12,4.233333333
3609,360471182011,o_360471182011,7875.818195,502.466,1,25.48333333,8.483333333,6.183333333
3610,360471182012,o_360471182012,7942.708195,569.356,1,26.58333333,9.583333333,5.083333333
3611,360471182021,o_360471182021,8417.100337,559.283,1,27.95,9.45,3.716666667
3612,360471182022,o_360471182022,6543.519208,1669.763,0,45.7,28.26666667,5.916666667
3613,360471184001,o_360471184001,7678.418451,563.975,1,30.63333333,9.55,6.033333333
3614,360471184002,o_360471184002,7081.236535,612.172,1,25.83333333,10.33333333,5.833333333
3615,360471184003,o_360471184003,7194.866128,1813.561,0,44.61666667,30.61666667,6.066666667
3616,360471186001,o_360471186001,7862.281883,1321.17,2,44.45,22.51666667,6.883333333
3617,360471186002,o_360471186002,7480.685401,1472.748,2,44.86666667,25.08333333,6.466666667
3618,360471188001,o_360471188001,8426.303544,1421.465,2,38.58333333,24.23333333,12.75
3619,360471188002,o_360471188002,8373.583544,1368.745,2,37.68333333,23.33333333,13.65
3620,360471188003,o_360471188003,8523.913544,1519.075,2,40.23333333,25.88333333,11.1
3621,360471190001,o_360471190001,5282.881168,2017.115,0,49.28333333,34.26666667,3.333333333
3622,360471190002,o_360471190002,5340.789168,2075.023,0,50.26666667,35.25,2.35
3623,360471192001,o_360471192001,4808.825265,2215.146,0,49.83333333,37.61666667,2.783333333
3624,360471192002,o_360471192002,4502.30691,1626.642,0,41.45,27.73333333,2.166666667
3625,360471192003,o_360471192003,4717.127265,2123.448,0,48.28333333,36.06666667,4.333333333
3626,360471194001,o_360471194001,4285.971265,1692.292,0,41.11666667,28.76666667,2.5
3627,360471194002,o_360471194002,4210.324265,1616.645,0,39.9,27.55,3.716666667
3628,360471194003,o_360471194003,4064.314196,566.365,0,27.56666667,9.616666667,2.266666667
3629,360471196001,o_360471196001,7891.801901,1612.599,2,40.33333333,27.35,8.75
3630,360471196002,o_360471196002,4779.182168,1513.416,0,41.16666667,25.7,2.45
3631,360471196003,o_360471196003,4640.732003,1557.209,0,41.16666667,26.45,2.45
3632,360471196004,o_360471196004,4495.73291,1620.068,0,41.31666667,27.6,2.3
3633,360471198001,o_360471198001,3965.407639,867.26,1,24.83333333,14.7,6
3634,360471198002,o_360471198002,4258.908124,2077.195,1,40.56666667,35.31666667,4.05
3635,360471198003,o_360471198003,4349.497121,1370.594,1,38.38333333,23.35,6.233333333
3636,360471200001,o_360471200001,7809.613901,1530.411,2,38.95,25.96666667,10.13333333
3637,360471200002,o_360471200002,5035.98791,2160.323,0,50.13333333,36.68333333,2.483333333
3638,360471202001,o_360471202001,8359.551085,1442.278,2,38.95,24.46666667,10.13333333
3639,360471202002,o_360471202002,8352.723085,1435.45,2,38.81666667,24.33333333,10.26666667
3640,360471208011,o_360471208011,4550.88091,1675.216,0,42.13333333,28.41666667,1.483333333
3641,360471208012,o_360471208012,4489.935003,1406.412,0,38.61666667,23.9,1.733333333
3642,360471208013,o_360471208013,5208.84454,1085.844,0,38.08333333,18.46666667,2.266666667
3643,360471208014,o_360471208014,4914.515116,1120.296,0,37.16666667,19.13333333,3.183333333
3644,360471208021,o_360471208021,5728.212752,1761.935,0,47.96666667,29.9,1.383333333
3645,360471208022,o_360471208022,5841.36754,1718.367,0,47.9,29.15,1.45
3646,360471208031,o_360471208031,5475.579814,1066.164,0,39.2,18.2,1.15
3647,360471210001,o_360471210001,4239.66191,1363.997,0,36.98333333,23.26666667,3.366666667
3648,360471210002,o_360471210002,4247.52991,1371.865,0,37.03333333,23.31666667,3.316666667
3649,360471214001,o_360471214001,4967.200116,1172.981,0,38,19.96666667,2.35
3650,360471214002,o_360471214002,5184.90654,1061.906,0,37.8,18.18333333,2.55
3651,360471220001,o_360471220001,5902.484367,1608.087,0,46.8,27.3,2.55
3652,360471220002,o_360471220002,5018.790003,1935.267,0,47.21666667,32.86666667,2.133333333
3653,360471237001,o_360471237001,1853.602786,1606.578,0,28.18333333,27.23333333,1.55
3654,360471237002,o_360471237002,2038.647029,1829.198,0,32.05,30.9,1.066666667
3655,360471237003,o_360471237003,2689.583268,586.211,1,19.88333333,9.883333333,5.9
3656,360471502001,o_360471502001,2812.048564,419.675,0,16.91666667,7.133333333,1.6
3657,360471502002,o_360471502002,2389.830925,385.327,0,14.88333333,6.55,3.633333333
3658,360471502003,o_360471502003,1808.590105,951.556,0,17.81666667,16.31666667,2.65
3659,360471522001,o_360471522001,4767.0474,1162.923,1,29.08333333,19.75,4.383333333
3660,360471522002,o_360471522002,4078.128046,1083.427,1,30.46666667,18.41666667,8.533333333
3661,360471522003,o_360471522003,3621.258046,626.557,1,22.71666667,10.66666667,16.28333333
3662,360050002001,o_360050002001,5569.749367,1358.969,2,40.15,23.11666667,12.05
3663,360050002002,o_360050002002,5230.43562,2268.864,1,53.93333333,38.26666667,5.2
3664,360050002003,o_360050002003,6012.862969,1130.742,2,39.75,19.16666667,12.45
3665,360050004001,o_360050004001,6640.363689,754.017,1,31.9,12.76666667,7.116666667
3666,360050004002,o_360050004002,5519.310367,1308.53,2,39.18333333,22.15,13.01666667
3667,360050004003,o_360050004003,6111.243578,934.865,2,38.05,15.9,14.15
3668,360050004004,o_360050004004,4214.6037,1303.09,1,36.96666667,21.96666667,10.05
3669,360050016001,o_360050016001,4264.470655,1010.007,1,32.98333333,17.15,5.55
3670,360050016002,o_360050016002,4408.614288,1835.849,1,40.83333333,31,7.9
3671,360050016003,o_360050016003,3698.995871,1331.044,1,34.96666667,22.58333333,7.6
3672,360050016004,o_360050016004,4658.9182,1198.36,2,33.35,20.36666667,12.31666667
3673,360050019011,o_360050019011,1804.683844,1281.266,0,23.9,21.63333333,7.3
3674,360050019021,o_360050019021,2937.346628,575.242,1,22.13333333,9.75,5.416666667
3675,360050019031,o_360050019031,3524.070119,329.509,1,21.85,5.566666667,5.7
3676,360050019032,o_360050019032,5400.3292,871.12,1,1,14.75,4.516666667
3677,360050020011,o_360050020011,4352.427138,2478.217,0,46.35,41.85,1.383333333
3678,360050020012,o_360050020012,4606.208733,2131.809,1,43.06666667,35.96666667,5.666666667
3679,360050020013,o_360050020013,4148.122138,2273.912,0,42.91666667,38.41666667,4.816666667
3680,360050020021,o_360050020021,4241.390138,2367.18,0,44.6,40.1,3.133333333
3681,360050020022,o_360050020022,4485.508184,2272.29,1,44.3,38.33333333,4.433333333
3682,360050020023,o_360050020023,4007.805138,2133.595,0,40.63333333,36.13333333,7.1
3683,360050023001,o_360050023001,1514.082779,901.283,0,16.78333333,15.28333333,2.983333333
3684,360050023002,o_360050023002,1614.582779,1001.783,0,18.53333333,17.03333333,1.233333333
3685,360050023003,o_360050023003,1620.619031,1268.78,0,24.05,21.41666667,6.2
3686,360050024001,o_360050024001,5418.949594,2129.356,0,52.61666667,36,2.983333333
3687,360050025001,o_360050025001,2056.672543,847.026,1,22.96666667,14.26666667,3.633333333
3688,360050025002,o_360050025002,2638.357444,731.842,1,21.95,12.3,5.6
3689,360050025003,o_360050025003,2070.747742,1270.066,0,24.53333333,21.53333333,2.016666667
3690,360050025004,o_360050025004,2050.334742,1249.653,0,24.16666667,21.16666667,2.383333333
3691,360050025005,o_360050025005,2264.848804,724.567,1,19.18333333,12.26666667,8.366666667
3692,360050027011,o_360050027011,2529.257367,497.788,1,22.61666667,8.45,3.983333333
3693,360050027012,o_360050027012,2599.223444,692.708,1,21.33333333,11.68333333,6.216666667
3694,360050027021,o_360050027021,2200.182575,1051.763,0,23.76666667,17.65,1.516666667
3695,360050027022,o_360050027022,2416.558367,385.089,1,20.63333333,6.466666667,5.966666667
3696,360050027023,o_360050027023,2257.831184,681.951,1,22.88333333,11.45,3.716666667
3697,360050027024,o_360050027024,1990.495874,1099.072,0,23.1,18.48333333,2.183333333
3698,360050028001,o_360050028001,3206.250423,1423.813,1,33.33333333,24.05,7.216666667
3699,360050028002,o_360050028002,3957.781693,1469.632,1,36.5,24.83333333,4.05
3700,360050028003,o_360050028003,3331.706423,1549.269,1,35.45,26.16666667,5.1
3701,360050028004,o_360050028004,3500.863454,1430.247,1,34.36666667,24.11666667,6.183333333
3702,360050031001,o_360050031001,2053.991028,1866.555,0,32.58333333,31.48333333,1.033333333
3703,360050033001,o_360050033001,2160.687027,1697.612,0,31.75,28.66666667,1.033333333
3704,360050033002,o_360050033002,1875.387201,1592.648,0,28.78333333,26.9,4
3705,360050033003,o_360050033003,1714.658201,1431.919,0,26.05,24.16666667,6.733333333
3706,360050035001,o_360050035001,1862.070825,545.426,0,16.2,9.1,1.083333333
3707,360050035002,o_360050035002,1406.011028,1218.575,0,21.65,20.55,3.966666667
3708,360050035003,o_360050035003,1707.076575,558.657,0,15.53333333,9.416666667,1.75
3709,360050037001,o_360050037001,1499.779874,608.356,0,14.86666667,10.25,2.416666667
3710,360050038001,o_360050038001,4141.230138,2267.02,0,42.96666667,38.46666667,4.766666667
3711,360050039001,o_360050039001,2063.708543,854.062,1,23.05,14.35,3.55
3712,360050039002,o_360050039002,1803.908695,987.2,0,22.91666667,16.68333333,2.166666667
3713,360050039003,o_360050039003,1564.312742,763.631,0,16.06666667,13.06666667,1.983333333
3714,360050039004,o_360050039004,1430.362549,1136.702,0,21.2,19.11666667,4.4
3715,360050039005,o_360050039005,1465.370549,1171.71,0,21.78333333,19.7,3.816666667
3716,360050040011,o_360050040011,3197.288878,1418.354,0,28.01666667,24.01666667,3.466666667
3717,360050041001,o_360050041001,1502.888549,1209.228,0,22.36666667,20.28333333,3.233333333
3718,360050041002,o_360050041002,1723.238346,925.447,0,17.71666667,15.71666667,1.833333333
3719,360050041003,o_360050041003,1054.429643,772.296,0,14.15,13.16666667,3.133333333
3720,360050041004,o_360050041004,1089.415643,807.282,0,14.68333333,13.7,2.6
3721,360050042001,o_360050042001,4841.342988,921.171,1,26.03333333,15.58333333,6.45
3722,360050042002,o_360050042002,3890.933531,1681.421,0,40.15,28.6,1.966666667
3723,360050042003,o_360050042003,3463.13931,1917.671,0,40.31666667,32.31666667,1.25
3724,360050042004,o_360050042004,3775.815871,1407.864,1,36.26666667,23.88333333,6.3
3725,360050042005,o_360050042005,3424.41931,1878.951,0,39.63333333,31.63333333,1.933333333
3726,360050042006,o_360050042006,3371.88131,1826.413,0,38.86666667,30.86666667,2.7
3727,360050042007,o_360050042007,3509.628599,1954.141,0,40.28333333,33.03333333,1.833333333
3728,360050043001,o_360050043001,986.8170044,549.223,0,10.75,9.333333333,2.233333333
3729,360050043002,o_360050043002,869.1498101,587.017,0,10.55,9.883333333,2.433333333
3730,360050043003,o_360050043003,1128.912643,846.779,0,15.2,14.21666667,2.083333333
3731,360050043004,o_360050043004,1513.880028,1326.444,0,23.5,22.4,2.116666667
3732,360050044001,o_360050044001,3700.854573,1315.379,0,27.7,22.2,3.783333333
3733,360050044002,o_360050044002,3668.730573,1283.255,0,27.15,21.65,4.333333333
3734,360050044003,o_360050044003,2907.616915,2108.35,0,39.83333333,35.7,1.733333333
3735,360050044004,o_360050044004,4265.564594,1257.945,0,27.76666667,21.26666667,3.716666667
3736,360050046001,o_360050046001,3858.234531,1648.722,0,39.53333333,27.98333333,2.583333333
3737,360050048001,o_360050048001,3369.651895,616.655,1,17,10.53333333,11.11666667
3738,360050048002,o_360050048002,3421.659009,1503.969,1,36.65,25.45,3.9
3739,360050050011,o_360050050011,2759.894303,1964.712,0,38.2,33.33333333,1.35
3740,360050050012,o_360050050012,3376.700423,1594.263,1,36.28333333,27,4.266666667
3741,360050050013,o_360050050013,3373.843423,1591.406,1,36.15,26.86666667,4.4
3742,360050050014,o_360050050014,3442.831423,1660.394,1,37.28333333,28,3.266666667
3743,360050050021,o_360050050021,2519.959802,1924.976,0,36.31666667,32.66666667,3.233333333
3744,360050050022,o_360050050022,2459.141802,1864.158,0,35.3,31.65,4.25
3745,360050050023,o_360050050023,2649.305802,2054.322,0,38.51666667,34.86666667,1.033333333
3746,360050050024,o_360050050024,2769.030303,1973.848,0,38.38333333,33.51666667,1.166666667
3747,360050051001,o_360050051001,1005.477532,615.517,0,12.13333333,10.43333333,3.1
3748,360050051002,o_360050051002,1533.264742,732.583,0,15.4,12.4,2.65
3749,360050051003,o_360050051003,837.4448101,555.312,0,10.01666667,9.35,2.966666667
3750,360050052001,o_360050052001,2419.990802,1825.007,0,34.55,30.9,5
3751,360050052002,o_360050052002,2350.742464,2117.701,0,37.33333333,35.85,2.216666667
3752,360050053001,o_360050053001,2449.102828,2111.922,0,38.01666667,35.81666667,6.083333333
3753,360050053002,o_360050053002,2234.283828,1897.103,0,34.45,32.25,1.65
3754,360050054001,o_360050054001,2774.425551,1529.282,0,34.28333333,25.96666667,1.866666667
3755,360050054002,o_360050054002,2464.173802,1869.19,0,35.45,31.8,4.1
3756,360050054003,o_360050054003,2261.214303,1466.032,0,29.8,24.93333333,1.75
3757,360050054004,o_360050054004,3917.686225,2706.554,0,52.01666667,45.75,2.133333333
3758,360050056001,o_360050056001,5011.596093,781.596,1,34.71666667,13.15,8.95
3759,360050056002,o_360050056002,4986.834093,756.834,1,34.28333333,12.71666667,9.383333333
3760,360050056003,o_360050056003,2658.572051,1613.627,0,34.51666667,27.41666667,1.633333333
3761,360050059021,o_360050059021,1584.079431,932.873,0,20.35,15.73333333,1.233333333
3762,360050059022,o_360050059022,1245.300866,970.019,0,18.3,16.35,3.283333333
3763,360050060001,o_360050060001,2874.017815,1276.402,0,30.51666667,21.6,3.35
3764,360050060002,o_360050060002,2986.11683,1726.703,0,37.65,29.3,3.966666667
3765,360050061001,o_360050061001,2187.254812,873.215,1,19.6,14.8,5.666666667
3766,360050061002,o_360050061002,1316.782866,1041.501,0,19.5,17.55,5.366666667
3767,360050061003,o_360050061003,1433.34581,1151.213,0,20.05,19.38333333,4.216666667
3768,360050061004,o_360050061004,2300.139484,698.776,1,17.78333333,11.78333333,4.55
3769,360050062001,o_360050062001,5159.865469,586.53,1,33.93333333,9.833333333,8.016666667
3770,360050062002,o_360050062002,4899.283583,669.306,1,33.81666667,11.25,8.133333333
3771,360050062003,o_360050062003,5054.345615,657.595,1,34.35,11.03333333,7.6
3772,360050062004,o_360050062004,5412.042093,1182.042,1,41.48333333,19.91666667,5.466666667
3773,360050062005,o_360050062005,4110.435251,713.329,1,21.35,12.13333333,11.16666667
3774,360050063011,o_360050063011,1619.37541,884.134,0,18.05,15,2
3775,360050063012,o_360050063012,1472.03841,736.797,0,15.56666667,12.51666667,4.483333333
3776,360050063013,o_360050063013,1134.20606,788.331,0,14.88333333,13.45,5.166666667
3777,360050063014,o_360050063014,868.1641418,524.334,0,11.15,8.833333333,1.416666667
3778,360050063015,o_360050063015,1487.610742,686.929,0,14.66666667,11.66666667,6.666666667
3779,360050063016,o_360050063016,1102.00506,756.13,0,14.31666667,12.88333333,5.733333333
3780,360050063021,o_360050063021,2067.04841,1331.807,0,25.56666667,22.51666667,1.483333333
3781,360050064001,o_360050064001,3853.98423,1079.022,1,26.51666667,18.3,6
3782,360050064002,o_360050064002,3780.152808,1073.692,0,32.36666667,18.2,1.916666667
3783,360050064003,o_360050064003,4435.486251,1038.38,1,26.83333333,17.61666667,5.683333333
3784,360050064004,o_360050064004,2775.506312,1596.293,0,32.45,27.15,6.45
3785,360050065001,o_360050065001,759.171643,477.038,0,9.033333333,8.05,2.533333333
3786,360050065002,o_360050065002,1109.266342,746.857,0,16.46666667,12.58333333,1.566666667
3787,360050065003,o_360050065003,705.240643,423.107,0,8.066666667,7.083333333,3.5
3788,360050065004,o_360050065004,538.893643,256.76,0,5.3,4.316666667,6.266666667
3789,360050067001,o_360050067001,1027.62181,745.489,0,13.33333333,12.66666667,2.933333333
3790,360050067002,o_360050067002,800.920643,518.787,0,9.683333333,8.7,1.883333333
3791,360050067003,o_360050067003,1093.269643,811.136,0,14.6,13.61666667,5.966666667
3792,360050067004,o_360050067004,968.614643,686.481,0,12.53333333,11.55,8.033333333
3793,360050067005,o_360050067005,733.580643,451.447,0,8.583333333,7.6,2.983333333
3794,360050067006,o_360050067006,932.8558101,650.723,0,11.63333333,10.96666667,4.633333333
3795,360050068001,o_360050068001,3536.27323,761.311,1,21.16666667,12.95,11.35
3796,360050068002,o_360050068002,4271.339251,874.233,1,24.06666667,14.85,8.45
3797,360050068003,o_360050068003,3810.76123,1035.799,1,25.8,17.58333333,6.716666667
3798,360050069001,o_360050069001,1368.289731,544.009,1,13.03333333,9.233333333,4.233333333
3799,360050069002,o_360050069002,1185.749643,903.616,0,16.2,15.21666667,4.366666667
3800,360050069003,o_360050069003,1153.627643,871.494,0,15.66666667,14.68333333,4.9
3801,360050069004,o_360050069004,1491.31281,1209.18,0,21,20.33333333,3.266666667
3802,360050070001,o_360050070001,3723.64223,948.68,1,24.3,16.08333333,8.216666667
3803,360050070002,o_360050070002,2807.512389,1158.504,0,28.36666667,19.65,1.483333333
3804,360050070003,o_360050070003,3251.902536,1083.481,1,25.23333333,18.51666667,7.283333333
3805,360050071001,o_360050071001,1514.923605,1028.913,0,20.06666667,17.4,1.816666667
3806,360050071002,o_360050071002,1074.29781,792.165,0,14.01666667,13.35,2.25
3807,360050072001,o_360050072001,3063.485536,895.064,1,22.01666667,15.3,10.5
3808,360050072002,o_360050072002,3211.922536,1043.501,1,24.48333333,17.76666667,8.033333333
3809,360050072003,o_360050072003,2273.437988,1217.481,0,26.21666667,20.75,3.633333333
3810,360050072004,o_360050072004,3220.382536,1051.961,1,24.63333333,17.91666667,7.883333333
3811,360050073001,o_360050073001,1797.78555,483.019,1,12.06666667,8.15,5.2
3812,360050073002,o_360050073002,1760.50655,445.74,1,11.43333333,7.516666667,5.833333333
3813,360050073003,o_360050073003,1923.031546,1045.859,0,20.1,17.6,4.833333333
3814,360050074001,o_360050074001,4729.371419,1134.754,1,37.65,19.2,5.85
3815,360050074002,o_360050074002,4239.377338,1183.331,1,35.7,20.06666667,7.8
3816,360050074003,o_360050074003,4535.630434,1274.317,1,38.35,21.61666667,5.15
3817,360050075001,o_360050075001,1376.184643,1094.051,0,19.4,18.41666667,1.166666667
3818,360050075002,o_360050075002,1575.877605,1089.867,0,20.78333333,18.31666667,6.4
3819,360050075003,o_360050075003,2375.398308,1801.223,0,33.86666667,30.36666667,2.75
3820,360050075004,o_360050075004,3304.494582,768.254,1,23.85,12.96666667,4.333333333
3821,360050076001,o_360050076001,3865.85423,1090.892,1,26.65,18.43333333,5.866666667
3822,360050076002,o_360050076002,3693.48323,918.521,1,23.76666667,15.55,8.75
3823,360050076003,o_360050076003,3507.43223,732.47,1,20.66666667,12.45,11.85
3824,360050076004,o_360050076004,3527.63123,752.669,1,21.05,12.83333333,11.46666667
3825,360050076005,o_360050076005,3244.971536,1076.55,1,25.06666667,18.35,7.45
3826,360050077001,o_360050077001,1847.146605,1361.136,0,25.36666667,22.9,1.816666667
3827,360050078001,o_360050078001,2627.217573,1275.809,1,26.43333333,21.71666667,6.083333333
3828,360050078002,o_360050078002,2740.853701,971.823,2,24.6,16.51666667,8.916666667
3829,360050078003,o_360050078003,3256.999536,1088.578,1,25.23333333,18.51666667,7.283333333
3830,360050078004,o_360050078004,2454.563392,1675.556,0,31.35,28.4,2.933333333
3831,360050079001,o_360050079001,2465.520308,1891.345,0,35.41666667,31.91666667,1.2
3832,360050079002,o_360050079002,2479.321894,1766.017,0,34,29.88333333,1.55
3833,360050079003,o_360050079003,3534.22963,1945.986,0,37.35,32.85,1.85
3834,360050079004,o_360050079004,3528.92163,1940.678,0,37.3,32.8,1.9
3835,360050079005,o_360050079005,3780.226591,1576.877,0,32.68333333,26.68333333,1.516666667
3836,360050079006,o_360050079006,2928.059855,1599.649,1,32.73333333,27.11666667,3.816666667
3837,360050083001,o_360050083001,3277.37963,1689.136,0,33.03333333,28.53333333,1.166666667
3838,360050083002,o_360050083002,3388.26963,1800.026,0,34.91666667,30.41666667,4.283333333
3839,360050083003,o_360050083003,3446.31063,1858.067,0,35.88333333,31.38333333,3.316666667
3840,360050083004,o_360050083004,3549.88163,1961.638,0,37.63333333,33.13333333,1.566666667
3841,360050083005,o_360050083005,3766.873335,1228.755,1,34.31666667,20.8,5.866666667
3842,360050083006,o_360050083006,3863.624582,1115.34,1,33.58333333,18.85,6.6
3843,360050084001,o_360050084001,4031.9587,1120.445,1,33.91666667,18.91666667,9.85
3844,360050084002,o_360050084002,3833.995438,1398.465,1,35.83333333,23.6,7.933333333
3845,360050085001,o_360050085001,4193.065796,1010.055,1,34.35,17.06666667,5.833333333
3846,360050085002,o_360050085002,2776.517167,1605.27,0,33.98333333,27.2,1.566666667
3847,360050085003,o_360050085003,2292.361894,1579.057,0,30.85,26.73333333,4.7
3848,360050085004,o_360050085004,2777.978167,1606.731,0,33.95,27.16666667,1.6
3849,360050085005,o_360050085005,3586.555022,1225.22,1,32.13333333,20.78333333,4.416666667
3850,360050086001,o_360050086001,4526.885434,1265.572,1,38.16666667,21.43333333,5.333333333
3851,360050086002,o_360050086002,4962.777229,924.971,1,36.5,15.7,7
3852,360050086003,o_360050086003,4756.116419,1161.499,1,38.11666667,19.66666667,5.383333333
3853,360050087001,o_360050087001,2340.763975,1727.894,0,33.1,29.08333333,2.316666667
3854,360050087002,o_360050087002,2402.077894,1688.773,0,32.68333333,28.56666667,2.866666667
3855,360050087003,o_360050087003,2473.183894,1759.879,0,33.9,29.78333333,1.65
3856,360050087004,o_360050087004,2121.982563,1715.129,0,31.55,28.88333333,3.866666667
3857,360050087005,o_360050087005,2325.894707,1250.787,0,24.16666667,21.16666667,2.033333333
3858,360050089001,o_360050089001,2186.242757,890.004,1,23.38333333,15.06666667,3.45
3859,360050089002,o_360050089002,2624.483167,1453.236,0,31.4,24.61666667,4.15
3860,360050090001,o_360050090001,3005.030822,2744.503,0,47.56666667,46.56666667,1.716666667
3861,360050090002,o_360050090002,4069.211813,2056.252,0,46.4,34.61666667,3.116666667
3862,360050090003,o_360050090003,3448.737806,1534.185,1,35.2,26,8.566666667
3863,360050090004,o_360050090004,3123.476916,2161.555,0,38.7,36.7,4.066666667
3864,360050090005,o_360050090005,3795.701438,1360.171,1,35.21666667,22.98333333,8.55
3865,360050092001,o_360050092001,2438.934573,1087.526,1,23.13333333,18.41666667,9.383333333
3866,360050092002,o_360050092002,2068.886092,1168.134,1,23.51666667,19.8,9
3867,360050092003,o_360050092003,1920.555435,1409.29,0,24.8,23.8,1.966666667
3868,360050092004,o_360050092004,1656.862392,877.855,0,17.85,14.9,1.433333333
3869,360050092005,o_360050092005,2559.986701,790.956,2,21.51666667,13.43333333,8.716666667
3870,360050093011,o_360050093011,3607.301132,1990.731,0,43.11666667,33.76666667,1.15
3871,360050093012,o_360050093012,4200.497909,1730.925,0,42.15,29.28333333,2.116666667
3872,360050093013,o_360050093013,2731.858381,1724.026,1,35.9,29.25,4.65
3873,360050093014,o_360050093014,2408.286757,1112.048,1,27.25,18.93333333,5.3
3874,360050093015,o_360050093015,2651.071802,2056.088,0,38.45,34.8,1.1
3875,360050093016,o_360050093016,3809.514434,1900.956,0,42.65,32.1,1.616666667
3876,360050093021,o_360050093021,4768.771909,2299.199,0,51.65,38.78333333,4.616666667
3877,360050093022,o_360050093022,3467.544108,2156.273,1,45.11666667,36.43333333,4.433333333
3878,360050096001,o_360050096001,1790.201822,1529.674,0,26.93333333,25.93333333,4.066666667
3879,360050096002,o_360050096002,1538.309658,1148.823,0,22.16666667,19.45,6.066666667
3880,360050098001,o_360050098001,2840.087916,1878.166,0,33.85,31.85,5.633333333
3881,360050098002,o_360050098002,2792.946916,1831.025,0,33.06666667,31.06666667,6.416666667
3882,360050098003,o_360050098003,2534.640435,2023.375,0,35.28333333,34.28333333,4.2
3883,360050098004,o_360050098004,4262.856434,1001.543,1,33.75,17.01666667,6.466666667
3884,360050098005,o_360050098005,3827.811579,1278.825,1,34.63333333,21.66666667,5.583333333
3885,360050115021,o_360050115021,2411.007464,2177.966,0,38.26666667,36.78333333,1.283333333
3886,360050115022,o_360050115022,2451.237802,1856.254,0,35.06666667,31.41666667,4.483333333
3887,360050115023,o_360050115023,2908.294757,1612.056,1,35.63333333,27.31666667,4.916666667
3888,360050117011,o_360050117011,2912.988757,1616.75,1,35.71666667,27.4,4.833333333
3889,360050117012,o_360050117012,3935.117909,1465.545,0,37.63333333,24.76666667,6.633333333
3890,360050117021,o_360050117021,4928.346368,1475.762,0,41.86666667,24.93333333,2.4
3891,360050118001,o_360050118001,6833.696968,1060.674,0,44.86666667,17.86666667,4.3
3892,360050118002,o_360050118002,6008.997776,1181.708,0,43.93333333,19.85,5.233333333
3893,360050118003,o_360050118003,6456.212886,2703.232,0,57.98333333,45.8,5.1
3894,360050119001,o_360050119001,2251.605558,1550.69,0,27.75,26.25,3.166666667
3895,360050119002,o_360050119002,1893.869464,1660.828,0,29.55,28.06666667,2
3896,360050119003,o_360050119003,2320.244558,1619.329,0,28.9,27.4,2.016666667
3897,360050119004,o_360050119004,2874.843132,1258.273,0,30.68333333,21.33333333,1.583333333
3898,360050119005,o_360050119005,1863.219464,1630.178,0,29.05,27.56666667,2.5
3899,360050121011,o_360050121011,1772.220303,977.038,0,21.45,16.58333333,1.1
3900,360050121012,o_360050121012,1619.998802,1025.015,0,20.96666667,17.31666667,1.583333333
3901,360050121021,o_360050121021,1713.282303,918.1,0,20.45,15.58333333,2.1
3902,360050123001,o_360050123001,1353.940695,1117.488,0,20.41666667,18.9,8.583333333
3903,360050123002,o_360050123002,1912.243464,1679.202,0,29.81666667,28.33333333,1.733333333
3904,360050123003,o_360050123003,1921.735279,891.409,0,21.35,15.11666667,1.2
3905,360050123004,o_360050123004,2047.713463,1837.335,0,32.56666667,31.08333333,1.033333333
3906,360050123005,o_360050123005,1996.780414,1749.816,0,31.48333333,29.58333333,1.583333333
3907,360050123006,o_360050123006,2310.012303,1514.83,0,30.51666667,25.65,1.033333333
3908,360050125001,o_360050125001,1205.026464,971.985,0,17.9,16.41666667,4.65
3909,360050125002,o_360050125002,1126.543464,893.502,0,16.58333333,15.1,5.966666667
3910,360050127011,o_360050127011,1486.701802,891.718,0,18.76666667,15.11666667,3.783333333
3911,360050127012,o_360050127012,2128.658558,1427.743,0,25.63333333,24.13333333,2.783333333
3912,360050129011,o_360050129011,2275.767894,1562.463,0,30.53333333,26.41666667,1.733333333
3913,360050129012,o_360050129012,1625.557318,542.847,1,16.08333333,9.183333333,4.916666667
3914,360050130001,o_360050130001,5836.721204,690.206,0,37.2,11.63333333,2.083333333
3915,360050131001,o_360050131001,1135.887464,902.846,0,16.71666667,15.23333333,5.833333333
3916,360050131002,o_360050131002,1398.696464,1165.655,0,21.31666667,19.83333333,1.233333333
3917,360050131003,o_360050131003,1402.800464,1169.759,0,21.2,19.71666667,1.35
3918,360050131004,o_360050131004,1309.190464,1076.149,0,19.63333333,18.15,2.916666667
3919,360050132001,o_360050132001,5304.495438,1520.621,1,44.36666667,25.68333333,6.7
3920,360050132002,o_360050132002,5722.748131,1632.945,1,47.33333333,27.71666667,3.733333333
3921,360050132003,o_360050132003,6327.807947,560.44,0,37.96666667,9.433333333,2.2
3922,360050132004,o_360050132004,5683.368828,709.611,0,36.83333333,11.98333333,2.45
3923,360050132005,o_360050132005,6674.089096,523.664,0,38.91666667,8.816666667,1.25
3924,360050133001,o_360050133001,1354.759552,1033.942,0,19.11666667,17.5,3.05
3925,360050133002,o_360050133002,1644.113605,1158.103,0,22.01666667,19.55,1.883333333
3926,360050133003,o_360050133003,1548.778605,1062.768,0,20.38333333,17.91666667,3.516666667
3927,360050133004,o_360050133004,1539.637605,1053.627,0,20.23333333,17.76666667,3.666666667
3928,360050135001,o_360050135001,1153.529552,832.712,0,15.7,14.08333333,6.466666667
3929,360050135002,o_360050135002,1199.684552,878.867,0,16.58333333,14.96666667,5.583333333
3930,360050135003,o_360050135003,1427.400114,1066.096,0,20.16666667,17.96666667,2.733333333
3931,360050138001,o_360050138001,6528.513715,814.409,0,35.65,13.85,2.416666667
3932,360050138002,o_360050138002,6893.803083,1695.582,0,48.86666667,28.71666667,1.2
3933,360050141001,o_360050141001,1531.790856,1104.364,0,21.15,18.65,5.483333333
3934,360050141002,o_360050141002,1156.223605,670.213,0,13.95,11.28333333,4.65
3935,360050141003,o_360050141003,1579.834333,265.794,1,9.816666667,4.466666667,8.466666667
3936,360050143001,o_360050143001,1621.493605,1135.483,0,21.71666667,19.25,2.183333333
3937,360050144001,o_360050144001,4488.7152,1229.125,0,38.98333333,20.75,1.183333333
3938,360050144002,o_360050144002,4166.661386,1150.727,0,36.36666667,19.4,3.8
3939,360050144003,o_360050144003,4458.9962,1199.406,0,38.53333333,20.3,1.633333333
3940,360050144004,o_360050144004,4340.312708,1221.437,0,37.96666667,20.71666667,1.316666667
3941,360050144005,o_360050144005,5035.139065,724.11,0,34.8,12.23333333,5.366666667
3942,360050144006,o_360050144006,4279.132708,1160.257,0,37,19.75,2.283333333
3943,360050145001,o_360050145001,613.9731635,404.128,0,7.983333333,6.733333333,2.9
3944,360050145002,o_360050145002,1625.100865,996.908,0,20.51666667,16.83333333,1.633333333
3945,360050145003,o_360050145003,923.3375818,672.18,0,12.4,11.31666667,2.283333333
3946,360050145004,o_360050145004,748.8649045,548.852,0,10.95,9.266666667,1.283333333
3947,360050147011,o_360050147011,1062.235164,852.39,0,15.6,14.35,7.283333333
3948,360050147012,o_360050147012,895.4755818,644.318,0,11.93333333,10.85,2.75
3949,360050147013,o_360050147013,1050.719164,840.874,0,15.36666667,14.11666667,7.516666667
3950,360050147021,o_360050147021,1484.244977,1251.577,0,22.48333333,21.08333333,2.516666667
3951,360050147022,o_360050147022,1558.624977,1325.957,0,23.78333333,22.38333333,1.216666667
3952,360050147023,o_360050147023,1547.205938,1005.713,0,19.1,17.03333333,2.583333333
3953,360050147024,o_360050147024,1905.169362,1307.961,0,24.63333333,22.06666667,2.05
3954,360050149001,o_360050149001,909.4105531,695.902,0,13.35,11.73333333,5.483333333
3955,360050149002,o_360050149002,1262.148695,1025.696,0,18.95,17.43333333,1.05
3956,360050149003,o_360050149003,1344.851715,814.189,0,16.6,13.68333333,1.033333333
3957,360050151001,o_360050151001,1265.917695,1029.465,0,18.95,17.43333333,1.05
3958,360050151002,o_360050151002,1413.256114,1051.952,0,19.96666667,17.76666667,2.933333333
3959,360050151003,o_360050151003,469.8895531,256.381,0,5.933333333,4.316666667,4.9
3960,360050151004,o_360050151004,753.1976953,516.745,0,10.26666667,8.75,1.733333333
3961,360050152001,o_360050152001,3591.059417,1561.011,0,37.86666667,26.28333333,1.416666667
3962,360050152002,o_360050152002,3731.312094,715.38,0,29.03333333,12.06666667,2.133333333
3963,360050153001,o_360050153001,1337.012796,1056.27,0,19.76666667,17.9,3.216666667
3964,360050153002,o_360050153002,1170.440695,933.988,0,17.3,15.78333333,2.7
3965,360050153003,o_360050153003,1288.141464,1055.1,0,19.33333333,17.85,3.216666667
3966,360050155001,o_360050155001,1611.371324,971.149,0,19.9,16.46666667,5.733333333
3967,360050155002,o_360050155002,1562.875204,1365.706,0,24.45,23.05,1.333333333
3968,360050157001,o_360050157001,2600.262963,1241.442,0,29.21666667,21.05,2.333333333
3969,360050157002,o_360050157002,2309.845303,1514.663,0,30.46666667,25.6,1.083333333
3970,360050157003,o_360050157003,1914.957464,1681.916,0,29.86666667,28.38333333,1.683333333
3971,360050157004,o_360050157004,1833.190324,1192.968,0,23.66666667,20.23333333,1.966666667
3972,360050158001,o_360050158001,4146.016225,644.339,0,29.83333333,10.85,1.333333333
3973,360050159001,o_360050159001,2906.518132,1289.948,0,31.2,21.85,1.066666667
3974,360050159002,o_360050159002,2449.637167,1278.39,0,28.41666667,21.63333333,3.85
3975,360050160001,o_360050160001,4749.81528,1285.811,0,36.31666667,21.66666667,2.566666667
3976,360050160002,o_360050160002,4230.251635,1339.098,0,35.41666667,22.61666667,3.466666667
3977,360050160003,o_360050160003,4478.4482,1218.858,0,38.71666667,20.48333333,1.45
3978,360050160004,o_360050160004,4410.955594,1355.2,0,36.21666667,22.88333333,2.666666667
3979,360050161001,o_360050161001,3826.173678,902.254,1,31.98333333,15.23333333,6.683333333
3980,360050161002,o_360050161002,2807.015061,1260.794,0,29.1,21.26666667,2.15
3981,360050161003,o_360050161003,1887.877324,1247.655,0,24.6,21.16666667,1.033333333
3982,360050161004,o_360050161004,1749.517324,1109.295,0,22.26666667,18.83333333,3.366666667
3983,360050162001,o_360050162001,3778.979094,763.047,0,29.8,12.83333333,1.366666667
3984,360050162002,o_360050162002,4073.752281,1426.03,0,36.11666667,24.15,1.95
3985,360050163001,o_360050163001,1652.387004,1252.254,0,23.8,21.11666667,1.85
3986,360050164001,o_360050164001,3203.087565,1032.327,0,30.03333333,17.46666667,1.133333333
3987,360050165001,o_360050165001,1595.348164,1396.586,0,25.01666667,23.68333333,2.766666667
3988,360050166001,o_360050166001,3161.667565,990.907,0,29.3,16.73333333,1.866666667
3989,360050166002,o_360050166002,4771.692854,965.311,1,31.55,16.31666667,7.516666667
3990,360050167001,o_360050167001,1430.59515,1128.069,0,20.51666667,18.98333333,6.5
3991,360050167002,o_360050167002,1347.256164,1148.494,0,20.83333333,19.5,3.683333333
3992,360050169001,o_360050169001,1348.832977,1116.165,0,20.21666667,18.81666667,1.516666667
3993,360050171001,o_360050171001,1363.281022,1139.522,0,20.56666667,19.26666667,1.266666667
3994,360050173001,o_360050173001,2045.054477,1703.059,0,31.38333333,28.83333333,1.283333333
3995,360050173002,o_360050173002,2087.727282,1863.08,0,32.95,31.41666667,3.666666667
3996,360050173003,o_360050173003,1887.445773,1263.583,0,25.51666667,21.38333333,1.05
3997,360050173004,o_360050173004,1996.741282,1772.094,0,31.38333333,29.85,5.233333333
3998,360050175001,o_360050175001,1412.789303,684.274,0,17.68333333,11.53333333,1.283333333
3999,360050175002,o_360050175002,1721.253988,1523.379,0,27.36666667,25.78333333,2.233333333
4000,360050175003,o_360050175003,1421.893303,693.378,0,17.83333333,11.68333333,1.133333333
4001,360050175004,o_360050175004,1224.514164,1014.669,0,18.46666667,17.21666667,1.15
4002,360050175005,o_360050175005,1245.444094,773.121,0,17.08333333,13.08333333,1.883333333
4003,360050175006,o_360050175006,1200.899094,728.576,0,16.33333333,12.33333333,2.633333333
4004,360050177011,o_360050177011,1229.898164,1020.053,0,18.53333333,17.28333333,1.083333333
4005,360050177012,o_360050177012,1023.123189,750.813,0,15.06666667,12.75,3.15
4006,360050177013,o_360050177013,1009.736189,737.426,0,14.83333333,12.51666667,3.383333333
4007,360050177021,o_360050177021,1428.100582,1176.943,0,21,19.91666667,2.416666667
4008,360050177022,o_360050177022,1376.764582,1125.607,0,20.08333333,19,3.333333333
4009,360050177023,o_360050177023,1118.273419,596.772,0,13.91666667,10.08333333,1.683333333
4010,360050177024,o_360050177024,1128.901136,831.347,0,16.5,14.18333333,4.516666667
4011,360050179011,o_360050179011,1153.048419,631.547,0,14.5,10.66666667,1.1
4012,360050179012,o_360050179012,963.7443441,442.243,0,10.61666667,7.483333333,1.05
4013,360050179013,o_360050179013,1291.065033,198.338,0,9.85,3.3,1.816666667
4014,360050179021,o_360050179021,892.5753441,371.074,0,9.383333333,6.25,2.283333333
4015,360050179022,o_360050179022,845.1643441,323.663,0,8.6,5.466666667,3.066666667
4016,360050179023,o_360050179023,687.7843441,166.283,0,5.933333333,2.8,5.733333333
4017,360050181011,o_360050181011,1636.902231,1530.478,0,26.7,25.91666667,1.6
4018,360050181012,o_360050181012,1661.870992,1348.087,0,25.25,22.93333333,1.05
4019,360050181013,o_360050181013,1435.142237,342.415,0,13.81666667,5.8,1.783333333
4020,360050181021,o_360050181021,1574.908433,278.093,0,14.16666667,4.65,1.433333333
4021,360050181022,o_360050181022,2018.85324,517.818,0,14.81666667,8.816666667,2.266666667
4022,360050181023,o_360050181023,1439.898237,347.171,0,13.9,5.883333333,1.7
4023,360050181024,o_360050181024,1285.366033,192.639,0,9.766666667,3.216666667,1.9
4024,360050183011,o_360050183011,1473.977449,556.693,0,13.08333333,9.416666667,4
4025,360050183012,o_360050183012,1616.468449,699.184,0,15.46666667,11.8,1.616666667
4026,360050183013,o_360050183013,2059.24124,558.206,0,15.41666667,9.416666667,1.666666667
4027,360050183021,o_360050183021,1657.500685,1064.582,0,21.9,17.93333333,1.116666667
4028,360050183022,o_360050183022,1506.450345,648.162,0,17.03333333,10.95,1.283333333
4029,360050183023,o_360050183023,2556.039773,1669.453,0,33.51666667,28.23333333,3.1
4030,360050184001,o_360050184001,2673.708092,1749.18,0,34.6,29.6,1.016666667
4031,360050184002,o_360050184002,2684.754067,454.509,1,20.06666667,7.716666667,5.1
4032,360050184003,o_360050184003,2545.623259,883.618,0,24.8,14.86666667,3.1
4033,360050184004,o_360050184004,2004.719108,648.657,1,18.76666667,10.93333333,6.4
4034,360050185011,o_360050185011,1438.031605,952.021,0,18.56666667,16.1,2.066666667
4035,360050185021,o_360050185021,1148.421715,617.759,0,13.26666667,10.35,1.1
4036,360050185022,o_360050185022,1043.929715,513.267,0,11.56666667,8.65,2.8
4037,360050185023,o_360050185023,1151.003605,664.993,0,13.86666667,11.2,1.466666667
4038,360050185024,o_360050185024,1274.813605,788.803,0,15.76666667,13.3,4.866666667
4039,360050189001,o_360050189001,2284.585959,1315.675,0,26.33333333,22.33333333,2.166666667
4040,360050189002,o_360050189002,2275.183959,1306.273,0,26.08333333,22.08333333,2.416666667
4041,360050189003,o_360050189003,2133.11641,1397.875,0,26.65,23.6,1.85
4042,360050189004,o_360050189004,2501.44417,1082.866,0,25.03333333,18.36666667,3.466666667
4043,360050193001,o_360050193001,3119.490461,970.013,0,27.4,16.4,1.1
4044,360050193002,o_360050193002,2305.500341,1755.264,0,30.78333333,29.78333333,2.7
4045,360050193003,o_360050193003,2396.360783,1836.618,0,36.61666667,30.96666667,1.816666667
4046,360050193004,o_360050193004,2691.905239,975.125,0,24.93333333,16.48333333,3.566666667
4047,360050194001,o_360050194001,2657.519405,2043.649,0,38.66666667,34.41666667,1.3
4048,360050195001,o_360050195001,2014.86024,513.825,0,14.7,8.7,2.383333333
4049,360050195002,o_360050195002,1634.009449,716.725,0,15.75,12.08333333,1.333333333
4050,360050195003,o_360050195003,2231.933037,691.515,0,15.15,11.65,1.5
4051,360050195004,o_360050195004,1576.609013,801.295,0,19.3,13.61666667,1.433333333
4052,360050197001,o_360050197001,1315.053033,222.326,0,10.36666667,3.816666667,1.3
4053,360050197002,o_360050197002,1444.799817,873.574,0,19.08333333,14.9,1.65
4054,360050197003,o_360050197003,1570.19093,425.225,0,9.783333333,7.283333333,7.2
4055,360050197004,o_360050197004,1333.529033,240.802,0,10.6,4.05,1.066666667
4056,360050197005,o_360050197005,1427.416817,856.191,0,18.73333333,14.55,2
4057,360050199001,o_360050199001,1925.41893,780.453,0,15.8,13.3,1.183333333
4058,360050199002,o_360050199002,1832.81493,687.849,0,14.25,11.75,2.733333333
4059,360050199003,o_360050199003,2019.028689,1447.803,0,27.98333333,24.56666667,1.516666667
4060,360050199004,o_360050199004,2131.14793,986.182,0,19.26666667,16.76666667,5.716666667
4061,360050199005,o_360050199005,1805.667341,1255.431,0,22.41666667,21.41666667,2.566666667
4062,360050199006,o_360050199006,1840.280341,1290.044,0,23,22,1.983333333
4063,360050200001,o_360050200001,855.6824921,714.968,0,13.06666667,12.08333333,6.833333333
4064,360050200002,o_360050200002,1085.518492,944.804,0,16.91666667,15.93333333,2.983333333
4065,360050200003,o_360050200003,989.3254229,832.282,0,14.83333333,14.23333333,3.466666667
4066,360050200004,o_360050200004,890.0542333,524.954,0,10.9,8.85,1.966666667
4067,360050201001,o_360050201001,2376.506783,1816.764,0,36.33333333,30.68333333,2.1
4068,360050201002,o_360050201002,1753.302341,1203.066,0,21.5,20.5,3.483333333
4069,360050201003,o_360050201003,1782.872341,1232.636,0,22,21,2.983333333
4070,360050202001,o_360050202001,1156.040492,1015.326,0,18.08333333,17.1,1.816666667
4071,360050202002,o_360050202002,1158.343735,897.213,0,16.41666667,15.16666667,3.433333333
4072,360050204001,o_360050204001,1248.580127,941.552,0,17.76666667,16.01666667,1.283333333
4073,360050204002,o_360050204002,997.6694921,856.955,0,15.41666667,14.43333333,4.483333333
4074,360050204003,o_360050204003,1016.931492,876.217,0,15.76666667,14.78333333,4.133333333
4075,360050205011,o_360050205011,2321.516407,2046.366,0,37.26666667,34.56666667,1.2
4076,360050205012,o_360050205012,8027.966596,2342.439,0,41.25,39.63333333,1.083333333
4077,360050205013,o_360050205013,3224.665987,1545.832,0,37.31666667,26.11666667,1.116666667
4078,360050205014,o_360050205014,2059.657828,1722.477,0,31.43333333,29.23333333,1.4
4079,360050205015,o_360050205015,2319.441896,1418.32,0,30,24.08333333,2.833333333
4080,360050205021,o_360050205021,1854.654828,1517.474,0,28.05,25.85,4.783333333
4081,360050205022,o_360050205022,1981.103828,1643.923,0,30.16666667,27.96666667,2.666666667
4082,360050205023,o_360050205023,2477.016867,2205.231,0,39.11666667,37.28333333,2.2
4083,360050206011,o_360050206011,1458.129435,946.864,0,16.98333333,15.98333333,3.233333333
4084,360050206012,o_360050206012,1276.660713,1148.098,0,20.03333333,19.36666667,3.266666667
4085,360050209001,o_360050209001,936.4588942,664.521,0,13.31666667,11.31666667,2.283333333
4086,360050209002,o_360050209002,1378.071341,827.835,0,15.1,14.1,1.883333333
4087,360050209003,o_360050209003,896.390457,635.321,0,12.61666667,10.9,2.783333333
4088,360050209004,o_360050209004,866.745457,605.676,0,12.13333333,10.41666667,3.266666667
4089,360050210011,o_360050210011,1398.735115,1145.082,0,21.21666667,19.45,3.816666667
4090,360050210012,o_360050210012,1312.586713,1184.024,0,20.66666667,20,2.633333333
4091,360050210013,o_360050210013,1428.644115,1174.991,0,21.73333333,19.96666667,3.3
4092,360050210014,o_360050210014,1150.701713,1022.139,0,17.93333333,17.26666667,5.366666667
4093,360050210015,o_360050210015,1343.177713,1214.615,0,21.18333333,20.51666667,2.116666667
4094,360050210016,o_360050210016,1600.279549,1088.238,0,20.8,18.5,2.55
4095,360050210017,o_360050210017,1530.570782,1092.58,0,20.73333333,18.45,2.566666667
4096,360050210021,o_360050210021,1574.820782,1136.83,0,21.5,19.21666667,1.8
4097,360050210022,o_360050210022,1565.578115,1311.925,0,24.01666667,22.25,1.016666667
4098,360050210023,o_360050210023,1397.322713,1268.76,0,22.18333333,21.51666667,1.116666667
4099,360050210024,o_360050210024,1167.316713,1038.754,0,18.25,17.58333333,5.05
4100,360050210025,o_360050210025,1359.380713,1230.818,0,21.5,20.83333333,1.8
4101,360050210026,o_360050210026,1287.498713,1158.936,0,20.31666667,19.65,2.983333333
4102,360050210027,o_360050210027,1375.923713,1247.361,0,21.75,21.08333333,1.55
4103,360050210028,o_360050210028,1124.866713,996.304,0,17.56666667,16.9,5.733333333
4104,360050211001,o_360050211001,5734.42999,1359.885,0,24.56666667,23.06666667,1.116666667
4105,360050211002,o_360050211002,1601.013341,1050.777,0,18.95,17.95,6.033333333
4106,360050211003,o_360050211003,1648.774341,1098.538,0,19.71666667,18.71666667,5.266666667
4107,360050211004,o_360050211004,1597.728905,1277.553,0,23.63333333,21.58333333,1.616666667
4108,360050212001,o_360050212001,1657.258915,857.992,0,18.71666667,14.58333333,4.583333333
4109,360050212002,o_360050212002,1615.008915,815.742,0,18,13.86666667,5.3
4110,360050212003,o_360050212003,1839.409915,1040.143,0,21.71666667,17.58333333,1.583333333
4111,360050212004,o_360050212004,2497.337349,1218.642,0,26.03333333,20.78333333,1.7
4112,360050212005,o_360050212005,2457.643349,1178.948,0,25.36666667,20.11666667,2.366666667
4113,360050213011,o_360050213011,1473.287757,1168.069,0,21.58333333,19.83333333,2.35
4114,360050213012,o_360050213012,1574.698626,1350.798,0,24.36666667,22.81666667,2.2
4115,360050213021,o_360050213021,1619.279341,1069.043,0,19.16666667,18.16666667,5.816666667
4116,360050213022,o_360050213022,1729.932341,1179.696,0,21.01666667,20.01666667,3.966666667
4117,360050213023,o_360050213023,1580.422341,1030.186,0,18.53333333,17.53333333,6.45
4118,360050213024,o_360050213024,1548.891341,998.655,0,18,17,6.983333333
4119,360050215011,o_360050215011,1429.530757,1124.312,0,20.75,19,3.183333333
4120,360050215012,o_360050215012,1808.808828,1471.628,0,27.2,25,5.633333333
4121,360050215013,o_360050215013,1991.274828,1654.094,0,30.28333333,28.08333333,2.55
4122,360050215021,o_360050215021,12386.90226,851.264,0,19.88333333,14.45,2.45
4123,360050215022,o_360050215022,12121.71586,925.667,0,19.83333333,15.75,2.5
4124,360050215023,o_360050215023,1434.376757,1129.158,0,20.78333333,19.03333333,3.15
4125,360050215024,o_360050215024,1400.580757,1095.362,0,20.26666667,18.51666667,3.666666667
4126,360050215025,o_360050215025,1676.319554,1355.496,0,24.83333333,22.95,1.166666667
4127,360050216011,o_360050216011,2015.328137,1797.988,0,31.9,30.51666667,1.8
4128,360050216012,o_360050216012,3042.888078,989.98,0,26.65,16.93333333,1.083333333
4129,360050216013,o_360050216013,1900.717549,1388.676,0,25.93333333,23.63333333,6.416666667
4130,360050216014,o_360050216014,1697.284549,1185.243,0,22.48333333,20.18333333,6.516666667
4131,360050216021,o_360050216021,1832.779137,1615.439,0,28.76666667,27.38333333,1.583333333
4132,360050216022,o_360050216022,1639.9475,1405.235,0,25.43333333,23.85,2.533333333
4133,360050216023,o_360050216023,2762.651811,813.284,0,22.9,13.9,1.483333333
4134,360050216024,o_360050216024,1614.7365,1380.024,0,25.05,23.46666667,2.916666667
4135,360050216025,o_360050216025,1732.882137,1515.542,0,27.13333333,25.75,3.216666667
4136,360050216026,o_360050216026,1822.925137,1605.585,0,28.63333333,27.25,1.716666667
4137,360050217001,o_360050217001,1525.681058,1014.639,0,18.78333333,17.28333333,2.75
4138,360050217002,o_360050217002,1115.112058,604.07,0,11.78333333,10.28333333,4.85
4139,360050217003,o_360050217003,1176.903058,665.861,0,12.86666667,11.36666667,3.766666667
4140,360050217004,o_360050217004,1186.021058,674.979,0,12.96666667,11.46666667,3.666666667
4141,360050218001,o_360050218001,2003.955549,1491.914,0,27.73333333,25.43333333,1.266666667
4142,360050218002,o_360050218002,3149.335878,1370.401,0,27.18333333,23.18333333,5.683333333
4143,360050218003,o_360050218003,2143.399579,1428.927,0,27.46666667,24.25,1.533333333
4144,360050218004,o_360050218004,2285.240312,1106.027,0,24.06666667,18.76666667,4.933333333
4145,360050218005,o_360050218005,2570.674326,1692.702,0,32.53333333,28.58333333,3.45
4146,360050219001,o_360050219001,1161.199341,610.963,0,11.45,10.45,2.183333333
4147,360050220001,o_360050220001,2647.6554,1534.083,0,32.61666667,25.85,2.633333333
4148,360050221011,o_360050221011,2388.447185,1728.345,0,33.05,29.2,2.833333333
4149,360050221012,o_360050221012,1045.073341,494.837,0,9.466666667,8.466666667,4.166666667
4150,360050221013,o_360050221013,1193.863341,643.627,0,12,11,1.633333333
4151,360050221021,o_360050221021,1228.056341,677.82,0,12.53333333,11.53333333,1.1
4152,360050221022,o_360050221022,956.2724194,434.771,0,11.2,7.366666667,1.05
4153,360050221023,o_360050221023,1044.464851,723.224,0,14.66666667,12.31666667,2.716666667
4154,360050222001,o_360050222001,1143.934713,1015.372,0,17.78333333,17.11666667,2.166666667
4155,360050222002,o_360050222002,2336.693349,1057.998,0,23.18333333,17.93333333,1.2
4156,360050222003,o_360050222003,2030.237828,973.901,0,20.58333333,16.58333333,3.8
4157,360050222004,o_360050222004,1831.724392,1052.717,0,20.78333333,17.83333333,3.6
4158,360050223001,o_360050223001,1097.400341,547.164,0,10.38333333,9.383333333,3.25
4159,360050223002,o_360050223002,1178.151341,627.915,0,11.73333333,10.73333333,1.9
4160,360050223003,o_360050223003,1449.16394,1217.241,0,22.26666667,20.73333333,1.45
4161,360050223004,o_360050223004,725.6313441,204.13,0,6.6,3.466666667,1.716666667
4162,360050224011,o_360050224011,2781.887315,2344.371,0,42.18333333,39.58333333,3.35
4163,360050224012,o_360050224012,2755.624194,2411.655,0,42.86666667,40.75,1.816666667
4164,360050224031,o_360050224031,2645.829651,2147.825,0,38.26666667,35.96666667,3.366666667
4165,360050224032,o_360050224032,2458.063553,484.886,0,16.58333333,8.15,2.333333333
4166,360050224041,o_360050224041,2226.725048,497.53,0,15.2,8.366666667,4.416666667
4167,360050224042,o_360050224042,1993.240181,776.239,0,17.81666667,13.01666667,1.8
4168,360050224043,o_360050224043,2999.643553,1026.466,0,25.7,17.26666667,1.866666667
4169,360050225001,o_360050225001,1084.058937,781.669,0,14.88333333,13.15,1.666666667
4170,360050225002,o_360050225002,1077.732022,853.973,0,15.71666667,14.41666667,2.766666667
4171,360050225003,o_360050225003,1042.728136,745.174,0,15.06666667,12.75,2.6
4172,360050225004,o_360050225004,748.2493441,226.748,0,6.933333333,3.8,1.383333333
4173,360050225005,o_360050225005,750.2853441,228.784,0,6.95,3.816666667,1.366666667
4174,360050225006,o_360050225006,1409.589812,882.054,0,17.83333333,15.13333333,1.433333333
4175,360050227011,o_360050227011,1189.363678,944.618,0,17.65,16.06666667,1.733333333
4176,360050227012,o_360050227012,1200.971678,956.226,0,17.86666667,16.28333333,1.516666667
4177,360050227013,o_360050227013,1221.039678,976.294,0,18.21666667,16.63333333,1.166666667
4178,360050227021,o_360050227021,1420.954058,909.912,0,17,15.5,4.533333333
4179,360050227031,o_360050227031,627.4895992,477.933,0,9.116666667,8.133333333,2.066666667
4180,360050228001,o_360050228001,1950.571181,733.57,0,17.05,12.25,2.566666667
4181,360050228002,o_360050228002,2622.690651,2124.686,0,37.9,35.6,3.733333333
4182,360050228003,o_360050228003,2739.380651,2241.376,0,39.86666667,37.56666667,1.766666667
4183,360050228004,o_360050228004,1885.034181,668.033,0,16.01666667,11.21666667,3.6
4184,360050229011,o_360050229011,1336.781058,825.739,0,15.51666667,14.01666667,1.116666667
4185,360050229012,o_360050229012,1102.394599,952.838,0,17.11666667,16.13333333,2.716666667
4186,360050229013,o_360050229013,1060.405565,756.887,0,14.9,12.88333333,1.8
4187,360050229014,o_360050229014,988.9242362,674.505,0,13.68333333,11.61666667,1.716666667
4188,360050229015,o_360050229015,866.2842362,551.865,0,11.56666667,9.5,3.833333333
4189,360050229021,o_360050229021,950.0846256,726.184,0,13.86666667,12.36666667,1.166666667
4190,360050229022,o_360050229022,1683.119096,1029.33,0,19.03333333,17.53333333,1.616666667
4191,360050229023,o_360050229023,1009.636894,737.699,0,14.43333333,12.43333333,1.166666667
4192,360050230001,o_360050230001,2848.067019,1833.304,0,37.68333333,31.1,2.283333333
4193,360050230002,o_360050230002,2955.326912,1782.116,0,37.73333333,30.15,2.233333333
4194,360050231001,o_360050231001,1674.787096,1020.998,0,18.71666667,17.21666667,2.083333333
4195,360050232001,o_360050232001,2083.950588,1801.923,0,31.9,30.45,5.05
4196,360050232002,o_360050232002,2423.242102,1915.416,0,34.93333333,32.31666667,2.016666667
4197,360050233011,o_360050233011,1377.996096,724.207,0,13.78333333,12.28333333,3.516666667
4198,360050233012,o_360050233012,1254.284096,600.495,0,11.66666667,10.16666667,1.133333333
4199,360050233013,o_360050233013,1053.794058,542.752,0,10.78333333,9.283333333,5.85
4200,360050233014,o_360050233014,997.7975651,694.279,0,13.81666667,11.8,2.883333333
4201,360050233021,o_360050233021,1359.344096,705.555,0,13.41666667,11.91666667,3.883333333
4202,360050233022,o_360050233022,986.1562362,671.737,0,13.46666667,11.4,1.933333333
4203,360050235011,o_360050235011,1126.895096,473.106,0,9.5,8,3.3
4204,360050235012,o_360050235012,1607.55071,1285.319,0,24.76666667,21.83333333,2.533333333
4205,360050235013,o_360050235013,1344.039096,690.25,0,13.18333333,11.68333333,4.116666667
4206,360050235021,o_360050235021,1108.466096,454.677,0,9.166666667,7.666666667,3.633333333
4207,360050235022,o_360050235022,1151.231096,497.442,0,9.883333333,8.383333333,2.916666667
4208,360050235023,o_360050235023,1167.574096,513.785,0,10.16666667,8.666666667,2.633333333
4209,360050235024,o_360050235024,1512.13071,1189.899,0,23.06666667,20.13333333,4.233333333
4210,360050236001,o_360050236001,2586.790335,1774.542,0,34.2,30.01666667,2.75
4211,360050236002,o_360050236002,1928.641549,1416.6,0,26.38333333,24.08333333,2.616666667
4212,360050237021,o_360050237021,1717.353594,1455.529,0,26.16666667,24.86666667,1.2
4213,360050237031,o_360050237031,1774.021378,511.956,1,14.4,8.716666667,6.566666667
4214,360050237032,o_360050237032,1985.404601,1485.849,0,27.6,25.46666667,5.033333333
4215,360050237033,o_360050237033,1768.015479,1443.656,0,27.2,24.46666667,1.216666667
4216,360050237041,o_360050237041,2207.376508,1203.985,1,24.06666667,20.6,4.2
4217,360050237042,o_360050237042,2268.159508,1264.768,1,25.06666667,21.6,3.2
4218,360050237043,o_360050237043,1539.778917,1339.919,0,24.43333333,22.75,5.566666667
4219,360050238001,o_360050238001,1924.141127,1617.113,0,29.15,27.4,1.55
4220,360050238002,o_360050238002,1603.826392,1303.585,0,24.26666667,21.96666667,1.8
4221,360050238003,o_360050238003,1931.581549,1419.54,0,26.48333333,24.18333333,2.516666667
4222,360050239001,o_360050239001,1792.472747,1399.376,0,25.45,23.78333333,5.75
4223,360050239002,o_360050239002,1724.392778,1553.524,0,27.8,26.53333333,4.9
4224,360050239003,o_360050239003,2282.602596,1519.312,0,33.21666667,25.8,1.766666667
4225,360050239004,o_360050239004,2289.548857,364.338,2,15.01666667,6.15,6.95
4226,360050239005,o_360050239005,1711.617778,1540.749,0,27.4,26.13333333,5.3
4227,360050239006,o_360050239006,2320.790857,395.58,2,15.55,6.683333333,6.416666667
4228,360050239007,o_360050239007,2831.436763,1063.165,1,30.53333333,18.03333333,5.45
4229,360050240001,o_360050240001,2588.430288,1915.75,0,36.88333333,32.48333333,3.083333333
4230,360050240002,o_360050240002,2120.917579,1406.445,0,27.11666667,23.9,1.883333333
4231,360050240003,o_360050240003,2292.079312,1112.866,0,24.18333333,18.88333333,4.816666667
4232,360050241001,o_360050241001,1357.902096,704.113,0,13.48333333,11.98333333,3.816666667
4233,360050241002,o_360050241002,1553.624487,900.939,0,16.88333333,15.38333333,4.65
4234,360050241003,o_360050241003,1475.462096,821.673,0,15.43333333,13.93333333,1.866666667
4235,360050241004,o_360050241004,1314.718096,660.929,0,12.7,11.2,4.6
4236,360050241005,o_360050241005,1913.614602,591.081,0,17.73333333,10.1,2.85
4237,360050243001,o_360050243001,1624.371487,971.686,0,18,16.5,3.533333333
4238,360050243002,o_360050243002,1839.554828,1502.374,0,27.71666667,25.51666667,1.766666667
4239,360050243003,o_360050243003,1476.382617,1297.175,0,23.01666667,21.98333333,2.45
4240,360050243004,o_360050243004,1507.185617,1327.978,0,23.53333333,22.5,1.933333333
4241,360050244001,o_360050244001,1621.981392,1321.74,0,24.61666667,22.31666667,1.45
4242,360050244002,o_360050244002,1835.955127,1528.927,0,27.71666667,25.96666667,2.983333333
4243,360050245011,o_360050245011,1755.865828,1418.685,0,26.28333333,24.08333333,3.2
4244,360050245012,o_360050245012,2215.923867,1944.138,0,34.78333333,32.95,3.183333333
4245,360050245013,o_360050245013,1795.530828,1458.35,0,26.96666667,24.76666667,2.516666667
4246,360050245014,o_360050245014,2322.403689,1996.087,0,35.63333333,33.75,1.166666667
4247,360050245021,o_360050245021,2022.832487,1370.147,0,24.75,23.25,4.783333333
4248,360050245022,o_360050245022,1943.268625,1327.896,0,26.08333333,22.5,2.816666667
4249,360050245023,o_360050245023,2143.418487,1490.733,0,26.76666667,25.26666667,2.766666667
4250,360050246001,o_360050246001,2073.280391,1400.116,0,24.63333333,23.63333333,3.483333333
4251,360050246002,o_360050246002,1956.0619,634.758,0,17.45,10.63333333,1.9
4252,360050247001,o_360050247001,2237.838395,1898.249,0,33.41666667,32.06666667,2.516666667
4253,360050247002,o_360050247002,2259.257395,1919.668,0,33.91666667,32.56666667,2.016666667
4254,360050248001,o_360050248001,1495.203913,453.043,0,12.1,7.65,3.466666667
4255,360050248002,o_360050248002,1231.281321,480.789,0,11.05,8.083333333,3.15
4256,360050248003,o_360050248003,1358.165321,607.673,0,13.13333333,10.16666667,1.066666667
4257,360050249001,o_360050249001,2448.461006,1492.647,0,30.78333333,25.41666667,1.266666667
4258,360050250001,o_360050250001,1244.318181,718.497,0,14.86666667,12.16666667,1.066666667
4259,360050250002,o_360050250002,1629.297801,532.964,0,14.58333333,8.933333333,1.35
4260,360050251001,o_360050251001,2578.497125,923.335,1,22.96666667,15.61666667,4.583333333
4261,360050251002,o_360050251002,2220.839161,831.268,0,17.08333333,14.08333333,2.3
4262,360050251003,o_360050251003,1832.715311,1206.673,0,23.96666667,20.33333333,3.2
4263,360050251004,o_360050251004,1979.231928,1173.982,0,24.4,19.73333333,2.766666667
4264,360050251005,o_360050251005,2315.339602,992.806,0,24.36666667,16.73333333,2.8
4265,360050251006,o_360050251006,1982.206928,1176.957,0,24.5,19.83333333,2.666666667
4266,360050251007,o_360050251007,1840.149096,1186.36,0,21.58333333,20.08333333,2.3
4267,360050252001,o_360050252001,1345.794114,534.725,0,13.25,9.066666667,2.683333333
4268,360050252002,o_360050252002,1459.270881,1051.895,0,20.71666667,17.75,7.666666667
4269,360050253001,o_360050253001,2459.038564,1135.286,1,24.98333333,19.18333333,6.05
4270,360050253002,o_360050253002,2440.465125,785.303,1,20.65,13.3,6.9
4271,360050253003,o_360050253003,2772.800075,1124.473,1,26.18333333,18.98333333,4.85
4272,360050253004,o_360050253004,2771.345075,1123.018,1,26.18333333,18.98333333,4.85
4273,360050254001,o_360050254001,1052.080181,526.259,0,11.68333333,8.983333333,4.25
4274,360050254002,o_360050254002,1064.812096,743.247,0,14.05,12.58333333,1.35
4275,360050255001,o_360050255001,3367.459186,1347.507,0,27.33333333,22.83333333,7.55
4276,360050255002,o_360050255002,3427.515186,1407.563,0,28.38333333,23.88333333,6.5
4277,360050255003,o_360050255003,2865.243161,1475.672,0,28.01666667,25.01666667,6.866666667
4278,360050256001,o_360050256001,962.3890958,640.824,0,12.25,10.78333333,3.15
4279,360050256002,o_360050256002,773.9064438,633.192,0,11.43333333,10.63333333,4.666666667
4280,360050257001,o_360050257001,3915.025006,1294.952,1,30.16666667,21.95,5.716666667
4281,360050261001,o_360050261001,3145.712859,1928.486,0,38.1,32.9,1.116666667
4282,360050263001,o_360050263001,2775.743075,1127.416,1,26.28333333,19.08333333,4.75
4283,360050263002,o_360050263002,2143.019378,880.954,1,20.65,14.96666667,6.9
4284,360050263003,o_360050263003,2590.301125,935.139,1,23.11666667,15.76666667,4.433333333
4285,360050263004,o_360050263004,2755.461636,775.725,1,21.96666667,13.21666667,5.583333333
4286,360050263005,o_360050263005,2548.054125,892.892,1,22.41666667,15.06666667,5.133333333
4287,360050264001,o_360050264001,2343.068108,987.006,1,24.51666667,16.68333333,3.883333333
4288,360050264002,o_360050264002,2718.413828,757.29,0,23.5,12.88333333,1.35
4289,360050264003,o_360050264003,1727.280593,1060.775,1,21.48333333,18.03333333,4.366666667
4290,360050264004,o_360050264004,2054.813841,1339.659,0,24.71666667,22.71666667,2.283333333
4291,360050265001,o_360050265001,2695.723522,915.316,0,27.45,15.45,2.583333333
4292,360050265002,o_360050265002,2196.625378,934.56,1,21.55,15.86666667,6
4293,360050265003,o_360050265003,2411.776564,1088.024,1,24.2,18.4,6.833333333
4294,360050265004,o_360050265004,2562.811564,1239.059,1,26.73333333,20.93333333,4.3
4295,360050266011,o_360050266011,1979.057841,1263.903,0,23.38333333,21.38333333,3.616666667
4296,360050266012,o_360050266012,2332.097974,1161.798,0,22.65,19.65,4.35
4297,360050266013,o_360050266013,1895.301561,975.156,0,21.96666667,16.48333333,2.183333333
4298,360050266021,o_360050266021,2517.137841,1801.983,0,32.48333333,30.48333333,2.516666667
4299,360050266022,o_360050266022,2408.655974,1238.356,0,23.96666667,20.96666667,3.033333333
4300,360050266023,o_360050266023,2424.935974,1254.636,0,24.23333333,21.23333333,2.766666667
4301,360050266024,o_360050266024,2664.511974,1494.212,0,28.28333333,25.28333333,6.716666667
4302,360050266025,o_360050266025,2481.541974,1311.242,0,25.25,22.25,1.75
4303,360050267011,o_360050267011,2483.371658,1900.377,1,34.93333333,32.41666667,8.35
4304,360050267012,o_360050267012,2735.007566,1866.054,1,37.55,31.95,4.4
4305,360050267013,o_360050267013,2872.074236,885.649,0,28.03333333,14.95,2
4306,360050267021,o_360050267021,3131.8185,1396.83,0,27.58333333,23.58333333,1.833333333
4307,360050267022,o_360050267022,2507.031658,1924.037,1,35.18333333,32.66666667,8.1
4308,360050267023,o_360050267023,3522.17138,1196.573,1,26.83333333,20.21666667,3.583333333
4309,360050267024,o_360050267024,3464.780736,1245.402,1,37.38333333,21.38333333,4.566666667
4310,360050267025,o_360050267025,2665.245566,1796.292,1,36.31666667,30.71666667,5.633333333
4311,360050267026,o_360050267026,2585.409566,1716.456,1,34.93333333,29.33333333,7.016666667
4312,360050269001,o_360050269001,3879.333006,1259.26,1,29.6,21.38333333,6.283333333
4313,360050269002,o_360050269002,3427.263736,1207.885,1,36.73333333,20.73333333,5.216666667
4314,360050269003,o_360050269003,3119.721987,1385.388,0,38.53333333,23.63333333,2.566666667
4315,360050273001,o_360050273001,3255.183856,975.528,0,26.98333333,16.65,3.366666667
4316,360050273002,o_360050273002,3189.494956,1125.368,0,28.55,19.18333333,1.8
4317,360050273003,o_360050273003,3479.385736,1260.007,1,37.58333333,21.58333333,4.366666667
4318,360050273004,o_360050273004,3382.4705,1647.482,0,31.78333333,27.78333333,5.633333333
4319,360050274011,o_360050274011,3315.779469,1549.073,0,35.18333333,26.23333333,3.666666667
4320,360050274012,o_360050274012,4385.744486,1716.273,1,35.98333333,29.01666667,8.016666667
4321,360050274013,o_360050274013,3820.65386,2218.186,0,44.68333333,37.41666667,2.316666667
4322,360050274014,o_360050274014,4053.888281,1406.166,0,35.81666667,23.85,3.033333333
4323,360050274021,o_360050274021,4977.439774,1234.982,0,36.36666667,20.85,2.483333333
4324,360050274022,o_360050274022,3843.78486,2241.317,0,45.11666667,37.85,1.883333333
4325,360050274023,o_360050274023,3790.53686,2188.069,0,44.33333333,37.06666667,2.666666667
4326,360050276001,o_360050276001,3425.036618,726.432,1,21.31666667,12.23333333,13.66666667
4327,360050277001,o_360050277001,2443.112028,1060.285,0,25.21666667,18.03333333,1.216666667
4328,360050277002,o_360050277002,2858.233956,794.107,0,22.93333333,13.56666667,7.416666667
4329,360050277003,o_360050277003,2160.526036,1079.889,0,23.95,18.35,2.483333333
4330,360050277004,o_360050277004,2404.648761,1481.152,0,29.11666667,25.01666667,1.233333333
4331,360050279001,o_360050279001,2110.149506,1364.225,0,26.5,23.18333333,3.85
4332,360050279002,o_360050279002,2001.661981,1261.694,0,25.21666667,21.38333333,1.216666667
4333,360050279003,o_360050279003,1814.861519,1323.945,0,25,22.45,1.433333333
4334,360050279004,o_360050279004,1695.556761,772.06,0,17.21666667,13.11666667,1.133333333
4335,360050279005,o_360050279005,1701.265761,777.769,0,17.31666667,13.21666667,1.033333333
4336,360050279006,o_360050279006,1843.603068,1398.048,0,25.63333333,23.65,4.716666667
4337,360050281001,o_360050281001,1520.077506,774.153,0,16.53333333,13.21666667,1.816666667
4338,360050281002,o_360050281002,1668.366761,744.87,0,16.75,12.65,1.6
4339,360050281003,o_360050281003,1287.729068,842.174,0,16.26666667,14.28333333,2.083333333
4340,360050283001,o_360050283001,3182.017956,1117.891,0,28.41666667,19.05,1.933333333
4341,360050283002,o_360050283002,2253.371506,1507.447,0,28.91666667,25.6,1.433333333
4342,360050284001,o_360050284001,1571.342183,1024.22,0,20.58333333,17.3,3.566666667
4343,360050285001,o_360050285001,2858.739761,1935.243,0,36.93333333,32.83333333,3.416666667
4344,360050285002,o_360050285002,2501.359167,1325.218,0,27.91666667,22.63333333,2.433333333
4345,360050285003,o_360050285003,2541.407167,1365.266,0,28.53333333,23.25,1.816666667
4346,360050285004,o_360050285004,2445.113167,1268.972,0,26.88333333,21.6,3.466666667
4347,360050286001,o_360050286001,692.9303518,492.036,0,9.366666667,8.366666667,7.233333333
4348,360050286002,o_360050286002,1255.754365,782.399,0,15.08333333,13.28333333,1.916666667
4349,360050287001,o_360050287001,3199.274956,1135.148,0,28.73333333,19.36666667,1.616666667
4350,360050287002,o_360050287002,2697.984813,1222.478,0,27.45,20.78333333,2.9
4351,360050287003,o_360050287003,2944.354956,880.228,0,24.4,15.03333333,5.95
4352,360050288001,o_360050288001,854.5248523,494.175,0,9.8,8.383333333,4.4
4353,360050288002,o_360050288002,1676.999283,1522.012,0,26.43333333,25.75,4.083333333
4354,360050288003,o_360050288003,865.3148523,504.965,0,9.983333333,8.566666667,4.216666667
4355,360050288004,o_360050288004,660.7278523,300.378,0,6.483333333,5.066666667,7.716666667
4356,360050289001,o_360050289001,3365.768856,1086.113,0,28.8,18.46666667,1.55
4357,360050289002,o_360050289002,3349.578856,1069.923,0,28.56666667,18.23333333,1.783333333
4358,360050289003,o_360050289003,3500.27458,1053.385,0,29.03333333,17.93333333,1.316666667
4359,360050289004,o_360050289004,3118.969956,1054.843,0,27.35,17.98333333,3
4360,360050293011,o_360050293011,9000.009113,2481.77,2,64.18333333,42.03333333,15.96666667
4361,360050293012,o_360050293012,8642.296113,2124.057,2,58.11666667,35.96666667,15.46666667
4362,360050293021,o_360050293021,4189.796623,894.935,0,31.83333333,15.16666667,1.95
4363,360050293022,o_360050293022,9275.235629,895.388,2,46.86666667,15.26666667,7.8
4364,360050293023,o_360050293023,4765.797623,1470.936,0,41.56666667,24.9,2.216666667
4365,360050293024,o_360050293024,5070.271541,1220.968,0,39.98333333,20.76666667,3.8
4366,360050295001,o_360050295001,3115.803761,2192.307,0,41.36666667,37.26666667,2.416666667
4367,360050295002,o_360050295002,2991.233506,2245.309,0,41.51666667,38.2,2.266666667
4368,360050295003,o_360050295003,3890.861217,954.413,0,31.3,16.28333333,2.483333333
4369,360050295004,o_360050295004,3700.89358,1254.004,0,32.45,21.35,1.333333333
4370,360050296001,o_360050296001,810.6562579,462.976,0,9.45,7.8,2.966666667
4371,360050296002,o_360050296002,1137.588523,1017.597,0,17.73333333,17.18333333,1.683333333
4372,360050297001,o_360050297001,3329.543167,2153.402,0,41.85,36.56666667,1.933333333
4373,360050297002,o_360050297002,4441.952217,1505.504,0,40.58333333,25.56666667,3.2
4374,360050297003,o_360050297003,4563.226217,1626.778,0,42.6,27.58333333,1.183333333
4375,360050300001,o_360050300001,2577.799122,1373.402,0,29.85,23.28333333,2.433333333
4376,360050300002,o_360050300002,2809.327511,1981.159,1,36.93333333,33.73333333,6.95
4377,360050300003,o_360050300003,2995.962467,859.407,1,23.63333333,14.65,7.683333333
4378,360050300004,o_360050300004,3145.680467,1009.125,1,26.15,17.16666667,5.166666667
4379,360050300005,o_360050300005,2424.226092,1499.698,0,30.26666667,25.26666667,2.016666667
4380,360050300006,o_360050300006,2597.651974,1427.352,0,27.13333333,24.13333333,1.3
4381,360050301001,o_360050301001,5293.252399,1227.98,0,41.08333333,20.86666667,2.7
4382,360050301002,o_360050301002,5339.207399,1273.935,0,41.83333333,21.61666667,1.95
4383,360050302011,o_360050302011,4836.074775,1046.031,1,34.33333333,17.63333333,6.433333333
4384,360050302012,o_360050302012,4796.031218,1170.768,1,35.68333333,19.76666667,6.8
4385,360050302013,o_360050302013,4500.512735,1507.464,1,38.75,25.45,3.733333333
4386,360050302021,o_360050302021,4498.278735,1505.23,1,38.71666667,25.41666667,3.766666667
4387,360050302022,o_360050302022,4469.198735,1476.15,1,38.2,24.9,4.283333333
4388,360050302023,o_360050302023,4183.85774,1508.086,1,37.48333333,25.48333333,5
4389,360050302024,o_360050302024,4260.09674,1584.325,1,38.78333333,26.78333333,3.7
4390,360050307011,o_360050307011,5608.608405,1084.468,1,39,18.4,5.783333333
4391,360050307012,o_360050307012,5385.01721,1270.357,1,40.66666667,21.56666667,4.116666667
4392,360050307013,o_360050307013,3469.006813,1993.5,0,40.6,33.93333333,3.183333333
4393,360050307014,o_360050307014,5845.269521,877.546,0,39.25,14.88333333,4.533333333
4394,360050309001,o_360050309001,6855.06873,1463.53,1,50.58333333,24.86666667,3.2
4395,360050309002,o_360050309002,7540.052115,1324.052,0,52.63333333,22.53333333,1.15
4396,360050309003,o_360050309003,3683.723761,2760.227,0,51.01666667,46.91666667,2.766666667
4397,360050309004,o_360050309004,6265.328552,943.454,0,42.01666667,16.01666667,1.766666667
4398,360050310001,o_360050310001,1358.831417,496.899,0,11.21666667,8.466666667,4.55
4399,360050310002,o_360050310002,1719.225478,1355.949,0,24.85,23.06666667,1.633333333
4400,360050310003,o_360050310003,1273.513478,910.237,0,17.21666667,15.43333333,9.266666667
4401,360050312001,o_360050312001,2032.985249,1722.945,0,30.63333333,29.23333333,1.5
4402,360050312002,o_360050312002,975.724523,855.733,0,15.08333333,14.53333333,4.333333333
4403,360050314001,o_360050314001,1365.129523,1245.138,0,21.56666667,21.01666667,1.216666667
4404,360050314002,o_360050314002,687.8265578,523.046,0,9.633333333,8.85,3.5
4405,360050316001,o_360050316001,1290.969852,930.62,0,17.1,15.68333333,2.533333333
4406,360050316002,o_360050316002,1821.001431,1386.614,0,25.31666667,23.3,1.116666667
4407,360050318001,o_360050318001,1336.434852,976.085,0,17.88333333,16.46666667,1.75
4408,360050318002,o_360050318002,1673.822431,1239.435,0,22.83333333,20.81666667,2.966666667
4409,360050319001,o_360050319001,7427.729517,1276.413,1,50.13333333,21.65,3.65
4410,360050323001,o_360050323001,8331.505201,1130.509,0,52.46666667,19.2,1.316666667
4411,360050323002,o_360050323002,8779.703713,1040.346,0,52.68333333,17.7,1.1
4412,360050323003,o_360050323003,6936.238258,1308.267,1,48.8,22.21666667,4.983333333
4413,360050323004,o_360050323004,8382.176729,944.748,0,50.08333333,16.06666667,3.7
4414,360050323005,o_360050323005,6963.877258,1335.906,1,49.28333333,22.7,4.5
4415,360050324001,o_360050324001,1434.168321,683.676,0,14.55,11.58333333,5.083333333
4416,360050324002,o_360050324002,2340.188913,1298.028,0,26.43333333,21.98333333,1.15
4417,360050326001,o_360050326001,1537.607321,787.115,0,16.26666667,13.3,3.366666667
4418,360050326002,o_360050326002,1631.196321,880.704,0,17.8,14.83333333,1.833333333
4419,360050326003,o_360050326003,2011.790955,1609.11,0,28.85,26.98333333,2.166666667
4420,360050328001,o_360050328001,2152.273791,1774.868,0,31.93333333,29.86666667,8.083333333
4421,360050328002,o_360050328002,1867.518181,650.517,0,15.71666667,10.91666667,3.916666667
4422,360050328003,o_360050328003,1834.982181,617.981,0,15.15,10.35,4.483333333
4423,360050328004,o_360050328004,2025.838181,808.837,0,18.33333333,13.53333333,1.3
4424,360050330001,o_360050330001,3278.757096,557.984,1,22.2,9.35,6.383333333
4425,360050330002,o_360050330002,1852.322181,635.321,0,15.43333333,10.63333333,4.2
4426,360050330003,o_360050330003,2232.373048,503.178,0,15.4,8.566666667,4.233333333
4427,360050330004,o_360050330004,2947.805553,974.628,0,24.85,16.41666667,2.733333333
4428,360050332011,o_360050332011,2652.22401,1258.417,0,27.33333333,21.31666667,7.316666667
4429,360050332012,o_360050332012,3769.679644,1195.655,1,30.96666667,20.36666667,9.316666667
4430,360050332013,o_360050332013,2228.872048,499.677,0,15.3,8.466666667,4.333333333
4431,360050332021,o_360050332021,3604.788717,1652.212,0,37.51666667,27.91666667,3.55
4432,360050332022,o_360050332022,3681.026717,1728.45,0,38.8,29.2,2.266666667
4433,360050332023,o_360050332023,3279.38166,2069.85,0,40.41666667,34.86666667,1.633333333
4434,360050332024,o_360050332024,3493.776717,1541.2,0,35.66666667,26.06666667,5.4
4435,360050334001,o_360050334001,2157.462161,1923.9,0,33.43333333,32.43333333,1.216666667
4436,360050335001,o_360050335001,3781.510761,2858.014,0,52.31666667,48.21666667,1.466666667
4437,360050335002,o_360050335002,3037.808506,2291.884,0,42.2,38.88333333,1.583333333
4438,360050335003,o_360050335003,2870.323813,1394.817,0,30.41666667,23.75,3.366666667
4439,360050336011,o_360050336011,3399.917717,1447.341,0,34.06666667,24.46666667,7
4440,360050336012,o_360050336012,3588.620717,1636.044,0,37.23333333,27.63333333,3.833333333
4441,360050336013,o_360050336013,3575.459717,1622.883,0,37.01666667,27.41666667,4.05
4442,360050336014,o_360050336014,3737.283717,1784.707,0,39.76666667,30.16666667,1.3
4443,360050336021,o_360050336021,2734.596621,1847.416,0,34.5,31.38333333,1.6
4444,360050337001,o_360050337001,8988.064855,828.477,0,50.41666667,14.1,3.366666667
4445,360050337002,o_360050337002,8869.544988,908.771,0,51.1,15.4,2.683333333
4446,360050337003,o_360050337003,8218.087201,1017.091,0,50.53333333,17.26666667,3.25
4447,360050338011,o_360050338011,2259.517658,1842.685,0,34.01666667,31.45,1.383333333
4448,360050338012,o_360050338012,3137.261915,520.455,1,22.03333333,8.766666667,13.98333333
4449,360050338021,o_360050338021,2107.231658,1690.399,0,31.46666667,28.9,3.933333333
4450,360050340001,o_360050340001,2623.540442,1889.812,0,34.2,32.2,7.066666667
4451,360050340002,o_360050340002,2430.134329,979.794,1,23.33333333,16.56666667,4
4452,360050340003,o_360050340003,2534.649526,715.088,1,20.86666667,12.08333333,6.466666667
4453,360050340004,o_360050340004,2199.203791,1821.798,0,32.78333333,30.71666667,3.933333333
4454,360050342001,o_360050342001,2529.567526,710.006,1,20.66666667,11.88333333,6.666666667
4455,360050342002,o_360050342002,2106.002791,1728.597,0,31.13333333,29.06666667,5.583333333
4456,360050343001,o_360050343001,5153.13185,1162.924,1,37.48333333,19.81666667,4
4457,360050343002,o_360050343002,5358.170523,1042.141,1,36.61666667,17.76666667,4.866666667
4458,360050344001,o_360050344001,2058.469791,1681.064,0,30.33333333,28.26666667,6.383333333
4459,360050344002,o_360050344002,2316.670791,1939.265,0,34.6,32.53333333,2.116666667
4460,360050345001,o_360050345001,4872.875701,1207.776,1,37.1,20.56666667,4.383333333
4461,360050345002,o_360050345002,4562.563437,1246.264,1,36.51666667,21.2,4.966666667
4462,360050345003,o_360050345003,4804.559191,1762.939,1,44.26666667,29.93333333,7.216666667
4463,360050348001,o_360050348001,2386.013692,2178.773,0,37.95,36.81666667,8.766666667
4464,360050348002,o_360050348002,2063.0283,1704.509,0,30.25,28.76666667,3.133333333
4465,360050348003,o_360050348003,2304.554478,1941.278,0,34.63333333,32.85,3.55
4466,360050348004,o_360050348004,2354.457791,1977.052,0,35.31666667,33.25,1.4
4467,360050350001,o_360050350001,3035.025851,1523.264,1,29.51666667,25.88333333,5.883333333
4468,360050350002,o_360050350002,2240.920383,1842.696,0,32.86666667,31.28333333,5.416666667
4469,360050351001,o_360050351001,2997.948761,2074.452,0,39.21666667,35.11666667,1.266666667
4470,360050351002,o_360050351002,3611.764867,1569.351,1,37.53333333,26.68333333,3.95
4471,360050351003,o_360050351003,3521.470761,2597.974,0,47.93333333,43.83333333,2.55
4472,360050356001,o_360050356001,1946.928438,845.334,0,19.68333333,14.3,3.5
4473,360050356002,o_360050356002,2193.454874,1746.434,0,31.2,29.45,2.766666667
4474,360050358001,o_360050358001,4472.557909,1870.685,0,36.56666667,31.56666667,2.416666667
4475,360050358002,o_360050358002,3150.75597,2277.438,0,41.76666667,38.31666667,1.116666667
4476,360050358003,o_360050358003,2509.394572,759.075,0,21.36666667,12.78333333,1.816666667
4477,360050358004,o_360050358004,2161.903932,822.01,0,20.4,13.83333333,2.783333333
4478,360050358005,o_360050358005,1935.784438,834.19,0,19.46666667,14.08333333,3.716666667
4479,360050358006,o_360050358006,2394.435268,844.854,0,21.81666667,14.21666667,1.366666667
4480,360050358007,o_360050358007,1972.089438,870.495,0,20.15,14.76666667,3.033333333
4481,360050359001,o_360050359001,2259.114448,1519.52,0,30.21666667,25.65,1.75
4482,360050360001,o_360050360001,1583.18456,955.267,0,19.16666667,16.06666667,4.016666667
4483,360050360002,o_360050360002,1414.150478,1050.874,0,19.45,17.66666667,3.733333333
4484,360050360003,o_360050360003,1488.906478,1125.63,0,20.78333333,19,2.4
4485,360050361001,o_360050361001,2201.577965,1534.257,0,30.43333333,26.03333333,1.283333333
4486,360050361002,o_360050361002,2290.62665,1405.189,0,29.66666667,23.81666667,2.05
4487,360050361003,o_360050361003,2376.35883,1116.945,0,27.33333333,18.98333333,4.383333333
4488,360050361004,o_360050361004,1938.341381,1544.497,0,28.75,26.11666667,2.966666667
4489,360050361005,o_360050361005,1993.470381,1599.626,0,29.68333333,27.05,2.033333333
4490,360050363001,o_360050363001,1852.354644,1621.568,0,28.5,27.36666667,1.783333333
4491,360050363002,o_360050363002,1761.420507,1021.826,0,21.83333333,17.26666667,2.133333333
4492,360050363003,o_360050363003,1706.723507,967.129,0,20.91666667,16.35,3.05
4493,360050363004,o_360050363004,1781.133644,1550.347,0,27.35,26.21666667,2.933333333
4494,360050363005,o_360050363005,1548.012327,1119.566,0,21.68333333,18.91666667,2.283333333
4495,360050363006,o_360050363006,1571.104327,1142.658,0,22.11666667,19.35,1.85
4496,360050364001,o_360050364001,2407.797149,2076.901,0,36.46666667,35.15,6.416666667
4497,360050364002,o_360050364002,2640.356149,2309.46,0,40.33333333,39.01666667,2.55
4498,360050364003,o_360050364003,2683.642149,2352.746,0,41.2,39.88333333,1.683333333
4499,360050365011,o_360050365011,1501.993381,1108.149,0,21.46666667,18.83333333,1.25
4500,360050365012,o_360050365012,1581.157327,1152.711,0,22.25,19.48333333,1.716666667
4501,360050365013,o_360050365013,1824.316644,1593.53,0,28.06666667,26.93333333,2.216666667
4502,360050365021,o_360050365021,2027.137354,1463.719,0,27.43333333,24.73333333,2.85
4503,360050365022,o_360050365022,1884.518669,1418.959,0,26.4,24.2,1.366666667
4504,360050367001,o_360050367001,2045.029367,1616.583,0,30.15,27.38333333,1.816666667
4505,360050367002,o_360050367002,2113.483921,1340.524,0,26.4,22.53333333,1.366666667
4506,360050368001,o_360050368001,2574.887692,2367.647,0,41.03333333,39.9,5.683333333
4507,360050368002,o_360050368002,3122.306724,1264.792,0,25.33333333,21.33333333,3.25
4508,360050369011,o_360050369011,1790.358533,1466.432,0,26.26666667,24.76666667,2.116666667
4509,360050369012,o_360050369012,1405.563669,940.004,0,18.16666667,15.96666667,2.6
4510,360050369021,o_360050369021,1497.089669,1031.53,0,19.71666667,17.51666667,1.05
4511,360050369022,o_360050369022,1711.298533,1387.372,0,24.91666667,23.41666667,3.466666667
4512,360050370001,o_360050370001,3110.840592,668.946,1,23.23333333,11.26666667,4.1
4513,360050370002,o_360050370002,2833.105592,391.211,1,18.55,6.583333333,8.783333333
4514,360050370003,o_360050370003,3093.424724,1235.91,0,24.98333333,20.98333333,3.6
4515,360050371001,o_360050371001,1427.232767,1110.029,0,20.88333333,18.78333333,3.183333333
4516,360050371002,o_360050371002,2021.584713,1396.953,0,26.73333333,23.71666667,1.516666667
4517,360050371003,o_360050371003,1240.252767,923.049,0,17.71666667,15.61666667,6.35
4518,360050371004,o_360050371004,1164.415311,962.601,0,17.68333333,16.38333333,1.983333333
4519,360050372001,o_360050372001,3034.076724,1176.562,0,23.83333333,19.83333333,4.75
4520,360050372002,o_360050372002,1945.83234,717.294,0,21.83333333,12.06666667,1.183333333
4521,360050373001,o_360050373001,1087.175311,885.361,0,16.33333333,15.03333333,3.333333333
4522,360050373002,o_360050373002,1771.2099,1387.305,0,25.66666667,23.45,1.816666667
4523,360050373003,o_360050373003,1362.728669,897.169,0,17.38333333,15.18333333,3.383333333
4524,360050373004,o_360050373004,1281.896153,1010.677,0,18.9,17.06666667,3.266666667
4525,360050374001,o_360050374001,2073.013658,1656.181,0,30.88333333,28.31666667,4.516666667
4526,360050374002,o_360050374002,1552.461446,979.245,0,21.25,16.68333333,3.55
4527,360050374003,o_360050374003,1490.710446,917.494,0,20.2,15.63333333,4.6
4528,360050374004,o_360050374004,1494.802446,921.586,0,20.26666667,15.7,4.533333333
4529,360050375041,o_360050375041,732.2114441,538.572,0,10.11666667,9.133333333,2.05
4530,360050375042,o_360050375042,639.4112073,238.299,0,5.883333333,4,1.316666667
4531,360050375043,o_360050375043,1113.051669,647.492,0,13.1,10.9,2.666666667
4532,360050376001,o_360050376001,2176.312658,1759.48,0,32.66666667,30.1,2.733333333
4533,360050376002,o_360050376002,1588.142446,1014.926,0,21.86666667,17.3,2.933333333
4534,360050378001,o_360050378001,1767.79868,539.26,0,18.83333333,9.066666667,2.183333333
4535,360050378002,o_360050378002,1523.414446,950.198,0,20.76666667,16.2,4.033333333
4536,360050378003,o_360050378003,1406.937446,833.721,0,18.76666667,14.2,6.033333333
4537,360050379001,o_360050379001,1485.944669,1020.385,0,19.48333333,17.28333333,1.283333333
4538,360050379002,o_360050379002,1038.816774,701.291,0,14.16666667,11.86666667,5.016666667
4539,360050379003,o_360050379003,1171.527774,834.002,0,16.36666667,14.06666667,2.816666667
4540,360050379004,o_360050379004,1252.869774,915.344,0,17.76666667,15.46666667,1.416666667
4541,360050379005,o_360050379005,1190.641774,853.116,0,16.68333333,14.38333333,2.5
4542,360050380001,o_360050380001,2552.859745,1432.784,0,26.63333333,24.13333333,1.95
4543,360050380002,o_360050380002,2309.101377,1811.888,0,31.43333333,30.43333333,5.766666667
4544,360050380003,o_360050380003,2647.027724,789.513,0,17.31666667,13.31666667,3.266666667
4545,360050380004,o_360050380004,1550.231446,977.015,0,21.2,16.63333333,3.6
4546,360050381001,o_360050381001,1938.718831,1677.647,0,29.71666667,28.4,1.616666667
4547,360050381002,o_360050381002,2407.049627,1277.113,1,25.46666667,21.83333333,4.883333333
4548,360050381003,o_360050381003,1263.975774,926.45,0,18,15.7,1.183333333
4549,360050381004,o_360050381004,1119.196774,781.671,0,15.53333333,13.23333333,3.65
4550,360050381005,o_360050381005,1634.053831,1372.982,0,24.63333333,23.31666667,6.7
4551,360050381006,o_360050381006,1262.257096,608.468,0,11.75,10.25,5.766666667
4552,360050382001,o_360050382001,3245.027724,1387.513,0,27.26666667,23.26666667,1.316666667
4553,360050382002,o_360050382002,2932.801745,1812.726,0,32.93333333,30.43333333,2.65
4554,360050383011,o_360050383011,2403.111627,1273.175,1,25.41666667,21.78333333,4.933333333
4555,360050383012,o_360050383012,1372.814297,983.315,0,18.63333333,16.6,1.5
4556,360050383013,o_360050383013,1372.973297,983.474,0,18.68333333,16.65,1.45
4557,360050383031,o_360050383031,2102.790917,1902.931,0,33.95,32.26666667,1.766666667
4558,360050383032,o_360050383032,1212.385029,910.457,0,17.88333333,15.6,2.05
4559,360050383041,o_360050383041,1563.202042,1371.426,0,24.91666667,23.48333333,1.816666667
4560,360050385001,o_360050385001,607.1562971,217.657,0,5.783333333,3.75,2.35
4561,360050385002,o_360050385002,1540.398472,1006.142,0,19.8,17.28333333,2.433333333
4562,360050385003,o_360050385003,682.4962971,292.997,0,7.033333333,5,1.1
4563,360050385004,o_360050385004,715.5104441,521.871,0,9.85,8.866666667,2.316666667
4564,360050386001,o_360050386001,2833.349713,2413.188,0,42.43333333,40.46666667,4.866666667
4565,360050386002,o_360050386002,2894.375713,2474.214,0,43.56666667,41.6,3.733333333
4566,360050386003,o_360050386003,2673.637692,2466.397,0,42.73333333,41.6,3.983333333
4567,360050386004,o_360050386004,2795.085713,2374.924,0,41.85,39.88333333,5.45
4568,360050386005,o_360050386005,2423.462281,1618.378,0,30.65,27.13333333,4.25
4569,360050386006,o_360050386006,3217.713612,3018.72,0,51.63333333,50.71666667,4.816666667
4570,360050386007,o_360050386007,2776.444692,2569.204,0,44.45,43.31666667,2.266666667
4571,360050386008,o_360050386008,2906.150636,2698.91,0,46.65,45.51666667,2.066666667
4572,360050387001,o_360050387001,1187.14601,985.265,0,17.86666667,16.63333333,1.866666667
4573,360050387002,o_360050387002,1159.568802,736.061,0,14.43333333,12.46666667,1.216666667
4574,360050387003,o_360050387003,1295.881834,1093.999,0,19.91666667,18.45,3.4
4575,360050388001,o_360050388001,2571.204745,1451.129,0,26.85,24.35,1.733333333
4576,360050388002,o_360050388002,2342.860745,1222.785,0,23.05,20.55,5.533333333
4577,360050389001,o_360050389001,1587.188482,1214.178,0,22.85,20.88333333,1.133333333
4578,360050389002,o_360050389002,1401.421547,1076.951,0,19.93333333,18.31666667,1.483333333
4579,360050389003,o_360050389003,1421.902547,1097.432,0,20.28333333,18.66666667,1.133333333
4580,360050389004,o_360050389004,1482.365814,1224.747,0,22.35,20.8,5.383333333
4581,360050389005,o_360050389005,1557.732814,1300.114,0,23.66666667,22.11666667,4.066666667
4582,360050390001,o_360050390001,2094.276745,974.201,0,18.9,16.4,1.683333333
4583,360050390002,o_360050390002,1837.882745,717.807,0,14.61666667,12.11666667,5.966666667
4584,360050391001,o_360050391001,1486.738911,1253.048,0,22.95,21.41666667,1.583333333
4585,360050391002,o_360050391002,1575.646997,1341.957,0,24.06666667,22.95,5.583333333
4586,360050391003,o_360050391003,1194.059311,992.245,0,18.11666667,16.81666667,1.55
4587,360050391004,o_360050391004,1452.403472,918.147,0,18.31666667,15.8,3.916666667
4588,360050391005,o_360050391005,1172.134802,748.627,0,14.63333333,12.66666667,1.016666667
4589,360050391006,o_360050391006,1607.582472,1073.326,0,20.91666667,18.4,1.316666667
4590,360050392001,o_360050392001,1876.093745,756.018,0,15.23333333,12.73333333,5.35
4591,360050392002,o_360050392002,1766.567424,327.952,1,12.71666667,5.566666667,4.133333333
4592,360050393001,o_360050393001,1455.213814,1197.595,0,21.85,20.3,5.883333333
4593,360050393002,o_360050393002,1646.624069,1252.779,0,23.16666667,21.28333333,5.083333333
4594,360050393003,o_360050393003,1392.729911,1159.039,0,21.35,19.81666667,3.183333333
4595,360050393004,o_360050393004,1460.331814,1202.713,0,21.9,20.35,5.833333333
4596,360050393005,o_360050393005,1276.640997,1042.951,0,18.93333333,17.81666667,2.716666667
4597,360050393006,o_360050393006,1351.288997,1117.599,0,20.2,19.08333333,1.45
4598,360050394001,o_360050394001,1493.462367,870.6,0,16.18333333,14.68333333,4.4
4599,360050394002,o_360050394002,1381.887988,456.03,1,12.18333333,7.716666667,4.666666667
4600,360050394003,o_360050394003,1983.470745,863.395,0,17,14.5,3.583333333
4601,360050394004,o_360050394004,1571.353839,380.956,1,12.3,6.466666667,4.55
4602,360050395001,o_360050395001,1779.780663,1282.619,0,24.96666667,21.8,1.716666667
4603,360050395002,o_360050395002,1395.580669,930.021,0,17.88333333,15.68333333,1.216666667
4604,360050395003,o_360050395003,1174.966669,709.407,0,14.25,12.05,1.516666667
4605,360050395004,o_360050395004,1143.287669,677.728,0,13.6,11.4,2.166666667
4606,360050396001,o_360050396001,1586.128367,963.266,0,17.73333333,16.23333333,2.85
4607,360050396002,o_360050396002,2051.123745,931.048,0,18.11666667,15.61666667,2.466666667
4608,360050396003,o_360050396003,1614.201367,991.339,0,18.2,16.7,2.383333333
4609,360050396004,o_360050396004,1391.121988,465.264,1,12.36666667,7.9,4.483333333
4610,360050397001,o_360050397001,1445.543778,683.034,0,15.08333333,11.53333333,1.6
4611,360050397002,o_360050397002,1972.60507,1541.454,0,27.9,26.21666667,1.95
4612,360050398001,o_360050398001,2615.807745,1495.732,0,27.56666667,25.06666667,1.016666667
4613,360050398002,o_360050398002,2037.076367,1414.214,0,25.28333333,23.78333333,3.3
4614,360050398003,o_360050398003,1841.468367,1218.606,0,21.96666667,20.46666667,6.616666667
4615,360050399011,o_360050399011,1533.567378,271.502,1,10.3,4.616666667,7.383333333
4616,360050399012,o_360050399012,1612.11389,1432.162,0,26.41666667,24.48333333,1.883333333
4617,360050399013,o_360050399013,1987.897098,1620.918,0,30.5,27.53333333,2
4618,360050399014,o_360050399014,1733.065378,471,1,13.65,7.966666667,4.033333333
4619,360050399015,o_360050399015,1395.843778,633.334,0,14.31666667,10.76666667,2.366666667
4620,360050399021,o_360050399021,1545.31289,1365.361,0,25.31666667,23.38333333,2.983333333
4621,360050399022,o_360050399022,1378.538042,1186.762,0,21.78333333,20.35,4.95
4622,360050399023,o_360050399023,1516.743042,1324.967,0,24.16666667,22.73333333,2.566666667
4623,360050399024,o_360050399024,1599.986601,1100.431,0,21.03333333,18.9,2.316666667
4624,360050399025,o_360050399025,1627.739287,1235.364,0,24.15,21.21666667,2.583333333
4625,360050401001,o_360050401001,1622.786679,1588.984,0,27.23333333,27.11666667,5.183333333
4626,360050401002,o_360050401002,1786.469679,1752.667,0,30.08333333,29.96666667,2.333333333
4627,360050401003,o_360050401003,1929.492125,274.33,1,12.03333333,4.683333333,5.65
4628,360050401004,o_360050401004,2082.000814,1650.901,0,31.18333333,28.03333333,1.133333333
4629,360050401005,o_360050401005,1676.186378,414.121,1,12.7,7.016666667,4.983333333
4630,360050403021,o_360050403021,1857.864679,1824.062,0,31.16666667,31.05,1.25
4631,360050403022,o_360050403022,2087.169482,1714.159,0,31.16666667,29.2,4.816666667
4632,360050403023,o_360050403023,2267.751646,929.238,0,24.35,15.76666667,2.166666667
4633,360050403031,o_360050403031,1809.67493,996.365,0,21.03333333,16.91666667,3.216666667
4634,360050403032,o_360050403032,2039.763312,1188.051,0,22.08333333,20.08333333,5.466666667
4635,360050403033,o_360050403033,2102.523312,1250.811,0,23.16666667,21.16666667,4.383333333
4636,360050403041,o_360050403041,2130.901658,1547.907,1,28.86666667,26.35,4.55
4637,360050403042,o_360050403042,1967.364946,1703.7,0,30.85,29.18333333,1.383333333
4638,360050403043,o_360050403043,1833.798679,1799.996,0,30.75,30.63333333,1.666666667
4639,360050404001,o_360050404001,1938.257599,1467.069,0,26.65,24.61666667,8.25
4640,360050404002,o_360050404002,1676.931367,1054.069,0,19.18333333,17.68333333,1.4
4641,360050404003,o_360050404003,1893.670934,1639.855,0,28.85,27.5,3.85
4642,360050405011,o_360050405011,1799.800679,1765.998,0,30.18333333,30.06666667,2.233333333
4643,360050405012,o_360050405012,1974.912946,1711.248,0,30.88333333,29.21666667,1.35
4644,360050405013,o_360050405013,1986.395946,1722.731,0,30.98333333,29.31666667,1.25
4645,360050405021,o_360050405021,1460.198482,1087.188,0,20.55,18.58333333,3.433333333
4646,360050405022,o_360050405022,1511.465482,1138.455,0,21.45,19.48333333,2.533333333
4647,360050405023,o_360050405023,1589.276482,1216.266,0,22.71666667,20.75,1.266666667
4648,360050405024,o_360050405024,1585.751482,1212.741,0,22.68333333,20.71666667,1.3
4649,360050405025,o_360050405025,1734.174946,1470.51,0,26.78333333,25.11666667,5.45
4650,360050405026,o_360050405026,2549.942576,1571.445,0,30.53333333,26.76666667,1.033333333
4651,360050406001,o_360050406001,1567.081367,944.219,0,17.35,15.85,3.233333333
4652,360050406002,o_360050406002,1402.722934,1148.907,0,20.71666667,19.36666667,3.316666667
4653,360050406003,o_360050406003,1181.291055,509.249,1,11.76666667,8.65,5.083333333
4654,360050407011,o_360050407011,1777.255312,925.543,0,17.68333333,15.68333333,1.866666667
4655,360050407012,o_360050407012,2199.663785,468.202,0,16.63333333,7.983333333,1.316666667
4656,360050407013,o_360050407013,1489.397565,1254.496,0,22.51666667,21.31666667,1.733333333
4657,360050407021,o_360050407021,1754.948965,1209.256,0,24.1,20.41666667,1.066666667
4658,360050407022,o_360050407022,1720.769965,1175.077,0,23.51666667,19.83333333,1.65
4659,360050407023,o_360050407023,2052.052419,1023.468,0,24.4,17.33333333,2.116666667
4660,360050407024,o_360050407024,1842.976632,1096.789,0,23.76666667,18.58333333,2.75
4661,360050407025,o_360050407025,1882.222632,1136.035,0,24.38333333,19.2,2.133333333
4662,360050408001,o_360050408001,1022.71477,763.606,0,13.93333333,12.96666667,1.916666667
4663,360050408002,o_360050408002,2266.988377,1769.775,0,30.73333333,29.73333333,1.85
4664,360050408003,o_360050408003,977.7546493,749.052,0,13.76666667,12.63333333,1.416666667
4665,360050408004,o_360050408004,1245.165055,573.123,1,12.81666667,9.7,4.033333333
4666,360050409001,o_360050409001,1478.739654,784.4,0,16.63333333,13.26666667,2.583333333
4667,360050409002,o_360050409002,1845.257005,1170.399,1,22.6,19.76666667,6.633333333
4668,360050411001,o_360050411001,993.7657081,839.796,0,15.01666667,14.35,4.033333333
4669,360050411002,o_360050411002,1856.631213,427.526,0,14.55,7.233333333,3.4
4670,360050411003,o_360050411003,2108.599419,1080.015,0,25.43333333,18.36666667,1.083333333
4671,360050413001,o_360050413001,1107.986741,877.742,0,16.18333333,14.86666667,2.283333333
4672,360050413002,o_360050413002,1724.865929,1306.977,0,25.18333333,22.2,1.333333333
4673,360050413003,o_360050413003,1151.595741,921.351,0,16.85,15.53333333,1.616666667
4674,360050413004,o_360050413004,1065.625708,911.656,0,16.26666667,15.6,2.783333333
4675,360050413005,o_360050413005,1507.33609,1224.543,0,23.18333333,20.78333333,1.983333333
4676,360050413006,o_360050413006,1326.290565,1091.389,0,19.66666667,18.46666667,5.5
4677,360050413007,o_360050413007,1629.77017,622.705,1,15.28333333,10.61666667,3.766666667
4678,360050414001,o_360050414001,1354.678491,544.312,1,13.11666667,9.2,3.733333333
4679,360050414002,o_360050414002,1775.316439,526.619,0,12.41666667,8.916666667,7.166666667
4680,360050414003,o_360050414003,2033.989439,785.292,0,16.76666667,13.26666667,2.816666667
4681,360050414004,o_360050414004,1864.84527,1671.925,0,29.13333333,28.1,4.4
4682,360050415001,o_360050415001,1486.68109,1203.888,0,22.73333333,20.33333333,2.45
4683,360050415002,o_360050415002,1328.149694,1127.655,0,20.33333333,18.98333333,7.25
4684,360050415003,o_360050415003,1299.498694,1099.004,0,19.83333333,18.48333333,7.75
4685,360050415004,o_360050415004,1101.368694,900.874,0,16.51666667,15.16666667,11.06666667
4686,360050415005,o_360050415005,1639.273947,1221.385,0,23.65,20.58333333,1.533333333
4687,360050415006,o_360050415006,1543.48309,1260.69,0,23.66666667,21.26666667,1.516666667
4688,360050418001,o_360050418001,1065.73677,806.628,0,14.58333333,13.61666667,1.283333333
4689,360050418002,o_360050418002,956.8117695,697.703,0,12.71666667,11.75,3.15
4690,360050418003,o_360050418003,968.4004861,703.212,0,13.25,11.83333333,1.316666667
4691,360050418004,o_360050418004,639.5027695,380.394,0,7.4,6.433333333,3.083333333
4692,360050419001,o_360050419001,686.7560945,400.92,0,8.083333333,6.783333333,2.866666667
4693,360050419002,o_360050419002,971.191677,689.398,0,14.01666667,11.61666667,1.166666667
4694,360050419003,o_360050419003,854.5640901,571.771,0,12.03333333,9.633333333,1.15
4695,360050419004,o_360050419004,1114.494708,960.525,0,17.06666667,16.4,2
4696,360050419005,o_360050419005,827.6460901,544.853,0,11.58333333,9.183333333,1.6
4697,360050419006,o_360050419006,1155.592708,1001.623,0,17.78333333,17.11666667,1.283333333
4698,360050419007,o_360050419007,787.1987407,556.954,0,10.41666667,9.383333333,3.5
4699,360050420001,o_360050420001,674.2347695,415.126,0,8,7.033333333,2.483333333
4700,360050420002,o_360050420002,1792.503367,1169.641,0,21.13333333,19.63333333,2.083333333
4701,360050420003,o_360050420003,1101.173285,688.24,0,13.78333333,11.63333333,2.633333333
4702,360050421001,o_360050421001,834.1740898,535.168,0,11.38333333,8.983333333,1.766666667
4703,360050421002,o_360050421002,1111.193708,957.224,0,16.96666667,16.3,2.1
4704,360050421003,o_360050421003,938.3613051,532.739,0,11.05,8.983333333,6.916666667
4705,360050421004,o_360050421004,1177.110708,1023.141,0,18.05,17.38333333,1.016666667
4706,360050421005,o_360050421005,1163.500708,1009.531,0,17.83333333,17.16666667,1.233333333
4707,360050422001,o_360050422001,1069.237217,696.364,0,13.46666667,11.7,5.7
4708,360050422002,o_360050422002,1122.369217,749.496,0,14.36666667,12.6,4.8
4709,360050423001,o_360050423001,649.689657,316.824,0,8,5.366666667,3.033333333
4710,360050423002,o_360050423002,744.8080945,458.972,0,9.066666667,7.766666667,1.883333333
4711,360050423003,o_360050423003,795.6650901,512.872,0,11.01666667,8.616666667,2.166666667
4712,360050424001,o_360050424001,1479.345339,685.862,0,15.28333333,11.53333333,3.883333333
4713,360050424002,o_360050424002,1204.610217,831.737,0,15.8,14.03333333,3.366666667
4714,360050425001,o_360050425001,1981.214621,1094.034,0,21.83333333,18.71666667,2.983333333
4715,360050425002,o_360050425002,2037.517621,1150.337,0,22.75,19.63333333,2.066666667
4716,360050425003,o_360050425003,1477.173694,1276.679,0,22.95,21.6,4.633333333
4717,360050425004,o_360050425004,1977.557621,1090.377,0,21.76666667,18.65,3.05
4718,360050425005,o_360050425005,1883.554621,996.374,0,20.15,17.03333333,4.666666667
4719,360050425006,o_360050425006,857.0660901,574.273,0,12.08333333,9.683333333,1.1
4720,360050425007,o_360050425007,922.7559468,504.867,0,11.56666667,8.5,1.616666667
4721,360050426001,o_360050426001,2676.403279,2284.611,0,40.03333333,38.43333333,1.933333333
4722,360050426002,o_360050426002,1447.174339,653.691,0,14.8,11.05,4.366666667
4723,360050426003,o_360050426003,2358.528339,1565.045,0,30.15,26.4,1.016666667
4724,360050426004,o_360050426004,2298.274339,1504.791,0,29.15,25.4,2.016666667
4725,360050426005,o_360050426005,2325.027217,2153.614,0,36.9,36.36666667,4.466666667
4726,360050426006,o_360050426006,2509.635217,2338.222,0,39.98333333,39.45,1.383333333
4727,360050428001,o_360050428001,2189.956279,1798.164,0,31.93333333,30.33333333,10.03333333
4728,360050428002,o_360050428002,2395.277279,2003.485,0,35.4,33.8,6.566666667
4729,360050429011,o_360050429011,1554.078365,1329.408,0,23.58333333,22.43333333,2.266666667
4730,360050429012,o_360050429012,1483.438365,1258.768,0,22.4,21.25,3.45
4731,360050429013,o_360050429013,1570.419365,1345.749,0,23.9,22.75,1.95
4732,360050429021,o_360050429021,1559.503895,1243.422,0,23.88333333,21.2,2.45
4733,360050429022,o_360050429022,833.4330166,500.567,0,11.13333333,8.5,1.516666667
4734,360050429023,o_360050429023,1022.184095,736.348,0,14,12.38333333,1.833333333
4735,360050430001,o_360050430001,1279.914217,907.041,0,17,15.23333333,2.166666667
4736,360050430002,o_360050430002,1231.230217,858.357,0,16.2,14.43333333,2.966666667
4737,360050430003,o_360050430003,1934.3073,1451.089,0,26.9,24.48333333,1.283333333
4738,360050431011,o_360050431011,1607.614133,746.38,0,14.63333333,12.63333333,5.933333333
4739,360050431012,o_360050431012,934.2523051,528.63,0,11.01666667,8.95,6.95
4740,360050431013,o_360050431013,830.8883051,425.266,0,9.266666667,7.2,5.316666667
4741,360050431014,o_360050431014,658.1201453,267.169,0,6.616666667,4.516666667,3.45
4742,360050431021,o_360050431021,653.075657,320.21,0,8.05,5.416666667,2.983333333
4743,360050431022,o_360050431022,690.030657,357.165,0,8.733333333,6.1,2.3
4744,360050431023,o_360050431023,930.5259585,275.204,0,9.883333333,4.683333333,1.15
4745,360050434001,o_360050434001,1530.612928,897.278,0,16.58333333,15.08333333,3.016666667
4746,360050434002,o_360050434002,1299.636928,666.302,0,12.73333333,11.23333333,6.866666667
4747,360050434003,o_360050434003,887.7857695,628.677,0,11.56666667,10.6,4.3
4748,360050434004,o_360050434004,952.7434861,687.555,0,12.96666667,11.55,1.6
4749,360050435011,o_360050435011,1771.571367,1148.709,0,20.85,19.35,7.75
4750,360050435021,o_360050435021,3423.451413,739.825,1,21.33333333,12.4,6.866666667
4751,360050435031,o_360050435031,3484.178761,2560.682,0,47.18333333,43.08333333,3.316666667
4752,360050436001,o_360050436001,1599.945928,966.611,0,17.78333333,16.28333333,1.816666667
4753,360050436002,o_360050436002,1489.778928,856.444,0,15.93333333,14.43333333,3.666666667
4754,360050442001,o_360050442001,2100.459439,851.762,0,17.85,14.35,1.75
4755,360050442002,o_360050442002,1986.948439,738.251,0,16,12.5,3.6
4756,360050442003,o_360050442003,2290.294439,1041.597,0,21.1,17.6,6.5
4757,360050442004,o_360050442004,2366.184439,1117.487,0,22.35,18.85,5.25
4758,360050442005,o_360050442005,1938.016439,689.319,0,15.18333333,11.68333333,4.416666667
4759,360050444001,o_360050444001,1901.64927,1708.729,0,29.81666667,28.78333333,3.716666667
4760,360050444002,o_360050444002,2568.730279,2176.938,0,38.23333333,36.63333333,3.733333333
4761,360050444003,o_360050444003,2579.808279,2188.016,0,38.41666667,36.81666667,3.55
4762,360050444004,o_360050444004,2817.952944,2179.414,0,39.31666667,36.66666667,2.65
4763,360050448001,o_360050448001,2003.470217,1630.597,0,29.21666667,27.45,1.95
4764,360050448002,o_360050448002,1827.437217,1454.564,0,26.25,24.48333333,4.916666667
4765,360050449011,o_360050449011,1382.830408,553.587,0,13.35,9.266666667,1.85
4766,360050449012,o_360050449012,1511.715093,413.654,1,11.8,6.983333333,4.4
4767,360050449021,o_360050449021,1439.136932,1285.087,0,22.23333333,21.66666667,1.266666667
4768,360050449022,o_360050449022,1300.745884,1072.766,0,18.96666667,18.1,1.433333333
4769,360050451011,o_360050451011,1021.455092,516.632,0,11.2,8.716666667,4
4770,360050451012,o_360050451012,608.3006493,379.598,0,7.566666667,6.433333333,2.25
4771,360050451021,o_360050451021,1270.105179,619.097,0,13.66666667,10.46666667,1.533333333
4772,360050451022,o_360050451022,899.2206493,670.518,0,12.48333333,11.35,2.716666667
4773,360050456001,o_360050456001,2426.468597,1325.212,0,27.56666667,22.33333333,3.6
4774,360050456002,o_360050456002,3163.803301,978.615,1,25.63333333,16.51666667,6.533333333
4775,360050456003,o_360050456003,5728.758979,1846.373,1,47.28333333,31.01666667,8.883333333
4776,360050458001,o_360050458001,2208.972217,2037.559,0,35,34.46666667,6.366666667
4777,360050458002,o_360050458002,2052.287336,442.198,0,15.05,7.45,4.116666667
4778,360050458003,o_360050458003,2172.116336,562.027,0,17.08333333,9.483333333,2.083333333
4779,360050458004,o_360050458004,2209.504599,1738.316,0,31.18333333,29.15,3.733333333
4780,360050460001,o_360050460001,2534.899347,2210.623,0,38.66666667,37.16666667,7.116666667
4781,360050460002,o_360050460002,2998.126626,1181.785,0,28.43333333,19.86666667,2.733333333
4782,360050462031,o_360050462031,3742.415307,1435.803,1,34.86666667,24.38333333,4.333333333
4783,360050462032,o_360050462032,3989.031677,2901.839,0,53.4,49.1,2.766666667
4784,360050462033,o_360050462033,6674.236094,1642.306,2,42.1,27.98333333,9.316666667
4785,360050462041,o_360050462041,3190.830903,1310.94,1,30.33333333,22.15,7.15
4786,360050462042,o_360050462042,3200.040345,1484.93,1,32.56666667,25.16666667,6.633333333
4787,360050462043,o_360050462043,3454.626201,1411.021,1,33.26666667,23.86666667,5.933333333
4788,360050462044,o_360050462044,3533.409201,1489.804,1,34.7,25.3,4.5
4789,360050462051,o_360050462051,2945.062939,1609.943,1,33.28333333,27.26666667,4.2
4790,360050462052,o_360050462052,3009.716321,1656.737,1,33.98333333,28.03333333,5.216666667
4791,360050462053,o_360050462053,3023.276321,1670.297,1,34.21666667,28.26666667,4.983333333
4792,360050462054,o_360050462054,3020.002879,1502.243,1,32.26666667,25.53333333,5.216666667
4793,360050462055,o_360050462055,5991.909126,1366.59,0,39.25,23.06666667,2.183333333
4794,360050462061,o_360050462061,3359.507345,1644.397,1,35.26666667,27.86666667,3.933333333
4795,360050462062,o_360050462062,3490.155201,1446.55,1,33.85,24.45,5.35
4796,360050462063,o_360050462063,3536.028201,1492.423,1,34.6,25.2,4.6
4797,360050462064,o_360050462064,3474.821201,1431.216,1,33.63333333,24.23333333,5.566666667
4798,360050462071,o_360050462071,3740.613307,1434.001,1,34.73333333,24.25,4.466666667
4799,360050462072,o_360050462072,3710.683307,1404.071,1,34.31666667,23.83333333,4.883333333
4800,360050462073,o_360050462073,3626.834307,1320.222,1,32.81666667,22.33333333,6.383333333
4801,360050462081,o_360050462081,4274.199909,1672.327,0,33.15,28.15,5.85
4802,360050462082,o_360050462082,4113.188909,1511.316,0,30.4,25.4,8.6
4803,360050462083,o_360050462083,3145.13297,2271.815,0,41.66666667,38.21666667,1.233333333
4804,360050462084,o_360050462084,2473.764135,1664.613,0,31.21666667,28.01666667,2.766666667
4805,360050462091,o_360050462091,6549.293805,1268.69,1,32.85,21.38333333,4.5
4806,360050462092,o_360050462092,4358.887909,1757.015,0,34.53333333,29.53333333,4.466666667
4807,360050462093,o_360050462093,4949.914774,2229.734,1,43.38333333,37.75,7.033333333
4808,360050484011,o_360050484011,2884.605647,1139.832,1,26.61666667,19.35,5.55
4809,360050484012,o_360050484012,3209.560301,1024.372,1,26.45,17.33333333,5.716666667
4810,360050484013,o_360050484013,3067.502626,1251.161,0,29.71666667,21.15,1.45
4811,360050484021,o_360050484021,2274.254339,1480.771,0,28.78333333,25.03333333,2.383333333
4812,360050504001,o_360050504001,7188.530928,2864.63,0,59.45,48.11666667,8.6
4813,360050516011,o_360050516011,8061.584522,1528.691,1,42.35,25.9,7.8
4814,360050516012,o_360050516012,8659.615894,1837.38,1,48.18333333,31.05,5.25
4815,360050516013,o_360050516013,9041.493564,1891.04,1,49.93333333,32.01666667,3.5
4816,360050516014,o_360050516014,9374.833272,1582.052,1,46.55,26.83333333,6.883333333
4817,360050516015,o_360050516015,8249.518522,1716.625,1,45.48333333,29.03333333,7.95
4818,360810001011,o_360810001011,5683.761896,1089.009,1,30.43333333,18.43333333,8.2
4819,360810001012,o_360810001012,5417.824925,1470.173,1,34.8,24.8,8.566666667
4820,360810001021,o_360810001021,5589.756896,995.004,1,28.86666667,16.86666667,9.766666667
4821,360810001022,o_360810001022,5732.928896,1138.176,1,31.28333333,19.28333333,7.35
4822,360810001031,o_360810001031,4688.543241,1281.593,1,30.63333333,21.63333333,8
4823,360810001041,o_360810001041,5012.883815,1472.179,1,33.83333333,24.83333333,9.533333333
4824,360810002001,o_360810002001,11219.26682,1596.471,1,50.96666667,26.96666667,6.7
4825,360810002002,o_360810002002,10976.86182,1354.066,1,46.93333333,22.93333333,10.73333333
4826,360810004001,o_360810004001,10678.55948,1670.801,1,50.73333333,28.23333333,6.933333333
4827,360810004002,o_360810004002,11088.90582,1466.11,1,48.8,24.8,8.866666667
4828,360810004003,o_360810004003,10847.83292,3241.384,1,73.8,54.8,9.116666667
4829,360810006001,o_360810006001,11043.57946,1152.925,2,44.01666667,19.51666667,14.65
4830,360810006002,o_360810006002,11642.14681,1136.455,2,45.2,19.2,13.46666667
4831,360810006003,o_360810006003,11532.58081,1026.889,2,43.41666667,17.41666667,15.25
4832,360810007011,o_360810007011,5104.46183,1810.993,1,39,30.5,9.8
4833,360810007012,o_360810007012,4859.22772,1972.706,1,40.83333333,33.33333333,7.966666667
4834,360810007021,o_360810007021,4180.437176,2074.771,1,40.53333333,35.03333333,8.266666667
4835,360810007022,o_360810007022,3945.545241,538.595,1,18.15,9.15,3.983333333
4836,360810007023,o_360810007023,4492.320271,1732.471,1,36.28333333,29.28333333,7.083333333
4837,360810008001,o_360810008001,10500.91068,1350.735,2,45.36666667,22.86666667,13.3
4838,360810008002,o_360810008002,11044.39646,1153.742,2,44,19.5,14.66666667
4839,360810010001,o_360810010001,10325.08748,1317.329,1,44.78333333,22.28333333,12.88333333
4840,360810010002,o_360810010002,10611.70348,1603.945,1,49.61666667,27.11666667,8.05
4841,360810012001,o_360810012001,10491.34348,1483.585,1,47.55,25.05,10.11666667
4842,360810012002,o_360810012002,10499.36248,1491.604,1,47.73333333,25.23333333,9.933333333
4843,360810012003,o_360810012003,10537.68648,1529.928,1,48.35,25.85,9.316666667
4844,360810014001,o_360810014001,9988.976701,1721.697,1,49.71666667,29.21666667,7.95
4845,360810014002,o_360810014002,10014.40968,864.234,2,37.2,14.7,10.53333333
4846,360810014003,o_360810014003,9710.672682,560.497,2,32.06666667,9.566666667,15.66666667
4847,360810016001,o_360810016001,9976.284682,826.109,2,36.56666667,14.06666667,11.16666667
4848,360810016002,o_360810016002,10283.56768,1133.392,2,41.71666667,19.21666667,14.01666667
4849,360810018001,o_360810018001,9818.285682,668.11,2,33.88333333,11.38333333,13.85
4850,360810018002,o_360810018002,5655.549766,1621.245,0,39.1,27.6,7.716666667
4851,360810019011,o_360810019011,4034.213241,627.263,1,19.63333333,10.63333333,4.566666667
4852,360810019021,o_360810019021,3434.778874,752.98,0,20.28333333,12.78333333,2.916666667
4853,360810019031,o_360810019031,3790.784874,1108.986,0,26.36666667,18.86666667,1.333333333
4854,360810020001,o_360810020001,5514.881524,525.721,1,22.83333333,8.833333333,8.833333333
4855,360810022001,o_360810022001,9507.35487,990.07,2,37.75,16.75,9.983333333
4856,360810022002,o_360810022002,9491.02287,973.738,2,37.45,16.45,7.783333333
4857,360810024001,o_360810024001,4872.084711,515.815,1,21.31666667,8.816666667,10.35
4858,360810024002,o_360810024002,4834.682711,478.413,1,20.55,8.05,11.11666667
4859,360810025001,o_360810025001,3567.642213,1754.844,0,34.78333333,29.78333333,1.416666667
4860,360810025002,o_360810025002,3383.522213,1570.724,0,31.7,26.7,4.5
4861,360810025003,o_360810025003,3149.871065,1848.587,0,34.83333333,31.33333333,1.366666667
4862,360810025004,o_360810025004,3666.585874,984.787,0,24.25,16.75,3.45
4863,360810025005,o_360810025005,3538.292213,1725.494,0,34.3,29.3,1.9
4864,360810025006,o_360810025006,3881.443874,1199.645,0,27.86666667,20.36666667,8.333333333
4865,360810026001,o_360810026001,4454.280596,848.974,1,24.88333333,14.38333333,6.783333333
4866,360810026002,o_360810026002,4646.162711,289.893,1,17.4,4.9,4.766666667
4867,360810028001,o_360810028001,4636.704954,1235.291,0,31.15,21.15,7.666666667
4868,360810028002,o_360810028002,5026.940711,670.671,1,23.9,11.4,7.766666667
4869,360810030001,o_360810030001,5676.694524,687.534,1,25.61666667,11.61666667,6.05
4870,360810031001,o_360810031001,2396.109065,1094.825,0,22.03333333,18.53333333,1.166666667
4871,360810031002,o_360810031002,2186.779213,373.981,0,11.4,6.4,1.8
4872,360810032001,o_360810032001,5997.777524,1008.617,1,31.08333333,17.08333333,9.083333333
4873,360810033011,o_360810033011,3224.702874,542.904,0,16.7,9.2,6.5
4874,360810033021,o_360810033021,2808.136065,1506.852,0,29.03333333,25.53333333,3.166666667
4875,360810033022,o_360810033022,2410.710065,1109.426,0,22.33333333,18.83333333,5.366666667
4876,360810034001,o_360810034001,6366.221524,1377.061,1,37.3,23.3,8.366666667
4877,360810034002,o_360810034002,11533.55246,1642.898,2,52.31666667,27.81666667,12.91666667
4878,360810036001,o_360810036001,6437.570524,1448.41,1,38.51666667,24.51666667,7.15
4879,360810036002,o_360810036002,11526.74646,1636.092,2,52.2,27.7,13.03333333
4880,360810037001,o_360810037001,2977.604065,1676.32,0,32.08333333,28.58333333,4.116666667
4881,360810038001,o_360810038001,5917.356711,1561.087,1,38.96666667,26.46666667,6.7
4882,360810038002,o_360810038002,6423.311524,1434.151,1,38.23333333,24.23333333,7.433333333
4883,360810039001,o_360810039001,2934.884065,1633.6,0,31.31666667,27.81666667,4.883333333
4884,360810040011,o_360810040011,6051.804711,1695.535,1,41.23333333,28.73333333,4.433333333
4885,360810040012,o_360810040012,6526.154524,1536.994,1,39.93333333,25.93333333,5.733333333
4886,360810040021,o_360810040021,6335.276711,1979.007,1,45.96666667,33.46666667,9.7
4887,360810042001,o_360810042001,7136.2523,1406.613,1,39.73333333,23.73333333,5.933333333
4888,360810042002,o_360810042002,7165.014542,2390.231,0,54.1,40.6,8.716666667
4889,360810042003,o_360810042003,11861.71346,1971.059,2,57.83333333,33.33333333,11.4
4890,360810043001,o_360810043001,2240.83097,1593.73,0,29.05,27.05,3.15
4891,360810043002,o_360810043002,2616.643065,1315.359,0,25.83333333,22.33333333,1.866666667
4892,360810044011,o_360810044011,7621.8243,1892.185,1,47.96666667,31.96666667,7.7
4893,360810044012,o_360810044012,14856.33816,1451.564,1,42.66666667,24.66666667,14
4894,360810045001,o_360810045001,2188.83997,1541.739,0,28.13333333,26.13333333,8.066666667
4895,360810045002,o_360810045002,1966.54397,1319.443,0,24.31666667,22.31666667,3.383333333
4896,360810045003,o_360810045003,1852.77497,1205.674,0,22.46666667,20.46666667,5.233333333
4897,360810047001,o_360810047001,1789.37097,1142.27,0,21.38333333,19.38333333,1.816666667
4898,360810047002,o_360810047002,2369.677065,1068.393,0,21.63333333,18.13333333,1.566666667
4899,360810050001,o_360810050001,15878.82543,1243.522,1,42.1,21.1,14.56666667
4900,360810051001,o_360810051001,1847.391065,546.107,0,12.78333333,9.283333333,10.41666667
4901,360810051002,o_360810051002,2097.198065,795.914,0,17.03333333,13.53333333,6.166666667
4902,360810052001,o_360810052001,6794.183766,2759.879,0,58.38333333,46.88333333,4.433333333
4903,360810052002,o_360810052002,7425.4523,1695.813,1,44.63333333,28.63333333,11.03333333
4904,360810053001,o_360810053001,1307.02997,659.929,0,13.23333333,11.23333333,9.966666667
4905,360810053002,o_360810053002,1459.68097,812.58,0,15.85,13.85,7.35
4906,360810053003,o_360810053003,1524.80897,877.708,0,16.9,14.9,6.3
4907,360810053004,o_360810053004,1645.13997,998.039,0,18.88333333,16.88333333,4.316666667
4908,360810054001,o_360810054001,6836.710524,1847.55,1,45.16666667,31.16666667,10.5
4909,360810054002,o_360810054002,16004.56843,1369.265,1,44.23333333,23.23333333,12.43333333
4910,360810054003,o_360810054003,7704.9063,1975.267,1,49.31666667,33.31666667,6.35
4911,360810054004,o_360810054004,6979.632524,1990.472,1,47.58333333,33.58333333,8.083333333
4912,360810055001,o_360810055001,2160.965065,859.681,0,18.08333333,14.58333333,5.116666667
4913,360810057001,o_360810057001,1719.95397,1072.853,0,20.13333333,18.13333333,3.066666667
4914,360810057002,o_360810057002,1364.58297,717.482,0,14.16666667,12.16666667,9.033333333
4915,360810057003,o_360810057003,2156.587065,855.303,0,18.01666667,14.51666667,5.183333333
4916,360810058001,o_360810058001,16233.33243,1598.029,1,48.1,27.1,8.566666667
4917,360810058002,o_360810058002,7837.697797,3365.127,1,69.71666667,57.18333333,5.7
4918,360810058003,o_360810058003,16200.57743,1565.274,1,47.51666667,26.51666667,9.15
4919,360810058004,o_360810058004,15636.64024,1639.231,1,47.31666667,27.81666667,9.35
4920,360810059001,o_360810059001,1529.47097,882.37,0,17.05,15.05,6.15
4921,360810059002,o_360810059002,1293.57497,646.474,0,13,11,10.2
4922,360810059003,o_360810059003,1114.28697,467.186,0,9.933333333,7.933333333,3.266666667
4923,360810061001,o_360810061001,1158.91797,511.817,0,10.71666667,8.716666667,2.483333333
4924,360810061002,o_360810061002,1315.24597,668.145,0,13.33333333,11.33333333,9.866666667
4925,360810061003,o_360810061003,1472.56497,825.464,0,16.01666667,14.01666667,7.183333333
4926,360810061004,o_360810061004,1630.71897,983.618,0,18.7,16.7,4.5
4927,360810062011,o_360810062011,16546.39016,3141.616,1,71.05,53.05,11.11666667
4928,360810062012,o_360810062012,17196.98643,2561.683,1,64.33333333,43.33333333,11.26666667
4929,360810062013,o_360810062013,17286.24143,2650.938,1,65.88333333,44.88333333,9.716666667
4930,360810062021,o_360810062021,8085.097701,3184.231,0,65.56666667,54.06666667,1.633333333
4931,360810062022,o_360810062022,8463.879766,4429.575,0,84.01666667,75.01666667,1.233333333
4932,360810062023,o_360810062023,8877.930542,4103.147,0,80.63333333,69.63333333,4.616666667
4933,360810062024,o_360810062024,15982.69416,2577.92,1,61.71666667,43.71666667,13.88333333
4934,360810062025,o_360810062025,16162.80916,2758.035,1,64.73333333,46.73333333,10.86666667
4935,360810062026,o_360810062026,16259.23316,2854.459,1,66.38333333,48.38333333,9.216666667
4936,360810062027,o_360810062027,16857.20816,3452.434,1,76.41666667,58.41666667,14.68333333
4937,360810063001,o_360810063001,1782.582941,488.381,1,11.78333333,8.283333333,5.85
4938,360810063002,o_360810063002,1619.524304,1125.015,0,19.98333333,18.98333333,1.95
4939,360810063003,o_360810063003,1778.453304,1283.944,0,22.7,21.7,2.733333333
4940,360810063004,o_360810063004,1938.414304,1443.905,0,25.45,24.45,4.483333333
4941,360810065011,o_360810065011,1653.290304,1158.781,0,20.6,19.6,1.333333333
4942,360810065012,o_360810065012,1095.812304,601.303,0,11.71666667,10.21666667,5.416666667
4943,360810065013,o_360810065013,1461.811304,967.302,0,17.9,16.4,7.233333333
4944,360810065021,o_360810065021,1888.952304,1394.443,0,24.6,23.6,5.333333333
4945,360810065022,o_360810065022,1430.378304,935.869,0,17.36666667,15.86666667,7.766666667
4946,360810065023,o_360810065023,1472.421304,977.912,0,18.15,16.65,6.983333333
4947,360810069001,o_360810069001,1217.440304,722.931,0,13.81666667,12.31666667,3.316666667
4948,360810069002,o_360810069002,1524.329304,1029.82,0,18.98333333,17.48333333,6.15
4949,360810069003,o_360810069003,1177.688304,683.179,0,13.06666667,11.56666667,4.066666667
4950,360810071001,o_360810071001,2042.240304,1547.731,0,27.2,26.2,2.733333333
4951,360810071002,o_360810071002,1819.682304,1325.173,0,23.45,22.45,1.983333333
4952,360810071003,o_360810071003,1531.381304,1036.872,0,19.11666667,17.61666667,6.016666667
4953,360810071004,o_360810071004,1796.007941,501.806,1,12.05,8.55,5.583333333
4954,360810073001,o_360810073001,1639.462304,1144.953,0,20.36666667,19.36666667,1.566666667
4955,360810073002,o_360810073002,1793.192304,1298.683,0,22.91666667,21.91666667,2.516666667
4956,360810073003,o_360810073003,1874.032304,1379.523,0,24.26666667,23.26666667,1.166666667
4957,360810075001,o_360810075001,1552.01197,904.911,0,17.35,15.35,3.783333333
4958,360810075002,o_360810075002,1379.98097,732.88,0,14.45,12.45,2.183333333
4959,360810075003,o_360810075003,1263.88097,616.78,0,12.46666667,10.46666667,4.166666667
4960,360810077001,o_360810077001,1867.72997,1220.629,0,22.65,20.65,2.983333333
4961,360810079001,o_360810079001,2154.698304,1660.189,0,29.13333333,28.13333333,5.3
4962,360810079002,o_360810079002,2302.606304,1808.097,0,31.48333333,30.48333333,2.95
4963,360810081001,o_360810081001,2562.246304,2067.737,0,35.85,34.85,2.583333333
4964,360810083001,o_360810083001,2369.710304,1875.201,0,32.7,31.7,1.733333333
4965,360810083002,o_360810083002,2327.360304,1832.851,0,32.01666667,31.01666667,2.416666667
4966,360810085001,o_360810085001,2794.594065,1493.31,0,28.93333333,25.43333333,4.7
4967,360810085002,o_360810085002,3341.179213,1528.381,0,30.91666667,25.91666667,2.716666667
4968,360810086001,o_360810086001,16450.72883,1167.68,1,42.33333333,19.83333333,7.766666667
4969,360810086002,o_360810086002,5582.573777,3425.976,0,62.91666667,57.91666667,4.283333333
4970,360810087001,o_360810087001,2481.004304,1986.495,0,35.21666667,33.71666667,1.416666667
4971,360810087002,o_360810087002,2430.541304,1936.032,0,34.26666667,32.76666667,2.366666667
4972,360810087003,o_360810087003,2434.264304,1939.755,0,34.33333333,32.83333333,2.3
4973,360810088001,o_360810088001,18057.24645,1447.606,1,51.05,24.55,15.55
4974,360810088002,o_360810088002,7990.203524,3001.043,1,62.18333333,50.68333333,8.416666667
4975,360810091001,o_360810091001,2556.239304,2061.73,0,36.35,34.85,3.783333333
4976,360810091002,o_360810091002,1855.244304,1360.735,0,24.53333333,23.03333333,5.1
4977,360810094001,o_360810094001,16836.74881,1012.647,1,41.2,17.2,8.9
4978,360810094002,o_360810094002,5990.647954,2589.234,0,53.98333333,43.98333333,2.266666667
4979,360810095001,o_360810095001,1278.958304,784.449,0,14.85,13.35,2.283333333
4980,360810095002,o_360810095002,1598.575304,1104.066,0,20.2,18.7,4.933333333
4981,360810096001,o_360810096001,3901.585849,3128.842,0,54.31666667,52.81666667,6.383333333
4982,360810096002,o_360810096002,3973.866849,3201.123,0,55.63333333,54.13333333,5.066666667
4983,360810097001,o_360810097001,2451.174719,1234.357,0,23.95,20.95,1.183333333
4984,360810097002,o_360810097002,1914.413304,1419.904,0,25.56666667,24.06666667,4.066666667
4985,360810097003,o_360810097003,1706.239304,1211.73,0,22.01666667,20.51666667,3.116666667
4986,360810097004,o_360810097004,1550.971304,1056.462,0,19.41666667,17.91666667,5.716666667
4987,360810098001,o_360810098001,4868.704989,2990.998,0,54.75,50.75,1.5
4988,360810098002,o_360810098002,5301.538838,2651.088,0,52.86666667,44.86666667,3.383333333
4989,360810099001,o_360810099001,2127.852304,1633.343,0,29.13333333,27.63333333,2.5
4990,360810100001,o_360810100001,5998.916596,2393.61,1,50.16666667,40.16666667,7.433333333
4991,360810100002,o_360810100002,5413.763838,2763.313,0,54.71666667,46.71666667,1.533333333
4992,360810101001,o_360810101001,2503.096719,1286.279,0,24.95,21.95,4.683333333
4993,360810101002,o_360810101002,2123.559719,906.742,0,18.41666667,15.41666667,6.716666667
4994,360810102001,o_360810102001,6386.420869,3297.704,1,64.6,55.56666667,4.25
4995,360810102002,o_360810102002,5604.10302,3288.13,1,62.06666667,55.53333333,6.783333333
4996,360810103001,o_360810103001,2820.525416,2098.217,0,36.95,35.45,5.983333333
4997,360810103002,o_360810103002,2576.966719,1360.149,0,26.1,23.1,3.533333333
4998,360810103003,o_360810103003,2366.066719,1149.249,0,22.48333333,19.48333333,2.65
4999,360810103004,o_360810103004,2167.361719,950.544,0,19.1,16.1,6.033333333
5000,360810104001,o_360810104001,5391.752838,2741.302,0,54.31666667,46.31666667,1.933333333
5001,360810104002,o_360810104002,5375.430989,3497.724,0,63.21666667,59.21666667,1.533333333
5002,360810105001,o_360810105001,3170.762719,1953.945,0,36.1,33.1,4.033333333
5003,360810105002,o_360810105002,2877.331416,2155.023,0,37.9,36.4,5.033333333
5004,360810105003,o_360810105003,2733.760719,1516.943,0,28.63333333,25.63333333,3
5005,360810105004,o_360810105004,2476.019719,1259.202,0,24.3,21.3,5.333333333
5006,360810106001,o_360810106001,4516.410989,2638.704,0,48.71666667,44.71666667,7.533333333
5007,360810106002,o_360810106002,5035.321989,3157.615,0,57.4,53.4,7.35
5008,360810107011,o_360810107011,2987.809719,1770.992,0,32.81666667,29.81666667,3.816666667
5009,360810108001,o_360810108001,4865.242596,1259.936,1,31.7,21.2,7.4
5010,360810108002,o_360810108002,4789.762989,2912.056,0,53.4,49.4,2.85
5011,360810110001,o_360810110001,4911.441596,1306.135,1,32.65,22.15,6.45
5012,360810110002,o_360810110002,5104.718838,2454.268,0,49.61666667,41.61666667,6.633333333
5013,360810111001,o_360810111001,2256.526719,1039.709,0,20.58333333,17.58333333,4.55
5014,360810111002,o_360810111002,2283.332719,1066.515,0,21,18,4.133333333
5015,360810112001,o_360810112001,5348.144838,2697.694,0,53.83333333,45.83333333,2.416666667
5016,360810112002,o_360810112002,5841.078954,2439.665,0,51.46666667,41.46666667,4.783333333
5017,360810113001,o_360810113001,1983.136719,766.319,0,15.95,12.95,1.183333333
5018,360810113002,o_360810113002,1981.434719,764.617,0,15.93333333,12.93333333,1.2
5019,360810113003,o_360810113003,2252.963719,1036.146,0,20.53333333,17.53333333,4.6
5020,360810114001,o_360810114001,5379.341711,1023.072,1,29.85,17.35,9.25
5021,360810115001,o_360810115001,1854.592719,637.775,0,13.81666667,10.81666667,3.316666667
5022,360810115002,o_360810115002,1796.368719,579.551,0,12.81666667,9.816666667,4.316666667
5023,360810116001,o_360810116001,4829.179596,1223.873,1,31.15,20.65,7.95
5024,360810116002,o_360810116002,5501.563711,1145.294,1,31.9,19.4,7.2
5025,360810117001,o_360810117001,1978.282719,761.465,0,15.88333333,12.88333333,1.25
5026,360810117002,o_360810117002,1826.208304,1331.699,0,24.11666667,22.61666667,1.016666667
5027,360810117003,o_360810117003,2004.552431,1309.074,0,25.11666667,22.13333333,4.366666667
5028,360810117004,o_360810117004,1456.812304,962.303,0,17.93333333,16.43333333,2.2
5029,360810118001,o_360810118001,4473.903747,1641.341,1,34.26666667,27.76666667,4.833333333
5030,360810118002,o_360810118002,4641.693596,1036.387,1,27.95,17.45,11.15
5031,360810119001,o_360810119001,1980.981431,1285.503,0,24.71666667,21.73333333,4.766666667
5032,360810119002,o_360810119002,2060.378431,1364.9,0,26.08333333,23.1,3.4
5033,360810120001,o_360810120001,4104.674747,1272.112,1,27.93333333,21.43333333,11.16666667
5034,360810120002,o_360810120002,4337.270747,1504.708,1,31.85,25.35,7.25
5035,360810121001,o_360810121001,2640.119719,1423.302,0,27.13333333,24.13333333,4.5
5036,360810121002,o_360810121002,2392.001719,1175.184,0,22.93333333,19.93333333,2.2
5037,360810122001,o_360810122001,3575.988747,743.426,1,19.05,12.55,6.05
5038,360810122002,o_360810122002,3610.970989,1733.264,0,33.56666667,29.56666667,6.683333333
5039,360810123011,o_360810123011,2848.693719,1631.876,0,30.56666667,27.56666667,4.366666667
5040,360810123012,o_360810123012,2889.905431,2194.427,0,40.03333333,37.05,2.75
5041,360810123013,o_360810123013,2969.848431,2274.37,0,41.45,38.46666667,1.333333333
5042,360810124001,o_360810124001,4120.878596,515.572,1,19.2,8.7,9.2
5043,360810124002,o_360810124002,3905.946838,1255.496,0,29.4,21.4,6.15
5044,360810125001,o_360810125001,1219.591304,725.082,0,13.86666667,12.36666667,6.566666667
5045,360810125002,o_360810125002,1087.255304,592.746,0,11.58333333,10.08333333,1.85
5046,360810126011,o_360810126011,4137.172596,531.866,1,19.45,8.95,8.95
5047,360810126012,o_360810126012,4233.709838,1583.259,0,34.96666667,26.96666667,8.583333333
5048,360810126021,o_360810126021,4886.763711,530.494,1,21.43333333,8.933333333,6.966666667
5049,360810126022,o_360810126022,4503.699838,1853.249,0,39.55,31.55,4
5050,360810128001,o_360810128001,4063.951989,2186.245,0,41.41666667,37.41666667,2.133333333
5051,360810128002,o_360810128002,4086.482596,481.176,1,18.66666667,8.166666667,9.733333333
5052,360810130001,o_360810130001,4209.939596,604.633,1,20.73333333,10.23333333,7.666666667
5053,360810130002,o_360810130002,3805.500838,1155.05,0,27.75,19.75,7.8
5054,360810132001,o_360810132001,3542.071747,709.509,1,18.51666667,12.01666667,9.883333333
5055,360810132002,o_360810132002,3380.704989,1502.998,0,29.7,25.7,5.85
5056,360810134001,o_360810134001,3537.384355,2459.906,0,43.56666667,41.56666667,1.533333333
5057,360810134002,o_360810134002,3340.522355,2263.044,0,40.31666667,38.31666667,4.783333333
5058,360810134003,o_360810134003,3740.127989,1862.421,0,35.71666667,31.71666667,7.833333333
5059,360810134004,o_360810134004,3600.528747,767.966,1,19.51666667,13.01666667,8.883333333
5060,360810135001,o_360810135001,2690.706431,1995.228,0,36.71666667,33.73333333,6.066666667
5061,360810136001,o_360810136001,3209.498617,1332.689,0,25.56666667,22.56666667,1.333333333
5062,360810136002,o_360810136002,3159.370617,1282.561,0,24.73333333,21.73333333,2.166666667
5063,360810137001,o_360810137001,2039.290431,1343.812,0,25.83333333,22.85,6.95
5064,360810138001,o_360810138001,2759.445617,882.636,0,17.95,14.95,1.45
5065,360810138002,o_360810138002,3214.689617,1337.88,0,25.56666667,22.56666667,1.333333333
5066,360810140001,o_360810140001,3271.452747,438.89,1,13.9,7.4,5
5067,360810140002,o_360810140002,3307.394989,1429.688,0,28.36666667,24.36666667,7.183333333
5068,360810141001,o_360810141001,1618.608304,1124.099,0,20.71666667,19.21666667,7.716666667
5069,360810141002,o_360810141002,2198.782431,1503.304,0,28.43333333,25.45,4.35
5070,360810142011,o_360810142011,3218.339989,1340.633,0,26.93333333,22.93333333,8.616666667
5071,360810142012,o_360810142012,3239.020989,1361.314,0,27.2,23.2,8.35
5072,360810142021,o_360810142021,2229.084758,1274.229,0,24.28333333,21.78333333,7.266666667
5073,360810142022,o_360810142022,2169.735543,1866.185,0,33.85,31.83333333,4.366666667
5074,360810143001,o_360810143001,2219.996431,1524.518,0,28.83333333,25.85,3.95
5075,360810143002,o_360810143002,1986.342431,1290.864,0,24.88333333,21.9,7.9
5076,360810144001,o_360810144001,3557.050747,724.488,1,18.66666667,12.16666667,9.733333333
5077,360810145001,o_360810145001,2664.595431,1969.117,0,36.28333333,33.3,6.5
5078,360810145002,o_360810145002,2377.175431,1681.697,0,31.51666667,28.53333333,1.266666667
5079,360810147001,o_360810147001,2926.432431,2230.954,0,40.75,37.76666667,2.033333333
5080,360810147002,o_360810147002,2403.746304,1909.237,0,33.35,32.35,4.383333333
5081,360810147003,o_360810147003,2216.008304,1721.499,0,30.13333333,29.13333333,3.1
5082,360810148001,o_360810148001,2700.840758,1745.985,0,31.96666667,29.46666667,3.933333333
5083,360810149001,o_360810149001,2331.431304,1836.922,0,32.31666667,31.31666667,5.416666667
5084,360810149002,o_360810149002,2138.057304,1643.548,0,28.95,27.95,4.283333333
5085,360810150001,o_360810150001,2459.210758,1504.355,0,27.9,25.4,3
5086,360810150002,o_360810150002,4096.389747,1263.827,1,27.78333333,21.28333333,9.116666667
5087,360810151001,o_360810151001,2728.806304,2234.297,0,39.16666667,38.16666667,2.566666667
5088,360810151002,o_360810151002,2530.023304,2035.514,0,35.75,34.75,1.983333333
5089,360810152001,o_360810152001,2190.489758,1235.634,0,23.38333333,20.88333333,4.016666667
5090,360810152002,o_360810152002,2452.720758,1497.865,0,27.81666667,25.31666667,3.083333333
5091,360810153001,o_360810153001,2331.29297,1684.192,0,30.61666667,28.61666667,2.316666667
5092,360810153002,o_360810153002,2106.82797,1459.727,0,26.76666667,24.76666667,6.166666667
5093,360810154001,o_360810154001,2604.082758,1649.227,0,30.31666667,27.81666667,5.583333333
5094,360810154002,o_360810154002,4240.053747,1407.491,1,30.21666667,23.71666667,6.683333333
5095,360810155001,o_360810155001,1957.62497,1310.524,0,24.21666667,22.21666667,8.716666667
5096,360810155002,o_360810155002,1845.44797,1198.347,0,22.33333333,20.33333333,2.1
5097,360810156001,o_360810156001,5519.283234,1765.664,1,35.78333333,29.78333333,5.116666667
5098,360810156002,o_360810156002,4431.475747,1598.913,1,33.45,26.95,8.95
5099,360810157001,o_360810157001,2115.45597,1468.355,0,26.85,24.85,2.083333333
5100,360810158011,o_360810158011,2675.751758,1720.896,0,31.85,29.35,4.05
5101,360810158012,o_360810158012,3020.832758,2065.977,0,37.73333333,35.23333333,3.666666667
5102,360810158013,o_360810158013,2814.969031,2376.703,0,43.16666667,40.63333333,1.983333333
5103,360810158021,o_360810158021,3033.471758,2078.616,0,38,35.5,3.4
5104,360810158022,o_360810158022,3361.377758,2406.522,0,43.53333333,41.03333333,2.866666667
5105,360810158023,o_360810158023,4647.174747,1814.612,1,37.08333333,30.58333333,5.316666667
5106,360810159001,o_360810159001,1927.28997,1280.189,0,23.85,21.85,9.083333333
5107,360810159002,o_360810159002,2204.93097,1557.83,0,28.41666667,26.41666667,4.516666667
5108,360810159003,o_360810159003,2320.61097,1673.51,0,30.43333333,28.43333333,2.5
5109,360810159004,o_360810159004,2084.23697,1437.136,0,26.55,24.55,6.383333333
5110,360810161001,o_360810161001,2282.67797,1635.577,0,29.93333333,27.93333333,3
5111,360810161002,o_360810161002,4518.760207,967.423,1,24.95,16.45,8.983333333
5112,360810163001,o_360810163001,2924.368304,2429.859,0,42.2,41.2,3.533333333
5113,360810163002,o_360810163002,4613.064207,1061.727,1,26.58333333,18.08333333,7.35
5114,360810163003,o_360810163003,4677.990207,1126.653,1,27.7,19.2,6.233333333
5115,360810164001,o_360810164001,3285.317758,2330.462,0,42.18333333,39.68333333,4.216666667
5116,360810164002,o_360810164002,3611.137758,2656.282,0,47.71666667,45.21666667,3.683333333
5117,360810166001,o_360810166001,5101.247747,2268.685,1,44.65,38.15,7.75
5118,360810166002,o_360810166002,4262.905758,3308.05,0,58.78333333,56.28333333,1.116666667
5119,360810168001,o_360810168001,3899.695758,2944.84,0,52.58333333,50.08333333,1.816666667
5120,360810168002,o_360810168002,4250.037758,3295.182,0,58.48333333,55.98333333,1.416666667
5121,360810169001,o_360810169001,6425.481596,1089.036,1,32.01666667,18.51666667,9.916666667
5122,360810169002,o_360810169002,5793.773416,980.262,1,29.05,16.55,12.88333333
5123,360810169003,o_360810169003,6213.231596,876.786,1,28.36666667,14.86666667,5.566666667
5124,360810169004,o_360810169004,6097.292596,760.847,1,26.35,12.85,7.583333333
5125,360810170001,o_360810170001,3206.867758,2252.012,0,40.78333333,38.28333333,5.616666667
5126,360810170002,o_360810170002,3503.427758,2548.572,0,45.88333333,43.38333333,5.516666667
5127,360810171011,o_360810171011,3115.588213,1302.79,0,26.96666667,21.96666667,5.966666667
5128,360810171021,o_360810171021,2759.586065,1458.302,0,28.35,24.85,4.583333333
5129,360810172001,o_360810172001,3686.023758,2731.168,0,48.95,46.45,2.45
5130,360810172002,o_360810172002,3446.501758,2491.646,0,44.81666667,42.31666667,1.583333333
5131,360810174001,o_360810174001,3555.866758,2601.011,0,46.6,44.1,4.8
5132,360810174002,o_360810174002,3893.119758,2938.264,0,52.43333333,49.93333333,1.966666667
5133,360810176001,o_360810176001,4100.432758,3145.577,0,55.91666667,53.41666667,3.983333333
5134,360810176002,o_360810176002,3709.361031,3271.095,0,58.01666667,55.48333333,1.816666667
5135,360810178001,o_360810178001,4299.862306,4128.364,0,71.23333333,70.2,1.616666667
5136,360810178002,o_360810178002,3982.377758,3027.522,0,53.75,51.25,2.833333333
5137,360810179011,o_360810179011,4580.226963,839.615,1,24.3,14.3,6.316666667
5138,360810179021,o_360810179021,4122.941963,382.33,1,16.5,6.5,14.11666667
5139,360810180001,o_360810180001,4199.653031,3761.387,0,66.23333333,63.7,1.6
5140,360810181011,o_360810181011,4990.811284,654.01,1,22.6,11.1,8.016666667
5141,360810181012,o_360810181012,4807.849284,471.048,1,19.51666667,8.016666667,11.1
5142,360810181013,o_360810181013,4808.714284,471.913,1,19.5,8,11.11666667
5143,360810181021,o_360810181021,4976.873284,640.072,1,22.33333333,10.83333333,8.283333333
5144,360810181022,o_360810181022,4924.863284,588.062,1,21.46666667,9.966666667,9.15
5145,360810181023,o_360810181023,5055.009284,718.208,1,23.66666667,12.16666667,6.95
5146,360810182001,o_360810182001,4572.175502,4211.978,0,72.86666667,71.28333333,1.983333333
5147,360810182002,o_360810182002,4047.407031,3609.141,0,63.65,61.11666667,4.183333333
5148,360810183001,o_360810183001,5846.547416,1033.036,1,30,17.5,8.616666667
5149,360810183002,o_360810183002,5261.950284,925.149,1,27.18333333,15.68333333,11.43333333
5150,360810183003,o_360810183003,5426.154416,612.643,1,22.88333333,10.38333333,7.733333333
5151,360810183004,o_360810183004,5063.362284,726.561,1,23.81666667,12.31666667,6.8
5152,360810183005,o_360810183005,5431.935416,618.424,1,23,10.5,7.616666667
5153,360810184011,o_360810184011,4552.971502,4192.774,0,72.65,71.06666667,2.2
5154,360810184021,o_360810184021,3802.627306,3631.129,0,62.76666667,61.73333333,3.083333333
5155,360810184022,o_360810184022,4066.420031,3628.154,0,63.96666667,61.43333333,3.866666667
5156,360810185011,o_360810185011,5309.967284,973.166,1,27.98333333,16.48333333,10.63333333
5157,360810185012,o_360810185012,5428.461284,1091.66,1,29.96666667,18.46666667,8.65
5158,360810185013,o_360810185013,5756.334416,942.823,1,28.51666667,16.01666667,10.1
5159,360810185021,o_360810185021,5120.114284,783.313,1,24.73333333,13.23333333,5.883333333
5160,360810185022,o_360810185022,5549.448416,735.937,1,25,12.5,5.616666667
5161,360810185023,o_360810185023,5230.454284,893.653,1,26.61666667,15.11666667,12
5162,360810186001,o_360810186001,3843.338306,3671.84,0,63.4,62.36666667,2.45
5163,360810187001,o_360810187001,6090.443416,1276.932,1,34.16666667,21.66666667,9.45
5164,360810187002,o_360810187002,5620.592284,1283.791,1,33.18333333,21.68333333,10.43333333
5165,360810187003,o_360810187003,5250.319963,1509.708,1,35.48333333,25.48333333,8.133333333
5166,360810188001,o_360810188001,3625.971758,2671.116,0,47.81666667,45.31666667,3.266666667
5167,360810189001,o_360810189001,5111.857284,775.056,1,24.58333333,13.08333333,6.033333333
5168,360810189002,o_360810189002,4819.169963,1078.558,1,28.21666667,18.21666667,10.4
5169,360810189003,o_360810189003,5423.926284,1087.125,1,29.83333333,18.33333333,8.783333333
5170,360810190001,o_360810190001,3207.216758,2252.361,0,40.68333333,38.18333333,2.4
5171,360810190002,o_360810190002,3153.966758,2199.111,0,39.88333333,37.38333333,3.2
5172,360810192001,o_360810192001,3458.087758,2503.232,0,44.95,42.45,3.133333333
5173,360810192002,o_360810192002,3200.363758,2245.508,0,40.61666667,38.11666667,2.466666667
5174,360810194001,o_360810194001,3126.783758,2171.928,0,39.45,36.95,3.633333333
5175,360810194002,o_360810194002,3072.336758,2117.481,0,38.45,35.95,4.633333333
5176,360810196001,o_360810196001,2653.132758,1698.277,0,31.25,28.75,1.333333333
5177,360810196002,o_360810196002,2645.958758,1691.103,0,31.3,28.8,1.283333333
5178,360810198001,o_360810198001,2068.872758,1114.017,0,21.53333333,19.03333333,2.55
5179,360810198002,o_360810198002,2342.676758,1387.821,0,26.15,23.65,1.433333333
5180,360810198003,o_360810198003,2340.250758,1385.395,0,26.01666667,23.51666667,1.566666667
5181,360810199011,o_360810199011,5362.798963,1622.187,1,37.48333333,27.48333333,11.13333333
5182,360810199012,o_360810199012,4681.869963,941.258,1,25.91666667,15.91666667,8.7
5183,360810199021,o_360810199021,6128.916785,1941.111,1,43.75,32.75,4.866666667
5184,360810199022,o_360810199022,4606.820874,1925.022,0,40.11666667,32.61666667,2.5
5185,360810199031,o_360810199031,5673.297963,1932.686,1,42.63333333,32.63333333,9.483333333
5186,360810202001,o_360810202001,2582.520758,1627.665,0,30.26666667,27.76666667,2.316666667
5187,360810204001,o_360810204001,2166.65469,1574.367,0,29.91666667,26.86666667,1.916666667
5188,360810204002,o_360810204002,2137.271031,1699.005,0,31.4,28.86666667,1.433333333
5189,360810205001,o_360810205001,7024.137416,2210.626,1,49.8,37.3,7.316666667
5190,360810205002,o_360810205002,4554.965193,1558.336,0,33.78333333,26.28333333,2.65
5191,360810206001,o_360810206001,1978.905758,1024.05,0,19.78333333,17.28333333,4.3
5192,360810208001,o_360810208001,1542.159758,587.304,0,12.41666667,9.916666667,2.166666667
5193,360810208002,o_360810208002,1552.091758,597.236,0,12.63333333,10.13333333,1.95
5194,360810212001,o_360810212001,1210.503758,255.648,0,6.866666667,4.366666667,2.716666667
5195,360810212002,o_360810212002,1126.923543,823.373,0,16.1,14.08333333,8.8
5196,360810214001,o_360810214001,1294.817587,958.247,0,18.51666667,16.26666667,2.516666667
5197,360810214002,o_360810214002,1243.930587,907.36,0,17.65,15.4,3.383333333
5198,360810214003,o_360810214003,1038.775012,607.16,0,13.28333333,10.35,4.716666667
5199,360810216011,o_360810216011,2345.522617,468.713,0,10.96666667,7.966666667,5.116666667
5200,360810216012,o_360810216012,1782.972676,1443.564,0,26.15,24.48333333,3.783333333
5201,360810216013,o_360810216013,2123.951575,1784.532,0,32.55,30.21666667,1.616666667
5202,360810216021,o_360810216021,2212.792758,1257.937,0,24,21.5,4.233333333
5203,360810216031,o_360810216031,3276.901972,322.614,1,10.43333333,5.433333333,6.65
5204,360810216032,o_360810216032,1595.122587,1258.552,0,23.58333333,21.33333333,7.45
5205,360810219001,o_360810219001,5388.158955,2298.299,1,54.88333333,38.85,6.6
5206,360810220011,o_360810220011,3845.687551,693.181,1,19.1,11.85,5.483333333
5207,360810220012,o_360810220012,1999.186575,1659.767,0,30.43333333,28.1,3.733333333
5208,360810220013,o_360810220013,1434.922676,1095.514,0,20.31666667,18.65,1.616666667
5209,360810220014,o_360810220014,2990.802617,1113.993,0,21.83333333,18.83333333,1.75
5210,360810220021,o_360810220021,2025.779513,1362.415,0,26.55,23.13333333,5.066666667
5211,360810220022,o_360810220022,2169.784513,1506.42,0,29.06666667,25.65,2.55
5212,360810220023,o_360810220023,1347.191587,1010.621,0,19.38333333,17.13333333,1.65
5213,360810220024,o_360810220024,1690.979676,1351.571,0,24.61666667,22.95,5.316666667
5214,360810229001,o_360810229001,5424.090193,2427.461,0,48.4,40.9,4.033333333
5215,360810230001,o_360810230001,1955.800937,1728.419,0,30.58333333,29.41666667,1.033333333
5216,360810230002,o_360810230002,1919.057281,1509.212,0,27.8,25.68333333,12.56666667
5217,360810232001,o_360810232001,2214.048414,1951.158,0,34.45,32.9,2.05
5218,360810232002,o_360810232002,2591.140922,1458.355,0,30.35,24.86666667,4.616666667
5219,360810232003,o_360810232003,2169.471609,1737.954,0,31.85,29.65,3.016666667
5220,360810235011,o_360810235011,5966.874416,1153.363,1,31.98333333,19.48333333,8.416666667
5221,360810235012,o_360810235012,5748.536351,2236.309,1,46.71666667,37.71666667,11.85
5222,360810235021,o_360810235021,5501.071416,687.56,1,24.15,11.65,7.25
5223,360810235022,o_360810235022,5477.777416,664.266,1,23.78333333,11.28333333,7.616666667
5224,360810236001,o_360810236001,1764.471368,1479.668,0,26.6,25.15,7.433333333
5225,360810236002,o_360810236002,2771.660742,1364.737,1,28.3,23.15,9.25
5226,360810238001,o_360810238001,1418.576194,977.058,0,19.2,16.7,1.533333333
5227,360810238002,o_360810238002,1385.194194,943.676,0,18.63333333,16.13333333,2.1
5228,360810238003,o_360810238003,1615.112758,660.257,0,13.73333333,11.23333333,2.633333333
5229,360810238004,o_360810238004,1465.438069,1028.291,0,19.56666667,17.55,4.5
5230,360810240001,o_360810240001,1359.756758,404.901,0,9.383333333,6.883333333,1.983333333
5231,360810240002,o_360810240002,1879.036478,1270.702,0,22.78333333,21.78333333,4.233333333
5232,360810240003,o_360810240003,1325.304031,887.038,0,17.66666667,15.13333333,1.95
5233,360810243001,o_360810243001,3266.468933,1622.527,0,32.13333333,27.63333333,1.083333333
5234,360810243002,o_360810243002,3528.302933,1884.361,0,36.35,31.85,4.866666667
5235,360810243003,o_360810243003,3493.969933,1850.028,0,35.81666667,31.31666667,5.4
5236,360810243004,o_360810243004,3238.431933,1594.49,0,31.53333333,27.03333333,1.683333333
5237,360810245001,o_360810245001,2970.709933,1326.768,0,27.13333333,22.63333333,6.083333333
5238,360810245002,o_360810245002,3096.668933,1452.727,0,29.26666667,24.76666667,3.95
5239,360810245003,o_360810245003,2908.639933,1264.698,0,26,21.5,7.216666667
5240,360810245004,o_360810245004,3418.093933,1774.152,0,34.68333333,30.18333333,6.533333333
5241,360810246001,o_360810246001,2231.395235,668.205,0,15.28333333,11.28333333,1.083333333
5242,360810247001,o_360810247001,2703.912933,1059.971,0,22.43333333,17.93333333,1.283333333
5243,360810249001,o_360810249001,2518.441933,874.5,0,19.31666667,14.81666667,4.4
5244,360810249002,o_360810249002,2789.089933,1145.148,0,23.95,19.45,9.266666667
5245,360810249003,o_360810249003,2609.810933,965.869,0,20.88333333,16.38333333,2.833333333
5246,360810251001,o_360810251001,2972.275933,1328.334,0,27.18333333,22.68333333,6.033333333
5247,360810251002,o_360810251002,2833.435933,1189.494,0,24.61666667,20.11666667,8.6
5248,360810251003,o_360810251003,3006.159933,1362.218,0,27.55,23.05,5.666666667
5249,360810251004,o_360810251004,2922.904933,1278.963,0,26.26666667,21.76666667,6.95
5250,360810253011,o_360810253011,5503.821416,690.31,1,24.16666667,11.66666667,7.233333333
5251,360810253012,o_360810253012,5448.058416,634.547,1,23.26666667,10.76666667,8.133333333
5252,360810253013,o_360810253013,5304.041416,490.53,1,20.81666667,8.316666667,6.583333333
5253,360810253014,o_360810253014,5648.243416,834.732,1,26.65,14.15,8.75
5254,360810253021,o_360810253021,5803.826596,467.381,1,21.43333333,7.933333333,5.966666667
5255,360810253022,o_360810253022,5779.942596,443.497,1,21.03333333,7.533333333,6.366666667
5256,360810254011,o_360810254011,2759.974478,2151.64,0,38.11666667,36.61666667,3.4
5257,360810254012,o_360810254012,4135.683382,3752.815,0,65.48333333,63.8,1.016666667
5258,360810254021,o_360810254021,3483.55312,2063.854,0,46.01666667,35.01666667,1.833333333
5259,360810254022,o_360810254022,3605.53013,2113.891,1,43.56666667,35.7,6.7
5260,360810254023,o_360810254023,2621.650478,2013.316,0,35.8,34.3,5.716666667
5261,360810255001,o_360810255001,2487.76678,1068.736,0,21.1,18.1,6.916666667
5262,360810257001,o_360810257001,1973.071988,1284.856,0,23.31666667,21.81666667,4.7
5263,360810258001,o_360810258001,3919.972048,1758.375,2,40.26666667,29.85,11
5264,360810258002,o_360810258002,4265.781659,2530.22,0,51.8,42.73333333,1.833333333
5265,360810259001,o_360810259001,1753.203988,1064.988,0,19.6,18.1,8.416666667
5266,360810259002,o_360810259002,2471.431933,827.49,0,18.48333333,13.98333333,5.233333333
5267,360810260001,o_360810260001,4262.082105,2572.385,1,52.13333333,43.6,6.183333333
5268,360810260002,o_360810260002,2689.010758,1734.155,0,31.86666667,29.36666667,3
5269,360810261001,o_360810261001,1434.662988,746.447,0,14.18333333,12.68333333,6.333333333
5270,360810261002,o_360810261002,2255.956683,911.667,1,18.43333333,15.43333333,6.283333333
5271,360810261003,o_360810261003,1520.682988,832.467,0,15.61666667,14.11666667,4.9
5272,360810261004,o_360810261004,2567.575933,923.634,0,20.15,15.65,3.566666667
5273,360810262001,o_360810262001,3616.912235,2053.722,0,38.73333333,34.73333333,1.133333333
5274,360810263001,o_360810263001,1610.767988,922.552,0,17.21666667,15.71666667,3.3
5275,360810263002,o_360810263002,1733.055695,1076.982,0,19.71666667,18.21666667,4
5276,360810263003,o_360810263003,2686.963933,1043.022,0,22.18333333,17.68333333,1.533333333
5277,360810264001,o_360810264001,4881.173302,2113.753,1,49.35,35.75,5.283333333
5278,360810264002,o_360810264002,4623.801272,2291.301,1,50.98333333,39.11666667,5.866666667
5279,360810265011,o_360810265011,1641.727157,726.94,0,14.33333333,12.33333333,4.433333333
5280,360810265012,o_360810265012,1460.666157,545.879,0,11.28333333,9.283333333,1.983333333
5281,360810265021,o_360810265021,1694.331695,1038.258,0,19.05,17.55,4.666666667
5282,360810266001,o_360810266001,5266.569835,1850.546,1,47.76666667,31.3,6.866666667
5283,360810267001,o_360810267001,1646.232695,990.159,0,18.26666667,16.76666667,5.45
5284,360810267002,o_360810267002,1720.377157,805.59,0,15.7,13.7,3.066666667
5285,360810267003,o_360810267003,1495.124157,580.337,0,11.9,9.9,1.366666667
5286,360810269011,o_360810269011,1819.705521,1215.849,0,22.2,20.7,1.666666667
5287,360810269012,o_360810269012,2611.941852,1041.081,1,21.11666667,17.61666667,3.6
5288,360810269013,o_360810269013,2120.78939,808.642,1,16.68333333,13.68333333,8.033333333
5289,360810269014,o_360810269014,2098.20639,786.059,1,16.33333333,13.33333333,8.383333333
5290,360810269021,o_360810269021,2485.805852,914.945,1,19.01666667,15.51666667,5.7
5291,360810269022,o_360810269022,2362.589852,791.729,1,16.95,13.45,7.766666667
5292,360810270001,o_360810270001,5065.597163,2904.199,0,60.93333333,49.53333333,2.383333333
5293,360810271011,o_360810271011,2588.009852,1017.149,1,20.73333333,17.23333333,3.983333333
5294,360810271012,o_360810271012,1658.170157,743.383,0,14.61666667,12.61666667,4.9
5295,360810271013,o_360810271013,1750.456157,835.669,0,16.15,14.15,3.366666667
5296,360810271021,o_360810271021,1272.820521,668.964,0,12.86666667,11.36666667,3.35
5297,360810271022,o_360810271022,2180.899157,1266.112,0,23.55,21.55,1.466666667
5298,360810272001,o_360810272001,5609.834903,3366.356,0,68.65,57.25,1.3
5299,360810272002,o_360810272002,6451.506661,2655.417,1,61.1,45.05,4.916666667
5300,360810273011,o_360810273011,1948.664588,740.972,0,15.51666667,12.51666667,5.7
5301,360810273012,o_360810273012,1495.027521,891.171,0,16.63333333,15.13333333,4.583333333
5302,360810273021,o_360810273021,1995.345521,1391.489,0,25.06666667,23.56666667,1.15
5303,360810273022,o_360810273022,1910.377521,1306.521,0,23.61666667,22.11666667,2.6
5304,360810273023,o_360810273023,1703.104521,1099.248,0,20.16666667,18.66666667,1.05
5305,360810274001,o_360810274001,5446.592903,3203.114,0,65.95,54.55,4
5306,360810275001,o_360810275001,1954.490521,1350.634,0,24.3,22.8,3.45
5307,360810275002,o_360810275002,1678.028521,1074.172,0,19.65,18.15,3.1
5308,360810275003,o_360810275003,1402.723521,798.867,0,15.01666667,13.51666667,2.733333333
5309,360810276001,o_360810276001,5322.403207,1152.806,1,37.73333333,19.73333333,4.666666667
5310,360810277011,o_360810277011,1347.551521,743.695,0,14.03333333,12.53333333,3.716666667
5311,360810277012,o_360810277012,1424.438521,820.582,0,15.35,13.85,2.4
5312,360810277021,o_360810277021,1933.679521,1329.823,0,23.96666667,22.46666667,3.783333333
5313,360810277022,o_360810277022,1880.801521,1276.945,0,23.06666667,21.56666667,4.683333333
5314,360810277023,o_360810277023,1664.062521,1060.206,0,19.38333333,17.88333333,3.366666667
5315,360810278001,o_360810278001,5197.062398,1472.474,1,40.25,24.85,7.15
5316,360810278002,o_360810278002,5423.101894,1698.513,1,44.18333333,28.78333333,8.216666667
5317,360810279001,o_360810279001,1988.492521,1384.636,0,24.83333333,23.33333333,2.916666667
5318,360810279002,o_360810279002,1583.913521,980.057,0,18.05,16.55,4.7
5319,360810279003,o_360810279003,2373.231852,802.371,1,17.15,13.65,9.15
5320,360810279004,o_360810279004,2489.07239,1176.925,1,22.83333333,19.83333333,8.416666667
5321,360810280001,o_360810280001,5093.17463,1920.048,2,47.43333333,32.55,10.36666667
5322,360810281001,o_360810281001,2986.765852,1415.905,1,27.43333333,23.93333333,8.366666667
5323,360810281002,o_360810281002,2545.51839,1233.371,1,23.8,20.8,7.45
5324,360810281003,o_360810281003,2367.604852,796.744,1,17.01666667,13.51666667,9.283333333
5325,360810281004,o_360810281004,2288.995852,718.135,1,15.66666667,12.16666667,10.63333333
5326,360810282001,o_360810282001,5543.152489,1788.677,2,46.76666667,30.33333333,11.03333333
5327,360810283001,o_360810283001,2600.82639,1288.679,1,24.68333333,21.68333333,6.566666667
5328,360810283002,o_360810283002,2388.86039,1076.713,1,21.13333333,18.13333333,10.11666667
5329,360810283003,o_360810283003,2236.222852,665.362,1,14.75,11.25,9.55
5330,360810283004,o_360810283004,2251.117852,680.257,1,15.01666667,11.51666667,9.283333333
5331,360810283005,o_360810283005,2042.024157,1127.237,0,21.23333333,19.23333333,4.066666667
5332,360810284001,o_360810284001,5873.962184,2686.207,0,60.53333333,45.48333333,1.733333333
5333,360810284002,o_360810284002,7868.510753,1140.083,1,33.06666667,19.28333333,10.33333333
5334,360810285001,o_360810285001,2493.090157,1578.303,0,28.7,26.7,6.1
5335,360810285002,o_360810285002,2099.926695,1443.853,0,25.88333333,24.38333333,4.366666667
5336,360810285003,o_360810285003,2042.975157,1128.188,0,21.2,19.2,4.1
5337,360810285004,o_360810285004,1647.682695,991.609,0,18.36666667,16.86666667,1.383333333
5338,360810287001,o_360810287001,2143.135695,1487.062,0,26.68333333,25.18333333,3.566666667
5339,360810287002,o_360810287002,1643.298695,987.225,0,18.18333333,16.68333333,1.566666667
5340,360810287003,o_360810287003,1524.306695,868.233,0,16.18333333,14.68333333,3.566666667
5341,360810287004,o_360810287004,2004.662695,1348.589,0,24.28333333,22.78333333,5.966666667
5342,360810288011,o_360810288011,4113.833758,3158.978,0,56.06666667,53.56666667,3.833333333
5343,360810288012,o_360810288012,4264.236031,3825.97,0,67.5,64.96666667,3.65
5344,360810288021,o_360810288021,6030.23088,1689.522,1,46.78333333,28.78333333,5.616666667
5345,360810288022,o_360810288022,7842.777753,1114.35,1,32.66666667,18.88333333,10.73333333
5346,360810288031,o_360810288031,6733.287419,1982.342,1,52.5,33.45,8.4
5347,360810289001,o_360810289001,2048.983157,1134.196,0,21.2,19.2,4.1
5348,360810289002,o_360810289002,2080.489988,1392.274,0,25.13333333,23.63333333,1.916666667
5349,360810289003,o_360810289003,1376.386695,720.313,0,13.68333333,12.18333333,1.066666667
5350,360810291001,o_360810291001,1589.363695,933.29,0,17.33333333,15.83333333,2.416666667
5351,360810291002,o_360810291002,1618.516695,962.443,0,17.78333333,16.28333333,1.966666667
5352,360810291003,o_360810291003,1840.548988,1152.333,0,21.06666667,19.56666667,5.983333333
5353,360810291004,o_360810291004,1935.522988,1247.307,0,22.65,21.15,4.4
5354,360810293001,o_360810293001,1614.614988,926.399,0,17.2,15.7,4.35
5355,360810294001,o_360810294001,7918.544753,1190.117,1,33.93333333,20.15,9.466666667
5356,360810294002,o_360810294002,7328.117466,1470.372,1,48.65,24.73333333,6.75
5357,360810294003,o_360810294003,7368.190133,1578.9,0,36.2,26.7,6.2
5358,360810294004,o_360810294004,7800.530464,2286.429,1,67.35,38.7,3.8
5359,360810294005,o_360810294005,7452.186464,1938.085,1,61.65,33,9.5
5360,360810294006,o_360810294006,7802.051464,2287.95,1,67.66666667,39.01666667,3.483333333
5361,360810295001,o_360810295001,5184.791207,1633.454,1,36.35,27.85,5.583333333
5362,360810295002,o_360810295002,5282.395865,1004.808,1,27.1,17.1,6.833333333
5363,360810297001,o_360810297001,3138.977304,2644.468,0,45.83333333,44.83333333,3.9
5364,360810297002,o_360810297002,2581.35978,1162.329,0,22.81666667,19.81666667,4.233333333
5365,360810299001,o_360810299001,4442.53478,3023.504,0,54.03333333,51.03333333,6.016666667
5366,360810306001,o_360810306001,8791.667956,3002.378,0,60.31666667,50.81666667,13.58333333
5367,360810306002,o_360810306002,8346.100956,2556.811,0,52.8,43.3,21.1
5368,360810306003,o_360810306003,7969.501956,2180.212,0,46.68333333,37.18333333,27.21666667
5369,360810306004,o_360810306004,8572.357453,1060.376,2,50.13333333,18.06666667,11.76666667
5370,360810306005,o_360810306005,8885.383711,1914.279,1,67.73333333,32.5,3.416666667
5371,360810309031,o_360810309031,3057.431157,2142.644,0,38.18333333,36.18333333,5.616666667
5372,360810309032,o_360810309032,2685.827695,2029.754,0,35.75,34.25,4
5373,360810309033,o_360810309033,2549.229695,1893.156,0,33.55,32.05,6.2
5374,360810309034,o_360810309034,2297.337695,1641.264,0,29.2,27.7,1.05
5375,360810309041,o_360810309041,3273.647695,2617.574,0,45.7,44.2,2.05
5376,360810309042,o_360810309042,3181.730695,2525.657,0,44.15,42.65,3.6
5377,360810309051,o_360810309051,2857.865988,2169.65,0,38.15,36.65,3.4
5378,360810309052,o_360810309052,2733.750695,2077.677,0,36.63333333,35.13333333,3.116666667
5379,360810309061,o_360810309061,2424.250988,1736.035,0,30.86666667,29.36666667,5.683333333
5380,360810309062,o_360810309062,2265.260695,1609.187,0,28.75,27.25,1.5
5381,360810309063,o_360810309063,2617.988683,1273.699,1,24.56666667,21.56666667,6.683333333
5382,360810317001,o_360810317001,5115.10778,3696.077,0,65.46666667,62.46666667,1.583333333
5383,360810317002,o_360810317002,3976.149628,3588.439,0,61.48333333,60.43333333,5.35
5384,360810317003,o_360810317003,11522.29404,1028.464,2,47.73333333,17.38333333,11.48333333
5385,360810317004,o_360810317004,3477.944628,3090.234,0,53.13333333,52.08333333,4.7
5386,360810317005,o_360810317005,3600.869124,1411.689,0,33.33333333,23.98333333,2.916666667
5387,360810320001,o_360810320001,8510.839711,1539.735,1,61.75,26.51666667,2.866666667
5388,360810320002,o_360810320002,15617.96848,3542.414,0,87.98333333,59.98333333,14
5389,360810320003,o_360810320003,10833.66964,1244.671,2,63.41666667,21.25,6.2
5390,360810320004,o_360810320004,15684.50631,2275.284,0,72.31666667,38.53333333,5.666666667
5391,360810327001,o_360810327001,3163.89239,1851.745,1,34.21666667,31.21666667,8
5392,360810327002,o_360810327002,2302.453695,1646.38,0,29.31666667,27.81666667,5.55
5393,360810328001,o_360810328001,9353.328745,2086.788,0,50.8,35.43333333,10.8
5394,360810328002,o_360810328002,8883.973388,2178.06,1,53.71666667,36.91666667,8.883333333
5395,360810328003,o_360810328003,9587.193745,2320.653,0,54.73333333,39.36666667,6.866666667
5396,360810329001,o_360810329001,4174.580852,2603.72,1,47.4,43.9,5.366666667
5397,360810329002,o_360810329002,4653.462373,2478.745,1,46.81666667,41.81666667,5.95
5398,360810329003,o_360810329003,3717.53539,2405.388,1,43.55,40.55,6.666666667
5399,360810330001,o_360810330001,8312.967341,2393.247,0,53.95,40.58333333,7.65
5400,360810330002,o_360810330002,8920.119573,2679.341,1,73.3,45.16666667,5.333333333
5401,360810330003,o_360810330003,6959.904133,1170.614,0,29.41666667,19.91666667,6.45
5402,360810330004,o_360810330004,7965.91479,2580.144,1,68.03333333,43.96666667,8.4
5403,360810330005,o_360810330005,7424.895906,4513.589,0,87.63333333,76.51666667,2.183333333
5404,360810331001,o_360810331001,10169.72542,879.716,2,46.11666667,14.86666667,12.65
5405,360810334011,o_360810334011,5490.766638,2770.192,0,58,47,3.983333333
5406,360810334012,o_360810334012,6596.517133,807.227,0,23.16666667,13.66666667,12.7
5407,360810334031,o_360810334031,7114.333884,783.271,1,25.48333333,13.25,11.38333333
5408,360810334032,o_360810334032,6594.392529,2299.837,0,58.11666667,39.08333333,2.2
5409,360810334041,o_360810334041,6886.089133,1096.799,0,28,18.5,7.866666667
5410,360810334042,o_360810334042,6989.316133,1200.026,0,29.73333333,20.23333333,6.133333333
5411,360810334051,o_360810334051,6484.128133,694.838,0,21.25,11.75,14.61666667
5412,360810334052,o_360810334052,6539.032133,749.742,0,22.26666667,12.76666667,13.6
5413,360810337001,o_360810337001,3374.44239,2062.295,1,37.71666667,34.71666667,4.5
5414,360810337002,o_360810337002,3212.947852,1642.087,1,31.21666667,27.71666667,7.05
5415,360810339001,o_360810339001,3798.001911,1881.998,1,36.18333333,31.68333333,6.033333333
5416,360810339002,o_360810339002,2162.208521,1558.352,0,27.75,26.25,3.466666667
5417,360810339003,o_360810339003,3867.439911,1951.436,1,37.35,32.85,4.866666667
5418,360810347001,o_360810347001,4271.287911,2355.284,1,44.23333333,39.73333333,5.983333333
5419,360810347002,o_360810347002,5055.189373,2880.472,1,53.68333333,48.68333333,4.083333333
5420,360810351001,o_360810351001,3695.396911,1779.393,1,34.55,30.05,7.666666667
5421,360810351002,o_360810351002,2198.617521,1594.761,0,28.38333333,26.88333333,2.833333333
5422,360810351003,o_360810351003,3788.902911,1872.899,1,36.1,31.6,6.116666667
5423,360810352001,o_360810352001,6474.90913,2489.108,0,59.3,42.18333333,2.683333333
5424,360810352002,o_360810352002,6203.412154,2667.61,0,60.26666667,45.26666667,1.716666667
5425,360810353001,o_360810353001,2701.465521,2097.609,0,36.98333333,35.48333333,3.733333333
5426,360810353002,o_360810353002,2393.151521,1789.295,0,31.7,30.2,4.516666667
5427,360810357001,o_360810357001,3571.343521,2967.487,0,51.66666667,50.16666667,2.05
5428,360810357002,o_360810357002,5500.57244,2722.019,1,52.45,45.95,5.316666667
5429,360810357003,o_360810357003,6673.484541,2654.956,1,54.48333333,44.98333333,3.283333333
5430,360810358001,o_360810358001,7076.081839,2382.103,0,60.9,40.45,1.083333333
5431,360810358002,o_360810358002,10226.40333,1928.939,1,66.61666667,32.73333333,4.566666667
5432,360810358003,o_360810358003,9770.758745,2504.218,0,57.8,42.43333333,3.8
5433,360810358004,o_360810358004,9437.704745,2171.164,0,52.2,36.83333333,9.333333333
5434,360810361001,o_360810361001,4811.36244,2032.809,1,40.95,34.45,5.25
5435,360810361002,o_360810361002,3900.185911,1984.182,1,38.03333333,33.53333333,4.116666667
5436,360810363001,o_360810363001,4722.57044,1944.017,1,39.31666667,32.81666667,6.883333333
5437,360810363002,o_360810363002,4279.340978,1759.501,1,35.78333333,29.78333333,6.366666667
5438,360810365001,o_360810365001,4821.78536,1720.035,1,36.45,28.95,5.7
5439,360810365002,o_360810365002,4715.89636,1614.146,1,34.7,27.2,7.45
5440,360810366001,o_360810366001,5844.058239,2403.098,0,54.7,40.7,1.433333333
5441,360810366002,o_360810366002,5735.861106,2526.524,0,56.26666667,42.86666667,5.65
5442,360810367001,o_360810367001,5336.16636,2234.416,1,45.13333333,37.63333333,5.016666667
5443,360810367002,o_360810367002,5357.200822,1996.737,1,41.65,33.65,4.55
5444,360810368001,o_360810368001,5467.616638,2747.042,0,57.63333333,46.63333333,4.283333333
5445,360810368002,o_360810368002,5955.841468,2123.68,1,53.05,36.05,5.2
5446,360810371001,o_360810371001,5391.35936,2289.609,1,46.13333333,38.63333333,4.016666667
5447,360810373001,o_360810373001,5126.815822,1766.352,1,37.81666667,29.81666667,8.383333333
5448,360810373002,o_360810373002,5290.815079,1531,1,34.8,25.8,7.35
5449,360810375011,o_360810375011,1986.824521,1382.968,0,24.96666667,23.46666667,1.183333333
5450,360810375021,o_360810375021,2077.726521,1473.87,0,26.48333333,24.98333333,4.666666667
5451,360810375022,o_360810375022,1856.881588,649.189,0,13.98333333,10.98333333,2.166666667
5452,360810376001,o_360810376001,6346.394705,2197.445,0,55.05,37.18333333,1.083333333
5453,360810376002,o_360810376002,7429.701499,2252.085,2,61.8,38.26666667,6.683333333
5454,360810376003,o_360810376003,7360.860499,2183.244,2,60.48333333,36.95,8
5455,360810376004,o_360810376004,7710.458938,2128.063,2,61.2,36.03333333,7.283333333
5456,360810376005,o_360810376005,7655.685176,1472.148,1,59.88333333,24.93333333,7.6
5457,360810377001,o_360810377001,2516.252521,1912.396,0,33.95,32.45,2.2
5458,360810377002,o_360810377002,2252.589521,1648.733,0,29.46666667,27.96666667,1.683333333
5459,360810379001,o_360810379001,2946.409588,1738.717,0,32.38333333,29.38333333,3.766666667
5460,360810379002,o_360810379002,2638.799588,1431.107,0,27.2,24.2,3.95
5461,360810379003,o_360810379003,2994.044588,1786.352,0,33.2,30.2,2.95
5462,360810381001,o_360810381001,3482.17497,1692.572,0,33.11666667,28.61666667,3.033333333
5463,360810381002,o_360810381002,7693.892732,1177.514,1,34.43333333,19.93333333,8.933333333
5464,360810381003,o_360810381003,8121.526451,947.083,1,32.03333333,16.03333333,7.333333333
5465,360810383011,o_360810383011,3055.74039,1686.88,0,37.46666667,28.4,3.633333333
5466,360810383021,o_360810383021,2933.327297,2134.007,0,38.9,36.15,6.116666667
5467,360810384001,o_360810384001,8223.602159,1873.736,2,60.11666667,31.83333333,8.366666667
5468,360810384002,o_360810384002,7925.2626,1873.667,2,58.85,31.76666667,9.633333333
5469,360810394001,o_360810394001,5925.76289,2134.572,0,52.08333333,36.16666667,4.05
5470,360810394002,o_360810394002,5870.917239,2429.957,0,55.11666667,41.11666667,1.016666667
5471,360810394003,o_360810394003,7272.357263,1645.742,1,59.83333333,27.83333333,7.65
5472,360810398001,o_360810398001,5460.246456,2511.814,0,54.83333333,42.61666667,1.3
5473,360810398002,o_360810398002,5645.630696,2454.689,0,54.63333333,41.53333333,1.5
5474,360810399011,o_360810399011,7923.826451,749.383,1,28.71666667,12.71666667,10.65
5475,360810399012,o_360810399012,7739.717451,565.274,1,25.6,9.6,8.766666667
5476,360810399021,o_360810399021,7899.709451,725.266,1,28.3,12.3,11.06666667
5477,360810400001,o_360810400001,5454.143861,1484.211,1,45.6,25.18333333,3.6
5478,360810400002,o_360810400002,5963.152044,2153.775,1,58.45,36.51666667,9.033333333
5479,360810401011,o_360810401011,7555.650732,1039.272,1,32.08333333,17.58333333,7.35
5480,360810401012,o_360810401012,7742.277451,567.834,1,25.63333333,9.633333333,8.8
5481,360810401021,o_360810401021,7469.757732,953.379,1,30.63333333,16.13333333,8.8
5482,360810401022,o_360810401022,7657.478451,483.035,1,24.23333333,8.233333333,10.2
5483,360810402001,o_360810402001,5213.927006,1701.587,1,46.33333333,28.88333333,2.933333333
5484,360810402002,o_360810402002,4753.944411,3383.624,0,65.33333333,57.1,1.216666667
5485,360810403011,o_360810403011,7140.281732,623.903,1,25.11666667,10.61666667,9.316666667
5486,360810403012,o_360810403012,7306.694732,790.316,1,27.93333333,13.43333333,11.5
5487,360810403021,o_360810403021,7206.156732,689.778,1,26.2,11.7,8.233333333
5488,360810404001,o_360810404001,4470.443197,2157.921,1,46.58333333,36.58333333,6.1
5489,360810404002,o_360810404002,4766.658221,2153.342,1,48.03333333,36.51666667,4.65
5490,360810404003,o_360810404003,5038.376006,1526.036,1,43.28333333,25.83333333,5.983333333
5491,360810404004,o_360810404004,5434.498598,1373.894,2,43.86666667,23.35,6.4
5492,360810405011,o_360810405011,7058.197732,541.819,1,23.76666667,9.266666667,10.66666667
5493,360810405021,o_360810405021,2381.438588,1173.746,0,22.8,19.8,3.416666667
5494,360810407011,o_360810407011,2287.244588,1079.552,0,21.3,18.3,4.916666667
5495,360810407012,o_360810407012,2340.018588,1132.326,0,22.13333333,19.13333333,4.083333333
5496,360810407021,o_360810407021,2057.130521,1453.274,0,26.18333333,24.68333333,5.033333333
5497,360810407022,o_360810407022,2250.394521,1646.538,0,29.45,27.95,1.766666667
5498,360810407023,o_360810407023,2419.142521,1815.286,0,32.23333333,30.73333333,3.983333333
5499,360810409011,o_360810409011,1960.360521,1356.504,0,24.48333333,22.98333333,1.733333333
5500,360810409012,o_360810409012,2236.462521,1632.606,0,29.11666667,27.61666667,2.1
5501,360810409021,o_360810409021,1973.862521,1370.006,0,24.71666667,23.21666667,1.5
5502,360810409022,o_360810409022,1957.996521,1354.14,0,24.51666667,23.01666667,1.7
5503,360810411001,o_360810411001,2260.020182,1182.901,0,28.41666667,20.1,1.316666667
5504,360810411002,o_360810411002,4808.412627,586.867,1,27.96666667,9.966666667,6.466666667
5505,360810413001,o_360810413001,2438.654562,2064.545,0,37.51666667,35.21666667,1.933333333
5506,360810413002,o_360810413002,2584.924038,1863.842,0,36.16666667,31.73333333,3.283333333
5507,360810413003,o_360810413003,2615.433038,1894.351,0,36.71666667,32.28333333,2.733333333
5508,360810414001,o_360810414001,4284.154667,2689.278,0,54.1,45.56666667,1.633333333
5509,360810414002,o_360810414002,4745.857302,1978.437,1,47.03333333,33.43333333,7.6
5510,360810414003,o_360810414003,2974.963382,2592.095,0,45.58333333,43.9,1.4
5511,360810415001,o_360810415001,2423.563562,2049.454,0,37.31666667,35.01666667,2.133333333
5512,360810415002,o_360810415002,2263.324562,1889.215,0,34.51666667,32.21666667,4.933333333
5513,360810424001,o_360810424001,4858.604636,2815.216,0,57.83333333,47.71666667,1.483333333
5514,360810424002,o_360810424002,4554.166653,2873.705,0,57.2,48.68333333,2.116666667
5515,360810424003,o_360810424003,5028.595794,2422.19,0,54.1,41.1,1.633333333
5516,360810426001,o_360810426001,4970.941351,3003.39,0,59.31666667,50.98333333,2.666666667
5517,360810427001,o_360810427001,2108.478562,1734.369,0,31.96666667,29.66666667,7.483333333
5518,360810427002,o_360810427002,1996.272562,1622.163,0,29.95,27.65,9.5
5519,360810432001,o_360810432001,5585.192846,1806.242,1,48.58333333,30.51666667,6.05
5520,360810434001,o_360810434001,4573.533617,1763.33,2,43.13333333,29.93333333,8.133333333
5521,360810437011,o_360810437011,4333.869994,973.619,1,24.66666667,16.63333333,9.766666667
5522,360810437012,o_360810437012,4168.632817,1176.797,1,27.05,20.05,7.383333333
5523,360810437021,o_360810437021,2291.131041,1735.551,0,31.81666667,29.53333333,3.866666667
5524,360810437022,o_360810437022,3974.208315,1305.271,1,28.25,22.16666667,6.183333333
5525,360810437023,o_360810437023,3844.555817,852.72,1,21.53333333,14.53333333,3.4
5526,360810439001,o_360810439001,2130.483562,1756.374,0,32.26666667,29.96666667,7.183333333
5527,360810439002,o_360810439002,1896.752562,1522.643,0,28.23333333,25.93333333,11.21666667
5528,360810440001,o_360810440001,3566.167659,1830.606,0,39.93333333,30.86666667,1.7
5529,360810440002,o_360810440002,3017.136455,2493.244,0,44.75,42.21666667,4.516666667
5530,360810440003,o_360810440003,3564.718173,2694.573,0,47.63333333,45.63333333,4.05
5531,360810443011,o_360810443011,2364.231562,1990.122,0,36.21666667,33.91666667,3.233333333
5532,360810443012,o_360810443012,4194.907817,1203.072,1,27.45,20.45,6.983333333
5533,360810443021,o_360810443021,2683.977506,1847.57,0,32.86666667,31.36666667,2.3
5534,360810443022,o_360810443022,3106.144839,1164.496,1,23.88333333,19.85,7.283333333
5535,360810443023,o_360810443023,2317.652506,1481.245,0,26.68333333,25.18333333,3.483333333
5536,360810444001,o_360810444001,2282.42329,1879.884,0,33.83333333,31.9,2.15
5537,360810444002,o_360810444002,3113.432173,2243.287,0,40.01666667,38.01666667,2.9
5538,360810444003,o_360810444003,3542.053173,2671.908,0,47.21666667,45.21666667,1.2
5539,360810446011,o_360810446011,2614.194568,2118.068,0,38.38333333,35.86666667,1.116666667
5540,360810446012,o_360810446012,2543.899568,2047.773,0,37.2,34.68333333,2.3
5541,360810446021,o_360810446021,1940.079615,1546.554,0,28.6,26.23333333,1.316666667
5542,360810446022,o_360810446022,1620.989368,1336.186,0,24.08333333,22.63333333,6.683333333
5543,360810446023,o_360810446023,1901.958615,1508.433,0,27.98333333,25.61666667,1.933333333
5544,360810448001,o_360810448001,1853.727368,1568.924,0,28.06666667,26.61666667,2.7
5545,360810448002,o_360810448002,2006.664281,1596.819,0,29.2,27.08333333,4.683333333
5546,360810450001,o_360810450001,1962.128937,1734.747,0,30.58333333,29.41666667,6.55
5547,360810450002,o_360810450002,2261.020937,2033.639,0,35.7,34.53333333,1.433333333
5548,360810452001,o_360810452001,2471.614442,1633.216,1,31.26666667,27.73333333,3.616666667
5549,360810454001,o_360810454001,1908.944365,1385.052,0,26.65,23.5,6.633333333
5550,360810454002,o_360810454002,2184.183365,1660.291,0,31.26666667,28.11666667,2.016666667
5551,360810455001,o_360810455001,2749.875839,808.227,1,17.83333333,13.8,3.833333333
5552,360810455002,o_360810455002,2266.383506,1429.976,0,25.81666667,24.31666667,4.35
5553,360810455003,o_360810455003,2546.658431,2174.052,0,38.38333333,37,1.416666667
5554,360810455004,o_360810455004,2148.773041,1593.193,0,29.43333333,27.15,2.983333333
5555,360810455005,o_360810455005,1996.961506,1160.554,0,21.18333333,19.68333333,6.983333333
5556,360810455006,o_360810455006,2029.081506,1192.674,0,21.71666667,20.21666667,6.45
5557,360810456001,o_360810456001,1908.603992,1594.748,0,28.25,26.95,10.11666667
5558,360810457001,o_360810457001,2006.802968,1262.646,0,22.81666667,21.31666667,6.683333333
5559,360810457002,o_360810457002,1689.983968,945.827,0,17.5,16,5.5
5560,360810458001,o_360810458001,1818.842992,1504.987,0,26.66666667,25.36666667,11.7
5561,360810459001,o_360810459001,1869.414968,1125.258,0,20.5,19,2.5
5562,360810459002,o_360810459002,1832.070968,1087.914,0,19.88333333,18.38333333,3.116666667
5563,360810460001,o_360810460001,2241.90729,1839.368,0,33.13333333,31.2,2.85
5564,360810460002,o_360810460002,2140.63829,1738.099,0,31.41666667,29.48333333,4.566666667
5565,360810460003,o_360810460003,2073.58829,1671.049,0,30.26666667,28.33333333,5.716666667
5566,360810461001,o_360810461001,1587.89656,1082.206,0,22.36666667,18.43333333,4.1
5567,360810461002,o_360810461002,1830.10356,1324.413,0,26.55,22.61666667,7.916666667
5568,360810462001,o_360810462001,2927.286173,2057.141,0,36.83333333,34.83333333,6.083333333
5569,360810462002,o_360810462002,2238.365365,1714.473,0,32.2,29.05,1.083333333
5570,360810462003,o_360810462003,2260.11229,1857.573,0,33.45,31.51666667,2.533333333
5571,360810463001,o_360810463001,1735.252521,1131.396,0,20.61666667,19.11666667,2.333333333
5572,360810463002,o_360810463002,2313.799968,1569.643,0,28.23333333,26.73333333,3.766666667
5573,360810464001,o_360810464001,3045.275173,2175.13,0,38.9,36.9,4.016666667
5574,360810465001,o_360810465001,1752.954521,1149.098,0,21,19.5,1.95
5575,360810465002,o_360810465002,1644.101521,1040.245,0,19.13333333,17.63333333,3.816666667
5576,360810466001,o_360810466001,2815.140173,1944.995,0,35,33,7.916666667
5577,360810466002,o_360810466002,2504.952173,1634.807,0,29.76666667,27.76666667,4.65
5578,360810467001,o_360810467001,1422.260521,818.404,0,15.35,13.85,2.6
5579,360810467002,o_360810467002,1496.174521,892.318,0,16.56666667,15.06666667,1.383333333
5580,360810467003,o_360810467003,1634.832521,1030.976,0,18.91666667,17.41666667,4.033333333
5581,360810467004,o_360810467004,1722.85756,1217.167,0,24.58333333,20.65,1.883333333
5582,360810468001,o_360810468001,2601.499173,1731.354,0,31.38333333,29.38333333,3.033333333
5583,360810468002,o_360810468002,2771.509173,1901.364,0,34.23333333,32.23333333,8.683333333
5584,360810469011,o_360810469011,1929.332157,1014.545,0,19.18333333,17.18333333,2.566666667
5585,360810469012,o_360810469012,2359.658852,788.798,1,16.88333333,13.38333333,4.566666667
5586,360810469013,o_360810469013,2090.517157,1175.73,0,21.91666667,19.91666667,4.333333333
5587,360810469021,o_360810469021,1251.186521,647.33,0,12.48333333,10.98333333,5.466666667
5588,360810469022,o_360810469022,1452.496521,848.64,0,15.86666667,14.36666667,2.083333333
5589,360810470001,o_360810470001,2967.689173,2097.544,0,37.65,35.65,5.266666667
5590,360810470002,o_360810470002,5186.175718,1054.764,1,33.33333333,17.9,6.716666667
5591,360810471001,o_360810471001,1763.35156,1257.661,0,25.25,21.31666667,1.216666667
5592,360810471002,o_360810471002,1593.869968,849.713,0,15.98333333,14.48333333,7.016666667
5593,360810472001,o_360810472001,4416.748875,1375.06,1,34.31666667,23.35,5.733333333
5594,360810472002,o_360810472002,4088.973235,1336.89,1,32.45,22.66666667,7.6
5595,360810472003,o_360810472003,2981.296173,2111.151,0,37.96666667,35.96666667,4.95
5596,360810473001,o_360810473001,1459.057968,714.901,0,13.63333333,12.13333333,2.366666667
5597,360810473002,o_360810473002,1174.796968,430.64,0,8.8,7.3,1.7
5598,360810473003,o_360810473003,1384.633968,640.477,0,12.36666667,10.86666667,3.633333333
5599,360810475001,o_360810475001,1487.622968,743.466,0,14.23333333,12.73333333,1.766666667
5600,360810475002,o_360810475002,1754.164968,1010.008,0,18.76666667,17.26666667,4.233333333
5601,360810476001,o_360810476001,5013.47176,1102.521,1,32.06666667,18.63333333,7.983333333
5602,360810476002,o_360810476002,3994.969282,1555.509,1,34.93333333,26.43333333,5.116666667
5603,360810478011,o_360810478011,5336.304822,1140.986,1,33.81666667,19.38333333,6.233333333
5604,360810478012,o_360810478012,4085.229814,2055.063,0,43.96666667,34.83333333,2.033333333
5605,360810478021,o_360810478021,5002.874618,1435.818,0,41.61666667,24.38333333,1.583333333
5606,360810479001,o_360810479001,2261.308542,1635.984,0,30.43333333,27.83333333,2.933333333
5607,360810479002,o_360810479002,1875.645968,1131.489,0,20.73333333,19.23333333,2.183333333
5608,360810479003,o_360810479003,1687.587968,943.431,0,17.56666667,16.06666667,5.35
5609,360810480001,o_360810480001,3728.92151,2012.593,1,39.25,34.15,4.583333333
5610,360810480002,o_360810480002,4126.502748,1857.529,1,39.26666667,31.5,4.566666667
5611,360810481001,o_360810481001,2101.734157,1186.947,0,22.15,20.15,4.016666667
5612,360810481002,o_360810481002,1970.913157,1056.126,0,19.9,17.9,1.766666667
5613,360810481003,o_360810481003,2441.501852,870.641,1,18.31666667,14.81666667,3.05
5614,360810481004,o_360810481004,2220.586852,649.726,1,14.53333333,11.03333333,6.833333333
5615,360810482001,o_360810482001,4979.071226,1277.238,1,35.33333333,21.66666667,4.633333333
5616,360810483011,o_360810483011,2596.487976,1220.056,1,23.65,20.65,4.016666667
5617,360810483021,o_360810483021,2022.030695,1365.957,0,24.58333333,23.08333333,5.283333333
5618,360810484001,o_360810484001,5835.691526,963.335,1,33.48333333,16.3,6.483333333
5619,360810484002,o_360810484002,4889.528485,1747.619,0,42.81666667,29.61666667,3.1
5620,360810484003,o_360810484003,5346.474145,1726.172,0,44.1,29.15,1.816666667
5621,360810484004,o_360810484004,5465.120618,1898.064,0,49.3,32.06666667,3.9
5622,360810485001,o_360810485001,2065.323157,1150.536,0,21.53333333,19.53333333,4.633333333
5623,360810485002,o_360810485002,1535.553968,791.397,0,14.95,13.45,7.966666667
5624,360810485003,o_360810485003,2079.062695,1422.989,0,25.58333333,24.08333333,4.283333333
5625,360810489001,o_360810489001,2567.759454,2307.956,0,40.91666667,39.15,1.833333333
5626,360810489002,o_360810489002,2460.898878,1018.359,1,22.68333333,17.21666667,7.733333333
5627,360810492011,o_360810492011,4902.53376,991.583,1,30.21666667,16.78333333,9.75
5628,360810492012,o_360810492012,5248.35476,1337.404,1,36.05,22.61666667,3.916666667
5629,360810492021,o_360810492021,5632.860607,1144.624,1,34.88333333,19.41666667,5.083333333
5630,360810493011,o_360810493011,2780.466542,2155.142,0,39.25,36.65,4.116666667
5631,360810493012,o_360810493012,3082.687951,1986.456,0,38.33333333,33.78333333,5.033333333
5632,360810493021,o_360810493021,3134.376166,698.096,1,22.8,11.81666667,10.11666667
5633,360810493022,o_360810493022,2820.638287,907.191,1,23.53333333,15.46666667,6.883333333
5634,360810495001,o_360810495001,3020.512951,1924.281,0,37.2,32.65,6.166666667
5635,360810496001,o_360810496001,5436.518618,1869.462,0,48.85,31.61666667,4.35
5636,360810496002,o_360810496002,5674.752548,1884.185,1,50.01666667,31.8,4.183333333
5637,360810496003,o_360810496003,5840.238893,1677.817,1,48.3,28.33333333,5.9
5638,360810497001,o_360810497001,2580.970878,1138.431,1,24.78333333,19.31666667,8.133333333
5639,360810497002,o_360810497002,2716.722951,1620.491,0,32.06666667,27.51666667,1.3
5640,360810499001,o_360810499001,2575.059951,1478.828,0,29.65,25.1,3.716666667
5641,360810499002,o_360810499002,2287.893542,1662.569,0,30.81666667,28.21666667,2.55
5642,360810499003,o_360810499003,2286.889542,1661.565,0,30.86666667,28.26666667,2.5
5643,360810499004,o_360810499004,2232.361542,1607.037,0,29.93333333,27.33333333,3.433333333
5644,360810500001,o_360810500001,6580.760556,1708.404,1,46.08333333,28.9,7.883333333
5645,360810500002,o_360810500002,4167.436197,1854.914,1,41.48333333,31.48333333,7.85
5646,360810502011,o_360810502011,4475.155221,1861.839,1,43.1,31.58333333,6.233333333
5647,360810502021,o_360810502021,4957.648802,2927.482,0,58.53333333,49.4,2.383333333
5648,360810504001,o_360810504001,4720.727678,1731.478,1,42.76666667,29.36666667,6.566666667
5649,360810504002,o_360810504002,5132.855287,1385.357,1,42.45,23.48333333,3.466666667
5650,360810505001,o_360810505001,2728.874234,1150.038,0,22.53333333,19.53333333,6.883333333
5651,360810506001,o_360810506001,5058.237945,1731.174,1,44.46666667,29.36666667,4.866666667
5652,360810506002,o_360810506002,5172.921502,2884.055,0,60.73333333,48.73333333,2.466666667
5653,360810507001,o_360810507001,2830.587542,2205.263,0,40,37.4,3.366666667
5654,360810507002,o_360810507002,2833.192542,2207.868,0,40.06666667,37.46666667,3.3
5655,360810508001,o_360810508001,5776.730529,2634.821,0,57.7,44.5,3.216666667
5656,360810508002,o_360810508002,5523.115916,2033.691,1,54.08333333,34.45,10.11666667
5657,360810510001,o_360810510001,6070.18348,1601.109,1,48.55,27.13333333,5.65
5658,360810510002,o_360810510002,6569.398554,1334.56,1,47.65,22.65,6.55
5659,360810511001,o_360810511001,3861.80249,2006.875,0,41.93333333,34.21666667,1.433333333
5660,360810511002,o_360810511002,3537.66349,1682.736,0,36.4,28.68333333,6.966666667
5661,360810512001,o_360810512001,6073.01548,1603.941,1,48.56666667,27.15,5.633333333
5662,360810512002,o_360810512002,6702.441554,1467.603,1,49.81666667,24.81666667,4.383333333
5663,360810512003,o_360810512003,6063.314867,1613.432,1,51.9,27.43333333,12.3
5664,360810513001,o_360810513001,3113.724695,2457.651,0,43.21666667,41.71666667,2.65
5665,360810513002,o_360810513002,3788.65249,1933.725,0,40.56666667,32.85,2.8
5666,360810515001,o_360810515001,3888.053933,2244.112,0,42.45,37.95,3.416666667
5667,360810515002,o_360810515002,3924.082933,2280.141,0,43.15,38.65,2.716666667
5668,360810515003,o_360810515003,4000.555166,1564.275,1,37.56666667,26.58333333,12.35
5669,360810516001,o_360810516001,6973.614428,1378.146,1,50.03333333,23.33333333,4.166666667
5670,360810516002,o_360810516002,6909.630376,1912.716,2,56.76666667,32.4,8.433333333
5671,360810517001,o_360810517001,3599.700955,509.841,1,24.68333333,8.65,8.233333333
5672,360810517002,o_360810517002,3858.65249,2003.725,0,41.93333333,34.21666667,1.433333333
5673,360810518001,o_360810518001,5860.149445,1722.881,1,52.08333333,29.18333333,12.11666667
5674,360810518002,o_360810518002,7724.98812,2313.675,1,61.11666667,39.18333333,6.716666667
5675,360810520001,o_360810520001,5904.450445,1767.182,1,52.78333333,29.88333333,11.41666667
5676,360810521001,o_360810521001,3959.256498,1686.612,0,38.08333333,28.63333333,5.283333333
5677,360810521002,o_360810521002,4145.350498,1872.706,0,41.31666667,31.86666667,2.05
5678,360810522001,o_360810522001,6149.587739,1717.567,1,55.08333333,29.08333333,9.116666667
5679,360810524001,o_360810524001,5517.817763,1943.599,1,53.41666667,33,10.78333333
5680,360810524002,o_360810524002,5698.122763,2123.904,1,56.53333333,36.11666667,7.666666667
5681,360810525001,o_360810525001,4387.129635,1599.323,0,38.83333333,27.25,4.533333333
5682,360810525002,o_360810525002,4561.584635,1773.778,0,41.85,30.26666667,1.516666667
5683,360810526001,o_360810526001,5939.263619,1907.452,1,55.86666667,32.48333333,8.333333333
5684,360810526002,o_360810526002,6157.186739,1725.166,1,55.25,29.25,8.95
5685,360810528001,o_360810528001,6437.48833,1598.565,1,55.15,27.13333333,9.05
5686,360810530001,o_360810530001,7878.64912,2467.336,1,63.71666667,41.78333333,4.116666667
5687,360810530002,o_360810530002,6642.732878,2209.411,2,59.16666667,37.33333333,6.033333333
5688,360810531001,o_360810531001,4536.400635,1748.594,0,41.31666667,29.73333333,2.05
5689,360810531002,o_360810531002,4190.277498,1917.633,0,42.06666667,32.61666667,1.3
5690,360810531003,o_360810531003,4484.041955,1394.182,1,39.58333333,23.55,10.33333333
5691,360810532001,o_360810532001,6238.564867,1788.682,1,54.8,30.33333333,9.4
5692,360810532002,o_360810532002,7654.929189,2559.636,1,63.85,43.38333333,3.983333333
5693,360810534011,o_360810534011,7693.120189,2597.827,1,64.38333333,43.91666667,3.45
5694,360810534012,o_360810534012,7380.294316,2645.631,1,63.61666667,44.85,4.216666667
5695,360810535011,o_360810535011,5190.544603,1658.581,1,41.35,28.26666667,10.31666667
5696,360810535021,o_360810535021,5877.025603,2345.062,1,52.9,39.81666667,7.266666667
5697,360810536011,o_360810536011,6267.753802,1530.821,1,51.8,25.93333333,9.15
5698,360810536012,o_360810536012,7030.782316,2296.119,1,57.7,38.93333333,6.883333333
5699,360810538001,o_360810538001,8728.461975,1576.752,1,55.86666667,26.68333333,6.7
5700,360810538002,o_360810538002,9073.99785,1506.732,1,56.66666667,25.45,5.9
5701,360810539011,o_360810539011,14459.69791,1879.849,2,54.88333333,31.88333333,10.03333333
5702,360810539012,o_360810539012,6759.67798,2166.986,1,54.6,37.1,8.566666667
5703,360810539013,o_360810539013,5926.448603,2394.485,1,54,40.91666667,6.166666667
5704,360810539021,o_360810539021,5754.569603,2222.606,1,51,37.91666667,9.166666667
5705,360810540001,o_360810540001,7176.078547,1625.046,1,53.96666667,27.48333333,5.983333333
5706,360810540002,o_360810540002,8387.864561,1673.687,1,56.01666667,28.25,8.45
5707,360810540003,o_360810540003,7903.093713,2113.712,1,58.88333333,35.61666667,6.316666667
5708,360810542001,o_360810542001,7062.126194,2145.045,1,55.48333333,36.25,7.083333333
5709,360810542002,o_360810542002,7368.287563,2135.462,1,56.46666667,35.98333333,6.1
5710,360810542003,o_360810542003,7567.37108,1852.897,1,54.78333333,31.23333333,9.683333333
5711,360810542004,o_360810542004,6186.959006,1976.561,0,53.46666667,33.43333333,6.483333333
5712,360810545001,o_360810545001,14803.891,1734.03,2,53.85,29.35,11.06666667
5713,360810545002,o_360810545002,6319.669504,1653.919,1,51.96666667,27.98333333,4.2
5714,360810545003,o_360810545003,6505.87498,1913.183,1,49.91666667,32.41666667,10.25
5715,360810547001,o_360810547001,7071.168918,1152.334,1,45.1,19.58333333,11.06666667
5716,360810547002,o_360810547002,7429.43823,884.451,1,44.46666667,15.13333333,11.7
5717,360810547003,o_360810547003,7476.07523,931.088,1,45.23333333,15.9,10.93333333
5718,360810548001,o_360810548001,5608.874805,1398.476,0,40.93333333,23.7,1.733333333
5719,360810548002,o_360810548002,6418.654826,2400.296,1,56.6,40.6,8.6
5720,360810549001,o_360810549001,6794.247918,875.413,1,40.41666667,14.9,7.95
5721,360810549002,o_360810549002,6955.880918,1037.046,1,43.13333333,17.61666667,5.233333333
5722,360810549003,o_360810549003,7289.34923,744.362,1,42.01666667,12.68333333,6.35
5723,360810549004,o_360810549004,7292.72423,747.737,1,42.13333333,12.8,6.233333333
5724,360810551001,o_360810551001,6911.947918,993.113,1,42.5,16.98333333,10.36666667
5725,360810551002,o_360810551002,6907.812918,988.978,1,42.33333333,16.81666667,6.033333333
5726,360810551003,o_360810551003,6756.292918,837.458,1,39.78333333,14.26666667,8.583333333
5727,360810551004,o_360810551004,6550.670924,1249.057,1,43.05,21.26666667,5.316666667
5728,360810552001,o_360810552001,5354.459282,2899.213,0,58.63333333,48.88333333,2.266666667
5729,360810552002,o_360810552002,5690.971101,2804.793,0,58.71666667,47.25,2.183333333
5730,360810553001,o_360810553001,7364.628847,746.583,1,48.63333333,12.66666667,4.233333333
5731,360810553002,o_360810553002,7362.987847,744.942,1,48.58333333,12.61666667,4.283333333
5732,360810554001,o_360810554001,6083.782985,1002.602,1,38.03333333,16.98333333,8.133333333
5733,360810554002,o_360810554002,4938.962843,2843.918,0,56.26666667,47.93333333,4.633333333
5734,360810555001,o_360810555001,6991.785924,1690.172,1,50.48333333,28.7,6.383333333
5735,360810555002,o_360810555002,15926.81617,1340.463,2,50.2,22.7,11.41666667
5736,360810556001,o_360810556001,5722.055101,2835.877,0,59.33333333,47.86666667,1.566666667
5737,360810556002,o_360810556002,6259.135826,2240.777,1,53.86666667,37.86666667,8.033333333
5738,360810557001,o_360810557001,6846.844924,1545.231,1,48.13333333,26.35,8.733333333
5739,360810557002,o_360810557002,6819.869924,1518.256,1,47.68333333,25.9,9.183333333
5740,360810557003,o_360810557003,6965.201489,973.308,1,49.03333333,16.58333333,3.833333333
5741,360810558001,o_360810558001,6445.786138,2289.401,1,55.13333333,38.58333333,6.766666667
5742,360810558002,o_360810558002,6667.043864,2193.11,1,54.66666667,36.86666667,7.233333333
5743,360810559001,o_360810559001,15995.61617,1409.263,2,51.38333333,23.88333333,10.23333333
5744,360810560001,o_360810560001,4927.635843,2832.591,0,56.05,47.71666667,4.85
5745,360810560002,o_360810560002,6582.38508,867.911,1,38.23333333,14.68333333,7.933333333
5746,360810561001,o_360810561001,12655.13495,1664.978,2,53.63333333,28.13333333,12.4
5747,360810562001,o_360810562001,6814.354233,2024.676,1,53.11666667,34.06666667,8.783333333
5748,360810564001,o_360810564001,6922.019233,2132.341,1,55.06666667,36.01666667,6.833333333
5749,360810565001,o_360810565001,7284.757924,1983.144,1,55.45,33.66666667,10.96666667
5750,360810566001,o_360810566001,7097.880978,1079.504,1,43.01666667,18.26666667,9.7
5751,360810566002,o_360810566002,7320.408527,1302.029,1,45.26666667,22.05,7.45
5752,360810567001,o_360810567001,7054.527496,1679.855,1,57.43333333,28.45,8.983333333
5753,360810567002,o_360810567002,7136.473496,1761.801,1,58.95,29.96666667,7.466666667
5754,360810567003,o_360810567003,6954.441496,1579.769,1,55.75,26.76666667,3.666666667
5755,360810567004,o_360810567004,6670.918924,1369.305,1,45.08333333,23.3,14.33333333
5756,360810568001,o_360810568001,6622.759999,1486.802,1,47.48333333,25.08333333,5.233333333
5757,360810568002,o_360810568002,8108.681401,2131.743,1,59.43333333,36,6.383333333
5758,360810568003,o_360810568003,8107.820401,2130.882,1,59.63333333,36.2,6.183333333
5759,360810568004,o_360810568004,7779.701843,1166.076,1,44.85,19.73333333,7.866666667
5760,360810577001,o_360810577001,6701.492924,1399.879,1,45.7,23.91666667,13.71666667
5761,360810577002,o_360810577002,6698.880924,1397.267,1,45.66666667,23.88333333,13.75
5762,360810577003,o_360810577003,7050.255496,1675.583,1,57.45,28.46666667,8.966666667
5763,360810579001,o_360810579001,6689.508924,1387.895,1,45.4,23.61666667,14.01666667
5764,360810579002,o_360810579002,6588.250496,1213.578,1,49.56666667,20.58333333,9.85
5765,360810580001,o_360810580001,8771.955784,1700.946,1,58.3,28.8,9.416666667
5766,360810580002,o_360810580002,7956.510643,4005.711,0,84.38333333,67.55,1.916666667
5767,360810580003,o_360810580003,8388.797267,1799.436,1,56.78333333,30.35,9.033333333
5768,360810580004,o_360810580004,9025.164714,1596.259,1,58.16666667,26.9,9.55
5769,360810581001,o_360810581001,6289.422924,987.809,1,38.65,16.86666667,11.26666667
5770,360810581002,o_360810581002,6204.872924,903.259,1,37.15,15.36666667,12.76666667
5771,360810582001,o_360810582001,8485.720267,1896.359,1,58.38333333,31.95,7.433333333
5772,360810582002,o_360810582002,8559.014267,1969.653,1,59.63333333,33.2,6.183333333
5773,360810582003,o_360810582003,9089.15885,1521.893,1,56.86666667,25.65,8.95
5774,360810583001,o_360810583001,6274.761924,973.148,1,38.41666667,16.63333333,11.5
5775,360810583002,o_360810583002,6418.416496,1043.744,1,46.63333333,17.65,8.283333333
5776,360810583003,o_360810583003,6598.124496,1223.452,1,49.66666667,20.68333333,9.75
5777,360810585001,o_360810585001,5967.025496,592.353,1,38.98333333,10,10.93333333
5778,360810585002,o_360810585002,6149.143924,847.53,1,36.21666667,14.43333333,13.7
5779,360810585003,o_360810585003,6510.221489,518.328,1,41.25,8.8,8.666666667
5780,360810587001,o_360810587001,5725.814735,764.385,1,38.95,12.88333333,10.96666667
5781,360810587002,o_360810587002,6105.009496,730.337,1,41.3,12.31666667,8.616666667
5782,360810587003,o_360810587003,6030.720496,656.048,1,40.03333333,11.05,9.883333333
5783,360810589001,o_360810589001,5947.241504,1281.491,1,45.66666667,21.68333333,9.25
5784,360810589002,o_360810589002,6005.92298,1413.231,1,41.56666667,24.06666667,6.816666667
5785,360810589003,o_360810589003,6643.890918,725.056,1,37.88333333,12.36666667,10.5
5786,360810590001,o_360810590001,8424.237924,2884.695,1,73.13333333,48.61666667,7.633333333
5787,360810591001,o_360810591001,5945.70398,1353.012,1,40.53333333,23.03333333,12.35
5788,360810591002,o_360810591002,6045.15598,1452.464,1,42.21666667,24.71666667,10.66666667
5789,360810591003,o_360810591003,6104.39098,1511.699,1,43.21666667,25.71666667,9.666666667
5790,360810591004,o_360810591004,5830.489603,2298.526,1,52.21666667,39.13333333,4.666666667
5791,360810592001,o_360810592001,10083.11737,2034.203,1,67.51666667,34.23333333,7.666666667
5792,360810593001,o_360810593001,5342.21798,749.526,1,30.33333333,12.83333333,13.05
5793,360810593002,o_360810593002,5525.771504,860.021,1,38.51666667,14.53333333,9.866666667
5794,360810594001,o_360810594001,10227.18866,1842.243,1,66.05,31.11666667,9.133333333
5795,360810594002,o_360810594002,10190.68066,1805.735,1,65.43333333,30.5,9.75
5796,360810595011,o_360810595011,5705.885504,1040.135,1,41.63333333,17.65,6.75
5797,360810595012,o_360810595012,5877.05198,1284.36,1,39.58333333,22.08333333,8.8
5798,360810595021,o_360810595021,5406.603756,1229.708,1,42.9,20.76666667,9.983333333
5799,360810595022,o_360810595022,5401.588756,1224.693,1,42.86666667,20.73333333,10.01666667
5800,360810596001,o_360810596001,8894.826608,2737.643,1,73.68333333,46.15,7.083333333
5801,360810596002,o_360810596002,10025.31637,1976.402,1,66.65,33.36666667,8.533333333
5802,360810598001,o_360810598001,8726.112213,2850.538,1,74.2,48.03333333,6.566666667
5803,360810598002,o_360810598002,9615.626052,949.071,1,53.38333333,16.08333333,7.8
5804,360810599001,o_360810599001,4769.154756,592.259,1,32.11666667,9.983333333,11.26666667
5805,360810599002,o_360810599002,4802.554756,625.659,1,32.73333333,10.6,10.65
5806,360810600001,o_360810600001,10478.75905,1812.204,1,66.9,30.6,8.283333333
5807,360810601001,o_360810601001,4744.426756,567.531,1,31.75,9.616666667,11.63333333
5808,360810601002,o_360810601002,4952.398756,775.503,1,35.3,13.16666667,8.083333333
5809,360810603001,o_360810603001,5399.46198,806.77,1,31.25,13.75,12.13333333
5810,360810606001,o_360810606001,10692.73296,1747.51,1,67.26666667,29.61666667,7.916666667
5811,360810606002,o_360810606002,10585.83517,3130.267,1,83.5,53.06666667,12.88333333
5812,360810607011,o_360810607011,4333.982166,1897.702,1,43.16666667,32.18333333,5.216666667
5813,360810608001,o_360810608001,8257.958785,1807.594,1,59.76666667,30.63333333,9.616666667
5814,360810610001,o_360810610001,8476.719785,2026.355,1,63.56666667,34.43333333,5.816666667
5815,360810612001,o_360810612001,8296.551439,2620.052,0,67.53333333,44.56666667,1.783333333
5816,360810612002,o_360810612002,9270.415338,2583.821,1,71.31666667,43.83333333,6.266666667
5817,360810613011,o_360810613011,6862.01347,1116.141,1,38.75,18.93333333,7.916666667
5818,360810613012,o_360810613012,6376.155496,1001.483,1,45.96666667,16.98333333,10.2
5819,360810613013,o_360810613013,5493.973504,828.223,1,38,14.01666667,8.666666667
5820,360810613014,o_360810613014,6091.696924,790.083,1,35.26666667,13.48333333,11.4
5821,360810613021,o_360810613021,6431.032496,1143.532,1,37.23333333,19.33333333,9.433333333
5822,360810614001,o_360810614001,11739.67396,2794.451,1,85.11666667,47.46666667,8.35
5823,360810616011,o_360810616011,12123.15588,2413.342,1,82.18333333,40.78333333,11.28333333
5824,360810616012,o_360810616012,12273.67988,2563.866,1,84.7,43.3,8.766666667
5825,360810616013,o_360810616013,13491.48068,1513.292,2,74.88333333,25.7,19.58333333
5826,360810616021,o_360810616021,13637.88514,1392.586,2,73.78333333,23.7,20.68333333
5827,360810616022,o_360810616022,13510.2656,2873.776,0,73.7,48.7,21.68333333
5828,360810618001,o_360810618001,9884.575377,1867.315,1,65.6,31.53333333,6.433333333
5829,360810618002,o_360810618002,8731.258806,1962.02,1,63.45,33.28333333,6.266666667
5830,360810619001,o_360810619001,4059.231559,2917.516,0,55.01666667,49.48333333,2.666666667
5831,360810619002,o_360810619002,4551.86419,1037.285,1,31.28333333,17.6,10.25
5832,360810620001,o_360810620001,8313.892424,3301.597,0,76.9,55.91666667,1.183333333
5833,360810621001,o_360810621001,3857.619946,1246.782,1,31.01666667,21.13333333,10.51666667
5834,360810621002,o_360810621002,4190.133752,2414.177,1,47.08333333,41.08333333,7.95
5835,360810621003,o_360810621003,3727.215274,3189.92,0,56.63333333,54.03333333,1.05
5836,360810622001,o_360810622001,10542.67117,3087.103,1,82.41666667,51.98333333,13.95
5837,360810622002,o_360810622002,11421.20705,2754.652,1,82.98333333,46.68333333,7.183333333
5838,360810623001,o_360810623001,5491.16819,1976.589,1,47.21666667,33.53333333,7.816666667
5839,360810623002,o_360810623002,4728.747235,3861.775,0,69.68333333,65.48333333,3
5840,360810624001,o_360810624001,9118.26431,3069.095,1,76.86666667,51.93333333,5.416666667
5841,360810625001,o_360810625001,5335.786783,2980.922,1,59.33333333,50.53333333,7.2
5842,360810625002,o_360810625002,5300.305076,3249.605,1,62.43333333,55.1,7.6
5843,360810626001,o_360810626001,7569.331895,2064.229,1,59.01666667,35.01666667,7.4
5844,360810626002,o_360810626002,8863.411395,1980.124,1,62.75,33.43333333,5.983333333
5845,360810626003,o_360810626003,9276.000576,2204.987,1,66.36666667,37.35,7.916666667
5846,360810627001,o_360810627001,6869.601496,1494.929,1,54.35,25.36666667,5.516666667
5847,360810627002,o_360810627002,7065.432924,1763.819,1,51.83333333,30.05,8.033333333
5848,360810629001,o_360810629001,5297.366076,3246.666,1,62.41666667,55.08333333,7.616666667
5849,360810629002,o_360810629002,5627.237946,3016.4,1,61.05,51.16666667,5.483333333
5850,360810629003,o_360810629003,6943.952924,1642.339,1,49.8,28.01666667,10.06666667
5851,360810630001,o_360810630001,8078.809995,1954.928,1,60.13333333,33.11666667,6.283333333
5852,360810630002,o_360810630002,7901.173839,3207.195,0,73.78333333,54.33333333,4.3
5853,360810632001,o_360810632001,9288.924352,1771.352,1,61.83333333,29.86666667,6.9
5854,360810632002,o_360810632002,9476.313916,1629.352,1,64.81666667,27.55,3.916666667
5855,360810633011,o_360810633011,5471.54019,1956.961,1,46.9,33.21666667,8.133333333
5856,360810633021,o_360810633021,4588.768274,4051.473,0,71.1,68.5,1.583333333
5857,360810633022,o_360810633022,4542.957783,2188.093,1,45.88333333,37.08333333,9.15
5858,360810635001,o_360810635001,4426.340274,3889.045,0,68.36666667,65.76666667,4.316666667
5859,360810635002,o_360810635002,4626.009783,2271.145,1,47.28333333,38.48333333,7.75
5860,360810637001,o_360810637001,4040.248752,2264.292,1,44.55,38.55,8.483333333
5861,360810637002,o_360810637002,3876.66279,2430.383,1,45.41666667,41.01666667,7.616666667
5862,360810637003,o_360810637003,4980.804981,4097.909,0,71.4,69.4,2.633333333
5863,360810637004,o_360810637004,4120.421752,2344.465,1,45.73333333,39.73333333,9.3
5864,360810638001,o_360810638001,12858.11239,2221.623,0,62.53333333,37.53333333,4.55
5865,360810638002,o_360810638002,12430.99039,1794.501,0,55.38333333,30.38333333,11.7
5866,360810638003,o_360810638003,12750.14839,2113.659,0,60.66666667,35.66666667,6.416666667
5867,360810638004,o_360810638004,12985.22739,2348.738,0,64.61666667,39.61666667,2.466666667
5868,360810638005,o_360810638005,13278.9596,2642.47,0,69.53333333,44.53333333,16.93333333
5869,360810639001,o_360810639001,3771.337981,2888.442,0,50.93333333,48.93333333,1.483333333
5870,360810639002,o_360810639002,3762.909981,2880.014,0,50.85,48.85,1.566666667
5871,360810641011,o_360810641011,9914.33187,1397.047,2,44.03333333,23.53333333,9.383333333
5872,360810641021,o_360810641021,6644.57756,5243.268,0,91.36666667,88.86666667,1.3
5873,360810645001,o_360810645001,5458.82456,4057.515,0,71.43333333,68.93333333,2.233333333
5874,360810645002,o_360810645002,2943.741981,2060.846,0,37.21666667,35.21666667,1.7
5875,360810646001,o_360810646001,8074.067851,2745.804,0,69.05,46.55,3.416666667
5876,360810646002,o_360810646002,9035.065979,2439.284,2,70.28333333,41.18333333,10.96666667
5877,360810650001,o_360810650001,13204.0836,2567.594,0,68.38333333,43.38333333,18.08333333
5878,360810650002,o_360810650002,13240.3006,2603.811,0,69.11666667,44.11666667,17.35
5879,360810654011,o_360810654011,12481.43939,1844.95,0,56.2,31.2,5.266666667
5880,360810654012,o_360810654012,12867.3626,2230.873,0,62.65,37.65,23.81666667
5881,360810654013,o_360810654013,12455.27039,1818.781,0,55.71666667,30.71666667,5.75
5882,360810654021,o_360810654021,13156.3046,2519.815,0,67.66666667,42.66666667,18.8
5883,360810655011,o_360810655011,3278.539274,2741.244,0,48.91666667,46.31666667,3.15
5884,360810656001,o_360810656001,12585.54139,1949.052,0,57.95,32.95,3.516666667
5885,360810656002,o_360810656002,12817.5136,2181.024,0,61.85,36.85,24.61666667
5886,360810656003,o_360810656003,13400.0826,2763.593,0,71.83333333,46.83333333,14.63333333
5887,360810657021,o_360810657021,5776.069087,778.39,1,29.91666667,13.23333333,7.833333333
5888,360810657031,o_360810657031,3765.955047,804.27,1,25.05,13.7,10.86666667
5889,360810657032,o_360810657032,3372.674783,1017.81,1,26.11666667,17.31666667,9.8
5890,360810657033,o_360810657033,3404.443783,1049.579,1,26.68333333,17.88333333,9.233333333
5891,360810659001,o_360810659001,5127.227843,1033.29,1,30.51666667,17.63333333,7.233333333
5892,360810659002,o_360810659002,5839.592087,841.913,1,31,14.31666667,6.75
5893,360810660001,o_360810660001,13128.5896,2492.1,0,67.08333333,42.08333333,19.38333333
5894,360810660002,o_360810660002,13147.0516,2510.562,0,67.4,42.4,19.06666667
5895,360810661001,o_360810661001,5433.768944,988.984,1,31.2,16.85,6.55
5896,360810663011,o_360810663011,3127.386076,1076.686,1,25.66666667,18.33333333,5.75
5897,360810663012,o_360810663012,2620.528235,1753.556,0,33.91666667,29.71666667,3.15
5898,360810663021,o_360810663021,5129.602843,1035.665,1,30.41666667,17.53333333,7.333333333
5899,360810664011,o_360810664011,15386.99315,2830.331,0,80.26666667,47.58333333,7.2
5900,360810664012,o_360810664012,13957.5826,3321.093,0,81.06666667,56.06666667,5.4
5901,360810664021,o_360810664021,13196.9536,2560.464,0,68.3,43.3,18.16666667
5902,360810664022,o_360810664022,13495.4946,2859.005,0,73.26666667,48.26666667,15.56666667
5903,360810664023,o_360810664023,13641.6316,3005.142,0,75.68333333,50.68333333,13.15
5904,360810664031,o_360810664031,13763.1806,3126.691,0,77.73333333,52.73333333,11.1
5905,360810664032,o_360810664032,14029.2366,3392.747,0,82.23333333,57.23333333,6.6
5906,360810664033,o_360810664033,14130.0306,3493.541,0,83.95,58.95,4.883333333
5907,360810664041,o_360810664041,17040.03448,4964.48,0,111.7833333,83.78333333,32.05
5908,360810665011,o_360810665011,4103.076166,1666.796,1,39.38333333,28.4,5.733333333
5909,360810665012,o_360810665012,4398.614459,1799.53,1,39.75,30.53333333,5.366666667
5910,360810665013,o_360810665013,3644.505287,1731.058,1,37.25,29.18333333,7.866666667
5911,360810665014,o_360810665014,3930.057234,2351.221,0,42.78333333,39.78333333,1.333333333
5912,360810667011,o_360810667011,3722.295948,1050.153,1,30.68333333,17.88333333,9.433333333
5913,360810667012,o_360810667012,3300.205287,1386.758,1,31.51666667,23.45,8.6
5914,360810669001,o_360810669001,3318.298287,1404.851,1,31.83333333,23.76666667,8.283333333
5915,360810669002,o_360810669002,3134.995287,1221.548,1,28.68333333,20.61666667,11.43333333
5916,360810671001,o_360810671001,3573.476234,1994.64,0,36.75,33.75,2.366666667
5917,360810671002,o_360810671002,3241.067234,1662.231,0,31.11666667,28.11666667,8
5918,360810677001,o_360810677001,2464.884274,1927.589,0,35.28333333,32.68333333,4.15
5919,360810677002,o_360810677002,2734.514235,1867.542,0,35.93333333,31.73333333,3.5
5920,360810679001,o_360810679001,2721.144676,1144.066,0,22.4,19.4,2.883333333
5921,360810679002,o_360810679002,2386.554506,1550.147,0,27.81666667,26.31666667,1.466666667
5922,360810679003,o_360810679003,2165.582698,1902.36,0,33.51666667,32.23333333,5.916666667
5923,360810680001,o_360810680001,13064.5926,2428.103,0,66.01666667,41.01666667,22.81666667
5924,360810680002,o_360810680002,13541.4306,2904.941,0,74.05,49.05,14.78333333
5925,360810680003,o_360810680003,13814.9106,3178.421,0,78.68333333,53.68333333,10.15
5926,360810680004,o_360810680004,13936.0236,3299.534,0,80.66666667,55.66666667,8.166666667
5927,360810682001,o_360810682001,13839.39325,1763.839,0,57.83333333,29.83333333,6
5928,360810682002,o_360810682002,13745.63525,1670.081,0,56.26666667,28.26666667,3.35
5929,360810683001,o_360810683001,1877.075968,1132.919,0,20.68333333,19.18333333,3.716666667
5930,360810683002,o_360810683002,2222.772676,645.694,0,14.05,11.05,2.016666667
5931,360810683003,o_360810683003,2304.530676,727.452,0,15.36666667,12.36666667,5.7
5932,360810687001,o_360810687001,1599.075506,762.668,0,14.41666667,12.91666667,1.65
5933,360810687002,o_360810687002,1760.529506,924.122,0,17.13333333,15.63333333,3.933333333
5934,360810687003,o_360810687003,2314.848676,737.77,0,15.53333333,12.53333333,5.533333333
5935,360810690001,o_360810690001,14659.40448,2583.85,0,71.76666667,43.76666667,12.85
5936,360810690002,o_360810690002,14880.22948,2804.675,0,75.38333333,47.38333333,9.233333333
5937,360810693001,o_360810693001,1434.706427,955.271,0,18.2,16.25,1.266666667
5938,360810693002,o_360810693002,1450.413506,614.006,0,11.96666667,10.46666667,2.1
5939,360810694001,o_360810694001,13952.5326,3316.043,0,81,56,3.616666667
5940,360810694002,o_360810694002,15211.42548,3135.871,0,80.9,52.9,3.716666667
5941,360810695001,o_360810695001,1740.041698,1476.819,0,26.33333333,25.05,8.883333333
5942,360810695002,o_360810695002,2072.185506,1235.778,0,22.46666667,20.96666667,2.6
5943,360810697011,o_360810697011,1449.314506,612.907,0,11.91666667,10.41666667,2.15
5944,360810697012,o_360810697012,1605.740506,769.333,0,14.56666667,13.06666667,1.5
5945,360810697013,o_360810697013,1898.525506,1062.118,0,19.65,18.15,1.416666667
5946,360810697021,o_360810697021,2116.043506,1279.636,0,23.38333333,21.88333333,1.683333333
5947,360810697022,o_360810697022,2267.961506,1431.554,0,26.01666667,24.51666667,2.55
5948,360810697023,o_360810697023,1898.563698,1635.341,0,28.95,27.66666667,6.266666667
5949,360810697024,o_360810697024,2507.08279,1060.803,1,22.38333333,17.98333333,7.183333333
5950,360810703001,o_360810703001,2805.099981,1922.204,0,34.6,32.6,2.466666667
5951,360810703002,o_360810703002,2969.733981,2086.838,0,37.46666667,35.46666667,3.6
5952,360810707001,o_360810707001,2778.643981,1895.748,0,34.36666667,32.36666667,2.7
5953,360810707002,o_360810707002,3002.490981,2119.595,0,38.15,36.15,2.916666667
5954,360810707003,o_360810707003,2576.281981,1693.386,0,30.9,28.9,1.666666667
5955,360810709001,o_360810709001,2315.454981,1432.559,0,26.38333333,24.38333333,1.183333333
5956,360810709002,o_360810709002,2506.101981,1623.206,0,29.73333333,27.73333333,2.833333333
5957,360810711001,o_360810711001,2743.108012,1070.293,1,21.23333333,18.23333333,8.333333333
5958,360810711002,o_360810711002,2046.636981,1163.741,0,21.71666667,19.71666667,3.35
5959,360810711003,o_360810711003,2752.552506,1916.145,0,33.98333333,32.48333333,3.65
5960,360810711004,o_360810711004,1412.583981,529.688,0,11.08333333,9.083333333,5.983333333
5961,360810713031,o_360810713031,1957.839506,1121.432,0,20.53333333,19.03333333,2.6
5962,360810713032,o_360810713032,2294.940981,1412.045,0,25.9,23.9,4.166666667
5963,360810713033,o_360810713033,1737.502981,854.607,0,16.51666667,14.51666667,3.05
5964,360810713041,o_360810713041,1557.919506,721.512,0,13.8,12.3,2.266666667
5965,360810713042,o_360810713042,2341.990981,1459.095,0,26.76666667,24.76666667,3.3
5966,360810713043,o_360810713043,1647.427506,811.02,0,15.26666667,13.76666667,5.8
5967,360810713044,o_360810713044,1919.834506,1083.427,0,19.86666667,18.36666667,1.2
5968,360810713051,o_360810713051,2522.571012,849.756,1,17.41666667,14.41666667,8.65
5969,360810713052,o_360810713052,1971.505506,1135.098,0,20.75,19.25,2.383333333
5970,360810713053,o_360810713053,1760.019981,877.124,0,16.86666667,14.86666667,2.7
5971,360810713054,o_360810713054,1601.788981,718.893,0,14.21666667,12.21666667,2.85
5972,360810713061,o_360810713061,1717.058506,880.651,0,16.45,14.95,4.616666667
5973,360810713062,o_360810713062,2435.910981,1553.015,0,28.35,26.35,3.716666667
5974,360810713063,o_360810713063,1985.083506,1148.676,0,20.98333333,19.48333333,2.15
5975,360810713064,o_360810713064,1682.099506,845.692,0,15.83333333,14.33333333,5.233333333
5976,360810716001,o_360810716001,26862.59208,2526.18,1,106.6,42.6,35.01666667
5977,360810717011,o_360810717011,1782.423506,946.016,0,17.56666667,16.06666667,3.5
5978,360810717012,o_360810717012,1403.405506,566.998,0,11.2,9.7,2.866666667
5979,360810717013,o_360810717013,1485.002506,648.595,0,12.56666667,11.06666667,1.5
5980,360810717014,o_360810717014,1624.975506,788.568,0,14.96666667,13.46666667,1.1
5981,360810717021,o_360810717021,1851.092506,1014.685,0,18.81666667,17.31666667,2.25
5982,360810717022,o_360810717022,1603.778506,767.371,0,14.55,13.05,1.516666667
5983,360810719001,o_360810719001,1909.946041,1354.366,0,25.33333333,23.05,2.983333333
5984,360810719002,o_360810719002,1135.436276,931.604,0,16.76666667,15.93333333,2.566666667
5985,360810721001,o_360810721001,1030.114276,826.282,0,14.98333333,14.15,4.35
5986,360810721002,o_360810721002,1889.568506,1053.161,0,19.36666667,17.86666667,1.7
5987,360810721003,o_360810721003,1885.664506,1049.257,0,19.3,17.8,1.766666667
5988,360810721004,o_360810721004,1898.795506,1062.388,0,19.55,18.05,1.516666667
5989,360810721005,o_360810721005,2433.254981,1550.359,0,28.43333333,26.43333333,3.633333333
5990,360810723001,o_360810723001,1741.127981,858.232,0,16.76666667,14.76666667,2.8
5991,360810723002,o_360810723002,2001.181981,1118.286,0,21.26666667,19.26666667,3.8
5992,360810723003,o_360810723003,2085.546981,1202.651,0,22.55,20.55,2.516666667
5993,360810729001,o_360810729001,2383.725981,1500.83,0,27.8,25.8,4.766666667
5994,360810729002,o_360810729002,5371.12156,3969.812,0,69.96666667,67.46666667,1.85
5995,360810731001,o_360810731001,2529.516981,1646.621,0,29.96666667,27.96666667,2.6
5996,360810731002,o_360810731002,2526.416981,1643.521,0,30.15,28.15,2.416666667
5997,360810737001,o_360810737001,1494.367981,611.472,0,12.4,10.4,4.666666667
5998,360810737002,o_360810737002,1724.064981,841.169,0,16.33333333,14.33333333,3.233333333
5999,360810739001,o_360810739001,1717.203981,834.308,0,16.3,14.3,3.266666667
6000,360810739002,o_360810739002,1681.721981,798.826,0,15.61666667,13.61666667,1.45
6001,360810739003,o_360810739003,1479.003981,596.108,0,12.21666667,10.21666667,4.85
6002,360810739004,o_360810739004,1363.489981,480.594,0,10.25,8.25,6.816666667
6003,360810739005,o_360810739005,1436.183981,553.288,0,11.46666667,9.466666667,5.6
6004,360810741001,o_360810741001,2614.863012,942.048,1,19.05,16.05,7.016666667
6005,360810741002,o_360810741002,2520.645012,847.83,1,17.4,14.4,7.183333333
6006,360810741003,o_360810741003,2512.222012,839.407,1,17.3,14.3,7.283333333
6007,360810741004,o_360810741004,2565.542012,892.727,1,18.13333333,15.13333333,11.45
6008,360810743001,o_360810743001,1626.696676,1373.276,0,24.76666667,23.46666667,4.133333333
6009,360810743002,o_360810743002,2120.956259,1557.163,0,28.76666667,26.48333333,5.983333333
6010,360810743003,o_360810743003,2239.463506,1403.056,0,25.26666667,23.76666667,3.316666667
6011,360810743004,o_360810743004,2207.688506,1371.281,0,24.7,23.2,3.883333333
6012,360810745001,o_360810745001,4404.207994,1043.957,1,25.75,17.71666667,3.833333333
6013,360810745002,o_360810745002,2351.010506,1514.603,0,27.15,25.65,1.433333333
6014,360810747001,o_360810747001,1614.630676,1361.21,0,24.48333333,23.18333333,4.416666667
6015,360810747002,o_360810747002,2891.542012,1218.727,1,23.7,20.7,9.883333333
6016,360810749001,o_360810749001,2241.303981,1358.408,0,25.15,23.15,1.933333333
6017,360810749002,o_360810749002,2446.495981,1563.6,0,28.51666667,26.51666667,6.566666667
6018,360810757011,o_360810757011,2164.19664,567.897,1,13.75,9.75,4.333333333
6019,360810757012,o_360810757012,2104.49064,508.191,1,12.75,8.75,5.333333333
6020,360810757013,o_360810757013,2258.701617,381.892,0,9.466666667,6.466666667,1.05
6021,360810757021,o_360810757021,1672.053981,789.158,0,15.43333333,13.43333333,2.65
6022,360810757022,o_360810757022,1876.427981,993.532,0,18.86666667,16.86666667,8.216666667
6023,360810757023,o_360810757023,1594.541981,711.646,0,14.1,12.1,3.983333333
6024,360810769011,o_360810769011,2269.275981,1386.38,0,25.35,23.35,1.733333333
6025,360810769012,o_360810769012,2035.13564,438.836,1,11.5,7.5,6.583333333
6026,360810769021,o_360810769021,2428.60264,832.303,1,18.11666667,14.11666667,8.966666667
6027,360810773001,o_360810773001,2325.954355,1248.476,0,23.05,21.05,5.666666667
6028,360810773002,o_360810773002,2515.472617,638.663,0,13.81666667,10.81666667,4.2
6029,360810773003,o_360810773003,2901.638617,1024.829,0,20.35,17.35,3.166666667
6030,360810775001,o_360810775001,3082.527617,1205.718,0,23.41666667,20.41666667,5.6
6031,360810775002,o_360810775002,2909.381617,1032.572,0,20.45,17.45,3.066666667
6032,360810775003,o_360810775003,2516.860617,640.051,0,13.81666667,10.81666667,4.2
6033,360810779021,o_360810779021,2354.922592,860.176,0,21.75,14.58333333,4.8
6034,360810779022,o_360810779022,2535.409597,2239.947,0,40.2,37.9,1.5
6035,360810779023,o_360810779023,3271.186557,1188.687,0,30.75,20.08333333,3.25
6036,360810779024,o_360810779024,2976.113981,2093.218,0,37.43333333,35.43333333,7.15
6037,360810779025,o_360810779025,2469.605592,974.859,0,23.65,16.48333333,2.9
6038,360810779031,o_360810779031,2040.06931,1438.08,0,27.8,24.15,3.566666667
6039,360810779032,o_360810779032,1961.828597,1666.366,0,30.03333333,28.06666667,1.333333333
6040,360810779033,o_360810779033,2211.888226,1548.524,0,29.91666667,26.21666667,2.916666667
6041,360810779041,o_360810779041,1518.012937,1290.631,0,23.1,21.93333333,7.45
6042,360810779042,o_360810779042,1258.958937,1031.577,0,18.66666667,17.5,11.88333333
6043,360810779043,o_360810779043,1935.958597,1640.496,0,29.61666667,27.65,1.75
6044,360810779044,o_360810779044,1702.734937,1475.353,0,26.15,24.98333333,4.4
6045,360810779051,o_360810779051,1377.109937,1149.728,0,20.61666667,19.45,9.933333333
6046,360810779052,o_360810779052,1177.863937,950.482,0,17.33333333,16.16666667,1.216666667
6047,360810779061,o_360810779061,2562.042937,2334.661,0,40.71666667,39.55,1.833333333
6048,360810779062,o_360810779062,2410.284592,915.538,0,22.66666667,15.5,3.883333333
6049,360810779071,o_360810779071,2704.63331,2102.644,0,39.4,35.41666667,2.3
6050,360810779072,o_360810779072,2214.604226,1551.24,0,30,26.3,2.833333333
6051,360810779081,o_360810779081,1753.155937,1525.774,0,27.01666667,25.85,3.533333333
6052,360810779082,o_360810779082,1911.979281,1502.134,0,27.76666667,25.48333333,1.983333333
6053,360810788001,o_360810788001,7975.045764,2117.3,1,58.86666667,35.83333333,6.65
6054,360810788002,o_360810788002,8015.870623,3093.814,1,70.73333333,52.18333333,10.28333333
6055,360810790001,o_360810790001,7497.62087,3519.839,1,75.06666667,59.5,5.95
6056,360810790002,o_360810790002,8062.910623,3140.854,1,71.51666667,52.96666667,9.5
6057,360810792001,o_360810792001,8284.668623,3362.612,1,75.23333333,56.68333333,5.783333333
6058,360810792002,o_360810792002,8593.923623,3671.867,1,80.48333333,61.93333333,16.03333333
6059,360810793001,o_360810793001,2838.90676,2511.142,0,43.88333333,42.31666667,2.666666667
6060,360810797011,o_360810797011,1262.280595,772.162,0,16.48333333,13.11666667,4.833333333
6061,360810797012,o_360810797012,1344.918595,854.8,0,17.86666667,14.5,3.45
6062,360810797013,o_360810797013,1422.703595,932.585,0,19.18333333,15.81666667,2.133333333
6063,360810797014,o_360810797014,1388.629595,898.511,0,18.61666667,15.25,2.7
6064,360810797021,o_360810797021,1375.080595,884.962,0,18.31666667,14.95,3
6065,360810797022,o_360810797022,1203.041595,712.923,0,15.41666667,12.05,5.9
6066,360810797023,o_360810797023,876.5893684,529.007,0,11.31666667,8.983333333,7.616666667
6067,360810797024,o_360810797024,1439.659595,949.541,0,19.38333333,16.01666667,1.933333333
6068,360810799001,o_360810799001,1057.083831,504.295,0,11.4,8.55,1.066666667
6069,360810799002,o_360810799002,1241.628922,715.327,0,15.75,12.13333333,4.833333333
6070,360810803011,o_360810803011,1456.604528,1254.576,0,22.63333333,21.25,2.033333333
6071,360810803012,o_360810803012,1268.791528,1066.763,0,19.33333333,17.95,5.333333333
6072,360810803013,o_360810803013,796.5085279,594.48,0,11.41666667,10.03333333,3.25
6073,360810803021,o_360810803021,1398.86376,1071.099,0,19.63333333,18.06666667,6.916666667
6074,360810803022,o_360810803022,1320.66776,992.903,0,18.35,16.78333333,8.2
6075,360810803023,o_360810803023,1302.97276,975.208,0,18.03333333,16.46666667,8.516666667
6076,360810809001,o_360810809001,2474.911336,1461.406,0,29.88333333,24.68333333,4.116666667
6077,360810809002,o_360810809002,2145.254353,1131.749,0,24,19.13333333,2.55
6078,360810809003,o_360810809003,1975.581353,962.076,0,21.11666667,16.25,5.433333333
6079,360810809004,o_360810809004,1871.29249,1229.444,0,23.91666667,20.83333333,2.633333333
6080,360810809005,o_360810809005,2042.515353,1029.01,0,22.21666667,17.35,4.333333333
6081,360810809006,o_360810809006,2351.596336,1338.091,0,27.83333333,22.63333333,6.166666667
6082,360810809007,o_360810809007,1853.24576,1525.481,0,27.43333333,25.75,6.566666667
6083,360810814001,o_360810814001,8573.534623,3651.478,1,80.23333333,61.68333333,16.28333333
6084,360810814002,o_360810814002,4835.080336,4225.316,1,75.16666667,71.6,4.6
6085,360810814003,o_360810814003,9606.886764,3749.141,1,86.46666667,63.43333333,10.05
6086,360810818001,o_360810818001,8590.310623,3668.254,1,80.41666667,61.86666667,16.1
6087,360810818002,o_360810818002,13033.24201,3294.76,1,81.41666667,55.56666667,21.1
6088,360810818003,o_360810818003,12928.30663,3610.672,1,85.28333333,61.03333333,17.23333333
6089,360810837001,o_360810837001,944.2201268,565.129,0,11.48333333,9.533333333,2.066666667
6090,360810837002,o_360810837002,1162.026528,959.998,0,17.66666667,16.28333333,7
6091,360810837003,o_360810837003,1350.284528,1148.256,0,20.81666667,19.43333333,3.85
6092,360810837004,o_360810837004,773.0606088,573.757,0,11.11666667,9.716666667,1.266666667
6093,360810837005,o_360810837005,1992.040973,1419.344,0,27.3,23.95,2.533333333
6094,360810838001,o_360810838001,19468.71442,2151.439,1,80.15,36.28333333,12.45
6095,360810838002,o_360810838002,19906.91441,2957.749,1,76.96666667,49.96666667,10.63333333
6096,360810838003,o_360810838003,5361.343396,4787.125,0,82.15,80.65,1.033333333
6097,360810838004,o_360810838004,6934.722838,4284.272,0,77.76666667,72.26666667,7.483333333
6098,360810840001,o_360810840001,19880.74041,2931.575,1,76.68333333,49.68333333,10.91666667
6099,360810840002,o_360810840002,6441.058148,4389.93,1,78.95,74.08333333,10.56666667
6100,360810840003,o_360810840003,6224.252295,4175.047,1,75.55,70.51666667,5.316666667
6101,360810840004,o_360810840004,6889.281144,4067.332,1,75.11666667,68.58333333,5.75
6102,360810840005,o_360810840005,6251.310989,4373.604,0,77.85,73.85,7.4
6103,360810845001,o_360810845001,1685.550634,1295.69,0,24.25,21.96666667,3.783333333
6104,360810845002,o_360810845002,1411.895591,1176.488,0,21.21666667,19.83333333,1.616666667
6105,360810845003,o_360810845003,1379.945591,1144.538,0,20.71666667,19.33333333,2.116666667
6106,360810846011,o_360810846011,18976.52242,1659.247,1,71.91666667,28.05,20.68333333
6107,360810846012,o_360810846012,5977.935396,5403.717,0,92.48333333,90.98333333,4.033333333
6108,360810846021,o_360810846021,19054.77376,2524.404,0,85.13333333,42.83333333,13.65
6109,360810849011,o_360810849011,2150.784536,1402.06,0,25.88333333,23.68333333,1.95
6110,360810849012,o_360810849012,2176.761536,1428.037,0,26.33333333,24.13333333,1.5
6111,360810849021,o_360810849021,1464.401587,648.491,0,15.11666667,10.91666667,4.383333333
6112,360810849022,o_360810849022,2596.906217,1140.652,0,23.56666667,19.26666667,4.266666667
6113,360810853001,o_360810853001,1468.137587,652.227,0,15.26666667,11.06666667,4.233333333
6114,360810853002,o_360810853002,2623.070217,1166.816,0,24,19.7,3.833333333
6115,360810853003,o_360810853003,1695.4346,1065.73,0,21.63333333,17.98333333,1.683333333
6116,360810853004,o_360810853004,2116.394624,1674.516,0,30.73333333,28.46666667,1.216666667
6117,360810855001,o_360810855001,1390.954024,1080.727,0,19.8,18.23333333,1.65
6118,360810855002,o_360810855002,1208.188024,897.961,0,16.73333333,15.16666667,4.716666667
6119,360810855003,o_360810855003,2146.011837,1233.327,0,25.55,20.71666667,3.716666667
6120,360810855004,o_360810855004,1447.807944,440.336,0,11.36666667,7.45,1.316666667
6121,360810857001,o_360810857001,1266.177944,258.706,0,8.266666667,4.35,2.766666667
6122,360810857002,o_360810857002,1465.678944,458.207,0,11.65,7.733333333,1.033333333
6123,360810857003,o_360810857003,1884.759339,1532.563,0,27.81666667,25.75,4.416666667
6124,360810859001,o_360810859001,1865.957339,1513.761,0,27.5,25.43333333,4.733333333
6125,360810859002,o_360810859002,1506.17434,1219.989,0,22.3,20.65,1.233333333
6126,360810859003,o_360810859003,1436.46834,1150.283,0,21.06666667,19.41666667,2.466666667
6127,360810861001,o_360810861001,2695.698043,1597.974,0,31.45,26.95,1.433333333
6128,360810861002,o_360810861002,2134.911773,1108.596,0,22.61666667,18.66666667,3.45
6129,360810863001,o_360810863001,1898.160064,1557.819,0,28.06666667,26.41666667,4.683333333
6130,360810863002,o_360810863002,1408.181024,1097.954,0,20.1,18.53333333,1.35
6131,360810863003,o_360810863003,1262.193024,951.966,0,17.63333333,16.06666667,3.816666667
6132,360810863004,o_360810863004,1318.686024,1008.459,0,18.6,17.03333333,2.85
6133,360810864001,o_360810864001,6853.730144,4031.781,1,74.6,68.06666667,6.266666667
6134,360810864002,o_360810864002,4842.623964,3318.917,0,59.68333333,56.18333333,7.516666667
6135,360810865001,o_360810865001,1797.288064,1456.947,0,26.33333333,24.68333333,6.416666667
6136,360810865002,o_360810865002,1683.274806,980.567,0,20.13333333,16.58333333,1.316666667
6137,360810865003,o_360810865003,2085.962064,1745.621,0,31.26666667,29.61666667,1.483333333
6138,360810869001,o_360810869001,2071.3894,1765.184,0,31.9,29.8,2.016666667
6139,360810869002,o_360810869002,2828.537862,2275.586,0,41.88333333,38.4,1.033333333
6140,360810871001,o_360810871001,2007.756587,1191.846,0,24.3,20.1,2.2
6141,360810871002,o_360810871002,1723.78395,601.67,0,15.98333333,10.2,3.516666667
6142,360810884001,o_360810884001,6766.913648,3317.408,1,68.06666667,56.06666667,16.11666667
6143,360810884002,o_360810884002,18806.8929,1740.455,1,57.1,29.6,11
6144,360810884003,o_360810884003,19431.48045,1447.083,1,54.28333333,24.78333333,13.81666667
6145,360810884004,o_360810884004,7865.325648,4415.82,1,85.01666667,74.51666667,11.16666667
6146,360810884005,o_360810884005,20262.42845,2278.031,1,69.06666667,38.56666667,18.53333333
6147,360810884006,o_360810884006,19571.11645,1586.719,1,56.33333333,26.83333333,11.76666667
6148,360810884007,o_360810884007,7435.559195,3068.094,1,65.91666667,51.91666667,18.26666667
6149,360810884008,o_360810884008,7086.705648,3637.2,1,73.5,61.5,10.68333333
6150,360810889021,o_360810889021,3423.480542,595.445,1,22.81666667,10.03333333,5.866666667
6151,360810889022,o_360810889022,3366.392155,383.95,1,23.18333333,6.45,5.5
6152,360810889023,o_360810889023,3016.827489,589.082,1,23.81666667,9.916666667,4.866666667
6153,360810889024,o_360810889024,2964.955312,465.316,1,18.95,7.833333333,4.733333333
6154,360810889031,o_360810889031,4147.268224,2044.297,0,45.25,34.41666667,2.15
6155,360810889032,o_360810889032,3813.280886,1710.294,0,41.08333333,28.83333333,1.833333333
6156,360810889033,o_360810889033,3250.946111,2898.78,0,50,48.86666667,1.35
6157,360810892011,o_360810892011,17507.10224,3509.693,1,78.95,59.45,8.65
6158,360810892012,o_360810892012,6641.801578,4975.685,0,90.38333333,84.38333333,4.8
6159,360810892013,o_360810892013,20237.16345,3954.083,1,91.73333333,67.26666667,14.06666667
6160,360810892014,o_360810892014,18975.82738,4476.136,1,96.16666667,76.2,9.633333333
6161,360810892015,o_360810892015,20729.9119,3663.474,1,88.1,62.1,16.56666667
6162,360810892016,o_360810892016,20405.72645,3796.086,1,89.23333333,64.23333333,15.43333333
6163,360810892017,o_360810892017,20795.1169,3728.679,1,89.16666667,63.16666667,15.5
6164,360810892018,o_360810892018,17481.51471,4860.098,1,97.83333333,82.36666667,14.53333333
6165,360810892021,o_360810892021,21323.2949,4256.857,1,99.06666667,72.06666667,20.6
6166,360810907001,o_360810907001,3475.12039,2106.26,0,44.63333333,35.56666667,1.333333333
6167,360810919001,o_360810919001,3706.824928,2584.711,0,51.36666667,43.68333333,3.6
6168,360810919002,o_360810919002,7164.442505,675.905,1,43.96666667,11.5,6.283333333
6169,360810919003,o_360810919003,6753.376192,1333.388,0,53.01666667,22.46666667,1.95
6170,360810922001,o_360810922001,14064.74248,3221.969,1,76.08333333,54.58333333,12.95
6171,360810922002,o_360810922002,14480.65848,3637.885,1,83.96666667,61.96666667,20.06666667
6172,360810922003,o_360810922003,14807.34548,3964.572,1,89.4,67.4,14.63333333
6173,360810925001,o_360810925001,6694.636174,1121.496,1,42.06666667,19.03333333,12.61666667
6174,360810925002,o_360810925002,6917.339174,1344.199,1,45.81666667,22.78333333,8.866666667
6175,360810925003,o_360810925003,7202.141517,1265.054,1,46.05,21.4,8.633333333
6176,360810928001,o_360810928001,14102.63148,3259.858,1,76.88333333,55.38333333,12.15
6177,360810928002,o_360810928002,13491.31536,3375.45,1,76.61666667,57.11666667,12.41666667
6178,360810928003,o_360810928003,13896.65748,3053.884,1,73.41666667,51.91666667,15.61666667
6179,360810929001,o_360810929001,7835.258622,1700.778,1,60.25,28.88333333,2.816666667
6180,360810929002,o_360810929002,7115.610635,981.114,0,50.31666667,16.63333333,4.65
6181,360810929003,o_360810929003,7153.625517,1216.538,1,45.3,20.65,9.383333333
6182,360810929004,o_360810929004,7626.89146,1275.83,1,54.93333333,21.58333333,5.95
6183,360810929005,o_360810929005,7509.617174,1936.477,1,55.5,32.86666667,14.6
6184,360810934011,o_360810934011,13104.31648,2261.543,1,60.3,38.3,14.23333333
6185,360810934012,o_360810934012,13216.15448,2373.381,1,62.35,40.35,12.18333333
6186,360810934013,o_360810934013,13391.32448,2548.551,1,65.35,43.35,9.183333333
6187,360810934021,o_360810934021,12434.82236,2318.957,1,59.26666667,39.26666667,15.26666667
6188,360810934022,o_360810934022,12786.35736,2670.492,1,65.28333333,45.28333333,9.25
6189,360810934023,o_360810934023,12502.40248,1659.629,1,50.25,28.25,9.783333333
6190,360810938001,o_360810938001,11414.39166,1935.698,1,50.76666667,32.76666667,9.266666667
6191,360810938002,o_360810938002,11255.30966,1776.616,1,48.13333333,30.13333333,11.9
6192,360810938003,o_360810938003,11564.37736,1448.512,1,44.53333333,24.53333333,15.5
6193,360810939001,o_360810939001,7587.596174,2014.456,1,56.76666667,34.13333333,13.33333333
6194,360810939002,o_360810939002,7886.388984,1234.539,1,55.6,20.93333333,5.283333333
6195,360810939003,o_360810939003,7948.721984,1296.872,1,56.6,21.93333333,4.283333333
6196,360810942011,o_360810942011,10744.38466,1265.691,1,39.5,21.5,20.53333333
6197,360810942012,o_360810942012,10751.67466,1272.981,1,39.61666667,21.61666667,20.41666667
6198,360810942021,o_360810942021,5941.295775,2623.816,0,52.45,44.45,6.583333333
6199,360810942022,o_360810942022,5412.526405,2827.848,0,53.28333333,47.78333333,5.75
6200,360810942023,o_360810942023,5189.576775,1872.097,0,39.73333333,31.73333333,2.3
6201,360810942031,o_360810942031,5807.478775,2489.999,0,50.21666667,42.21666667,8.816666667
6202,360810942032,o_360810942032,6048.964775,2731.485,0,54.28333333,46.28333333,4.75
6203,360810942033,o_360810942033,5614.304405,3029.626,0,56.76666667,51.26666667,2.266666667
6204,360810942034,o_360810942034,5437.045405,2852.367,0,53.73333333,48.23333333,5.3
6205,360810942035,o_360810942035,5266.676405,2681.998,0,50.9,45.4,8.133333333
6206,360810945001,o_360810945001,10080.35763,939.454,1,52.36666667,15.85,5.266666667
6207,360810945002,o_360810945002,9850.211697,1091.26,1,53.3,18.46666667,4.333333333
6208,360810947001,o_360810947001,10523.92414,588.693,1,50,9.966666667,7.633333333
6209,360810947002,o_360810947002,10946.90506,518.285,1,51.05,8.833333333,6.583333333
6210,360810954001,o_360810954001,5242.898775,1925.419,0,40.6,32.6,1.433333333
6211,360810954002,o_360810954002,4456.034405,1871.356,0,37.33333333,31.83333333,4.7
6212,360810954003,o_360810954003,4607.549405,2022.871,0,39.81666667,34.31666667,2.216666667
6213,360810964001,o_360810964001,4654.681405,2070.003,0,40.56666667,35.06666667,1.466666667
6214,360810964002,o_360810964002,4654.203405,2069.525,0,40.55,35.05,1.483333333
6215,360810972021,o_360810972021,3012.305059,2231.079,0,39.75,37.75,2.283333333
6216,360810972041,o_360810972041,2878.008059,2096.782,0,37.53333333,35.53333333,4.5
6217,360810972042,o_360810972042,3456.413167,1937.125,0,36.26666667,32.76666667,5.766666667
6218,360810972043,o_360810972043,3628.357167,2109.069,0,39.21666667,35.71666667,2.816666667
6219,360810972051,o_360810972051,4189.695405,1605.017,0,32.81666667,27.31666667,9.216666667
6220,360810972052,o_360810972052,3548.829167,2029.541,0,37.9,34.4,4.133333333
6221,360810972061,o_360810972061,2552.275059,1771.049,0,32.03333333,30.03333333,10
6222,360810972062,o_360810972062,2925.529059,2144.303,0,38.36666667,36.36666667,3.666666667
6223,360810972071,o_360810972071,3959.616059,3178.39,0,55.81666667,53.81666667,3.216666667
6224,360810973001,o_360810973001,9610.533982,1089.634,1,52.35,18.35,5.283333333
6225,360810973002,o_360810973002,4724.370306,1395.395,0,37.33333333,23.56666667,1.35
6226,360810973003,o_360810973003,9211.589931,1241.359,1,52.98333333,20.93333333,4.65
6227,360810981001,o_360810981001,5123.21969,2405.14,0,51.95,40.71666667,1.733333333
6228,360810981002,o_360810981002,4380.564047,1265.813,0,34.33333333,21.46666667,4.35
6229,360810987001,o_360810987001,5325.265013,1120.253,0,36.45,18.91666667,2.233333333
6230,360810987002,o_360810987002,4376.080047,1261.329,0,34.26666667,21.4,4.416666667
6231,360810991001,o_360810991001,6161.577946,890.68,0,37.18333333,15.1,1.5
6232,360810991002,o_360810991002,6079.668064,2089.207,0,51.85,35.25,1.833333333
6233,360810991003,o_360810991003,6926.688946,1655.791,0,50.11666667,28.03333333,3.566666667
6234,360810991004,o_360810991004,7978.874309,939.329,1,45.46666667,15.93333333,7.166666667
6235,360810991005,o_360810991005,8236.021696,1578.838,1,54.13333333,26.73333333,3.5
6236,360810992001,o_360810992001,2772.719005,1431.037,1,27.23333333,24.23333333,8.3
6237,360810992002,o_360810992002,2055.060059,1273.834,0,23.65,21.65,2.383333333
6238,360810997011,o_360810997011,9002.433434,1650.392,1,54.1,27.76666667,6.783333333
6239,360810997012,o_360810997012,6331.86098,1427.679,1,44.26666667,24.13333333,3.366666667
6240,360810997013,o_360810997013,6779.795477,1131.837,1,43.05,19.21666667,4.583333333
6241,360810997031,o_360810997031,7619.401891,2282.823,0,63.96666667,38.51666667,1.116666667
6242,360810997032,o_360810997032,7393.877107,2360.444,0,63.55,39.81666667,1.533333333
6243,360810997033,o_360810997033,7439.964081,615.843,1,39.78333333,10.36666667,6.85
6244,360810997041,o_360810997041,7765.933101,2141.605,0,63.08333333,36.08333333,2
6245,360810997042,o_360810997042,7839.333458,712.064,1,42.66666667,12.1,3.966666667
6246,360810997043,o_360810997043,7975.863915,1536.867,1,53.7,25.95,8.933333333
6247,360810997044,o_360810997044,7537.959081,713.838,1,41.51666667,12.1,5.116666667
6248,360810997045,o_360810997045,7707.908101,2083.58,0,62.15,35.15,2.933333333
6249,360810997051,o_360810997051,7869.15726,3319.417,0,70.15,56.13333333,1.766666667
6250,360810998011,o_360810998011,2462.806059,1681.58,0,30.5,28.5,1.033333333
6251,360810998012,o_360810998012,2802.388005,1460.706,1,27.8,24.8,7.733333333
6252,360810998013,o_360810998013,3064.558059,2283.332,0,40.66666667,38.66666667,3.866666667
6253,360810998014,o_360810998014,3169.772059,2388.546,0,42.58333333,40.58333333,1.95
6254,360810998015,o_360810998015,2796.968005,1455.286,1,27.7,24.7,7.833333333
6255,360810998021,o_360810998021,3143.851059,2362.625,0,41.96666667,39.96666667,2.566666667
6256,360810998022,o_360810998022,3009.311059,2228.085,0,39.73333333,37.73333333,2.3
6257,360810998023,o_360810998023,3312.231002,2641.39,0,46.3,44.8,4.233333333
6258,360810999001,o_360810999001,8977.208973,1162.88,1,54.43333333,19.58333333,8.2
6259,360811008011,o_360811008011,3053.692002,2382.851,0,41.88333333,40.38333333,8.65
6260,360811008012,o_360811008012,3135.970002,2465.129,0,43.36666667,41.86666667,7.166666667
6261,360811008031,o_360811008031,2210.931002,1540.09,0,27.56666667,26.06666667,6.966666667
6262,360811008032,o_360811008032,2353.764002,1682.923,0,30.08333333,28.58333333,4.45
6263,360811008041,o_360811008041,2832.963005,1491.281,1,28.3,25.3,7.233333333
6264,360811008042,o_360811008042,3119.543059,2338.317,0,41.58333333,39.58333333,2.95
6265,360811010021,o_360811010021,3243.978002,2573.137,0,45.21666667,43.71666667,5.316666667
6266,360811010022,o_360811010022,3653.616002,2982.775,0,52.1,50.6,9.433333333
6267,360811010031,o_360811010031,2427.359002,1756.518,0,31.35,29.85,3.183333333
6268,360811010032,o_360811010032,2816.491002,2145.65,0,37.88333333,36.38333333,12.65
6269,360811010033,o_360811010033,3145.918059,2364.692,0,42,40,2.533333333
6270,360811010041,o_360811010041,3059.248002,2388.407,0,41.98333333,40.48333333,8.55
6271,360811010042,o_360811010042,2862.976002,2192.135,0,38.7,37.2,11.83333333
6272,360811010043,o_360811010043,3151.616002,2480.775,0,43.55,42.05,6.983333333
6273,360811010044,o_360811010044,3462.532002,2791.691,0,48.78333333,47.28333333,1.75
6274,360811010045,o_360811010045,3480.524002,2809.683,0,49.15,47.65,1.383333333
6275,360811017001,o_360811017001,6509.923794,1094.448,1,41.23333333,18.56666667,6.4
6276,360811017002,o_360811017002,5980.102711,604.197,1,32.9,10.3,4.733333333
6277,360811017003,o_360811017003,6734.027477,1086.069,1,42.3,18.46666667,5.333333333
6278,360811017004,o_360811017004,6989.027943,1064.308,1,43.03333333,18.05,4.6
6279,360811017005,o_360811017005,6452.234684,409.177,1,32.35,6.966666667,5.283333333
6280,360811017006,o_360811017006,7533.169696,875.986,1,43,14.96666667,4.633333333
6281,360811017007,o_360811017007,7357.61245,1042.502,1,44.21666667,17.6,3.416666667
6282,360811029001,o_360811029001,4233.21269,1515.133,0,36.9,25.66666667,1.783333333
6283,360811029002,o_360811029002,7202.36145,887.251,1,41.71666667,15.1,5.916666667
6284,360811032011,o_360811032011,2473.725002,1802.884,0,32.06666667,30.56666667,2.466666667
6285,360811032012,o_360811032012,2237.541002,1566.7,0,28.13333333,26.63333333,6.4
6286,360811032013,o_360811032013,2534.244002,1863.403,0,33.25,31.75,1.283333333
6287,360811032021,o_360811032021,2605.564002,1934.723,0,34.3,32.8,16.23333333
6288,360811032022,o_360811032022,3081.556002,2410.715,0,42.45,40.95,8.083333333
6289,360811032023,o_360811032023,2805.023002,2134.182,0,37.66666667,36.16666667,12.86666667
6290,360811032024,o_360811032024,2459.589002,1788.748,0,31.81666667,30.31666667,2.716666667
6291,360811033001,o_360811033001,3577.699583,1510.741,0,34.08333333,25.53333333,4.6
6292,360811033002,o_360811033002,3612.511928,1211.487,0,30.36666667,20.43333333,1.75
6293,360811033003,o_360811033003,3564.542551,2178.673,0,42.5,36.76666667,4.616666667
6294,360811033004,o_360811033004,3053.716233,1427.23,0,30.91666667,24.16666667,1.2
6295,360811039001,o_360811039001,4806.892189,1717.99,0,44.83333333,28.91666667,2.566666667
6296,360811039002,o_360811039002,3493.073928,1092.049,0,28.36666667,18.43333333,3.75
6297,360811039003,o_360811039003,4182.361047,1067.61,0,30.91666667,18.05,1.2
6298,360811039004,o_360811039004,5143.284152,1526.47,0,44.28333333,25.7,3.116666667
6299,360811047001,o_360811047001,3034.492233,1408.006,0,30.58333333,23.83333333,1.533333333
6300,360811047002,o_360811047002,2530.044206,1584.174,0,30.7,26.76666667,1.416666667
6301,360811047003,o_360811047003,2547.664064,2207.323,0,38.96666667,37.31666667,3.783333333
6302,360811047004,o_360811047004,3765.983693,355.481,1,24.95,6.016666667,3.733333333
6303,360811047005,o_360811047005,3143.604111,2791.438,0,48.3,47.16666667,3.05
6304,360811059001,o_360811059001,4991.40628,834.24,1,30.18333333,14.13333333,8.5
6305,360811059002,o_360811059002,2680.363551,1294.494,0,27.63333333,21.9,4.483333333
6306,360811059003,o_360811059003,4970.52828,813.362,1,29.76666667,13.71666667,8.916666667
6307,360811059004,o_360811059004,6373.482477,725.524,1,36.1,12.26666667,4.966666667
6308,360811072011,o_360811072011,8271.042675,1968.846,0,46.41666667,33.41666667,6.05
6309,360811072021,o_360811072021,8974.563675,2672.367,0,57.96666667,44.96666667,9
6310,360811085001,o_360811085001,5605.313193,1759.258,1,45.73333333,29.95,6.616666667
6311,360811085002,o_360811085002,5382.739064,1948.437,1,46.88333333,33.15,5.466666667
6312,360811085003,o_360811085003,5667.239963,2825.947,1,58.65,47.9,3.7
6313,360811093001,o_360811093001,7197.479777,3017.231,0,69.53333333,50.81666667,3.983333333
6314,360811093002,o_360811093002,6450.012269,2016.658,0,54.31666667,33.91666667,4.2
6315,360811093003,o_360811093003,6662.470222,438.428,1,34.53333333,7.366666667,5.533333333
6316,360811097001,o_360811097001,6608.620222,384.578,1,33.75,6.583333333,6.316666667
6317,360811097002,o_360811097002,6044.97884,1665.175,1,44.06666667,28.41666667,2.283333333
6318,360811097003,o_360811097003,6268.791069,2190.229,0,55.45,37.01666667,3.066666667
6319,360811099001,o_360811099001,5306.276064,1871.974,1,45.58333333,31.85,6.766666667
6320,360811099002,o_360811099002,4802.543755,2217.39,1,47.18333333,37.7,5.166666667
6321,360811099003,o_360811099003,5028.816963,2187.524,1,47.9,37.15,4.45
6322,360811113001,o_360811113001,6450.526129,1922.018,0,47.23333333,32.46666667,2.833333333
6323,360811113002,o_360811113002,5982.678126,747.722,1,31.71666667,12.73333333,3.35
6324,360811113003,o_360811113003,5753.999672,2106.76,0,52.93333333,35.61666667,1.583333333
6325,360811123001,o_360811123001,5735.200338,1558.371,1,41.18333333,26.55,5.166666667
6326,360811123002,o_360811123002,5237.332838,1527.329,0,32.8,25.8,5.416666667
6327,360811129001,o_360811129001,5994.848126,759.892,1,31.81666667,12.83333333,3.25
6328,360811129002,o_360811129002,4978.107621,2329.567,0,50.43333333,39.31666667,4.083333333
6329,360811129003,o_360811129003,5375.873838,1665.87,0,35.13333333,28.13333333,3.083333333
6330,360811133001,o_360811133001,4762.739755,2177.586,1,46.5,37.01666667,5.85
6331,360811133002,o_360811133002,4133.224171,2463.294,0,47.75,41.8,3.6
6332,360811139001,o_360811139001,6176.247932,1099.61,0,30.28333333,18.6,3.4
6333,360811139002,o_360811139002,4796.437085,576.061,1,26.63333333,9.783333333,4.433333333
6334,360811139003,o_360811139003,3187.712909,2118.068,0,40.15,35.65,2.366666667
6335,360811141001,o_360811141001,5690.050193,1843.995,1,47.33333333,31.55,5.016666667
6336,360811141002,o_360811141002,5488.412064,2054.11,1,48.6,34.86666667,3.75
6337,360811147001,o_360811147001,5398.137551,834.418,1,31.48333333,14.13333333,7.2
6338,360811147002,o_360811147002,2750.155787,1692.029,0,32.88333333,28.53333333,2.183333333
6339,360811151001,o_360811151001,2632.363709,1828.055,0,35.95,30.81666667,3.5
6340,360811155001,o_360811155001,2592.451064,1785.474,0,34.43333333,30.23333333,1.05
6341,360811155002,o_360811155002,2291.355966,1901.223,0,34.15,32.16666667,2.5
6342,360811157001,o_360811157001,2258.777107,1757.694,0,32.35,29.75,3.133333333
6343,360811157002,o_360811157002,2304.316966,1914.184,0,34.35,32.36666667,2.3
6344,360811157003,o_360811157003,2110.170966,1720.038,0,31.13333333,29.15,5.516666667
6345,360811159001,o_360811159001,2508.075206,1562.205,0,30.3,26.36666667,1.816666667
6346,360811159002,o_360811159002,2249.849024,1939.622,0,34.35,32.78333333,2.1
6347,360811159003,o_360811159003,2049.831064,1709.49,0,30.53333333,28.88333333,2.216666667
6348,360811161001,o_360811161001,2726.218524,1380.601,1,29.3,23.26666667,3.816666667
6349,360811161002,o_360811161002,2495.83046,1490.554,1,29.53333333,25.15,3.583333333
6350,360811163011,o_360811163011,1991.991064,1651.65,0,29.61666667,27.96666667,3.133333333
6351,360811163012,o_360811163012,1943.017064,1602.676,0,28.73333333,27.08333333,4.016666667
6352,360811163013,o_360811163013,1791.232064,1450.891,0,26.2,24.55,6.55
6353,360811163021,o_360811163021,1574.433764,1273.496,0,22.88333333,21.36666667,5.266666667
6354,360811163022,o_360811163022,2065.509064,1725.168,0,30.83333333,29.18333333,1.916666667
6355,360811167001,o_360811167001,1556.544709,752.236,0,17.13333333,12.7,5.05
6356,360811171001,o_360811171001,2415.022064,1608.045,0,31.55,27.35,3.933333333
6357,360811171002,o_360811171002,2601.343945,2143.941,0,38.11666667,36.25,4.55
6358,360811171003,o_360811171003,2228.099121,746.554,0,20.76666667,12.6,1.416666667
6359,360811175001,o_360811175001,2736.415787,1678.289,0,32.75,28.4,2.316666667
6360,360811175002,o_360811175002,2454.359787,1396.233,0,27.98333333,23.63333333,2.083333333
6361,360811175003,o_360811175003,3223.195871,1186.451,0,28.31666667,19.96666667,1.75
6362,360811175004,o_360811175004,2957.987871,921.243,0,23.83333333,15.48333333,1.233333333
6363,360811175005,o_360811175005,2935.136871,898.392,0,23.48333333,15.13333333,1.583333333
6364,360811181001,o_360811181001,3448.675171,1778.745,0,36.15,30.2,5.2
6365,360811181002,o_360811181002,3014.118084,2035.5,0,38.48333333,34.48333333,2.866666667
6366,360811185001,o_360811185001,1877.968787,819.842,0,18.2,13.85,1.866666667
6367,360811185002,o_360811185002,2177.695787,1119.569,0,23.25,18.9,1.816666667
6368,360811187001,o_360811187001,1737.136709,932.828,0,20.13333333,15.7,2.05
6369,360811187002,o_360811187002,2324.874966,1934.742,0,34.66666667,32.68333333,1.983333333
6370,360811189001,o_360811189001,2689.736988,584.541,1,18.26666667,9.85,5.416666667
6371,360811189002,o_360811189002,2665.200043,1567.476,0,30.91666667,26.41666667,1.966666667
6372,360811191001,o_360811191001,1835.653787,777.527,0,17.48333333,13.13333333,2.583333333
6373,360811191002,o_360811191002,3423.778452,2297.784,0,43.1,38.73333333,1.183333333
6374,360811193001,o_360811193001,2772.606084,1793.988,0,34.45,30.45,1.9
6375,360811193002,o_360811193002,2788.567945,2331.165,0,41.25,39.38333333,1.416666667
6376,360811195001,o_360811195001,3239.928807,2740.397,0,48.35,46.3,3.183333333
6377,360811199001,o_360811199001,3648.623452,2522.629,0,46.98333333,42.61666667,2.3
6378,360811201001,o_360811201001,1488.015591,1252.608,0,22.55,21.16666667,3.433333333
6379,360811203001,o_360811203001,1846.329973,1273.633,0,24.88333333,21.53333333,1.1
6380,360811203002,o_360811203002,1531.263591,1295.856,0,23.33333333,21.95,2.65
6381,360811205001,o_360811205001,1253.380591,1017.973,0,18.58333333,17.2,3.7
6382,360811205002,o_360811205002,1505.05834,1218.873,0,22.2,20.55,4.633333333
6383,360811207011,o_360811207011,1497.837787,439.711,0,11.81666667,7.466666667,1.55
6384,360811207012,o_360811207012,2091.887787,1033.761,0,21.78333333,17.43333333,1.583333333
6385,360811207021,o_360811207021,1735.293787,677.167,0,15.81666667,11.46666667,2.55
6386,360811211001,o_360811211001,2192.458787,1134.332,0,23.51666667,19.16666667,4.85
6387,360811215001,o_360811215001,4073.224302,1462.17,0,37.48333333,24.6,4.8
6388,360811215002,o_360811215002,2223.732882,639.201,1,17.03333333,10.8,6.9
6389,360811215003,o_360811215003,1959.084756,1377.845,0,25.51666667,23.45,2.516666667
6390,360811223001,o_360811223001,3728.99643,1182.709,1,29.7,20,7.15
6391,360811223002,o_360811223002,3095.224245,1397.044,1,29.73333333,23.6,7.116666667
6392,360811223003,o_360811223003,2959.04091,1604.011,1,33.05,27.06666667,4.5
6393,360811227021,o_360811227021,1960.839281,1550.994,0,28.66666667,26.55,4.016666667
6394,360811227022,o_360811227022,2377.262281,1967.417,0,35.28333333,33.53333333,6.466666667
6395,360811227023,o_360811227023,2548.911281,2139.066,0,38.23333333,36.48333333,3.516666667
6396,360811227024,o_360811227024,2092.762964,756.161,1,18.21666667,12.86666667,5.716666667
6397,360811227025,o_360811227025,1996.673964,660.072,1,16.56666667,11.21666667,7.366666667
6398,360811227031,o_360811227031,3106.069849,1427.999,0,33.9,24.05,1.383333333
6399,360811227032,o_360811227032,2719.367281,2309.522,0,41.4,39.28333333,1.283333333
6400,360811227033,o_360811227033,2996.074281,2586.229,0,46,43.88333333,5.683333333
6401,360811227034,o_360811227034,2816.705442,1978.307,1,36.68333333,33.51666667,6.066666667
6402,360811227035,o_360811227035,2795.084166,2366.531,0,41.55,40.13333333,4.15
6403,360811227041,o_360811227041,2039.428281,1629.583,0,29.73333333,27.61666667,2.95
6404,360811227042,o_360811227042,2364.920281,1955.075,0,34.96666667,33.21666667,6.783333333
6405,360811227043,o_360811227043,2243.165442,1404.767,1,27.43333333,23.9,6.25
6406,360811241001,o_360811241001,2323.752924,1850.714,0,33.45,31.28333333,3.1
6407,360811241002,o_360811241002,1171.679465,828.561,0,15.9,14.05,1.65
6408,360811241003,o_360811241003,1685.386442,846.988,1,18.06666667,14.36666667,6.066666667
6409,360811247001,o_360811247001,2212.736254,1095.883,0,22.26666667,18.56666667,3.583333333
6410,360811247002,o_360811247002,2505.464245,807.284,1,19.85,13.71666667,7
6411,360811247003,o_360811247003,1486.946924,1013.908,0,19.3,17.13333333,2.25
6412,360811257001,o_360811257001,1725.899281,1316.054,0,24.48333333,22.36666667,8.2
6413,360811257002,o_360811257002,1531.442281,1121.597,0,21.26666667,18.98333333,1.866666667
6414,360811257003,o_360811257003,1277.126281,867.281,0,16.95,14.66666667,6.183333333
6415,360811265001,o_360811265001,1658.894442,820.496,1,17.61666667,13.91666667,6.516666667
6416,360811265002,o_360811265002,1209.828281,799.983,0,15.91666667,13.63333333,7.216666667
6417,360811267001,o_360811267001,2335.780254,1218.927,0,24.41666667,20.71666667,1.433333333
6418,360811267002,o_360811267002,1518.696281,1108.851,0,20.98333333,18.7,2.15
6419,360811267003,o_360811267003,1848.323281,1438.478,0,26.51666667,24.4,6.166666667
6420,360811277001,o_360811277001,2413.594924,1940.556,0,34.95,32.78333333,1.6
6421,360811277002,o_360811277002,2365.899254,1249.046,0,24.8,21.1,1.05
6422,360811277003,o_360811277003,3013.274202,1676.182,0,34.08333333,28.45,2.466666667
6423,360811277004,o_360811277004,3261.631265,822.171,1,22.46666667,13.96666667,3.383333333
6424,360811283001,o_360811283001,4162.800738,1347.545,0,32.28333333,22.7,3.566666667
6425,360811291021,o_360811291021,4793.854351,1121.891,0,31.5,18.95,4.35
6426,360811291022,o_360811291022,5412.44694,1453.017,0,37.98333333,24.43333333,1.866666667
6427,360811291023,o_360811291023,4894.243351,1222.28,0,33.23333333,20.68333333,2.616666667
6428,360811291024,o_360811291024,5041.530948,1230.557,0,36.76666667,20.81666667,1.833333333
6429,360811291031,o_360811291031,5210.145385,1538.182,0,38.48333333,25.93333333,1.366666667
6430,360811291032,o_360811291032,5096.626385,1424.663,0,36.61666667,24.06666667,3.233333333
6431,360811291033,o_360811291033,4638.816351,966.853,0,28.91666667,16.36666667,6.933333333
6432,360811291041,o_360811291041,4730.325843,2635.281,0,52.73333333,44.4,1.6
6433,360811291042,o_360811291042,4896.212948,1085.239,0,34.28333333,18.33333333,4.316666667
6434,360811291043,o_360811291043,5331.849101,2445.671,0,52.7,41.23333333,1.633333333
6435,360811291044,o_360811291044,5369.978639,1170.486,0,37.25,19.75,1.35
6436,360811291045,o_360811291045,6010.976814,1927.174,1,48.23333333,32.48333333,4.466666667
6437,360811301001,o_360811301001,4362.15369,1342.313,0,35.5,22.68333333,3.1
6438,360811301002,o_360811301002,4685.627843,2590.583,0,52.05,43.71666667,2.283333333
6439,360811301003,o_360811301003,4487.35869,1467.518,0,37.56666667,24.75,1.033333333
6440,360811301004,o_360811301004,4856.716173,2318.524,0,48.9,39.13333333,2.8
6441,360811333001,o_360811333001,3690.782738,875.527,0,24.4,14.81666667,1.45
6442,360811333002,o_360811333002,2982.355761,889.664,0,22.15,15.06666667,3.7
6443,360811333003,o_360811333003,2983.138761,890.447,0,22.16666667,15.08333333,3.683333333
6444,360811333004,o_360811333004,3238.872479,822.822,0,22.16666667,13.96666667,3.683333333
6445,360811339001,o_360811339001,2117.138254,1000.285,0,20.65,16.95,5.2
6446,360811341001,o_360811341001,4291.11374,1359.094,0,34.55,23,2
6447,360811341002,o_360811341002,2622.77888,1849.075,0,34.81666667,31.26666667,1.733333333
6448,360811341003,o_360811341003,2926.51091,1571.481,1,32.55,26.56666667,5
6449,360811347011,o_360811347011,3616.035209,1401.896,0,32.73333333,23.86666667,3.816666667
6450,360811347012,o_360811347012,4010.600774,1380.536,0,33.78333333,23.36666667,2.766666667
6451,360811347013,o_360811347013,3676.104209,1461.965,0,33.63333333,24.76666667,2.916666667
6452,360811347021,o_360811347021,3977.510479,1561.46,0,34.53333333,26.33333333,1.316666667
6453,360811347022,o_360811347022,4181.896659,2432.354,0,48.18333333,41.01666667,3.366666667
6454,360811347023,o_360811347023,5153.55753,1043.125,1,33.35,17.65,7.5
6455,360811367001,o_360811367001,5407.146172,1588.489,1,41.03333333,26.78333333,11.51666667
6456,360811367002,o_360811367002,5445.25179,1047.947,2,33.23333333,17.76666667,8.616666667
6457,360811367003,o_360811367003,6030.828934,1478.448,1,43.33333333,24.96666667,12.63333333
6458,360811367004,o_360811367004,6334.211934,1116.621,1,40.01666667,18.81666667,8
6459,360811367005,o_360811367005,6538.406934,1320.816,1,43.45,22.25,4.566666667
6460,360811367006,o_360811367006,6746.577628,1202.31,1,42.61666667,20.25,5.4
6461,360811377001,o_360811377001,6686.337628,1142.07,1,41.7,19.33333333,6.316666667
6462,360811377002,o_360811377002,6779.028628,1234.761,1,43.25,20.88333333,4.766666667
6463,360811377003,o_360811377003,5360.879422,3449.019,0,65.18333333,58.1,3.15
6464,360811377004,o_360811377004,6360.020934,1142.43,1,40.43333333,19.23333333,7.583333333
6465,360811385011,o_360811385011,7554.166068,2314.856,1,59.18333333,39.06666667,8.566666667
6466,360811385012,o_360811385012,7142.10749,2108.26,1,54.86666667,35.5,12.88333333
6467,360811385013,o_360811385013,7055.751338,1097.108,1,42.43333333,18.56666667,5.583333333
6468,360811385014,o_360811385014,7385.39649,2351.549,1,58.91666667,39.55,8.833333333
6469,360811385021,o_360811385021,5832.71869,2812.878,0,59.63333333,47.46666667,1.383333333
6470,360811399001,o_360811399001,6147.497054,2368.82,0,54.85,40.03333333,5.116666667
6471,360811399002,o_360811399002,5276.553397,1253.122,0,33.16666667,21.43333333,4.9
6472,360811403001,o_360811403001,4637.392374,1829.702,0,39.85,31.01666667,3.216666667
6473,360811403002,o_360811403002,4360.332629,1939.297,0,40.83333333,32.91666667,2.233333333
6474,360811409011,o_360811409011,4343.766629,1922.731,0,40.55,32.63333333,2.516666667
6475,360811409021,o_360811409021,3320.310243,2077.563,0,39.98333333,35.23333333,3.083333333
6476,360811409022,o_360811409022,3435.384243,2192.637,0,41.93333333,37.18333333,1.133333333
6477,360811417001,o_360811417001,2630.776084,1652.158,0,32.26666667,28.26666667,5.8
6478,360811417002,o_360811417002,2641.568084,1662.95,0,32.28333333,28.28333333,5.783333333
6479,360811417003,o_360811417003,3211.855406,1321.378,1,29.16666667,22.55,9.9
6480,360811417004,o_360811417004,3519.577193,570.973,1,20.65,9.683333333,7.133333333
6481,360811417005,o_360811417005,3346.33443,800.047,1,23.26666667,13.56666667,7
6482,360811429001,o_360811429001,2555.070084,1576.452,0,30.86666667,26.86666667,2.2
6483,360811429002,o_360811429002,2825.988171,1156.058,0,25.66666667,19.71666667,2.4
6484,360811429003,o_360811429003,3139.981243,1897.234,0,36.98333333,32.23333333,1.083333333
6485,360811429004,o_360811429004,2837.453084,1858.835,0,35.65,31.65,2.416666667
6486,360811435001,o_360811435001,4091.175374,1283.485,0,30.68333333,21.85,2.383333333
6487,360811435002,o_360811435002,4192.787374,1385.097,0,32.38333333,23.55,5.683333333
6488,360811441001,o_360811441001,4722.065206,1506.825,0,35.43333333,25.63333333,2.633333333
6489,360811441002,o_360811441002,4471.241206,1256.001,0,31.23333333,21.43333333,1.833333333
6490,360811441003,o_360811441003,4651.643342,1181.262,0,30.58333333,20.16666667,2.483333333
6491,360811441004,o_360811441004,4795.505206,1580.265,0,36.66666667,26.86666667,1.4
6492,360811447001,o_360811447001,4257.274374,1449.584,0,33.5,24.66666667,4.566666667
6493,360811447002,o_360811447002,4012.988374,1205.298,0,29.36666667,20.53333333,3.7
6494,360811451011,o_360811451011,3022.481171,1352.551,0,28.95,23,4.116666667
6495,360811451021,o_360811451021,3749.370629,1328.335,0,30.55,22.63333333,2.516666667
6496,360811451022,o_360811451022,3582.486358,486.392,0,19.61666667,8.266666667,2.166666667
6497,360811459001,o_360811459001,2486.686084,1508.068,0,29.61666667,25.61666667,3.45
6498,360811459002,o_360811459002,2214.762084,1236.144,0,25.1,21.1,2.966666667
6499,360811459003,o_360811459003,2162.428084,1183.81,0,24.26666667,20.26666667,3.8
6500,360811463001,o_360811463001,3836.337065,1679.598,0,37.36666667,28.31666667,1.866666667
6501,360811463002,o_360811463002,3941.690358,845.596,0,25.7,14.35,1.083333333
6502,360811467001,o_360811467001,5105.076838,1395.073,0,30.63333333,23.63333333,4.3
6503,360811467002,o_360811467002,4655.152374,1847.462,0,40.26666667,31.43333333,2.8
6504,360811467003,o_360811467003,4364.854629,1943.819,0,41,33.08333333,2.066666667
6505,360811471001,o_360811471001,5678.73314,280.901,2,23.83333333,4.766666667,8.95
6506,360811471002,o_360811471002,5061.798206,1846.558,0,41.11666667,31.31666667,1.95
6507,360811479001,o_360811479001,4712.997999,4326.028,0,74.63333333,73.06666667,9.583333333
6508,360811479002,o_360811479002,5496.759691,3988.252,0,73.68333333,67.51666667,1.416666667
6509,360811479003,o_360811479003,4962.002999,4575.033,0,78.83333333,77.26666667,5.383333333
6510,360811483001,o_360811483001,5845.898153,3577.191,0,69.93333333,60.4,5.166666667
6511,360811483002,o_360811483002,6037.620153,3768.913,0,73.28333333,63.75,1.816666667
6512,360811483003,o_360811483003,6143.167186,3502.303,0,70.38333333,59.2,4.716666667
6513,360811483004,o_360811483004,5870.823153,3602.116,0,70.38333333,60.85,4.716666667
6514,360811507011,o_360811507011,4240.36749,3711.975,0,64.53333333,62.58333333,3.083333333
6515,360811507012,o_360811507012,4161.257956,3733.541,0,64.63333333,62.85,10.46666667
6516,360811507013,o_360811507013,4466.069956,4038.353,0,69.7,67.91666667,5.45
6517,360811507021,o_360811507021,4300.941956,3873.225,0,66.95,65.16666667,8.2
6518,360811507022,o_360811507022,4046.24549,3517.853,0,61.28333333,59.33333333,6.383333333
6519,360811507023,o_360811507023,3380.529325,2263.025,0,42.83333333,38.26666667,2.316666667
6520,360811507024,o_360811507024,4150.81137,3847.994,0,66.21666667,65,14.68333333
6521,360811529011,o_360811529011,4116.409664,2185.167,0,45.26666667,36.78333333,1.8
6522,360811529012,o_360811529012,5591.56669,2571.726,0,55.46666667,43.3,5.6
6523,360811529013,o_360811529013,3217.781899,2930.157,0,50.18333333,49.33333333,6.183333333
6524,360811529021,o_360811529021,2268.838956,1841.122,0,32.85,31.06666667,12.3
6525,360811529022,o_360811529022,2738.477956,2310.761,0,40.8,39.01666667,4.35
6526,360811529023,o_360811529023,2904.131956,2476.415,0,43.56666667,41.78333333,1.583333333
6527,360811529024,o_360811529024,2520.659956,2092.943,0,37.1,35.31666667,8.05
6528,360811551011,o_360811551011,2092.391868,1864.983,0,32.35,31.4,3.083333333
6529,360811551031,o_360811551031,2780.389956,2352.673,0,41.46666667,39.68333333,3.683333333
6530,360811551032,o_360811551032,2198.986899,1911.362,0,33.08333333,32.23333333,8.283333333
6531,360811551033,o_360811551033,1668.762624,1447.576,0,25.06666667,24.43333333,1.516666667
6532,360811551034,o_360811551034,2017.949319,1765.751,0,31.03333333,29.81666667,1.033333333
6533,360811551041,o_360811551041,1874.406319,1622.208,0,28.56666667,27.35,3.5
6534,360811551042,o_360811551042,1006.303868,778.895,0,14.11666667,13.16666667,1.316666667
6535,360811567001,o_360811567001,3282.2023,913.647,0,25.66666667,15.45,6.4
6536,360811571011,o_360811571011,2681.430427,1416.619,0,29.83333333,24,2.233333333
6537,360811571012,o_360811571012,2541.428427,1276.617,0,27.43333333,21.6,4.633333333
6538,360811571013,o_360811571013,3181.868664,1250.626,0,29.56666667,21.08333333,2.5
6539,360811571014,o_360811571014,2759.758007,1153.848,0,26.68333333,19.5,5.383333333
6540,360811571015,o_360811571015,2988.551007,1382.641,0,30.48333333,23.3,1.583333333
6541,360811571016,o_360811571016,3713.730797,2326.894,0,44.88333333,39.16666667,1.883333333
6542,360811571017,o_360811571017,3756.223797,2369.387,0,45.63333333,39.91666667,1.133333333
6543,360811571018,o_360811571018,3715.736007,2109.826,0,42.63333333,35.45,4.433333333
6544,360811571021,o_360811571021,4159.8293,1791.274,0,40.36666667,30.15,6.7
6545,360811571022,o_360811571022,3585.2323,1216.677,0,30.7,20.48333333,1.366666667
6546,360811579011,o_360811579011,1338.676319,1086.478,0,19.56666667,18.35,12.5
6547,360811579012,o_360811579012,1637.868319,1385.67,0,24.56666667,23.35,7.5
6548,360811579013,o_360811579013,1818.023319,1565.825,0,27.56666667,26.35,4.5
6549,360811579014,o_360811579014,2830.932238,2591.582,0,44.61666667,43.61666667,2.15
6550,360811579015,o_360811579015,2855.229007,2529.722,0,43.8,42.56666667,1.15
6551,360811579016,o_360811579016,1630.569015,1295.509,0,23.2,21.83333333,3.05
6552,360811579021,o_360811579021,1849.643319,1597.445,0,28.15,26.93333333,3.916666667
6553,360811579022,o_360811579022,2072.427307,1401.04,0,26.9,23.65,5.166666667
6554,360811579023,o_360811579023,2280.805307,1609.418,0,30.36666667,27.11666667,1.7
6555,360811579024,o_360811579024,2754.313427,1489.502,0,30.9,25.06666667,1.166666667
6556,360811579025,o_360811579025,2995.703862,2512.573,0,44.33333333,42.33333333,2.433333333
6557,360811579031,o_360811579031,2883.408907,2641.77,0,45.25,44.33333333,3.083333333
6558,360811579032,o_360811579032,3016.545862,2533.415,0,44.68333333,42.68333333,2.083333333
6559,360811579033,o_360811579033,3319.350488,2389.973,0,44.6,40.1,2.466666667
6560,360811579034,o_360811579034,3913.884056,3033.235,0,54.66666667,51.03333333,1.1
6561,360811617001,o_360811617001,4725.313797,3338.477,0,62.06666667,56.35,2.7
6562,360811617002,o_360811617002,3806.925007,2201.015,0,44.16666667,36.98333333,2.9
6563,360811617003,o_360811617003,3866.334007,2260.424,0,45.18333333,38,1.883333333
6564,360811617004,o_360811617004,4506.052491,3410.61,0,61.88333333,57.36666667,2.883333333
6565,360811621001,o_360811621001,5337.848168,3228.803,0,63,54.31666667,1.766666667
6566,360811621002,o_360811621002,5237.47913,1857.437,0,45.6,31.36666667,1.466666667
6567,360811621003,o_360811621003,5539.373552,2944.256,0,60.21666667,49.53333333,4.55
6568,360811621004,o_360811621004,4848.193926,3108.483,0,59.56666667,52.4,5.2
6569,360811621005,o_360811621005,5246.3173,2877.762,0,58.28333333,48.5,2.783333333