,from_id,total_distance,walking_distance,boardings,transfers,travel_time_total,fare,walking_time,wait_time_total
1,o_360810001011,5683.761896,1089.009,2,1,30.43333333,3,18.43333333,8.2
2,o_360810001012,5417.824925,1470.173,2,1,34.8,3,24.8,8.566666667
3,o_360810001021,5589.756896,995.004,2,1,28.86666667,3,16.86666667,9.766666667
4,o_360810001022,5732.928896,1138.176,2,1,31.28333333,3,19.28333333,7.35
5,o_360810001031,4688.543241,1281.593,2,1,30.63333333,3,21.63333333,8
6,o_360810001041,5012.883815,1472.179,2,1,33.83333333,3,24.83333333,9.533333333
7,o_360810002001,11219.26682,1596.471,2,1,50.96666667,3,26.96666667,6.7
8,o_360810002002,10976.86182,1354.066,2,1,46.93333333,3,22.93333333,10.73333333
9,o_360810004001,10678.55948,1670.801,2,1,50.73333333,3,28.23333333,6.933333333
10,o_360810004002,11088.90582,1466.11,2,1,48.8,3,24.8,8.866666667
11,o_360810004003,10847.83292,3241.384,2,1,73.8,3,54.8,9.116666667
12,o_360810006001,11043.57946,1152.925,3,2,44.01666667,3,19.51666667,14.65
13,o_360810006002,11642.14681,1136.455,3,2,45.2,3,19.2,13.46666667
14,o_360810006003,11532.58081,1026.889,3,2,43.41666667,3,17.41666667,15.25
15,o_360810007011,5104.46183,1810.993,2,1,39,3,30.5,9.8
16,o_360810007012,4859.22772,1972.706,2,1,40.83333333,3,33.33333333,7.966666667
17,o_360810007021,4180.437176,2074.771,2,1,40.53333333,3,35.03333333,8.266666667
18,o_360810007022,3945.545241,538.595,2,1,18.15,3,9.15,3.983333333
19,o_360810007023,4492.320271,1732.471,2,1,36.28333333,3,29.28333333,7.083333333
20,o_360810008001,10500.91068,1350.735,3,2,45.36666667,3,22.86666667,13.3
21,o_360810008002,11044.39646,1153.742,3,2,44,3,19.5,14.66666667
22,o_360810010001,10325.08748,1317.329,2,1,44.78333333,3,22.28333333,12.88333333
23,o_360810010002,10611.70348,1603.945,2,1,49.61666667,3,27.11666667,8.05
24,o_360810012001,10491.34348,1483.585,2,1,47.55,3,25.05,10.11666667
25,o_360810012002,10499.36248,1491.604,2,1,47.73333333,3,25.23333333,9.933333333
26,o_360810012003,10537.68648,1529.928,2,1,48.35,3,25.85,9.316666667
27,o_360810014001,9988.976701,1721.697,2,1,49.71666667,3,29.21666667,7.95
28,o_360810014002,10014.40968,864.234,3,2,37.2,3,14.7,10.53333333
29,o_360810014003,9710.672682,560.497,3,2,32.06666667,3,9.566666667,15.66666667
30,o_360810016001,9976.284682,826.109,3,2,36.56666667,3,14.06666667,11.16666667
31,o_360810016002,10283.56768,1133.392,3,2,41.71666667,3,19.21666667,14.01666667
32,o_360810018001,9818.285682,668.11,3,2,33.88333333,3,11.38333333,13.85
33,o_360810018002,5655.549766,1621.245,1,0,39.1,3,27.6,7.716666667
34,o_360810019011,4034.213241,627.263,2,1,19.63333333,3,10.63333333,4.566666667
35,o_360810019021,3434.778874,752.98,1,0,20.28333333,3,12.78333333,2.916666667
36,o_360810019031,3790.784874,1108.986,1,0,26.36666667,3,18.86666667,1.333333333
37,o_360810020001,5514.881524,525.721,2,1,22.83333333,3,8.833333333,8.833333333
38,o_360810022001,9507.35487,990.07,3,2,37.75,3,16.75,9.983333333
39,o_360810022002,9491.02287,973.738,3,2,37.45,3,16.45,7.783333333
40,o_360810024001,4872.084711,515.815,2,1,21.31666667,3,8.816666667,10.35
41,o_360810024002,4834.682711,478.413,2,1,20.55,3,8.05,11.11666667
42,o_360810025001,3567.642213,1754.844,1,0,34.78333333,3,29.78333333,1.416666667
43,o_360810025002,3383.522213,1570.724,1,0,31.7,3,26.7,4.5
44,o_360810025003,3149.871065,1848.587,1,0,34.83333333,3,31.33333333,1.366666667
45,o_360810025004,3666.585874,984.787,1,0,24.25,3,16.75,3.45
46,o_360810025005,3538.292213,1725.494,1,0,34.3,3,29.3,1.9
47,o_360810025006,3881.443874,1199.645,1,0,27.86666667,3,20.36666667,8.333333333
48,o_360810026001,4454.280596,848.974,2,1,24.88333333,3,14.38333333,6.783333333
49,o_360810026002,4646.162711,289.893,2,1,17.4,3,4.9,4.766666667
50,o_360810028001,4636.704954,1235.291,1,0,31.15,3,21.15,7.666666667
51,o_360810028002,5026.940711,670.671,2,1,23.9,3,11.4,7.766666667
52,o_360810030001,5676.694524,687.534,2,1,25.61666667,3,11.61666667,6.05
53,o_360810031001,2396.109065,1094.825,1,0,22.03333333,3,18.53333333,1.166666667
54,o_360810031002,2186.779213,373.981,1,0,11.4,3,6.4,1.8
55,o_360810032001,5997.777524,1008.617,2,1,31.08333333,3,17.08333333,9.083333333
56,o_360810033011,3224.702874,542.904,1,0,16.7,3,9.2,6.5
57,o_360810033021,2808.136065,1506.852,1,0,29.03333333,3,25.53333333,3.166666667
58,o_360810033022,2410.710065,1109.426,1,0,22.33333333,3,18.83333333,5.366666667
59,o_360810034001,6366.221524,1377.061,2,1,37.3,3,23.3,8.366666667
60,o_360810034002,11533.55246,1642.898,3,2,52.31666667,3,27.81666667,12.91666667
61,o_360810036001,6437.570524,1448.41,2,1,38.51666667,3,24.51666667,7.15
62,o_360810036002,11526.74646,1636.092,3,2,52.2,3,27.7,13.03333333
63,o_360810037001,2977.604065,1676.32,1,0,32.08333333,3,28.58333333,4.116666667
64,o_360810038001,5917.356711,1561.087,2,1,38.96666667,3,26.46666667,6.7
65,o_360810038002,6423.311524,1434.151,2,1,38.23333333,3,24.23333333,7.433333333
66,o_360810039001,2934.884065,1633.6,1,0,31.31666667,3,27.81666667,4.883333333
67,o_360810040011,6051.804711,1695.535,2,1,41.23333333,3,28.73333333,4.433333333
68,o_360810040012,6526.154524,1536.994,2,1,39.93333333,3,25.93333333,5.733333333
69,o_360810040021,6335.276711,1979.007,2,1,45.96666667,3,33.46666667,9.7
70,o_360810042001,7136.2523,1406.613,2,1,39.73333333,3,23.73333333,5.933333333
71,o_360810042002,7165.014542,2390.231,1,0,54.1,3,40.6,8.716666667
72,o_360810042003,11861.71346,1971.059,3,2,57.83333333,3,33.33333333,11.4
73,o_360810043001,2240.83097,1593.73,1,0,29.05,3,27.05,3.15
74,o_360810043002,2616.643065,1315.359,1,0,25.83333333,3,22.33333333,1.866666667
75,o_360810044011,7621.8243,1892.185,2,1,47.96666667,3,31.96666667,7.7
76,o_360810044012,14856.33816,1451.564,2,1,42.66666667,6.25,24.66666667,14
77,o_360810045001,2188.83997,1541.739,1,0,28.13333333,3,26.13333333,8.066666667
78,o_360810045002,1966.54397,1319.443,1,0,24.31666667,3,22.31666667,3.383333333
79,o_360810045003,1852.77497,1205.674,1,0,22.46666667,3,20.46666667,5.233333333
80,o_360810047001,1789.37097,1142.27,1,0,21.38333333,3,19.38333333,1.816666667
81,o_360810047002,2369.677065,1068.393,1,0,21.63333333,3,18.13333333,1.566666667
82,o_360810050001,15878.82543,1243.522,2,1,42.1,6.25,21.1,14.56666667
83,o_360810051001,1847.391065,546.107,1,0,12.78333333,3,9.283333333,10.41666667
84,o_360810051002,2097.198065,795.914,1,0,17.03333333,3,13.53333333,6.166666667
85,o_360810052001,6794.183766,2759.879,1,0,58.38333333,3,46.88333333,4.433333333
86,o_360810052002,7425.4523,1695.813,2,1,44.63333333,3,28.63333333,11.03333333
87,o_360810053001,1307.02997,659.929,1,0,13.23333333,3,11.23333333,9.966666667
88,o_360810053002,1459.68097,812.58,1,0,15.85,3,13.85,7.35
89,o_360810053003,1524.80897,877.708,1,0,16.9,3,14.9,6.3
90,o_360810053004,1645.13997,998.039,1,0,18.88333333,3,16.88333333,4.316666667
91,o_360810054001,6836.710524,1847.55,2,1,45.16666667,3,31.16666667,10.5
92,o_360810054002,16004.56843,1369.265,2,1,44.23333333,6.25,23.23333333,12.43333333
93,o_360810054003,7704.9063,1975.267,2,1,49.31666667,3,33.31666667,6.35
94,o_360810054004,6979.632524,1990.472,2,1,47.58333333,3,33.58333333,8.083333333
95,o_360810055001,2160.965065,859.681,1,0,18.08333333,3,14.58333333,5.116666667
96,o_360810057001,1719.95397,1072.853,1,0,20.13333333,3,18.13333333,3.066666667
97,o_360810057002,1364.58297,717.482,1,0,14.16666667,3,12.16666667,9.033333333
98,o_360810057003,2156.587065,855.303,1,0,18.01666667,3,14.51666667,5.183333333
99,o_360810058001,16233.33243,1598.029,2,1,48.1,6.25,27.1,8.566666667
100,o_360810058002,7837.697797,3365.127,2,1,69.71666667,3,57.18333333,5.7
101,o_360810058003,16200.57743,1565.274,2,1,47.51666667,6.25,26.51666667,9.15
102,o_360810058004,15636.64024,1639.231,2,1,47.31666667,6.25,27.81666667,9.35
103,o_360810059001,1529.47097,882.37,1,0,17.05,3,15.05,6.15
104,o_360810059002,1293.57497,646.474,1,0,13,3,11,10.2
105,o_360810059003,1114.28697,467.186,1,0,9.933333333,3,7.933333333,3.266666667
106,o_360810061001,1158.91797,511.817,1,0,10.71666667,3,8.716666667,2.483333333
107,o_360810061002,1315.24597,668.145,1,0,13.33333333,3,11.33333333,9.866666667
108,o_360810061003,1472.56497,825.464,1,0,16.01666667,3,14.01666667,7.183333333
109,o_360810061004,1630.71897,983.618,1,0,18.7,3,16.7,4.5
110,o_360810062011,16546.39016,3141.616,2,1,71.05,6.25,53.05,11.11666667
111,o_360810062012,17196.98643,2561.683,2,1,64.33333333,6.25,43.33333333,11.26666667
112,o_360810062013,17286.24143,2650.938,2,1,65.88333333,6.25,44.88333333,9.716666667
113,o_360810062021,8085.097701,3184.231,1,0,65.56666667,3,54.06666667,1.633333333
114,o_360810062022,8463.879766,4429.575,1,0,84.01666667,3,75.01666667,1.233333333
115,o_360810062023,8877.930542,4103.147,1,0,80.63333333,3,69.63333333,4.616666667
116,o_360810062024,15982.69416,2577.92,2,1,61.71666667,6.25,43.71666667,13.88333333
117,o_360810062025,16162.80916,2758.035,2,1,64.73333333,6.25,46.73333333,10.86666667
118,o_360810062026,16259.23316,2854.459,2,1,66.38333333,6.25,48.38333333,9.216666667
119,o_360810062027,16857.20816,3452.434,2,1,76.41666667,6.25,58.41666667,14.68333333
120,o_360810063001,1782.582941,488.381,2,1,11.78333333,3,8.283333333,5.85
121,o_360810063002,1619.524304,1125.015,1,0,19.98333333,3,18.98333333,1.95
122,o_360810063003,1778.453304,1283.944,1,0,22.7,3,21.7,2.733333333
123,o_360810063004,1938.414304,1443.905,1,0,25.45,3,24.45,4.483333333
124,o_360810065011,1653.290304,1158.781,1,0,20.6,3,19.6,1.333333333
125,o_360810065012,1095.812304,601.303,1,0,11.71666667,3,10.21666667,5.416666667
126,o_360810065013,1461.811304,967.302,1,0,17.9,3,16.4,7.233333333
127,o_360810065021,1888.952304,1394.443,1,0,24.6,3,23.6,5.333333333
128,o_360810065022,1430.378304,935.869,1,0,17.36666667,3,15.86666667,7.766666667
129,o_360810065023,1472.421304,977.912,1,0,18.15,3,16.65,6.983333333
130,o_360810069001,1217.440304,722.931,1,0,13.81666667,3,12.31666667,3.316666667
131,o_360810069002,1524.329304,1029.82,1,0,18.98333333,3,17.48333333,6.15
132,o_360810069003,1177.688304,683.179,1,0,13.06666667,3,11.56666667,4.066666667
133,o_360810071001,2042.240304,1547.731,1,0,27.2,3,26.2,2.733333333
134,o_360810071002,1819.682304,1325.173,1,0,23.45,3,22.45,1.983333333
135,o_360810071003,1531.381304,1036.872,1,0,19.11666667,3,17.61666667,6.016666667
136,o_360810071004,1796.007941,501.806,2,1,12.05,3,8.55,5.583333333
137,o_360810073001,1639.462304,1144.953,1,0,20.36666667,3,19.36666667,1.566666667
138,o_360810073002,1793.192304,1298.683,1,0,22.91666667,3,21.91666667,2.516666667
139,o_360810073003,1874.032304,1379.523,1,0,24.26666667,3,23.26666667,1.166666667
140,o_360810075001,1552.01197,904.911,1,0,17.35,3,15.35,3.783333333
141,o_360810075002,1379.98097,732.88,1,0,14.45,3,12.45,2.183333333
142,o_360810075003,1263.88097,616.78,1,0,12.46666667,3,10.46666667,4.166666667
143,o_360810077001,1867.72997,1220.629,1,0,22.65,3,20.65,2.983333333
144,o_360810079001,2154.698304,1660.189,1,0,29.13333333,3,28.13333333,5.3
145,o_360810079002,2302.606304,1808.097,1,0,31.48333333,3,30.48333333,2.95
146,o_360810081001,2562.246304,2067.737,1,0,35.85,3,34.85,2.583333333
147,o_360810083001,2369.710304,1875.201,1,0,32.7,3,31.7,1.733333333
148,o_360810083002,2327.360304,1832.851,1,0,32.01666667,3,31.01666667,2.416666667
149,o_360810085001,2794.594065,1493.31,1,0,28.93333333,3,25.43333333,4.7
150,o_360810085002,3341.179213,1528.381,1,0,30.91666667,3,25.91666667,2.716666667
151,o_360810086001,16450.72883,1167.68,2,1,42.33333333,6.25,19.83333333,7.766666667
152,o_360810086002,5582.573777,3425.976,1,0,62.91666667,3,57.91666667,4.283333333
153,o_360810087001,2481.004304,1986.495,1,0,35.21666667,3,33.71666667,1.416666667
154,o_360810087002,2430.541304,1936.032,1,0,34.26666667,3,32.76666667,2.366666667
155,o_360810087003,2434.264304,1939.755,1,0,34.33333333,3,32.83333333,2.3
156,o_360810088001,18057.24645,1447.606,2,1,51.05,6.25,24.55,15.55
157,o_360810088002,7990.203524,3001.043,2,1,62.18333333,3,50.68333333,8.416666667
158,o_360810091001,2556.239304,2061.73,1,0,36.35,3,34.85,3.783333333
159,o_360810091002,1855.244304,1360.735,1,0,24.53333333,3,23.03333333,5.1
160,o_360810094001,16836.74881,1012.647,2,1,41.2,6.25,17.2,8.9
161,o_360810094002,5990.647954,2589.234,1,0,53.98333333,3,43.98333333,2.266666667
162,o_360810095001,1278.958304,784.449,1,0,14.85,3,13.35,2.283333333
163,o_360810095002,1598.575304,1104.066,1,0,20.2,3,18.7,4.933333333
164,o_360810096001,3901.585849,3128.842,1,0,54.31666667,3,52.81666667,6.383333333
165,o_360810096002,3973.866849,3201.123,1,0,55.63333333,3,54.13333333,5.066666667
166,o_360810097001,2451.174719,1234.357,1,0,23.95,3,20.95,1.183333333
167,o_360810097002,1914.413304,1419.904,1,0,25.56666667,3,24.06666667,4.066666667
168,o_360810097003,1706.239304,1211.73,1,0,22.01666667,3,20.51666667,3.116666667
169,o_360810097004,1550.971304,1056.462,1,0,19.41666667,3,17.91666667,5.716666667
170,o_360810098001,4868.704989,2990.998,1,0,54.75,3,50.75,1.5
171,o_360810098002,5301.538838,2651.088,1,0,52.86666667,3,44.86666667,3.383333333
172,o_360810099001,2127.852304,1633.343,1,0,29.13333333,3,27.63333333,2.5
173,o_360810100001,5998.916596,2393.61,2,1,50.16666667,3,40.16666667,7.433333333
174,o_360810100002,5413.763838,2763.313,1,0,54.71666667,3,46.71666667,1.533333333
175,o_360810101001,2503.096719,1286.279,1,0,24.95,3,21.95,4.683333333
176,o_360810101002,2123.559719,906.742,1,0,18.41666667,3,15.41666667,6.716666667
177,o_360810102001,6386.420869,3297.704,2,1,64.6,3,55.56666667,4.25
178,o_360810102002,5604.10302,3288.13,2,1,62.06666667,3,55.53333333,6.783333333
179,o_360810103001,2820.525416,2098.217,1,0,36.95,3,35.45,5.983333333
180,o_360810103002,2576.966719,1360.149,1,0,26.1,3,23.1,3.533333333
181,o_360810103003,2366.066719,1149.249,1,0,22.48333333,3,19.48333333,2.65
182,o_360810103004,2167.361719,950.544,1,0,19.1,3,16.1,6.033333333
183,o_360810104001,5391.752838,2741.302,1,0,54.31666667,3,46.31666667,1.933333333
184,o_360810104002,5375.430989,3497.724,1,0,63.21666667,3,59.21666667,1.533333333
185,o_360810105001,3170.762719,1953.945,1,0,36.1,3,33.1,4.033333333
186,o_360810105002,2877.331416,2155.023,1,0,37.9,3,36.4,5.033333333
187,o_360810105003,2733.760719,1516.943,1,0,28.63333333,3,25.63333333,3
188,o_360810105004,2476.019719,1259.202,1,0,24.3,3,21.3,5.333333333
189,o_360810106001,4516.410989,2638.704,1,0,48.71666667,3,44.71666667,7.533333333
190,o_360810106002,5035.321989,3157.615,1,0,57.4,3,53.4,7.35
191,o_360810107011,2987.809719,1770.992,1,0,32.81666667,3,29.81666667,3.816666667
192,o_360810108001,4865.242596,1259.936,2,1,31.7,3,21.2,7.4
193,o_360810108002,4789.762989,2912.056,1,0,53.4,3,49.4,2.85
194,o_360810110001,4911.441596,1306.135,2,1,32.65,3,22.15,6.45
195,o_360810110002,5104.718838,2454.268,1,0,49.61666667,3,41.61666667,6.633333333
196,o_360810111001,2256.526719,1039.709,1,0,20.58333333,3,17.58333333,4.55
197,o_360810111002,2283.332719,1066.515,1,0,21,3,18,4.133333333
198,o_360810112001,5348.144838,2697.694,1,0,53.83333333,3,45.83333333,2.416666667
199,o_360810112002,5841.078954,2439.665,1,0,51.46666667,3,41.46666667,4.783333333
200,o_360810113001,1983.136719,766.319,1,0,15.95,3,12.95,1.183333333
201,o_360810113002,1981.434719,764.617,1,0,15.93333333,3,12.93333333,1.2
202,o_360810113003,2252.963719,1036.146,1,0,20.53333333,3,17.53333333,4.6
203,o_360810114001,5379.341711,1023.072,2,1,29.85,3,17.35,9.25
204,o_360810115001,1854.592719,637.775,1,0,13.81666667,3,10.81666667,3.316666667
205,o_360810115002,1796.368719,579.551,1,0,12.81666667,3,9.816666667,4.316666667
206,o_360810116001,4829.179596,1223.873,2,1,31.15,3,20.65,7.95
207,o_360810116002,5501.563711,1145.294,2,1,31.9,3,19.4,7.2
208,o_360810117001,1978.282719,761.465,1,0,15.88333333,3,12.88333333,1.25
209,o_360810117002,1826.208304,1331.699,1,0,24.11666667,3,22.61666667,1.016666667
210,o_360810117003,2004.552431,1309.074,1,0,25.11666667,3,22.13333333,4.366666667
211,o_360810117004,1456.812304,962.303,1,0,17.93333333,3,16.43333333,2.2
212,o_360810118001,4473.903747,1641.341,2,1,34.26666667,3,27.76666667,4.833333333
213,o_360810118002,4641.693596,1036.387,2,1,27.95,3,17.45,11.15
214,o_360810119001,1980.981431,1285.503,1,0,24.71666667,3,21.73333333,4.766666667
215,o_360810119002,2060.378431,1364.9,1,0,26.08333333,3,23.1,3.4
216,o_360810120001,4104.674747,1272.112,2,1,27.93333333,3,21.43333333,11.16666667
217,o_360810120002,4337.270747,1504.708,2,1,31.85,3,25.35,7.25
218,o_360810121001,2640.119719,1423.302,1,0,27.13333333,3,24.13333333,4.5
219,o_360810121002,2392.001719,1175.184,1,0,22.93333333,3,19.93333333,2.2
220,o_360810122001,3575.988747,743.426,2,1,19.05,3,12.55,6.05
221,o_360810122002,3610.970989,1733.264,1,0,33.56666667,3,29.56666667,6.683333333
222,o_360810123011,2848.693719,1631.876,1,0,30.56666667,3,27.56666667,4.366666667
223,o_360810123012,2889.905431,2194.427,1,0,40.03333333,3,37.05,2.75
224,o_360810123013,2969.848431,2274.37,1,0,41.45,3,38.46666667,1.333333333
225,o_360810124001,4120.878596,515.572,2,1,19.2,3,8.7,9.2
226,o_360810124002,3905.946838,1255.496,1,0,29.4,3,21.4,6.15
227,o_360810125001,1219.591304,725.082,1,0,13.86666667,3,12.36666667,6.566666667
228,o_360810125002,1087.255304,592.746,1,0,11.58333333,3,10.08333333,1.85
229,o_360810126011,4137.172596,531.866,2,1,19.45,3,8.95,8.95
230,o_360810126012,4233.709838,1583.259,1,0,34.96666667,3,26.96666667,8.583333333
231,o_360810126021,4886.763711,530.494,2,1,21.43333333,3,8.933333333,6.966666667
232,o_360810126022,4503.699838,1853.249,1,0,39.55,3,31.55,4
233,o_360810128001,4063.951989,2186.245,1,0,41.41666667,3,37.41666667,2.133333333
234,o_360810128002,4086.482596,481.176,2,1,18.66666667,3,8.166666667,9.733333333
235,o_360810130001,4209.939596,604.633,2,1,20.73333333,3,10.23333333,7.666666667
236,o_360810130002,3805.500838,1155.05,1,0,27.75,3,19.75,7.8
237,o_360810132001,3542.071747,709.509,2,1,18.51666667,3,12.01666667,9.883333333
238,o_360810132002,3380.704989,1502.998,1,0,29.7,3,25.7,5.85
239,o_360810134001,3537.384355,2459.906,1,0,43.56666667,3,41.56666667,1.533333333
240,o_360810134002,3340.522355,2263.044,1,0,40.31666667,3,38.31666667,4.783333333
241,o_360810134003,3740.127989,1862.421,1,0,35.71666667,3,31.71666667,7.833333333
242,o_360810134004,3600.528747,767.966,2,1,19.51666667,3,13.01666667,8.883333333
243,o_360810135001,2690.706431,1995.228,1,0,36.71666667,3,33.73333333,6.066666667
244,o_360810136001,3209.498617,1332.689,1,0,25.56666667,3,22.56666667,1.333333333
245,o_360810136002,3159.370617,1282.561,1,0,24.73333333,3,21.73333333,2.166666667
246,o_360810137001,2039.290431,1343.812,1,0,25.83333333,3,22.85,6.95
247,o_360810138001,2759.445617,882.636,1,0,17.95,3,14.95,1.45
248,o_360810138002,3214.689617,1337.88,1,0,25.56666667,3,22.56666667,1.333333333
249,o_360810140001,3271.452747,438.89,2,1,13.9,3,7.4,5
250,o_360810140002,3307.394989,1429.688,1,0,28.36666667,3,24.36666667,7.183333333
251,o_360810141001,1618.608304,1124.099,1,0,20.71666667,3,19.21666667,7.716666667
252,o_360810141002,2198.782431,1503.304,1,0,28.43333333,3,25.45,4.35
253,o_360810142011,3218.339989,1340.633,1,0,26.93333333,3,22.93333333,8.616666667
254,o_360810142012,3239.020989,1361.314,1,0,27.2,3,23.2,8.35
255,o_360810142021,2229.084758,1274.229,1,0,24.28333333,3,21.78333333,7.266666667
256,o_360810142022,2169.735543,1866.185,1,0,33.85,3,31.83333333,4.366666667
257,o_360810143001,2219.996431,1524.518,1,0,28.83333333,3,25.85,3.95
258,o_360810143002,1986.342431,1290.864,1,0,24.88333333,3,21.9,7.9
259,o_360810144001,3557.050747,724.488,2,1,18.66666667,3,12.16666667,9.733333333
260,o_360810145001,2664.595431,1969.117,1,0,36.28333333,3,33.3,6.5
261,o_360810145002,2377.175431,1681.697,1,0,31.51666667,3,28.53333333,1.266666667
262,o_360810147001,2926.432431,2230.954,1,0,40.75,3,37.76666667,2.033333333
263,o_360810147002,2403.746304,1909.237,1,0,33.35,3,32.35,4.383333333
264,o_360810147003,2216.008304,1721.499,1,0,30.13333333,3,29.13333333,3.1
265,o_360810148001,2700.840758,1745.985,1,0,31.96666667,3,29.46666667,3.933333333
266,o_360810149001,2331.431304,1836.922,1,0,32.31666667,3,31.31666667,5.416666667
267,o_360810149002,2138.057304,1643.548,1,0,28.95,3,27.95,4.283333333
268,o_360810150001,2459.210758,1504.355,1,0,27.9,3,25.4,3
269,o_360810150002,4096.389747,1263.827,2,1,27.78333333,3,21.28333333,9.116666667
270,o_360810151001,2728.806304,2234.297,1,0,39.16666667,3,38.16666667,2.566666667
271,o_360810151002,2530.023304,2035.514,1,0,35.75,3,34.75,1.983333333
272,o_360810152001,2190.489758,1235.634,1,0,23.38333333,3,20.88333333,4.016666667
273,o_360810152002,2452.720758,1497.865,1,0,27.81666667,3,25.31666667,3.083333333
274,o_360810153001,2331.29297,1684.192,1,0,30.61666667,3,28.61666667,2.316666667
275,o_360810153002,2106.82797,1459.727,1,0,26.76666667,3,24.76666667,6.166666667
276,o_360810154001,2604.082758,1649.227,1,0,30.31666667,3,27.81666667,5.583333333
277,o_360810154002,4240.053747,1407.491,2,1,30.21666667,3,23.71666667,6.683333333
278,o_360810155001,1957.62497,1310.524,1,0,24.21666667,3,22.21666667,8.716666667
279,o_360810155002,1845.44797,1198.347,1,0,22.33333333,3,20.33333333,2.1
280,o_360810156001,5519.283234,1765.664,2,1,35.78333333,3,29.78333333,5.116666667
281,o_360810156002,4431.475747,1598.913,2,1,33.45,3,26.95,8.95
282,o_360810157001,2115.45597,1468.355,1,0,26.85,3,24.85,2.083333333
283,o_360810158011,2675.751758,1720.896,1,0,31.85,3,29.35,4.05
284,o_360810158012,3020.832758,2065.977,1,0,37.73333333,3,35.23333333,3.666666667
285,o_360810158013,2814.969031,2376.703,1,0,43.16666667,3,40.63333333,1.983333333
286,o_360810158021,3033.471758,2078.616,1,0,38,3,35.5,3.4
287,o_360810158022,3361.377758,2406.522,1,0,43.53333333,3,41.03333333,2.866666667
288,o_360810158023,4647.174747,1814.612,2,1,37.08333333,3,30.58333333,5.316666667
289,o_360810159001,1927.28997,1280.189,1,0,23.85,3,21.85,9.083333333
290,o_360810159002,2204.93097,1557.83,1,0,28.41666667,3,26.41666667,4.516666667
291,o_360810159003,2320.61097,1673.51,1,0,30.43333333,3,28.43333333,2.5
292,o_360810159004,2084.23697,1437.136,1,0,26.55,3,24.55,6.383333333
293,o_360810161001,2282.67797,1635.577,1,0,29.93333333,3,27.93333333,3
294,o_360810161002,4518.760207,967.423,2,1,24.95,3,16.45,8.983333333
295,o_360810163001,2924.368304,2429.859,1,0,42.2,3,41.2,3.533333333
296,o_360810163002,4613.064207,1061.727,2,1,26.58333333,3,18.08333333,7.35
297,o_360810163003,4677.990207,1126.653,2,1,27.7,3,19.2,6.233333333
298,o_360810164001,3285.317758,2330.462,1,0,42.18333333,3,39.68333333,4.216666667
299,o_360810164002,3611.137758,2656.282,1,0,47.71666667,3,45.21666667,3.683333333
300,o_360810166001,5101.247747,2268.685,2,1,44.65,3,38.15,7.75
301,o_360810166002,4262.905758,3308.05,1,0,58.78333333,3,56.28333333,1.116666667
302,o_360810168001,3899.695758,2944.84,1,0,52.58333333,3,50.08333333,1.816666667
303,o_360810168002,4250.037758,3295.182,1,0,58.48333333,3,55.98333333,1.416666667
304,o_360810169001,6425.481596,1089.036,2,1,32.01666667,3,18.51666667,9.916666667
305,o_360810169002,5793.773416,980.262,2,1,29.05,3,16.55,12.88333333
306,o_360810169003,6213.231596,876.786,2,1,28.36666667,3,14.86666667,5.566666667
307,o_360810169004,6097.292596,760.847,2,1,26.35,3,12.85,7.583333333
308,o_360810170001,3206.867758,2252.012,1,0,40.78333333,3,38.28333333,5.616666667
309,o_360810170002,3503.427758,2548.572,1,0,45.88333333,3,43.38333333,5.516666667
310,o_360810171011,3115.588213,1302.79,1,0,26.96666667,3,21.96666667,5.966666667
311,o_360810171021,2759.586065,1458.302,1,0,28.35,3,24.85,4.583333333
312,o_360810172001,3686.023758,2731.168,1,0,48.95,3,46.45,2.45
313,o_360810172002,3446.501758,2491.646,1,0,44.81666667,3,42.31666667,1.583333333
314,o_360810174001,3555.866758,2601.011,1,0,46.6,3,44.1,4.8
315,o_360810174002,3893.119758,2938.264,1,0,52.43333333,3,49.93333333,1.966666667
316,o_360810176001,4100.432758,3145.577,1,0,55.91666667,3,53.41666667,3.983333333
317,o_360810176002,3709.361031,3271.095,1,0,58.01666667,3,55.48333333,1.816666667
318,o_360810178001,4299.862306,4128.364,1,0,71.23333333,3,70.2,1.616666667
319,o_360810178002,3982.377758,3027.522,1,0,53.75,3,51.25,2.833333333
320,o_360810179011,4580.226963,839.615,2,1,24.3,3,14.3,6.316666667
321,o_360810179021,4122.941963,382.33,2,1,16.5,3,6.5,14.11666667
322,o_360810180001,4199.653031,3761.387,1,0,66.23333333,3,63.7,1.6
323,o_360810181011,4990.811284,654.01,2,1,22.6,3,11.1,8.016666667
324,o_360810181012,4807.849284,471.048,2,1,19.51666667,3,8.016666667,11.1
325,o_360810181013,4808.714284,471.913,2,1,19.5,3,8,11.11666667
326,o_360810181021,4976.873284,640.072,2,1,22.33333333,3,10.83333333,8.283333333
327,o_360810181022,4924.863284,588.062,2,1,21.46666667,3,9.966666667,9.15
328,o_360810181023,5055.009284,718.208,2,1,23.66666667,3,12.16666667,6.95
329,o_360810182001,4572.175502,4211.978,1,0,72.86666667,3,71.28333333,1.983333333
330,o_360810182002,4047.407031,3609.141,1,0,63.65,3,61.11666667,4.183333333
331,o_360810183001,5846.547416,1033.036,2,1,30,3,17.5,8.616666667
332,o_360810183002,5261.950284,925.149,2,1,27.18333333,3,15.68333333,11.43333333
333,o_360810183003,5426.154416,612.643,2,1,22.88333333,3,10.38333333,7.733333333
334,o_360810183004,5063.362284,726.561,2,1,23.81666667,3,12.31666667,6.8
335,o_360810183005,5431.935416,618.424,2,1,23,3,10.5,7.616666667
336,o_360810184011,4552.971502,4192.774,1,0,72.65,3,71.06666667,2.2
337,o_360810184021,3802.627306,3631.129,1,0,62.76666667,3,61.73333333,3.083333333
338,o_360810184022,4066.420031,3628.154,1,0,63.96666667,3,61.43333333,3.866666667
339,o_360810185011,5309.967284,973.166,2,1,27.98333333,3,16.48333333,10.63333333
340,o_360810185012,5428.461284,1091.66,2,1,29.96666667,3,18.46666667,8.65
341,o_360810185013,5756.334416,942.823,2,1,28.51666667,3,16.01666667,10.1
342,o_360810185021,5120.114284,783.313,2,1,24.73333333,3,13.23333333,5.883333333
343,o_360810185022,5549.448416,735.937,2,1,25,3,12.5,5.616666667
344,o_360810185023,5230.454284,893.653,2,1,26.61666667,3,15.11666667,12
345,o_360810186001,3843.338306,3671.84,1,0,63.4,3,62.36666667,2.45
346,o_360810187001,6090.443416,1276.932,2,1,34.16666667,3,21.66666667,9.45
347,o_360810187002,5620.592284,1283.791,2,1,33.18333333,3,21.68333333,10.43333333
348,o_360810187003,5250.319963,1509.708,2,1,35.48333333,3,25.48333333,8.133333333
349,o_360810188001,3625.971758,2671.116,1,0,47.81666667,3,45.31666667,3.266666667
350,o_360810189001,5111.857284,775.056,2,1,24.58333333,3,13.08333333,6.033333333
351,o_360810189002,4819.169963,1078.558,2,1,28.21666667,3,18.21666667,10.4
352,o_360810189003,5423.926284,1087.125,2,1,29.83333333,3,18.33333333,8.783333333
353,o_360810190001,3207.216758,2252.361,1,0,40.68333333,3,38.18333333,2.4
354,o_360810190002,3153.966758,2199.111,1,0,39.88333333,3,37.38333333,3.2
355,o_360810192001,3458.087758,2503.232,1,0,44.95,3,42.45,3.133333333
356,o_360810192002,3200.363758,2245.508,1,0,40.61666667,3,38.11666667,2.466666667
357,o_360810194001,3126.783758,2171.928,1,0,39.45,3,36.95,3.633333333
358,o_360810194002,3072.336758,2117.481,1,0,38.45,3,35.95,4.633333333
359,o_360810196001,2653.132758,1698.277,1,0,31.25,3,28.75,1.333333333
360,o_360810196002,2645.958758,1691.103,1,0,31.3,3,28.8,1.283333333
361,o_360810198001,2068.872758,1114.017,1,0,21.53333333,3,19.03333333,2.55
362,o_360810198002,2342.676758,1387.821,1,0,26.15,3,23.65,1.433333333
363,o_360810198003,2340.250758,1385.395,1,0,26.01666667,3,23.51666667,1.566666667
364,o_360810199011,5362.798963,1622.187,2,1,37.48333333,3,27.48333333,11.13333333
365,o_360810199012,4681.869963,941.258,2,1,25.91666667,3,15.91666667,8.7
366,o_360810199021,6128.916785,1941.111,2,1,43.75,3,32.75,4.866666667
367,o_360810199022,4606.820874,1925.022,1,0,40.11666667,3,32.61666667,2.5
368,o_360810199031,5673.297963,1932.686,2,1,42.63333333,3,32.63333333,9.483333333
369,o_360810202001,2582.520758,1627.665,1,0,30.26666667,3,27.76666667,2.316666667
370,o_360810204001,2166.65469,1574.367,1,0,29.91666667,3,26.86666667,1.916666667
371,o_360810204002,2137.271031,1699.005,1,0,31.4,3,28.86666667,1.433333333
372,o_360810205001,7024.137416,2210.626,2,1,49.8,3,37.3,7.316666667
373,o_360810205002,4554.965193,1558.336,1,0,33.78333333,3,26.28333333,2.65
374,o_360810206001,1978.905758,1024.05,1,0,19.78333333,3,17.28333333,4.3
375,o_360810208001,1542.159758,587.304,1,0,12.41666667,3,9.916666667,2.166666667
376,o_360810208002,1552.091758,597.236,1,0,12.63333333,3,10.13333333,1.95
377,o_360810212001,1210.503758,255.648,1,0,6.866666667,3,4.366666667,2.716666667
378,o_360810212002,1126.923543,823.373,1,0,16.1,3,14.08333333,8.8
379,o_360810214001,1294.817587,958.247,1,0,18.51666667,3,16.26666667,2.516666667
380,o_360810214002,1243.930587,907.36,1,0,17.65,3,15.4,3.383333333
381,o_360810214003,1038.775012,607.16,1,0,13.28333333,3,10.35,4.716666667
382,o_360810216011,2345.522617,468.713,1,0,10.96666667,3,7.966666667,5.116666667
383,o_360810216012,1782.972676,1443.564,1,0,26.15,3,24.48333333,3.783333333
384,o_360810216013,2123.951575,1784.532,1,0,32.55,3,30.21666667,1.616666667
385,o_360810216021,2212.792758,1257.937,1,0,24,3,21.5,4.233333333
386,o_360810216031,3276.901972,322.614,2,1,10.43333333,3,5.433333333,6.65
387,o_360810216032,1595.122587,1258.552,1,0,23.58333333,3,21.33333333,7.45
388,o_360810219001,5388.158955,2298.299,2,1,54.88333333,3,38.85,6.6
389,o_360810220011,3845.687551,693.181,2,1,19.1,3,11.85,5.483333333
390,o_360810220012,1999.186575,1659.767,1,0,30.43333333,3,28.1,3.733333333
391,o_360810220013,1434.922676,1095.514,1,0,20.31666667,3,18.65,1.616666667
392,o_360810220014,2990.802617,1113.993,1,0,21.83333333,3,18.83333333,1.75
393,o_360810220021,2025.779513,1362.415,1,0,26.55,3,23.13333333,5.066666667
394,o_360810220022,2169.784513,1506.42,1,0,29.06666667,3,25.65,2.55
395,o_360810220023,1347.191587,1010.621,1,0,19.38333333,3,17.13333333,1.65
396,o_360810220024,1690.979676,1351.571,1,0,24.61666667,3,22.95,5.316666667
397,o_360810229001,5424.090193,2427.461,1,0,48.4,3,40.9,4.033333333
398,o_360810230001,1955.800937,1728.419,1,0,30.58333333,3,29.41666667,1.033333333
399,o_360810230002,1919.057281,1509.212,1,0,27.8,3,25.68333333,12.56666667
400,o_360810232001,2214.048414,1951.158,1,0,34.45,3,32.9,2.05
401,o_360810232002,2591.140922,1458.355,1,0,30.35,3,24.86666667,4.616666667
402,o_360810232003,2169.471609,1737.954,1,0,31.85,3,29.65,3.016666667
403,o_360810235011,5966.874416,1153.363,2,1,31.98333333,3,19.48333333,8.416666667
404,o_360810235012,5748.536351,2236.309,2,1,46.71666667,3,37.71666667,11.85
405,o_360810235021,5501.071416,687.56,2,1,24.15,3,11.65,7.25
406,o_360810235022,5477.777416,664.266,2,1,23.78333333,3,11.28333333,7.616666667
407,o_360810236001,1764.471368,1479.668,1,0,26.6,3,25.15,7.433333333
408,o_360810236002,2771.660742,1364.737,2,1,28.3,3,23.15,9.25
409,o_360810238001,1418.576194,977.058,1,0,19.2,3,16.7,1.533333333
410,o_360810238002,1385.194194,943.676,1,0,18.63333333,3,16.13333333,2.1
411,o_360810238003,1615.112758,660.257,1,0,13.73333333,3,11.23333333,2.633333333
412,o_360810238004,1465.438069,1028.291,1,0,19.56666667,3,17.55,4.5
413,o_360810240001,1359.756758,404.901,1,0,9.383333333,3,6.883333333,1.983333333
414,o_360810240002,1879.036478,1270.702,1,0,22.78333333,3,21.78333333,4.233333333
415,o_360810240003,1325.304031,887.038,1,0,17.66666667,3,15.13333333,1.95
416,o_360810243001,3266.468933,1622.527,1,0,32.13333333,3,27.63333333,1.083333333
417,o_360810243002,3528.302933,1884.361,1,0,36.35,3,31.85,4.866666667
418,o_360810243003,3493.969933,1850.028,1,0,35.81666667,3,31.31666667,5.4
419,o_360810243004,3238.431933,1594.49,1,0,31.53333333,3,27.03333333,1.683333333
420,o_360810245001,2970.709933,1326.768,1,0,27.13333333,3,22.63333333,6.083333333
421,o_360810245002,3096.668933,1452.727,1,0,29.26666667,3,24.76666667,3.95
422,o_360810245003,2908.639933,1264.698,1,0,26,3,21.5,7.216666667
423,o_360810245004,3418.093933,1774.152,1,0,34.68333333,3,30.18333333,6.533333333
424,o_360810246001,2231.395235,668.205,1,0,15.28333333,3,11.28333333,1.083333333
425,o_360810247001,2703.912933,1059.971,1,0,22.43333333,3,17.93333333,1.283333333
426,o_360810249001,2518.441933,874.5,1,0,19.31666667,3,14.81666667,4.4
427,o_360810249002,2789.089933,1145.148,1,0,23.95,3,19.45,9.266666667
428,o_360810249003,2609.810933,965.869,1,0,20.88333333,3,16.38333333,2.833333333
429,o_360810251001,2972.275933,1328.334,1,0,27.18333333,3,22.68333333,6.033333333
430,o_360810251002,2833.435933,1189.494,1,0,24.61666667,3,20.11666667,8.6
431,o_360810251003,3006.159933,1362.218,1,0,27.55,3,23.05,5.666666667
432,o_360810251004,2922.904933,1278.963,1,0,26.26666667,3,21.76666667,6.95
433,o_360810253011,5503.821416,690.31,2,1,24.16666667,3,11.66666667,7.233333333
434,o_360810253012,5448.058416,634.547,2,1,23.26666667,3,10.76666667,8.133333333
435,o_360810253013,5304.041416,490.53,2,1,20.81666667,3,8.316666667,6.583333333
436,o_360810253014,5648.243416,834.732,2,1,26.65,3,14.15,8.75
437,o_360810253021,5803.826596,467.381,2,1,21.43333333,3,7.933333333,5.966666667
438,o_360810253022,5779.942596,443.497,2,1,21.03333333,3,7.533333333,6.366666667
439,o_360810254011,2759.974478,2151.64,1,0,38.11666667,3,36.61666667,3.4
440,o_360810254012,4135.683382,3752.815,1,0,65.48333333,3,63.8,1.016666667
441,o_360810254021,3483.55312,2063.854,1,0,46.01666667,3,35.01666667,1.833333333
442,o_360810254022,3605.53013,2113.891,2,1,43.56666667,3,35.7,6.7
443,o_360810254023,2621.650478,2013.316,1,0,35.8,3,34.3,5.716666667
444,o_360810255001,2487.76678,1068.736,1,0,21.1,3,18.1,6.916666667
445,o_360810257001,1973.071988,1284.856,1,0,23.31666667,3,21.81666667,4.7
446,o_360810258001,3919.972048,1758.375,3,2,40.26666667,3,29.85,11
447,o_360810258002,4265.781659,2530.22,1,0,51.8,3,42.73333333,1.833333333
448,o_360810259001,1753.203988,1064.988,1,0,19.6,3,18.1,8.416666667
449,o_360810259002,2471.431933,827.49,1,0,18.48333333,3,13.98333333,5.233333333
450,o_360810260001,4262.082105,2572.385,2,1,52.13333333,3,43.6,6.183333333
451,o_360810260002,2689.010758,1734.155,1,0,31.86666667,3,29.36666667,3
452,o_360810261001,1434.662988,746.447,1,0,14.18333333,3,12.68333333,6.333333333
453,o_360810261002,2255.956683,911.667,2,1,18.43333333,3,15.43333333,6.283333333
454,o_360810261003,1520.682988,832.467,1,0,15.61666667,3,14.11666667,4.9
455,o_360810261004,2567.575933,923.634,1,0,20.15,3,15.65,3.566666667
456,o_360810262001,3616.912235,2053.722,1,0,38.73333333,3,34.73333333,1.133333333
457,o_360810263001,1610.767988,922.552,1,0,17.21666667,3,15.71666667,3.3
458,o_360810263002,1733.055695,1076.982,1,0,19.71666667,3,18.21666667,4
459,o_360810263003,2686.963933,1043.022,1,0,22.18333333,3,17.68333333,1.533333333
460,o_360810264001,4881.173302,2113.753,2,1,49.35,3,35.75,5.283333333
461,o_360810264002,4623.801272,2291.301,2,1,50.98333333,3,39.11666667,5.866666667
462,o_360810265011,1641.727157,726.94,1,0,14.33333333,3,12.33333333,4.433333333
463,o_360810265012,1460.666157,545.879,1,0,11.28333333,3,9.283333333,1.983333333
464,o_360810265021,1694.331695,1038.258,1,0,19.05,3,17.55,4.666666667
465,o_360810266001,5266.569835,1850.546,2,1,47.76666667,3,31.3,6.866666667
466,o_360810267001,1646.232695,990.159,1,0,18.26666667,3,16.76666667,5.45
467,o_360810267002,1720.377157,805.59,1,0,15.7,3,13.7,3.066666667
468,o_360810267003,1495.124157,580.337,1,0,11.9,3,9.9,1.366666667
469,o_360810269011,1819.705521,1215.849,1,0,22.2,3,20.7,1.666666667
470,o_360810269012,2611.941852,1041.081,2,1,21.11666667,3,17.61666667,3.6
471,o_360810269013,2120.78939,808.642,2,1,16.68333333,3,13.68333333,8.033333333
472,o_360810269014,2098.20639,786.059,2,1,16.33333333,3,13.33333333,8.383333333
473,o_360810269021,2485.805852,914.945,2,1,19.01666667,3,15.51666667,5.7
474,o_360810269022,2362.589852,791.729,2,1,16.95,3,13.45,7.766666667
475,o_360810270001,5065.597163,2904.199,1,0,60.93333333,3,49.53333333,2.383333333
476,o_360810271011,2588.009852,1017.149,2,1,20.73333333,3,17.23333333,3.983333333
477,o_360810271012,1658.170157,743.383,1,0,14.61666667,3,12.61666667,4.9
478,o_360810271013,1750.456157,835.669,1,0,16.15,3,14.15,3.366666667
479,o_360810271021,1272.820521,668.964,1,0,12.86666667,3,11.36666667,3.35
480,o_360810271022,2180.899157,1266.112,1,0,23.55,3,21.55,1.466666667
481,o_360810272001,5609.834903,3366.356,1,0,68.65,3,57.25,1.3
482,o_360810272002,6451.506661,2655.417,2,1,61.1,3,45.05,4.916666667
483,o_360810273011,1948.664588,740.972,1,0,15.51666667,3,12.51666667,5.7
484,o_360810273012,1495.027521,891.171,1,0,16.63333333,3,15.13333333,4.583333333
485,o_360810273021,1995.345521,1391.489,1,0,25.06666667,3,23.56666667,1.15
486,o_360810273022,1910.377521,1306.521,1,0,23.61666667,3,22.11666667,2.6
487,o_360810273023,1703.104521,1099.248,1,0,20.16666667,3,18.66666667,1.05
488,o_360810274001,5446.592903,3203.114,1,0,65.95,3,54.55,4
489,o_360810275001,1954.490521,1350.634,1,0,24.3,3,22.8,3.45
490,o_360810275002,1678.028521,1074.172,1,0,19.65,3,18.15,3.1
491,o_360810275003,1402.723521,798.867,1,0,15.01666667,3,13.51666667,2.733333333
492,o_360810276001,5322.403207,1152.806,2,1,37.73333333,3,19.73333333,4.666666667
493,o_360810277011,1347.551521,743.695,1,0,14.03333333,3,12.53333333,3.716666667
494,o_360810277012,1424.438521,820.582,1,0,15.35,3,13.85,2.4
495,o_360810277021,1933.679521,1329.823,1,0,23.96666667,3,22.46666667,3.783333333
496,o_360810277022,1880.801521,1276.945,1,0,23.06666667,3,21.56666667,4.683333333
497,o_360810277023,1664.062521,1060.206,1,0,19.38333333,3,17.88333333,3.366666667
498,o_360810278001,5197.062398,1472.474,2,1,40.25,3,24.85,7.15
499,o_360810278002,5423.101894,1698.513,2,1,44.18333333,3,28.78333333,8.216666667
500,o_360810279001,1988.492521,1384.636,1,0,24.83333333,3,23.33333333,2.916666667
501,o_360810279002,1583.913521,980.057,1,0,18.05,3,16.55,4.7
502,o_360810279003,2373.231852,802.371,2,1,17.15,3,13.65,9.15
503,o_360810279004,2489.07239,1176.925,2,1,22.83333333,3,19.83333333,8.416666667
504,o_360810280001,5093.17463,1920.048,3,2,47.43333333,3,32.55,10.36666667
505,o_360810281001,2986.765852,1415.905,2,1,27.43333333,3,23.93333333,8.366666667
506,o_360810281002,2545.51839,1233.371,2,1,23.8,3,20.8,7.45
507,o_360810281003,2367.604852,796.744,2,1,17.01666667,3,13.51666667,9.283333333
508,o_360810281004,2288.995852,718.135,2,1,15.66666667,3,12.16666667,10.63333333
509,o_360810282001,5543.152489,1788.677,3,2,46.76666667,3,30.33333333,11.03333333
510,o_360810283001,2600.82639,1288.679,2,1,24.68333333,3,21.68333333,6.566666667
511,o_360810283002,2388.86039,1076.713,2,1,21.13333333,3,18.13333333,10.11666667
512,o_360810283003,2236.222852,665.362,2,1,14.75,3,11.25,9.55
513,o_360810283004,2251.117852,680.257,2,1,15.01666667,3,11.51666667,9.283333333
514,o_360810283005,2042.024157,1127.237,1,0,21.23333333,3,19.23333333,4.066666667
515,o_360810284001,5873.962184,2686.207,1,0,60.53333333,3,45.48333333,1.733333333
516,o_360810284002,7868.510753,1140.083,2,1,33.06666667,9.25,19.28333333,10.33333333
517,o_360810285001,2493.090157,1578.303,1,0,28.7,3,26.7,6.1
518,o_360810285002,2099.926695,1443.853,1,0,25.88333333,3,24.38333333,4.366666667
519,o_360810285003,2042.975157,1128.188,1,0,21.2,3,19.2,4.1
520,o_360810285004,1647.682695,991.609,1,0,18.36666667,3,16.86666667,1.383333333
521,o_360810287001,2143.135695,1487.062,1,0,26.68333333,3,25.18333333,3.566666667
522,o_360810287002,1643.298695,987.225,1,0,18.18333333,3,16.68333333,1.566666667
523,o_360810287003,1524.306695,868.233,1,0,16.18333333,3,14.68333333,3.566666667
524,o_360810287004,2004.662695,1348.589,1,0,24.28333333,3,22.78333333,5.966666667
525,o_360810288011,4113.833758,3158.978,1,0,56.06666667,3,53.56666667,3.833333333
526,o_360810288012,4264.236031,3825.97,1,0,67.5,3,64.96666667,3.65
527,o_360810288021,6030.23088,1689.522,2,1,46.78333333,3,28.78333333,5.616666667
528,o_360810288022,7842.777753,1114.35,2,1,32.66666667,9.25,18.88333333,10.73333333
529,o_360810288031,6733.287419,1982.342,2,1,52.5,3,33.45,8.4
530,o_360810289001,2048.983157,1134.196,1,0,21.2,3,19.2,4.1
531,o_360810289002,2080.489988,1392.274,1,0,25.13333333,3,23.63333333,1.916666667
532,o_360810289003,1376.386695,720.313,1,0,13.68333333,3,12.18333333,1.066666667
533,o_360810291001,1589.363695,933.29,1,0,17.33333333,3,15.83333333,2.416666667
534,o_360810291002,1618.516695,962.443,1,0,17.78333333,3,16.28333333,1.966666667
535,o_360810291003,1840.548988,1152.333,1,0,21.06666667,3,19.56666667,5.983333333
536,o_360810291004,1935.522988,1247.307,1,0,22.65,3,21.15,4.4
537,o_360810293001,1614.614988,926.399,1,0,17.2,3,15.7,4.35
538,o_360810294001,7918.544753,1190.117,2,1,33.93333333,9.25,20.15,9.466666667
539,o_360810294002,7328.117466,1470.372,2,1,48.65,3,24.73333333,6.75
540,o_360810294003,7368.190133,1578.9,1,0,36.2,6.25,26.7,6.2
541,o_360810294004,7800.530464,2286.429,2,1,67.35,3,38.7,3.8
542,o_360810294005,7452.186464,1938.085,2,1,61.65,3,33,9.5
543,o_360810294006,7802.051464,2287.95,2,1,67.66666667,3,39.01666667,3.483333333
544,o_360810295001,5184.791207,1633.454,2,1,36.35,3,27.85,5.583333333
545,o_360810295002,5282.395865,1004.808,2,1,27.1,3,17.1,6.833333333
546,o_360810297001,3138.977304,2644.468,1,0,45.83333333,3,44.83333333,3.9
547,o_360810297002,2581.35978,1162.329,1,0,22.81666667,3,19.81666667,4.233333333
548,o_360810299001,4442.53478,3023.504,1,0,54.03333333,3,51.03333333,6.016666667
549,o_360810306001,8791.667956,3002.378,1,0,60.31666667,6.25,50.81666667,13.58333333
550,o_360810306002,8346.100956,2556.811,1,0,52.8,6.25,43.3,21.1
551,o_360810306003,7969.501956,2180.212,1,0,46.68333333,6.25,37.18333333,27.21666667
552,o_360810306004,8572.357453,1060.376,3,2,50.13333333,3,18.06666667,11.76666667
553,o_360810306005,8885.383711,1914.279,2,1,67.73333333,3,32.5,3.416666667
554,o_360810309031,3057.431157,2142.644,1,0,38.18333333,3,36.18333333,5.616666667
555,o_360810309032,2685.827695,2029.754,1,0,35.75,3,34.25,4
556,o_360810309033,2549.229695,1893.156,1,0,33.55,3,32.05,6.2
557,o_360810309034,2297.337695,1641.264,1,0,29.2,3,27.7,1.05
558,o_360810309041,3273.647695,2617.574,1,0,45.7,3,44.2,2.05
559,o_360810309042,3181.730695,2525.657,1,0,44.15,3,42.65,3.6
560,o_360810309051,2857.865988,2169.65,1,0,38.15,3,36.65,3.4
561,o_360810309052,2733.750695,2077.677,1,0,36.63333333,3,35.13333333,3.116666667
562,o_360810309061,2424.250988,1736.035,1,0,30.86666667,3,29.36666667,5.683333333
563,o_360810309062,2265.260695,1609.187,1,0,28.75,3,27.25,1.5
564,o_360810309063,2617.988683,1273.699,2,1,24.56666667,3,21.56666667,6.683333333
565,o_360810317001,5115.10778,3696.077,1,0,65.46666667,3,62.46666667,1.583333333
566,o_360810317002,3976.149628,3588.439,1,0,61.48333333,3,60.43333333,5.35
567,o_360810317003,11522.29404,1028.464,3,2,47.73333333,3,17.38333333,11.48333333
568,o_360810317004,3477.944628,3090.234,1,0,53.13333333,3,52.08333333,4.7
569,o_360810317005,3600.869124,1411.689,1,0,33.33333333,3,23.98333333,2.916666667
570,o_360810320001,8510.839711,1539.735,2,1,61.75,3,26.51666667,2.866666667
571,o_360810320002,15617.96848,3542.414,0,0,87.98333333,6.25,59.98333333,14
572,o_360810320003,10833.66964,1244.671,3,2,63.41666667,3,21.25,6.2
573,o_360810320004,15684.50631,2275.284,1,0,72.31666667,9.25,38.53333333,5.666666667
574,o_360810327001,3163.89239,1851.745,2,1,34.21666667,3,31.21666667,8
575,o_360810327002,2302.453695,1646.38,1,0,29.31666667,3,27.81666667,5.55
576,o_360810328001,9353.328745,2086.788,1,0,50.8,9.25,35.43333333,10.8
577,o_360810328002,8883.973388,2178.06,2,1,53.71666667,9.25,36.91666667,8.883333333
578,o_360810328003,9587.193745,2320.653,1,0,54.73333333,9.25,39.36666667,6.866666667
579,o_360810329001,4174.580852,2603.72,2,1,47.4,3,43.9,5.366666667
580,o_360810329002,4653.462373,2478.745,2,1,46.81666667,3,41.81666667,5.95
581,o_360810329003,3717.53539,2405.388,2,1,43.55,3,40.55,6.666666667
582,o_360810330001,8312.967341,2393.247,1,0,53.95,9.25,40.58333333,7.65
583,o_360810330002,8920.119573,2679.341,2,1,73.3,3,45.16666667,5.333333333
584,o_360810330003,6959.904133,1170.614,1,0,29.41666667,6.25,19.91666667,6.45
585,o_360810330004,7965.91479,2580.144,2,1,68.03333333,3,43.96666667,8.4
586,o_360810330005,7424.895906,4513.589,1,0,87.63333333,3,76.51666667,2.183333333
587,o_360810331001,10169.72542,879.716,3,2,46.11666667,3,14.86666667,12.65
588,o_360810334011,5490.766638,2770.192,1,0,58,3,47,3.983333333
589,o_360810334012,6596.517133,807.227,1,0,23.16666667,6.25,13.66666667,12.7
590,o_360810334031,7114.333884,783.271,2,1,25.48333333,9.25,13.25,11.38333333
591,o_360810334032,6594.392529,2299.837,1,0,58.11666667,3,39.08333333,2.2
592,o_360810334041,6886.089133,1096.799,1,0,28,6.25,18.5,7.866666667
593,o_360810334042,6989.316133,1200.026,1,0,29.73333333,6.25,20.23333333,6.133333333
594,o_360810334051,6484.128133,694.838,1,0,21.25,6.25,11.75,14.61666667
595,o_360810334052,6539.032133,749.742,1,0,22.26666667,6.25,12.76666667,13.6
596,o_360810337001,3374.44239,2062.295,2,1,37.71666667,3,34.71666667,4.5
597,o_360810337002,3212.947852,1642.087,2,1,31.21666667,3,27.71666667,7.05
598,o_360810339001,3798.001911,1881.998,2,1,36.18333333,3,31.68333333,6.033333333
599,o_360810339002,2162.208521,1558.352,1,0,27.75,3,26.25,3.466666667
600,o_360810339003,3867.439911,1951.436,2,1,37.35,3,32.85,4.866666667
601,o_360810347001,4271.287911,2355.284,2,1,44.23333333,3,39.73333333,5.983333333
602,o_360810347002,5055.189373,2880.472,2,1,53.68333333,3,48.68333333,4.083333333
603,o_360810351001,3695.396911,1779.393,2,1,34.55,3,30.05,7.666666667
604,o_360810351002,2198.617521,1594.761,1,0,28.38333333,3,26.88333333,2.833333333
605,o_360810351003,3788.902911,1872.899,2,1,36.1,3,31.6,6.116666667
606,o_360810352001,6474.90913,2489.108,1,0,59.3,3,42.18333333,2.683333333
607,o_360810352002,6203.412154,2667.61,1,0,60.26666667,3,45.26666667,1.716666667
608,o_360810353001,2701.465521,2097.609,1,0,36.98333333,3,35.48333333,3.733333333
609,o_360810353002,2393.151521,1789.295,1,0,31.7,3,30.2,4.516666667
610,o_360810357001,3571.343521,2967.487,1,0,51.66666667,3,50.16666667,2.05
611,o_360810357002,5500.57244,2722.019,2,1,52.45,3,45.95,5.316666667
612,o_360810357003,6673.484541,2654.956,2,1,54.48333333,3,44.98333333,3.283333333
613,o_360810358001,7076.081839,2382.103,1,0,60.9,3,40.45,1.083333333
614,o_360810358002,10226.40333,1928.939,2,1,66.61666667,3,32.73333333,4.566666667
615,o_360810358003,9770.758745,2504.218,1,0,57.8,9.25,42.43333333,3.8
616,o_360810358004,9437.704745,2171.164,1,0,52.2,9.25,36.83333333,9.333333333
617,o_360810361001,4811.36244,2032.809,2,1,40.95,3,34.45,5.25
618,o_360810361002,3900.185911,1984.182,2,1,38.03333333,3,33.53333333,4.116666667
619,o_360810363001,4722.57044,1944.017,2,1,39.31666667,3,32.81666667,6.883333333
620,o_360810363002,4279.340978,1759.501,2,1,35.78333333,3,29.78333333,6.366666667
621,o_360810365001,4821.78536,1720.035,2,1,36.45,3,28.95,5.7
622,o_360810365002,4715.89636,1614.146,2,1,34.7,3,27.2,7.45
623,o_360810366001,5844.058239,2403.098,1,0,54.7,3,40.7,1.433333333
624,o_360810366002,5735.861106,2526.524,1,0,56.26666667,3,42.86666667,5.65
625,o_360810367001,5336.16636,2234.416,2,1,45.13333333,3,37.63333333,5.016666667
626,o_360810367002,5357.200822,1996.737,2,1,41.65,3,33.65,4.55
627,o_360810368001,5467.616638,2747.042,1,0,57.63333333,3,46.63333333,4.283333333
628,o_360810368002,5955.841468,2123.68,2,1,53.05,3,36.05,5.2
629,o_360810371001,5391.35936,2289.609,2,1,46.13333333,3,38.63333333,4.016666667
630,o_360810373001,5126.815822,1766.352,2,1,37.81666667,3,29.81666667,8.383333333
631,o_360810373002,5290.815079,1531,2,1,34.8,3,25.8,7.35
632,o_360810375011,1986.824521,1382.968,1,0,24.96666667,3,23.46666667,1.183333333
633,o_360810375021,2077.726521,1473.87,1,0,26.48333333,3,24.98333333,4.666666667
634,o_360810375022,1856.881588,649.189,1,0,13.98333333,3,10.98333333,2.166666667
635,o_360810376001,6346.394705,2197.445,1,0,55.05,3,37.18333333,1.083333333
636,o_360810376002,7429.701499,2252.085,3,2,61.8,3,38.26666667,6.683333333
637,o_360810376003,7360.860499,2183.244,3,2,60.48333333,3,36.95,8
638,o_360810376004,7710.458938,2128.063,3,2,61.2,3,36.03333333,7.283333333
639,o_360810376005,7655.685176,1472.148,2,1,59.88333333,3,24.93333333,7.6
640,o_360810377001,2516.252521,1912.396,1,0,33.95,3,32.45,2.2
641,o_360810377002,2252.589521,1648.733,1,0,29.46666667,3,27.96666667,1.683333333
642,o_360810379001,2946.409588,1738.717,1,0,32.38333333,3,29.38333333,3.766666667
643,o_360810379002,2638.799588,1431.107,1,0,27.2,3,24.2,3.95
644,o_360810379003,2994.044588,1786.352,1,0,33.2,3,30.2,2.95
645,o_360810381001,3482.17497,1692.572,1,0,33.11666667,3,28.61666667,3.033333333
646,o_360810381002,7693.892732,1177.514,2,1,34.43333333,3,19.93333333,8.933333333
647,o_360810381003,8121.526451,947.083,2,1,32.03333333,3,16.03333333,7.333333333
648,o_360810383011,3055.74039,1686.88,1,0,37.46666667,3,28.4,3.633333333
649,o_360810383021,2933.327297,2134.007,1,0,38.9,3,36.15,6.116666667
650,o_360810384001,8223.602159,1873.736,3,2,60.11666667,3,31.83333333,8.366666667
651,o_360810384002,7925.2626,1873.667,3,2,58.85,3,31.76666667,9.633333333
652,o_360810394001,5925.76289,2134.572,1,0,52.08333333,3,36.16666667,4.05
653,o_360810394002,5870.917239,2429.957,1,0,55.11666667,3,41.11666667,1.016666667
654,o_360810394003,7272.357263,1645.742,2,1,59.83333333,3,27.83333333,7.65
655,o_360810398001,5460.246456,2511.814,1,0,54.83333333,3,42.61666667,1.3
656,o_360810398002,5645.630696,2454.689,1,0,54.63333333,3,41.53333333,1.5
657,o_360810399011,7923.826451,749.383,2,1,28.71666667,3,12.71666667,10.65
658,o_360810399012,7739.717451,565.274,2,1,25.6,3,9.6,8.766666667
659,o_360810399021,7899.709451,725.266,2,1,28.3,3,12.3,11.06666667
660,o_360810400001,5454.143861,1484.211,2,1,45.6,3,25.18333333,3.6
661,o_360810400002,5963.152044,2153.775,2,1,58.45,3,36.51666667,9.033333333
662,o_360810401011,7555.650732,1039.272,2,1,32.08333333,3,17.58333333,7.35
663,o_360810401012,7742.277451,567.834,2,1,25.63333333,3,9.633333333,8.8
664,o_360810401021,7469.757732,953.379,2,1,30.63333333,3,16.13333333,8.8
665,o_360810401022,7657.478451,483.035,2,1,24.23333333,3,8.233333333,10.2
666,o_360810402001,5213.927006,1701.587,2,1,46.33333333,3,28.88333333,2.933333333
667,o_360810402002,4753.944411,3383.624,1,0,65.33333333,3,57.1,1.216666667
668,o_360810403011,7140.281732,623.903,2,1,25.11666667,3,10.61666667,9.316666667
669,o_360810403012,7306.694732,790.316,2,1,27.93333333,3,13.43333333,11.5
670,o_360810403021,7206.156732,689.778,2,1,26.2,3,11.7,8.233333333
671,o_360810404001,4470.443197,2157.921,2,1,46.58333333,3,36.58333333,6.1
672,o_360810404002,4766.658221,2153.342,2,1,48.03333333,3,36.51666667,4.65
673,o_360810404003,5038.376006,1526.036,2,1,43.28333333,3,25.83333333,5.983333333
674,o_360810404004,5434.498598,1373.894,3,2,43.86666667,3,23.35,6.4
675,o_360810405011,7058.197732,541.819,2,1,23.76666667,3,9.266666667,10.66666667
676,o_360810405021,2381.438588,1173.746,1,0,22.8,3,19.8,3.416666667
677,o_360810407011,2287.244588,1079.552,1,0,21.3,3,18.3,4.916666667
678,o_360810407012,2340.018588,1132.326,1,0,22.13333333,3,19.13333333,4.083333333
679,o_360810407021,2057.130521,1453.274,1,0,26.18333333,3,24.68333333,5.033333333
680,o_360810407022,2250.394521,1646.538,1,0,29.45,3,27.95,1.766666667
681,o_360810407023,2419.142521,1815.286,1,0,32.23333333,3,30.73333333,3.983333333
682,o_360810409011,1960.360521,1356.504,1,0,24.48333333,3,22.98333333,1.733333333
683,o_360810409012,2236.462521,1632.606,1,0,29.11666667,3,27.61666667,2.1
684,o_360810409021,1973.862521,1370.006,1,0,24.71666667,3,23.21666667,1.5
685,o_360810409022,1957.996521,1354.14,1,0,24.51666667,3,23.01666667,1.7
686,o_360810411001,2260.020182,1182.901,1,0,28.41666667,3,20.1,1.316666667
687,o_360810411002,4808.412627,586.867,2,1,27.96666667,3,9.966666667,6.466666667
688,o_360810413001,2438.654562,2064.545,1,0,37.51666667,3,35.21666667,1.933333333
689,o_360810413002,2584.924038,1863.842,1,0,36.16666667,3,31.73333333,3.283333333
690,o_360810413003,2615.433038,1894.351,1,0,36.71666667,3,32.28333333,2.733333333
691,o_360810414001,4284.154667,2689.278,1,0,54.1,3,45.56666667,1.633333333
692,o_360810414002,4745.857302,1978.437,2,1,47.03333333,3,33.43333333,7.6
693,o_360810414003,2974.963382,2592.095,1,0,45.58333333,3,43.9,1.4
694,o_360810415001,2423.563562,2049.454,1,0,37.31666667,3,35.01666667,2.133333333
695,o_360810415002,2263.324562,1889.215,1,0,34.51666667,3,32.21666667,4.933333333
696,o_360810424001,4858.604636,2815.216,1,0,57.83333333,3,47.71666667,1.483333333
697,o_360810424002,4554.166653,2873.705,1,0,57.2,3,48.68333333,2.116666667
698,o_360810424003,5028.595794,2422.19,1,0,54.1,3,41.1,1.633333333
699,o_360810426001,4970.941351,3003.39,1,0,59.31666667,3,50.98333333,2.666666667
700,o_360810427001,2108.478562,1734.369,1,0,31.96666667,3,29.66666667,7.483333333
701,o_360810427002,1996.272562,1622.163,1,0,29.95,3,27.65,9.5
702,o_360810432001,5585.192846,1806.242,2,1,48.58333333,3,30.51666667,6.05
703,o_360810434001,4573.533617,1763.33,3,2,43.13333333,3,29.93333333,8.133333333
704,o_360810437011,4333.869994,973.619,2,1,24.66666667,3,16.63333333,9.766666667
705,o_360810437012,4168.632817,1176.797,2,1,27.05,3,20.05,7.383333333
706,o_360810437021,2291.131041,1735.551,1,0,31.81666667,3,29.53333333,3.866666667
707,o_360810437022,3974.208315,1305.271,2,1,28.25,3,22.16666667,6.183333333
708,o_360810437023,3844.555817,852.72,2,1,21.53333333,3,14.53333333,3.4
709,o_360810439001,2130.483562,1756.374,1,0,32.26666667,3,29.96666667,7.183333333
710,o_360810439002,1896.752562,1522.643,1,0,28.23333333,3,25.93333333,11.21666667
711,o_360810440001,3566.167659,1830.606,1,0,39.93333333,3,30.86666667,1.7
712,o_360810440002,3017.136455,2493.244,1,0,44.75,3,42.21666667,4.516666667
713,o_360810440003,3564.718173,2694.573,1,0,47.63333333,3,45.63333333,4.05
714,o_360810443011,2364.231562,1990.122,1,0,36.21666667,3,33.91666667,3.233333333
715,o_360810443012,4194.907817,1203.072,2,1,27.45,3,20.45,6.983333333
716,o_360810443021,2683.977506,1847.57,1,0,32.86666667,3,31.36666667,2.3
717,o_360810443022,3106.144839,1164.496,2,1,23.88333333,3,19.85,7.283333333
718,o_360810443023,2317.652506,1481.245,1,0,26.68333333,3,25.18333333,3.483333333
719,o_360810444001,2282.42329,1879.884,1,0,33.83333333,3,31.9,2.15
720,o_360810444002,3113.432173,2243.287,1,0,40.01666667,3,38.01666667,2.9
721,o_360810444003,3542.053173,2671.908,1,0,47.21666667,3,45.21666667,1.2
722,o_360810446011,2614.194568,2118.068,1,0,38.38333333,3,35.86666667,1.116666667
723,o_360810446012,2543.899568,2047.773,1,0,37.2,3,34.68333333,2.3
724,o_360810446021,1940.079615,1546.554,1,0,28.6,3,26.23333333,1.316666667
725,o_360810446022,1620.989368,1336.186,1,0,24.08333333,3,22.63333333,6.683333333
726,o_360810446023,1901.958615,1508.433,1,0,27.98333333,3,25.61666667,1.933333333
727,o_360810448001,1853.727368,1568.924,1,0,28.06666667,3,26.61666667,2.7
728,o_360810448002,2006.664281,1596.819,1,0,29.2,3,27.08333333,4.683333333
729,o_360810450001,1962.128937,1734.747,1,0,30.58333333,3,29.41666667,6.55
730,o_360810450002,2261.020937,2033.639,1,0,35.7,3,34.53333333,1.433333333
731,o_360810452001,2471.614442,1633.216,2,1,31.26666667,3,27.73333333,3.616666667
732,o_360810454001,1908.944365,1385.052,1,0,26.65,3,23.5,6.633333333
733,o_360810454002,2184.183365,1660.291,1,0,31.26666667,3,28.11666667,2.016666667
734,o_360810455001,2749.875839,808.227,2,1,17.83333333,3,13.8,3.833333333
735,o_360810455002,2266.383506,1429.976,1,0,25.81666667,3,24.31666667,4.35
736,o_360810455003,2546.658431,2174.052,1,0,38.38333333,3,37,1.416666667
737,o_360810455004,2148.773041,1593.193,1,0,29.43333333,3,27.15,2.983333333
738,o_360810455005,1996.961506,1160.554,1,0,21.18333333,3,19.68333333,6.983333333
739,o_360810455006,2029.081506,1192.674,1,0,21.71666667,3,20.21666667,6.45
740,o_360810456001,1908.603992,1594.748,1,0,28.25,3,26.95,10.11666667
741,o_360810457001,2006.802968,1262.646,1,0,22.81666667,3,21.31666667,6.683333333
742,o_360810457002,1689.983968,945.827,1,0,17.5,3,16,5.5
743,o_360810458001,1818.842992,1504.987,1,0,26.66666667,3,25.36666667,11.7
744,o_360810459001,1869.414968,1125.258,1,0,20.5,3,19,2.5
745,o_360810459002,1832.070968,1087.914,1,0,19.88333333,3,18.38333333,3.116666667
746,o_360810460001,2241.90729,1839.368,1,0,33.13333333,3,31.2,2.85
747,o_360810460002,2140.63829,1738.099,1,0,31.41666667,3,29.48333333,4.566666667
748,o_360810460003,2073.58829,1671.049,1,0,30.26666667,3,28.33333333,5.716666667
749,o_360810461001,1587.89656,1082.206,1,0,22.36666667,3,18.43333333,4.1
750,o_360810461002,1830.10356,1324.413,1,0,26.55,3,22.61666667,7.916666667
751,o_360810462001,2927.286173,2057.141,1,0,36.83333333,3,34.83333333,6.083333333
752,o_360810462002,2238.365365,1714.473,1,0,32.2,3,29.05,1.083333333
753,o_360810462003,2260.11229,1857.573,1,0,33.45,3,31.51666667,2.533333333
754,o_360810463001,1735.252521,1131.396,1,0,20.61666667,3,19.11666667,2.333333333
755,o_360810463002,2313.799968,1569.643,1,0,28.23333333,3,26.73333333,3.766666667
756,o_360810464001,3045.275173,2175.13,1,0,38.9,3,36.9,4.016666667
757,o_360810465001,1752.954521,1149.098,1,0,21,3,19.5,1.95
758,o_360810465002,1644.101521,1040.245,1,0,19.13333333,3,17.63333333,3.816666667
759,o_360810466001,2815.140173,1944.995,1,0,35,3,33,7.916666667
760,o_360810466002,2504.952173,1634.807,1,0,29.76666667,3,27.76666667,4.65
761,o_360810467001,1422.260521,818.404,1,0,15.35,3,13.85,2.6
762,o_360810467002,1496.174521,892.318,1,0,16.56666667,3,15.06666667,1.383333333
763,o_360810467003,1634.832521,1030.976,1,0,18.91666667,3,17.41666667,4.033333333
764,o_360810467004,1722.85756,1217.167,1,0,24.58333333,3,20.65,1.883333333
765,o_360810468001,2601.499173,1731.354,1,0,31.38333333,3,29.38333333,3.033333333
766,o_360810468002,2771.509173,1901.364,1,0,34.23333333,3,32.23333333,8.683333333
767,o_360810469011,1929.332157,1014.545,1,0,19.18333333,3,17.18333333,2.566666667
768,o_360810469012,2359.658852,788.798,2,1,16.88333333,3,13.38333333,4.566666667
769,o_360810469013,2090.517157,1175.73,1,0,21.91666667,3,19.91666667,4.333333333
770,o_360810469021,1251.186521,647.33,1,0,12.48333333,3,10.98333333,5.466666667
771,o_360810469022,1452.496521,848.64,1,0,15.86666667,3,14.36666667,2.083333333
772,o_360810470001,2967.689173,2097.544,1,0,37.65,3,35.65,5.266666667
773,o_360810470002,5186.175718,1054.764,2,1,33.33333333,3,17.9,6.716666667
774,o_360810471001,1763.35156,1257.661,1,0,25.25,3,21.31666667,1.216666667
775,o_360810471002,1593.869968,849.713,1,0,15.98333333,3,14.48333333,7.016666667
776,o_360810472001,4416.748875,1375.06,2,1,34.31666667,3,23.35,5.733333333
777,o_360810472002,4088.973235,1336.89,2,1,32.45,3,22.66666667,7.6
778,o_360810472003,2981.296173,2111.151,1,0,37.96666667,3,35.96666667,4.95
779,o_360810473001,1459.057968,714.901,1,0,13.63333333,3,12.13333333,2.366666667
780,o_360810473002,1174.796968,430.64,1,0,8.8,3,7.3,1.7
781,o_360810473003,1384.633968,640.477,1,0,12.36666667,3,10.86666667,3.633333333
782,o_360810475001,1487.622968,743.466,1,0,14.23333333,3,12.73333333,1.766666667
783,o_360810475002,1754.164968,1010.008,1,0,18.76666667,3,17.26666667,4.233333333
784,o_360810476001,5013.47176,1102.521,2,1,32.06666667,3,18.63333333,7.983333333
785,o_360810476002,3994.969282,1555.509,2,1,34.93333333,3,26.43333333,5.116666667
786,o_360810478011,5336.304822,1140.986,2,1,33.81666667,3,19.38333333,6.233333333
787,o_360810478012,4085.229814,2055.063,1,0,43.96666667,3,34.83333333,2.033333333
788,o_360810478021,5002.874618,1435.818,1,0,41.61666667,3,24.38333333,1.583333333
789,o_360810479001,2261.308542,1635.984,1,0,30.43333333,3,27.83333333,2.933333333
790,o_360810479002,1875.645968,1131.489,1,0,20.73333333,3,19.23333333,2.183333333
791,o_360810479003,1687.587968,943.431,1,0,17.56666667,3,16.06666667,5.35
792,o_360810480001,3728.92151,2012.593,2,1,39.25,3,34.15,4.583333333
793,o_360810480002,4126.502748,1857.529,2,1,39.26666667,3,31.5,4.566666667
794,o_360810481001,2101.734157,1186.947,1,0,22.15,3,20.15,4.016666667
795,o_360810481002,1970.913157,1056.126,1,0,19.9,3,17.9,1.766666667
796,o_360810481003,2441.501852,870.641,2,1,18.31666667,3,14.81666667,3.05
797,o_360810481004,2220.586852,649.726,2,1,14.53333333,3,11.03333333,6.833333333
798,o_360810482001,4979.071226,1277.238,2,1,35.33333333,3,21.66666667,4.633333333
799,o_360810483011,2596.487976,1220.056,2,1,23.65,3,20.65,4.016666667
800,o_360810483021,2022.030695,1365.957,1,0,24.58333333,3,23.08333333,5.283333333
801,o_360810484001,5835.691526,963.335,2,1,33.48333333,3,16.3,6.483333333
802,o_360810484002,4889.528485,1747.619,1,0,42.81666667,3,29.61666667,3.1
803,o_360810484003,5346.474145,1726.172,1,0,44.1,3,29.15,1.816666667
804,o_360810484004,5465.120618,1898.064,1,0,49.3,3,32.06666667,3.9
805,o_360810485001,2065.323157,1150.536,1,0,21.53333333,3,19.53333333,4.633333333
806,o_360810485002,1535.553968,791.397,1,0,14.95,3,13.45,7.966666667
807,o_360810485003,2079.062695,1422.989,1,0,25.58333333,3,24.08333333,4.283333333
808,o_360810489001,2567.759454,2307.956,1,0,40.91666667,3,39.15,1.833333333
809,o_360810489002,2460.898878,1018.359,2,1,22.68333333,3,17.21666667,7.733333333
810,o_360810492011,4902.53376,991.583,2,1,30.21666667,3,16.78333333,9.75
811,o_360810492012,5248.35476,1337.404,2,1,36.05,3,22.61666667,3.916666667
812,o_360810492021,5632.860607,1144.624,2,1,34.88333333,3,19.41666667,5.083333333
813,o_360810493011,2780.466542,2155.142,1,0,39.25,3,36.65,4.116666667
814,o_360810493012,3082.687951,1986.456,1,0,38.33333333,3,33.78333333,5.033333333
815,o_360810493021,3134.376166,698.096,2,1,22.8,3,11.81666667,10.11666667
816,o_360810493022,2820.638287,907.191,2,1,23.53333333,3,15.46666667,6.883333333
817,o_360810495001,3020.512951,1924.281,1,0,37.2,3,32.65,6.166666667
818,o_360810496001,5436.518618,1869.462,1,0,48.85,3,31.61666667,4.35
819,o_360810496002,5674.752548,1884.185,2,1,50.01666667,3,31.8,4.183333333
820,o_360810496003,5840.238893,1677.817,2,1,48.3,3,28.33333333,5.9
821,o_360810497001,2580.970878,1138.431,2,1,24.78333333,3,19.31666667,8.133333333
822,o_360810497002,2716.722951,1620.491,1,0,32.06666667,3,27.51666667,1.3
823,o_360810499001,2575.059951,1478.828,1,0,29.65,3,25.1,3.716666667
824,o_360810499002,2287.893542,1662.569,1,0,30.81666667,3,28.21666667,2.55
825,o_360810499003,2286.889542,1661.565,1,0,30.86666667,3,28.26666667,2.5
826,o_360810499004,2232.361542,1607.037,1,0,29.93333333,3,27.33333333,3.433333333
827,o_360810500001,6580.760556,1708.404,2,1,46.08333333,3,28.9,7.883333333
828,o_360810500002,4167.436197,1854.914,2,1,41.48333333,3,31.48333333,7.85
829,o_360810502011,4475.155221,1861.839,2,1,43.1,3,31.58333333,6.233333333
830,o_360810502021,4957.648802,2927.482,1,0,58.53333333,3,49.4,2.383333333
831,o_360810504001,4720.727678,1731.478,2,1,42.76666667,3,29.36666667,6.566666667
832,o_360810504002,5132.855287,1385.357,2,1,42.45,3,23.48333333,3.466666667
833,o_360810505001,2728.874234,1150.038,1,0,22.53333333,3,19.53333333,6.883333333
834,o_360810506001,5058.237945,1731.174,2,1,44.46666667,3,29.36666667,4.866666667
835,o_360810506002,5172.921502,2884.055,1,0,60.73333333,3,48.73333333,2.466666667
836,o_360810507001,2830.587542,2205.263,1,0,40,3,37.4,3.366666667
837,o_360810507002,2833.192542,2207.868,1,0,40.06666667,3,37.46666667,3.3
838,o_360810508001,5776.730529,2634.821,1,0,57.7,3,44.5,3.216666667
839,o_360810508002,5523.115916,2033.691,2,1,54.08333333,3,34.45,10.11666667
840,o_360810510001,6070.18348,1601.109,2,1,48.55,3,27.13333333,5.65
841,o_360810510002,6569.398554,1334.56,2,1,47.65,3,22.65,6.55
842,o_360810511001,3861.80249,2006.875,1,0,41.93333333,3,34.21666667,1.433333333
843,o_360810511002,3537.66349,1682.736,1,0,36.4,3,28.68333333,6.966666667
844,o_360810512001,6073.01548,1603.941,2,1,48.56666667,3,27.15,5.633333333
845,o_360810512002,6702.441554,1467.603,2,1,49.81666667,3,24.81666667,4.383333333
846,o_360810512003,6063.314867,1613.432,2,1,51.9,3,27.43333333,12.3
847,o_360810513001,3113.724695,2457.651,1,0,43.21666667,3,41.71666667,2.65
848,o_360810513002,3788.65249,1933.725,1,0,40.56666667,3,32.85,2.8
849,o_360810515001,3888.053933,2244.112,1,0,42.45,3,37.95,3.416666667
850,o_360810515002,3924.082933,2280.141,1,0,43.15,3,38.65,2.716666667
851,o_360810515003,4000.555166,1564.275,2,1,37.56666667,3,26.58333333,12.35
852,o_360810516001,6973.614428,1378.146,2,1,50.03333333,3,23.33333333,4.166666667
853,o_360810516002,6909.630376,1912.716,3,2,56.76666667,3,32.4,8.433333333
854,o_360810517001,3599.700955,509.841,2,1,24.68333333,3,8.65,8.233333333
855,o_360810517002,3858.65249,2003.725,1,0,41.93333333,3,34.21666667,1.433333333
856,o_360810518001,5860.149445,1722.881,2,1,52.08333333,3,29.18333333,12.11666667
857,o_360810518002,7724.98812,2313.675,2,1,61.11666667,3,39.18333333,6.716666667
858,o_360810520001,5904.450445,1767.182,2,1,52.78333333,3,29.88333333,11.41666667
859,o_360810521001,3959.256498,1686.612,1,0,38.08333333,3,28.63333333,5.283333333
860,o_360810521002,4145.350498,1872.706,1,0,41.31666667,3,31.86666667,2.05
861,o_360810522001,6149.587739,1717.567,2,1,55.08333333,3,29.08333333,9.116666667
862,o_360810524001,5517.817763,1943.599,2,1,53.41666667,3,33,10.78333333
863,o_360810524002,5698.122763,2123.904,2,1,56.53333333,3,36.11666667,7.666666667
864,o_360810525001,4387.129635,1599.323,1,0,38.83333333,3,27.25,4.533333333
865,o_360810525002,4561.584635,1773.778,1,0,41.85,3,30.26666667,1.516666667
866,o_360810526001,5939.263619,1907.452,2,1,55.86666667,3,32.48333333,8.333333333
867,o_360810526002,6157.186739,1725.166,2,1,55.25,3,29.25,8.95
868,o_360810528001,6437.48833,1598.565,2,1,55.15,3,27.13333333,9.05
869,o_360810530001,7878.64912,2467.336,2,1,63.71666667,3,41.78333333,4.116666667
870,o_360810530002,6642.732878,2209.411,3,2,59.16666667,3,37.33333333,6.033333333
871,o_360810531001,4536.400635,1748.594,1,0,41.31666667,3,29.73333333,2.05
872,o_360810531002,4190.277498,1917.633,1,0,42.06666667,3,32.61666667,1.3
873,o_360810531003,4484.041955,1394.182,2,1,39.58333333,3,23.55,10.33333333
874,o_360810532001,6238.564867,1788.682,2,1,54.8,3,30.33333333,9.4
875,o_360810532002,7654.929189,2559.636,2,1,63.85,3,43.38333333,3.983333333
876,o_360810534011,7693.120189,2597.827,2,1,64.38333333,3,43.91666667,3.45
877,o_360810534012,7380.294316,2645.631,2,1,63.61666667,3,44.85,4.216666667
878,o_360810535011,5190.544603,1658.581,2,1,41.35,3,28.26666667,10.31666667
879,o_360810535021,5877.025603,2345.062,2,1,52.9,3,39.81666667,7.266666667
880,o_360810536011,6267.753802,1530.821,2,1,51.8,3,25.93333333,9.15
881,o_360810536012,7030.782316,2296.119,2,1,57.7,3,38.93333333,6.883333333
882,o_360810538001,8728.461975,1576.752,2,1,55.86666667,3,26.68333333,6.7
883,o_360810538002,9073.99785,1506.732,2,1,56.66666667,3,25.45,5.9
884,o_360810539011,14459.69791,1879.849,3,2,54.88333333,3,31.88333333,10.03333333
885,o_360810539012,6759.67798,2166.986,2,1,54.6,3,37.1,8.566666667
886,o_360810539013,5926.448603,2394.485,2,1,54,3,40.91666667,6.166666667
887,o_360810539021,5754.569603,2222.606,2,1,51,3,37.91666667,9.166666667
888,o_360810540001,7176.078547,1625.046,2,1,53.96666667,3,27.48333333,5.983333333
889,o_360810540002,8387.864561,1673.687,2,1,56.01666667,3,28.25,8.45
890,o_360810540003,7903.093713,2113.712,2,1,58.88333333,3,35.61666667,6.316666667
891,o_360810542001,7062.126194,2145.045,2,1,55.48333333,3,36.25,7.083333333
892,o_360810542002,7368.287563,2135.462,2,1,56.46666667,3,35.98333333,6.1
893,o_360810542003,7567.37108,1852.897,2,1,54.78333333,3,31.23333333,9.683333333
894,o_360810542004,6186.959006,1976.561,1,0,53.46666667,3,33.43333333,6.483333333
895,o_360810545001,14803.891,1734.03,3,2,53.85,3,29.35,11.06666667
896,o_360810545002,6319.669504,1653.919,2,1,51.96666667,3,27.98333333,4.2
897,o_360810545003,6505.87498,1913.183,2,1,49.91666667,3,32.41666667,10.25
898,o_360810547001,7071.168918,1152.334,2,1,45.1,3,19.58333333,11.06666667
899,o_360810547002,7429.43823,884.451,2,1,44.46666667,3,15.13333333,11.7
900,o_360810547003,7476.07523,931.088,2,1,45.23333333,3,15.9,10.93333333
901,o_360810548001,5608.874805,1398.476,1,0,40.93333333,3,23.7,1.733333333
902,o_360810548002,6418.654826,2400.296,2,1,56.6,3,40.6,8.6
903,o_360810549001,6794.247918,875.413,2,1,40.41666667,3,14.9,7.95
904,o_360810549002,6955.880918,1037.046,2,1,43.13333333,3,17.61666667,5.233333333
905,o_360810549003,7289.34923,744.362,2,1,42.01666667,3,12.68333333,6.35
906,o_360810549004,7292.72423,747.737,2,1,42.13333333,3,12.8,6.233333333
907,o_360810551001,6911.947918,993.113,2,1,42.5,3,16.98333333,10.36666667
908,o_360810551002,6907.812918,988.978,2,1,42.33333333,3,16.81666667,6.033333333
909,o_360810551003,6756.292918,837.458,2,1,39.78333333,3,14.26666667,8.583333333
910,o_360810551004,6550.670924,1249.057,2,1,43.05,3,21.26666667,5.316666667
911,o_360810552001,5354.459282,2899.213,1,0,58.63333333,3,48.88333333,2.266666667
912,o_360810552002,5690.971101,2804.793,1,0,58.71666667,3,47.25,2.183333333
913,o_360810553001,7364.628847,746.583,2,1,48.63333333,3,12.66666667,4.233333333
914,o_360810553002,7362.987847,744.942,2,1,48.58333333,3,12.61666667,4.283333333
915,o_360810554001,6083.782985,1002.602,2,1,38.03333333,3,16.98333333,8.133333333
916,o_360810554002,4938.962843,2843.918,1,0,56.26666667,3,47.93333333,4.633333333
917,o_360810555001,6991.785924,1690.172,2,1,50.48333333,3,28.7,6.383333333
918,o_360810555002,15926.81617,1340.463,3,2,50.2,3,22.7,11.41666667
919,o_360810556001,5722.055101,2835.877,1,0,59.33333333,3,47.86666667,1.566666667
920,o_360810556002,6259.135826,2240.777,2,1,53.86666667,3,37.86666667,8.033333333
921,o_360810557001,6846.844924,1545.231,2,1,48.13333333,3,26.35,8.733333333
922,o_360810557002,6819.869924,1518.256,2,1,47.68333333,3,25.9,9.183333333
923,o_360810557003,6965.201489,973.308,2,1,49.03333333,3,16.58333333,3.833333333
924,o_360810558001,6445.786138,2289.401,2,1,55.13333333,3,38.58333333,6.766666667
925,o_360810558002,6667.043864,2193.11,2,1,54.66666667,3,36.86666667,7.233333333
926,o_360810559001,15995.61617,1409.263,3,2,51.38333333,3,23.88333333,10.23333333
927,o_360810560001,4927.635843,2832.591,1,0,56.05,3,47.71666667,4.85
928,o_360810560002,6582.38508,867.911,2,1,38.23333333,3,14.68333333,7.933333333
929,o_360810561001,12655.13495,1664.978,3,2,53.63333333,3,28.13333333,12.4
930,o_360810562001,6814.354233,2024.676,2,1,53.11666667,3,34.06666667,8.783333333
931,o_360810564001,6922.019233,2132.341,2,1,55.06666667,3,36.01666667,6.833333333
932,o_360810565001,7284.757924,1983.144,2,1,55.45,3,33.66666667,10.96666667
933,o_360810566001,7097.880978,1079.504,2,1,43.01666667,3,18.26666667,9.7
934,o_360810566002,7320.408527,1302.029,2,1,45.26666667,3,22.05,7.45
935,o_360810567001,7054.527496,1679.855,2,1,57.43333333,3,28.45,8.983333333
936,o_360810567002,7136.473496,1761.801,2,1,58.95,3,29.96666667,7.466666667
937,o_360810567003,6954.441496,1579.769,2,1,55.75,3,26.76666667,3.666666667
938,o_360810567004,6670.918924,1369.305,2,1,45.08333333,3,23.3,14.33333333
939,o_360810568001,6622.759999,1486.802,2,1,47.48333333,3,25.08333333,5.233333333
940,o_360810568002,8108.681401,2131.743,2,1,59.43333333,3,36,6.383333333
941,o_360810568003,8107.820401,2130.882,2,1,59.63333333,3,36.2,6.183333333
942,o_360810568004,7779.701843,1166.076,2,1,44.85,3,19.73333333,7.866666667
943,o_360810577001,6701.492924,1399.879,2,1,45.7,3,23.91666667,13.71666667
944,o_360810577002,6698.880924,1397.267,2,1,45.66666667,3,23.88333333,13.75
945,o_360810577003,7050.255496,1675.583,2,1,57.45,3,28.46666667,8.966666667
946,o_360810579001,6689.508924,1387.895,2,1,45.4,3,23.61666667,14.01666667
947,o_360810579002,6588.250496,1213.578,2,1,49.56666667,3,20.58333333,9.85
948,o_360810580001,8771.955784,1700.946,2,1,58.3,3,28.8,9.416666667
949,o_360810580002,7956.510643,4005.711,1,0,84.38333333,3,67.55,1.916666667
950,o_360810580003,8388.797267,1799.436,2,1,56.78333333,3,30.35,9.033333333
951,o_360810580004,9025.164714,1596.259,2,1,58.16666667,3,26.9,9.55
952,o_360810581001,6289.422924,987.809,2,1,38.65,3,16.86666667,11.26666667
953,o_360810581002,6204.872924,903.259,2,1,37.15,3,15.36666667,12.76666667
954,o_360810582001,8485.720267,1896.359,2,1,58.38333333,3,31.95,7.433333333
955,o_360810582002,8559.014267,1969.653,2,1,59.63333333,3,33.2,6.183333333
956,o_360810582003,9089.15885,1521.893,2,1,56.86666667,3,25.65,8.95
957,o_360810583001,6274.761924,973.148,2,1,38.41666667,3,16.63333333,11.5
958,o_360810583002,6418.416496,1043.744,2,1,46.63333333,3,17.65,8.283333333
959,o_360810583003,6598.124496,1223.452,2,1,49.66666667,3,20.68333333,9.75
960,o_360810585001,5967.025496,592.353,2,1,38.98333333,3,10,10.93333333
961,o_360810585002,6149.143924,847.53,2,1,36.21666667,3,14.43333333,13.7
962,o_360810585003,6510.221489,518.328,2,1,41.25,3,8.8,8.666666667
963,o_360810587001,5725.814735,764.385,2,1,38.95,3,12.88333333,10.96666667
964,o_360810587002,6105.009496,730.337,2,1,41.3,3,12.31666667,8.616666667
965,o_360810587003,6030.720496,656.048,2,1,40.03333333,3,11.05,9.883333333
966,o_360810589001,5947.241504,1281.491,2,1,45.66666667,3,21.68333333,9.25
967,o_360810589002,6005.92298,1413.231,2,1,41.56666667,3,24.06666667,6.816666667
968,o_360810589003,6643.890918,725.056,2,1,37.88333333,3,12.36666667,10.5
969,o_360810590001,8424.237924,2884.695,2,1,73.13333333,3,48.61666667,7.633333333
970,o_360810591001,5945.70398,1353.012,2,1,40.53333333,3,23.03333333,12.35
971,o_360810591002,6045.15598,1452.464,2,1,42.21666667,3,24.71666667,10.66666667
972,o_360810591003,6104.39098,1511.699,2,1,43.21666667,3,25.71666667,9.666666667
973,o_360810591004,5830.489603,2298.526,2,1,52.21666667,3,39.13333333,4.666666667
974,o_360810592001,10083.11737,2034.203,2,1,67.51666667,3,34.23333333,7.666666667
975,o_360810593001,5342.21798,749.526,2,1,30.33333333,3,12.83333333,13.05
976,o_360810593002,5525.771504,860.021,2,1,38.51666667,3,14.53333333,9.866666667
977,o_360810594001,10227.18866,1842.243,2,1,66.05,3,31.11666667,9.133333333
978,o_360810594002,10190.68066,1805.735,2,1,65.43333333,3,30.5,9.75
979,o_360810595011,5705.885504,1040.135,2,1,41.63333333,3,17.65,6.75
980,o_360810595012,5877.05198,1284.36,2,1,39.58333333,3,22.08333333,8.8
981,o_360810595021,5406.603756,1229.708,2,1,42.9,3,20.76666667,9.983333333
982,o_360810595022,5401.588756,1224.693,2,1,42.86666667,3,20.73333333,10.01666667
983,o_360810596001,8894.826608,2737.643,2,1,73.68333333,3,46.15,7.083333333
984,o_360810596002,10025.31637,1976.402,2,1,66.65,3,33.36666667,8.533333333
985,o_360810598001,8726.112213,2850.538,2,1,74.2,3,48.03333333,6.566666667
986,o_360810598002,9615.626052,949.071,2,1,53.38333333,3,16.08333333,7.8
987,o_360810599001,4769.154756,592.259,2,1,32.11666667,3,9.983333333,11.26666667
988,o_360810599002,4802.554756,625.659,2,1,32.73333333,3,10.6,10.65
989,o_360810600001,10478.75905,1812.204,2,1,66.9,3,30.6,8.283333333
990,o_360810601001,4744.426756,567.531,2,1,31.75,3,9.616666667,11.63333333
991,o_360810601002,4952.398756,775.503,2,1,35.3,3,13.16666667,8.083333333
992,o_360810603001,5399.46198,806.77,2,1,31.25,3,13.75,12.13333333
993,o_360810606001,10692.73296,1747.51,2,1,67.26666667,3,29.61666667,7.916666667
994,o_360810606002,10585.83517,3130.267,2,1,83.5,3,53.06666667,12.88333333
995,o_360810607011,4333.982166,1897.702,2,1,43.16666667,3,32.18333333,5.216666667
996,o_360810608001,8257.958785,1807.594,2,1,59.76666667,3,30.63333333,9.616666667
997,o_360810610001,8476.719785,2026.355,2,1,63.56666667,3,34.43333333,5.816666667
998,o_360810612001,8296.551439,2620.052,1,0,67.53333333,3,44.56666667,1.783333333
999,o_360810612002,9270.415338,2583.821,2,1,71.31666667,3,43.83333333,6.266666667
1000,o_360810613011,6862.01347,1116.141,2,1,38.75,3,18.93333333,7.916666667
1001,o_360810613012,6376.155496,1001.483,2,1,45.96666667,3,16.98333333,10.2
1002,o_360810613013,5493.973504,828.223,2,1,38,3,14.01666667,8.666666667
1003,o_360810613014,6091.696924,790.083,2,1,35.26666667,3,13.48333333,11.4
1004,o_360810613021,6431.032496,1143.532,2,1,37.23333333,3,19.33333333,9.433333333
1005,o_360810614001,11739.67396,2794.451,2,1,85.11666667,3,47.46666667,8.35
1006,o_360810616011,12123.15588,2413.342,2,1,82.18333333,3,40.78333333,11.28333333
1007,o_360810616012,12273.67988,2563.866,2,1,84.7,3,43.3,8.766666667
1008,o_360810616013,13491.48068,1513.292,3,2,74.88333333,3,25.7,19.58333333
1009,o_360810616021,13637.88514,1392.586,3,2,73.78333333,3,23.7,20.68333333
1010,o_360810616022,13510.2656,2873.776,0,0,73.7,6.25,48.7,21.68333333
1011,o_360810618001,9884.575377,1867.315,2,1,65.6,3,31.53333333,6.433333333
1012,o_360810618002,8731.258806,1962.02,2,1,63.45,3,33.28333333,6.266666667
1013,o_360810619001,4059.231559,2917.516,1,0,55.01666667,3,49.48333333,2.666666667
1014,o_360810619002,4551.86419,1037.285,2,1,31.28333333,3,17.6,10.25
1015,o_360810620001,8313.892424,3301.597,1,0,76.9,3,55.91666667,1.183333333
1016,o_360810621001,3857.619946,1246.782,2,1,31.01666667,3,21.13333333,10.51666667
1017,o_360810621002,4190.133752,2414.177,2,1,47.08333333,3,41.08333333,7.95
1018,o_360810621003,3727.215274,3189.92,1,0,56.63333333,3,54.03333333,1.05
1019,o_360810622001,10542.67117,3087.103,2,1,82.41666667,3,51.98333333,13.95
1020,o_360810622002,11421.20705,2754.652,2,1,82.98333333,3,46.68333333,7.183333333
1021,o_360810623001,5491.16819,1976.589,2,1,47.21666667,3,33.53333333,7.816666667
1022,o_360810623002,4728.747235,3861.775,1,0,69.68333333,3,65.48333333,3
1023,o_360810624001,9118.26431,3069.095,2,1,76.86666667,3,51.93333333,5.416666667
1024,o_360810625001,5335.786783,2980.922,2,1,59.33333333,3,50.53333333,7.2
1025,o_360810625002,5300.305076,3249.605,2,1,62.43333333,3,55.1,7.6
1026,o_360810626001,7569.331895,2064.229,2,1,59.01666667,3,35.01666667,7.4
1027,o_360810626002,8863.411395,1980.124,2,1,62.75,3,33.43333333,5.983333333
1028,o_360810626003,9276.000576,2204.987,2,1,66.36666667,3,37.35,7.916666667
1029,o_360810627001,6869.601496,1494.929,2,1,54.35,3,25.36666667,5.516666667
1030,o_360810627002,7065.432924,1763.819,2,1,51.83333333,3,30.05,8.033333333
1031,o_360810629001,5297.366076,3246.666,2,1,62.41666667,3,55.08333333,7.616666667
1032,o_360810629002,5627.237946,3016.4,2,1,61.05,3,51.16666667,5.483333333
1033,o_360810629003,6943.952924,1642.339,2,1,49.8,3,28.01666667,10.06666667
1034,o_360810630001,8078.809995,1954.928,2,1,60.13333333,3,33.11666667,6.283333333
1035,o_360810630002,7901.173839,3207.195,1,0,73.78333333,3,54.33333333,4.3
1036,o_360810632001,9288.924352,1771.352,2,1,61.83333333,3,29.86666667,6.9
1037,o_360810632002,9476.313916,1629.352,2,1,64.81666667,3,27.55,3.916666667
1038,o_360810633011,5471.54019,1956.961,2,1,46.9,3,33.21666667,8.133333333
1039,o_360810633021,4588.768274,4051.473,1,0,71.1,3,68.5,1.583333333
1040,o_360810633022,4542.957783,2188.093,2,1,45.88333333,3,37.08333333,9.15
1041,o_360810635001,4426.340274,3889.045,1,0,68.36666667,3,65.76666667,4.316666667
1042,o_360810635002,4626.009783,2271.145,2,1,47.28333333,3,38.48333333,7.75
1043,o_360810637001,4040.248752,2264.292,2,1,44.55,3,38.55,8.483333333
1044,o_360810637002,3876.66279,2430.383,2,1,45.41666667,3,41.01666667,7.616666667
1045,o_360810637003,4980.804981,4097.909,1,0,71.4,3,69.4,2.633333333
1046,o_360810637004,4120.421752,2344.465,2,1,45.73333333,3,39.73333333,9.3
1047,o_360810638001,12858.11239,2221.623,0,0,62.53333333,6.25,37.53333333,4.55
1048,o_360810638002,12430.99039,1794.501,0,0,55.38333333,6.25,30.38333333,11.7
1049,o_360810638003,12750.14839,2113.659,0,0,60.66666667,6.25,35.66666667,6.416666667
1050,o_360810638004,12985.22739,2348.738,0,0,64.61666667,6.25,39.61666667,2.466666667
1051,o_360810638005,13278.9596,2642.47,0,0,69.53333333,6.25,44.53333333,16.93333333
1052,o_360810639001,3771.337981,2888.442,1,0,50.93333333,3,48.93333333,1.483333333
1053,o_360810639002,3762.909981,2880.014,1,0,50.85,3,48.85,1.566666667
1054,o_360810641011,9914.33187,1397.047,3,2,44.03333333,3,23.53333333,9.383333333
1055,o_360810641021,6644.57756,5243.268,1,0,91.36666667,3,88.86666667,1.3
1056,o_360810645001,5458.82456,4057.515,1,0,71.43333333,3,68.93333333,2.233333333
1057,o_360810645002,2943.741981,2060.846,1,0,37.21666667,3,35.21666667,1.7
1058,o_360810646001,8074.067851,2745.804,1,0,69.05,3,46.55,3.416666667
1059,o_360810646002,9035.065979,2439.284,3,2,70.28333333,3,41.18333333,10.96666667
1060,o_360810650001,13204.0836,2567.594,0,0,68.38333333,6.25,43.38333333,18.08333333
1061,o_360810650002,13240.3006,2603.811,0,0,69.11666667,6.25,44.11666667,17.35
1062,o_360810654011,12481.43939,1844.95,0,0,56.2,6.25,31.2,5.266666667
1063,o_360810654012,12867.3626,2230.873,0,0,62.65,6.25,37.65,23.81666667
1064,o_360810654013,12455.27039,1818.781,0,0,55.71666667,6.25,30.71666667,5.75
1065,o_360810654021,13156.3046,2519.815,0,0,67.66666667,6.25,42.66666667,18.8
1066,o_360810655011,3278.539274,2741.244,1,0,48.91666667,3,46.31666667,3.15
1067,o_360810656001,12585.54139,1949.052,0,0,57.95,6.25,32.95,3.516666667
1068,o_360810656002,12817.5136,2181.024,0,0,61.85,6.25,36.85,24.61666667
1069,o_360810656003,13400.0826,2763.593,0,0,71.83333333,6.25,46.83333333,14.63333333
1070,o_360810657021,5776.069087,778.39,2,1,29.91666667,3,13.23333333,7.833333333
1071,o_360810657031,3765.955047,804.27,2,1,25.05,3,13.7,10.86666667
1072,o_360810657032,3372.674783,1017.81,2,1,26.11666667,3,17.31666667,9.8
1073,o_360810657033,3404.443783,1049.579,2,1,26.68333333,3,17.88333333,9.233333333
1074,o_360810659001,5127.227843,1033.29,2,1,30.51666667,3,17.63333333,7.233333333
1075,o_360810659002,5839.592087,841.913,2,1,31,3,14.31666667,6.75
1076,o_360810660001,13128.5896,2492.1,0,0,67.08333333,6.25,42.08333333,19.38333333
1077,o_360810660002,13147.0516,2510.562,0,0,67.4,6.25,42.4,19.06666667
1078,o_360810661001,5433.768944,988.984,2,1,31.2,3,16.85,6.55
1079,o_360810663011,3127.386076,1076.686,2,1,25.66666667,3,18.33333333,5.75
1080,o_360810663012,2620.528235,1753.556,1,0,33.91666667,3,29.71666667,3.15
1081,o_360810663021,5129.602843,1035.665,2,1,30.41666667,3,17.53333333,7.333333333
1082,o_360810664011,15386.99315,2830.331,1,0,80.26666667,9.25,47.58333333,7.2
1083,o_360810664012,13957.5826,3321.093,0,0,81.06666667,6.25,56.06666667,5.4
1084,o_360810664021,13196.9536,2560.464,0,0,68.3,6.25,43.3,18.16666667
1085,o_360810664022,13495.4946,2859.005,0,0,73.26666667,6.25,48.26666667,15.56666667
1086,o_360810664023,13641.6316,3005.142,0,0,75.68333333,6.25,50.68333333,13.15
1087,o_360810664031,13763.1806,3126.691,0,0,77.73333333,6.25,52.73333333,11.1
1088,o_360810664032,14029.2366,3392.747,0,0,82.23333333,6.25,57.23333333,6.6
1089,o_360810664033,14130.0306,3493.541,0,0,83.95,6.25,58.95,4.883333333
1090,o_360810664041,17040.03448,4964.48,0,0,111.7833333,6.25,83.78333333,32.05
1091,o_360810665011,4103.076166,1666.796,2,1,39.38333333,3,28.4,5.733333333
1092,o_360810665012,4398.614459,1799.53,2,1,39.75,3,30.53333333,5.366666667
1093,o_360810665013,3644.505287,1731.058,2,1,37.25,3,29.18333333,7.866666667
1094,o_360810665014,3930.057234,2351.221,1,0,42.78333333,3,39.78333333,1.333333333
1095,o_360810667011,3722.295948,1050.153,2,1,30.68333333,3,17.88333333,9.433333333
1096,o_360810667012,3300.205287,1386.758,2,1,31.51666667,3,23.45,8.6
1097,o_360810669001,3318.298287,1404.851,2,1,31.83333333,3,23.76666667,8.283333333
1098,o_360810669002,3134.995287,1221.548,2,1,28.68333333,3,20.61666667,11.43333333
1099,o_360810671001,3573.476234,1994.64,1,0,36.75,3,33.75,2.366666667
1100,o_360810671002,3241.067234,1662.231,1,0,31.11666667,3,28.11666667,8
1101,o_360810677001,2464.884274,1927.589,1,0,35.28333333,3,32.68333333,4.15
1102,o_360810677002,2734.514235,1867.542,1,0,35.93333333,3,31.73333333,3.5
1103,o_360810679001,2721.144676,1144.066,1,0,22.4,3,19.4,2.883333333
1104,o_360810679002,2386.554506,1550.147,1,0,27.81666667,3,26.31666667,1.466666667
1105,o_360810679003,2165.582698,1902.36,1,0,33.51666667,3,32.23333333,5.916666667
1106,o_360810680001,13064.5926,2428.103,0,0,66.01666667,6.25,41.01666667,22.81666667
1107,o_360810680002,13541.4306,2904.941,0,0,74.05,6.25,49.05,14.78333333
1108,o_360810680003,13814.9106,3178.421,0,0,78.68333333,6.25,53.68333333,10.15
1109,o_360810680004,13936.0236,3299.534,0,0,80.66666667,6.25,55.66666667,8.166666667
1110,o_360810682001,13839.39325,1763.839,0,0,57.83333333,6.25,29.83333333,6
1111,o_360810682002,13745.63525,1670.081,0,0,56.26666667,6.25,28.26666667,3.35
1112,o_360810683001,1877.075968,1132.919,1,0,20.68333333,3,19.18333333,3.716666667
1113,o_360810683002,2222.772676,645.694,1,0,14.05,3,11.05,2.016666667
1114,o_360810683003,2304.530676,727.452,1,0,15.36666667,3,12.36666667,5.7
1115,o_360810687001,1599.075506,762.668,1,0,14.41666667,3,12.91666667,1.65
1116,o_360810687002,1760.529506,924.122,1,0,17.13333333,3,15.63333333,3.933333333
1117,o_360810687003,2314.848676,737.77,1,0,15.53333333,3,12.53333333,5.533333333
1118,o_360810690001,14659.40448,2583.85,0,0,71.76666667,6.25,43.76666667,12.85
1119,o_360810690002,14880.22948,2804.675,0,0,75.38333333,6.25,47.38333333,9.233333333
1120,o_360810693001,1434.706427,955.271,1,0,18.2,3,16.25,1.266666667
1121,o_360810693002,1450.413506,614.006,1,0,11.96666667,3,10.46666667,2.1
1122,o_360810694001,13952.5326,3316.043,0,0,81,6.25,56,3.616666667
1123,o_360810694002,15211.42548,3135.871,0,0,80.9,6.25,52.9,3.716666667
1124,o_360810695001,1740.041698,1476.819,1,0,26.33333333,3,25.05,8.883333333
1125,o_360810695002,2072.185506,1235.778,1,0,22.46666667,3,20.96666667,2.6
1126,o_360810697011,1449.314506,612.907,1,0,11.91666667,3,10.41666667,2.15
1127,o_360810697012,1605.740506,769.333,1,0,14.56666667,3,13.06666667,1.5
1128,o_360810697013,1898.525506,1062.118,1,0,19.65,3,18.15,1.416666667
1129,o_360810697021,2116.043506,1279.636,1,0,23.38333333,3,21.88333333,1.683333333
1130,o_360810697022,2267.961506,1431.554,1,0,26.01666667,3,24.51666667,2.55
1131,o_360810697023,1898.563698,1635.341,1,0,28.95,3,27.66666667,6.266666667
1132,o_360810697024,2507.08279,1060.803,2,1,22.38333333,3,17.98333333,7.183333333
1133,o_360810703001,2805.099981,1922.204,1,0,34.6,3,32.6,2.466666667
1134,o_360810703002,2969.733981,2086.838,1,0,37.46666667,3,35.46666667,3.6
1135,o_360810707001,2778.643981,1895.748,1,0,34.36666667,3,32.36666667,2.7
1136,o_360810707002,3002.490981,2119.595,1,0,38.15,3,36.15,2.916666667
1137,o_360810707003,2576.281981,1693.386,1,0,30.9,3,28.9,1.666666667
1138,o_360810709001,2315.454981,1432.559,1,0,26.38333333,3,24.38333333,1.183333333
1139,o_360810709002,2506.101981,1623.206,1,0,29.73333333,3,27.73333333,2.833333333
1140,o_360810711001,2743.108012,1070.293,2,1,21.23333333,3,18.23333333,8.333333333
1141,o_360810711002,2046.636981,1163.741,1,0,21.71666667,3,19.71666667,3.35
1142,o_360810711003,2752.552506,1916.145,1,0,33.98333333,3,32.48333333,3.65
1143,o_360810711004,1412.583981,529.688,1,0,11.08333333,3,9.083333333,5.983333333
1144,o_360810713031,1957.839506,1121.432,1,0,20.53333333,3,19.03333333,2.6
1145,o_360810713032,2294.940981,1412.045,1,0,25.9,3,23.9,4.166666667
1146,o_360810713033,1737.502981,854.607,1,0,16.51666667,3,14.51666667,3.05
1147,o_360810713041,1557.919506,721.512,1,0,13.8,3,12.3,2.266666667
1148,o_360810713042,2341.990981,1459.095,1,0,26.76666667,3,24.76666667,3.3
1149,o_360810713043,1647.427506,811.02,1,0,15.26666667,3,13.76666667,5.8
1150,o_360810713044,1919.834506,1083.427,1,0,19.86666667,3,18.36666667,1.2
1151,o_360810713051,2522.571012,849.756,2,1,17.41666667,3,14.41666667,8.65
1152,o_360810713052,1971.505506,1135.098,1,0,20.75,3,19.25,2.383333333
1153,o_360810713053,1760.019981,877.124,1,0,16.86666667,3,14.86666667,2.7
1154,o_360810713054,1601.788981,718.893,1,0,14.21666667,3,12.21666667,2.85
1155,o_360810713061,1717.058506,880.651,1,0,16.45,3,14.95,4.616666667
1156,o_360810713062,2435.910981,1553.015,1,0,28.35,3,26.35,3.716666667
1157,o_360810713063,1985.083506,1148.676,1,0,20.98333333,3,19.48333333,2.15
1158,o_360810713064,1682.099506,845.692,1,0,15.83333333,3,14.33333333,5.233333333
1159,o_360810716001,26862.59208,2526.18,2,1,106.6,9.25,42.6,35.01666667
1160,o_360810717011,1782.423506,946.016,1,0,17.56666667,3,16.06666667,3.5
1161,o_360810717012,1403.405506,566.998,1,0,11.2,3,9.7,2.866666667
1162,o_360810717013,1485.002506,648.595,1,0,12.56666667,3,11.06666667,1.5
1163,o_360810717014,1624.975506,788.568,1,0,14.96666667,3,13.46666667,1.1
1164,o_360810717021,1851.092506,1014.685,1,0,18.81666667,3,17.31666667,2.25
1165,o_360810717022,1603.778506,767.371,1,0,14.55,3,13.05,1.516666667
1166,o_360810719001,1909.946041,1354.366,1,0,25.33333333,3,23.05,2.983333333
1167,o_360810719002,1135.436276,931.604,1,0,16.76666667,3,15.93333333,2.566666667
1168,o_360810721001,1030.114276,826.282,1,0,14.98333333,3,14.15,4.35
1169,o_360810721002,1889.568506,1053.161,1,0,19.36666667,3,17.86666667,1.7
1170,o_360810721003,1885.664506,1049.257,1,0,19.3,3,17.8,1.766666667
1171,o_360810721004,1898.795506,1062.388,1,0,19.55,3,18.05,1.516666667
1172,o_360810721005,2433.254981,1550.359,1,0,28.43333333,3,26.43333333,3.633333333
1173,o_360810723001,1741.127981,858.232,1,0,16.76666667,3,14.76666667,2.8
1174,o_360810723002,2001.181981,1118.286,1,0,21.26666667,3,19.26666667,3.8
1175,o_360810723003,2085.546981,1202.651,1,0,22.55,3,20.55,2.516666667
1176,o_360810729001,2383.725981,1500.83,1,0,27.8,3,25.8,4.766666667
1177,o_360810729002,5371.12156,3969.812,1,0,69.96666667,3,67.46666667,1.85
1178,o_360810731001,2529.516981,1646.621,1,0,29.96666667,3,27.96666667,2.6
1179,o_360810731002,2526.416981,1643.521,1,0,30.15,3,28.15,2.416666667
1180,o_360810737001,1494.367981,611.472,1,0,12.4,3,10.4,4.666666667
1181,o_360810737002,1724.064981,841.169,1,0,16.33333333,3,14.33333333,3.233333333
1182,o_360810739001,1717.203981,834.308,1,0,16.3,3,14.3,3.266666667
1183,o_360810739002,1681.721981,798.826,1,0,15.61666667,3,13.61666667,1.45
1184,o_360810739003,1479.003981,596.108,1,0,12.21666667,3,10.21666667,4.85
1185,o_360810739004,1363.489981,480.594,1,0,10.25,3,8.25,6.816666667
1186,o_360810739005,1436.183981,553.288,1,0,11.46666667,3,9.466666667,5.6
1187,o_360810741001,2614.863012,942.048,2,1,19.05,3,16.05,7.016666667
1188,o_360810741002,2520.645012,847.83,2,1,17.4,3,14.4,7.183333333
1189,o_360810741003,2512.222012,839.407,2,1,17.3,3,14.3,7.283333333
1190,o_360810741004,2565.542012,892.727,2,1,18.13333333,3,15.13333333,11.45
1191,o_360810743001,1626.696676,1373.276,1,0,24.76666667,3,23.46666667,4.133333333
1192,o_360810743002,2120.956259,1557.163,1,0,28.76666667,3,26.48333333,5.983333333
1193,o_360810743003,2239.463506,1403.056,1,0,25.26666667,3,23.76666667,3.316666667
1194,o_360810743004,2207.688506,1371.281,1,0,24.7,3,23.2,3.883333333
1195,o_360810745001,4404.207994,1043.957,2,1,25.75,3,17.71666667,3.833333333
1196,o_360810745002,2351.010506,1514.603,1,0,27.15,3,25.65,1.433333333
1197,o_360810747001,1614.630676,1361.21,1,0,24.48333333,3,23.18333333,4.416666667
1198,o_360810747002,2891.542012,1218.727,2,1,23.7,3,20.7,9.883333333
1199,o_360810749001,2241.303981,1358.408,1,0,25.15,3,23.15,1.933333333
1200,o_360810749002,2446.495981,1563.6,1,0,28.51666667,3,26.51666667,6.566666667
1201,o_360810757011,2164.19664,567.897,2,1,13.75,3,9.75,4.333333333
1202,o_360810757012,2104.49064,508.191,2,1,12.75,3,8.75,5.333333333
1203,o_360810757013,2258.701617,381.892,1,0,9.466666667,3,6.466666667,1.05
1204,o_360810757021,1672.053981,789.158,1,0,15.43333333,3,13.43333333,2.65
1205,o_360810757022,1876.427981,993.532,1,0,18.86666667,3,16.86666667,8.216666667
1206,o_360810757023,1594.541981,711.646,1,0,14.1,3,12.1,3.983333333
1207,o_360810769011,2269.275981,1386.38,1,0,25.35,3,23.35,1.733333333
1208,o_360810769012,2035.13564,438.836,2,1,11.5,3,7.5,6.583333333
1209,o_360810769021,2428.60264,832.303,2,1,18.11666667,3,14.11666667,8.966666667
1210,o_360810773001,2325.954355,1248.476,1,0,23.05,3,21.05,5.666666667
1211,o_360810773002,2515.472617,638.663,1,0,13.81666667,3,10.81666667,4.2
1212,o_360810773003,2901.638617,1024.829,1,0,20.35,3,17.35,3.166666667
1213,o_360810775001,3082.527617,1205.718,1,0,23.41666667,3,20.41666667,5.6
1214,o_360810775002,2909.381617,1032.572,1,0,20.45,3,17.45,3.066666667
1215,o_360810775003,2516.860617,640.051,1,0,13.81666667,3,10.81666667,4.2
1216,o_360810779021,2354.922592,860.176,1,0,21.75,3,14.58333333,4.8
1217,o_360810779022,2535.409597,2239.947,1,0,40.2,3,37.9,1.5
1218,o_360810779023,3271.186557,1188.687,1,0,30.75,3,20.08333333,3.25
1219,o_360810779024,2976.113981,2093.218,1,0,37.43333333,3,35.43333333,7.15
1220,o_360810779025,2469.605592,974.859,1,0,23.65,3,16.48333333,2.9
1221,o_360810779031,2040.06931,1438.08,1,0,27.8,3,24.15,3.566666667
1222,o_360810779032,1961.828597,1666.366,1,0,30.03333333,3,28.06666667,1.333333333
1223,o_360810779033,2211.888226,1548.524,1,0,29.91666667,3,26.21666667,2.916666667
1224,o_360810779041,1518.012937,1290.631,1,0,23.1,3,21.93333333,7.45
1225,o_360810779042,1258.958937,1031.577,1,0,18.66666667,3,17.5,11.88333333
1226,o_360810779043,1935.958597,1640.496,1,0,29.61666667,3,27.65,1.75
1227,o_360810779044,1702.734937,1475.353,1,0,26.15,3,24.98333333,4.4
1228,o_360810779051,1377.109937,1149.728,1,0,20.61666667,3,19.45,9.933333333
1229,o_360810779052,1177.863937,950.482,1,0,17.33333333,3,16.16666667,1.216666667
1230,o_360810779061,2562.042937,2334.661,1,0,40.71666667,3,39.55,1.833333333
1231,o_360810779062,2410.284592,915.538,1,0,22.66666667,3,15.5,3.883333333
1232,o_360810779071,2704.63331,2102.644,1,0,39.4,3,35.41666667,2.3
1233,o_360810779072,2214.604226,1551.24,1,0,30,3,26.3,2.833333333
1234,o_360810779081,1753.155937,1525.774,1,0,27.01666667,3,25.85,3.533333333
1235,o_360810779082,1911.979281,1502.134,1,0,27.76666667,3,25.48333333,1.983333333
1236,o_360810788001,7975.045764,2117.3,2,1,58.86666667,3,35.83333333,6.65
1237,o_360810788002,8015.870623,3093.814,2,1,70.73333333,3,52.18333333,10.28333333
1238,o_360810790001,7497.62087,3519.839,2,1,75.06666667,3,59.5,5.95
1239,o_360810790002,8062.910623,3140.854,2,1,71.51666667,3,52.96666667,9.5
1240,o_360810792001,8284.668623,3362.612,2,1,75.23333333,3,56.68333333,5.783333333
1241,o_360810792002,8593.923623,3671.867,2,1,80.48333333,3,61.93333333,16.03333333
1242,o_360810793001,2838.90676,2511.142,1,0,43.88333333,3,42.31666667,2.666666667
1243,o_360810797011,1262.280595,772.162,1,0,16.48333333,3,13.11666667,4.833333333
1244,o_360810797012,1344.918595,854.8,1,0,17.86666667,3,14.5,3.45
1245,o_360810797013,1422.703595,932.585,1,0,19.18333333,3,15.81666667,2.133333333
1246,o_360810797014,1388.629595,898.511,1,0,18.61666667,3,15.25,2.7
1247,o_360810797021,1375.080595,884.962,1,0,18.31666667,3,14.95,3
1248,o_360810797022,1203.041595,712.923,1,0,15.41666667,3,12.05,5.9
1249,o_360810797023,876.5893684,529.007,1,0,11.31666667,3,8.983333333,7.616666667
1250,o_360810797024,1439.659595,949.541,1,0,19.38333333,3,16.01666667,1.933333333
1251,o_360810799001,1057.083831,504.295,1,0,11.4,3,8.55,1.066666667
1252,o_360810799002,1241.628922,715.327,1,0,15.75,3,12.13333333,4.833333333
1253,o_360810803011,1456.604528,1254.576,1,0,22.63333333,3,21.25,2.033333333
1254,o_360810803012,1268.791528,1066.763,1,0,19.33333333,3,17.95,5.333333333
1255,o_360810803013,796.5085279,594.48,1,0,11.41666667,3,10.03333333,3.25
1256,o_360810803021,1398.86376,1071.099,1,0,19.63333333,3,18.06666667,6.916666667
1257,o_360810803022,1320.66776,992.903,1,0,18.35,3,16.78333333,8.2
1258,o_360810803023,1302.97276,975.208,1,0,18.03333333,3,16.46666667,8.516666667
1259,o_360810809001,2474.911336,1461.406,1,0,29.88333333,3,24.68333333,4.116666667
1260,o_360810809002,2145.254353,1131.749,1,0,24,3,19.13333333,2.55
1261,o_360810809003,1975.581353,962.076,1,0,21.11666667,3,16.25,5.433333333
1262,o_360810809004,1871.29249,1229.444,1,0,23.91666667,3,20.83333333,2.633333333
1263,o_360810809005,2042.515353,1029.01,1,0,22.21666667,3,17.35,4.333333333
1264,o_360810809006,2351.596336,1338.091,1,0,27.83333333,3,22.63333333,6.166666667
1265,o_360810809007,1853.24576,1525.481,1,0,27.43333333,3,25.75,6.566666667
1266,o_360810814001,8573.534623,3651.478,2,1,80.23333333,3,61.68333333,16.28333333
1267,o_360810814002,4835.080336,4225.316,2,1,75.16666667,3,71.6,4.6
1268,o_360810814003,9606.886764,3749.141,2,1,86.46666667,3,63.43333333,10.05
1269,o_360810818001,8590.310623,3668.254,2,1,80.41666667,3,61.86666667,16.1
1270,o_360810818002,13033.24201,3294.76,2,1,81.41666667,9.25,55.56666667,21.1
1271,o_360810818003,12928.30663,3610.672,2,1,85.28333333,9.25,61.03333333,17.23333333
1272,o_360810837001,944.2201268,565.129,1,0,11.48333333,3,9.533333333,2.066666667
1273,o_360810837002,1162.026528,959.998,1,0,17.66666667,3,16.28333333,7
1274,o_360810837003,1350.284528,1148.256,1,0,20.81666667,3,19.43333333,3.85
1275,o_360810837004,773.0606088,573.757,1,0,11.11666667,3,9.716666667,1.266666667
1276,o_360810837005,1992.040973,1419.344,1,0,27.3,3,23.95,2.533333333
1277,o_360810838001,19468.71442,2151.439,2,1,80.15,9.25,36.28333333,12.45
1278,o_360810838002,19906.91441,2957.749,2,1,76.96666667,6.25,49.96666667,10.63333333
1279,o_360810838003,5361.343396,4787.125,1,0,82.15,3,80.65,1.033333333
1280,o_360810838004,6934.722838,4284.272,1,0,77.76666667,3,72.26666667,7.483333333
1281,o_360810840001,19880.74041,2931.575,2,1,76.68333333,6.25,49.68333333,10.91666667
1282,o_360810840002,6441.058148,4389.93,2,1,78.95,3,74.08333333,10.56666667
1283,o_360810840003,6224.252295,4175.047,2,1,75.55,3,70.51666667,5.316666667
1284,o_360810840004,6889.281144,4067.332,2,1,75.11666667,3,68.58333333,5.75
1285,o_360810840005,6251.310989,4373.604,1,0,77.85,3,73.85,7.4
1286,o_360810845001,1685.550634,1295.69,1,0,24.25,3,21.96666667,3.783333333
1287,o_360810845002,1411.895591,1176.488,1,0,21.21666667,3,19.83333333,1.616666667
1288,o_360810845003,1379.945591,1144.538,1,0,20.71666667,3,19.33333333,2.116666667
1289,o_360810846011,18976.52242,1659.247,2,1,71.91666667,9.25,28.05,20.68333333
1290,o_360810846012,5977.935396,5403.717,1,0,92.48333333,3,90.98333333,4.033333333
1291,o_360810846021,19054.77376,2524.404,1,0,85.13333333,9.25,42.83333333,13.65
1292,o_360810849011,2150.784536,1402.06,1,0,25.88333333,3,23.68333333,1.95
1293,o_360810849012,2176.761536,1428.037,1,0,26.33333333,3,24.13333333,1.5
1294,o_360810849021,1464.401587,648.491,1,0,15.11666667,3,10.91666667,4.383333333
1295,o_360810849022,2596.906217,1140.652,1,0,23.56666667,3,19.26666667,4.266666667
1296,o_360810853001,1468.137587,652.227,1,0,15.26666667,3,11.06666667,4.233333333
1297,o_360810853002,2623.070217,1166.816,1,0,24,3,19.7,3.833333333
1298,o_360810853003,1695.4346,1065.73,1,0,21.63333333,3,17.98333333,1.683333333
1299,o_360810853004,2116.394624,1674.516,1,0,30.73333333,3,28.46666667,1.216666667
1300,o_360810855001,1390.954024,1080.727,1,0,19.8,3,18.23333333,1.65
1301,o_360810855002,1208.188024,897.961,1,0,16.73333333,3,15.16666667,4.716666667
1302,o_360810855003,2146.011837,1233.327,1,0,25.55,3,20.71666667,3.716666667
1303,o_360810855004,1447.807944,440.336,1,0,11.36666667,3,7.45,1.316666667
1304,o_360810857001,1266.177944,258.706,1,0,8.266666667,3,4.35,2.766666667
1305,o_360810857002,1465.678944,458.207,1,0,11.65,3,7.733333333,1.033333333
1306,o_360810857003,1884.759339,1532.563,1,0,27.81666667,3,25.75,4.416666667
1307,o_360810859001,1865.957339,1513.761,1,0,27.5,3,25.43333333,4.733333333
1308,o_360810859002,1506.17434,1219.989,1,0,22.3,3,20.65,1.233333333
1309,o_360810859003,1436.46834,1150.283,1,0,21.06666667,3,19.41666667,2.466666667
1310,o_360810861001,2695.698043,1597.974,1,0,31.45,3,26.95,1.433333333
1311,o_360810861002,2134.911773,1108.596,1,0,22.61666667,3,18.66666667,3.45
1312,o_360810863001,1898.160064,1557.819,1,0,28.06666667,3,26.41666667,4.683333333
1313,o_360810863002,1408.181024,1097.954,1,0,20.1,3,18.53333333,1.35
1314,o_360810863003,1262.193024,951.966,1,0,17.63333333,3,16.06666667,3.816666667
1315,o_360810863004,1318.686024,1008.459,1,0,18.6,3,17.03333333,2.85
1316,o_360810864001,6853.730144,4031.781,2,1,74.6,3,68.06666667,6.266666667
1317,o_360810864002,4842.623964,3318.917,1,0,59.68333333,3,56.18333333,7.516666667
1318,o_360810865001,1797.288064,1456.947,1,0,26.33333333,3,24.68333333,6.416666667
1319,o_360810865002,1683.274806,980.567,1,0,20.13333333,3,16.58333333,1.316666667
1320,o_360810865003,2085.962064,1745.621,1,0,31.26666667,3,29.61666667,1.483333333
1321,o_360810869001,2071.3894,1765.184,1,0,31.9,3,29.8,2.016666667
1322,o_360810869002,2828.537862,2275.586,1,0,41.88333333,3,38.4,1.033333333
1323,o_360810871001,2007.756587,1191.846,1,0,24.3,3,20.1,2.2
1324,o_360810871002,1723.78395,601.67,1,0,15.98333333,3,10.2,3.516666667
1325,o_360810884001,6766.913648,3317.408,2,1,68.06666667,3,56.06666667,16.11666667
1326,o_360810884002,18806.8929,1740.455,2,1,57.1,6.25,29.6,11
1327,o_360810884003,19431.48045,1447.083,2,1,54.28333333,6.25,24.78333333,13.81666667
1328,o_360810884004,7865.325648,4415.82,2,1,85.01666667,3,74.51666667,11.16666667
1329,o_360810884005,20262.42845,2278.031,2,1,69.06666667,6.25,38.56666667,18.53333333
1330,o_360810884006,19571.11645,1586.719,2,1,56.33333333,6.25,26.83333333,11.76666667
1331,o_360810884007,7435.559195,3068.094,2,1,65.91666667,3,51.91666667,18.26666667
1332,o_360810884008,7086.705648,3637.2,2,1,73.5,3,61.5,10.68333333
1333,o_360810889021,3423.480542,595.445,2,1,22.81666667,3,10.03333333,5.866666667
1334,o_360810889022,3366.392155,383.95,2,1,23.18333333,3,6.45,5.5
1335,o_360810889023,3016.827489,589.082,2,1,23.81666667,3,9.916666667,4.866666667
1336,o_360810889024,2964.955312,465.316,2,1,18.95,3,7.833333333,4.733333333
1337,o_360810889031,4147.268224,2044.297,1,0,45.25,3,34.41666667,2.15
1338,o_360810889032,3813.280886,1710.294,1,0,41.08333333,3,28.83333333,1.833333333
1339,o_360810889033,3250.946111,2898.78,1,0,50,3,48.86666667,1.35
1340,o_360810892011,17507.10224,3509.693,2,1,78.95,6.25,59.45,8.65
1341,o_360810892012,6641.801578,4975.685,1,0,90.38333333,3,84.38333333,4.8
1342,o_360810892013,20237.16345,3954.083,2,1,91.73333333,9.25,67.26666667,14.06666667
1343,o_360810892014,18975.82738,4476.136,2,1,96.16666667,9.25,76.2,9.633333333
1344,o_360810892015,20729.9119,3663.474,2,1,88.1,6.25,62.1,16.56666667
1345,o_360810892016,20405.72645,3796.086,2,1,89.23333333,6.25,64.23333333,15.43333333
1346,o_360810892017,20795.1169,3728.679,2,1,89.16666667,6.25,63.16666667,15.5
1347,o_360810892018,17481.51471,4860.098,2,1,97.83333333,9.25,82.36666667,14.53333333
1348,o_360810892021,21323.2949,4256.857,2,1,99.06666667,6.25,72.06666667,20.6
1349,o_360810907001,3475.12039,2106.26,1,0,44.63333333,3,35.56666667,1.333333333
1350,o_360810919001,3706.824928,2584.711,1,0,51.36666667,3,43.68333333,3.6
1351,o_360810919002,7164.442505,675.905,2,1,43.96666667,3,11.5,6.283333333
1352,o_360810919003,6753.376192,1333.388,1,0,53.01666667,3,22.46666667,1.95
1353,o_360810922001,14064.74248,3221.969,2,1,76.08333333,3,54.58333333,12.95
1354,o_360810922002,14480.65848,3637.885,2,1,83.96666667,3,61.96666667,20.06666667
1355,o_360810922003,14807.34548,3964.572,2,1,89.4,3,67.4,14.63333333
1356,o_360810925001,6694.636174,1121.496,2,1,42.06666667,3,19.03333333,12.61666667
1357,o_360810925002,6917.339174,1344.199,2,1,45.81666667,3,22.78333333,8.866666667
1358,o_360810925003,7202.141517,1265.054,2,1,46.05,3,21.4,8.633333333
1359,o_360810928001,14102.63148,3259.858,2,1,76.88333333,3,55.38333333,12.15
1360,o_360810928002,13491.31536,3375.45,2,1,76.61666667,3,57.11666667,12.41666667
1361,o_360810928003,13896.65748,3053.884,2,1,73.41666667,3,51.91666667,15.61666667
1362,o_360810929001,7835.258622,1700.778,2,1,60.25,3,28.88333333,2.816666667
1363,o_360810929002,7115.610635,981.114,1,0,50.31666667,3,16.63333333,4.65
1364,o_360810929003,7153.625517,1216.538,2,1,45.3,3,20.65,9.383333333
1365,o_360810929004,7626.89146,1275.83,2,1,54.93333333,3,21.58333333,5.95
1366,o_360810929005,7509.617174,1936.477,2,1,55.5,3,32.86666667,14.6
1367,o_360810934011,13104.31648,2261.543,2,1,60.3,3,38.3,14.23333333
1368,o_360810934012,13216.15448,2373.381,2,1,62.35,3,40.35,12.18333333
1369,o_360810934013,13391.32448,2548.551,2,1,65.35,3,43.35,9.183333333
1370,o_360810934021,12434.82236,2318.957,2,1,59.26666667,3,39.26666667,15.26666667
1371,o_360810934022,12786.35736,2670.492,2,1,65.28333333,3,45.28333333,9.25
1372,o_360810934023,12502.40248,1659.629,2,1,50.25,3,28.25,9.783333333
1373,o_360810938001,11414.39166,1935.698,2,1,50.76666667,3,32.76666667,9.266666667
1374,o_360810938002,11255.30966,1776.616,2,1,48.13333333,3,30.13333333,11.9
1375,o_360810938003,11564.37736,1448.512,2,1,44.53333333,3,24.53333333,15.5
1376,o_360810939001,7587.596174,2014.456,2,1,56.76666667,3,34.13333333,13.33333333
1377,o_360810939002,7886.388984,1234.539,2,1,55.6,3,20.93333333,5.283333333
1378,o_360810939003,7948.721984,1296.872,2,1,56.6,3,21.93333333,4.283333333
1379,o_360810942011,10744.38466,1265.691,2,1,39.5,3,21.5,20.53333333
1380,o_360810942012,10751.67466,1272.981,2,1,39.61666667,3,21.61666667,20.41666667
1381,o_360810942021,5941.295775,2623.816,1,0,52.45,3,44.45,6.583333333
1382,o_360810942022,5412.526405,2827.848,1,0,53.28333333,3,47.78333333,5.75
1383,o_360810942023,5189.576775,1872.097,1,0,39.73333333,3,31.73333333,2.3
1384,o_360810942031,5807.478775,2489.999,1,0,50.21666667,3,42.21666667,8.816666667
1385,o_360810942032,6048.964775,2731.485,1,0,54.28333333,3,46.28333333,4.75
1386,o_360810942033,5614.304405,3029.626,1,0,56.76666667,3,51.26666667,2.266666667
1387,o_360810942034,5437.045405,2852.367,1,0,53.73333333,3,48.23333333,5.3
1388,o_360810942035,5266.676405,2681.998,1,0,50.9,3,45.4,8.133333333
1389,o_360810945001,10080.35763,939.454,2,1,52.36666667,3,15.85,5.266666667
1390,o_360810945002,9850.211697,1091.26,2,1,53.3,3,18.46666667,4.333333333
1391,o_360810947001,10523.92414,588.693,2,1,50,3,9.966666667,7.633333333
1392,o_360810947002,10946.90506,518.285,2,1,51.05,3,8.833333333,6.583333333
1393,o_360810954001,5242.898775,1925.419,1,0,40.6,3,32.6,1.433333333
1394,o_360810954002,4456.034405,1871.356,1,0,37.33333333,3,31.83333333,4.7
1395,o_360810954003,4607.549405,2022.871,1,0,39.81666667,3,34.31666667,2.216666667
1396,o_360810964001,4654.681405,2070.003,1,0,40.56666667,3,35.06666667,1.466666667
1397,o_360810964002,4654.203405,2069.525,1,0,40.55,3,35.05,1.483333333
1398,o_360810972021,3012.305059,2231.079,1,0,39.75,3,37.75,2.283333333
1399,o_360810972041,2878.008059,2096.782,1,0,37.53333333,3,35.53333333,4.5
1400,o_360810972042,3456.413167,1937.125,1,0,36.26666667,3,32.76666667,5.766666667
1401,o_360810972043,3628.357167,2109.069,1,0,39.21666667,3,35.71666667,2.816666667
1402,o_360810972051,4189.695405,1605.017,1,0,32.81666667,3,27.31666667,9.216666667
1403,o_360810972052,3548.829167,2029.541,1,0,37.9,3,34.4,4.133333333
1404,o_360810972061,2552.275059,1771.049,1,0,32.03333333,3,30.03333333,10
1405,o_360810972062,2925.529059,2144.303,1,0,38.36666667,3,36.36666667,3.666666667
1406,o_360810972071,3959.616059,3178.39,1,0,55.81666667,3,53.81666667,3.216666667
1407,o_360810973001,9610.533982,1089.634,2,1,52.35,3,18.35,5.283333333
1408,o_360810973002,4724.370306,1395.395,1,0,37.33333333,3,23.56666667,1.35
1409,o_360810973003,9211.589931,1241.359,2,1,52.98333333,3,20.93333333,4.65
1410,o_360810981001,5123.21969,2405.14,1,0,51.95,3,40.71666667,1.733333333
1411,o_360810981002,4380.564047,1265.813,1,0,34.33333333,3,21.46666667,4.35
1412,o_360810987001,5325.265013,1120.253,1,0,36.45,3,18.91666667,2.233333333
1413,o_360810987002,4376.080047,1261.329,1,0,34.26666667,3,21.4,4.416666667
1414,o_360810991001,6161.577946,890.68,1,0,37.18333333,3,15.1,1.5
1415,o_360810991002,6079.668064,2089.207,1,0,51.85,3,35.25,1.833333333
1416,o_360810991003,6926.688946,1655.791,1,0,50.11666667,3,28.03333333,3.566666667
1417,o_360810991004,7978.874309,939.329,2,1,45.46666667,3,15.93333333,7.166666667
1418,o_360810991005,8236.021696,1578.838,2,1,54.13333333,3,26.73333333,3.5
1419,o_360810992001,2772.719005,1431.037,2,1,27.23333333,3,24.23333333,8.3
1420,o_360810992002,2055.060059,1273.834,1,0,23.65,3,21.65,2.383333333
1421,o_360810997011,9002.433434,1650.392,2,1,54.1,3,27.76666667,6.783333333
1422,o_360810997012,6331.86098,1427.679,2,1,44.26666667,3,24.13333333,3.366666667
1423,o_360810997013,6779.795477,1131.837,2,1,43.05,3,19.21666667,4.583333333
1424,o_360810997031,7619.401891,2282.823,1,0,63.96666667,3,38.51666667,1.116666667
1425,o_360810997032,7393.877107,2360.444,1,0,63.55,3,39.81666667,1.533333333
1426,o_360810997033,7439.964081,615.843,2,1,39.78333333,3,10.36666667,6.85
1427,o_360810997041,7765.933101,2141.605,1,0,63.08333333,3,36.08333333,2
1428,o_360810997042,7839.333458,712.064,2,1,42.66666667,3,12.1,3.966666667
1429,o_360810997043,7975.863915,1536.867,2,1,53.7,3,25.95,8.933333333
1430,o_360810997044,7537.959081,713.838,2,1,41.51666667,3,12.1,5.116666667
1431,o_360810997045,7707.908101,2083.58,1,0,62.15,3,35.15,2.933333333
1432,o_360810997051,7869.15726,3319.417,1,0,70.15,3,56.13333333,1.766666667
1433,o_360810998011,2462.806059,1681.58,1,0,30.5,3,28.5,1.033333333
1434,o_360810998012,2802.388005,1460.706,2,1,27.8,3,24.8,7.733333333
1435,o_360810998013,3064.558059,2283.332,1,0,40.66666667,3,38.66666667,3.866666667
1436,o_360810998014,3169.772059,2388.546,1,0,42.58333333,3,40.58333333,1.95
1437,o_360810998015,2796.968005,1455.286,2,1,27.7,3,24.7,7.833333333
1438,o_360810998021,3143.851059,2362.625,1,0,41.96666667,3,39.96666667,2.566666667
1439,o_360810998022,3009.311059,2228.085,1,0,39.73333333,3,37.73333333,2.3
1440,o_360810998023,3312.231002,2641.39,1,0,46.3,3,44.8,4.233333333
1441,o_360810999001,8977.208973,1162.88,2,1,54.43333333,3,19.58333333,8.2
1442,o_360811008011,3053.692002,2382.851,1,0,41.88333333,3,40.38333333,8.65
1443,o_360811008012,3135.970002,2465.129,1,0,43.36666667,3,41.86666667,7.166666667
1444,o_360811008031,2210.931002,1540.09,1,0,27.56666667,3,26.06666667,6.966666667
1445,o_360811008032,2353.764002,1682.923,1,0,30.08333333,3,28.58333333,4.45
1446,o_360811008041,2832.963005,1491.281,2,1,28.3,3,25.3,7.233333333
1447,o_360811008042,3119.543059,2338.317,1,0,41.58333333,3,39.58333333,2.95
1448,o_360811010021,3243.978002,2573.137,1,0,45.21666667,3,43.71666667,5.316666667
1449,o_360811010022,3653.616002,2982.775,1,0,52.1,3,50.6,9.433333333
1450,o_360811010031,2427.359002,1756.518,1,0,31.35,3,29.85,3.183333333
1451,o_360811010032,2816.491002,2145.65,1,0,37.88333333,3,36.38333333,12.65
1452,o_360811010033,3145.918059,2364.692,1,0,42,3,40,2.533333333
1453,o_360811010041,3059.248002,2388.407,1,0,41.98333333,3,40.48333333,8.55
1454,o_360811010042,2862.976002,2192.135,1,0,38.7,3,37.2,11.83333333
1455,o_360811010043,3151.616002,2480.775,1,0,43.55,3,42.05,6.983333333
1456,o_360811010044,3462.532002,2791.691,1,0,48.78333333,3,47.28333333,1.75
1457,o_360811010045,3480.524002,2809.683,1,0,49.15,3,47.65,1.383333333
1458,o_360811017001,6509.923794,1094.448,2,1,41.23333333,3,18.56666667,6.4
1459,o_360811017002,5980.102711,604.197,2,1,32.9,3,10.3,4.733333333
1460,o_360811017003,6734.027477,1086.069,2,1,42.3,3,18.46666667,5.333333333
1461,o_360811017004,6989.027943,1064.308,2,1,43.03333333,3,18.05,4.6
1462,o_360811017005,6452.234684,409.177,2,1,32.35,3,6.966666667,5.283333333
1463,o_360811017006,7533.169696,875.986,2,1,43,3,14.96666667,4.633333333
1464,o_360811017007,7357.61245,1042.502,2,1,44.21666667,3,17.6,3.416666667
1465,o_360811029001,4233.21269,1515.133,1,0,36.9,3,25.66666667,1.783333333
1466,o_360811029002,7202.36145,887.251,2,1,41.71666667,3,15.1,5.916666667
1467,o_360811032011,2473.725002,1802.884,1,0,32.06666667,3,30.56666667,2.466666667
1468,o_360811032012,2237.541002,1566.7,1,0,28.13333333,3,26.63333333,6.4
1469,o_360811032013,2534.244002,1863.403,1,0,33.25,3,31.75,1.283333333
1470,o_360811032021,2605.564002,1934.723,1,0,34.3,3,32.8,16.23333333
1471,o_360811032022,3081.556002,2410.715,1,0,42.45,3,40.95,8.083333333
1472,o_360811032023,2805.023002,2134.182,1,0,37.66666667,3,36.16666667,12.86666667
1473,o_360811032024,2459.589002,1788.748,1,0,31.81666667,3,30.31666667,2.716666667
1474,o_360811033001,3577.699583,1510.741,1,0,34.08333333,3,25.53333333,4.6
1475,o_360811033002,3612.511928,1211.487,1,0,30.36666667,3,20.43333333,1.75
1476,o_360811033003,3564.542551,2178.673,1,0,42.5,3,36.76666667,4.616666667
1477,o_360811033004,3053.716233,1427.23,1,0,30.91666667,3,24.16666667,1.2
1478,o_360811039001,4806.892189,1717.99,1,0,44.83333333,3,28.91666667,2.566666667
1479,o_360811039002,3493.073928,1092.049,1,0,28.36666667,3,18.43333333,3.75
1480,o_360811039003,4182.361047,1067.61,1,0,30.91666667,3,18.05,1.2
1481,o_360811039004,5143.284152,1526.47,1,0,44.28333333,3,25.7,3.116666667
1482,o_360811047001,3034.492233,1408.006,1,0,30.58333333,3,23.83333333,1.533333333
1483,o_360811047002,2530.044206,1584.174,1,0,30.7,3,26.76666667,1.416666667
1484,o_360811047003,2547.664064,2207.323,1,0,38.96666667,3,37.31666667,3.783333333
1485,o_360811047004,3765.983693,355.481,2,1,24.95,3,6.016666667,3.733333333
1486,o_360811047005,3143.604111,2791.438,1,0,48.3,3,47.16666667,3.05
1487,o_360811059001,4991.40628,834.24,2,1,30.18333333,3,14.13333333,8.5
1488,o_360811059002,2680.363551,1294.494,1,0,27.63333333,3,21.9,4.483333333
1489,o_360811059003,4970.52828,813.362,2,1,29.76666667,3,13.71666667,8.916666667
1490,o_360811059004,6373.482477,725.524,2,1,36.1,3,12.26666667,4.966666667
1491,o_360811072011,8271.042675,1968.846,1,0,46.41666667,3,33.41666667,6.05
1492,o_360811072021,8974.563675,2672.367,1,0,57.96666667,3,44.96666667,9
1493,o_360811085001,5605.313193,1759.258,2,1,45.73333333,3,29.95,6.616666667
1494,o_360811085002,5382.739064,1948.437,2,1,46.88333333,3,33.15,5.466666667
1495,o_360811085003,5667.239963,2825.947,2,1,58.65,3,47.9,3.7
1496,o_360811093001,7197.479777,3017.231,1,0,69.53333333,3,50.81666667,3.983333333
1497,o_360811093002,6450.012269,2016.658,1,0,54.31666667,3,33.91666667,4.2
1498,o_360811093003,6662.470222,438.428,2,1,34.53333333,3,7.366666667,5.533333333
1499,o_360811097001,6608.620222,384.578,2,1,33.75,3,6.583333333,6.316666667
1500,o_360811097002,6044.97884,1665.175,2,1,44.06666667,3,28.41666667,2.283333333
1501,o_360811097003,6268.791069,2190.229,1,0,55.45,3,37.01666667,3.066666667
1502,o_360811099001,5306.276064,1871.974,2,1,45.58333333,3,31.85,6.766666667
1503,o_360811099002,4802.543755,2217.39,2,1,47.18333333,3,37.7,5.166666667
1504,o_360811099003,5028.816963,2187.524,2,1,47.9,3,37.15,4.45
1505,o_360811113001,6450.526129,1922.018,1,0,47.23333333,3,32.46666667,2.833333333
1506,o_360811113002,5982.678126,747.722,2,1,31.71666667,3,12.73333333,3.35
1507,o_360811113003,5753.999672,2106.76,1,0,52.93333333,3,35.61666667,1.583333333
1508,o_360811123001,5735.200338,1558.371,2,1,41.18333333,3,26.55,5.166666667
1509,o_360811123002,5237.332838,1527.329,0,0,32.8,6.25,25.8,5.416666667
1510,o_360811129001,5994.848126,759.892,2,1,31.81666667,3,12.83333333,3.25
1511,o_360811129002,4978.107621,2329.567,1,0,50.43333333,3,39.31666667,4.083333333
1512,o_360811129003,5375.873838,1665.87,0,0,35.13333333,6.25,28.13333333,3.083333333
1513,o_360811133001,4762.739755,2177.586,2,1,46.5,3,37.01666667,5.85
1514,o_360811133002,4133.224171,2463.294,1,0,47.75,3,41.8,3.6
1515,o_360811139001,6176.247932,1099.61,1,0,30.28333333,9.25,18.6,3.4
1516,o_360811139002,4796.437085,576.061,2,1,26.63333333,3,9.783333333,4.433333333
1517,o_360811139003,3187.712909,2118.068,1,0,40.15,3,35.65,2.366666667
1518,o_360811141001,5690.050193,1843.995,2,1,47.33333333,3,31.55,5.016666667
1519,o_360811141002,5488.412064,2054.11,2,1,48.6,3,34.86666667,3.75
1520,o_360811147001,5398.137551,834.418,2,1,31.48333333,3,14.13333333,7.2
1521,o_360811147002,2750.155787,1692.029,1,0,32.88333333,3,28.53333333,2.183333333
1522,o_360811151001,2632.363709,1828.055,1,0,35.95,3,30.81666667,3.5
1523,o_360811155001,2592.451064,1785.474,1,0,34.43333333,3,30.23333333,1.05
1524,o_360811155002,2291.355966,1901.223,1,0,34.15,3,32.16666667,2.5
1525,o_360811157001,2258.777107,1757.694,1,0,32.35,3,29.75,3.133333333
1526,o_360811157002,2304.316966,1914.184,1,0,34.35,3,32.36666667,2.3
1527,o_360811157003,2110.170966,1720.038,1,0,31.13333333,3,29.15,5.516666667
1528,o_360811159001,2508.075206,1562.205,1,0,30.3,3,26.36666667,1.816666667
1529,o_360811159002,2249.849024,1939.622,1,0,34.35,3,32.78333333,2.1
1530,o_360811159003,2049.831064,1709.49,1,0,30.53333333,3,28.88333333,2.216666667
1531,o_360811161001,2726.218524,1380.601,2,1,29.3,3,23.26666667,3.816666667
1532,o_360811161002,2495.83046,1490.554,2,1,29.53333333,3,25.15,3.583333333
1533,o_360811163011,1991.991064,1651.65,1,0,29.61666667,3,27.96666667,3.133333333
1534,o_360811163012,1943.017064,1602.676,1,0,28.73333333,3,27.08333333,4.016666667
1535,o_360811163013,1791.232064,1450.891,1,0,26.2,3,24.55,6.55
1536,o_360811163021,1574.433764,1273.496,1,0,22.88333333,3,21.36666667,5.266666667
1537,o_360811163022,2065.509064,1725.168,1,0,30.83333333,3,29.18333333,1.916666667
1538,o_360811167001,1556.544709,752.236,1,0,17.13333333,3,12.7,5.05
1539,o_360811171001,2415.022064,1608.045,1,0,31.55,3,27.35,3.933333333
1540,o_360811171002,2601.343945,2143.941,1,0,38.11666667,3,36.25,4.55
1541,o_360811171003,2228.099121,746.554,1,0,20.76666667,3,12.6,1.416666667
1542,o_360811175001,2736.415787,1678.289,1,0,32.75,3,28.4,2.316666667
1543,o_360811175002,2454.359787,1396.233,1,0,27.98333333,3,23.63333333,2.083333333
1544,o_360811175003,3223.195871,1186.451,1,0,28.31666667,3,19.96666667,1.75
1545,o_360811175004,2957.987871,921.243,1,0,23.83333333,3,15.48333333,1.233333333
1546,o_360811175005,2935.136871,898.392,1,0,23.48333333,3,15.13333333,1.583333333
1547,o_360811181001,3448.675171,1778.745,1,0,36.15,3,30.2,5.2
1548,o_360811181002,3014.118084,2035.5,1,0,38.48333333,3,34.48333333,2.866666667
1549,o_360811185001,1877.968787,819.842,1,0,18.2,3,13.85,1.866666667
1550,o_360811185002,2177.695787,1119.569,1,0,23.25,3,18.9,1.816666667
1551,o_360811187001,1737.136709,932.828,1,0,20.13333333,3,15.7,2.05
1552,o_360811187002,2324.874966,1934.742,1,0,34.66666667,3,32.68333333,1.983333333
1553,o_360811189001,2689.736988,584.541,2,1,18.26666667,3,9.85,5.416666667
1554,o_360811189002,2665.200043,1567.476,1,0,30.91666667,3,26.41666667,1.966666667
1555,o_360811191001,1835.653787,777.527,1,0,17.48333333,3,13.13333333,2.583333333
1556,o_360811191002,3423.778452,2297.784,1,0,43.1,3,38.73333333,1.183333333
1557,o_360811193001,2772.606084,1793.988,1,0,34.45,3,30.45,1.9
1558,o_360811193002,2788.567945,2331.165,1,0,41.25,3,39.38333333,1.416666667
1559,o_360811195001,3239.928807,2740.397,1,0,48.35,3,46.3,3.183333333
1560,o_360811199001,3648.623452,2522.629,1,0,46.98333333,3,42.61666667,2.3
1561,o_360811201001,1488.015591,1252.608,1,0,22.55,3,21.16666667,3.433333333
1562,o_360811203001,1846.329973,1273.633,1,0,24.88333333,3,21.53333333,1.1
1563,o_360811203002,1531.263591,1295.856,1,0,23.33333333,3,21.95,2.65
1564,o_360811205001,1253.380591,1017.973,1,0,18.58333333,3,17.2,3.7
1565,o_360811205002,1505.05834,1218.873,1,0,22.2,3,20.55,4.633333333
1566,o_360811207011,1497.837787,439.711,1,0,11.81666667,3,7.466666667,1.55
1567,o_360811207012,2091.887787,1033.761,1,0,21.78333333,3,17.43333333,1.583333333
1568,o_360811207021,1735.293787,677.167,1,0,15.81666667,3,11.46666667,2.55
1569,o_360811211001,2192.458787,1134.332,1,0,23.51666667,3,19.16666667,4.85
1570,o_360811215001,4073.224302,1462.17,1,0,37.48333333,3,24.6,4.8
1571,o_360811215002,2223.732882,639.201,2,1,17.03333333,3,10.8,6.9
1572,o_360811215003,1959.084756,1377.845,1,0,25.51666667,3,23.45,2.516666667
1573,o_360811223001,3728.99643,1182.709,2,1,29.7,3,20,7.15
1574,o_360811223002,3095.224245,1397.044,2,1,29.73333333,3,23.6,7.116666667
1575,o_360811223003,2959.04091,1604.011,2,1,33.05,3,27.06666667,4.5
1576,o_360811227021,1960.839281,1550.994,1,0,28.66666667,3,26.55,4.016666667
1577,o_360811227022,2377.262281,1967.417,1,0,35.28333333,3,33.53333333,6.466666667
1578,o_360811227023,2548.911281,2139.066,1,0,38.23333333,3,36.48333333,3.516666667
1579,o_360811227024,2092.762964,756.161,2,1,18.21666667,3,12.86666667,5.716666667
1580,o_360811227025,1996.673964,660.072,2,1,16.56666667,3,11.21666667,7.366666667
1581,o_360811227031,3106.069849,1427.999,1,0,33.9,3,24.05,1.383333333
1582,o_360811227032,2719.367281,2309.522,1,0,41.4,3,39.28333333,1.283333333
1583,o_360811227033,2996.074281,2586.229,1,0,46,3,43.88333333,5.683333333
1584,o_360811227034,2816.705442,1978.307,2,1,36.68333333,3,33.51666667,6.066666667
1585,o_360811227035,2795.084166,2366.531,1,0,41.55,3,40.13333333,4.15
1586,o_360811227041,2039.428281,1629.583,1,0,29.73333333,3,27.61666667,2.95
1587,o_360811227042,2364.920281,1955.075,1,0,34.96666667,3,33.21666667,6.783333333
1588,o_360811227043,2243.165442,1404.767,2,1,27.43333333,3,23.9,6.25
1589,o_360811241001,2323.752924,1850.714,1,0,33.45,3,31.28333333,3.1
1590,o_360811241002,1171.679465,828.561,1,0,15.9,3,14.05,1.65
1591,o_360811241003,1685.386442,846.988,2,1,18.06666667,3,14.36666667,6.066666667
1592,o_360811247001,2212.736254,1095.883,1,0,22.26666667,3,18.56666667,3.583333333
1593,o_360811247002,2505.464245,807.284,2,1,19.85,3,13.71666667,7
1594,o_360811247003,1486.946924,1013.908,1,0,19.3,3,17.13333333,2.25
1595,o_360811257001,1725.899281,1316.054,1,0,24.48333333,3,22.36666667,8.2
1596,o_360811257002,1531.442281,1121.597,1,0,21.26666667,3,18.98333333,1.866666667
1597,o_360811257003,1277.126281,867.281,1,0,16.95,3,14.66666667,6.183333333
1598,o_360811265001,1658.894442,820.496,2,1,17.61666667,3,13.91666667,6.516666667
1599,o_360811265002,1209.828281,799.983,1,0,15.91666667,3,13.63333333,7.216666667
1600,o_360811267001,2335.780254,1218.927,1,0,24.41666667,3,20.71666667,1.433333333
1601,o_360811267002,1518.696281,1108.851,1,0,20.98333333,3,18.7,2.15
1602,o_360811267003,1848.323281,1438.478,1,0,26.51666667,3,24.4,6.166666667
1603,o_360811277001,2413.594924,1940.556,1,0,34.95,3,32.78333333,1.6
1604,o_360811277002,2365.899254,1249.046,1,0,24.8,3,21.1,1.05
1605,o_360811277003,3013.274202,1676.182,1,0,34.08333333,3,28.45,2.466666667
1606,o_360811277004,3261.631265,822.171,2,1,22.46666667,3,13.96666667,3.383333333
1607,o_360811283001,4162.800738,1347.545,1,0,32.28333333,3,22.7,3.566666667
1608,o_360811291021,4793.854351,1121.891,1,0,31.5,3,18.95,4.35
1609,o_360811291022,5412.44694,1453.017,1,0,37.98333333,3,24.43333333,1.866666667
1610,o_360811291023,4894.243351,1222.28,1,0,33.23333333,3,20.68333333,2.616666667
1611,o_360811291024,5041.530948,1230.557,1,0,36.76666667,3,20.81666667,1.833333333
1612,o_360811291031,5210.145385,1538.182,1,0,38.48333333,3,25.93333333,1.366666667
1613,o_360811291032,5096.626385,1424.663,1,0,36.61666667,3,24.06666667,3.233333333
1614,o_360811291033,4638.816351,966.853,1,0,28.91666667,3,16.36666667,6.933333333
1615,o_360811291041,4730.325843,2635.281,1,0,52.73333333,3,44.4,1.6
1616,o_360811291042,4896.212948,1085.239,1,0,34.28333333,3,18.33333333,4.316666667
1617,o_360811291043,5331.849101,2445.671,1,0,52.7,3,41.23333333,1.633333333
1618,o_360811291044,5369.978639,1170.486,1,0,37.25,3,19.75,1.35
1619,o_360811291045,6010.976814,1927.174,2,1,48.23333333,3,32.48333333,4.466666667
1620,o_360811301001,4362.15369,1342.313,1,0,35.5,3,22.68333333,3.1
1621,o_360811301002,4685.627843,2590.583,1,0,52.05,3,43.71666667,2.283333333
1622,o_360811301003,4487.35869,1467.518,1,0,37.56666667,3,24.75,1.033333333
1623,o_360811301004,4856.716173,2318.524,1,0,48.9,3,39.13333333,2.8
1624,o_360811333001,3690.782738,875.527,1,0,24.4,3,14.81666667,1.45
1625,o_360811333002,2982.355761,889.664,1,0,22.15,3,15.06666667,3.7
1626,o_360811333003,2983.138761,890.447,1,0,22.16666667,3,15.08333333,3.683333333
1627,o_360811333004,3238.872479,822.822,1,0,22.16666667,3,13.96666667,3.683333333
1628,o_360811339001,2117.138254,1000.285,1,0,20.65,3,16.95,5.2
1629,o_360811341001,4291.11374,1359.094,1,0,34.55,3,23,2
1630,o_360811341002,2622.77888,1849.075,1,0,34.81666667,3,31.26666667,1.733333333
1631,o_360811341003,2926.51091,1571.481,2,1,32.55,3,26.56666667,5
1632,o_360811347011,3616.035209,1401.896,1,0,32.73333333,3,23.86666667,3.816666667
1633,o_360811347012,4010.600774,1380.536,1,0,33.78333333,3,23.36666667,2.766666667
1634,o_360811347013,3676.104209,1461.965,1,0,33.63333333,3,24.76666667,2.916666667
1635,o_360811347021,3977.510479,1561.46,1,0,34.53333333,3,26.33333333,1.316666667
1636,o_360811347022,4181.896659,2432.354,1,0,48.18333333,3,41.01666667,3.366666667
1637,o_360811347023,5153.55753,1043.125,2,1,33.35,3,17.65,7.5
1638,o_360811367001,5407.146172,1588.489,2,1,41.03333333,3,26.78333333,11.51666667
1639,o_360811367002,5445.25179,1047.947,3,2,33.23333333,3,17.76666667,8.616666667
1640,o_360811367003,6030.828934,1478.448,2,1,43.33333333,3,24.96666667,12.63333333
1641,o_360811367004,6334.211934,1116.621,2,1,40.01666667,3,18.81666667,8
1642,o_360811367005,6538.406934,1320.816,2,1,43.45,3,22.25,4.566666667
1643,o_360811367006,6746.577628,1202.31,2,1,42.61666667,3,20.25,5.4
1644,o_360811377001,6686.337628,1142.07,2,1,41.7,3,19.33333333,6.316666667
1645,o_360811377002,6779.028628,1234.761,2,1,43.25,3,20.88333333,4.766666667
1646,o_360811377003,5360.879422,3449.019,1,0,65.18333333,3,58.1,3.15
1647,o_360811377004,6360.020934,1142.43,2,1,40.43333333,3,19.23333333,7.583333333
1648,o_360811385011,7554.166068,2314.856,2,1,59.18333333,3,39.06666667,8.566666667
1649,o_360811385012,7142.10749,2108.26,2,1,54.86666667,3,35.5,12.88333333
1650,o_360811385013,7055.751338,1097.108,2,1,42.43333333,3,18.56666667,5.583333333
1651,o_360811385014,7385.39649,2351.549,2,1,58.91666667,3,39.55,8.833333333
1652,o_360811385021,5832.71869,2812.878,1,0,59.63333333,3,47.46666667,1.383333333
1653,o_360811399001,6147.497054,2368.82,1,0,54.85,3,40.03333333,5.116666667
1654,o_360811399002,5276.553397,1253.122,1,0,33.16666667,3,21.43333333,4.9
1655,o_360811403001,4637.392374,1829.702,1,0,39.85,3,31.01666667,3.216666667
1656,o_360811403002,4360.332629,1939.297,1,0,40.83333333,3,32.91666667,2.233333333
1657,o_360811409011,4343.766629,1922.731,1,0,40.55,3,32.63333333,2.516666667
1658,o_360811409021,3320.310243,2077.563,1,0,39.98333333,3,35.23333333,3.083333333
1659,o_360811409022,3435.384243,2192.637,1,0,41.93333333,3,37.18333333,1.133333333
1660,o_360811417001,2630.776084,1652.158,1,0,32.26666667,3,28.26666667,5.8
1661,o_360811417002,2641.568084,1662.95,1,0,32.28333333,3,28.28333333,5.783333333
1662,o_360811417003,3211.855406,1321.378,2,1,29.16666667,3,22.55,9.9
1663,o_360811417004,3519.577193,570.973,2,1,20.65,3,9.683333333,7.133333333
1664,o_360811417005,3346.33443,800.047,2,1,23.26666667,3,13.56666667,7
1665,o_360811429001,2555.070084,1576.452,1,0,30.86666667,3,26.86666667,2.2
1666,o_360811429002,2825.988171,1156.058,1,0,25.66666667,3,19.71666667,2.4
1667,o_360811429003,3139.981243,1897.234,1,0,36.98333333,3,32.23333333,1.083333333
1668,o_360811429004,2837.453084,1858.835,1,0,35.65,3,31.65,2.416666667
1669,o_360811435001,4091.175374,1283.485,1,0,30.68333333,3,21.85,2.383333333
1670,o_360811435002,4192.787374,1385.097,1,0,32.38333333,3,23.55,5.683333333
1671,o_360811441001,4722.065206,1506.825,1,0,35.43333333,3,25.63333333,2.633333333
1672,o_360811441002,4471.241206,1256.001,1,0,31.23333333,3,21.43333333,1.833333333
1673,o_360811441003,4651.643342,1181.262,1,0,30.58333333,3,20.16666667,2.483333333
1674,o_360811441004,4795.505206,1580.265,1,0,36.66666667,3,26.86666667,1.4
1675,o_360811447001,4257.274374,1449.584,1,0,33.5,3,24.66666667,4.566666667
1676,o_360811447002,4012.988374,1205.298,1,0,29.36666667,3,20.53333333,3.7
1677,o_360811451011,3022.481171,1352.551,1,0,28.95,3,23,4.116666667
1678,o_360811451021,3749.370629,1328.335,1,0,30.55,3,22.63333333,2.516666667
1679,o_360811451022,3582.486358,486.392,1,0,19.61666667,3,8.266666667,2.166666667
1680,o_360811459001,2486.686084,1508.068,1,0,29.61666667,3,25.61666667,3.45
1681,o_360811459002,2214.762084,1236.144,1,0,25.1,3,21.1,2.966666667
1682,o_360811459003,2162.428084,1183.81,1,0,24.26666667,3,20.26666667,3.8
1683,o_360811463001,3836.337065,1679.598,1,0,37.36666667,3,28.31666667,1.866666667
1684,o_360811463002,3941.690358,845.596,1,0,25.7,3,14.35,1.083333333
1685,o_360811467001,5105.076838,1395.073,0,0,30.63333333,6.25,23.63333333,4.3
1686,o_360811467002,4655.152374,1847.462,1,0,40.26666667,3,31.43333333,2.8
1687,o_360811467003,4364.854629,1943.819,1,0,41,3,33.08333333,2.066666667
1688,o_360811471001,5678.73314,280.901,3,2,23.83333333,3,4.766666667,8.95
1689,o_360811471002,5061.798206,1846.558,1,0,41.11666667,3,31.31666667,1.95
1690,o_360811479001,4712.997999,4326.028,1,0,74.63333333,3,73.06666667,9.583333333
1691,o_360811479002,5496.759691,3988.252,1,0,73.68333333,3,67.51666667,1.416666667
1692,o_360811479003,4962.002999,4575.033,1,0,78.83333333,3,77.26666667,5.383333333
1693,o_360811483001,5845.898153,3577.191,1,0,69.93333333,3,60.4,5.166666667
1694,o_360811483002,6037.620153,3768.913,1,0,73.28333333,3,63.75,1.816666667
1695,o_360811483003,6143.167186,3502.303,1,0,70.38333333,3,59.2,4.716666667
1696,o_360811483004,5870.823153,3602.116,1,0,70.38333333,3,60.85,4.716666667
1697,o_360811507011,4240.36749,3711.975,1,0,64.53333333,3,62.58333333,3.083333333
1698,o_360811507012,4161.257956,3733.541,1,0,64.63333333,3,62.85,10.46666667
1699,o_360811507013,4466.069956,4038.353,1,0,69.7,3,67.91666667,5.45
1700,o_360811507021,4300.941956,3873.225,1,0,66.95,3,65.16666667,8.2
1701,o_360811507022,4046.24549,3517.853,1,0,61.28333333,3,59.33333333,6.383333333
1702,o_360811507023,3380.529325,2263.025,1,0,42.83333333,3,38.26666667,2.316666667
1703,o_360811507024,4150.81137,3847.994,1,0,66.21666667,3,65,14.68333333
1704,o_360811529011,4116.409664,2185.167,1,0,45.26666667,3,36.78333333,1.8
1705,o_360811529012,5591.56669,2571.726,1,0,55.46666667,3,43.3,5.6
1706,o_360811529013,3217.781899,2930.157,1,0,50.18333333,3,49.33333333,6.183333333
1707,o_360811529021,2268.838956,1841.122,1,0,32.85,3,31.06666667,12.3
1708,o_360811529022,2738.477956,2310.761,1,0,40.8,3,39.01666667,4.35
1709,o_360811529023,2904.131956,2476.415,1,0,43.56666667,3,41.78333333,1.583333333
1710,o_360811529024,2520.659956,2092.943,1,0,37.1,3,35.31666667,8.05
1711,o_360811551011,2092.391868,1864.983,1,0,32.35,3,31.4,3.083333333
1712,o_360811551031,2780.389956,2352.673,1,0,41.46666667,3,39.68333333,3.683333333
1713,o_360811551032,2198.986899,1911.362,1,0,33.08333333,3,32.23333333,8.283333333
1714,o_360811551033,1668.762624,1447.576,1,0,25.06666667,3,24.43333333,1.516666667
1715,o_360811551034,2017.949319,1765.751,1,0,31.03333333,3,29.81666667,1.033333333
1716,o_360811551041,1874.406319,1622.208,1,0,28.56666667,3,27.35,3.5
1717,o_360811551042,1006.303868,778.895,1,0,14.11666667,3,13.16666667,1.316666667
1718,o_360811567001,3282.2023,913.647,1,0,25.66666667,3,15.45,6.4
1719,o_360811571011,2681.430427,1416.619,1,0,29.83333333,3,24,2.233333333
1720,o_360811571012,2541.428427,1276.617,1,0,27.43333333,3,21.6,4.633333333
1721,o_360811571013,3181.868664,1250.626,1,0,29.56666667,3,21.08333333,2.5
1722,o_360811571014,2759.758007,1153.848,1,0,26.68333333,3,19.5,5.383333333
1723,o_360811571015,2988.551007,1382.641,1,0,30.48333333,3,23.3,1.583333333
1724,o_360811571016,3713.730797,2326.894,1,0,44.88333333,3,39.16666667,1.883333333
1725,o_360811571017,3756.223797,2369.387,1,0,45.63333333,3,39.91666667,1.133333333
1726,o_360811571018,3715.736007,2109.826,1,0,42.63333333,3,35.45,4.433333333
1727,o_360811571021,4159.8293,1791.274,1,0,40.36666667,3,30.15,6.7
1728,o_360811571022,3585.2323,1216.677,1,0,30.7,3,20.48333333,1.366666667
1729,o_360811579011,1338.676319,1086.478,1,0,19.56666667,3,18.35,12.5
1730,o_360811579012,1637.868319,1385.67,1,0,24.56666667,3,23.35,7.5
1731,o_360811579013,1818.023319,1565.825,1,0,27.56666667,3,26.35,4.5
1732,o_360811579014,2830.932238,2591.582,1,0,44.61666667,3,43.61666667,2.15
1733,o_360811579015,2855.229007,2529.722,1,0,43.8,3,42.56666667,1.15
1734,o_360811579016,1630.569015,1295.509,1,0,23.2,3,21.83333333,3.05
1735,o_360811579021,1849.643319,1597.445,1,0,28.15,3,26.93333333,3.916666667
1736,o_360811579022,2072.427307,1401.04,1,0,26.9,3,23.65,5.166666667
1737,o_360811579023,2280.805307,1609.418,1,0,30.36666667,3,27.11666667,1.7
1738,o_360811579024,2754.313427,1489.502,1,0,30.9,3,25.06666667,1.166666667
1739,o_360811579025,2995.703862,2512.573,1,0,44.33333333,3,42.33333333,2.433333333
1740,o_360811579031,2883.408907,2641.77,1,0,45.25,3,44.33333333,3.083333333
1741,o_360811579032,3016.545862,2533.415,1,0,44.68333333,3,42.68333333,2.083333333
1742,o_360811579033,3319.350488,2389.973,1,0,44.6,3,40.1,2.466666667
1743,o_360811579034,3913.884056,3033.235,1,0,54.66666667,3,51.03333333,1.1
1744,o_360811617001,4725.313797,3338.477,1,0,62.06666667,3,56.35,2.7
1745,o_360811617002,3806.925007,2201.015,1,0,44.16666667,3,36.98333333,2.9
1746,o_360811617003,3866.334007,2260.424,1,0,45.18333333,3,38,1.883333333
1747,o_360811617004,4506.052491,3410.61,1,0,61.88333333,3,57.36666667,2.883333333
1748,o_360811621001,5337.848168,3228.803,1,0,63,3,54.31666667,1.766666667
1749,o_360811621002,5237.47913,1857.437,1,0,45.6,3,31.36666667,1.466666667
1750,o_360811621003,5539.373552,2944.256,1,0,60.21666667,3,49.53333333,4.55
1751,o_360811621004,4848.193926,3108.483,1,0,59.56666667,3,52.4,5.2
1752,o_360811621005,5246.3173,2877.762,1,0,58.28333333,3,48.5,2.783333333